2025-11-03 10:52:54,456 : INFO : root : Loading config.
2025-11-03 10:52:54,461 : INFO : YamlMultifileConfigLoader : Machine config file #1: config.yaml
2025-11-03 10:52:54,462 : INFO : ConfigProcessor : Loading config from cache: C:\Users\sdona\AppData\Local\Temp\19f6d0d7953982fda9d956182316b8e5.mpf_cache
2025-11-03 10:52:54,581 : INFO : ConfigProcessor : Loading config from cache: C:\Users\sdona\AppData\Local\Temp\835b5bfea4be8b279a05e96caaaffbbb.mpf_cache
2025-11-03 10:52:54,582 : INFO : ConfigProcessor : Loading config from cache: C:\Users\sdona\AppData\Local\Temp\9b0a7575388f9d9bd2f6ab87bf9fd2f7.mpf_cache
2025-11-03 10:52:54,583 : INFO : ConfigProcessor : Loading config from cache: C:\Users\sdona\AppData\Local\Temp\c340ec0033d1055cd797ffd5447ef414.mpf_cache
2025-11-03 10:52:54,585 : INFO : ConfigProcessor : Loading config from cache: C:\Users\sdona\AppData\Local\Temp\835b5bfea4be8b279a05e96caaaffbbb.mpf_cache
2025-11-03 10:52:54,586 : INFO : ConfigProcessor : Loading config from cache: C:\Users\sdona\AppData\Local\Temp\8c11a28e3c38d4ad47947b6a126f2ee9.mpf_cache
2025-11-03 10:52:54,587 : INFO : ConfigProcessor : Loading config from cache: C:\Users\sdona\AppData\Local\Temp\e391083cdc9e667060411fe5838e93f2.mpf_cache
2025-11-03 10:52:54,588 : WARNING : ConfigProcessor : Config file in cache changed: C:\venv\mpf\mmmdrop\modes\carousel\config\carousel.yaml
2025-11-03 10:52:54,588 : INFO : ConfigProcessor : Loading config from file C:\venv\mpf\mmmdrop\modes\carousel\config\carousel.yaml.
2025-11-03 10:52:54,590 : INFO : ConfigProcessor : Loading config: C:\venv\mpf\mmmdrop\modes\carousel\config\carousel.yaml
2025-11-03 10:52:54,593 : INFO : ConfigProcessor : Config file cache created: C:\Users\sdona\AppData\Local\Temp\f0c219a993d891ee86dcb7eae47dde67.mpf_cache
2025-11-03 10:52:54,594 : INFO : ConfigProcessor : Loading config from cache: C:\Users\sdona\AppData\Local\Temp\96aa58108928490b129531848cd9b506.mpf_cache
2025-11-03 10:52:54,594 : INFO : ConfigProcessor : Loading config from cache: C:\Users\sdona\AppData\Local\Temp\567636b9d9766e3361204e954a8382da.mpf_cache
2025-11-03 10:52:54,595 : INFO : ConfigProcessor : Loading config from cache: C:\Users\sdona\AppData\Local\Temp\d5ead8dff868c6c4b1faf37537a19bc2.mpf_cache
2025-11-03 10:52:54,596 : INFO : ConfigProcessor : Loading config from cache: C:\Users\sdona\AppData\Local\Temp\112f935d1c2002cb40d3e6e497be9e7c.mpf_cache
2025-11-03 10:52:54,597 : INFO : ConfigProcessor : Loading config from cache: C:\Users\sdona\AppData\Local\Temp\aba0711976820dea629bb4c00b006efc.mpf_cache
2025-11-03 10:52:54,598 : INFO : ConfigProcessor : Loading config from cache: C:\Users\sdona\AppData\Local\Temp\de8ed6c6d4c48d1b5b054ff74222cb35.mpf_cache
2025-11-03 10:52:54,599 : INFO : ConfigProcessor : Loading config from cache: C:\Users\sdona\AppData\Local\Temp\5db6c64b0c3bca58d6bbb0f959e933ad.mpf_cache
2025-11-03 10:52:54,600 : INFO : ConfigProcessor : Loading config from cache: C:\Users\sdona\AppData\Local\Temp\3eebd8fc985a6907aa555c0256177d6c.mpf_cache
2025-11-03 10:52:54,601 : INFO : ConfigProcessor : Loading config from cache: C:\Users\sdona\AppData\Local\Temp\7f047f20ee2604e573d0056474eb225c.mpf_cache
2025-11-03 10:52:54,601 : INFO : ConfigProcessor : Loading config from cache: C:\Users\sdona\AppData\Local\Temp\7cbf965458447bfe6339fd0c6d804285.mpf_cache
2025-11-03 10:52:54,603 : INFO : ConfigProcessor : Loading config from cache: C:\Users\sdona\AppData\Local\Temp\e6b55d6a1c06b0dd6369c964181bf8d3.mpf_cache
2025-11-03 10:52:54,604 : INFO : ConfigProcessor : Loading config from cache: C:\Users\sdona\AppData\Local\Temp\c400bf69dd848f9ec4f3356496b25a78.mpf_cache
2025-11-03 10:52:54,605 : INFO : ConfigProcessor : Loading config from cache: C:\Users\sdona\AppData\Local\Temp\b5a54abfbba58cd6005650aabe85cb35.mpf_cache
2025-11-03 10:52:54,606 : INFO : ConfigProcessor : Loading config from cache: C:\Users\sdona\AppData\Local\Temp\2eef6648f7190b215d7c16d8157b8208.mpf_cache
2025-11-03 10:52:54,607 : INFO : ConfigProcessor : Loading config from cache: C:\Users\sdona\AppData\Local\Temp\5a7ad07f75832c2fa569d8508186f943.mpf_cache
2025-11-03 10:52:54,607 : INFO : ConfigProcessor : Loading config from cache: C:\Users\sdona\AppData\Local\Temp\711653a87803a851864824c720cfa295.mpf_cache
2025-11-03 10:52:54,608 : INFO : ConfigProcessor : Loading config from cache: C:\Users\sdona\AppData\Local\Temp\b049f3bb793752455511c0ce4851dcec.mpf_cache
2025-11-03 10:52:54,608 : INFO : ConfigProcessor : Loading config from cache: C:\Users\sdona\AppData\Local\Temp\141b19e6c0168c485bbb38b6543175a8.mpf_cache
2025-11-03 10:52:54,609 : INFO : ConfigProcessor : Loading config from cache: C:\Users\sdona\AppData\Local\Temp\4e6dd3b0a361d042ad5ab93a8cc8b437.mpf_cache
2025-11-03 10:52:54,610 : INFO : ConfigProcessor : Loading config from cache: C:\Users\sdona\AppData\Local\Temp\e97c871403fe82070ff249d62d7cfe22.mpf_cache
2025-11-03 10:52:54,610 : INFO : ConfigProcessor : Loading config from cache: C:\Users\sdona\AppData\Local\Temp\64b6da5876f56fc970400d85dfe882ec.mpf_cache
2025-11-03 10:52:54,610 : INFO : ConfigProcessor : Loading config from cache: C:\Users\sdona\AppData\Local\Temp\c5a11fc9367393a964e333a780e846f7.mpf_cache
2025-11-03 10:52:54,612 : INFO : ConfigProcessor : Loading config from cache: C:\Users\sdona\AppData\Local\Temp\2816335dd466496617c9461f091e66f7.mpf_cache
2025-11-03 10:52:54,613 : INFO : ConfigProcessor : Loading config from cache: C:\Users\sdona\AppData\Local\Temp\6359f7257429add2d261e94bcafd60d5.mpf_cache
2025-11-03 10:52:54,613 : INFO : ConfigProcessor : Loading config from cache: C:\Users\sdona\AppData\Local\Temp\e1f034e230342bd5fff9d9c9df707a6d.mpf_cache
2025-11-03 10:52:54,614 : INFO : ConfigProcessor : Loading config from cache: C:\Users\sdona\AppData\Local\Temp\bed2bac5ea254e8ca98f6dd45e865fd8.mpf_cache
2025-11-03 10:52:54,615 : INFO : ConfigProcessor : Loading config from cache: C:\Users\sdona\AppData\Local\Temp\48e8797b77339ec89f8005d20046fbbb.mpf_cache
2025-11-03 10:52:54,615 : INFO : ConfigProcessor : Loading config from cache: C:\Users\sdona\AppData\Local\Temp\b0b8ed4dbd306ac2f063788d81ec6bc4.mpf_cache
2025-11-03 10:52:54,615 : INFO : ConfigProcessor : Loading config from cache: C:\Users\sdona\AppData\Local\Temp\98b42cbd2eba7845afea8d7862634639.mpf_cache
2025-11-03 10:52:54,616 : INFO : ConfigProcessor : Loading config from cache: C:\Users\sdona\AppData\Local\Temp\44893055a228bb5e0381bfc6f9c0abd7.mpf_cache
2025-11-03 10:52:54,616 : INFO : ConfigProcessor : Loading config from cache: C:\Users\sdona\AppData\Local\Temp\2042660f443afc84f0703d0905ba54ee.mpf_cache
2025-11-03 10:52:54,617 : INFO : ConfigProcessor : Loading config from cache: C:\Users\sdona\AppData\Local\Temp\e134e8f85ba8fa9c3d7f1500ca292437.mpf_cache
2025-11-03 10:52:54,617 : INFO : ConfigProcessor : Loading config from cache: C:\Users\sdona\AppData\Local\Temp\b24b6909ee6e0520126bbce60d1ed210.mpf_cache
2025-11-03 10:52:54,618 : INFO : ConfigProcessor : Loading config from cache: C:\Users\sdona\AppData\Local\Temp\cba807ea4a81180f6dd01afffacec8ed.mpf_cache
2025-11-03 10:52:54,619 : INFO : ConfigProcessor : Loading config from cache: C:\Users\sdona\AppData\Local\Temp\53e749a0c04d997040a6edc556572299.mpf_cache
2025-11-03 10:52:54,619 : INFO : ConfigProcessor : Loading config from cache: C:\Users\sdona\AppData\Local\Temp\f4dd4d2b5212b72c6e9e67ac9e704e63.mpf_cache
2025-11-03 10:52:54,620 : INFO : ConfigProcessor : Loading config from cache: C:\Users\sdona\AppData\Local\Temp\b47d9bb1214e11383bf30352af24a7d5.mpf_cache
2025-11-03 10:52:54,620 : INFO : ConfigProcessor : Loading config from cache: C:\Users\sdona\AppData\Local\Temp\23d7d59c131357e53b11dbd4a18e6a94.mpf_cache
2025-11-03 10:52:54,622 : INFO : ConfigProcessor : Loading config from cache: C:\Users\sdona\AppData\Local\Temp\4233704904419fdd214152084a83fec1.mpf_cache
2025-11-03 10:52:54,622 : INFO : ConfigProcessor : Loading config from cache: C:\Users\sdona\AppData\Local\Temp\989ee664052248e9552213e43037a565.mpf_cache
2025-11-03 10:52:54,623 : INFO : ConfigProcessor : Loading config from cache: C:\Users\sdona\AppData\Local\Temp\428bc1fa3c6dcaec1d63d9276cdb6405.mpf_cache
2025-11-03 10:52:54,624 : INFO : ConfigProcessor : Loading config from cache: C:\Users\sdona\AppData\Local\Temp\f071e720e1ef2a753ced60502153911a.mpf_cache
2025-11-03 10:52:54,625 : INFO : ConfigProcessor : Loading config from cache: C:\Users\sdona\AppData\Local\Temp\a464c65b0880a71dbe3e02b1f7271abd.mpf_cache
2025-11-03 10:52:54,625 : INFO : ConfigProcessor : Loading config from cache: C:\Users\sdona\AppData\Local\Temp\b4bf5fa77bdb26872f42159f572a3499.mpf_cache
2025-11-03 10:52:54,626 : INFO : ConfigProcessor : Loading config from cache: C:\Users\sdona\AppData\Local\Temp\cd6f6abb19272a94675a232f8f899ac9.mpf_cache
2025-11-03 10:52:54,627 : INFO : ConfigProcessor : Loading config from cache: C:\Users\sdona\AppData\Local\Temp\cbc61a9ec21d345237ebbced62572970.mpf_cache
2025-11-03 10:52:54,627 : INFO : ConfigProcessor : Loading config from cache: C:\Users\sdona\AppData\Local\Temp\c25e7c71bc90546538d4e68911be6658.mpf_cache
2025-11-03 10:52:54,628 : INFO : ConfigProcessor : Loading config from cache: C:\Users\sdona\AppData\Local\Temp\b7a51086f1e3c926b3977a0d025a1faa.mpf_cache
2025-11-03 10:52:54,628 : INFO : ConfigProcessor : Loading config from cache: C:\Users\sdona\AppData\Local\Temp\479eb3ca656e084fa2e092204a5b8039.mpf_cache
2025-11-03 10:52:54,629 : INFO : ConfigProcessor : Loading config from cache: C:\Users\sdona\AppData\Local\Temp\bdb81eccbf19551abd8bea5fafeca7c0.mpf_cache
2025-11-03 10:52:54,630 : INFO : ConfigProcessor : Loading config from cache: C:\Users\sdona\AppData\Local\Temp\8f065719b93e886777277178babee650.mpf_cache
2025-11-03 10:52:54,630 : INFO : ConfigProcessor : Loading config from cache: C:\Users\sdona\AppData\Local\Temp\7fef0463a0df344c3146c845257ec616.mpf_cache
2025-11-03 10:52:54,631 : INFO : ConfigProcessor : Loading config from cache: C:\Users\sdona\AppData\Local\Temp\a4f333ad36a077996c49298642b6bdcf.mpf_cache
2025-11-03 10:52:54,632 : INFO : ConfigProcessor : Loading config from cache: C:\Users\sdona\AppData\Local\Temp\e8d69d74f27089cda2650299e9916804.mpf_cache
2025-11-03 10:52:54,633 : INFO : ConfigProcessor : Loading config from cache: C:\Users\sdona\AppData\Local\Temp\05530f35bd950f18d27d3fd571d96823.mpf_cache
2025-11-03 10:52:54,634 : INFO : ConfigProcessor : Loading config from cache: C:\Users\sdona\AppData\Local\Temp\fc1e3f85304c911eb844eb65d36e61be.mpf_cache
2025-11-03 10:52:54,634 : INFO : ConfigProcessor : Loading config from cache: C:\Users\sdona\AppData\Local\Temp\53223d3922288729ee504c1b2a98bb55.mpf_cache
2025-11-03 10:52:54,635 : INFO : ConfigProcessor : Loading config from cache: C:\Users\sdona\AppData\Local\Temp\8d20136ddb274338050d1d1ccc1a5e4f.mpf_cache
2025-11-03 10:52:54,636 : INFO : ConfigProcessor : Loading config from cache: C:\Users\sdona\AppData\Local\Temp\1254d50720d6d5d0da0e84e29cdbaa7a.mpf_cache
2025-11-03 10:52:54,636 : INFO : ConfigProcessor : Loading config from cache: C:\Users\sdona\AppData\Local\Temp\1a7ae31e9f779b1261e3d1eee1831b27.mpf_cache
2025-11-03 10:52:54,637 : INFO : ConfigProcessor : Loading config from cache: C:\Users\sdona\AppData\Local\Temp\8e3ea42c38f2105e0d9462648474c540.mpf_cache
2025-11-03 10:52:54,638 : INFO : ConfigProcessor : Loading config from cache: C:\Users\sdona\AppData\Local\Temp\a61b86d39bcc5a5ea0a5885549542355.mpf_cache
2025-11-03 10:52:54,639 : INFO : ConfigProcessor : Loading config from cache: C:\Users\sdona\AppData\Local\Temp\ec387031d703ca01cd1e512f54ea45a6.mpf_cache
2025-11-03 10:52:54,639 : INFO : ConfigProcessor : Loading config from cache: C:\Users\sdona\AppData\Local\Temp\6060c5cf25a8bbaedfcd18b580aef368.mpf_cache
2025-11-03 10:52:54,640 : INFO : ConfigProcessor : Loading config from cache: C:\Users\sdona\AppData\Local\Temp\62ef5d872b70fca48f955a2e25312807.mpf_cache
2025-11-03 10:52:54,641 : INFO : ConfigProcessor : Loading config from cache: C:\Users\sdona\AppData\Local\Temp\c52aca253ccfb6abe708ff6ee9d67c14.mpf_cache
2025-11-03 10:52:54,641 : INFO : ConfigProcessor : Loading config from cache: C:\Users\sdona\AppData\Local\Temp\f4a78d1a7bce952f8a932d586083fdd8.mpf_cache
2025-11-03 10:52:54,642 : INFO : ConfigProcessor : Loading config from cache: C:\Users\sdona\AppData\Local\Temp\bb94c9c1e15d87765c90f1ffc77705c9.mpf_cache
2025-11-03 10:52:54,643 : INFO : ConfigProcessor : Loading config from cache: C:\Users\sdona\AppData\Local\Temp\9d4ee1bead7c17d1b5b361b9a86c5113.mpf_cache
2025-11-03 10:52:54,643 : INFO : ConfigProcessor : Loading config from cache: C:\Users\sdona\AppData\Local\Temp\9eeb681ca391f55fc1b328483a35afc6.mpf_cache
2025-11-03 10:52:54,644 : INFO : ConfigProcessor : Loading config from cache: C:\Users\sdona\AppData\Local\Temp\019a5133c8eb0a0be84c7200575a8bf2.mpf_cache
2025-11-03 10:52:54,645 : INFO : ConfigProcessor : Loading config from cache: C:\Users\sdona\AppData\Local\Temp\ce0801e7c3c55e24fe9cf2e243ba629e.mpf_cache
2025-11-03 10:52:54,645 : INFO : ConfigProcessor : Loading config from cache: C:\Users\sdona\AppData\Local\Temp\1ecbcaf9f778e10bebb5864384a052b1.mpf_cache
2025-11-03 10:52:54,646 : INFO : Machine : Mission Pinball Framework Core Engine v0.80.0.dev9
2025-11-03 10:52:54,646 : INFO : Machine : Command line arguments: {'no_load_cache': False, 'create_config_cache': True, 'bcp': True, 'configfile': ['config.yaml'], 'force_assets_load': False, 'platform_integration_test': False, 'jsonlogging': False, 'logfile': 'logs\\2025-11-03-10-52-54-mpf-PinballLaptop.log', 'pause': False, 'production': False, 'text_ui': True, 'loglevel': 15, 'consoleloglevel': 20, 'force_platform': 'smart_virtual', 'syslog_address': None, 'full_logfile_path': 'C:\\venv\\mpf\\mmmdrop\\logs\\2025-11-03-10-52-54-mpf-PinballLaptop.log'}
2025-11-03 10:52:54,646 : INFO : Machine : MPF path: c:\venv\mpf\lib\site-packages\mpf
2025-11-03 10:52:54,646 : INFO : Machine : Machine path: C:\venv\mpf\mmmdrop
2025-11-03 10:52:54,646 : INFO : Machine : Platform: win32
2025-11-03 10:52:54,646 : INFO : Machine : Python executable location: c:\venv\mpf\Scripts\python.exe
2025-11-03 10:52:54,646 : INFO : Machine : Python version: 3.9.13 (64-bit)
2025-11-03 10:52:54,648 : INFO : Machine : Initializing MPF...
2025-11-03 10:52:54,859 : INFO : EventManager : Event: ======'machine_var_credits_string'====== Args={'value': 'FREE PLAY', 'prev_value': None, 'change': True}
2025-11-03 10:52:54,893 : INFO : EventManager : Event: ======'machine_var_fast_audio_headphones_volume'====== Args={'value': 10, 'prev_value': None, 'change': True}
2025-11-03 10:52:54,893 : INFO : EventManager : Event: ======'machine_var_fast_audio_main_volume'====== Args={'value': 44, 'prev_value': None, 'change': True}
2025-11-03 10:52:54,893 : INFO : EventManager : Event: ======'machine_var_master_volume'====== Args={'value': 0.6, 'prev_value': None, 'change': True}
2025-11-03 10:52:54,893 : INFO : EventManager : Event: ======'machine_var_player1_score'====== Args={'value': 20034230, 'prev_value': None, 'change': True}
2025-11-03 10:52:54,893 : INFO : EventManager : Event: ======'machine_var_game_just_played'====== Args={'value': 0, 'prev_value': None, 'change': True}
2025-11-03 10:52:54,893 : INFO : EventManager : Event: ======'machine_var_mpf_version'====== Args={'value': 'Mission Pinball Framework v0.80.0.dev9', 'prev_value': None, 'change': True}
2025-11-03 10:52:54,893 : INFO : EventManager : Event: ======'machine_var_mpf_extended_version'====== Args={'value': 'Mission Pinball Framework v0.80.0.dev9, Config version:6, Show version: 6, BCP version:1.1', 'prev_value': None, 'change': True}
2025-11-03 10:52:54,894 : INFO : EventManager : Event: ======'machine_var_python_version'====== Args={'value': '3.9.13', 'prev_value': None, 'change': True}
2025-11-03 10:52:54,924 : INFO : EventManager : Event: ======'machine_var_platform'====== Args={'value': 'Windows-10-10.0.26200-SP0', 'prev_value': None, 'change': True}
2025-11-03 10:52:54,924 : INFO : EventManager : Event: ======'machine_var_platform_system'====== Args={'value': 'Windows', 'prev_value': None, 'change': True}
2025-11-03 10:52:54,924 : INFO : EventManager : Event: ======'machine_var_platform_release'====== Args={'value': '10', 'prev_value': None, 'change': True}
2025-11-03 10:52:54,924 : INFO : EventManager : Event: ======'machine_var_platform_version'====== Args={'value': '10.0.26200', 'prev_value': None, 'change': True}
2025-11-03 10:52:54,924 : INFO : EventManager : Event: ======'machine_var_platform_machine'====== Args={'value': 'AMD64', 'prev_value': None, 'change': True}
2025-11-03 10:52:54,924 : INFO : EventManager : Event: ======'machine_var_log_file_path'====== Args={'value': 'C:\\venv\\mpf\\mmmdrop\\logs\\2025-11-03-10-52-54-mpf-PinballLaptop.log', 'prev_value': None, 'change': True}
2025-11-03 10:52:54,924 : INFO : EventManager : Event: ======'init_phase_1'====== Args={}
2025-11-03 10:52:54,993 : INFO : EventManager : Event: ======'drop_target_bank_three_bank_up'====== Args={}
2025-11-03 10:52:54,994 : INFO : EventManager : Event: ======'init_phase_2'====== Args={}
2025-11-03 10:52:54,994 : INFO : SwitchController : Found active switch: ('3208-0', <Platform.SmartVirtual>) <switch.s_trough1>
2025-11-03 10:52:54,994 : INFO : SwitchController : Found active switch: ('3208-1', <Platform.SmartVirtual>) <switch.s_trough2>
2025-11-03 10:52:54,994 : INFO : SwitchController : Found active switch: ('3208-2', <Platform.SmartVirtual>) <switch.s_trough3>
2025-11-03 10:52:54,994 : INFO : SwitchController : Found active switch: ('3208-3', <Platform.SmartVirtual>) <switch.s_trough4>
2025-11-03 10:52:54,994 : INFO : SwitchController : Found active switch: ('3208-4', <Platform.SmartVirtual>) <switch.s_trough5>
2025-11-03 10:52:54,994 : INFO : SwitchController : Found active switch: ('3208-5', <Platform.SmartVirtual>) <switch.s_trough6>
2025-11-03 10:52:55,020 : INFO : EventManager : Event: ======'bcp_connection_attempt'====== Args={'name': 'local_display', 'host': 'localhost', 'port': 5050}
2025-11-03 10:52:55,022 : INFO : BCPClientSocket : Connecting BCP to 'local_display' at localhost:5050...
2025-11-03 10:53:04,447 : INFO : BCPClientSocket : Connected BCP to 'local_display' localhost:5050
2025-11-03 10:53:04,452 : INFO : EventManager : Event: ======'bcp_clients_connected'====== Args={}
2025-11-03 10:53:04,571 : INFO : ball_device.bd_trough : BCH: Initial count: 6
2025-11-03 10:53:04,572 : INFO : ball_device.bd_trough : State: idle
2025-11-03 10:53:04,572 : INFO : ball_device.bd_plunger : BCH: Initial count: 0
2025-11-03 10:53:04,573 : INFO : ball_device.bd_plunger : State: idle
2025-11-03 10:53:04,573 : INFO : ball_device.bd_scoop : BCH: Initial count: 0
2025-11-03 10:53:04,573 : INFO : ball_device.bd_scoop : State: idle
2025-11-03 10:53:04,592 : INFO : EventManager : Event: ======'init_phase_3'====== Args={}
2025-11-03 10:53:04,610 : INFO : EventManager : Event: ======'init_phase_4'====== Args={}
2025-11-03 10:53:04,610 : INFO : BallController : Initial balls found: 6
2025-11-03 10:53:04,611 : INFO : EventManager : Event: ======'machine_var_audits_events_game_ended'====== Args={'value': 59, 'prev_value': None, 'change': True}
2025-11-03 10:53:04,612 : INFO : EventManager : Event: ======'machine_var_audits_events_game_started'====== Args={'value': 649, 'prev_value': None, 'change': True}
2025-11-03 10:53:04,612 : INFO : EventManager : Event: ======'machine_var_audits_missing_switches_s_captive_ball'====== Args={'value': 31, 'prev_value': None, 'change': True}
2025-11-03 10:53:04,612 : INFO : EventManager : Event: ======'machine_var_audits_missing_switches_s_center_upper_pop'====== Args={'value': 99, 'prev_value': None, 'change': True}
2025-11-03 10:53:04,612 : INFO : EventManager : Event: ======'machine_var_audits_missing_switches_s_inner_orbit'====== Args={'value': 89, 'prev_value': None, 'change': True}
2025-11-03 10:53:04,612 : INFO : EventManager : Event: ======'machine_var_audits_missing_switches_s_left_inlane'====== Args={'value': 74, 'prev_value': None, 'change': True}
2025-11-03 10:53:04,612 : INFO : EventManager : Event: ======'machine_var_audits_missing_switches_s_left_orbit'====== Args={'value': 1, 'prev_value': None, 'change': True}
2025-11-03 10:53:04,612 : INFO : EventManager : Event: ======'machine_var_audits_missing_switches_s_left_outlane'====== Args={'value': 74, 'prev_value': None, 'change': True}
2025-11-03 10:53:04,612 : INFO : EventManager : Event: ======'machine_var_audits_missing_switches_s_left_ramp'====== Args={'value': 1, 'prev_value': None, 'change': True}
2025-11-03 10:53:04,612 : INFO : EventManager : Event: ======'machine_var_audits_missing_switches_s_left_slingshot'====== Args={'value': 575, 'prev_value': None, 'change': True}
2025-11-03 10:53:04,612 : INFO : EventManager : Event: ======'machine_var_audits_missing_switches_s_left_upper_pop'====== Args={'value': 92, 'prev_value': None, 'change': True}
2025-11-03 10:53:04,612 : INFO : EventManager : Event: ======'machine_var_audits_missing_switches_s_pop_standup'====== Args={'value': 1, 'prev_value': None, 'change': True}
2025-11-03 10:53:04,612 : INFO : EventManager : Event: ======'machine_var_audits_missing_switches_s_right_inlane'====== Args={'value': 53, 'prev_value': None, 'change': True}
2025-11-03 10:53:04,612 : INFO : EventManager : Event: ======'machine_var_audits_missing_switches_s_right_orbit'====== Args={'value': 1, 'prev_value': None, 'change': True}
2025-11-03 10:53:04,612 : INFO : EventManager : Event: ======'machine_var_audits_missing_switches_s_right_outlane'====== Args={'value': 74, 'prev_value': None, 'change': True}
2025-11-03 10:53:04,612 : INFO : EventManager : Event: ======'machine_var_audits_missing_switches_s_right_ramp'====== Args={'value': 1, 'prev_value': None, 'change': True}
2025-11-03 10:53:04,613 : INFO : EventManager : Event: ======'machine_var_audits_missing_switches_s_right_slingshot'====== Args={'value': 425, 'prev_value': None, 'change': True}
2025-11-03 10:53:04,613 : INFO : EventManager : Event: ======'machine_var_audits_missing_switches_s_scoop'====== Args={'value': 1, 'prev_value': None, 'change': True}
2025-11-03 10:53:04,613 : INFO : EventManager : Event: ======'machine_var_audits_missing_switches_s_service_down'====== Args={'value': 294, 'prev_value': None, 'change': True}
2025-11-03 10:53:04,613 : INFO : EventManager : Event: ======'machine_var_audits_missing_switches_s_service_enter'====== Args={'value': 43, 'prev_value': None, 'change': True}
2025-11-03 10:53:04,613 : INFO : EventManager : Event: ======'machine_var_audits_missing_switches_s_service_esc'====== Args={'value': 294, 'prev_value': None, 'change': True}
2025-11-03 10:53:04,613 : INFO : EventManager : Event: ======'machine_var_audits_missing_switches_s_service_up'====== Args={'value': 43, 'prev_value': None, 'change': True}
2025-11-03 10:53:04,613 : INFO : EventManager : Event: ======'machine_var_audits_missing_switches_s_spinner'====== Args={'value': 1, 'prev_value': None, 'change': True}
2025-11-03 10:53:04,613 : INFO : EventManager : Event: ======'machine_var_audits_missing_switches_s_start'====== Args={'value': 233, 'prev_value': None, 'change': True}
2025-11-03 10:53:04,613 : INFO : EventManager : Event: ======'machine_var_audits_missing_switches_s_three_bank_bottom'====== Args={'value': 1, 'prev_value': None, 'change': True}
2025-11-03 10:53:04,613 : INFO : EventManager : Event: ======'machine_var_audits_missing_switches_s_three_bank_middle'====== Args={'value': 1, 'prev_value': None, 'change': True}
2025-11-03 10:53:04,613 : INFO : EventManager : Event: ======'machine_var_audits_missing_switches_s_three_bank_standup'====== Args={'value': 43, 'prev_value': None, 'change': True}
2025-11-03 10:53:04,613 : INFO : EventManager : Event: ======'machine_var_audits_missing_switches_s_tilt_bob'====== Args={'value': 212, 'prev_value': None, 'change': True}
2025-11-03 10:53:04,613 : INFO : EventManager : Event: ======'machine_var_audits_missing_switches_s_top_right_flipper'====== Args={'value': 575, 'prev_value': None, 'change': True}
2025-11-03 10:53:04,613 : INFO : EventManager : Event: ======'machine_var_audits_missing_switches_s_trough2'====== Args={'value': 52, 'prev_value': None, 'change': True}
2025-11-03 10:53:04,613 : INFO : EventManager : Event: ======'machine_var_audits_missing_switches_s_trough3'====== Args={'value': 52, 'prev_value': None, 'change': True}
2025-11-03 10:53:04,614 : INFO : EventManager : Event: ======'machine_var_audits_missing_switches_s_trough4'====== Args={'value': 574, 'prev_value': None, 'change': True}
2025-11-03 10:53:04,614 : INFO : EventManager : Event: ======'machine_var_audits_missing_switches_s_trough5'====== Args={'value': 574, 'prev_value': None, 'change': True}
2025-11-03 10:53:04,614 : INFO : EventManager : Event: ======'machine_var_audits_missing_switches_s_trough6'====== Args={'value': 424, 'prev_value': None, 'change': True}
2025-11-03 10:53:04,614 : INFO : EventManager : Event: ======'machine_var_audits_missing_switches_s_trough_jam'====== Args={'value': 575, 'prev_value': None, 'change': True}
2025-11-03 10:53:04,614 : INFO : EventManager : Event: ======'machine_var_audits_missing_switches_s_tshirt_bottom_standup'====== Args={'value': 39, 'prev_value': None, 'change': True}
2025-11-03 10:53:04,614 : INFO : EventManager : Event: ======'machine_var_audits_missing_switches_s_tshirt_top_standup'====== Args={'value': 39, 'prev_value': None, 'change': True}
2025-11-03 10:53:04,614 : INFO : EventManager : Event: ======'machine_var_audits_missing_switches_s_upper_pop_standup'====== Args={'value': 12, 'prev_value': None, 'change': True}
2025-11-03 10:53:04,614 : INFO : EventManager : Event: ======'machine_var_audits_missing_switches_service_esc'====== Args={'value': 1, 'prev_value': None, 'change': True}
2025-11-03 10:53:04,614 : INFO : EventManager : Event: ======'machine_var_audits_player_score'====== Args={'value': {'average': 9252392, 'top': [147275560, 142237180, 85092890, 38155360, 32035610, 25030460, 20034230, 6038970, 6022290, 6019980], 'total': 63}, 'prev_value': None, 'change': True}
2025-11-03 10:53:04,614 : INFO : EventManager : Event: ======'machine_var_audits_shots_bottom_drop'====== Args={'value': 67, 'prev_value': None, 'change': True}
2025-11-03 10:53:04,614 : INFO : EventManager : Event: ======'machine_var_audits_shots_captive_ball'====== Args={'value': 32, 'prev_value': None, 'change': True}
2025-11-03 10:53:04,614 : INFO : EventManager : Event: ======'machine_var_audits_shots_inner_loop'====== Args={'value': 18, 'prev_value': None, 'change': True}
2025-11-03 10:53:04,615 : INFO : EventManager : Event: ======'machine_var_audits_shots_inner_loop_backdoor'====== Args={'value': 1, 'prev_value': None, 'change': True}
2025-11-03 10:53:04,615 : INFO : EventManager : Event: ======'machine_var_audits_shots_left_inlane'====== Args={'value': 33, 'prev_value': None, 'change': True}
2025-11-03 10:53:04,615 : INFO : EventManager : Event: ======'machine_var_audits_shots_left_orbit'====== Args={'value': 30, 'prev_value': None, 'change': True}
2025-11-03 10:53:04,615 : INFO : EventManager : Event: ======'machine_var_audits_shots_left_orbit_backdoor'====== Args={'value': 6, 'prev_value': None, 'change': True}
2025-11-03 10:53:04,615 : INFO : EventManager : Event: ======'machine_var_audits_shots_left_outlane'====== Args={'value': 27, 'prev_value': None, 'change': True}
2025-11-03 10:53:04,615 : INFO : EventManager : Event: ======'machine_var_audits_shots_left_ramp'====== Args={'value': 200, 'prev_value': None, 'change': True}
2025-11-03 10:53:04,615 : INFO : EventManager : Event: ======'machine_var_audits_shots_middle_drop'====== Args={'value': 65, 'prev_value': None, 'change': True}
2025-11-03 10:53:04,615 : INFO : EventManager : Event: ======'machine_var_audits_shots_pop1'====== Args={'value': 9, 'prev_value': None, 'change': True}
2025-11-03 10:53:04,615 : INFO : EventManager : Event: ======'machine_var_audits_shots_pop2'====== Args={'value': 7, 'prev_value': None, 'change': True}
2025-11-03 10:53:04,615 : INFO : EventManager : Event: ======'machine_var_audits_shots_pop3'====== Args={'value': 520, 'prev_value': None, 'change': True}
2025-11-03 10:53:04,616 : INFO : EventManager : Event: ======'machine_var_audits_shots_pop_standup'====== Args={'value': 300, 'prev_value': None, 'change': True}
2025-11-03 10:53:04,616 : INFO : EventManager : Event: ======'machine_var_audits_shots_right_inlane'====== Args={'value': 32, 'prev_value': None, 'change': True}
2025-11-03 10:53:04,616 : INFO : EventManager : Event: ======'machine_var_audits_shots_right_orbit'====== Args={'value': 23, 'prev_value': None, 'change': True}
2025-11-03 10:53:04,616 : INFO : EventManager : Event: ======'machine_var_audits_shots_right_orbit_backdoor'====== Args={'value': 3, 'prev_value': None, 'change': True}
2025-11-03 10:53:04,616 : INFO : EventManager : Event: ======'machine_var_audits_shots_right_outlane'====== Args={'value': 21, 'prev_value': None, 'change': True}
2025-11-03 10:53:04,616 : INFO : EventManager : Event: ======'machine_var_audits_shots_right_ramp'====== Args={'value': 280, 'prev_value': None, 'change': True}
2025-11-03 10:53:04,616 : INFO : EventManager : Event: ======'machine_var_audits_shots_scoop'====== Args={'value': 244, 'prev_value': None, 'change': True}
2025-11-03 10:53:04,616 : INFO : EventManager : Event: ======'machine_var_audits_shots_skill_captive'====== Args={'value': 16, 'prev_value': None, 'change': True}
2025-11-03 10:53:04,616 : INFO : EventManager : Event: ======'machine_var_audits_shots_skill_drop_targets'====== Args={'value': 240, 'prev_value': None, 'change': True}
2025-11-03 10:53:04,616 : INFO : EventManager : Event: ======'machine_var_audits_shots_skill_side_targets'====== Args={'value': 27, 'prev_value': None, 'change': True}
2025-11-03 10:53:04,616 : INFO : EventManager : Event: ======'machine_var_audits_shots_skillshot_drop_targets'====== Args={'value': 231, 'prev_value': None, 'change': True}
2025-11-03 10:53:04,616 : INFO : EventManager : Event: ======'machine_var_audits_shots_skillshot_hideout_plunge'====== Args={'value': 1, 'prev_value': None, 'change': True}
2025-11-03 10:53:04,617 : INFO : EventManager : Event: ======'machine_var_audits_shots_skillshot_left_outlane'====== Args={'value': 2, 'prev_value': None, 'change': True}
2025-11-03 10:53:04,617 : INFO : EventManager : Event: ======'machine_var_audits_shots_skillshot_side_targets'====== Args={'value': 7, 'prev_value': None, 'change': True}
2025-11-03 10:53:04,617 : INFO : EventManager : Event: ======'machine_var_audits_shots_skillshot_super'====== Args={'value': 2, 'prev_value': None, 'change': True}
2025-11-03 10:53:04,618 : INFO : EventManager : Event: ======'machine_var_audits_shots_spinner'====== Args={'value': 515, 'prev_value': None, 'change': True}
2025-11-03 10:53:04,618 : INFO : EventManager : Event: ======'machine_var_audits_shots_three_bank_standup'====== Args={'value': 28, 'prev_value': None, 'change': True}
2025-11-03 10:53:04,618 : INFO : EventManager : Event: ======'machine_var_audits_shots_top_drop'====== Args={'value': 240, 'prev_value': None, 'change': True}
2025-11-03 10:53:04,618 : INFO : EventManager : Event: ======'machine_var_audits_shots_tshirt_bottom_standup'====== Args={'value': 36, 'prev_value': None, 'change': True}
2025-11-03 10:53:04,618 : INFO : EventManager : Event: ======'machine_var_audits_shots_tshirt_top_standup'====== Args={'value': 38, 'prev_value': None, 'change': True}
2025-11-03 10:53:04,618 : INFO : EventManager : Event: ======'machine_var_audits_shots_upper_pop_standup'====== Args={'value': 34, 'prev_value': None, 'change': True}
2025-11-03 10:53:04,618 : INFO : EventManager : Event: ======'machine_var_audits_switches_s_captive_ball'====== Args={'value': 228, 'prev_value': None, 'change': True}
2025-11-03 10:53:04,618 : INFO : EventManager : Event: ======'machine_var_audits_switches_s_center_upper_pop'====== Args={'value': 227, 'prev_value': None, 'change': True}
2025-11-03 10:53:04,618 : INFO : EventManager : Event: ======'machine_var_audits_switches_s_inner_orbit'====== Args={'value': 26, 'prev_value': None, 'change': True}
2025-11-03 10:53:04,618 : INFO : EventManager : Event: ======'machine_var_audits_switches_s_left_flipper'====== Args={'value': 1395, 'prev_value': None, 'change': True}
2025-11-03 10:53:04,618 : INFO : EventManager : Event: ======'machine_var_audits_switches_s_left_inlane'====== Args={'value': 144, 'prev_value': None, 'change': True}
2025-11-03 10:53:04,619 : INFO : EventManager : Event: ======'machine_var_audits_switches_s_left_orbit'====== Args={'value': 124, 'prev_value': None, 'change': True}
2025-11-03 10:53:04,619 : INFO : EventManager : Event: ======'machine_var_audits_switches_s_left_outlane'====== Args={'value': 84, 'prev_value': None, 'change': True}
2025-11-03 10:53:04,619 : INFO : EventManager : Event: ======'machine_var_audits_switches_s_left_ramp'====== Args={'value': 334, 'prev_value': None, 'change': True}
2025-11-03 10:53:04,619 : INFO : EventManager : Event: ======'machine_var_audits_switches_s_left_slingshot'====== Args={'value': 259, 'prev_value': None, 'change': True}
2025-11-03 10:53:04,619 : INFO : EventManager : Event: ======'machine_var_audits_switches_s_left_upper_pop'====== Args={'value': 170, 'prev_value': None, 'change': True}
2025-11-03 10:53:04,619 : INFO : EventManager : Event: ======'machine_var_audits_switches_s_plunger'====== Args={'value': 1488, 'prev_value': None, 'change': True}
2025-11-03 10:53:04,619 : INFO : EventManager : Event: ======'machine_var_audits_switches_s_pop_standup'====== Args={'value': 424, 'prev_value': None, 'change': True}
2025-11-03 10:53:04,619 : INFO : EventManager : Event: ======'machine_var_audits_switches_s_right_flipper'====== Args={'value': 2157, 'prev_value': None, 'change': True}
2025-11-03 10:53:04,619 : INFO : EventManager : Event: ======'machine_var_audits_switches_s_right_inlane'====== Args={'value': 140, 'prev_value': None, 'change': True}
2025-11-03 10:53:04,619 : INFO : EventManager : Event: ======'machine_var_audits_switches_s_right_lower_pop'====== Args={'value': 1269, 'prev_value': None, 'change': True}
2025-11-03 10:53:04,619 : INFO : EventManager : Event: ======'machine_var_audits_switches_s_right_orbit'====== Args={'value': 146, 'prev_value': None, 'change': True}
2025-11-03 10:53:04,620 : INFO : EventManager : Event: ======'machine_var_audits_switches_s_right_outlane'====== Args={'value': 74, 'prev_value': None, 'change': True}
2025-11-03 10:53:04,620 : INFO : EventManager : Event: ======'machine_var_audits_switches_s_right_ramp'====== Args={'value': 428, 'prev_value': None, 'change': True}
2025-11-03 10:53:04,620 : INFO : EventManager : Event: ======'machine_var_audits_switches_s_right_slingshot'====== Args={'value': 366, 'prev_value': None, 'change': True}
2025-11-03 10:53:04,620 : INFO : EventManager : Event: ======'machine_var_audits_switches_s_scoop'====== Args={'value': 589, 'prev_value': None, 'change': True}
2025-11-03 10:53:04,620 : INFO : EventManager : Event: ======'machine_var_audits_switches_s_service_down'====== Args={'value': 0, 'prev_value': None, 'change': True}
2025-11-03 10:53:04,620 : INFO : EventManager : Event: ======'machine_var_audits_switches_s_service_enter'====== Args={'value': 1, 'prev_value': None, 'change': True}
2025-11-03 10:53:04,620 : INFO : EventManager : Event: ======'machine_var_audits_switches_s_service_esc'====== Args={'value': 0, 'prev_value': None, 'change': True}
2025-11-03 10:53:04,620 : INFO : EventManager : Event: ======'machine_var_audits_switches_s_service_up'====== Args={'value': 2, 'prev_value': None, 'change': True}
2025-11-03 10:53:04,620 : INFO : EventManager : Event: ======'machine_var_audits_switches_s_spinner'====== Args={'value': 2575, 'prev_value': None, 'change': True}
2025-11-03 10:53:04,620 : INFO : EventManager : Event: ======'machine_var_audits_switches_s_start'====== Args={'value': 67, 'prev_value': None, 'change': True}
2025-11-03 10:53:04,621 : INFO : EventManager : Event: ======'machine_var_audits_switches_s_three_bank_bottom'====== Args={'value': 560, 'prev_value': None, 'change': True}
2025-11-03 10:53:04,621 : INFO : EventManager : Event: ======'machine_var_audits_switches_s_three_bank_middle'====== Args={'value': 599, 'prev_value': None, 'change': True}
2025-11-03 10:53:04,621 : INFO : EventManager : Event: ======'machine_var_audits_switches_s_three_bank_standup'====== Args={'value': 270, 'prev_value': None, 'change': True}
2025-11-03 10:53:04,621 : INFO : EventManager : Event: ======'machine_var_audits_switches_s_three_bank_top'====== Args={'value': 778, 'prev_value': None, 'change': True}
2025-11-03 10:53:04,621 : INFO : EventManager : Event: ======'machine_var_audits_switches_s_tilt_bob'====== Args={'value': 51, 'prev_value': None, 'change': True}
2025-11-03 10:53:04,621 : INFO : EventManager : Event: ======'machine_var_audits_switches_s_top_right_flipper'====== Args={'value': 1294, 'prev_value': None, 'change': True}
2025-11-03 10:53:04,621 : INFO : EventManager : Event: ======'machine_var_audits_switches_s_trough1'====== Args={'value': 433, 'prev_value': None, 'change': True}
2025-11-03 10:53:04,621 : INFO : EventManager : Event: ======'machine_var_audits_switches_s_trough2'====== Args={'value': 328, 'prev_value': None, 'change': True}
2025-11-03 10:53:04,621 : INFO : EventManager : Event: ======'machine_var_audits_switches_s_trough3'====== Args={'value': 248, 'prev_value': None, 'change': True}
2025-11-03 10:53:04,621 : INFO : EventManager : Event: ======'machine_var_audits_switches_s_trough4'====== Args={'value': 160, 'prev_value': None, 'change': True}
2025-11-03 10:53:04,621 : INFO : EventManager : Event: ======'machine_var_audits_switches_s_trough5'====== Args={'value': 160, 'prev_value': None, 'change': True}
2025-11-03 10:53:04,622 : INFO : EventManager : Event: ======'machine_var_audits_switches_s_trough6'====== Args={'value': 161, 'prev_value': None, 'change': True}
2025-11-03 10:53:04,622 : INFO : EventManager : Event: ======'machine_var_audits_switches_s_trough_jam'====== Args={'value': 206, 'prev_value': None, 'change': True}
2025-11-03 10:53:04,622 : INFO : EventManager : Event: ======'machine_var_audits_switches_s_tshirt_bottom_standup'====== Args={'value': 83, 'prev_value': None, 'change': True}
2025-11-03 10:53:04,622 : INFO : EventManager : Event: ======'machine_var_audits_switches_s_tshirt_top_standup'====== Args={'value': 114, 'prev_value': None, 'change': True}
2025-11-03 10:53:04,622 : INFO : EventManager : Event: ======'machine_var_audits_switches_s_upper_pop_standup'====== Args={'value': 208, 'prev_value': None, 'change': True}
2025-11-03 10:53:04,622 : INFO : EventManager : Event: ======'machine_var_audits_switches_service_down'====== Args={'value': 1, 'prev_value': None, 'change': True}
2025-11-03 10:53:04,622 : INFO : EventManager : Event: ======'machine_var_audits_switches_service_enter'====== Args={'value': 2, 'prev_value': None, 'change': True}
2025-11-03 10:53:04,622 : INFO : EventManager : Event: ======'machine_var_audits_switches_service_esc'====== Args={'value': 0, 'prev_value': None, 'change': True}
2025-11-03 10:53:04,622 : INFO : EventManager : Event: ======'machine_var_audits_switches_service_up'====== Args={'value': 2, 'prev_value': None, 'change': True}
2025-11-03 10:53:04,622 : INFO : EventManager : Event: ======'init_phase_5'====== Args={}
2025-11-03 10:53:04,664 : INFO : EventManager : Event: ======'init_done'====== Args={}
2025-11-03 10:53:04,665 : INFO : EventManager : Event: ======'machine_reset_phase_1'====== Args={}
2025-11-03 10:53:04,674 : INFO : EventManager : Event: ======'machine_reset_phase_2'====== Args={}
2025-11-03 10:53:04,674 : INFO : EventManager : Event: ======'game_just_played'====== Args={'priority': 0, 'action': 'set_machine', 'int': 0}
2025-11-03 10:53:04,674 : INFO : EventManager : Event: ======'machine_reset_phase_3'====== Args={}
2025-11-03 10:53:04,674 : INFO : EventManager : Event: ======'mode_tilt_will_start'====== Args={'queue': <QueuedEvent>}
2025-11-03 10:53:04,676 : INFO : EventManager : Event: ======'mode_tilt_starting'====== Args={'queue': <QueuedEvent>}
2025-11-03 10:53:04,676 : INFO : drop_target_bank.three_bank : All targets are already up. Will not reset bank.
2025-11-03 10:53:04,676 : INFO : Mode.tilt : Started. Priority: 1000000
2025-11-03 10:53:04,676 : INFO : EventManager : Event: ======'modes_active_modes_changed'====== Args={}
2025-11-03 10:53:04,676 : INFO : EventManager : Event: ======'mode_tilt_started'====== Args={'queue': <QueuedEvent>}
2025-11-03 10:53:04,677 : INFO : EventManager : Event: ======'reset_complete'====== Args={}
2025-11-03 10:53:04,677 : INFO : EventManager : Event: ======'mode_service_will_start'====== Args={}
2025-11-03 10:53:04,678 : INFO : EventManager : Event: ======'mode_service_starting'====== Args={}
2025-11-03 10:53:04,678 : INFO : EventManager : Event: ======'mode_attract_will_start'====== Args={}
2025-11-03 10:53:04,678 : INFO : Timer.attract_intro_timer : Starting Timer.
2025-11-03 10:53:04,678 : INFO : EventManager : Event: ======'timer_attract_intro_timer_started'====== Args={'ticks': 0, 'ticks_remaining': 16}
2025-11-03 10:53:04,678 : INFO : EventManager : Event: ======'timer_attract_intro_timer_tick'====== Args={'ticks': 0, 'ticks_remaining': 16}
2025-11-03 10:53:04,682 : INFO : EventManager : Event: ======'mode_attract_starting'====== Args={}
2025-11-03 10:53:04,683 : INFO : Mode.service : Started. Priority: 100000
2025-11-03 10:53:04,683 : INFO : EventManager : Event: ======'modes_active_modes_changed'====== Args={}
2025-11-03 10:53:04,683 : INFO : EventManager : Event: ======'mode_service_started'====== Args={}
2025-11-03 10:53:04,696 : INFO : EventManager : Event: ======'logicblock_mca_sequence_updated'====== Args={'value': 0, 'enabled': True}
2025-11-03 10:53:04,696 : INFO : EventManager : Event: ======'logicblock_adr_sequence_updated'====== Args={'value': 0, 'enabled': True}
2025-11-03 10:53:04,696 : INFO : EventManager : Event: ======'logicblock_mca_sequence_updated'====== Args={'value': 0, 'enabled': True}
2025-11-03 10:53:04,696 : INFO : EventManager : Event: ======'logicblock_adr_sequence_updated'====== Args={'value': 0, 'enabled': True}
2025-11-03 10:53:04,696 : INFO : Mode.attract : Started. Priority: 10
2025-11-03 10:53:04,696 : INFO : EventManager : Event: ======'modes_active_modes_changed'====== Args={}
2025-11-03 10:53:04,696 : INFO : EventManager : Event: ======'mode_attract_started'====== Args={}
2025-11-03 10:53:04,696 : INFO : EventManager : Event: ======'logicblock_mca_sequence_updated'====== Args={'value': 0, 'enabled': True}
2025-11-03 10:53:04,696 : INFO : EventManager : Event: ======'logicblock_mca_sequence_updated'====== Args={'value': 0, 'enabled': True}
2025-11-03 10:53:04,696 : INFO : EventManager : Event: ======'logicblock_adr_sequence_updated'====== Args={'value': 0, 'enabled': True}
2025-11-03 10:53:04,696 : INFO : EventManager : Event: ======'logicblock_adr_sequence_updated'====== Args={'value': 0, 'enabled': True}
2025-11-03 10:53:04,698 : INFO : EventManager : Event: ======'timer_attract_intro_timer_tick'====== Args={'ticks': 0, 'ticks_remaining': 16}
2025-11-03 10:53:04,699 : INFO : EventManager : Event: ======'collecting_balls_complete'====== Args={}
2025-11-03 10:53:04,699 : INFO : EventManager : Event: ======'item_highlighted'====== Args={'carousel': 'attract', 'direction': None, 'item': 'mpf_logo'}
2025-11-03 10:53:04,700 : INFO : Timer.attract_carousel_timer : Starting Timer.
2025-11-03 10:53:04,700 : INFO : EventManager : Event: ======'timer_attract_carousel_timer_started'====== Args={'ticks': 0, 'ticks_remaining': 5}
2025-11-03 10:53:04,700 : INFO : EventManager : Event: ======'timer_attract_carousel_timer_tick'====== Args={'ticks': 0, 'ticks_remaining': 5}
2025-11-03 10:53:04,702 : INFO : EventManager : Event: ======'slide_loading_created'====== Args={'_from_bcp': True}
2025-11-03 10:53:04,702 : INFO : EventManager : Event: ======'slide__removed'====== Args={'_from_bcp': True}
2025-11-03 10:53:04,703 : INFO : EventManager : Event: ======'slide_loading_active'====== Args={'original_context': '_global', 'original_calling_context': 'init_done', 'priority': 0.0, 'cmd': 'slides_play', '_from_bcp': True}
2025-11-03 10:53:04,714 : INFO : Machine : Starting the main run loop with active modes: [<Mode.tilt>, <Mode.service>, <Mode.attract>]
2025-11-03 10:53:04,785 : INFO : EventManager : Event: ======'slide_attract_load_created'====== Args={'_from_bcp': True}
2025-11-03 10:53:04,785 : INFO : EventManager : Event: ======'slide_loading_inactive'====== Args={'is_removing': True, '_from_bcp': True}
2025-11-03 10:53:04,786 : INFO : EventManager : Event: ======'slide_attract_load_active'====== Args={'original_context': 'attract', 'original_calling_context': 'mode_attract_started{machine.game_just_played==0}', 'priority': 10.0, 'cmd': 'slides_play', '_from_bcp': True}
2025-11-03 10:53:04,786 : INFO : EventManager : Event: ======'slide_loading_removed'====== Args={'_from_bcp': True}
2025-11-03 10:53:04,839 : INFO : BcpServer : New client connected.
2025-11-03 10:53:05,639 : INFO : SwitchController : <<<<<<< 's_start' active >>>>>>>
2025-11-03 10:53:05,698 : INFO : EventManager : Event: ======'timer_attract_intro_timer_tick'====== Args={'ticks': 1, 'ticks_remaining': 15}
2025-11-03 10:53:05,699 : INFO : EventManager : Event: ======'timer_attract_carousel_timer_tick'====== Args={'ticks': 1, 'ticks_remaining': 4}
2025-11-03 10:53:05,773 : INFO : SwitchController : <<<<<<< 's_start' inactive >>>>>>>
2025-11-03 10:53:05,774 : INFO : EventManager : Event: ======'sw_start_inactive'====== Args={}
2025-11-03 10:53:05,774 : INFO : EventManager : Event: ======'request_to_start_game'====== Args={}
2025-11-03 10:53:05,775 : INFO : EventManager : Event: ======'game_start'====== Args={'buttons': [], 'hold_time': 0.125}
2025-11-03 10:53:05,775 : INFO : EventManager : Event: ======'mode_game_will_start'====== Args={'buttons': [], 'hold_time': 0.125}
2025-11-03 10:53:05,777 : INFO : EventManager : Event: ======'mode_game_starting'====== Args={'buttons': [], 'hold_time': 0.125}
2025-11-03 10:53:05,777 : INFO : EventManager : Event: ======'mode_attract_will_stop'====== Args={}
2025-11-03 10:53:05,777 : INFO : EventManager : Event: ======'mode_attract_stopping'====== Args={}
2025-11-03 10:53:05,777 : INFO : Mode.game : Started. Priority: 20
2025-11-03 10:53:05,777 : INFO : EventManager : Event: ======'modes_active_modes_changed'====== Args={}
2025-11-03 10:53:05,777 : INFO : EventManager : Event: ======'mode_game_started'====== Args={'buttons': [], 'hold_time': 0.125}
2025-11-03 10:53:05,789 : INFO : Mode.attract : Stopped.
2025-11-03 10:53:05,789 : INFO : EventManager : Event: ======'modes_active_modes_changed'====== Args={}
2025-11-03 10:53:05,789 : INFO : EventManager : Event: ======'mode_attract_stopped'====== Args={}
2025-11-03 10:53:05,790 : INFO : EventManager : Event: ======'clear'====== Args={'key': 'attract'}
2025-11-03 10:53:05,790 : INFO : Timer.attract_carousel_timer : Stopping Timer
2025-11-03 10:53:05,790 : INFO : EventManager : Event: ======'timer_attract_carousel_timer_stopped'====== Args={'ticks': 1, 'ticks_remaining': 4}
2025-11-03 10:53:05,790 : INFO : Timer.attract_intro_timer : Stopping Timer
2025-11-03 10:53:05,790 : INFO : EventManager : Event: ======'timer_attract_intro_timer_stopped'====== Args={'ticks': 1, 'ticks_remaining': 15}
2025-11-03 10:53:05,790 : INFO : Timer.mca_attract_video_timer : Stopping Timer
2025-11-03 10:53:05,790 : INFO : EventManager : Event: ======'timer_mca_attract_video_timer_stopped'====== Args={'ticks': 0, 'ticks_remaining': 0}
2025-11-03 10:53:05,790 : INFO : Timer.adr_attract_video_timer : Stopping Timer
2025-11-03 10:53:05,791 : INFO : EventManager : Event: ======'timer_adr_attract_video_timer_stopped'====== Args={'ticks': 0, 'ticks_remaining': 0}
2025-11-03 10:53:05,791 : INFO : EventManager : Event: ======'game_will_start'====== Args={}
2025-11-03 10:53:05,801 : INFO : EventManager : Event: ======'game_starting'====== Args={'game': <Mode.game>}
2025-11-03 10:53:05,802 : INFO : EventManager : Unordered handler for class <Auditor> on event game_ended with priority 1. Handlers: [RegisteredHandler(callback=<bound method Auditor.disable of <Auditor>>, priority=1, kwargs={}, key=UUID('3c9b176b-704e-42db-b16e-8838c08c0758'), condition=None, blocking_facility=None), RegisteredHandler(callback=<bound method Auditor._save_audits of <Auditor>>, priority=1, kwargs={}, key=UUID('647985ab-348d-4cb4-8c80-e27431ac010f'), condition=None, blocking_facility=None)]. The order of those handlers is not defined and they will be executed in random order. This might lead to race conditions and potential bugs.
2025-11-03 10:53:05,802 : INFO : EventManager : Event: ======'player_add_request'====== Args={}
2025-11-03 10:53:05,802 : INFO : EventManager : Event: ======'player_will_add'====== Args={'number': 1}
2025-11-03 10:53:05,802 : INFO : EventManager : Event: ======'player_adding'====== Args={'player': <Player 1>, 'number': 1}
2025-11-03 10:53:05,802 : INFO : EventManager : Event: ======'player_added'====== Args={'player': <Player 1>, 'num': 1}
2025-11-03 10:53:05,804 : INFO : Mode.game : Player added successfully. Total players: 1
2025-11-03 10:53:05,804 : INFO : EventManager : Event: ======'player_index'====== Args={'value': 0, 'prev_value': 0, 'change': 0, 'player_num': 1}
2025-11-03 10:53:05,804 : INFO : EventManager : Event: ======'player_number'====== Args={'value': 1, 'prev_value': 1, 'change': 0, 'player_num': 1}
2025-11-03 10:53:05,804 : INFO : EventManager : Event: ======'player_score'====== Args={'value': 0, 'prev_value': 0, 'change': 0, 'player_num': 1}
2025-11-03 10:53:05,805 : INFO : EventManager : Event: ======'game_started'====== Args={}
2025-11-03 10:53:05,806 : INFO : EventManager : Event: ======'machine_var_game_just_played'====== Args={'value': 1, 'prev_value': 0, 'change': 1}
2025-11-03 10:53:05,812 : INFO : EventManager : Event: ======'player_turn_will_start'====== Args={'player': <Player 1>, 'number': 1}
2025-11-03 10:53:05,814 : INFO : EventManager : Event: ======'player_turn_starting'====== Args={'player': <Player 1>, 'number': 1}
2025-11-03 10:53:05,821 : INFO : EventManager : Event: ======'player_ball'====== Args={'value': 1, 'prev_value': 0, 'change': 1, 'player_num': 1}
2025-11-03 10:53:05,822 : INFO : EventManager : Event: ======'player_turn_started'====== Args={'player': <Player 1>, 'number': 1}
2025-11-03 10:53:05,824 : INFO : EventManager : Event: ======'ball_will_start'====== Args={'player': 1, 'ball': 1, 'balls_remaining': 2, 'is_extra_ball': False}
2025-11-03 10:53:05,826 : INFO : EventManager : Event: ======'ball_starting'====== Args={'player': 1, 'ball': 1, 'balls_remaining': 2, 'is_extra_ball': False}
2025-11-03 10:53:05,827 : INFO : EventManager : Event: ======'mode_batterycharger_will_start'====== Args={'queue': <QueuedEvent>, 'player': 1, 'ball': 1, 'balls_remaining': 2, 'is_extra_ball': False}
2025-11-03 10:53:05,830 : INFO : EventManager : Event: ======'mode_batterycharger_starting'====== Args={'queue': <QueuedEvent>, 'player': 1, 'ball': 1, 'balls_remaining': 2, 'is_extra_ball': False}
2025-11-03 10:53:05,831 : INFO : EventManager : Event: ======'mode_base_will_start'====== Args={'queue': <QueuedEvent>, 'player': 1, 'ball': 1, 'balls_remaining': 2, 'is_extra_ball': False}
2025-11-03 10:53:05,831 : INFO : EventManager : Event: ======'player_shot_left_orbit_enabled'====== Args={'value': True, 'prev_value': 0, 'change': 1, 'player_num': 1}
2025-11-03 10:53:05,833 : INFO : EventManager : Event: ======'player_shot_right_orbit_enabled'====== Args={'value': True, 'prev_value': 0, 'change': 1, 'player_num': 1}
2025-11-03 10:53:05,833 : INFO : EventManager : Event: ======'player_shot_inner_loop_enabled'====== Args={'value': True, 'prev_value': 0, 'change': 1, 'player_num': 1}
2025-11-03 10:53:05,833 : INFO : EventManager : Event: ======'player_shot_left_orbit_backdoor_enabled'====== Args={'value': True, 'prev_value': 0, 'change': 1, 'player_num': 1}
2025-11-03 10:53:05,833 : INFO : EventManager : Event: ======'player_shot_right_orbit_backdoor_enabled'====== Args={'value': True, 'prev_value': 0, 'change': 1, 'player_num': 1}
2025-11-03 10:53:05,834 : INFO : EventManager : Event: ======'player_shot_inner_loop_backdoor_enabled'====== Args={'value': True, 'prev_value': 0, 'change': 1, 'player_num': 1}
2025-11-03 10:53:05,834 : INFO : EventManager : Event: ======'player_shot_right_ramp_enabled'====== Args={'value': True, 'prev_value': 0, 'change': 1, 'player_num': 1}
2025-11-03 10:53:05,835 : INFO : EventManager : Event: ======'player_shot_left_ramp_enabled'====== Args={'value': True, 'prev_value': 0, 'change': 1, 'player_num': 1}
2025-11-03 10:53:05,835 : INFO : EventManager : Event: ======'player_shot_pop_standup_enabled'====== Args={'value': True, 'prev_value': 0, 'change': 1, 'player_num': 1}
2025-11-03 10:53:05,835 : INFO : EventManager : Event: ======'player_shot_upper_pop_standup_enabled'====== Args={'value': True, 'prev_value': 0, 'change': 1, 'player_num': 1}
2025-11-03 10:53:05,835 : INFO : EventManager : Event: ======'player_shot_scoop_enabled'====== Args={'value': True, 'prev_value': 0, 'change': 1, 'player_num': 1}
2025-11-03 10:53:05,836 : INFO : EventManager : Event: ======'player_shot_captive_ball_enabled'====== Args={'value': True, 'prev_value': 0, 'change': 1, 'player_num': 1}
2025-11-03 10:53:05,836 : INFO : EventManager : Event: ======'player_shot_three_bank_standup_enabled'====== Args={'value': True, 'prev_value': 0, 'change': 1, 'player_num': 1}
2025-11-03 10:53:05,836 : INFO : EventManager : Event: ======'player_shot_spinner_enabled'====== Args={'value': True, 'prev_value': 0, 'change': 1, 'player_num': 1}
2025-11-03 10:53:05,836 : INFO : EventManager : Event: ======'player_shot_pop1_enabled'====== Args={'value': True, 'prev_value': 0, 'change': 1, 'player_num': 1}
2025-11-03 10:53:05,837 : INFO : EventManager : Event: ======'player_shot_pop2_enabled'====== Args={'value': True, 'prev_value': 0, 'change': 1, 'player_num': 1}
2025-11-03 10:53:05,837 : INFO : EventManager : Event: ======'player_shot_pop3_enabled'====== Args={'value': True, 'prev_value': 0, 'change': 1, 'player_num': 1}
2025-11-03 10:53:05,837 : INFO : EventManager : Event: ======'player_shot_bottom_drop_enabled'====== Args={'value': True, 'prev_value': 0, 'change': 1, 'player_num': 1}
2025-11-03 10:53:05,837 : INFO : EventManager : Event: ======'player_shot_middle_drop_enabled'====== Args={'value': True, 'prev_value': 0, 'change': 1, 'player_num': 1}
2025-11-03 10:53:05,837 : INFO : EventManager : Event: ======'player_shot_top_drop_enabled'====== Args={'value': True, 'prev_value': 0, 'change': 1, 'player_num': 1}
2025-11-03 10:53:05,838 : INFO : EventManager : Event: ======'player_shot_tshirt_top_standup_enabled'====== Args={'value': True, 'prev_value': 0, 'change': 1, 'player_num': 1}
2025-11-03 10:53:05,838 : INFO : EventManager : Event: ======'player_shot_tshirt_bottom_standup_enabled'====== Args={'value': True, 'prev_value': 0, 'change': 1, 'player_num': 1}
2025-11-03 10:53:05,839 : INFO : EventManager : Event: ======'player_shot_left_outlane_enabled'====== Args={'value': True, 'prev_value': 0, 'change': 1, 'player_num': 1}
2025-11-03 10:53:05,840 : INFO : EventManager : Event: ======'player_shot_left_inlane_enabled'====== Args={'value': True, 'prev_value': 0, 'change': 1, 'player_num': 1}
2025-11-03 10:53:05,840 : INFO : EventManager : Event: ======'player_shot_right_inlane_enabled'====== Args={'value': True, 'prev_value': 0, 'change': 1, 'player_num': 1}
2025-11-03 10:53:05,841 : INFO : EventManager : Event: ======'player_shot_right_outlane_enabled'====== Args={'value': True, 'prev_value': 0, 'change': 1, 'player_num': 1}
2025-11-03 10:53:05,841 : INFO : EventManager : Event: ======'sg_lanes_complete'====== Args={'state': 'unlit'}
2025-11-03 10:53:05,841 : INFO : EventManager : Event: ======'sg_lanes_unlit_complete'====== Args={}
2025-11-03 10:53:05,841 : INFO : EventManager : Event: ======'sg_tshirts_complete'====== Args={'state': 'flash'}
2025-11-03 10:53:05,841 : INFO : EventManager : Event: ======'sg_tshirts_flash_complete'====== Args={}
2025-11-03 10:53:05,844 : INFO : EventManager : Event: ======'player_base_chcheckitoutfinish_widget_timer_tick'====== Args={'value': 0, 'prev_value': 0, 'change': 0, 'player_num': 1}
2025-11-03 10:53:05,845 : INFO : EventManager : Event: ======'player_base_bodymovin_widget_timer_tick'====== Args={'value': 0, 'prev_value': 0, 'change': 0, 'player_num': 1}
2025-11-03 10:53:05,845 : INFO : EventManager : Event: ======'player_base_bodymovin_lock_enabled_widget_timer_tick'====== Args={'value': 0, 'prev_value': 0, 'change': 0, 'player_num': 1}
2025-11-03 10:53:05,845 : INFO : Timer.bodymovin_lock_enabled_widget_timer : Starting Timer.
2025-11-03 10:53:05,845 : INFO : EventManager : Event: ======'timer_bodymovin_lock_enabled_widget_timer_started'====== Args={'ticks': 0, 'ticks_remaining': 4}
2025-11-03 10:53:05,845 : INFO : EventManager : Event: ======'timer_bodymovin_lock_enabled_widget_timer_tick'====== Args={'ticks': 0, 'ticks_remaining': 4}
2025-11-03 10:53:05,846 : INFO : EventManager : Event: ======'player_base_bodymovin_ball_1_locked_widget_timer_tick'====== Args={'value': 0, 'prev_value': 0, 'change': 0, 'player_num': 1}
2025-11-03 10:53:05,846 : INFO : EventManager : Event: ======'player_base_bodymovin_ball_2_locked_widget_timer_tick'====== Args={'value': 0, 'prev_value': 0, 'change': 0, 'player_num': 1}
2025-11-03 10:53:05,846 : INFO : EventManager : Event: ======'achievement_wizard1_changed_state'====== Args={'restore': False, 'state': 'disabled', 'selected': False}
2025-11-03 10:53:05,846 : INFO : EventManager : Event: ======'achievement_wizard1_state_disabled'====== Args={'restore': False, 'state': 'disabled', 'selected': False}
2025-11-03 10:53:05,846 : INFO : EventManager : Event: ======'achievement_intergalactic_mode_changed_state'====== Args={'restore': False, 'state': 'enabled', 'selected': False}
2025-11-03 10:53:05,846 : INFO : EventManager : Event: ======'achievement_intergalactic_mode_state_enabled'====== Args={'restore': False, 'state': 'enabled', 'selected': False}
2025-11-03 10:53:05,847 : INFO : EventManager : Event: ======'achievement_paulrevere_mode_changed_state'====== Args={'restore': False, 'state': 'enabled', 'selected': False}
2025-11-03 10:53:05,847 : INFO : EventManager : Event: ======'achievement_paulrevere_mode_state_enabled'====== Args={'restore': False, 'state': 'enabled', 'selected': False}
2025-11-03 10:53:05,847 : INFO : EventManager : Event: ======'achievement_tripletrouble_mode_changed_state'====== Args={'restore': False, 'state': 'enabled', 'selected': False}
2025-11-03 10:53:05,847 : INFO : EventManager : Event: ======'achievement_tripletrouble_mode_state_enabled'====== Args={'restore': False, 'state': 'enabled', 'selected': False}
2025-11-03 10:53:05,847 : INFO : EventManager : Event: ======'achievement_sabotage_mode_changed_state'====== Args={'restore': False, 'state': 'enabled', 'selected': False}
2025-11-03 10:53:05,847 : INFO : EventManager : Event: ======'achievement_sabotage_mode_state_enabled'====== Args={'restore': False, 'state': 'enabled', 'selected': False}
2025-11-03 10:53:05,847 : INFO : EventManager : Event: ======'achievement_chcheckitout_multiball_changed_state'====== Args={'restore': False, 'state': 'enabled', 'selected': False}
2025-11-03 10:53:05,847 : INFO : EventManager : Event: ======'achievement_chcheckitout_multiball_state_enabled'====== Args={'restore': False, 'state': 'enabled', 'selected': False}
2025-11-03 10:53:05,847 : INFO : EventManager : Event: ======'achievement_bodymovin_multiball_changed_state'====== Args={'restore': False, 'state': 'enabled', 'selected': False}
2025-11-03 10:53:05,847 : INFO : EventManager : Event: ======'achievement_bodymovin_multiball_state_enabled'====== Args={'restore': False, 'state': 'enabled', 'selected': False}
2025-11-03 10:53:05,850 : INFO : EventManager : Unordered handler for class <Auditor> on event game_ended with priority 1. Handlers: [RegisteredHandler(callback=<bound method Auditor.disable of <Auditor>>, priority=1, kwargs={}, key=UUID('3c9b176b-704e-42db-b16e-8838c08c0758'), condition=None, blocking_facility=None), RegisteredHandler(callback=<bound method Auditor._save_audits of <Auditor>>, priority=1, kwargs={}, key=UUID('647985ab-348d-4cb4-8c80-e27431ac010f'), condition=None, blocking_facility=None)]. The order of those handlers is not defined and they will be executed in random order. This might lead to race conditions and potential bugs.
2025-11-03 10:53:05,859 : INFO : EventManager : Event: ======'mode_base_starting'====== Args={'queue': <QueuedEvent>, 'player': 1, 'ball': 1, 'balls_remaining': 2, 'is_extra_ball': False}
2025-11-03 10:53:05,859 : INFO : drop_target_bank.three_bank : All targets are already up. Will not reset bank.
2025-11-03 10:53:05,860 : INFO : EventManager : Event: ======'balls_in_play'====== Args={'balls': 1}
2025-11-03 10:53:05,860 : INFO : EventManager : Event: ======'ball_started'====== Args={'player': 1, 'ball': 1, 'balls_remaining': 2, 'is_extra_ball': False}
2025-11-03 10:53:05,861 : INFO : EventManager : Event: ======'logicblock_battery_charged_status_updated'====== Args={'value': 20, 'enabled': False}
2025-11-03 10:53:05,861 : INFO : Mode.batterycharger : Started. Priority: 11000
2025-11-03 10:53:05,861 : INFO : EventManager : Event: ======'modes_active_modes_changed'====== Args={}
2025-11-03 10:53:05,862 : INFO : EventManager : Event: ======'mode_batterycharger_started'====== Args={'queue': <QueuedEvent>, 'player': 1, 'ball': 1, 'balls_remaining': 2, 'is_extra_ball': False}
2025-11-03 10:53:05,862 : INFO : EventManager : Event: ======'logicblock_qualify_chcheckitout_multiball_updated'====== Args={'value': 0, 'enabled': True}
2025-11-03 10:53:05,862 : INFO : EventManager : Event: ======'logicblock_completed_modes_count_updated'====== Args={'value': 0, 'enabled': True}
2025-11-03 10:53:05,862 : INFO : EventManager : Event: ======'logicblock_played_modes_count_updated'====== Args={'value': 0, 'enabled': True}
2025-11-03 10:53:05,862 : INFO : EventManager : Event: ======'logicblock_combos_count_updated'====== Args={'value': 0, 'enabled': True}
2025-11-03 10:53:05,863 : INFO : EventManager : Event: ======'logicblock_qualify_chcheckitout_multiball_updated'====== Args={'value': 0, 'enabled': True}
2025-11-03 10:53:05,863 : INFO : EventManager : Event: ======'logicblock_chcheckitout_multiball_ready_updated'====== Args={'value': 0, 'enabled': False}
2025-11-03 10:53:05,863 : INFO : EventManager : Event: ======'logicblock_enable_bodymovin_lock_1_updated'====== Args={'value': 0, 'enabled': False}
2025-11-03 10:53:05,863 : INFO : EventManager : Event: ======'logicblock_bodymovin_lock_1_updated'====== Args={'value': 0, 'enabled': False}
2025-11-03 10:53:05,863 : INFO : EventManager : Event: ======'logicblock_enable_bodymovin_lock_2_updated'====== Args={'value': 0, 'enabled': False}
2025-11-03 10:53:05,863 : INFO : EventManager : Event: ======'logicblock_bodymovin_lock_2_updated'====== Args={'value': 0, 'enabled': False}
2025-11-03 10:53:05,863 : INFO : EventManager : Event: ======'logicblock_enable_bodymovin_lock_3_updated'====== Args={'value': 0, 'enabled': False}
2025-11-03 10:53:05,863 : INFO : EventManager : Event: ======'logicblock_bodymovin_multiball_ready_updated'====== Args={'value': 0, 'enabled': False}
2025-11-03 10:53:05,863 : INFO : EventManager : Event: ======'logicblock_drop_target_bank_counter_updated'====== Args={'value': 0, 'enabled': False}
2025-11-03 10:53:05,863 : INFO : EventManager : Event: ======'logicblock_completed_modes_count_updated'====== Args={'value': 0, 'enabled': True}
2025-11-03 10:53:05,864 : INFO : EventManager : Event: ======'logicblock_played_modes_count_updated'====== Args={'value': 0, 'enabled': True}
2025-11-03 10:53:05,864 : INFO : EventManager : Event: ======'logicblock_combos_count_updated'====== Args={'value': 0, 'enabled': True}
2025-11-03 10:53:05,864 : INFO : Mode.base : Started. Priority: 100
2025-11-03 10:53:05,864 : INFO : EventManager : Event: ======'modes_active_modes_changed'====== Args={}
2025-11-03 10:53:05,864 : INFO : EventManager : Event: ======'mode_base_started'====== Args={'queue': <QueuedEvent>, 'player': 1, 'ball': 1, 'balls_remaining': 2, 'is_extra_ball': False}
2025-11-03 10:53:05,866 : INFO : EventManager : Event: ======'logicblock_battery_charged_status_updated'====== Args={'value': 20, 'enabled': True}
2025-11-03 10:53:05,866 : INFO : EventManager : Event: ======'mode_combos_will_start'====== Args={'player': 1, 'ball': 1, 'balls_remaining': 2, 'is_extra_ball': False}
2025-11-03 10:53:05,873 : INFO : EventManager : Event: ======'mode_combos_starting'====== Args={'player': 1, 'ball': 1, 'balls_remaining': 2, 'is_extra_ball': False}
2025-11-03 10:53:05,873 : INFO : EventManager : Event: ======'mode_skill_shot_will_start'====== Args={'player': 1, 'ball': 1, 'balls_remaining': 2, 'is_extra_ball': False}
2025-11-03 10:53:05,874 : INFO : EventManager : Event: ======'player_shot_skillshot_side_targets_enabled'====== Args={'value': True, 'prev_value': 0, 'change': 1, 'player_num': 1}
2025-11-03 10:53:05,874 : INFO : EventManager : Event: ======'player_shot_skillshot_drop_targets_enabled'====== Args={'value': True, 'prev_value': 0, 'change': 1, 'player_num': 1}
2025-11-03 10:53:05,875 : INFO : EventManager : Event: ======'player_shot_skillshot_hideout_plunge_enabled'====== Args={'value': True, 'prev_value': 0, 'change': 1, 'player_num': 1}
2025-11-03 10:53:05,875 : INFO : EventManager : Event: ======'player_shot_skillshot_left_outlane_enabled'====== Args={'value': True, 'prev_value': 0, 'change': 1, 'player_num': 1}
2025-11-03 10:53:05,875 : INFO : EventManager : Event: ======'player_shot_skillshot_super_enabled'====== Args={'value': True, 'prev_value': 0, 'change': 1, 'player_num': 1}
2025-11-03 10:53:05,877 : INFO : EventManager : Event: ======'skillshot_complete'====== Args={'state': 'off'}
2025-11-03 10:53:05,877 : INFO : EventManager : Event: ======'skillshot_off_complete'====== Args={}
2025-11-03 10:53:05,877 : INFO : EventManager : Event: ======'player_skill_shot_skill_shot_timeout_tick'====== Args={'value': 0, 'prev_value': 0, 'change': 0, 'player_num': 1}
2025-11-03 10:53:05,878 : INFO : EventManager : Unordered handler for class <timer.skill_shot_timeout> on event ball_starting with priority 1. Handlers: [RegisteredHandler(callback=<bound method Timer.reset of <timer.skill_shot_timeout>>, priority=1, kwargs={}, key=UUID('9f447789-d399-4d52-b08b-a8214d4bd1f0'), condition=None, blocking_facility=None), RegisteredHandler(callback=<bound method Timer.pause of <timer.skill_shot_timeout>>, priority=1, kwargs={'timer_value': None}, key=UUID('d75a41ec-9c90-4ffc-a42d-cb9ff599c14f'), condition=None, blocking_facility=None)]. The order of those handlers is not defined and they will be executed in random order. This might lead to race conditions and potential bugs.
2025-11-03 10:53:05,879 : INFO : EventManager : Event: ======'mode_skill_shot_starting'====== Args={'player': 1, 'ball': 1, 'balls_remaining': 2, 'is_extra_ball': False}
2025-11-03 10:53:05,880 : INFO : EventManager : Event: ======'logicblock_drop_target_bank_counter_updated'====== Args={'value': 0, 'enabled': True}
2025-11-03 10:53:05,880 : INFO : EventManager : Event: ======'logicblock_combos_count_updated'====== Args={'value': 0, 'enabled': True}
2025-11-03 10:53:05,880 : INFO : EventManager : Event: ======'logicblock_combos_count_updated'====== Args={'value': 0, 'enabled': True}
2025-11-03 10:53:05,880 : INFO : EventManager : Event: ======'logicblock_enable_bodymovin_lock_1_updated'====== Args={'value': 0, 'enabled': False}
2025-11-03 10:53:05,880 : INFO : EventManager : Event: ======'logicblock_enable_bodymovin_lock_1_updated'====== Args={'value': 0, 'enabled': True}
2025-11-03 10:53:05,880 : INFO : EventManager : Event: ======'logicblock_qualify_chcheckitout_multiball_updated'====== Args={'value': 0, 'enabled': True}
2025-11-03 10:53:05,880 : INFO : EventManager : Event: ======'logicblock_chcheckitout_multiball_ready_updated'====== Args={'value': 0, 'enabled': False}
2025-11-03 10:53:05,880 : INFO : EventManager : Event: ======'player_chcheckitout_multiball_blocking_flag'====== Args={'value': 0, 'prev_value': 0, 'change': 0, 'player_num': 1, 'source': 'base'}
2025-11-03 10:53:05,880 : INFO : EventManager : Event: ======'player_bodymovin_multiball_blocking_flag'====== Args={'value': 0, 'prev_value': 0, 'change': 0, 'player_num': 1, 'source': 'base'}
2025-11-03 10:53:05,881 : INFO : EventManager : Event: ======'player_mode_blocking_flag'====== Args={'value': 0, 'prev_value': 0, 'change': 0, 'player_num': 1, 'source': 'base'}
2025-11-03 10:53:05,881 : INFO : EventManager : Event: ======'player_battery_charged_yesorno'====== Args={'value': 0, 'prev_value': 0, 'change': 0, 'player_num': 1, 'source': 'base'}
2025-11-03 10:53:05,881 : INFO : EventManager : Event: ======'player_combos'====== Args={'value': 0, 'prev_value': 0, 'change': 0, 'player_num': 1, 'source': 'base'}
2025-11-03 10:53:05,881 : INFO : EventManager : Event: ======'player_modes_played'====== Args={'value': 0, 'prev_value': 0, 'change': 0, 'player_num': 1, 'source': 'base'}
2025-11-03 10:53:05,881 : INFO : EventManager : Event: ======'player_modes_completed'====== Args={'value': 0, 'prev_value': 0, 'change': 0, 'player_num': 1, 'source': 'base'}
2025-11-03 10:53:05,882 : INFO : EventManager : Event: ======'player_bonus_multiplier'====== Args={'value': 1, 'prev_value': 0, 'change': 1, 'player_num': 1, 'source': 'base'}
2025-11-03 10:53:05,882 : INFO : EventManager : Event: ======'player_player_drop_target_bank_counter_count'====== Args={'value': 0, 'prev_value': 0, 'change': 0, 'player_num': 1, 'source': 'base'}
2025-11-03 10:53:05,882 : INFO : EventManager : Event: ======'player_drop_target_bank_counter_count'====== Args={'value': 0, 'prev_value': 0, 'change': 0, 'player_num': 1, 'source': 'base'}
2025-11-03 10:53:05,884 : INFO : EventManager : Event: ======'logicblock_battery_charged_status_updated'====== Args={'value': 0, 'enabled': True}
2025-11-03 10:53:05,884 : INFO : EventManager : Event: ======'battery_charged'====== Args={}
2025-11-03 10:53:05,884 : INFO : EventManager : Event: ======'logicblock_battery_charged_status_updated'====== Args={'value': 0, 'enabled': False}
2025-11-03 10:53:05,885 : INFO : EventManager : Event: ======'mode_carousel_will_start'====== Args={}
2025-11-03 10:53:05,887 : INFO : EventManager : Event: ======'mode_carousel_starting'====== Args={}
2025-11-03 10:53:05,887 : INFO : EventManager : Event: ======'player_battery_charged_yesorno'====== Args={'value': 1, 'prev_value': 0, 'change': 1, 'player_num': 1, 'source': 'base'}
2025-11-03 10:53:05,888 : INFO : EventManager : Event: ======'mode_multiball_will_start'====== Args={'queue': <QueuedEvent>, 'player': 1, 'ball': 1, 'balls_remaining': 2, 'is_extra_ball': False}
2025-11-03 10:53:05,894 : INFO : EventManager : Event: ======'mode_multiball_starting'====== Args={'queue': <QueuedEvent>, 'player': 1, 'ball': 1, 'balls_remaining': 2, 'is_extra_ball': False}
2025-11-03 10:53:05,895 : INFO : EventManager : Event: ======'ball_save_default_enabled'====== Args={}
2025-11-03 10:53:05,895 : INFO : Mode.carousel : Started. Priority: 200
2025-11-03 10:53:05,895 : INFO : EventManager : Event: ======'modes_active_modes_changed'====== Args={}
2025-11-03 10:53:05,895 : INFO : EventManager : Event: ======'mode_carousel_started'====== Args={}
2025-11-03 10:53:05,895 : INFO : EventManager : Event: ======'item_highlighted.item=='tripletrouble''====== Args={}
2025-11-03 10:53:05,897 : INFO : EventManager : Event: ======'item_highlighted'====== Args={'carousel': 'carousel', 'direction': None, 'item': 'intergalactic'}
2025-11-03 10:53:05,898 : INFO : Mode.skill_shot : Started. Priority: 500
2025-11-03 10:53:05,898 : INFO : EventManager : Event: ======'modes_active_modes_changed'====== Args={}
2025-11-03 10:53:05,898 : INFO : EventManager : Event: ======'mode_skill_shot_started'====== Args={'player': 1, 'ball': 1, 'balls_remaining': 2, 'is_extra_ball': False}
2025-11-03 10:53:05,899 : INFO : EventManager : Event: ======'advance_skill_super'====== Args={'player': 1, 'ball': 1, 'balls_remaining': 2, 'is_extra_ball': False}
2025-11-03 10:53:05,899 : INFO : EventManager : Event: ======'player_shot_skillshot_super'====== Args={'value': 1, 'prev_value': 0, 'change': 1, 'player_num': 1}
2025-11-03 10:53:05,900 : INFO : Mode.combos : Started. Priority: 2000
2025-11-03 10:53:05,900 : INFO : EventManager : Event: ======'modes_active_modes_changed'====== Args={}
2025-11-03 10:53:05,900 : INFO : EventManager : Event: ======'mode_combos_started'====== Args={'player': 1, 'ball': 1, 'balls_remaining': 2, 'is_extra_ball': False}
2025-11-03 10:53:05,901 : INFO : EventManager : Event: ======'logicblock_completing_chcheckitout_jackpots_updated'====== Args={'value': [False, False, False, False], 'enabled': True}
2025-11-03 10:53:05,901 : INFO : EventManager : Event: ======'logicblock_completing_bodymovin_jackpots_updated'====== Args={'value': [False, False, False, False], 'enabled': True}
2025-11-03 10:53:05,902 : INFO : EventManager : Event: ======'logicblock_completing_chcheckitout_jackpots_updated'====== Args={'value': [False, False, False, False], 'enabled': True}
2025-11-03 10:53:05,902 : INFO : EventManager : Event: ======'logicblock_completing_bodymovin_jackpots_updated'====== Args={'value': [False, False, False, False], 'enabled': True}
2025-11-03 10:53:05,902 : INFO : EventManager : Event: ======'logicblock_chcheckitout_superjackpot_updated'====== Args={'value': 0, 'enabled': False}
2025-11-03 10:53:05,902 : INFO : EventManager : Event: ======'logicblock_chcheckitout_leftorbit_jackpot_updated'====== Args={'value': 0, 'enabled': False}
2025-11-03 10:53:05,902 : INFO : EventManager : Event: ======'logicblock_chcheckitout_leftramp_jackpot_updated'====== Args={'value': 0, 'enabled': False}
2025-11-03 10:53:05,902 : INFO : EventManager : Event: ======'logicblock_chcheckitout_rightramp_jackpot_updated'====== Args={'value': 0, 'enabled': False}
2025-11-03 10:53:05,902 : INFO : EventManager : Event: ======'logicblock_chcheckitout_rightorbit_jackpot_updated'====== Args={'value': 0, 'enabled': False}
2025-11-03 10:53:05,902 : INFO : EventManager : Event: ======'logicblock_bodymovin_superjackpot_updated'====== Args={'value': 0, 'enabled': False}
2025-11-03 10:53:05,902 : INFO : EventManager : Event: ======'logicblock_bodymovin_leftorbit_jackpot_updated'====== Args={'value': 0, 'enabled': False}
2025-11-03 10:53:05,902 : INFO : EventManager : Event: ======'logicblock_bodymovin_leftramp_jackpot_updated'====== Args={'value': 0, 'enabled': False}
2025-11-03 10:53:05,902 : INFO : EventManager : Event: ======'logicblock_bodymovin_rightramp_jackpot_updated'====== Args={'value': 0, 'enabled': False}
2025-11-03 10:53:05,902 : INFO : EventManager : Event: ======'logicblock_bodymovin_rightorbit_jackpot_updated'====== Args={'value': 0, 'enabled': False}
2025-11-03 10:53:05,902 : INFO : Mode.multiball : Started. Priority: 1000
2025-11-03 10:53:05,902 : INFO : EventManager : Event: ======'modes_active_modes_changed'====== Args={}
2025-11-03 10:53:05,902 : INFO : EventManager : Event: ======'mode_multiball_started'====== Args={'queue': <QueuedEvent>, 'player': 1, 'ball': 1, 'balls_remaining': 2, 'is_extra_ball': False}
2025-11-03 10:53:05,904 : INFO : EventManager : Event: ======'single_player_ball_started'====== Args={}
2025-11-03 10:53:05,918 : INFO : EventManager : Event: ======'ball_start_target'====== Args={'target': 'playfield'}
2025-11-03 10:53:05,919 : INFO : EventManager : Event: ======'slide_base_created'====== Args={'_from_bcp': True}
2025-11-03 10:53:05,920 : INFO : ball_device.bd_plunger : Setting up player-controlled eject. Balls: 1, Target: <playfield.playfield>, player_controlled_eject_event: None
2025-11-03 10:53:05,920 : INFO : EventManager : Event: ======'balldevice_balls_available'====== Args={}
2025-11-03 10:53:05,921 : INFO : EventManager : Event: ======'play_base_video2'====== Args={'_from_bcp': True}
2025-11-03 10:53:05,922 : INFO : ball_device.bd_trough : State: waiting_for_target_ready
2025-11-03 10:53:05,924 : INFO : EventManager : Event: ======'balldevice_bd_trough_ball_eject_attempt'====== Args={'balls': 1, 'target': <ball_device.bd_plunger>, 'source': <ball_device.bd_trough>, 'mechanical_eject': True, 'num_attempts': 0}
2025-11-03 10:53:05,924 : INFO : ball_device.bd_plunger : State: waiting_for_ball
2025-11-03 10:53:05,926 : INFO : ball_device.bd_trough : State: ejecting
2025-11-03 10:53:05,926 : INFO : ball_device.bd_trough : Ejecting ball to <ball_device.bd_plunger>
2025-11-03 10:53:05,927 : INFO : EventManager : Event: ======'balldevice_bd_trough_ejecting_ball'====== Args={'balls': 1, 'target': <ball_device.bd_plunger>, 'source': <ball_device.bd_trough>, 'mechanical_eject': True, 'num_attempts': 0}
2025-11-03 10:53:05,928 : INFO : EventManager : Event: ======'slide_score_overlay_created'====== Args={'_from_bcp': True}
2025-11-03 10:53:05,928 : INFO : EventManager : Event: ======'slide_attract_load_inactive'====== Args={'is_removing': True, '_from_bcp': True}
2025-11-03 10:53:05,928 : INFO : EventManager : Event: ======'slide_score_overlay_active'====== Args={'original_context': 'base', 'original_calling_context': 'mode_base_started', 'priority': 100.0, 'queue': '<QueuedEvent>', 'player': 1.0, 'ball': 1.0, 'balls_remaining': 2.0, 'is_extra_ball': False, 'cmd': 'slides_play', '_from_bcp': True}
2025-11-03 10:53:05,929 : INFO : ball_device.bd_trough : Wait for ball to leave device
2025-11-03 10:53:05,930 : INFO : coil.c_trough_eject : Pulsing Driver for 20ms (1.0 pulse_power)
2025-11-03 10:53:05,930 : INFO : SwitchController : <<<<<<< 's_trough1' inactive >>>>>>>
2025-11-03 10:53:05,937 : INFO : EventManager : Event: ======'slide_attract_load_removed'====== Args={'_from_bcp': True}
2025-11-03 10:53:05,938 : INFO : ball_device.bd_trough : State: ball_left
2025-11-03 10:53:05,938 : INFO : ball_device.bd_trough : Ball left
2025-11-03 10:53:05,938 : INFO : ball_device.bd_trough : Wait for confirm with timeout 3.0
2025-11-03 10:53:06,027 : INFO : SwitchController : <<<<<<< 's_plunger' active >>>>>>>
2025-11-03 10:53:06,028 : INFO : EventManager : Event: ======'machine_var_audits_switches_s_plunger'====== Args={'value': 1489, 'prev_value': 1488, 'change': 1}
2025-11-03 10:53:06,033 : INFO : EventManager : Event: ======'slide_current_mode_highlighted_created'====== Args={'_from_bcp': True}
2025-11-03 10:53:06,071 : INFO : EventManager : Event: ======'slide_skillshot_overlay_created'====== Args={'_from_bcp': True}
2025-11-03 10:53:06,071 : INFO : EventManager : Event: ======'slide_score_overlay_inactive'====== Args={'is_removing': False, '_from_bcp': True}
2025-11-03 10:53:06,071 : INFO : EventManager : Event: ======'slide_skillshot_overlay_active'====== Args={'original_context': 'skill_shot', 'original_calling_context': 'mode_skill_shot_started', 'priority': 500.0, 'player': 1.0, 'ball': 1.0, 'balls_remaining': 2.0, 'is_extra_ball': False, 'cmd': 'slides_play', '_from_bcp': True}
2025-11-03 10:53:06,092 : INFO : EventManager : Event: ======'slide_basevideo2_created'====== Args={'_from_bcp': True}
2025-11-03 10:53:06,525 : INFO : ball_device.bd_plunger : Received ball from <ball_device.bd_trough>
2025-11-03 10:53:06,525 : INFO : EventManager : Event: ======'balldevice_bd_plunger_ball_enter'====== Args={'new_balls': 1, 'unclaimed_balls': 0, 'new_available_balls': 0, 'device': <ball_device.bd_plunger>}
2025-11-03 10:53:06,526 : INFO : EventManager : Event: ======'balldevice_bd_plunger_ball_entered'====== Args={'new_balls': 0, 'device': <ball_device.bd_plunger>}
2025-11-03 10:53:06,526 : INFO : EventManager : Event: ======'balldevice_bd_plunger_ball_count_changed'====== Args={'balls': 1}
2025-11-03 10:53:06,527 : INFO : ball_device.bd_trough : Got eject confirm
2025-11-03 10:53:06,527 : INFO : ball_device.bd_trough : Eject successful
2025-11-03 10:53:06,527 : INFO : EventManager : Event: ======'balldevice_bd_trough_ball_eject_success'====== Args={'balls': 1, 'target': <ball_device.bd_plunger>}
2025-11-03 10:53:06,527 : INFO : EventManager : Event: ======'balldevice_bd_trough_ball_count_changed'====== Args={'balls': 5}
2025-11-03 10:53:06,527 : INFO : ball_device.bd_trough : State: idle
2025-11-03 10:53:06,527 : INFO : ball_device.bd_plunger : State: waiting_for_target_ready
2025-11-03 10:53:06,528 : INFO : EventManager : Event: ======'balldevice_bd_plunger_ball_eject_attempt'====== Args={'balls': 1, 'target': <playfield.playfield>, 'source': <ball_device.bd_plunger>, 'mechanical_eject': True, 'num_attempts': 0}
2025-11-03 10:53:06,528 : INFO : ball_device.bd_plunger : State: ejecting
2025-11-03 10:53:06,528 : INFO : ball_device.bd_plunger : Ejecting ball to <playfield.playfield>
2025-11-03 10:53:06,528 : INFO : EventManager : Event: ======'balldevice_bd_plunger_ejecting_ball'====== Args={'balls': 1, 'target': <playfield.playfield>, 'source': <ball_device.bd_plunger>, 'mechanical_eject': True, 'num_attempts': 0}
2025-11-03 10:53:06,529 : INFO : ball_device.bd_plunger : Wait for ball to leave device
2025-11-03 10:53:06,588 : INFO : SwitchController : <<<<<<< 's_plunger' inactive >>>>>>>
2025-11-03 10:53:06,588 : INFO : EventManager : Event: ======'ball_out'====== Args={}
2025-11-03 10:53:06,588 : INFO : EventManager : Event: ======'ball_save_default_timer_start'====== Args={}
2025-11-03 10:53:06,592 : INFO : ball_device.bd_plunger : State: ball_left
2025-11-03 10:53:06,592 : INFO : ball_device.bd_plunger : Ball left
2025-11-03 10:53:06,592 : INFO : ball_device.bd_plunger : Wait for confirm with timeout 3.0
2025-11-03 10:53:06,842 : INFO : SwitchController : <<<<<<< 's_three_bank_top' active >>>>>>>
2025-11-03 10:53:06,842 : INFO : EventManager : Event: ======'playfield_active'====== Args={'source': 'top_drop'}
2025-11-03 10:53:06,842 : INFO : EventManager : Event: ======'playfield_active'====== Args={'source': 'skillshot_drop_targets'}
2025-11-03 10:53:06,842 : INFO : EventManager : Event: ======'s_three_bank_top_active'====== Args={}
2025-11-03 10:53:06,843 : INFO : EventManager : Event: ======'playfield_active'====== Args={'source': 'top'}
2025-11-03 10:53:06,843 : INFO : EventManager : Event: ======'drop_target_top_down'====== Args={'device': <drop_target.top>}
2025-11-03 10:53:06,843 : INFO : EventManager : Event: ======'drop_target_bank_three_bank_mixed'====== Args={'prev_value': <DropTargetBankState.UP: 'up'>, 'down': 1}
2025-11-03 10:53:06,843 : INFO : EventManager : Event: ======'machine_var_audits_switches_s_three_bank_top'====== Args={'value': 779, 'prev_value': 778, 'change': 1}
2025-11-03 10:53:06,844 : INFO : EventManager : Event: ======'player_base_bodymovin_lock_enabled_widget_timer_tick'====== Args={'value': 1, 'prev_value': 0, 'change': 1, 'player_num': 1}
2025-11-03 10:53:06,844 : INFO : EventManager : Event: ======'timer_bodymovin_lock_enabled_widget_timer_tick'====== Args={'ticks': 1, 'ticks_remaining': 3}
2025-11-03 10:53:06,844 : INFO : EventManager : Event: ======'player_shot_skillshot_drop_targets'====== Args={'value': 1, 'prev_value': 0, 'change': 1, 'player_num': 1}
2025-11-03 10:53:06,844 : INFO : EventManager : Event: ======'machine_var_audits_shots_skillshot_drop_targets'====== Args={'value': 232, 'prev_value': 231, 'change': 1}
2025-11-03 10:53:06,845 : INFO : EventManager : Event: ======'skillshot_drop_targets_hit'====== Args={'profile': 'skill_shot_profile', 'state': 'off', 'advancing': True}
2025-11-03 10:53:06,845 : INFO : EventManager : Event: ======'skillshot_drop_targets_skill_shot_profile_hit'====== Args={'profile': 'skill_shot_profile', 'state': 'off', 'advancing': True}
2025-11-03 10:53:06,845 : INFO : EventManager : Event: ======'skillshot_drop_targets_skill_shot_profile_off_hit'====== Args={'profile': 'skill_shot_profile', 'state': 'off', 'advancing': True}
2025-11-03 10:53:06,845 : INFO : EventManager : Event: ======'skillshot_drop_targets_off_hit'====== Args={'profile': 'skill_shot_profile', 'state': 'off', 'advancing': True}
2025-11-03 10:53:06,845 : INFO : EventManager : Event: ======'machine_var_audits_shots_top_drop'====== Args={'value': 241, 'prev_value': 240, 'change': 1}
2025-11-03 10:53:06,845 : INFO : EventManager : Event: ======'top_drop_hit'====== Args={'profile': 'base_shot_profile', 'state': 'off', 'advancing': False}
2025-11-03 10:53:06,845 : INFO : EventManager : Event: ======'top_drop_base_shot_profile_hit'====== Args={'profile': 'base_shot_profile', 'state': 'off', 'advancing': False}
2025-11-03 10:53:06,845 : INFO : EventManager : Event: ======'top_drop_base_shot_profile_off_hit'====== Args={'profile': 'base_shot_profile', 'state': 'off', 'advancing': False}
2025-11-03 10:53:06,845 : INFO : EventManager : Event: ======'top_drop_off_hit'====== Args={'profile': 'base_shot_profile', 'state': 'off', 'advancing': False}
2025-11-03 10:53:06,845 : INFO : EventManager : Event: ======'player_score'====== Args={'value': 2220, 'prev_value': 0, 'change': 2220, 'player_num': 1, 'source': 'base'}
2025-11-03 10:53:06,846 : INFO : EventManager : Event: ======'skillshot_hit'====== Args={'shot': 'skillshot_drop_targets'}
2025-11-03 10:53:06,846 : INFO : EventManager : Event: ======'skillshot_off_hit'====== Args={'shot': 'skillshot_drop_targets'}
2025-11-03 10:53:06,846 : INFO : EventManager : Event: ======'mode_skill_shot_will_stop'====== Args={}
2025-11-03 10:53:06,846 : INFO : EventManager : Event: ======'mode_skill_shot_stopping'====== Args={}
2025-11-03 10:53:06,850 : INFO : Mode.skill_shot : Stopped.
2025-11-03 10:53:06,850 : INFO : EventManager : Event: ======'modes_active_modes_changed'====== Args={}
2025-11-03 10:53:06,850 : INFO : EventManager : Event: ======'mode_skill_shot_stopped'====== Args={}
2025-11-03 10:53:06,850 : INFO : EventManager : Event: ======'clear'====== Args={'key': 'skill_shot'}
2025-11-03 10:53:06,852 : INFO : Timer.skill_shot_timeout : Stopping Timer
2025-11-03 10:53:06,852 : INFO : EventManager : Event: ======'timer_skill_shot_timeout_stopped'====== Args={'ticks': 0, 'ticks_remaining': 0}
2025-11-03 10:53:06,882 : INFO : ball_device.bd_plunger : Got eject confirm
2025-11-03 10:53:06,882 : INFO : ball_device.bd_plunger : Eject successful
2025-11-03 10:53:06,882 : INFO : EventManager : Event: ======'balldevice_bd_plunger_ball_eject_success'====== Args={'balls': 1, 'target': <playfield.playfield>}
2025-11-03 10:53:06,883 : INFO : EventManager : Event: ======'slide_skillshot_overlay_inactive'====== Args={'is_removing': True, '_from_bcp': True}
2025-11-03 10:53:06,883 : INFO : EventManager : Event: ======'slide_score_overlay_active'====== Args={'_from_bcp': True}
2025-11-03 10:53:06,883 : INFO : EventManager : Event: ======'slide_skillshot_overlay_removed'====== Args={'_from_bcp': True}
2025-11-03 10:53:06,884 : INFO : EventManager : Event: ======'balldevice_playfield_ball_enter'====== Args={'new_balls': 1, 'unclaimed_balls': 1, 'device': <playfield.playfield>}
2025-11-03 10:53:06,884 : INFO : EventManager : Event: ======'playfield_ball_count_change'====== Args={'balls': 1, 'change': 1}
2025-11-03 10:53:06,884 : INFO : EventManager : Event: ======'balldevice_bd_plunger_ball_count_changed'====== Args={'balls': 0}
2025-11-03 10:53:06,884 : INFO : ball_device.bd_plunger : State: idle
2025-11-03 10:53:07,852 : INFO : EventManager : Event: ======'player_base_bodymovin_lock_enabled_widget_timer_tick'====== Args={'value': 2, 'prev_value': 1, 'change': 1, 'player_num': 1}
2025-11-03 10:53:07,852 : INFO : EventManager : Event: ======'timer_bodymovin_lock_enabled_widget_timer_tick'====== Args={'ticks': 2, 'ticks_remaining': 2}
2025-11-03 10:53:08,866 : INFO : EventManager : Event: ======'player_base_bodymovin_lock_enabled_widget_timer_tick'====== Args={'value': 3, 'prev_value': 2, 'change': 1, 'player_num': 1}
2025-11-03 10:53:08,867 : INFO : EventManager : Event: ======'timer_bodymovin_lock_enabled_widget_timer_tick'====== Args={'ticks': 3, 'ticks_remaining': 1}
2025-11-03 10:53:09,151 : INFO : SwitchController : <<<<<<< 's_right_lower_pop' active >>>>>>>
2025-11-03 10:53:09,152 : INFO : EventManager : Event: ======'s_right_lower_pop_active'====== Args={}
2025-11-03 10:53:09,152 : INFO : EventManager : Event: ======'machine_var_audits_switches_s_right_lower_pop'====== Args={'value': 1270, 'prev_value': 1269, 'change': 1}
2025-11-03 10:53:09,153 : INFO : EventManager : Event: ======'item_highlighted'====== Args={'carousel': 'carousel', 'direction': 'backwards', 'item': 'sabotage'}
2025-11-03 10:53:09,153 : INFO : EventManager : Event: ======'machine_var_audits_shots_pop3'====== Args={'value': 521, 'prev_value': 520, 'change': 1}
2025-11-03 10:53:09,154 : INFO : EventManager : Event: ======'pop3_hit'====== Args={'profile': 'base_shot_profile', 'state': 'off', 'advancing': False}
2025-11-03 10:53:09,154 : INFO : EventManager : Event: ======'pop3_base_shot_profile_hit'====== Args={'profile': 'base_shot_profile', 'state': 'off', 'advancing': False}
2025-11-03 10:53:09,154 : INFO : EventManager : Event: ======'pop3_base_shot_profile_off_hit'====== Args={'profile': 'base_shot_profile', 'state': 'off', 'advancing': False}
2025-11-03 10:53:09,154 : INFO : EventManager : Event: ======'pop3_off_hit'====== Args={'profile': 'base_shot_profile', 'state': 'off', 'advancing': False}
2025-11-03 10:53:09,155 : INFO : EventManager : Event: ======'player_score'====== Args={'value': 3330, 'prev_value': 2220, 'change': 1110, 'player_num': 1, 'source': 'base'}
2025-11-03 10:53:09,269 : INFO : SwitchController : <<<<<<< 's_right_lower_pop' inactive >>>>>>>
2025-11-03 10:53:09,863 : INFO : EventManager : Event: ======'player_base_bodymovin_lock_enabled_widget_timer_tick'====== Args={'value': 4, 'prev_value': 3, 'change': 1, 'player_num': 1}
2025-11-03 10:53:09,863 : INFO : Timer.bodymovin_lock_enabled_widget_timer : Timer Complete
2025-11-03 10:53:09,863 : INFO : Timer.bodymovin_lock_enabled_widget_timer : Stopping Timer
2025-11-03 10:53:09,864 : INFO : EventManager : Event: ======'timer_bodymovin_lock_enabled_widget_timer_stopped'====== Args={'ticks': 4, 'ticks_remaining': 1}
2025-11-03 10:53:09,864 : INFO : EventManager : Event: ======'timer_bodymovin_lock_enabled_widget_timer_complete'====== Args={'ticks': 4, 'ticks_remaining': 1}
2025-11-03 10:53:10,568 : INFO : SwitchController : <<<<<<< 's_trough1' active >>>>>>>
2025-11-03 10:53:10,569 : INFO : EventManager : Event: ======'machine_var_audits_switches_s_trough1'====== Args={'value': 434, 'prev_value': 433, 'change': 1}
2025-11-03 10:53:11,081 : INFO : EventManager : Event: ======'balldevice_bd_trough_ball_count_changed'====== Args={'balls': 6}
2025-11-03 10:53:11,081 : INFO : ball_device.bd_trough : Received unexpected ball
2025-11-03 10:53:11,081 : INFO : EventManager : Event: ======'balldevice_captured_from_playfield'====== Args={'balls': 1}
2025-11-03 10:53:11,081 : INFO : EventManager : Event: ======'sw_playfield_active'====== Args={'balls': 1}
2025-11-03 10:53:11,081 : INFO : EventManager : Event: ======'playfield_ball_count_change'====== Args={'balls': 0, 'change': -1}
2025-11-03 10:53:11,081 : INFO : EventManager : Event: ======'balldevice_bd_trough_ball_enter'====== Args={'new_balls': 1, 'unclaimed_balls': 1, 'new_available_balls': 1, 'device': <ball_device.bd_trough>}
2025-11-03 10:53:11,083 : INFO : EventManager : Event: ======'ball_drain'====== Args={'device': <ball_device.bd_trough>, 'balls': 1}
2025-11-03 10:53:11,083 : INFO : EventManager : Event: ======'ball_save_default_saving_ball'====== Args={'balls': 1, 'early_save': False}
2025-11-03 10:53:11,083 : INFO : ball_device.bd_plunger : Adding 1 ball(s) to the eject_queue with target <playfield.playfield>.
2025-11-03 10:53:11,083 : INFO : EventManager : Event: ======'balldevice_balls_available'====== Args={}
2025-11-03 10:53:11,084 : INFO : EventManager : Event: ======'balldevice_balls_available'====== Args={}
2025-11-03 10:53:11,084 : INFO : EventManager : Event: ======'balldevice_bd_trough_ball_entered'====== Args={'new_balls': 1, 'device': <ball_device.bd_trough>}
2025-11-03 10:53:11,085 : INFO : ball_device.bd_trough : State: waiting_for_target_ready
2025-11-03 10:53:11,086 : INFO : EventManager : Event: ======'balldevice_bd_trough_ball_eject_attempt'====== Args={'balls': 1, 'target': <ball_device.bd_plunger>, 'source': <ball_device.bd_trough>, 'mechanical_eject': False, 'num_attempts': 0}
2025-11-03 10:53:11,086 : INFO : ball_device.bd_plunger : State: waiting_for_ball
2025-11-03 10:53:11,087 : INFO : ball_device.bd_trough : State: ejecting
2025-11-03 10:53:11,087 : INFO : ball_device.bd_trough : Ejecting ball to <ball_device.bd_plunger>
2025-11-03 10:53:11,087 : INFO : EventManager : Event: ======'balldevice_bd_trough_ejecting_ball'====== Args={'balls': 1, 'target': <ball_device.bd_plunger>, 'source': <ball_device.bd_trough>, 'mechanical_eject': False, 'num_attempts': 0}
2025-11-03 10:53:11,088 : INFO : ball_device.bd_trough : Wait for ball to leave device
2025-11-03 10:53:11,088 : INFO : coil.c_trough_eject : Pulsing Driver for 20ms (1.0 pulse_power)
2025-11-03 10:53:11,089 : INFO : SwitchController : <<<<<<< 's_trough1' inactive >>>>>>>
2025-11-03 10:53:11,092 : INFO : ball_device.bd_trough : State: ball_left
2025-11-03 10:53:11,093 : INFO : ball_device.bd_trough : Ball left
2025-11-03 10:53:11,093 : INFO : ball_device.bd_trough : Wait for confirm with timeout 3.0
2025-11-03 10:53:11,189 : INFO : SwitchController : <<<<<<< 's_plunger' active >>>>>>>
2025-11-03 10:53:11,190 : INFO : EventManager : Event: ======'machine_var_audits_switches_s_plunger'====== Args={'value': 1490, 'prev_value': 1489, 'change': 1}
2025-11-03 10:53:11,707 : INFO : ball_device.bd_plunger : Received ball from <ball_device.bd_trough>
2025-11-03 10:53:11,707 : INFO : EventManager : Event: ======'balldevice_bd_plunger_ball_enter'====== Args={'new_balls': 1, 'unclaimed_balls': 0, 'new_available_balls': 0, 'device': <ball_device.bd_plunger>}
2025-11-03 10:53:11,708 : INFO : EventManager : Event: ======'balldevice_bd_plunger_ball_entered'====== Args={'new_balls': 0, 'device': <ball_device.bd_plunger>}
2025-11-03 10:53:11,709 : INFO : EventManager : Event: ======'balldevice_bd_plunger_ball_count_changed'====== Args={'balls': 1}
2025-11-03 10:53:11,709 : INFO : ball_device.bd_trough : Got eject confirm
2025-11-03 10:53:11,709 : INFO : ball_device.bd_trough : Eject successful
2025-11-03 10:53:11,709 : INFO : EventManager : Event: ======'balldevice_bd_trough_ball_eject_success'====== Args={'balls': 1, 'target': <ball_device.bd_plunger>}
2025-11-03 10:53:11,709 : INFO : EventManager : Event: ======'balldevice_bd_trough_ball_count_changed'====== Args={'balls': 5}
2025-11-03 10:53:11,709 : INFO : ball_device.bd_trough : State: idle
2025-11-03 10:53:11,710 : INFO : ball_device.bd_plunger : State: waiting_for_target_ready
2025-11-03 10:53:11,711 : INFO : EventManager : Event: ======'balldevice_bd_plunger_ball_eject_attempt'====== Args={'balls': 1, 'target': <playfield.playfield>, 'source': <ball_device.bd_plunger>, 'mechanical_eject': False, 'num_attempts': 0}
2025-11-03 10:53:11,712 : INFO : ball_device.bd_plunger : State: ejecting
2025-11-03 10:53:11,712 : INFO : ball_device.bd_plunger : Ejecting ball to <playfield.playfield>
2025-11-03 10:53:11,712 : INFO : EventManager : Event: ======'balldevice_bd_plunger_ejecting_ball'====== Args={'balls': 1, 'target': <playfield.playfield>, 'source': <ball_device.bd_plunger>, 'mechanical_eject': False, 'num_attempts': 0}
2025-11-03 10:53:11,713 : INFO : ball_device.bd_plunger : Wait for ball to leave device
2025-11-03 10:53:11,713 : INFO : coil.c_plunger : Pulsing Driver for 20ms (1.0 pulse_power)
2025-11-03 10:53:11,713 : INFO : SwitchController : <<<<<<< 's_plunger' inactive >>>>>>>
2025-11-03 10:53:11,714 : INFO : EventManager : Event: ======'ball_out'====== Args={}
2025-11-03 10:53:11,719 : INFO : ball_device.bd_plunger : State: ball_left
2025-11-03 10:53:11,720 : INFO : ball_device.bd_plunger : Ball left
2025-11-03 10:53:11,720 : INFO : ball_device.bd_plunger : Wait for confirm with timeout 3.0
2025-11-03 10:53:12,580 : INFO : EventManager : Event: ======'ball_save_default_hurry_up'====== Args={}
2025-11-03 10:53:14,198 : INFO : SwitchController : <<<<<<< 's_trough1' active >>>>>>>
2025-11-03 10:53:14,198 : INFO : EventManager : Event: ======'machine_var_audits_switches_s_trough1'====== Args={'value': 435, 'prev_value': 434, 'change': 1}
2025-11-03 10:53:14,707 : INFO : EventManager : Event: ======'balldevice_bd_trough_ball_count_changed'====== Args={'balls': 6}
2025-11-03 10:53:14,709 : INFO : ball_device.bd_trough : Received unexpected ball
2025-11-03 10:53:14,709 : INFO : EventManager : Event: ======'balldevice_captured_from_playfield'====== Args={'balls': 1}
2025-11-03 10:53:14,709 : INFO : EventManager : Event: ======'sw_playfield_active'====== Args={'balls': 1}
2025-11-03 10:53:14,710 : INFO : EventManager : Event: ======'playfield_active'====== Args={'source': None}
2025-11-03 10:53:14,710 : INFO : EventManager : Event: ======'playfield_ball_count_change'====== Args={'balls': -1, 'change': -1}
2025-11-03 10:53:14,710 : INFO : EventManager : Event: ======'balldevice_bd_trough_ball_enter'====== Args={'new_balls': 1, 'unclaimed_balls': 1, 'new_available_balls': 1, 'device': <ball_device.bd_trough>}
2025-11-03 10:53:14,711 : INFO : EventManager : Event: ======'ball_drain'====== Args={'device': <ball_device.bd_trough>, 'balls': 1}
2025-11-03 10:53:14,711 : INFO : EventManager : Event: ======'ball_save_default_saving_ball'====== Args={'balls': 1, 'early_save': False}
2025-11-03 10:53:14,711 : INFO : ball_device.bd_plunger : Adding 1 ball(s) to the eject_queue with target <playfield.playfield>.
2025-11-03 10:53:14,711 : INFO : EventManager : Event: ======'balldevice_balls_available'====== Args={}
2025-11-03 10:53:14,712 : INFO : ball_device.bd_plunger : Got eject confirm
2025-11-03 10:53:14,712 : INFO : ball_device.bd_plunger : Eject successful
2025-11-03 10:53:14,712 : INFO : EventManager : Event: ======'balldevice_bd_plunger_ball_eject_success'====== Args={'balls': 1, 'target': <playfield.playfield>}
2025-11-03 10:53:14,712 : INFO : EventManager : Event: ======'balldevice_playfield_ball_enter'====== Args={'new_balls': 1, 'unclaimed_balls': 1, 'device': <playfield.playfield>}
2025-11-03 10:53:14,712 : INFO : EventManager : Event: ======'playfield_ball_count_change'====== Args={'balls': 0, 'change': 1}
2025-11-03 10:53:14,712 : INFO : EventManager : Event: ======'balldevice_balls_available'====== Args={}
2025-11-03 10:53:14,712 : INFO : EventManager : Event: ======'balldevice_bd_trough_ball_entered'====== Args={'new_balls': 1, 'device': <ball_device.bd_trough>}
2025-11-03 10:53:14,713 : INFO : EventManager : Event: ======'balldevice_bd_plunger_ball_count_changed'====== Args={'balls': 0}
2025-11-03 10:53:14,713 : INFO : ball_device.bd_plunger : State: idle
2025-11-03 10:53:14,714 : INFO : ball_device.bd_plunger : State: waiting_for_ball
2025-11-03 10:53:14,715 : INFO : ball_device.bd_trough : State: waiting_for_target_ready
2025-11-03 10:53:14,715 : INFO : EventManager : Event: ======'balldevice_bd_trough_ball_eject_attempt'====== Args={'balls': 1, 'target': <ball_device.bd_plunger>, 'source': <ball_device.bd_trough>, 'mechanical_eject': False, 'num_attempts': 0}
2025-11-03 10:53:14,715 : INFO : ball_device.bd_trough : State: ejecting
2025-11-03 10:53:14,717 : INFO : ball_device.bd_trough : Ejecting ball to <ball_device.bd_plunger>
2025-11-03 10:53:14,717 : INFO : EventManager : Event: ======'balldevice_bd_trough_ejecting_ball'====== Args={'balls': 1, 'target': <ball_device.bd_plunger>, 'source': <ball_device.bd_trough>, 'mechanical_eject': False, 'num_attempts': 0}
2025-11-03 10:53:14,719 : INFO : ball_device.bd_trough : Wait for ball to leave device
2025-11-03 10:53:14,719 : INFO : coil.c_trough_eject : Pulsing Driver for 20ms (1.0 pulse_power)
2025-11-03 10:53:14,720 : INFO : SwitchController : <<<<<<< 's_trough1' inactive >>>>>>>
2025-11-03 10:53:14,724 : INFO : ball_device.bd_trough : State: ball_left
2025-11-03 10:53:14,724 : INFO : ball_device.bd_trough : Ball left
2025-11-03 10:53:14,724 : INFO : ball_device.bd_trough : Wait for confirm with timeout 3.0
2025-11-03 10:53:14,815 : INFO : SwitchController : <<<<<<< 's_plunger' active >>>>>>>
2025-11-03 10:53:14,815 : INFO : EventManager : Event: ======'machine_var_audits_switches_s_plunger'====== Args={'value': 1491, 'prev_value': 1490, 'change': 1}
2025-11-03 10:53:15,329 : INFO : ball_device.bd_plunger : Received ball from <ball_device.bd_trough>
2025-11-03 10:53:15,329 : INFO : EventManager : Event: ======'balldevice_bd_plunger_ball_enter'====== Args={'new_balls': 1, 'unclaimed_balls': 0, 'new_available_balls': 0, 'device': <ball_device.bd_plunger>}
2025-11-03 10:53:15,330 : INFO : EventManager : Event: ======'balldevice_bd_plunger_ball_entered'====== Args={'new_balls': 0, 'device': <ball_device.bd_plunger>}
2025-11-03 10:53:15,332 : INFO : EventManager : Event: ======'balldevice_bd_plunger_ball_count_changed'====== Args={'balls': 1}
2025-11-03 10:53:15,332 : INFO : ball_device.bd_trough : Got eject confirm
2025-11-03 10:53:15,332 : INFO : ball_device.bd_trough : Eject successful
2025-11-03 10:53:15,332 : INFO : EventManager : Event: ======'balldevice_bd_trough_ball_eject_success'====== Args={'balls': 1, 'target': <ball_device.bd_plunger>}
2025-11-03 10:53:15,333 : INFO : EventManager : Event: ======'balldevice_bd_trough_ball_count_changed'====== Args={'balls': 5}
2025-11-03 10:53:15,333 : INFO : ball_device.bd_trough : State: idle
2025-11-03 10:53:15,334 : INFO : ball_device.bd_plunger : State: waiting_for_target_ready
2025-11-03 10:53:15,334 : INFO : EventManager : Event: ======'balldevice_bd_plunger_ball_eject_attempt'====== Args={'balls': 1, 'target': <playfield.playfield>, 'source': <ball_device.bd_plunger>, 'mechanical_eject': False, 'num_attempts': 0}
2025-11-03 10:53:15,335 : INFO : ball_device.bd_plunger : State: ejecting
2025-11-03 10:53:15,336 : INFO : ball_device.bd_plunger : Ejecting ball to <playfield.playfield>
2025-11-03 10:53:15,336 : INFO : EventManager : Event: ======'balldevice_bd_plunger_ejecting_ball'====== Args={'balls': 1, 'target': <playfield.playfield>, 'source': <ball_device.bd_plunger>, 'mechanical_eject': False, 'num_attempts': 0}
2025-11-03 10:53:15,337 : INFO : ball_device.bd_plunger : Wait for ball to leave device
2025-11-03 10:53:15,338 : INFO : coil.c_plunger : Pulsing Driver for 20ms (1.0 pulse_power)
2025-11-03 10:53:15,338 : INFO : SwitchController : <<<<<<< 's_plunger' inactive >>>>>>>
2025-11-03 10:53:15,338 : INFO : EventManager : Event: ======'ball_out'====== Args={}
2025-11-03 10:53:15,344 : INFO : ball_device.bd_plunger : State: ball_left
2025-11-03 10:53:15,344 : INFO : ball_device.bd_plunger : Ball left
2025-11-03 10:53:15,344 : INFO : ball_device.bd_plunger : Wait for confirm with timeout 3.0
2025-11-03 10:53:16,582 : INFO : EventManager : Event: ======'ball_save_default_grace_period'====== Args={}
2025-11-03 10:53:18,078 : INFO : SwitchController : <<<<<<< 's_trough1' active >>>>>>>
2025-11-03 10:53:18,079 : INFO : EventManager : Event: ======'machine_var_audits_switches_s_trough1'====== Args={'value': 436, 'prev_value': 435, 'change': 1}
2025-11-03 10:53:18,359 : INFO : ball_device.bd_plunger : State: failed_confirm
2025-11-03 10:53:18,360 : INFO : ball_device.bd_plunger : Got timeout (3.0s) before confirm from <playfield.playfield>
2025-11-03 10:53:18,453 : INFO : ball_device.bd_plunger : Confirming eject because target is playfield and ball did not return.
2025-11-03 10:53:18,453 : INFO : ball_device.bd_plunger : Eject successful
2025-11-03 10:53:18,453 : INFO : EventManager : Event: ======'balldevice_bd_plunger_ball_eject_success'====== Args={'balls': 1, 'target': <playfield.playfield>}
2025-11-03 10:53:18,454 : INFO : EventManager : Event: ======'balldevice_playfield_ball_enter'====== Args={'new_balls': 1, 'unclaimed_balls': 1, 'device': <playfield.playfield>}
2025-11-03 10:53:18,454 : INFO : EventManager : Event: ======'playfield_ball_count_change'====== Args={'balls': 1, 'change': 1}
2025-11-03 10:53:18,455 : INFO : EventManager : Event: ======'balldevice_bd_plunger_ball_count_changed'====== Args={'balls': 0}
2025-11-03 10:53:18,455 : INFO : ball_device.bd_plunger : State: idle
2025-11-03 10:53:18,579 : INFO : EventManager : Event: ======'ball_save_default_disabled'====== Args={}
2025-11-03 10:53:18,580 : INFO : EventManager : Event: ======'balldevice_bd_trough_ball_count_changed'====== Args={'balls': 6}
2025-11-03 10:53:18,580 : INFO : ball_device.bd_trough : Received unexpected ball
2025-11-03 10:53:18,580 : INFO : EventManager : Event: ======'balldevice_captured_from_playfield'====== Args={'balls': 1}
2025-11-03 10:53:18,580 : INFO : EventManager : Event: ======'sw_playfield_active'====== Args={'balls': 1}
2025-11-03 10:53:18,580 : INFO : EventManager : Event: ======'playfield_ball_count_change'====== Args={'balls': 0, 'change': -1}
2025-11-03 10:53:18,581 : INFO : EventManager : Event: ======'balldevice_bd_trough_ball_enter'====== Args={'new_balls': 1, 'unclaimed_balls': 1, 'new_available_balls': 1, 'device': <ball_device.bd_trough>}
2025-11-03 10:53:18,581 : INFO : EventManager : Event: ======'ball_drain'====== Args={'device': <ball_device.bd_trough>, 'balls': 1}
2025-11-03 10:53:18,581 : INFO : EventManager : Event: ======'ball_will_end'====== Args={}
2025-11-03 10:53:18,582 : INFO : EventManager : Event: ======'balldevice_balls_available'====== Args={}
2025-11-03 10:53:18,582 : INFO : EventManager : Event: ======'balldevice_bd_trough_ball_entered'====== Args={'new_balls': 1, 'device': <ball_device.bd_trough>}
2025-11-03 10:53:18,583 : INFO : EventManager : Event: ======'player_tilt_warnings'====== Args={'value': 0, 'prev_value': 0, 'change': 0, 'player_num': 1}
2025-11-03 10:53:18,583 : INFO : EventManager : Event: ======'mode_batterycharger_will_stop'====== Args={}
2025-11-03 10:53:18,583 : INFO : EventManager : Event: ======'mode_batterycharger_stopping'====== Args={}
2025-11-03 10:53:18,583 : INFO : EventManager : Event: ======'mode_carousel_will_stop'====== Args={}
2025-11-03 10:53:18,585 : INFO : EventManager : Event: ======'mode_carousel_stopping'====== Args={}
2025-11-03 10:53:18,586 : INFO : Mode.carousel : Stopped.
2025-11-03 10:53:18,586 : INFO : EventManager : Event: ======'modes_active_modes_changed'====== Args={}
2025-11-03 10:53:18,586 : INFO : EventManager : Event: ======'mode_carousel_stopped'====== Args={}
2025-11-03 10:53:18,586 : INFO : EventManager : Event: ======'clear'====== Args={'key': 'carousel'}
2025-11-03 10:53:18,586 : INFO : Mode.batterycharger : Stopped.
2025-11-03 10:53:18,586 : INFO : EventManager : Event: ======'modes_active_modes_changed'====== Args={}
2025-11-03 10:53:18,586 : INFO : EventManager : Event: ======'mode_batterycharger_stopped'====== Args={}
2025-11-03 10:53:18,586 : INFO : EventManager : Event: ======'clear'====== Args={'key': 'batterycharger'}
2025-11-03 10:53:18,587 : INFO : EventManager : Event: ======'ball_ending'====== Args={}
2025-11-03 10:53:18,602 : INFO : EventManager : Event: ======'mode_bonus_will_start'====== Args={'queue': <QueuedEvent>}
2025-11-03 10:53:18,604 : INFO : EventManager : Event: ======'mode_bonus_starting'====== Args={'queue': <QueuedEvent>}
2025-11-03 10:53:18,606 : INFO : Mode.bonus : Started. Priority: 500
2025-11-03 10:53:18,606 : INFO : EventManager : Event: ======'modes_active_modes_changed'====== Args={}
2025-11-03 10:53:18,607 : INFO : EventManager : Event: ======'mode_bonus_started'====== Args={'queue': <QueuedEvent>}
2025-11-03 10:53:18,607 : INFO : EventManager : Event: ======'bonus_start'====== Args={}
2025-11-03 10:53:18,608 : INFO : EventManager : Event: ======'slide_base_removed'====== Args={'_from_bcp': True}
2025-11-03 10:53:18,608 : INFO : EventManager : Event: ======'slide_score_overlay_inactive'====== Args={'is_removing': True, '_from_bcp': True}
2025-11-03 10:53:18,608 : INFO : EventManager : Event: ======'slide_current_mode_highlighted_active'====== Args={'_from_bcp': True}
2025-11-03 10:53:18,609 : INFO : EventManager : Event: ======'slide_score_overlay_removed'====== Args={'_from_bcp': True}
2025-11-03 10:53:18,609 : INFO : EventManager : Event: ======'slide_current_mode_highlighted_inactive'====== Args={'is_removing': True, '_from_bcp': True}
2025-11-03 10:53:18,609 : INFO : EventManager : Event: ======'slide_basevideo2_active'====== Args={'_from_bcp': True}
2025-11-03 10:53:18,609 : INFO : EventManager : Event: ======'slide_current_mode_highlighted_removed'====== Args={'_from_bcp': True}
2025-11-03 10:53:18,626 : INFO : EventManager : Event: ======'slide_bonus_start_slide_created'====== Args={'_from_bcp': True}
2025-11-03 10:53:18,627 : INFO : EventManager : Event: ======'slide_basevideo2_inactive'====== Args={'is_removing': False, '_from_bcp': True}
2025-11-03 10:53:18,628 : INFO : EventManager : Event: ======'slide_bonus_start_slide_active'====== Args={'original_context': 'bonus', 'original_calling_context': 'mode_bonus_started', 'priority': 500.0, 'queue': '<QueuedEvent>', 'cmd': 'slides_play', '_from_bcp': True}
2025-11-03 10:53:19,428 : INFO : SwitchController : <<<<<<< 's_right_flipper' active >>>>>>>
2025-11-03 10:53:19,428 : INFO : EventManager : Event: ======'s_right_flipper_active'====== Args={}
2025-11-03 10:53:19,428 : INFO : EventManager : Event: ======'machine_var_audits_switches_s_right_flipper'====== Args={'value': 2158, 'prev_value': 2157, 'change': 1}
2025-11-03 10:53:19,430 : INFO : SwitchController : <<<<<<< 's_left_flipper' active >>>>>>>
2025-11-03 10:53:19,430 : INFO : EventManager : Event: ======'s_left_flipper_active'====== Args={}
2025-11-03 10:53:19,431 : INFO : EventManager : Event: ======'flipper_cancel'====== Args={'triggering_group': 1, 'triggering_switch': 's_left_flipper'}
2025-11-03 10:53:19,431 : INFO : EventManager : Event: ======'machine_var_audits_switches_s_left_flipper'====== Args={'value': 1396, 'prev_value': 1395, 'change': 1}
2025-11-03 10:53:19,432 : INFO : Mode.bonus : Skipping bonus entry 'bonus_modes_played' because its value is 0
2025-11-03 10:53:19,432 : INFO : Mode.bonus : Skipping bonus entry 'bonus_modes_completed' because its value is 0
2025-11-03 10:53:19,433 : INFO : Mode.bonus : Skipping bonus entry 'bonus_combos' because its value is 0
2025-11-03 10:53:19,433 : INFO : EventManager : Event: ======'bonus_entry'====== Args={'entry': 'total', 'text': 'Total Bonus', 'score': 0}
2025-11-03 10:53:19,443 : INFO : EventManager : Event: ======'mode_bonus_will_stop'====== Args={}
2025-11-03 10:53:19,444 : INFO : EventManager : Event: ======'mode_bonus_stopping'====== Args={}
2025-11-03 10:53:19,444 : INFO : Mode.bonus : Stopped.
2025-11-03 10:53:19,444 : INFO : EventManager : Event: ======'modes_active_modes_changed'====== Args={}
2025-11-03 10:53:19,444 : INFO : EventManager : Event: ======'mode_bonus_stopped'====== Args={}
2025-11-03 10:53:19,446 : INFO : EventManager : Event: ======'clear'====== Args={'key': 'bonus'}
2025-11-03 10:53:19,446 : INFO : Timer.chcheckitoutfinish_widget_timer : Stopping Timer
2025-11-03 10:53:19,447 : INFO : EventManager : Event: ======'timer_chcheckitoutfinish_widget_timer_stopped'====== Args={'ticks': 0, 'ticks_remaining': 0}
2025-11-03 10:53:19,447 : INFO : Timer.bodymovin_widget_timer : Stopping Timer
2025-11-03 10:53:19,447 : INFO : EventManager : Event: ======'timer_bodymovin_widget_timer_stopped'====== Args={'ticks': 0, 'ticks_remaining': 0}
2025-11-03 10:53:19,447 : INFO : Timer.bodymovin_lock_enabled_widget_timer : Stopping Timer
2025-11-03 10:53:19,447 : INFO : EventManager : Event: ======'timer_bodymovin_lock_enabled_widget_timer_stopped'====== Args={'ticks': 4, 'ticks_remaining': 1}
2025-11-03 10:53:19,447 : INFO : Timer.bodymovin_ball_1_locked_widget_timer : Stopping Timer
2025-11-03 10:53:19,447 : INFO : EventManager : Event: ======'timer_bodymovin_ball_1_locked_widget_timer_stopped'====== Args={'ticks': 0, 'ticks_remaining': 0}
2025-11-03 10:53:19,448 : INFO : Timer.bodymovin_ball_2_locked_widget_timer : Stopping Timer
2025-11-03 10:53:19,448 : INFO : EventManager : Event: ======'timer_bodymovin_ball_2_locked_widget_timer_stopped'====== Args={'ticks': 0, 'ticks_remaining': 0}
2025-11-03 10:53:19,448 : INFO : EventManager : Event: ======'mode_combos_will_stop'====== Args={}
2025-11-03 10:53:19,448 : INFO : EventManager : Event: ======'mode_combos_stopping'====== Args={}
2025-11-03 10:53:19,448 : INFO : EventManager : Event: ======'mode_multiball_will_stop'====== Args={}
2025-11-03 10:53:19,448 : INFO : EventManager : Event: ======'mode_multiball_stopping'====== Args={}
2025-11-03 10:53:19,448 : INFO : EventManager : Event: ======'mode_base_will_stop'====== Args={}
2025-11-03 10:53:19,448 : INFO : EventManager : Event: ======'mode_base_stopping'====== Args={}
2025-11-03 10:53:19,461 : INFO : Mode.base : Stopped.
2025-11-03 10:53:19,461 : INFO : EventManager : Event: ======'modes_active_modes_changed'====== Args={}
2025-11-03 10:53:19,464 : INFO : EventManager : Event: ======'mode_base_stopped'====== Args={}
2025-11-03 10:53:19,464 : INFO : EventManager : Event: ======'clear'====== Args={'key': 'base'}
2025-11-03 10:53:19,465 : INFO : Timer.bodymovin_widget_timer : Stopping Timer
2025-11-03 10:53:19,465 : INFO : EventManager : Event: ======'timer_bodymovin_widget_timer_stopped'====== Args={'ticks': 0, 'ticks_remaining': 0}
2025-11-03 10:53:19,465 : INFO : Timer.bodymovin_lock_enabled_widget_timer : Stopping Timer
2025-11-03 10:53:19,465 : INFO : EventManager : Event: ======'timer_bodymovin_lock_enabled_widget_timer_stopped'====== Args={'ticks': 4, 'ticks_remaining': 1}
2025-11-03 10:53:19,466 : INFO : Timer.bodymovin_ball_1_locked_widget_timer : Stopping Timer
2025-11-03 10:53:19,466 : INFO : EventManager : Event: ======'timer_bodymovin_ball_1_locked_widget_timer_stopped'====== Args={'ticks': 0, 'ticks_remaining': 0}
2025-11-03 10:53:19,468 : INFO : Timer.chcheckitoutfinish_widget_timer : Stopping Timer
2025-11-03 10:53:19,468 : INFO : EventManager : Event: ======'timer_chcheckitoutfinish_widget_timer_stopped'====== Args={'ticks': 0, 'ticks_remaining': 0}
2025-11-03 10:53:19,468 : INFO : Timer.bodymovin_ball_2_locked_widget_timer : Stopping Timer
2025-11-03 10:53:19,468 : INFO : EventManager : Event: ======'timer_bodymovin_ball_2_locked_widget_timer_stopped'====== Args={'ticks': 0, 'ticks_remaining': 0}
2025-11-03 10:53:19,468 : INFO : Mode.multiball : Stopped.
2025-11-03 10:53:19,468 : INFO : EventManager : Event: ======'modes_active_modes_changed'====== Args={}
2025-11-03 10:53:19,469 : INFO : EventManager : Event: ======'mode_multiball_stopped'====== Args={}
2025-11-03 10:53:19,469 : INFO : EventManager : Event: ======'clear'====== Args={'key': 'multiball'}
2025-11-03 10:53:19,469 : INFO : Mode.combos : Stopped.
2025-11-03 10:53:19,469 : INFO : EventManager : Event: ======'modes_active_modes_changed'====== Args={}
2025-11-03 10:53:19,470 : INFO : EventManager : Event: ======'mode_combos_stopped'====== Args={}
2025-11-03 10:53:19,470 : INFO : EventManager : Event: ======'clear'====== Args={'key': 'combos'}
2025-11-03 10:53:19,474 : INFO : EventManager : Event: ======'slide_bonus_start_slide_inactive'====== Args={'is_removing': True, '_from_bcp': True}
2025-11-03 10:53:19,474 : INFO : EventManager : Event: ======'slide_basevideo2_active'====== Args={'_from_bcp': True}
2025-11-03 10:53:19,474 : INFO : EventManager : Event: ======'slide_bonus_start_slide_removed'====== Args={'_from_bcp': True}
2025-11-03 10:53:19,474 : INFO : EventManager : Event: ======'slide_bonus_total_slide_created'====== Args={'_from_bcp': True}
2025-11-03 10:53:19,474 : INFO : EventManager : Event: ======'slide_basevideo2_inactive'====== Args={'is_removing': False, '_from_bcp': True}
2025-11-03 10:53:19,474 : INFO : EventManager : Event: ======'slide_bonus_total_slide_active'====== Args={'original_context': 'bonus', 'original_calling_context': 'bonus_entry{entry=="total"}', 'priority': 500.0, 'entry': 'total', 'text': 'Total Bonus', 'score': 0.0, 'cmd': 'slides_play', '_from_bcp': True}
2025-11-03 10:53:19,488 : INFO : EventManager : Event: ======'ball_ended'====== Args={}
2025-11-03 10:53:19,490 : INFO : EventManager : Event: ======'slide_bonus_total_slide_inactive'====== Args={'is_removing': True, '_from_bcp': True}
2025-11-03 10:53:19,490 : INFO : EventManager : Event: ======'slide_basevideo2_active'====== Args={'_from_bcp': True}
2025-11-03 10:53:19,490 : INFO : EventManager : Event: ======'slide_bonus_total_slide_removed'====== Args={'_from_bcp': True}
2025-11-03 10:53:19,493 : INFO : EventManager : Event: ======'player_turn_will_end'====== Args={'player': <Player 1>, 'number': 1}
2025-11-03 10:53:19,496 : INFO : EventManager : Event: ======'player_turn_ending'====== Args={'player': <Player 1>, 'number': 1}
2025-11-03 10:53:19,497 : INFO : EventManager : Event: ======'player_turn_ended'====== Args={'player': <Player 1>, 'number': 1}
2025-11-03 10:53:19,497 : INFO : EventManager : Event: ======'player_turn_will_start'====== Args={'player': <Player 1>, 'number': 1}
2025-11-03 10:53:19,498 : INFO : EventManager : Event: ======'player_turn_starting'====== Args={'player': <Player 1>, 'number': 1}
2025-11-03 10:53:19,498 : INFO : EventManager : Event: ======'player_ball'====== Args={'value': 2, 'prev_value': 1, 'change': 1, 'player_num': 1}
2025-11-03 10:53:19,499 : INFO : EventManager : Event: ======'player_turn_started'====== Args={'player': <Player 1>, 'number': 1}
2025-11-03 10:53:19,503 : INFO : EventManager : Event: ======'ball_will_start'====== Args={'player': 1, 'ball': 2, 'balls_remaining': 1, 'is_extra_ball': False}
2025-11-03 10:53:19,506 : INFO : EventManager : Event: ======'ball_starting'====== Args={'player': 1, 'ball': 2, 'balls_remaining': 1, 'is_extra_ball': False}
2025-11-03 10:53:19,507 : INFO : EventManager : Event: ======'mode_batterycharger_will_start'====== Args={'queue': <QueuedEvent>, 'player': 1, 'ball': 2, 'balls_remaining': 1, 'is_extra_ball': False}
2025-11-03 10:53:19,510 : INFO : EventManager : Event: ======'mode_batterycharger_starting'====== Args={'queue': <QueuedEvent>, 'player': 1, 'ball': 2, 'balls_remaining': 1, 'is_extra_ball': False}
2025-11-03 10:53:19,510 : INFO : EventManager : Event: ======'mode_base_will_start'====== Args={'queue': <QueuedEvent>, 'player': 1, 'ball': 2, 'balls_remaining': 1, 'is_extra_ball': False}
2025-11-03 10:53:19,515 : INFO : EventManager : Event: ======'player_base_bodymovin_lock_enabled_widget_timer_tick'====== Args={'value': 0, 'prev_value': 4, 'change': -4, 'player_num': 1}
2025-11-03 10:53:19,516 : INFO : Timer.bodymovin_lock_enabled_widget_timer : Starting Timer.
2025-11-03 10:53:19,516 : INFO : EventManager : Event: ======'timer_bodymovin_lock_enabled_widget_timer_started'====== Args={'ticks': 0, 'ticks_remaining': 4}
2025-11-03 10:53:19,516 : INFO : EventManager : Event: ======'timer_bodymovin_lock_enabled_widget_timer_tick'====== Args={'ticks': 0, 'ticks_remaining': 4}
2025-11-03 10:53:19,516 : INFO : EventManager : Event: ======'achievement_wizard1_changed_state'====== Args={'restore': True, 'state': 'disabled', 'selected': False}
2025-11-03 10:53:19,516 : INFO : EventManager : Event: ======'achievement_wizard1_state_disabled'====== Args={'restore': True, 'state': 'disabled', 'selected': False}
2025-11-03 10:53:19,516 : INFO : EventManager : Event: ======'achievement_intergalactic_mode_changed_state'====== Args={'restore': True, 'state': 'enabled', 'selected': False}
2025-11-03 10:53:19,516 : INFO : EventManager : Event: ======'achievement_intergalactic_mode_state_enabled'====== Args={'restore': True, 'state': 'enabled', 'selected': False}
2025-11-03 10:53:19,516 : INFO : EventManager : Event: ======'achievement_paulrevere_mode_changed_state'====== Args={'restore': True, 'state': 'enabled', 'selected': False}
2025-11-03 10:53:19,516 : INFO : EventManager : Event: ======'achievement_paulrevere_mode_state_enabled'====== Args={'restore': True, 'state': 'enabled', 'selected': False}
2025-11-03 10:53:19,516 : INFO : EventManager : Event: ======'achievement_tripletrouble_mode_changed_state'====== Args={'restore': True, 'state': 'enabled', 'selected': False}
2025-11-03 10:53:19,516 : INFO : EventManager : Event: ======'achievement_tripletrouble_mode_state_enabled'====== Args={'restore': True, 'state': 'enabled', 'selected': False}
2025-11-03 10:53:19,518 : INFO : EventManager : Event: ======'achievement_sabotage_mode_changed_state'====== Args={'restore': True, 'state': 'enabled', 'selected': False}
2025-11-03 10:53:19,518 : INFO : EventManager : Event: ======'achievement_sabotage_mode_state_enabled'====== Args={'restore': True, 'state': 'enabled', 'selected': False}
2025-11-03 10:53:19,518 : INFO : EventManager : Event: ======'achievement_chcheckitout_multiball_changed_state'====== Args={'restore': True, 'state': 'enabled', 'selected': False}
2025-11-03 10:53:19,518 : INFO : EventManager : Event: ======'achievement_chcheckitout_multiball_state_enabled'====== Args={'restore': True, 'state': 'enabled', 'selected': False}
2025-11-03 10:53:19,518 : INFO : EventManager : Event: ======'achievement_bodymovin_multiball_changed_state'====== Args={'restore': True, 'state': 'enabled', 'selected': False}
2025-11-03 10:53:19,518 : INFO : EventManager : Event: ======'achievement_bodymovin_multiball_state_enabled'====== Args={'restore': True, 'state': 'enabled', 'selected': False}
2025-11-03 10:53:19,521 : INFO : EventManager : Unordered handler for class <Auditor> on event game_ended with priority 1. Handlers: [RegisteredHandler(callback=<bound method Auditor.disable of <Auditor>>, priority=1, kwargs={}, key=UUID('3c9b176b-704e-42db-b16e-8838c08c0758'), condition=None, blocking_facility=None), RegisteredHandler(callback=<bound method Auditor._save_audits of <Auditor>>, priority=1, kwargs={}, key=UUID('647985ab-348d-4cb4-8c80-e27431ac010f'), condition=None, blocking_facility=None)]. The order of those handlers is not defined and they will be executed in random order. This might lead to race conditions and potential bugs.
2025-11-03 10:53:19,529 : INFO : EventManager : Event: ======'mode_base_starting'====== Args={'queue': <QueuedEvent>, 'player': 1, 'ball': 2, 'balls_remaining': 1, 'is_extra_ball': False}
2025-11-03 10:53:19,529 : INFO : drop_target_bank.three_bank : 1 targets are down. Will reset those.
2025-11-03 10:53:19,529 : INFO : coil.c_three_bank : Pulsing Driver for 23ms (1.0 pulse_power)
2025-11-03 10:53:19,533 : INFO : EventManager : Event: ======'balls_in_play'====== Args={'balls': 1}
2025-11-03 10:53:19,533 : INFO : EventManager : Event: ======'ball_started'====== Args={'player': 1, 'ball': 2, 'balls_remaining': 1, 'is_extra_ball': False}
2025-11-03 10:53:19,534 : INFO : EventManager : Event: ======'logicblock_battery_charged_status_updated'====== Args={'value': 0, 'enabled': False}
2025-11-03 10:53:19,534 : INFO : Mode.batterycharger : Started. Priority: 11000
2025-11-03 10:53:19,534 : INFO : EventManager : Event: ======'modes_active_modes_changed'====== Args={}
2025-11-03 10:53:19,535 : INFO : EventManager : Event: ======'mode_batterycharger_started'====== Args={'queue': <QueuedEvent>, 'player': 1, 'ball': 2, 'balls_remaining': 1, 'is_extra_ball': False}
2025-11-03 10:53:19,535 : INFO : EventManager : Event: ======'logicblock_qualify_chcheckitout_multiball_updated'====== Args={'value': 0, 'enabled': True}
2025-11-03 10:53:19,535 : INFO : EventManager : Event: ======'logicblock_combos_count_updated'====== Args={'value': 0, 'enabled': True}
2025-11-03 10:53:19,535 : INFO : EventManager : Event: ======'logicblock_qualify_chcheckitout_multiball_updated'====== Args={'value': 0, 'enabled': True}
2025-11-03 10:53:19,535 : INFO : EventManager : Event: ======'logicblock_chcheckitout_multiball_ready_updated'====== Args={'value': 0, 'enabled': False}
2025-11-03 10:53:19,535 : INFO : EventManager : Event: ======'logicblock_enable_bodymovin_lock_1_updated'====== Args={'value': 0, 'enabled': True}
2025-11-03 10:53:19,535 : INFO : EventManager : Event: ======'logicblock_bodymovin_lock_1_updated'====== Args={'value': 0, 'enabled': False}
2025-11-03 10:53:19,535 : INFO : EventManager : Event: ======'logicblock_enable_bodymovin_lock_2_updated'====== Args={'value': 0, 'enabled': False}
2025-11-03 10:53:19,535 : INFO : EventManager : Event: ======'logicblock_bodymovin_lock_2_updated'====== Args={'value': 0, 'enabled': False}
2025-11-03 10:53:19,536 : INFO : EventManager : Event: ======'logicblock_enable_bodymovin_lock_3_updated'====== Args={'value': 0, 'enabled': False}
2025-11-03 10:53:19,536 : INFO : EventManager : Event: ======'logicblock_bodymovin_multiball_ready_updated'====== Args={'value': 0, 'enabled': False}
2025-11-03 10:53:19,536 : INFO : EventManager : Event: ======'logicblock_drop_target_bank_counter_updated'====== Args={'value': 0, 'enabled': False}
2025-11-03 10:53:19,536 : INFO : EventManager : Event: ======'logicblock_completed_modes_count_updated'====== Args={'value': 0, 'enabled': True}
2025-11-03 10:53:19,536 : INFO : EventManager : Event: ======'logicblock_played_modes_count_updated'====== Args={'value': 0, 'enabled': True}
2025-11-03 10:53:19,536 : INFO : EventManager : Event: ======'logicblock_combos_count_updated'====== Args={'value': 0, 'enabled': True}
2025-11-03 10:53:19,536 : INFO : Mode.base : Started. Priority: 100
2025-11-03 10:53:19,536 : INFO : EventManager : Event: ======'modes_active_modes_changed'====== Args={}
2025-11-03 10:53:19,536 : INFO : EventManager : Event: ======'mode_base_started'====== Args={'queue': <QueuedEvent>, 'player': 1, 'ball': 2, 'balls_remaining': 1, 'is_extra_ball': False}
2025-11-03 10:53:19,536 : INFO : EventManager : Event: ======'logicblock_battery_charged_status_updated'====== Args={'value': 0, 'enabled': True}
2025-11-03 10:53:19,537 : INFO : EventManager : Event: ======'mode_combos_will_start'====== Args={'player': 1, 'ball': 2, 'balls_remaining': 1, 'is_extra_ball': False}
2025-11-03 10:53:19,547 : INFO : EventManager : Event: ======'mode_combos_starting'====== Args={'player': 1, 'ball': 2, 'balls_remaining': 1, 'is_extra_ball': False}
2025-11-03 10:53:19,547 : INFO : EventManager : Event: ======'mode_skill_shot_will_start'====== Args={'player': 1, 'ball': 2, 'balls_remaining': 1, 'is_extra_ball': False}
2025-11-03 10:53:19,549 : INFO : EventManager : Unordered handler for class <timer.skill_shot_timeout> on event ball_starting with priority 1. Handlers: [RegisteredHandler(callback=<bound method Timer.reset of <timer.skill_shot_timeout>>, priority=1, kwargs={}, key=UUID('be7f9b35-ff20-472c-acc1-b10cbb0538c7'), condition=None, blocking_facility=None), RegisteredHandler(callback=<bound method Timer.pause of <timer.skill_shot_timeout>>, priority=1, kwargs={'timer_value': None}, key=UUID('47740030-ed70-46ac-acfe-49a60a0a5d12'), condition=None, blocking_facility=None)]. The order of those handlers is not defined and they will be executed in random order. This might lead to race conditions and potential bugs.
2025-11-03 10:53:19,550 : INFO : EventManager : Event: ======'mode_skill_shot_starting'====== Args={'player': 1, 'ball': 2, 'balls_remaining': 1, 'is_extra_ball': False}
2025-11-03 10:53:19,551 : INFO : EventManager : Event: ======'mode_carousel_will_start'====== Args={'player': 1, 'ball': 2, 'balls_remaining': 1, 'is_extra_ball': False}
2025-11-03 10:53:19,553 : INFO : EventManager : Event: ======'mode_carousel_starting'====== Args={'player': 1, 'ball': 2, 'balls_remaining': 1, 'is_extra_ball': False}
2025-11-03 10:53:19,554 : INFO : EventManager : Event: ======'logicblock_drop_target_bank_counter_updated'====== Args={'value': 0, 'enabled': True}
2025-11-03 10:53:19,554 : INFO : EventManager : Event: ======'logicblock_combos_count_updated'====== Args={'value': 0, 'enabled': True}
2025-11-03 10:53:19,554 : INFO : EventManager : Event: ======'logicblock_combos_count_updated'====== Args={'value': 0, 'enabled': True}
2025-11-03 10:53:19,554 : INFO : EventManager : Event: ======'logicblock_qualify_chcheckitout_multiball_updated'====== Args={'value': 0, 'enabled': True}
2025-11-03 10:53:19,554 : INFO : EventManager : Event: ======'logicblock_chcheckitout_multiball_ready_updated'====== Args={'value': 0, 'enabled': False}
2025-11-03 10:53:19,556 : INFO : EventManager : Event: ======'mode_multiball_will_start'====== Args={'queue': <QueuedEvent>, 'player': 1, 'ball': 2, 'balls_remaining': 1, 'is_extra_ball': False}
2025-11-03 10:53:19,563 : INFO : EventManager : Event: ======'mode_multiball_starting'====== Args={'queue': <QueuedEvent>, 'player': 1, 'ball': 2, 'balls_remaining': 1, 'is_extra_ball': False}
2025-11-03 10:53:19,563 : INFO : EventManager : Event: ======'ball_save_default_enabled'====== Args={}
2025-11-03 10:53:19,564 : INFO : Mode.carousel : Started. Priority: 200
2025-11-03 10:53:19,564 : INFO : EventManager : Event: ======'modes_active_modes_changed'====== Args={}
2025-11-03 10:53:19,564 : INFO : EventManager : Event: ======'mode_carousel_started'====== Args={'player': 1, 'ball': 2, 'balls_remaining': 1, 'is_extra_ball': False}
2025-11-03 10:53:19,564 : INFO : EventManager : Event: ======'item_highlighted.item=='intergalactic''====== Args={'player': 1, 'ball': 2, 'balls_remaining': 1, 'is_extra_ball': False}
2025-11-03 10:53:19,567 : INFO : EventManager : Event: ======'item_highlighted'====== Args={'carousel': 'carousel', 'direction': None, 'item': 'intergalactic'}
2025-11-03 10:53:19,567 : INFO : Mode.skill_shot : Started. Priority: 500
2025-11-03 10:53:19,567 : INFO : EventManager : Event: ======'modes_active_modes_changed'====== Args={}
2025-11-03 10:53:19,567 : INFO : EventManager : Event: ======'mode_skill_shot_started'====== Args={'player': 1, 'ball': 2, 'balls_remaining': 1, 'is_extra_ball': False}
2025-11-03 10:53:19,568 : INFO : EventManager : Event: ======'player_shot_skillshot_drop_targets'====== Args={'value': 0, 'prev_value': 1, 'change': -1, 'player_num': 1}
2025-11-03 10:53:19,568 : INFO : EventManager : Event: ======'player_shot_skillshot_super'====== Args={'value': 0, 'prev_value': 1, 'change': -1, 'player_num': 1}
2025-11-03 10:53:19,568 : INFO : EventManager : Event: ======'advance_skill_left_outlane'====== Args={'player': 1, 'ball': 2, 'balls_remaining': 1, 'is_extra_ball': False}
2025-11-03 10:53:19,571 : INFO : EventManager : Event: ======'skillshot_complete'====== Args={'state': 'off'}
2025-11-03 10:53:19,571 : INFO : EventManager : Event: ======'skillshot_off_complete'====== Args={}
2025-11-03 10:53:19,574 : INFO : EventManager : Event: ======'player_shot_skillshot_left_outlane'====== Args={'value': 1, 'prev_value': 0, 'change': 1, 'player_num': 1}
2025-11-03 10:53:19,574 : INFO : Mode.combos : Started. Priority: 2000
2025-11-03 10:53:19,574 : INFO : EventManager : Event: ======'modes_active_modes_changed'====== Args={}
2025-11-03 10:53:19,575 : INFO : EventManager : Event: ======'mode_combos_started'====== Args={'player': 1, 'ball': 2, 'balls_remaining': 1, 'is_extra_ball': False}
2025-11-03 10:53:19,590 : INFO : EventManager : Event: ======'logicblock_completing_chcheckitout_jackpots_updated'====== Args={'value': [False, False, False, False], 'enabled': True}
2025-11-03 10:53:19,590 : INFO : EventManager : Event: ======'logicblock_completing_bodymovin_jackpots_updated'====== Args={'value': [False, False, False, False], 'enabled': True}
2025-11-03 10:53:19,590 : INFO : EventManager : Event: ======'logicblock_completing_chcheckitout_jackpots_updated'====== Args={'value': [False, False, False, False], 'enabled': True}
2025-11-03 10:53:19,590 : INFO : EventManager : Event: ======'logicblock_completing_bodymovin_jackpots_updated'====== Args={'value': [False, False, False, False], 'enabled': True}
2025-11-03 10:53:19,590 : INFO : EventManager : Event: ======'logicblock_chcheckitout_superjackpot_updated'====== Args={'value': 0, 'enabled': False}
2025-11-03 10:53:19,590 : INFO : EventManager : Event: ======'logicblock_chcheckitout_leftorbit_jackpot_updated'====== Args={'value': 0, 'enabled': False}
2025-11-03 10:53:19,591 : INFO : EventManager : Event: ======'logicblock_chcheckitout_leftramp_jackpot_updated'====== Args={'value': 0, 'enabled': False}
2025-11-03 10:53:19,591 : INFO : EventManager : Event: ======'logicblock_chcheckitout_rightramp_jackpot_updated'====== Args={'value': 0, 'enabled': False}
2025-11-03 10:53:19,591 : INFO : EventManager : Event: ======'logicblock_chcheckitout_rightorbit_jackpot_updated'====== Args={'value': 0, 'enabled': False}
2025-11-03 10:53:19,591 : INFO : EventManager : Event: ======'logicblock_bodymovin_superjackpot_updated'====== Args={'value': 0, 'enabled': False}
2025-11-03 10:53:19,591 : INFO : EventManager : Event: ======'logicblock_bodymovin_leftorbit_jackpot_updated'====== Args={'value': 0, 'enabled': False}
2025-11-03 10:53:19,591 : INFO : EventManager : Event: ======'logicblock_bodymovin_leftramp_jackpot_updated'====== Args={'value': 0, 'enabled': False}
2025-11-03 10:53:19,591 : INFO : EventManager : Event: ======'logicblock_bodymovin_rightramp_jackpot_updated'====== Args={'value': 0, 'enabled': False}
2025-11-03 10:53:19,591 : INFO : EventManager : Event: ======'logicblock_bodymovin_rightorbit_jackpot_updated'====== Args={'value': 0, 'enabled': False}
2025-11-03 10:53:19,591 : INFO : Mode.multiball : Started. Priority: 1000
2025-11-03 10:53:19,591 : INFO : EventManager : Event: ======'modes_active_modes_changed'====== Args={}
2025-11-03 10:53:19,591 : INFO : EventManager : Event: ======'mode_multiball_started'====== Args={'queue': <QueuedEvent>, 'player': 1, 'ball': 2, 'balls_remaining': 1, 'is_extra_ball': False}
2025-11-03 10:53:19,592 : INFO : EventManager : Event: ======'single_player_ball_started'====== Args={}
2025-11-03 10:53:19,592 : WARNING : SwitchController : Received duplicate switch state 0 for switch s_three_bank_bottom from the platform interface. Log Code: Log-SwitchController-1 (https://missionpinball.org/logs)
2025-11-03 10:53:19,592 : WARNING : SwitchController : Received duplicate switch state 0 for switch s_three_bank_middle from the platform interface. Log Code: Log-SwitchController-1 (https://missionpinball.org/logs)
2025-11-03 10:53:19,592 : INFO : SwitchController : <<<<<<< 's_three_bank_top' inactive (muted) >>>>>>>
2025-11-03 10:53:19,593 : INFO : SwitchController : <<<<<<< 's_right_flipper' inactive >>>>>>>
2025-11-03 10:53:19,593 : INFO : EventManager : Event: ======'sw_right_flipper_inactive'====== Args={}
2025-11-03 10:53:19,594 : INFO : EventManager : Event: ======'both_flippers_one'====== Args={'triggering_group': 2, 'triggering_switch': 's_right_flipper'}
2025-11-03 10:53:19,594 : INFO : SwitchController : <<<<<<< 's_left_flipper' inactive >>>>>>>
2025-11-03 10:53:19,594 : INFO : EventManager : Event: ======'sw_left_flipper_inactive'====== Args={}
2025-11-03 10:53:19,594 : INFO : EventManager : Event: ======'both_flippers_inactive'====== Args={'triggering_group': 1, 'triggering_switch': 's_left_flipper'}
2025-11-03 10:53:19,594 : INFO : EventManager : Event: ======'ball_start_target'====== Args={'target': 'playfield'}
2025-11-03 10:53:19,611 : INFO : ball_device.bd_plunger : Setting up player-controlled eject. Balls: 1, Target: <playfield.playfield>, player_controlled_eject_event: None
2025-11-03 10:53:19,612 : INFO : EventManager : Event: ======'balldevice_balls_available'====== Args={}
2025-11-03 10:53:19,614 : INFO : EventManager : Event: ======'slide_base_created'====== Args={'_from_bcp': True}
2025-11-03 10:53:19,615 : INFO : EventManager : Event: ======'play_base_video4'====== Args={'_from_bcp': True}
2025-11-03 10:53:19,616 : INFO : EventManager : Event: ======'slide_score_overlay_created'====== Args={'_from_bcp': True}
2025-11-03 10:53:19,616 : INFO : EventManager : Event: ======'slide_basevideo2_inactive'====== Args={'is_removing': True, '_from_bcp': True}
2025-11-03 10:53:19,618 : INFO : EventManager : Event: ======'slide_score_overlay_active'====== Args={'original_context': 'base', 'original_calling_context': 'mode_base_started', 'priority': 100.0, 'queue': '<QueuedEvent>', 'player': 1.0, 'ball': 2.0, 'balls_remaining': 1.0, 'is_extra_ball': False, 'cmd': 'slides_play', '_from_bcp': True}
2025-11-03 10:53:19,618 : INFO : EventManager : Event: ======'slide_basevideo2_removed'====== Args={'_from_bcp': True}
2025-11-03 10:53:19,619 : INFO : ball_device.bd_trough : State: waiting_for_target_ready
2025-11-03 10:53:19,619 : INFO : EventManager : Event: ======'balldevice_bd_trough_ball_eject_attempt'====== Args={'balls': 1, 'target': <ball_device.bd_plunger>, 'source': <ball_device.bd_trough>, 'mechanical_eject': True, 'num_attempts': 0}
2025-11-03 10:53:19,620 : INFO : ball_device.bd_plunger : State: waiting_for_ball
2025-11-03 10:53:19,621 : INFO : ball_device.bd_trough : State: ejecting
2025-11-03 10:53:19,622 : INFO : ball_device.bd_trough : Ejecting ball to <ball_device.bd_plunger>
2025-11-03 10:53:19,622 : INFO : EventManager : Event: ======'balldevice_bd_trough_ejecting_ball'====== Args={'balls': 1, 'target': <ball_device.bd_plunger>, 'source': <ball_device.bd_trough>, 'mechanical_eject': True, 'num_attempts': 0}
2025-11-03 10:53:19,622 : INFO : EventManager : Event: ======'slide_current_mode_highlighted_created'====== Args={'_from_bcp': True}
2025-11-03 10:53:19,623 : INFO : EventManager : Event: ======'slide_skillshot_overlay_created'====== Args={'_from_bcp': True}
2025-11-03 10:53:19,623 : INFO : EventManager : Event: ======'slide_score_overlay_inactive'====== Args={'is_removing': False, '_from_bcp': True}
2025-11-03 10:53:19,623 : INFO : EventManager : Event: ======'slide_skillshot_overlay_active'====== Args={'original_context': 'skill_shot', 'original_calling_context': 'mode_skill_shot_started', 'priority': 500.0, 'player': 1.0, 'ball': 2.0, 'balls_remaining': 1.0, 'is_extra_ball': False, 'cmd': 'slides_play', '_from_bcp': True}
2025-11-03 10:53:19,625 : INFO : ball_device.bd_trough : Wait for ball to leave device
2025-11-03 10:53:19,626 : INFO : coil.c_trough_eject : Pulsing Driver for 20ms (1.0 pulse_power)
2025-11-03 10:53:19,629 : INFO : SwitchController : <<<<<<< 's_trough1' inactive >>>>>>>
2025-11-03 10:53:19,633 : INFO : ball_device.bd_trough : State: ball_left
2025-11-03 10:53:19,634 : INFO : ball_device.bd_trough : Ball left
2025-11-03 10:53:19,634 : INFO : ball_device.bd_trough : Wait for confirm with timeout 3.0
2025-11-03 10:53:19,640 : INFO : EventManager : Event: ======'slide_basevideo4_created'====== Args={'_from_bcp': True}
2025-11-03 10:53:19,732 : INFO : SwitchController : <<<<<<< 's_plunger' active >>>>>>>
2025-11-03 10:53:19,732 : INFO : EventManager : Event: ======'machine_var_audits_switches_s_plunger'====== Args={'value': 1492, 'prev_value': 1491, 'change': 1}
2025-11-03 10:53:20,014 : INFO : EventManager : Event: ======'drop_target_top_up'====== Args={'device': <drop_target.top>}
2025-11-03 10:53:20,015 : INFO : EventManager : Event: ======'drop_target_bank_three_bank_up'====== Args={}
2025-11-03 10:53:20,250 : INFO : ball_device.bd_plunger : Received ball from <ball_device.bd_trough>
2025-11-03 10:53:20,250 : INFO : EventManager : Event: ======'balldevice_bd_plunger_ball_enter'====== Args={'new_balls': 1, 'unclaimed_balls': 0, 'new_available_balls': 0, 'device': <ball_device.bd_plunger>}
2025-11-03 10:53:20,251 : INFO : EventManager : Event: ======'balldevice_bd_plunger_ball_entered'====== Args={'new_balls': 0, 'device': <ball_device.bd_plunger>}
2025-11-03 10:53:20,252 : INFO : EventManager : Event: ======'balldevice_bd_plunger_ball_count_changed'====== Args={'balls': 1}
2025-11-03 10:53:20,252 : INFO : ball_device.bd_trough : Got eject confirm
2025-11-03 10:53:20,252 : INFO : ball_device.bd_trough : Eject successful
2025-11-03 10:53:20,252 : INFO : EventManager : Event: ======'balldevice_bd_trough_ball_eject_success'====== Args={'balls': 1, 'target': <ball_device.bd_plunger>}
2025-11-03 10:53:20,252 : INFO : EventManager : Event: ======'balldevice_bd_trough_ball_count_changed'====== Args={'balls': 5}
2025-11-03 10:53:20,253 : INFO : ball_device.bd_trough : State: idle
2025-11-03 10:53:20,253 : INFO : ball_device.bd_plunger : State: waiting_for_target_ready
2025-11-03 10:53:20,253 : INFO : EventManager : Event: ======'balldevice_bd_plunger_ball_eject_attempt'====== Args={'balls': 1, 'target': <playfield.playfield>, 'source': <ball_device.bd_plunger>, 'mechanical_eject': True, 'num_attempts': 0}
2025-11-03 10:53:20,254 : INFO : ball_device.bd_plunger : State: ejecting
2025-11-03 10:53:20,254 : INFO : ball_device.bd_plunger : Ejecting ball to <playfield.playfield>
2025-11-03 10:53:20,254 : INFO : EventManager : Event: ======'balldevice_bd_plunger_ejecting_ball'====== Args={'balls': 1, 'target': <playfield.playfield>, 'source': <ball_device.bd_plunger>, 'mechanical_eject': True, 'num_attempts': 0}
2025-11-03 10:53:20,255 : INFO : ball_device.bd_plunger : Wait for ball to leave device
2025-11-03 10:53:20,533 : INFO : EventManager : Event: ======'player_base_bodymovin_lock_enabled_widget_timer_tick'====== Args={'value': 1, 'prev_value': 0, 'change': 1, 'player_num': 1}
2025-11-03 10:53:20,534 : INFO : EventManager : Event: ======'timer_bodymovin_lock_enabled_widget_timer_tick'====== Args={'ticks': 1, 'ticks_remaining': 3}
2025-11-03 10:53:20,878 : INFO : SwitchController : <<<<<<< 's_plunger' inactive >>>>>>>
2025-11-03 10:53:20,879 : INFO : EventManager : Event: ======'ball_out'====== Args={}
2025-11-03 10:53:20,879 : INFO : EventManager : Event: ======'ball_save_default_timer_start'====== Args={}
2025-11-03 10:53:20,884 : INFO : ball_device.bd_plunger : State: ball_left
2025-11-03 10:53:20,884 : INFO : ball_device.bd_plunger : Ball left
2025-11-03 10:53:20,884 : INFO : ball_device.bd_plunger : Wait for confirm with timeout 3.0
2025-11-03 10:53:21,062 : INFO : SwitchController : <<<<<<< 's_three_bank_top' active >>>>>>>
2025-11-03 10:53:21,062 : INFO : EventManager : Event: ======'playfield_active'====== Args={'source': 'top_drop'}
2025-11-03 10:53:21,062 : INFO : EventManager : Event: ======'playfield_active'====== Args={'source': 'skillshot_drop_targets'}
2025-11-03 10:53:21,062 : INFO : EventManager : Event: ======'s_three_bank_top_active'====== Args={}
2025-11-03 10:53:21,063 : INFO : EventManager : Event: ======'playfield_active'====== Args={'source': 'top'}
2025-11-03 10:53:21,063 : INFO : EventManager : Event: ======'drop_target_top_down'====== Args={'device': <drop_target.top>}
2025-11-03 10:53:21,063 : INFO : EventManager : Event: ======'drop_target_bank_three_bank_mixed'====== Args={'prev_value': <DropTargetBankState.UP: 'up'>, 'down': 1}
2025-11-03 10:53:21,063 : INFO : EventManager : Event: ======'machine_var_audits_switches_s_three_bank_top'====== Args={'value': 780, 'prev_value': 779, 'change': 1}
2025-11-03 10:53:21,064 : INFO : EventManager : Event: ======'player_shot_skillshot_drop_targets'====== Args={'value': 1, 'prev_value': 0, 'change': 1, 'player_num': 1}
2025-11-03 10:53:21,065 : INFO : EventManager : Event: ======'machine_var_audits_shots_skillshot_drop_targets'====== Args={'value': 233, 'prev_value': 232, 'change': 1}
2025-11-03 10:53:21,065 : INFO : EventManager : Event: ======'skillshot_drop_targets_hit'====== Args={'profile': 'skill_shot_profile', 'state': 'off', 'advancing': True}
2025-11-03 10:53:21,065 : INFO : EventManager : Event: ======'skillshot_drop_targets_skill_shot_profile_hit'====== Args={'profile': 'skill_shot_profile', 'state': 'off', 'advancing': True}
2025-11-03 10:53:21,065 : INFO : EventManager : Event: ======'skillshot_drop_targets_skill_shot_profile_off_hit'====== Args={'profile': 'skill_shot_profile', 'state': 'off', 'advancing': True}
2025-11-03 10:53:21,065 : INFO : EventManager : Event: ======'skillshot_drop_targets_off_hit'====== Args={'profile': 'skill_shot_profile', 'state': 'off', 'advancing': True}
2025-11-03 10:53:21,065 : INFO : EventManager : Event: ======'machine_var_audits_shots_top_drop'====== Args={'value': 242, 'prev_value': 241, 'change': 1}
2025-11-03 10:53:21,065 : INFO : EventManager : Event: ======'top_drop_hit'====== Args={'profile': 'base_shot_profile', 'state': 'off', 'advancing': False}
2025-11-03 10:53:21,065 : INFO : EventManager : Event: ======'top_drop_base_shot_profile_hit'====== Args={'profile': 'base_shot_profile', 'state': 'off', 'advancing': False}
2025-11-03 10:53:21,065 : INFO : EventManager : Event: ======'top_drop_base_shot_profile_off_hit'====== Args={'profile': 'base_shot_profile', 'state': 'off', 'advancing': False}
2025-11-03 10:53:21,065 : INFO : EventManager : Event: ======'top_drop_off_hit'====== Args={'profile': 'base_shot_profile', 'state': 'off', 'advancing': False}
2025-11-03 10:53:21,065 : INFO : EventManager : Event: ======'player_score'====== Args={'value': 5550, 'prev_value': 3330, 'change': 2220, 'player_num': 1, 'source': 'base'}
2025-11-03 10:53:21,067 : INFO : EventManager : Event: ======'skillshot_hit'====== Args={'shot': 'skillshot_drop_targets'}
2025-11-03 10:53:21,067 : INFO : EventManager : Event: ======'skillshot_off_hit'====== Args={'shot': 'skillshot_drop_targets'}
2025-11-03 10:53:21,067 : INFO : EventManager : Event: ======'mode_skill_shot_will_stop'====== Args={}
2025-11-03 10:53:21,067 : INFO : EventManager : Event: ======'mode_skill_shot_stopping'====== Args={}
2025-11-03 10:53:21,069 : INFO : Mode.skill_shot : Stopped.
2025-11-03 10:53:21,070 : INFO : EventManager : Event: ======'modes_active_modes_changed'====== Args={}
2025-11-03 10:53:21,070 : INFO : EventManager : Event: ======'mode_skill_shot_stopped'====== Args={}
2025-11-03 10:53:21,070 : INFO : EventManager : Event: ======'clear'====== Args={'key': 'skill_shot'}
2025-11-03 10:53:21,071 : INFO : Timer.skill_shot_timeout : Stopping Timer
2025-11-03 10:53:21,071 : INFO : EventManager : Event: ======'timer_skill_shot_timeout_stopped'====== Args={'ticks': 0, 'ticks_remaining': 0}
2025-11-03 10:53:21,085 : INFO : ball_device.bd_plunger : Got eject confirm
2025-11-03 10:53:21,085 : INFO : ball_device.bd_plunger : Eject successful
2025-11-03 10:53:21,085 : INFO : EventManager : Event: ======'balldevice_bd_plunger_ball_eject_success'====== Args={'balls': 1, 'target': <playfield.playfield>}
2025-11-03 10:53:21,086 : INFO : EventManager : Event: ======'slide_skillshot_overlay_inactive'====== Args={'is_removing': True, '_from_bcp': True}
2025-11-03 10:53:21,086 : INFO : EventManager : Event: ======'slide_score_overlay_active'====== Args={'_from_bcp': True}
2025-11-03 10:53:21,086 : INFO : EventManager : Event: ======'slide_skillshot_overlay_removed'====== Args={'_from_bcp': True}
2025-11-03 10:53:21,086 : INFO : EventManager : Event: ======'balldevice_playfield_ball_enter'====== Args={'new_balls': 1, 'unclaimed_balls': 1, 'device': <playfield.playfield>}
2025-11-03 10:53:21,088 : INFO : EventManager : Event: ======'playfield_ball_count_change'====== Args={'balls': 1, 'change': 1}
2025-11-03 10:53:21,089 : INFO : EventManager : Event: ======'balldevice_bd_plunger_ball_count_changed'====== Args={'balls': 0}
2025-11-03 10:53:21,089 : INFO : ball_device.bd_plunger : State: idle
2025-11-03 10:53:21,521 : INFO : EventManager : Event: ======'player_base_bodymovin_lock_enabled_widget_timer_tick'====== Args={'value': 2, 'prev_value': 1, 'change': 1, 'player_num': 1}
2025-11-03 10:53:21,522 : INFO : EventManager : Event: ======'timer_bodymovin_lock_enabled_widget_timer_tick'====== Args={'ticks': 2, 'ticks_remaining': 2}
2025-11-03 10:53:22,533 : INFO : EventManager : Event: ======'player_base_bodymovin_lock_enabled_widget_timer_tick'====== Args={'value': 3, 'prev_value': 2, 'change': 1, 'player_num': 1}
2025-11-03 10:53:22,533 : INFO : EventManager : Event: ======'timer_bodymovin_lock_enabled_widget_timer_tick'====== Args={'ticks': 3, 'ticks_remaining': 1}
2025-11-03 10:53:23,535 : INFO : EventManager : Event: ======'player_base_bodymovin_lock_enabled_widget_timer_tick'====== Args={'value': 4, 'prev_value': 3, 'change': 1, 'player_num': 1}
2025-11-03 10:53:23,536 : INFO : Timer.bodymovin_lock_enabled_widget_timer : Timer Complete
2025-11-03 10:53:23,537 : INFO : Timer.bodymovin_lock_enabled_widget_timer : Stopping Timer
2025-11-03 10:53:23,537 : INFO : EventManager : Event: ======'timer_bodymovin_lock_enabled_widget_timer_stopped'====== Args={'ticks': 4, 'ticks_remaining': 1}
2025-11-03 10:53:23,537 : INFO : EventManager : Event: ======'timer_bodymovin_lock_enabled_widget_timer_complete'====== Args={'ticks': 4, 'ticks_remaining': 1}
2025-11-03 10:53:26,870 : INFO : EventManager : Event: ======'ball_save_default_hurry_up'====== Args={}
2025-11-03 10:53:30,885 : INFO : EventManager : Event: ======'ball_save_default_grace_period'====== Args={}
2025-11-03 10:53:32,883 : INFO : EventManager : Event: ======'ball_save_default_disabled'====== Args={}
2025-11-03 10:53:34,373 : INFO : Machine : Shutting down...
2025-11-03 10:53:34,373 : INFO : EventManager : Event: ======'shutdown'====== Args={}
2025-11-03 10:53:34,373 : INFO : EventManager : Event: ======'mode_service_will_stop'====== Args={}
2025-11-03 10:53:34,374 : INFO : EventManager : Event: ======'mode_service_stopping'====== Args={}
2025-11-03 10:53:34,375 : INFO : Mode.service : Stopped.
2025-11-03 10:53:34,375 : INFO : EventManager : Event: ======'modes_active_modes_changed'====== Args={}
2025-11-03 10:53:34,375 : INFO : EventManager : Event: ======'mode_service_stopped'====== Args={}
2025-11-03 10:53:34,375 : INFO : EventManager : Event: ======'clear'====== Args={'key': 'service'}
2025-11-03 10:53:34,376 : INFO : EventManager : Event: ======'mode_game_will_stop'====== Args={}
2025-11-03 10:53:34,376 : INFO : EventManager : Event: ======'mode_game_stopping'====== Args={}
2025-11-03 10:53:34,377 : INFO : EventManager : Event: ======'mode_batterycharger_will_stop'====== Args={}
2025-11-03 10:53:34,378 : INFO : EventManager : Event: ======'mode_batterycharger_stopping'====== Args={}
2025-11-03 10:53:34,378 : INFO : EventManager : Event: ======'mode_combos_will_stop'====== Args={}
2025-11-03 10:53:34,378 : INFO : EventManager : Event: ======'mode_combos_stopping'====== Args={}
2025-11-03 10:53:34,378 : INFO : EventManager : Event: ======'mode_multiball_will_stop'====== Args={}
2025-11-03 10:53:34,378 : INFO : EventManager : Event: ======'mode_multiball_stopping'====== Args={}
2025-11-03 10:53:34,378 : INFO : EventManager : Event: ======'mode_carousel_will_stop'====== Args={}
2025-11-03 10:53:34,378 : INFO : EventManager : Event: ======'mode_carousel_stopping'====== Args={}
2025-11-03 10:53:34,378 : INFO : EventManager : Event: ======'mode_base_will_stop'====== Args={}
2025-11-03 10:53:34,378 : INFO : EventManager : Event: ======'mode_base_stopping'====== Args={}
2025-11-03 10:53:34,379 : INFO : Mode.base : Stopped.
2025-11-03 10:53:34,379 : INFO : EventManager : Event: ======'modes_active_modes_changed'====== Args={}
2025-11-03 10:53:34,380 : INFO : EventManager : Event: ======'mode_base_stopped'====== Args={}
2025-11-03 10:53:34,380 : INFO : EventManager : Event: ======'clear'====== Args={'key': 'base'}
2025-11-03 10:53:34,381 : INFO : Timer.bodymovin_widget_timer : Stopping Timer
2025-11-03 10:53:34,381 : INFO : EventManager : Event: ======'timer_bodymovin_widget_timer_stopped'====== Args={'ticks': 0, 'ticks_remaining': 0}
2025-11-03 10:53:34,382 : INFO : Timer.bodymovin_lock_enabled_widget_timer : Stopping Timer
2025-11-03 10:53:34,382 : INFO : EventManager : Event: ======'timer_bodymovin_lock_enabled_widget_timer_stopped'====== Args={'ticks': 4, 'ticks_remaining': 1}
2025-11-03 10:53:34,383 : INFO : Timer.bodymovin_ball_1_locked_widget_timer : Stopping Timer
2025-11-03 10:53:34,383 : INFO : EventManager : Event: ======'timer_bodymovin_ball_1_locked_widget_timer_stopped'====== Args={'ticks': 0, 'ticks_remaining': 0}
2025-11-03 10:53:34,384 : INFO : Timer.chcheckitoutfinish_widget_timer : Stopping Timer
2025-11-03 10:53:34,384 : INFO : EventManager : Event: ======'timer_chcheckitoutfinish_widget_timer_stopped'====== Args={'ticks': 0, 'ticks_remaining': 0}
2025-11-03 10:53:34,384 : INFO : Timer.bodymovin_ball_2_locked_widget_timer : Stopping Timer
2025-11-03 10:53:34,384 : INFO : EventManager : Event: ======'timer_bodymovin_ball_2_locked_widget_timer_stopped'====== Args={'ticks': 0, 'ticks_remaining': 0}
2025-11-03 10:53:34,384 : INFO : Mode.carousel : Stopped.
2025-11-03 10:53:34,384 : INFO : EventManager : Event: ======'modes_active_modes_changed'====== Args={}
2025-11-03 10:53:34,385 : INFO : EventManager : Event: ======'mode_carousel_stopped'====== Args={}
2025-11-03 10:53:34,385 : INFO : EventManager : Event: ======'clear'====== Args={'key': 'carousel'}
2025-11-03 10:53:34,385 : INFO : Mode.multiball : Stopped.
2025-11-03 10:53:34,385 : INFO : EventManager : Event: ======'modes_active_modes_changed'====== Args={}
2025-11-03 10:53:34,385 : INFO : EventManager : Event: ======'mode_multiball_stopped'====== Args={}
2025-11-03 10:53:34,385 : INFO : EventManager : Event: ======'clear'====== Args={'key': 'multiball'}
2025-11-03 10:53:34,387 : INFO : Mode.combos : Stopped.
2025-11-03 10:53:34,387 : INFO : EventManager : Event: ======'modes_active_modes_changed'====== Args={}
2025-11-03 10:53:34,387 : INFO : EventManager : Event: ======'mode_combos_stopped'====== Args={}
2025-11-03 10:53:34,387 : INFO : EventManager : Event: ======'clear'====== Args={'key': 'combos'}
2025-11-03 10:53:34,389 : INFO : Mode.batterycharger : Stopped.
2025-11-03 10:53:34,390 : INFO : EventManager : Event: ======'modes_active_modes_changed'====== Args={}
2025-11-03 10:53:34,390 : INFO : EventManager : Event: ======'mode_batterycharger_stopped'====== Args={}
2025-11-03 10:53:34,390 : INFO : EventManager : Event: ======'clear'====== Args={'key': 'batterycharger'}
2025-11-03 10:53:34,390 : INFO : Mode.game : Stopped.
2025-11-03 10:53:34,391 : INFO : EventManager : Event: ======'modes_active_modes_changed'====== Args={}
2025-11-03 10:53:34,391 : INFO : EventManager : Event: ======'mode_game_stopped'====== Args={}
2025-11-03 10:53:34,391 : INFO : EventManager : Event: ======'clear'====== Args={'key': 'game'}
2025-11-03 10:53:34,394 : INFO : root : MPF run loop ended.
