2025-10-26 21:56:20,543 : INFO : root : Loading config.
2025-10-26 21:56:20,548 : INFO : YamlMultifileConfigLoader : Machine config file #1: config.yaml
2025-10-26 21:56:20,548 : INFO : ConfigProcessor : Loading config from cache: C:\Users\sdona\AppData\Local\Temp\19f6d0d7953982fda9d956182316b8e5.mpf_cache
2025-10-26 21:56:20,677 : INFO : ConfigProcessor : Loading config from cache: C:\Users\sdona\AppData\Local\Temp\835b5bfea4be8b279a05e96caaaffbbb.mpf_cache
2025-10-26 21:56:20,678 : INFO : ConfigProcessor : Loading config from cache: C:\Users\sdona\AppData\Local\Temp\9b0a7575388f9d9bd2f6ab87bf9fd2f7.mpf_cache
2025-10-26 21:56:20,679 : INFO : ConfigProcessor : Loading config from cache: C:\Users\sdona\AppData\Local\Temp\c340ec0033d1055cd797ffd5447ef414.mpf_cache
2025-10-26 21:56:20,681 : INFO : ConfigProcessor : Loading config from cache: C:\Users\sdona\AppData\Local\Temp\835b5bfea4be8b279a05e96caaaffbbb.mpf_cache
2025-10-26 21:56:20,682 : INFO : ConfigProcessor : Loading config from cache: C:\Users\sdona\AppData\Local\Temp\8c11a28e3c38d4ad47947b6a126f2ee9.mpf_cache
2025-10-26 21:56:20,683 : INFO : ConfigProcessor : Loading config from cache: C:\Users\sdona\AppData\Local\Temp\e391083cdc9e667060411fe5838e93f2.mpf_cache
2025-10-26 21:56:20,685 : INFO : ConfigProcessor : Loading config from cache: C:\Users\sdona\AppData\Local\Temp\f0c219a993d891ee86dcb7eae47dde67.mpf_cache
2025-10-26 21:56:20,686 : INFO : ConfigProcessor : Loading config from cache: C:\Users\sdona\AppData\Local\Temp\96aa58108928490b129531848cd9b506.mpf_cache
2025-10-26 21:56:20,687 : INFO : ConfigProcessor : Loading config from cache: C:\Users\sdona\AppData\Local\Temp\567636b9d9766e3361204e954a8382da.mpf_cache
2025-10-26 21:56:20,688 : INFO : ConfigProcessor : Loading config from cache: C:\Users\sdona\AppData\Local\Temp\d5ead8dff868c6c4b1faf37537a19bc2.mpf_cache
2025-10-26 21:56:20,689 : INFO : ConfigProcessor : Loading config from cache: C:\Users\sdona\AppData\Local\Temp\112f935d1c2002cb40d3e6e497be9e7c.mpf_cache
2025-10-26 21:56:20,690 : INFO : ConfigProcessor : Loading config from cache: C:\Users\sdona\AppData\Local\Temp\aba0711976820dea629bb4c00b006efc.mpf_cache
2025-10-26 21:56:20,691 : INFO : ConfigProcessor : Loading config from cache: C:\Users\sdona\AppData\Local\Temp\de8ed6c6d4c48d1b5b054ff74222cb35.mpf_cache
2025-10-26 21:56:20,693 : INFO : ConfigProcessor : Loading config from cache: C:\Users\sdona\AppData\Local\Temp\e6b55d6a1c06b0dd6369c964181bf8d3.mpf_cache
2025-10-26 21:56:20,694 : INFO : ConfigProcessor : Loading config from cache: C:\Users\sdona\AppData\Local\Temp\2eef6648f7190b215d7c16d8157b8208.mpf_cache
2025-10-26 21:56:20,696 : INFO : ConfigProcessor : Loading config from cache: C:\Users\sdona\AppData\Local\Temp\5a7ad07f75832c2fa569d8508186f943.mpf_cache
2025-10-26 21:56:20,697 : INFO : ConfigProcessor : Loading config from cache: C:\Users\sdona\AppData\Local\Temp\711653a87803a851864824c720cfa295.mpf_cache
2025-10-26 21:56:20,698 : INFO : ConfigProcessor : Loading config from cache: C:\Users\sdona\AppData\Local\Temp\b049f3bb793752455511c0ce4851dcec.mpf_cache
2025-10-26 21:56:20,698 : INFO : ConfigProcessor : Loading config from cache: C:\Users\sdona\AppData\Local\Temp\141b19e6c0168c485bbb38b6543175a8.mpf_cache
2025-10-26 21:56:20,699 : INFO : ConfigProcessor : Loading config from cache: C:\Users\sdona\AppData\Local\Temp\4e6dd3b0a361d042ad5ab93a8cc8b437.mpf_cache
2025-10-26 21:56:20,700 : INFO : ConfigProcessor : Loading config from cache: C:\Users\sdona\AppData\Local\Temp\e97c871403fe82070ff249d62d7cfe22.mpf_cache
2025-10-26 21:56:20,701 : INFO : ConfigProcessor : Loading config from cache: C:\Users\sdona\AppData\Local\Temp\64b6da5876f56fc970400d85dfe882ec.mpf_cache
2025-10-26 21:56:20,701 : INFO : ConfigProcessor : Loading config from cache: C:\Users\sdona\AppData\Local\Temp\c5a11fc9367393a964e333a780e846f7.mpf_cache
2025-10-26 21:56:20,702 : INFO : ConfigProcessor : Loading config from cache: C:\Users\sdona\AppData\Local\Temp\2816335dd466496617c9461f091e66f7.mpf_cache
2025-10-26 21:56:20,702 : INFO : ConfigProcessor : Loading config from cache: C:\Users\sdona\AppData\Local\Temp\6359f7257429add2d261e94bcafd60d5.mpf_cache
2025-10-26 21:56:20,703 : INFO : ConfigProcessor : Loading config from cache: C:\Users\sdona\AppData\Local\Temp\bed2bac5ea254e8ca98f6dd45e865fd8.mpf_cache
2025-10-26 21:56:20,704 : INFO : ConfigProcessor : Loading config from cache: C:\Users\sdona\AppData\Local\Temp\48e8797b77339ec89f8005d20046fbbb.mpf_cache
2025-10-26 21:56:20,705 : INFO : ConfigProcessor : Loading config from cache: C:\Users\sdona\AppData\Local\Temp\b0b8ed4dbd306ac2f063788d81ec6bc4.mpf_cache
2025-10-26 21:56:20,706 : INFO : ConfigProcessor : Loading config from cache: C:\Users\sdona\AppData\Local\Temp\98b42cbd2eba7845afea8d7862634639.mpf_cache
2025-10-26 21:56:20,706 : INFO : ConfigProcessor : Loading config from cache: C:\Users\sdona\AppData\Local\Temp\44893055a228bb5e0381bfc6f9c0abd7.mpf_cache
2025-10-26 21:56:20,707 : INFO : ConfigProcessor : Loading config from cache: C:\Users\sdona\AppData\Local\Temp\e134e8f85ba8fa9c3d7f1500ca292437.mpf_cache
2025-10-26 21:56:20,708 : INFO : ConfigProcessor : Loading config from cache: C:\Users\sdona\AppData\Local\Temp\b24b6909ee6e0520126bbce60d1ed210.mpf_cache
2025-10-26 21:56:20,709 : INFO : ConfigProcessor : Loading config from cache: C:\Users\sdona\AppData\Local\Temp\cba807ea4a81180f6dd01afffacec8ed.mpf_cache
2025-10-26 21:56:20,711 : INFO : ConfigProcessor : Loading config from cache: C:\Users\sdona\AppData\Local\Temp\f4dd4d2b5212b72c6e9e67ac9e704e63.mpf_cache
2025-10-26 21:56:20,712 : INFO : ConfigProcessor : Loading config from cache: C:\Users\sdona\AppData\Local\Temp\b47d9bb1214e11383bf30352af24a7d5.mpf_cache
2025-10-26 21:56:20,712 : INFO : ConfigProcessor : Loading config from cache: C:\Users\sdona\AppData\Local\Temp\23d7d59c131357e53b11dbd4a18e6a94.mpf_cache
2025-10-26 21:56:20,714 : INFO : ConfigProcessor : Loading config from cache: C:\Users\sdona\AppData\Local\Temp\4233704904419fdd214152084a83fec1.mpf_cache
2025-10-26 21:56:20,715 : INFO : ConfigProcessor : Loading config from cache: C:\Users\sdona\AppData\Local\Temp\989ee664052248e9552213e43037a565.mpf_cache
2025-10-26 21:56:20,716 : INFO : ConfigProcessor : Loading config from cache: C:\Users\sdona\AppData\Local\Temp\428bc1fa3c6dcaec1d63d9276cdb6405.mpf_cache
2025-10-26 21:56:20,717 : INFO : ConfigProcessor : Loading config from cache: C:\Users\sdona\AppData\Local\Temp\f071e720e1ef2a753ced60502153911a.mpf_cache
2025-10-26 21:56:20,718 : INFO : ConfigProcessor : Loading config from cache: C:\Users\sdona\AppData\Local\Temp\a464c65b0880a71dbe3e02b1f7271abd.mpf_cache
2025-10-26 21:56:20,719 : INFO : ConfigProcessor : Loading config from cache: C:\Users\sdona\AppData\Local\Temp\b4bf5fa77bdb26872f42159f572a3499.mpf_cache
2025-10-26 21:56:20,720 : INFO : ConfigProcessor : Loading config from cache: C:\Users\sdona\AppData\Local\Temp\cd6f6abb19272a94675a232f8f899ac9.mpf_cache
2025-10-26 21:56:20,720 : INFO : ConfigProcessor : Loading config from cache: C:\Users\sdona\AppData\Local\Temp\cbc61a9ec21d345237ebbced62572970.mpf_cache
2025-10-26 21:56:20,722 : INFO : ConfigProcessor : Loading config from cache: C:\Users\sdona\AppData\Local\Temp\c25e7c71bc90546538d4e68911be6658.mpf_cache
2025-10-26 21:56:20,723 : INFO : ConfigProcessor : Loading config from cache: C:\Users\sdona\AppData\Local\Temp\b7a51086f1e3c926b3977a0d025a1faa.mpf_cache
2025-10-26 21:56:20,724 : INFO : ConfigProcessor : Loading config from cache: C:\Users\sdona\AppData\Local\Temp\479eb3ca656e084fa2e092204a5b8039.mpf_cache
2025-10-26 21:56:20,725 : INFO : ConfigProcessor : Loading config from cache: C:\Users\sdona\AppData\Local\Temp\bdb81eccbf19551abd8bea5fafeca7c0.mpf_cache
2025-10-26 21:56:20,726 : INFO : ConfigProcessor : Loading config from cache: C:\Users\sdona\AppData\Local\Temp\8f065719b93e886777277178babee650.mpf_cache
2025-10-26 21:56:20,728 : INFO : ConfigProcessor : Loading config from cache: C:\Users\sdona\AppData\Local\Temp\7fef0463a0df344c3146c845257ec616.mpf_cache
2025-10-26 21:56:20,729 : INFO : ConfigProcessor : Loading config from cache: C:\Users\sdona\AppData\Local\Temp\a4f333ad36a077996c49298642b6bdcf.mpf_cache
2025-10-26 21:56:20,730 : INFO : ConfigProcessor : Loading config from cache: C:\Users\sdona\AppData\Local\Temp\e8d69d74f27089cda2650299e9916804.mpf_cache
2025-10-26 21:56:20,731 : INFO : ConfigProcessor : Loading config from cache: C:\Users\sdona\AppData\Local\Temp\05530f35bd950f18d27d3fd571d96823.mpf_cache
2025-10-26 21:56:20,732 : INFO : ConfigProcessor : Loading config from cache: C:\Users\sdona\AppData\Local\Temp\fc1e3f85304c911eb844eb65d36e61be.mpf_cache
2025-10-26 21:56:20,732 : INFO : ConfigProcessor : Loading config from cache: C:\Users\sdona\AppData\Local\Temp\53223d3922288729ee504c1b2a98bb55.mpf_cache
2025-10-26 21:56:20,734 : INFO : ConfigProcessor : Loading config from cache: C:\Users\sdona\AppData\Local\Temp\8d20136ddb274338050d1d1ccc1a5e4f.mpf_cache
2025-10-26 21:56:20,735 : INFO : ConfigProcessor : Loading config from cache: C:\Users\sdona\AppData\Local\Temp\1254d50720d6d5d0da0e84e29cdbaa7a.mpf_cache
2025-10-26 21:56:20,736 : INFO : ConfigProcessor : Loading config from cache: C:\Users\sdona\AppData\Local\Temp\1a7ae31e9f779b1261e3d1eee1831b27.mpf_cache
2025-10-26 21:56:20,737 : INFO : ConfigProcessor : Loading config from cache: C:\Users\sdona\AppData\Local\Temp\8e3ea42c38f2105e0d9462648474c540.mpf_cache
2025-10-26 21:56:20,738 : INFO : ConfigProcessor : Loading config from cache: C:\Users\sdona\AppData\Local\Temp\a61b86d39bcc5a5ea0a5885549542355.mpf_cache
2025-10-26 21:56:20,738 : INFO : Machine : Mission Pinball Framework Core Engine v0.80.0.dev9
2025-10-26 21:56:20,738 : INFO : Machine : Command line arguments: {'no_load_cache': False, 'create_config_cache': True, 'bcp': True, 'configfile': ['config.yaml'], 'force_assets_load': False, 'platform_integration_test': False, 'jsonlogging': False, 'logfile': 'logs\\2025-10-26-21-56-20-mpf-PinballLaptop.log', 'pause': False, 'production': False, 'text_ui': True, 'loglevel': 15, 'consoleloglevel': 20, 'force_platform': 'smart_virtual', 'syslog_address': None, 'full_logfile_path': 'C:\\venv\\mpf\\mmmdrop\\logs\\2025-10-26-21-56-20-mpf-PinballLaptop.log'}
2025-10-26 21:56:20,738 : INFO : Machine : MPF path: c:\venv\mpf\lib\site-packages\mpf
2025-10-26 21:56:20,738 : INFO : Machine : Machine path: C:\venv\mpf\mmmdrop
2025-10-26 21:56:20,738 : INFO : Machine : Platform: win32
2025-10-26 21:56:20,738 : INFO : Machine : Python executable location: c:\venv\mpf\Scripts\python.exe
2025-10-26 21:56:20,738 : INFO : Machine : Python version: 3.9.13 (64-bit)
2025-10-26 21:56:20,740 : INFO : Machine : Initializing MPF...
2025-10-26 21:56:21,019 : INFO : EventManager : Event: ======'machine_var_credits_string'====== Args={'value': 'FREE PLAY', 'prev_value': None, 'change': True}
2025-10-26 21:56:21,055 : INFO : EventManager : Event: ======'machine_var_fast_audio_headphones_volume'====== Args={'value': 10, 'prev_value': None, 'change': True}
2025-10-26 21:56:21,055 : INFO : EventManager : Event: ======'machine_var_fast_audio_main_volume'====== Args={'value': 44, 'prev_value': None, 'change': True}
2025-10-26 21:56:21,056 : INFO : EventManager : Event: ======'machine_var_master_volume'====== Args={'value': 0.55, 'prev_value': None, 'change': True}
2025-10-26 21:56:21,056 : INFO : EventManager : Event: ======'machine_var_player1_score'====== Args={'value': 20034230, 'prev_value': None, 'change': True}
2025-10-26 21:56:21,056 : INFO : EventManager : Event: ======'machine_var_game_just_played'====== Args={'value': 0, 'prev_value': None, 'change': True}
2025-10-26 21:56:21,056 : INFO : EventManager : Event: ======'machine_var_mpf_version'====== Args={'value': 'Mission Pinball Framework v0.80.0.dev9', 'prev_value': None, 'change': True}
2025-10-26 21:56:21,056 : INFO : EventManager : Event: ======'machine_var_mpf_extended_version'====== Args={'value': 'Mission Pinball Framework v0.80.0.dev9, Config version:6, Show version: 6, BCP version:1.1', 'prev_value': None, 'change': True}
2025-10-26 21:56:21,056 : INFO : EventManager : Event: ======'machine_var_python_version'====== Args={'value': '3.9.13', 'prev_value': None, 'change': True}
2025-10-26 21:56:21,109 : INFO : EventManager : Event: ======'machine_var_platform'====== Args={'value': 'Windows-10-10.0.26100-SP0', 'prev_value': None, 'change': True}
2025-10-26 21:56:21,109 : INFO : EventManager : Event: ======'machine_var_platform_system'====== Args={'value': 'Windows', 'prev_value': None, 'change': True}
2025-10-26 21:56:21,109 : INFO : EventManager : Event: ======'machine_var_platform_release'====== Args={'value': '10', 'prev_value': None, 'change': True}
2025-10-26 21:56:21,109 : INFO : EventManager : Event: ======'machine_var_platform_version'====== Args={'value': '10.0.26100', 'prev_value': None, 'change': True}
2025-10-26 21:56:21,109 : INFO : EventManager : Event: ======'machine_var_platform_machine'====== Args={'value': 'AMD64', 'prev_value': None, 'change': True}
2025-10-26 21:56:21,109 : INFO : EventManager : Event: ======'machine_var_log_file_path'====== Args={'value': 'C:\\venv\\mpf\\mmmdrop\\logs\\2025-10-26-21-56-20-mpf-PinballLaptop.log', 'prev_value': None, 'change': True}
2025-10-26 21:56:21,109 : INFO : EventManager : Event: ======'init_phase_1'====== Args={}
2025-10-26 21:56:21,176 : INFO : EventManager : Event: ======'drop_target_bank_three_bank_up'====== Args={}
2025-10-26 21:56:21,178 : INFO : EventManager : Event: ======'init_phase_2'====== Args={}
2025-10-26 21:56:21,178 : INFO : SwitchController : Found active switch: ('3208-0', <Platform.SmartVirtual>) <switch.s_trough1>
2025-10-26 21:56:21,178 : INFO : SwitchController : Found active switch: ('3208-1', <Platform.SmartVirtual>) <switch.s_trough2>
2025-10-26 21:56:21,178 : INFO : SwitchController : Found active switch: ('3208-2', <Platform.SmartVirtual>) <switch.s_trough3>
2025-10-26 21:56:21,178 : INFO : SwitchController : Found active switch: ('3208-3', <Platform.SmartVirtual>) <switch.s_trough4>
2025-10-26 21:56:21,178 : INFO : SwitchController : Found active switch: ('3208-4', <Platform.SmartVirtual>) <switch.s_trough5>
2025-10-26 21:56:21,178 : INFO : SwitchController : Found active switch: ('3208-5', <Platform.SmartVirtual>) <switch.s_trough6>
2025-10-26 21:56:21,197 : INFO : EventManager : Event: ======'bcp_connection_attempt'====== Args={'name': 'local_display', 'host': 'localhost', 'port': 5050}
2025-10-26 21:56:21,200 : INFO : BCPClientSocket : Connecting BCP to 'local_display' at localhost:5050...
2025-10-26 21:56:37,783 : INFO : BCPClientSocket : Connected BCP to 'local_display' localhost:5050
2025-10-26 21:56:37,784 : INFO : EventManager : Event: ======'bcp_clients_connected'====== Args={}
2025-10-26 21:56:37,923 : INFO : ball_device.bd_trough : BCH: Initial count: 6
2025-10-26 21:56:37,969 : INFO : ball_device.bd_trough : State: idle
2025-10-26 21:56:37,970 : INFO : ball_device.bd_plunger : BCH: Initial count: 0
2025-10-26 21:56:37,970 : INFO : ball_device.bd_plunger : State: idle
2025-10-26 21:56:37,970 : INFO : ball_device.bd_scoop : BCH: Initial count: 0
2025-10-26 21:56:37,970 : INFO : ball_device.bd_scoop : State: idle
2025-10-26 21:56:37,997 : INFO : EventManager : Event: ======'init_phase_3'====== Args={}
2025-10-26 21:56:38,013 : INFO : EventManager : Event: ======'init_phase_4'====== Args={}
2025-10-26 21:56:38,014 : INFO : BallController : Initial balls found: 6
2025-10-26 21:56:38,015 : INFO : EventManager : Event: ======'machine_var_audits_events_game_ended'====== Args={'value': 59, 'prev_value': None, 'change': True}
2025-10-26 21:56:38,016 : INFO : EventManager : Event: ======'machine_var_audits_events_game_started'====== Args={'value': 548, 'prev_value': None, 'change': True}
2025-10-26 21:56:38,017 : INFO : EventManager : Event: ======'machine_var_audits_missing_switches_s_captive_ball'====== Args={'value': 21, 'prev_value': None, 'change': True}
2025-10-26 21:56:38,017 : INFO : EventManager : Event: ======'machine_var_audits_missing_switches_s_center_upper_pop'====== Args={'value': 56, 'prev_value': None, 'change': True}
2025-10-26 21:56:38,017 : INFO : EventManager : Event: ======'machine_var_audits_missing_switches_s_inner_orbit'====== Args={'value': 21, 'prev_value': None, 'change': True}
2025-10-26 21:56:38,017 : INFO : EventManager : Event: ======'machine_var_audits_missing_switches_s_left_flipper'====== Args={'value': 3, 'prev_value': None, 'change': True}
2025-10-26 21:56:38,017 : INFO : EventManager : Event: ======'machine_var_audits_missing_switches_s_left_orbit'====== Args={'value': 21, 'prev_value': None, 'change': True}
2025-10-26 21:56:38,017 : INFO : EventManager : Event: ======'machine_var_audits_missing_switches_s_left_outlane'====== Args={'value': 1, 'prev_value': None, 'change': True}
2025-10-26 21:56:38,017 : INFO : EventManager : Event: ======'machine_var_audits_missing_switches_s_left_ramp'====== Args={'value': 19, 'prev_value': None, 'change': True}
2025-10-26 21:56:38,017 : INFO : EventManager : Event: ======'machine_var_audits_missing_switches_s_left_slingshot'====== Args={'value': 474, 'prev_value': None, 'change': True}
2025-10-26 21:56:38,017 : INFO : EventManager : Event: ======'machine_var_audits_missing_switches_s_left_upper_pop'====== Args={'value': 56, 'prev_value': None, 'change': True}
2025-10-26 21:56:38,017 : INFO : EventManager : Event: ======'machine_var_audits_missing_switches_s_pop_standup'====== Args={'value': 19, 'prev_value': None, 'change': True}
2025-10-26 21:56:38,017 : INFO : EventManager : Event: ======'machine_var_audits_missing_switches_s_right_inlane'====== Args={'value': 1, 'prev_value': None, 'change': True}
2025-10-26 21:56:38,018 : INFO : EventManager : Event: ======'machine_var_audits_missing_switches_s_right_lower_pop'====== Args={'value': 19, 'prev_value': None, 'change': True}
2025-10-26 21:56:38,018 : INFO : EventManager : Event: ======'machine_var_audits_missing_switches_s_right_orbit'====== Args={'value': 21, 'prev_value': None, 'change': True}
2025-10-26 21:56:38,018 : INFO : EventManager : Event: ======'machine_var_audits_missing_switches_s_right_outlane'====== Args={'value': 1, 'prev_value': None, 'change': True}
2025-10-26 21:56:38,018 : INFO : EventManager : Event: ======'machine_var_audits_missing_switches_s_right_ramp'====== Args={'value': 19, 'prev_value': None, 'change': True}
2025-10-26 21:56:38,018 : INFO : EventManager : Event: ======'machine_var_audits_missing_switches_s_right_slingshot'====== Args={'value': 324, 'prev_value': None, 'change': True}
2025-10-26 21:56:38,018 : INFO : EventManager : Event: ======'machine_var_audits_missing_switches_s_scoop'====== Args={'value': 19, 'prev_value': None, 'change': True}
2025-10-26 21:56:38,019 : INFO : EventManager : Event: ======'machine_var_audits_missing_switches_s_service_down'====== Args={'value': 193, 'prev_value': None, 'change': True}
2025-10-26 21:56:38,019 : INFO : EventManager : Event: ======'machine_var_audits_missing_switches_s_service_enter'====== Args={'value': 193, 'prev_value': None, 'change': True}
2025-10-26 21:56:38,019 : INFO : EventManager : Event: ======'machine_var_audits_missing_switches_s_service_esc'====== Args={'value': 193, 'prev_value': None, 'change': True}
2025-10-26 21:56:38,019 : INFO : EventManager : Event: ======'machine_var_audits_missing_switches_s_service_up'====== Args={'value': 166, 'prev_value': None, 'change': True}
2025-10-26 21:56:38,019 : INFO : EventManager : Event: ======'machine_var_audits_missing_switches_s_spinner'====== Args={'value': 23, 'prev_value': None, 'change': True}
2025-10-26 21:56:38,019 : INFO : EventManager : Event: ======'machine_var_audits_missing_switches_s_start'====== Args={'value': 132, 'prev_value': None, 'change': True}
2025-10-26 21:56:38,019 : INFO : EventManager : Event: ======'machine_var_audits_missing_switches_s_three_bank_bottom'====== Args={'value': 13, 'prev_value': None, 'change': True}
2025-10-26 21:56:38,019 : INFO : EventManager : Event: ======'machine_var_audits_missing_switches_s_three_bank_middle'====== Args={'value': 13, 'prev_value': None, 'change': True}
2025-10-26 21:56:38,019 : INFO : EventManager : Event: ======'machine_var_audits_missing_switches_s_three_bank_standup'====== Args={'value': 23, 'prev_value': None, 'change': True}
2025-10-26 21:56:38,020 : INFO : EventManager : Event: ======'machine_var_audits_missing_switches_s_tilt_bob'====== Args={'value': 111, 'prev_value': None, 'change': True}
2025-10-26 21:56:38,020 : INFO : EventManager : Event: ======'machine_var_audits_missing_switches_s_top_right_flipper'====== Args={'value': 474, 'prev_value': None, 'change': True}
2025-10-26 21:56:38,020 : INFO : EventManager : Event: ======'machine_var_audits_missing_switches_s_trough1'====== Args={'value': 21, 'prev_value': None, 'change': True}
2025-10-26 21:56:38,020 : INFO : EventManager : Event: ======'machine_var_audits_missing_switches_s_trough2'====== Args={'value': 23, 'prev_value': None, 'change': True}
2025-10-26 21:56:38,020 : INFO : EventManager : Event: ======'machine_var_audits_missing_switches_s_trough3'====== Args={'value': 23, 'prev_value': None, 'change': True}
2025-10-26 21:56:38,020 : INFO : EventManager : Event: ======'machine_var_audits_missing_switches_s_trough4'====== Args={'value': 473, 'prev_value': None, 'change': True}
2025-10-26 21:56:38,020 : INFO : EventManager : Event: ======'machine_var_audits_missing_switches_s_trough5'====== Args={'value': 473, 'prev_value': None, 'change': True}
2025-10-26 21:56:38,020 : INFO : EventManager : Event: ======'machine_var_audits_missing_switches_s_trough6'====== Args={'value': 323, 'prev_value': None, 'change': True}
2025-10-26 21:56:38,020 : INFO : EventManager : Event: ======'machine_var_audits_missing_switches_s_trough_jam'====== Args={'value': 474, 'prev_value': None, 'change': True}
2025-10-26 21:56:38,020 : INFO : EventManager : Event: ======'machine_var_audits_missing_switches_s_tshirt_bottom_standup'====== Args={'value': 23, 'prev_value': None, 'change': True}
2025-10-26 21:56:38,020 : INFO : EventManager : Event: ======'machine_var_audits_missing_switches_s_tshirt_top_standup'====== Args={'value': 95, 'prev_value': None, 'change': True}
2025-10-26 21:56:38,020 : INFO : EventManager : Event: ======'machine_var_audits_missing_switches_s_upper_pop_standup'====== Args={'value': 23, 'prev_value': None, 'change': True}
2025-10-26 21:56:38,020 : INFO : EventManager : Event: ======'machine_var_audits_missing_switches_service_esc'====== Args={'value': 1, 'prev_value': None, 'change': True}
2025-10-26 21:56:38,020 : INFO : EventManager : Event: ======'machine_var_audits_player_score'====== Args={'value': {'average': 9252392, 'top': [147275560, 142237180, 85092890, 38155360, 32035610, 25030460, 20034230, 6038970, 6022290, 6019980], 'total': 63}, 'prev_value': None, 'change': True}
2025-10-26 21:56:38,021 : INFO : EventManager : Event: ======'machine_var_audits_shots_bottom_drop'====== Args={'value': 45, 'prev_value': None, 'change': True}
2025-10-26 21:56:38,021 : INFO : EventManager : Event: ======'machine_var_audits_shots_captive_ball'====== Args={'value': 13, 'prev_value': None, 'change': True}
2025-10-26 21:56:38,021 : INFO : EventManager : Event: ======'machine_var_audits_shots_inner_loop'====== Args={'value': 13, 'prev_value': None, 'change': True}
2025-10-26 21:56:38,021 : INFO : EventManager : Event: ======'machine_var_audits_shots_inner_loop_backdoor'====== Args={'value': 1, 'prev_value': None, 'change': True}
2025-10-26 21:56:38,021 : INFO : EventManager : Event: ======'machine_var_audits_shots_left_inlane'====== Args={'value': 11, 'prev_value': None, 'change': True}
2025-10-26 21:56:38,021 : INFO : EventManager : Event: ======'machine_var_audits_shots_left_orbit'====== Args={'value': 22, 'prev_value': None, 'change': True}
2025-10-26 21:56:38,021 : INFO : EventManager : Event: ======'machine_var_audits_shots_left_orbit_backdoor'====== Args={'value': 5, 'prev_value': None, 'change': True}
2025-10-26 21:56:38,022 : INFO : EventManager : Event: ======'machine_var_audits_shots_left_outlane'====== Args={'value': 7, 'prev_value': None, 'change': True}
2025-10-26 21:56:38,022 : INFO : EventManager : Event: ======'machine_var_audits_shots_left_ramp'====== Args={'value': 102, 'prev_value': None, 'change': True}
2025-10-26 21:56:38,022 : INFO : EventManager : Event: ======'machine_var_audits_shots_middle_drop'====== Args={'value': 40, 'prev_value': None, 'change': True}
2025-10-26 21:56:38,022 : INFO : EventManager : Event: ======'machine_var_audits_shots_pop1'====== Args={'value': 5, 'prev_value': None, 'change': True}
2025-10-26 21:56:38,022 : INFO : EventManager : Event: ======'machine_var_audits_shots_pop2'====== Args={'value': 2, 'prev_value': None, 'change': True}
2025-10-26 21:56:38,022 : INFO : EventManager : Event: ======'machine_var_audits_shots_pop3'====== Args={'value': 406, 'prev_value': None, 'change': True}
2025-10-26 21:56:38,022 : INFO : EventManager : Event: ======'machine_var_audits_shots_pop_standup'====== Args={'value': 182, 'prev_value': None, 'change': True}
2025-10-26 21:56:38,022 : INFO : EventManager : Event: ======'machine_var_audits_shots_right_inlane'====== Args={'value': 4, 'prev_value': None, 'change': True}
2025-10-26 21:56:38,022 : INFO : EventManager : Event: ======'machine_var_audits_shots_right_orbit'====== Args={'value': 20, 'prev_value': None, 'change': True}
2025-10-26 21:56:38,024 : INFO : EventManager : Event: ======'machine_var_audits_shots_right_orbit_backdoor'====== Args={'value': 3, 'prev_value': None, 'change': True}
2025-10-26 21:56:38,024 : INFO : EventManager : Event: ======'machine_var_audits_shots_right_outlane'====== Args={'value': 3, 'prev_value': None, 'change': True}
2025-10-26 21:56:38,024 : INFO : EventManager : Event: ======'machine_var_audits_shots_right_ramp'====== Args={'value': 117, 'prev_value': None, 'change': True}
2025-10-26 21:56:38,024 : INFO : EventManager : Event: ======'machine_var_audits_shots_scoop'====== Args={'value': 118, 'prev_value': None, 'change': True}
2025-10-26 21:56:38,024 : INFO : EventManager : Event: ======'machine_var_audits_shots_skill_captive'====== Args={'value': 16, 'prev_value': None, 'change': True}
2025-10-26 21:56:38,024 : INFO : EventManager : Event: ======'machine_var_audits_shots_skill_drop_targets'====== Args={'value': 240, 'prev_value': None, 'change': True}
2025-10-26 21:56:38,025 : INFO : EventManager : Event: ======'machine_var_audits_shots_skill_side_targets'====== Args={'value': 27, 'prev_value': None, 'change': True}
2025-10-26 21:56:38,025 : INFO : EventManager : Event: ======'machine_var_audits_shots_skillshot_drop_targets'====== Args={'value': 123, 'prev_value': None, 'change': True}
2025-10-26 21:56:38,025 : INFO : EventManager : Event: ======'machine_var_audits_shots_skillshot_hideout_plunge'====== Args={'value': 1, 'prev_value': None, 'change': True}
2025-10-26 21:56:38,025 : INFO : EventManager : Event: ======'machine_var_audits_shots_skillshot_left_outlane'====== Args={'value': 1, 'prev_value': None, 'change': True}
2025-10-26 21:56:38,025 : INFO : EventManager : Event: ======'machine_var_audits_shots_skillshot_side_targets'====== Args={'value': 6, 'prev_value': None, 'change': True}
2025-10-26 21:56:38,025 : INFO : EventManager : Event: ======'machine_var_audits_shots_skillshot_super'====== Args={'value': 2, 'prev_value': None, 'change': True}
2025-10-26 21:56:38,025 : INFO : EventManager : Event: ======'machine_var_audits_shots_spinner'====== Args={'value': 162, 'prev_value': None, 'change': True}
2025-10-26 21:56:38,025 : INFO : EventManager : Event: ======'machine_var_audits_shots_three_bank_standup'====== Args={'value': 19, 'prev_value': None, 'change': True}
2025-10-26 21:56:38,025 : INFO : EventManager : Event: ======'machine_var_audits_shots_top_drop'====== Args={'value': 124, 'prev_value': None, 'change': True}
2025-10-26 21:56:38,025 : INFO : EventManager : Event: ======'machine_var_audits_shots_tshirt_bottom_standup'====== Args={'value': 2, 'prev_value': None, 'change': True}
2025-10-26 21:56:38,025 : INFO : EventManager : Event: ======'machine_var_audits_shots_tshirt_top_standup'====== Args={'value': 3, 'prev_value': None, 'change': True}
2025-10-26 21:56:38,026 : INFO : EventManager : Event: ======'machine_var_audits_shots_upper_pop_standup'====== Args={'value': 26, 'prev_value': None, 'change': True}
2025-10-26 21:56:38,026 : INFO : EventManager : Event: ======'machine_var_audits_switches_s_captive_ball'====== Args={'value': 205, 'prev_value': None, 'change': True}
2025-10-26 21:56:38,026 : INFO : EventManager : Event: ======'machine_var_audits_switches_s_center_upper_pop'====== Args={'value': 222, 'prev_value': None, 'change': True}
2025-10-26 21:56:38,026 : INFO : EventManager : Event: ======'machine_var_audits_switches_s_inner_orbit'====== Args={'value': 21, 'prev_value': None, 'change': True}
2025-10-26 21:56:38,026 : INFO : EventManager : Event: ======'machine_var_audits_switches_s_left_flipper'====== Args={'value': 1333, 'prev_value': None, 'change': True}
2025-10-26 21:56:38,026 : INFO : EventManager : Event: ======'machine_var_audits_switches_s_left_inlane'====== Args={'value': 122, 'prev_value': None, 'change': True}
2025-10-26 21:56:38,027 : INFO : EventManager : Event: ======'machine_var_audits_switches_s_left_orbit'====== Args={'value': 113, 'prev_value': None, 'change': True}
2025-10-26 21:56:38,027 : INFO : EventManager : Event: ======'machine_var_audits_switches_s_left_outlane'====== Args={'value': 64, 'prev_value': None, 'change': True}
2025-10-26 21:56:38,027 : INFO : EventManager : Event: ======'machine_var_audits_switches_s_left_ramp'====== Args={'value': 236, 'prev_value': None, 'change': True}
2025-10-26 21:56:38,027 : INFO : EventManager : Event: ======'machine_var_audits_switches_s_left_slingshot'====== Args={'value': 259, 'prev_value': None, 'change': True}
2025-10-26 21:56:38,027 : INFO : EventManager : Event: ======'machine_var_audits_switches_s_left_upper_pop'====== Args={'value': 166, 'prev_value': None, 'change': True}
2025-10-26 21:56:38,027 : INFO : EventManager : Event: ======'machine_var_audits_switches_s_plunger'====== Args={'value': 1338, 'prev_value': None, 'change': True}
2025-10-26 21:56:38,028 : INFO : EventManager : Event: ======'machine_var_audits_switches_s_pop_standup'====== Args={'value': 306, 'prev_value': None, 'change': True}
2025-10-26 21:56:38,028 : INFO : EventManager : Event: ======'machine_var_audits_switches_s_right_flipper'====== Args={'value': 1950, 'prev_value': None, 'change': True}
2025-10-26 21:56:38,028 : INFO : EventManager : Event: ======'machine_var_audits_switches_s_right_inlane'====== Args={'value': 112, 'prev_value': None, 'change': True}
2025-10-26 21:56:38,028 : INFO : EventManager : Event: ======'machine_var_audits_switches_s_right_lower_pop'====== Args={'value': 1155, 'prev_value': None, 'change': True}
2025-10-26 21:56:38,028 : INFO : EventManager : Event: ======'machine_var_audits_switches_s_right_orbit'====== Args={'value': 130, 'prev_value': None, 'change': True}
2025-10-26 21:56:38,028 : INFO : EventManager : Event: ======'machine_var_audits_switches_s_right_outlane'====== Args={'value': 56, 'prev_value': None, 'change': True}
2025-10-26 21:56:38,028 : INFO : EventManager : Event: ======'machine_var_audits_switches_s_right_ramp'====== Args={'value': 265, 'prev_value': None, 'change': True}
2025-10-26 21:56:38,028 : INFO : EventManager : Event: ======'machine_var_audits_switches_s_right_slingshot'====== Args={'value': 366, 'prev_value': None, 'change': True}
2025-10-26 21:56:38,028 : INFO : EventManager : Event: ======'machine_var_audits_switches_s_scoop'====== Args={'value': 463, 'prev_value': None, 'change': True}
2025-10-26 21:56:38,028 : INFO : EventManager : Event: ======'machine_var_audits_switches_s_service_down'====== Args={'value': 0, 'prev_value': None, 'change': True}
2025-10-26 21:56:38,028 : INFO : EventManager : Event: ======'machine_var_audits_switches_s_service_enter'====== Args={'value': 0, 'prev_value': None, 'change': True}
2025-10-26 21:56:38,029 : INFO : EventManager : Event: ======'machine_var_audits_switches_s_service_esc'====== Args={'value': 0, 'prev_value': None, 'change': True}
2025-10-26 21:56:38,029 : INFO : EventManager : Event: ======'machine_var_audits_switches_s_service_up'====== Args={'value': 1, 'prev_value': None, 'change': True}
2025-10-26 21:56:38,029 : INFO : EventManager : Event: ======'machine_var_audits_switches_s_spinner'====== Args={'value': 2220, 'prev_value': None, 'change': True}
2025-10-26 21:56:38,029 : INFO : EventManager : Event: ======'machine_var_audits_switches_s_start'====== Args={'value': 67, 'prev_value': None, 'change': True}
2025-10-26 21:56:38,029 : INFO : EventManager : Event: ======'machine_var_audits_switches_s_three_bank_bottom'====== Args={'value': 538, 'prev_value': None, 'change': True}
2025-10-26 21:56:38,029 : INFO : EventManager : Event: ======'machine_var_audits_switches_s_three_bank_middle'====== Args={'value': 572, 'prev_value': None, 'change': True}
2025-10-26 21:56:38,029 : INFO : EventManager : Event: ======'machine_var_audits_switches_s_three_bank_standup'====== Args={'value': 260, 'prev_value': None, 'change': True}
2025-10-26 21:56:38,030 : INFO : EventManager : Event: ======'machine_var_audits_switches_s_three_bank_top'====== Args={'value': 662, 'prev_value': None, 'change': True}
2025-10-26 21:56:38,030 : INFO : EventManager : Event: ======'machine_var_audits_switches_s_tilt_bob'====== Args={'value': 51, 'prev_value': None, 'change': True}
2025-10-26 21:56:38,030 : INFO : EventManager : Event: ======'machine_var_audits_switches_s_top_right_flipper'====== Args={'value': 1294, 'prev_value': None, 'change': True}
2025-10-26 21:56:38,030 : INFO : EventManager : Event: ======'machine_var_audits_switches_s_trough1'====== Args={'value': 403, 'prev_value': None, 'change': True}
2025-10-26 21:56:38,030 : INFO : EventManager : Event: ======'machine_var_audits_switches_s_trough2'====== Args={'value': 324, 'prev_value': None, 'change': True}
2025-10-26 21:56:38,030 : INFO : EventManager : Event: ======'machine_var_audits_switches_s_trough3'====== Args={'value': 245, 'prev_value': None, 'change': True}
2025-10-26 21:56:38,031 : INFO : EventManager : Event: ======'machine_var_audits_switches_s_trough4'====== Args={'value': 160, 'prev_value': None, 'change': True}
2025-10-26 21:56:38,031 : INFO : EventManager : Event: ======'machine_var_audits_switches_s_trough5'====== Args={'value': 160, 'prev_value': None, 'change': True}
2025-10-26 21:56:38,031 : INFO : EventManager : Event: ======'machine_var_audits_switches_s_trough6'====== Args={'value': 161, 'prev_value': None, 'change': True}
2025-10-26 21:56:38,031 : INFO : EventManager : Event: ======'machine_var_audits_switches_s_trough_jam'====== Args={'value': 206, 'prev_value': None, 'change': True}
2025-10-26 21:56:38,032 : INFO : EventManager : Event: ======'machine_var_audits_switches_s_tshirt_bottom_standup'====== Args={'value': 42, 'prev_value': None, 'change': True}
2025-10-26 21:56:38,032 : INFO : EventManager : Event: ======'machine_var_audits_switches_s_tshirt_top_standup'====== Args={'value': 70, 'prev_value': None, 'change': True}
2025-10-26 21:56:38,032 : INFO : EventManager : Event: ======'machine_var_audits_switches_s_upper_pop_standup'====== Args={'value': 200, 'prev_value': None, 'change': True}
2025-10-26 21:56:38,032 : INFO : EventManager : Event: ======'machine_var_audits_switches_service_down'====== Args={'value': 1, 'prev_value': None, 'change': True}
2025-10-26 21:56:38,032 : INFO : EventManager : Event: ======'machine_var_audits_switches_service_enter'====== Args={'value': 2, 'prev_value': None, 'change': True}
2025-10-26 21:56:38,033 : INFO : EventManager : Event: ======'machine_var_audits_switches_service_esc'====== Args={'value': 0, 'prev_value': None, 'change': True}
2025-10-26 21:56:38,033 : INFO : EventManager : Event: ======'machine_var_audits_switches_service_up'====== Args={'value': 2, 'prev_value': None, 'change': True}
2025-10-26 21:56:38,034 : INFO : EventManager : Event: ======'init_phase_5'====== Args={}
2025-10-26 21:56:38,045 : INFO : EventManager : Event: ======'init_done'====== Args={}
2025-10-26 21:56:38,046 : INFO : EventManager : Event: ======'machine_reset_phase_1'====== Args={}
2025-10-26 21:56:38,058 : INFO : EventManager : Event: ======'machine_reset_phase_2'====== Args={}
2025-10-26 21:56:38,058 : INFO : EventManager : Event: ======'game_just_played'====== Args={'priority': 0, 'action': 'set_machine', 'int': 0}
2025-10-26 21:56:38,058 : INFO : EventManager : Event: ======'machine_reset_phase_3'====== Args={}
2025-10-26 21:56:38,058 : INFO : EventManager : Event: ======'mode_tilt_will_start'====== Args={'queue': <QueuedEvent>}
2025-10-26 21:56:38,059 : INFO : EventManager : Event: ======'mode_tilt_starting'====== Args={'queue': <QueuedEvent>}
2025-10-26 21:56:38,060 : INFO : drop_target_bank.three_bank : All targets are already up. Will not reset bank.
2025-10-26 21:56:38,060 : INFO : Mode.tilt : Started. Priority: 1000000
2025-10-26 21:56:38,060 : INFO : EventManager : Event: ======'modes_active_modes_changed'====== Args={}
2025-10-26 21:56:38,060 : INFO : EventManager : Event: ======'mode_tilt_started'====== Args={'queue': <QueuedEvent>}
2025-10-26 21:56:38,061 : INFO : EventManager : Event: ======'reset_complete'====== Args={}
2025-10-26 21:56:38,061 : INFO : EventManager : Event: ======'mode_service_will_start'====== Args={}
2025-10-26 21:56:38,063 : INFO : EventManager : Event: ======'mode_service_starting'====== Args={}
2025-10-26 21:56:38,063 : INFO : EventManager : Event: ======'mode_attract_will_start'====== Args={}
2025-10-26 21:56:38,064 : INFO : Timer.attract_intro_timer : Starting Timer.
2025-10-26 21:56:38,064 : INFO : EventManager : Event: ======'timer_attract_intro_timer_started'====== Args={'ticks': 0, 'ticks_remaining': 16}
2025-10-26 21:56:38,065 : INFO : EventManager : Event: ======'timer_attract_intro_timer_tick'====== Args={'ticks': 0, 'ticks_remaining': 16}
2025-10-26 21:56:38,069 : INFO : EventManager : Event: ======'mode_attract_starting'====== Args={}
2025-10-26 21:56:38,069 : INFO : Mode.service : Started. Priority: 100000
2025-10-26 21:56:38,069 : INFO : EventManager : Event: ======'modes_active_modes_changed'====== Args={}
2025-10-26 21:56:38,069 : INFO : EventManager : Event: ======'mode_service_started'====== Args={}
2025-10-26 21:56:38,085 : INFO : EventManager : Event: ======'logicblock_mca_sequence_updated'====== Args={'value': 0, 'enabled': True}
2025-10-26 21:56:38,085 : INFO : EventManager : Event: ======'logicblock_adr_sequence_updated'====== Args={'value': 0, 'enabled': True}
2025-10-26 21:56:38,085 : INFO : EventManager : Event: ======'logicblock_mca_sequence_updated'====== Args={'value': 0, 'enabled': True}
2025-10-26 21:56:38,085 : INFO : EventManager : Event: ======'logicblock_adr_sequence_updated'====== Args={'value': 0, 'enabled': True}
2025-10-26 21:56:38,085 : INFO : Mode.attract : Started. Priority: 10
2025-10-26 21:56:38,085 : INFO : EventManager : Event: ======'modes_active_modes_changed'====== Args={}
2025-10-26 21:56:38,086 : INFO : EventManager : Event: ======'mode_attract_started'====== Args={}
2025-10-26 21:56:38,086 : INFO : EventManager : Event: ======'logicblock_mca_sequence_updated'====== Args={'value': 0, 'enabled': True}
2025-10-26 21:56:38,086 : INFO : EventManager : Event: ======'logicblock_mca_sequence_updated'====== Args={'value': 0, 'enabled': True}
2025-10-26 21:56:38,086 : INFO : EventManager : Event: ======'logicblock_adr_sequence_updated'====== Args={'value': 0, 'enabled': True}
2025-10-26 21:56:38,086 : INFO : EventManager : Event: ======'logicblock_adr_sequence_updated'====== Args={'value': 0, 'enabled': True}
2025-10-26 21:56:38,087 : INFO : EventManager : Event: ======'timer_attract_intro_timer_tick'====== Args={'ticks': 0, 'ticks_remaining': 16}
2025-10-26 21:56:38,088 : INFO : EventManager : Event: ======'collecting_balls_complete'====== Args={}
2025-10-26 21:56:38,088 : INFO : EventManager : Event: ======'item_highlighted'====== Args={'carousel': 'attract', 'direction': None, 'item': 'mpf_logo'}
2025-10-26 21:56:38,089 : INFO : Timer.attract_carousel_timer : Starting Timer.
2025-10-26 21:56:38,089 : INFO : EventManager : Event: ======'timer_attract_carousel_timer_started'====== Args={'ticks': 0, 'ticks_remaining': 5}
2025-10-26 21:56:38,089 : INFO : EventManager : Event: ======'timer_attract_carousel_timer_tick'====== Args={'ticks': 0, 'ticks_remaining': 5}
2025-10-26 21:56:38,091 : INFO : EventManager : Event: ======'slide_loading_created'====== Args={'_from_bcp': True}
2025-10-26 21:56:38,092 : INFO : EventManager : Event: ======'slide__removed'====== Args={'_from_bcp': True}
2025-10-26 21:56:38,092 : INFO : EventManager : Event: ======'slide_loading_active'====== Args={'original_context': '_global', 'original_calling_context': 'init_done', 'priority': 0.0, 'cmd': 'slides_play', '_from_bcp': True}
2025-10-26 21:56:38,103 : INFO : Machine : Starting the main run loop with active modes: [<Mode.tilt>, <Mode.service>, <Mode.attract>]
2025-10-26 21:56:38,144 : INFO : EventManager : Event: ======'slide_attract_load_created'====== Args={'_from_bcp': True}
2025-10-26 21:56:38,144 : INFO : EventManager : Event: ======'slide_loading_inactive'====== Args={'is_removing': True, '_from_bcp': True}
2025-10-26 21:56:38,144 : INFO : EventManager : Event: ======'slide_attract_load_active'====== Args={'original_context': 'attract', 'original_calling_context': 'mode_attract_started{machine.game_just_played==0}', 'priority': 10.0, 'cmd': 'slides_play', '_from_bcp': True}
2025-10-26 21:56:38,145 : INFO : EventManager : Event: ======'slide_loading_removed'====== Args={'_from_bcp': True}
2025-10-26 21:56:38,636 : INFO : BcpServer : New client connected.
2025-10-26 21:56:39,104 : INFO : EventManager : Event: ======'timer_attract_intro_timer_tick'====== Args={'ticks': 1, 'ticks_remaining': 15}
2025-10-26 21:56:39,104 : INFO : EventManager : Event: ======'timer_attract_carousel_timer_tick'====== Args={'ticks': 1, 'ticks_remaining': 4}
2025-10-26 21:56:40,102 : INFO : EventManager : Event: ======'timer_attract_carousel_timer_tick'====== Args={'ticks': 2, 'ticks_remaining': 3}
2025-10-26 21:56:40,103 : INFO : EventManager : Event: ======'timer_attract_intro_timer_tick'====== Args={'ticks': 2, 'ticks_remaining': 14}
2025-10-26 21:56:40,487 : INFO : SwitchController : <<<<<<< 's_start' active >>>>>>>
2025-10-26 21:56:40,635 : INFO : SwitchController : <<<<<<< 's_start' inactive >>>>>>>
2025-10-26 21:56:40,636 : INFO : EventManager : Event: ======'sw_start_inactive'====== Args={}
2025-10-26 21:56:40,636 : INFO : EventManager : Event: ======'request_to_start_game'====== Args={}
2025-10-26 21:56:40,637 : INFO : EventManager : Event: ======'game_start'====== Args={'buttons': [], 'hold_time': 0.1409999999999627}
2025-10-26 21:56:40,637 : INFO : EventManager : Event: ======'mode_game_will_start'====== Args={'buttons': [], 'hold_time': 0.1409999999999627}
2025-10-26 21:56:40,638 : INFO : EventManager : Event: ======'mode_game_starting'====== Args={'buttons': [], 'hold_time': 0.1409999999999627}
2025-10-26 21:56:40,638 : INFO : EventManager : Event: ======'mode_attract_will_stop'====== Args={}
2025-10-26 21:56:40,638 : INFO : EventManager : Event: ======'mode_attract_stopping'====== Args={}
2025-10-26 21:56:40,639 : INFO : Mode.game : Started. Priority: 20
2025-10-26 21:56:40,639 : INFO : EventManager : Event: ======'modes_active_modes_changed'====== Args={}
2025-10-26 21:56:40,639 : INFO : EventManager : Event: ======'mode_game_started'====== Args={'buttons': [], 'hold_time': 0.1409999999999627}
2025-10-26 21:56:40,654 : INFO : Mode.attract : Stopped.
2025-10-26 21:56:40,654 : INFO : EventManager : Event: ======'modes_active_modes_changed'====== Args={}
2025-10-26 21:56:40,655 : INFO : EventManager : Event: ======'mode_attract_stopped'====== Args={}
2025-10-26 21:56:40,655 : INFO : EventManager : Event: ======'clear'====== Args={'key': 'attract'}
2025-10-26 21:56:40,655 : INFO : Timer.attract_intro_timer : Stopping Timer
2025-10-26 21:56:40,656 : INFO : EventManager : Event: ======'timer_attract_intro_timer_stopped'====== Args={'ticks': 2, 'ticks_remaining': 14}
2025-10-26 21:56:40,656 : INFO : Timer.mca_attract_video_timer : Stopping Timer
2025-10-26 21:56:40,656 : INFO : EventManager : Event: ======'timer_mca_attract_video_timer_stopped'====== Args={'ticks': 0, 'ticks_remaining': 0}
2025-10-26 21:56:40,656 : INFO : Timer.adr_attract_video_timer : Stopping Timer
2025-10-26 21:56:40,656 : INFO : EventManager : Event: ======'timer_adr_attract_video_timer_stopped'====== Args={'ticks': 0, 'ticks_remaining': 0}
2025-10-26 21:56:40,656 : INFO : Timer.attract_carousel_timer : Stopping Timer
2025-10-26 21:56:40,657 : INFO : EventManager : Event: ======'timer_attract_carousel_timer_stopped'====== Args={'ticks': 2, 'ticks_remaining': 3}
2025-10-26 21:56:40,657 : INFO : EventManager : Event: ======'game_will_start'====== Args={}
2025-10-26 21:56:40,674 : INFO : EventManager : Event: ======'game_starting'====== Args={'game': <Mode.game>}
2025-10-26 21:56:40,674 : INFO : EventManager : Unordered handler for class <Auditor> on event game_ended with priority 1. Handlers: [RegisteredHandler(callback=<bound method Auditor.disable of <Auditor>>, priority=1, kwargs={}, key=UUID('67171abb-4b15-4798-9f9f-ce50d239d338'), condition=None, blocking_facility=None), RegisteredHandler(callback=<bound method Auditor._save_audits of <Auditor>>, priority=1, kwargs={}, key=UUID('4ca43b8d-0e00-4761-bd7c-0f32767dc020'), condition=None, blocking_facility=None)]. The order of those handlers is not defined and they will be executed in random order. This might lead to race conditions and potential bugs.
2025-10-26 21:56:40,675 : INFO : EventManager : Event: ======'player_add_request'====== Args={}
2025-10-26 21:56:40,676 : INFO : EventManager : Event: ======'player_will_add'====== Args={'number': 1}
2025-10-26 21:56:40,676 : INFO : EventManager : Event: ======'player_adding'====== Args={'player': <Player 1>, 'number': 1}
2025-10-26 21:56:40,676 : INFO : EventManager : Event: ======'player_added'====== Args={'player': <Player 1>, 'num': 1}
2025-10-26 21:56:40,676 : INFO : Mode.game : Player added successfully. Total players: 1
2025-10-26 21:56:40,677 : INFO : EventManager : Event: ======'player_index'====== Args={'value': 0, 'prev_value': 0, 'change': 0, 'player_num': 1}
2025-10-26 21:56:40,677 : INFO : EventManager : Event: ======'player_number'====== Args={'value': 1, 'prev_value': 1, 'change': 0, 'player_num': 1}
2025-10-26 21:56:40,678 : INFO : EventManager : Event: ======'player_score'====== Args={'value': 0, 'prev_value': 0, 'change': 0, 'player_num': 1}
2025-10-26 21:56:40,679 : INFO : EventManager : Event: ======'game_started'====== Args={}
2025-10-26 21:56:40,681 : INFO : EventManager : Event: ======'machine_var_game_just_played'====== Args={'value': 1, 'prev_value': 0, 'change': 1}
2025-10-26 21:56:40,696 : INFO : EventManager : Event: ======'player_turn_will_start'====== Args={'player': <Player 1>, 'number': 1}
2025-10-26 21:56:40,697 : INFO : EventManager : Event: ======'player_turn_starting'====== Args={'player': <Player 1>, 'number': 1}
2025-10-26 21:56:40,698 : INFO : EventManager : Event: ======'player_ball'====== Args={'value': 1, 'prev_value': 0, 'change': 1, 'player_num': 1}
2025-10-26 21:56:40,699 : INFO : EventManager : Event: ======'player_turn_started'====== Args={'player': <Player 1>, 'number': 1}
2025-10-26 21:56:40,701 : INFO : EventManager : Event: ======'ball_will_start'====== Args={'player': 1, 'ball': 1, 'balls_remaining': 2, 'is_extra_ball': False}
2025-10-26 21:56:40,706 : INFO : EventManager : Event: ======'ball_starting'====== Args={'player': 1, 'ball': 1, 'balls_remaining': 2, 'is_extra_ball': False}
2025-10-26 21:56:40,707 : INFO : EventManager : Event: ======'mode_base_will_start'====== Args={'queue': <QueuedEvent>, 'player': 1, 'ball': 1, 'balls_remaining': 2, 'is_extra_ball': False}
2025-10-26 21:56:40,709 : INFO : EventManager : Event: ======'player_shot_left_orbit_enabled'====== Args={'value': True, 'prev_value': 0, 'change': 1, 'player_num': 1}
2025-10-26 21:56:40,710 : INFO : EventManager : Event: ======'player_shot_right_orbit_enabled'====== Args={'value': True, 'prev_value': 0, 'change': 1, 'player_num': 1}
2025-10-26 21:56:40,710 : INFO : EventManager : Event: ======'player_shot_inner_loop_enabled'====== Args={'value': True, 'prev_value': 0, 'change': 1, 'player_num': 1}
2025-10-26 21:56:40,711 : INFO : EventManager : Event: ======'player_shot_left_orbit_backdoor_enabled'====== Args={'value': True, 'prev_value': 0, 'change': 1, 'player_num': 1}
2025-10-26 21:56:40,711 : INFO : EventManager : Event: ======'player_shot_right_orbit_backdoor_enabled'====== Args={'value': True, 'prev_value': 0, 'change': 1, 'player_num': 1}
2025-10-26 21:56:40,712 : INFO : EventManager : Event: ======'player_shot_inner_loop_backdoor_enabled'====== Args={'value': True, 'prev_value': 0, 'change': 1, 'player_num': 1}
2025-10-26 21:56:40,713 : INFO : EventManager : Event: ======'player_shot_right_ramp_enabled'====== Args={'value': True, 'prev_value': 0, 'change': 1, 'player_num': 1}
2025-10-26 21:56:40,713 : INFO : EventManager : Event: ======'player_shot_left_ramp_enabled'====== Args={'value': True, 'prev_value': 0, 'change': 1, 'player_num': 1}
2025-10-26 21:56:40,713 : INFO : EventManager : Event: ======'player_shot_pop_standup_enabled'====== Args={'value': True, 'prev_value': 0, 'change': 1, 'player_num': 1}
2025-10-26 21:56:40,714 : INFO : EventManager : Event: ======'player_shot_upper_pop_standup_enabled'====== Args={'value': True, 'prev_value': 0, 'change': 1, 'player_num': 1}
2025-10-26 21:56:40,714 : INFO : EventManager : Event: ======'player_shot_scoop_enabled'====== Args={'value': True, 'prev_value': 0, 'change': 1, 'player_num': 1}
2025-10-26 21:56:40,714 : INFO : EventManager : Event: ======'player_shot_captive_ball_enabled'====== Args={'value': True, 'prev_value': 0, 'change': 1, 'player_num': 1}
2025-10-26 21:56:40,714 : INFO : EventManager : Event: ======'player_shot_three_bank_standup_enabled'====== Args={'value': True, 'prev_value': 0, 'change': 1, 'player_num': 1}
2025-10-26 21:56:40,715 : INFO : EventManager : Event: ======'player_shot_spinner_enabled'====== Args={'value': True, 'prev_value': 0, 'change': 1, 'player_num': 1}
2025-10-26 21:56:40,715 : INFO : EventManager : Event: ======'player_shot_pop1_enabled'====== Args={'value': True, 'prev_value': 0, 'change': 1, 'player_num': 1}
2025-10-26 21:56:40,716 : INFO : EventManager : Event: ======'player_shot_pop2_enabled'====== Args={'value': True, 'prev_value': 0, 'change': 1, 'player_num': 1}
2025-10-26 21:56:40,716 : INFO : EventManager : Event: ======'player_shot_pop3_enabled'====== Args={'value': True, 'prev_value': 0, 'change': 1, 'player_num': 1}
2025-10-26 21:56:40,717 : INFO : EventManager : Event: ======'player_shot_bottom_drop_enabled'====== Args={'value': True, 'prev_value': 0, 'change': 1, 'player_num': 1}
2025-10-26 21:56:40,718 : INFO : EventManager : Event: ======'player_shot_middle_drop_enabled'====== Args={'value': True, 'prev_value': 0, 'change': 1, 'player_num': 1}
2025-10-26 21:56:40,718 : INFO : EventManager : Event: ======'player_shot_top_drop_enabled'====== Args={'value': True, 'prev_value': 0, 'change': 1, 'player_num': 1}
2025-10-26 21:56:40,719 : INFO : EventManager : Event: ======'player_shot_tshirt_top_standup_enabled'====== Args={'value': True, 'prev_value': 0, 'change': 1, 'player_num': 1}
2025-10-26 21:56:40,719 : INFO : EventManager : Event: ======'player_shot_tshirt_bottom_standup_enabled'====== Args={'value': True, 'prev_value': 0, 'change': 1, 'player_num': 1}
2025-10-26 21:56:40,721 : INFO : EventManager : Event: ======'player_shot_left_outlane_enabled'====== Args={'value': True, 'prev_value': 0, 'change': 1, 'player_num': 1}
2025-10-26 21:56:40,721 : INFO : EventManager : Event: ======'player_shot_left_inlane_enabled'====== Args={'value': True, 'prev_value': 0, 'change': 1, 'player_num': 1}
2025-10-26 21:56:40,722 : INFO : EventManager : Event: ======'player_shot_right_inlane_enabled'====== Args={'value': True, 'prev_value': 0, 'change': 1, 'player_num': 1}
2025-10-26 21:56:40,723 : INFO : EventManager : Event: ======'player_shot_right_outlane_enabled'====== Args={'value': True, 'prev_value': 0, 'change': 1, 'player_num': 1}
2025-10-26 21:56:40,723 : INFO : EventManager : Event: ======'sg_lanes_complete'====== Args={'state': 'unlit'}
2025-10-26 21:56:40,723 : INFO : EventManager : Event: ======'sg_lanes_unlit_complete'====== Args={}
2025-10-26 21:56:40,725 : INFO : EventManager : Event: ======'player_base_chcheckitoutfinish_widget_timer_tick'====== Args={'value': 0, 'prev_value': 0, 'change': 0, 'player_num': 1}
2025-10-26 21:56:40,725 : INFO : EventManager : Event: ======'achievement_wizard1_changed_state'====== Args={'restore': False, 'state': 'disabled', 'selected': False}
2025-10-26 21:56:40,726 : INFO : EventManager : Event: ======'achievement_wizard1_state_disabled'====== Args={'restore': False, 'state': 'disabled', 'selected': False}
2025-10-26 21:56:40,726 : INFO : EventManager : Event: ======'achievement_intergalactic_mode_changed_state'====== Args={'restore': False, 'state': 'enabled', 'selected': False}
2025-10-26 21:56:40,726 : INFO : EventManager : Event: ======'achievement_intergalactic_mode_state_enabled'====== Args={'restore': False, 'state': 'enabled', 'selected': False}
2025-10-26 21:56:40,726 : INFO : EventManager : Event: ======'achievement_paulrevere_mode_changed_state'====== Args={'restore': False, 'state': 'enabled', 'selected': False}
2025-10-26 21:56:40,726 : INFO : EventManager : Event: ======'achievement_paulrevere_mode_state_enabled'====== Args={'restore': False, 'state': 'enabled', 'selected': False}
2025-10-26 21:56:40,727 : INFO : EventManager : Event: ======'achievement_tripletrouble_mode_changed_state'====== Args={'restore': False, 'state': 'enabled', 'selected': False}
2025-10-26 21:56:40,727 : INFO : EventManager : Event: ======'achievement_tripletrouble_mode_state_enabled'====== Args={'restore': False, 'state': 'enabled', 'selected': False}
2025-10-26 21:56:40,727 : INFO : EventManager : Event: ======'achievement_chcheckitout_multiball_changed_state'====== Args={'restore': False, 'state': 'enabled', 'selected': False}
2025-10-26 21:56:40,727 : INFO : EventManager : Event: ======'achievement_chcheckitout_multiball_state_enabled'====== Args={'restore': False, 'state': 'enabled', 'selected': False}
2025-10-26 21:56:40,731 : INFO : EventManager : Unordered handler for class <Auditor> on event game_ended with priority 1. Handlers: [RegisteredHandler(callback=<bound method Auditor.disable of <Auditor>>, priority=1, kwargs={}, key=UUID('67171abb-4b15-4798-9f9f-ce50d239d338'), condition=None, blocking_facility=None), RegisteredHandler(callback=<bound method Auditor._save_audits of <Auditor>>, priority=1, kwargs={}, key=UUID('4ca43b8d-0e00-4761-bd7c-0f32767dc020'), condition=None, blocking_facility=None)]. The order of those handlers is not defined and they will be executed in random order. This might lead to race conditions and potential bugs.
2025-10-26 21:56:40,739 : INFO : EventManager : Event: ======'mode_base_starting'====== Args={'queue': <QueuedEvent>, 'player': 1, 'ball': 1, 'balls_remaining': 2, 'is_extra_ball': False}
2025-10-26 21:56:40,739 : INFO : drop_target_bank.three_bank : All targets are already up. Will not reset bank.
2025-10-26 21:56:40,740 : INFO : EventManager : Event: ======'balls_in_play'====== Args={'balls': 1}
2025-10-26 21:56:40,741 : INFO : EventManager : Event: ======'ball_started'====== Args={'player': 1, 'ball': 1, 'balls_remaining': 2, 'is_extra_ball': False}
2025-10-26 21:56:40,742 : INFO : EventManager : Event: ======'logicblock_qualify_chcheckitout_multiball_updated'====== Args={'value': 0, 'enabled': True}
2025-10-26 21:56:40,742 : INFO : EventManager : Event: ======'logicblock_completed_modes_count_updated'====== Args={'value': 0, 'enabled': True}
2025-10-26 21:56:40,742 : INFO : EventManager : Event: ======'logicblock_qualify_chcheckitout_multiball_updated'====== Args={'value': 0, 'enabled': True}
2025-10-26 21:56:40,742 : INFO : EventManager : Event: ======'logicblock_chcheckitout_multiball_ready_updated'====== Args={'value': 0, 'enabled': False}
2025-10-26 21:56:40,742 : INFO : EventManager : Event: ======'logicblock_drop_target_bank_counter_updated'====== Args={'value': 0, 'enabled': False}
2025-10-26 21:56:40,742 : INFO : EventManager : Event: ======'logicblock_completed_modes_count_updated'====== Args={'value': 0, 'enabled': True}
2025-10-26 21:56:40,742 : INFO : Mode.base : Started. Priority: 100
2025-10-26 21:56:40,742 : INFO : EventManager : Event: ======'modes_active_modes_changed'====== Args={}
2025-10-26 21:56:40,742 : INFO : EventManager : Event: ======'mode_base_started'====== Args={'queue': <QueuedEvent>, 'player': 1, 'ball': 1, 'balls_remaining': 2, 'is_extra_ball': False}
2025-10-26 21:56:40,744 : INFO : EventManager : Event: ======'mode_skill_shot_will_start'====== Args={'player': 1, 'ball': 1, 'balls_remaining': 2, 'is_extra_ball': False}
2025-10-26 21:56:40,745 : INFO : EventManager : Event: ======'player_shot_skillshot_side_targets_enabled'====== Args={'value': True, 'prev_value': 0, 'change': 1, 'player_num': 1}
2025-10-26 21:56:40,746 : INFO : EventManager : Event: ======'player_shot_skillshot_drop_targets_enabled'====== Args={'value': True, 'prev_value': 0, 'change': 1, 'player_num': 1}
2025-10-26 21:56:40,747 : INFO : EventManager : Event: ======'player_shot_skillshot_hideout_plunge_enabled'====== Args={'value': True, 'prev_value': 0, 'change': 1, 'player_num': 1}
2025-10-26 21:56:40,748 : INFO : EventManager : Event: ======'player_shot_skillshot_left_outlane_enabled'====== Args={'value': True, 'prev_value': 0, 'change': 1, 'player_num': 1}
2025-10-26 21:56:40,748 : INFO : EventManager : Event: ======'player_shot_skillshot_super_enabled'====== Args={'value': True, 'prev_value': 0, 'change': 1, 'player_num': 1}
2025-10-26 21:56:40,748 : INFO : EventManager : Event: ======'skillshot_complete'====== Args={'state': 'off'}
2025-10-26 21:56:40,749 : INFO : EventManager : Event: ======'skillshot_off_complete'====== Args={}
2025-10-26 21:56:40,750 : INFO : EventManager : Event: ======'player_skill_shot_skill_shot_timeout_tick'====== Args={'value': 0, 'prev_value': 0, 'change': 0, 'player_num': 1}
2025-10-26 21:56:40,750 : INFO : EventManager : Unordered handler for class <timer.skill_shot_timeout> on event ball_starting with priority 1. Handlers: [RegisteredHandler(callback=<bound method Timer.reset of <timer.skill_shot_timeout>>, priority=1, kwargs={}, key=UUID('822709b4-eae8-4b6b-a975-c2d789cd3d74'), condition=None, blocking_facility=None), RegisteredHandler(callback=<bound method Timer.pause of <timer.skill_shot_timeout>>, priority=1, kwargs={'timer_value': None}, key=UUID('5702eb53-d02c-4a02-a57c-7ee9ceeece6b'), condition=None, blocking_facility=None)]. The order of those handlers is not defined and they will be executed in random order. This might lead to race conditions and potential bugs.
2025-10-26 21:56:40,752 : INFO : EventManager : Event: ======'mode_skill_shot_starting'====== Args={'player': 1, 'ball': 1, 'balls_remaining': 2, 'is_extra_ball': False}
2025-10-26 21:56:40,752 : INFO : EventManager : Event: ======'logicblock_drop_target_bank_counter_updated'====== Args={'value': 0, 'enabled': True}
2025-10-26 21:56:40,753 : INFO : EventManager : Event: ======'logicblock_qualify_chcheckitout_multiball_updated'====== Args={'value': 0, 'enabled': True}
2025-10-26 21:56:40,753 : INFO : EventManager : Event: ======'logicblock_chcheckitout_multiball_ready_updated'====== Args={'value': 0, 'enabled': False}
2025-10-26 21:56:40,753 : INFO : EventManager : Event: ======'player_multiball_blocking_flag'====== Args={'value': 0, 'prev_value': 0, 'change': 0, 'player_num': 1, 'source': 'base'}
2025-10-26 21:56:40,753 : INFO : EventManager : Event: ======'player_mode_blocking_flag'====== Args={'value': 0, 'prev_value': 0, 'change': 0, 'player_num': 1, 'source': 'base'}
2025-10-26 21:56:40,753 : INFO : EventManager : Event: ======'player_player_drop_target_bank_counter_count'====== Args={'value': 0, 'prev_value': 0, 'change': 0, 'player_num': 1, 'source': 'base'}
2025-10-26 21:56:40,755 : INFO : EventManager : Event: ======'player_drop_target_bank_counter_count'====== Args={'value': 0, 'prev_value': 0, 'change': 0, 'player_num': 1, 'source': 'base'}
2025-10-26 21:56:40,756 : INFO : EventManager : Event: ======'mode_multiball_will_start'====== Args={'queue': <QueuedEvent>, 'player': 1, 'ball': 1, 'balls_remaining': 2, 'is_extra_ball': False}
2025-10-26 21:56:40,759 : INFO : EventManager : Event: ======'mode_multiball_starting'====== Args={'queue': <QueuedEvent>, 'player': 1, 'ball': 1, 'balls_remaining': 2, 'is_extra_ball': False}
2025-10-26 21:56:40,759 : INFO : EventManager : Event: ======'mode_carousel_will_start'====== Args={'queue': <QueuedEvent>, 'player': 1, 'ball': 1, 'balls_remaining': 2, 'is_extra_ball': False}
2025-10-26 21:56:40,762 : INFO : EventManager : Event: ======'mode_carousel_starting'====== Args={'queue': <QueuedEvent>, 'player': 1, 'ball': 1, 'balls_remaining': 2, 'is_extra_ball': False}
2025-10-26 21:56:40,763 : INFO : EventManager : Event: ======'ball_save_default_enabled'====== Args={}
2025-10-26 21:56:40,763 : INFO : Mode.carousel : Started. Priority: 200
2025-10-26 21:56:40,763 : INFO : EventManager : Event: ======'modes_active_modes_changed'====== Args={}
2025-10-26 21:56:40,763 : INFO : EventManager : Event: ======'mode_carousel_started'====== Args={'queue': <QueuedEvent>, 'player': 1, 'ball': 1, 'balls_remaining': 2, 'is_extra_ball': False}
2025-10-26 21:56:40,764 : INFO : EventManager : Event: ======'item_highlighted'====== Args={'carousel': 'carousel', 'direction': None, 'item': 'intergalactic'}
2025-10-26 21:56:40,766 : INFO : Mode.skill_shot : Started. Priority: 500
2025-10-26 21:56:40,766 : INFO : EventManager : Event: ======'modes_active_modes_changed'====== Args={}
2025-10-26 21:56:40,766 : INFO : EventManager : Event: ======'mode_skill_shot_started'====== Args={'player': 1, 'ball': 1, 'balls_remaining': 2, 'is_extra_ball': False}
2025-10-26 21:56:40,767 : INFO : EventManager : Event: ======'advance_skill_drop_targets'====== Args={'player': 1, 'ball': 1, 'balls_remaining': 2, 'is_extra_ball': False}
2025-10-26 21:56:40,767 : INFO : EventManager : Event: ======'player_shot_skillshot_drop_targets'====== Args={'value': 1, 'prev_value': 0, 'change': 1, 'player_num': 1}
2025-10-26 21:56:40,769 : INFO : EventManager : Event: ======'logicblock_completing_chcheckitout_jackpots_updated'====== Args={'value': [False, False, False, False], 'enabled': True}
2025-10-26 21:56:40,769 : INFO : EventManager : Event: ======'logicblock_completing_chcheckitout_jackpots_updated'====== Args={'value': [False, False, False, False], 'enabled': True}
2025-10-26 21:56:40,771 : INFO : EventManager : Event: ======'logicblock_chcheckitout_superjackpot_updated'====== Args={'value': 0, 'enabled': False}
2025-10-26 21:56:40,771 : INFO : EventManager : Event: ======'logicblock_chcheckitout_leftorbit_jackpot_updated'====== Args={'value': 0, 'enabled': False}
2025-10-26 21:56:40,771 : INFO : EventManager : Event: ======'logicblock_chcheckitout_leftramp_jackpot_updated'====== Args={'value': 0, 'enabled': False}
2025-10-26 21:56:40,771 : INFO : EventManager : Event: ======'logicblock_chcheckitout_rightramp_jackpot_updated'====== Args={'value': 0, 'enabled': False}
2025-10-26 21:56:40,771 : INFO : EventManager : Event: ======'logicblock_chcheckitout_rightorbit_jackpot_updated'====== Args={'value': 0, 'enabled': False}
2025-10-26 21:56:40,771 : INFO : Mode.multiball : Started. Priority: 1000
2025-10-26 21:56:40,771 : INFO : EventManager : Event: ======'modes_active_modes_changed'====== Args={}
2025-10-26 21:56:40,771 : INFO : EventManager : Event: ======'mode_multiball_started'====== Args={'queue': <QueuedEvent>, 'player': 1, 'ball': 1, 'balls_remaining': 2, 'is_extra_ball': False}
2025-10-26 21:56:40,772 : INFO : EventManager : Event: ======'single_player_ball_started'====== Args={}
2025-10-26 21:56:40,787 : INFO : EventManager : Event: ======'ball_start_target'====== Args={'target': 'playfield'}
2025-10-26 21:56:40,788 : INFO : EventManager : Event: ======'slide_base_created'====== Args={'_from_bcp': True}
2025-10-26 21:56:40,790 : INFO : ball_device.bd_plunger : Setting up player-controlled eject. Balls: 1, Target: <playfield.playfield>, player_controlled_eject_event: None
2025-10-26 21:56:40,790 : INFO : EventManager : Event: ======'balldevice_balls_available'====== Args={}
2025-10-26 21:56:40,791 : INFO : EventManager : Event: ======'play_base_video1'====== Args={'_from_bcp': True}
2025-10-26 21:56:40,793 : INFO : EventManager : Event: ======'slide_score_overlay_created'====== Args={'_from_bcp': True}
2025-10-26 21:56:40,793 : INFO : EventManager : Event: ======'slide_inlanes_and_outlanes_faded_created'====== Args={'_from_bcp': True}
2025-10-26 21:56:40,794 : INFO : EventManager : Event: ======'slide_attract_load_inactive'====== Args={'is_removing': True, '_from_bcp': True}
2025-10-26 21:56:40,794 : INFO : EventManager : Event: ======'slide_inlanes_and_outlanes_faded_active'====== Args={'original_context': 'base', 'original_calling_context': 'mode_base_started', 'priority': 100.0, 'queue': '<QueuedEvent>', 'player': 1.0, 'ball': 1.0, 'balls_remaining': 2.0, 'is_extra_ball': False, 'cmd': 'slides_play', '_from_bcp': True}
2025-10-26 21:56:40,796 : INFO : ball_device.bd_trough : State: waiting_for_target_ready
2025-10-26 21:56:40,797 : INFO : EventManager : Event: ======'balldevice_bd_trough_ball_eject_attempt'====== Args={'balls': 1, 'target': <ball_device.bd_plunger>, 'source': <ball_device.bd_trough>, 'mechanical_eject': True, 'num_attempts': 0}
2025-10-26 21:56:40,798 : INFO : ball_device.bd_plunger : State: waiting_for_ball
2025-10-26 21:56:40,799 : INFO : ball_device.bd_trough : State: ejecting
2025-10-26 21:56:40,800 : INFO : ball_device.bd_trough : Ejecting ball to <ball_device.bd_plunger>
2025-10-26 21:56:40,800 : INFO : EventManager : Event: ======'balldevice_bd_trough_ejecting_ball'====== Args={'balls': 1, 'target': <ball_device.bd_plunger>, 'source': <ball_device.bd_trough>, 'mechanical_eject': True, 'num_attempts': 0}
2025-10-26 21:56:40,802 : INFO : EventManager : Event: ======'slide_attract_load_removed'====== Args={'_from_bcp': True}
2025-10-26 21:56:40,803 : INFO : ball_device.bd_trough : Wait for ball to leave device
2025-10-26 21:56:40,803 : INFO : coil.c_trough_eject : Pulsing Driver for 20ms (1.0 pulse_power)
2025-10-26 21:56:40,804 : INFO : SwitchController : <<<<<<< 's_trough1' inactive >>>>>>>
2025-10-26 21:56:40,809 : INFO : ball_device.bd_trough : State: ball_left
2025-10-26 21:56:40,809 : INFO : ball_device.bd_trough : Ball left
2025-10-26 21:56:40,810 : INFO : ball_device.bd_trough : Wait for confirm with timeout 3.0
2025-10-26 21:56:40,810 : INFO : EventManager : Event: ======'slide_current_mode_highlighted_created'====== Args={'_from_bcp': True}
2025-10-26 21:56:40,916 : INFO : SwitchController : <<<<<<< 's_plunger' active >>>>>>>
2025-10-26 21:56:40,916 : INFO : EventManager : Event: ======'machine_var_audits_switches_s_plunger'====== Args={'value': 1339, 'prev_value': 1338, 'change': 1}
2025-10-26 21:56:41,025 : INFO : EventManager : Event: ======'slide_skillshot_overlay_created'====== Args={'_from_bcp': True}
2025-10-26 21:56:41,039 : INFO : EventManager : Event: ======'slide_basevideo1_created'====== Args={'_from_bcp': True}
2025-10-26 21:56:41,430 : INFO : ball_device.bd_plunger : Received ball from <ball_device.bd_trough>
2025-10-26 21:56:41,431 : INFO : EventManager : Event: ======'balldevice_bd_plunger_ball_enter'====== Args={'new_balls': 1, 'unclaimed_balls': 0, 'new_available_balls': 0, 'device': <ball_device.bd_plunger>}
2025-10-26 21:56:41,431 : INFO : EventManager : Event: ======'balldevice_bd_plunger_ball_entered'====== Args={'new_balls': 0, 'device': <ball_device.bd_plunger>}
2025-10-26 21:56:41,433 : INFO : EventManager : Event: ======'balldevice_bd_plunger_ball_count_changed'====== Args={'balls': 1}
2025-10-26 21:56:41,434 : INFO : ball_device.bd_trough : Got eject confirm
2025-10-26 21:56:41,434 : INFO : ball_device.bd_trough : Eject successful
2025-10-26 21:56:41,434 : INFO : EventManager : Event: ======'balldevice_bd_trough_ball_eject_success'====== Args={'balls': 1, 'target': <ball_device.bd_plunger>}
2025-10-26 21:56:41,434 : INFO : EventManager : Event: ======'balldevice_bd_trough_ball_count_changed'====== Args={'balls': 5}
2025-10-26 21:56:41,434 : INFO : ball_device.bd_trough : State: idle
2025-10-26 21:56:41,436 : INFO : ball_device.bd_plunger : State: waiting_for_target_ready
2025-10-26 21:56:41,436 : INFO : EventManager : Event: ======'balldevice_bd_plunger_ball_eject_attempt'====== Args={'balls': 1, 'target': <playfield.playfield>, 'source': <ball_device.bd_plunger>, 'mechanical_eject': True, 'num_attempts': 0}
2025-10-26 21:56:41,437 : INFO : ball_device.bd_plunger : State: ejecting
2025-10-26 21:56:41,437 : INFO : ball_device.bd_plunger : Ejecting ball to <playfield.playfield>
2025-10-26 21:56:41,437 : INFO : EventManager : Event: ======'balldevice_bd_plunger_ejecting_ball'====== Args={'balls': 1, 'target': <playfield.playfield>, 'source': <ball_device.bd_plunger>, 'mechanical_eject': True, 'num_attempts': 0}
2025-10-26 21:56:41,439 : INFO : ball_device.bd_plunger : Wait for ball to leave device
2025-10-26 21:56:42,701 : INFO : SwitchController : <<<<<<< 's_plunger' inactive >>>>>>>
2025-10-26 21:56:42,701 : INFO : EventManager : Event: ======'ball_out'====== Args={}
2025-10-26 21:56:42,702 : INFO : EventManager : Event: ======'ball_save_default_timer_start'====== Args={}
2025-10-26 21:56:42,707 : INFO : ball_device.bd_plunger : State: ball_left
2025-10-26 21:56:42,708 : INFO : ball_device.bd_plunger : Ball left
2025-10-26 21:56:42,708 : INFO : ball_device.bd_plunger : Wait for confirm with timeout 3.0
2025-10-26 21:56:42,899 : INFO : SwitchController : <<<<<<< 's_three_bank_top' active >>>>>>>
2025-10-26 21:56:42,899 : INFO : EventManager : Event: ======'playfield_active'====== Args={'source': 'top_drop'}
2025-10-26 21:56:42,900 : INFO : EventManager : Event: ======'playfield_active'====== Args={'source': 'skillshot_drop_targets'}
2025-10-26 21:56:42,900 : INFO : EventManager : Event: ======'s_three_bank_top_active'====== Args={}
2025-10-26 21:56:42,900 : INFO : EventManager : Event: ======'playfield_active'====== Args={'source': 'top'}
2025-10-26 21:56:42,900 : INFO : EventManager : Event: ======'drop_target_top_down'====== Args={'device': <drop_target.top>}
2025-10-26 21:56:42,900 : INFO : EventManager : Event: ======'drop_target_bank_three_bank_mixed'====== Args={'prev_value': <DropTargetBankState.UP: 'up'>, 'down': 1}
2025-10-26 21:56:42,900 : INFO : EventManager : Event: ======'machine_var_audits_switches_s_three_bank_top'====== Args={'value': 663, 'prev_value': 662, 'change': 1}
2025-10-26 21:56:42,902 : INFO : EventManager : Event: ======'player_shot_skillshot_drop_targets'====== Args={'value': 0, 'prev_value': 1, 'change': -1, 'player_num': 1}
2025-10-26 21:56:42,903 : INFO : EventManager : Event: ======'machine_var_audits_shots_skillshot_drop_targets'====== Args={'value': 124, 'prev_value': 123, 'change': 1}
2025-10-26 21:56:42,903 : INFO : EventManager : Event: ======'skillshot_drop_targets_hit'====== Args={'profile': 'skill_shot_profile', 'state': 'lit', 'advancing': True}
2025-10-26 21:56:42,903 : INFO : EventManager : Event: ======'skillshot_drop_targets_skill_shot_profile_hit'====== Args={'profile': 'skill_shot_profile', 'state': 'lit', 'advancing': True}
2025-10-26 21:56:42,903 : INFO : EventManager : Event: ======'skillshot_drop_targets_skill_shot_profile_lit_hit'====== Args={'profile': 'skill_shot_profile', 'state': 'lit', 'advancing': True}
2025-10-26 21:56:42,903 : INFO : EventManager : Event: ======'skillshot_drop_targets_lit_hit'====== Args={'profile': 'skill_shot_profile', 'state': 'lit', 'advancing': True}
2025-10-26 21:56:42,904 : INFO : EventManager : Event: ======'machine_var_audits_shots_top_drop'====== Args={'value': 125, 'prev_value': 124, 'change': 1}
2025-10-26 21:56:42,904 : INFO : EventManager : Event: ======'top_drop_hit'====== Args={'profile': 'base_shot_profile', 'state': 'off', 'advancing': False}
2025-10-26 21:56:42,905 : INFO : EventManager : Event: ======'top_drop_base_shot_profile_hit'====== Args={'profile': 'base_shot_profile', 'state': 'off', 'advancing': False}
2025-10-26 21:56:42,905 : INFO : EventManager : Event: ======'top_drop_base_shot_profile_off_hit'====== Args={'profile': 'base_shot_profile', 'state': 'off', 'advancing': False}
2025-10-26 21:56:42,905 : INFO : EventManager : Event: ======'top_drop_off_hit'====== Args={'profile': 'base_shot_profile', 'state': 'off', 'advancing': False}
2025-10-26 21:56:42,905 : INFO : EventManager : Event: ======'player_score'====== Args={'value': 2220, 'prev_value': 0, 'change': 2220, 'player_num': 1, 'source': 'base'}
2025-10-26 21:56:42,905 : INFO : EventManager : Event: ======'skillshot_complete'====== Args={'state': 'off'}
2025-10-26 21:56:42,905 : INFO : EventManager : Event: ======'skillshot_off_complete'====== Args={}
2025-10-26 21:56:42,906 : INFO : EventManager : Event: ======'skillshot_hit'====== Args={'shot': 'skillshot_drop_targets'}
2025-10-26 21:56:42,906 : INFO : EventManager : Event: ======'skillshot_lit_hit'====== Args={'shot': 'skillshot_drop_targets'}
2025-10-26 21:56:42,906 : INFO : EventManager : Event: ======'mode_skill_shot_will_stop'====== Args={}
2025-10-26 21:56:42,906 : INFO : EventManager : Event: ======'mode_skill_shot_stopping'====== Args={}
2025-10-26 21:56:42,907 : INFO : EventManager : Event: ======'player_score'====== Args={'value': 2002220, 'prev_value': 2220, 'change': 2000000, 'player_num': 1, 'source': 'skill_shot'}
2025-10-26 21:56:42,912 : INFO : Mode.skill_shot : Stopped.
2025-10-26 21:56:42,913 : INFO : EventManager : Event: ======'modes_active_modes_changed'====== Args={}
2025-10-26 21:56:42,913 : INFO : EventManager : Event: ======'mode_skill_shot_stopped'====== Args={}
2025-10-26 21:56:42,913 : INFO : EventManager : Event: ======'clear'====== Args={'key': 'skill_shot'}
2025-10-26 21:56:42,915 : INFO : Timer.skill_shot_timeout : Stopping Timer
2025-10-26 21:56:42,915 : INFO : EventManager : Event: ======'timer_skill_shot_timeout_stopped'====== Args={'ticks': 0, 'ticks_remaining': 0}
2025-10-26 21:56:42,960 : INFO : ball_device.bd_plunger : Got eject confirm
2025-10-26 21:56:42,960 : INFO : ball_device.bd_plunger : Eject successful
2025-10-26 21:56:42,960 : INFO : EventManager : Event: ======'balldevice_bd_plunger_ball_eject_success'====== Args={'balls': 1, 'target': <playfield.playfield>}
2025-10-26 21:56:42,961 : INFO : EventManager : Event: ======'slide_skillshot_overlay_removed'====== Args={'_from_bcp': True}
2025-10-26 21:56:42,961 : INFO : EventManager : Event: ======'slide_skillshot_success_overlay_created'====== Args={'_from_bcp': True}
2025-10-26 21:56:42,962 : INFO : EventManager : Event: ======'balldevice_playfield_ball_enter'====== Args={'new_balls': 1, 'unclaimed_balls': 1, 'device': <playfield.playfield>}
2025-10-26 21:56:42,962 : INFO : EventManager : Event: ======'playfield_ball_count_change'====== Args={'balls': 1, 'change': 1}
2025-10-26 21:56:42,962 : INFO : EventManager : Event: ======'balldevice_bd_plunger_ball_count_changed'====== Args={'balls': 0}
2025-10-26 21:56:42,962 : INFO : ball_device.bd_plunger : State: idle
2025-10-26 21:56:44,931 : INFO : EventManager : Event: ======'slide_skillshot_success_overlay_removed'====== Args={'_from_bcp': True}
2025-10-26 21:56:45,703 : INFO : EventManager : Event: ======'ball_save_default_hurry_up'====== Args={}
2025-10-26 21:56:47,692 : INFO : EventManager : Event: ======'ball_save_default_grace_period'====== Args={}
2025-10-26 21:56:49,693 : INFO : EventManager : Event: ======'ball_save_default_disabled'====== Args={}
2025-10-26 21:56:52,378 : INFO : SwitchController : <<<<<<< 's_right_inlane' active >>>>>>>
2025-10-26 21:56:52,378 : INFO : EventManager : Event: ======'s_right_inlane_active'====== Args={}
2025-10-26 21:56:52,378 : INFO : EventManager : Event: ======'sw_playfield_active'====== Args={}
2025-10-26 21:56:52,378 : INFO : EventManager : Event: ======'machine_var_audits_switches_s_right_inlane'====== Args={'value': 113, 'prev_value': 112, 'change': 1}
2025-10-26 21:56:52,380 : INFO : EventManager : Event: ======'player_shot_right_inlane'====== Args={'value': 1, 'prev_value': 0, 'change': 1, 'player_num': 1}
2025-10-26 21:56:52,380 : INFO : EventManager : Event: ======'machine_var_audits_shots_right_inlane'====== Args={'value': 5, 'prev_value': 4, 'change': 1}
2025-10-26 21:56:52,381 : INFO : EventManager : Event: ======'right_inlane_hit'====== Args={'profile': 'lane_profile', 'state': 'unlit', 'advancing': True}
2025-10-26 21:56:52,381 : INFO : EventManager : Event: ======'right_inlane_lane_profile_hit'====== Args={'profile': 'lane_profile', 'state': 'unlit', 'advancing': True}
2025-10-26 21:56:52,381 : INFO : EventManager : Event: ======'right_inlane_lane_profile_unlit_hit'====== Args={'profile': 'lane_profile', 'state': 'unlit', 'advancing': True}
2025-10-26 21:56:52,381 : INFO : EventManager : Event: ======'right_inlane_unlit_hit'====== Args={'profile': 'lane_profile', 'state': 'unlit', 'advancing': True}
2025-10-26 21:56:52,381 : INFO : EventManager : Event: ======'player_score'====== Args={'value': 2002330, 'prev_value': 2002220, 'change': 110, 'player_num': 1, 'source': 'base'}
2025-10-26 21:56:52,381 : INFO : EventManager : Event: ======'sg_lanes_hit'====== Args={'shot': 'right_inlane'}
2025-10-26 21:56:52,381 : INFO : EventManager : Event: ======'sg_lanes_unlit_hit'====== Args={'shot': 'right_inlane'}
2025-10-26 21:56:52,398 : INFO : EventManager : Event: ======'widget_right_inlane_active'====== Args={'original_context': 'base', 'original_calling_context': 'player_shot_right_inlane{current_player.shot_right_inlane==1}', 'priority': 100.0, 'value': 1.0, 'prev_value': 0.0, 'change': 1.0, 'player_num': 1.0, 'cmd': 'widgets_play', '_from_bcp': True}
2025-10-26 21:56:52,459 : INFO : SwitchController : <<<<<<< 's_right_inlane' inactive >>>>>>>
2025-10-26 21:56:57,620 : INFO : SwitchController : <<<<<<< 's_right_flipper' active >>>>>>>
2025-10-26 21:56:57,620 : INFO : EventManager : Event: ======'s_right_flipper_active'====== Args={}
2025-10-26 21:56:57,620 : INFO : EventManager : Event: ======'machine_var_audits_switches_s_right_flipper'====== Args={'value': 1951, 'prev_value': 1950, 'change': 1}
2025-10-26 21:56:57,622 : INFO : EventManager : Event: ======'player_shot_right_inlane'====== Args={'value': 0, 'prev_value': 1, 'change': -1, 'player_num': 1}
2025-10-26 21:56:57,623 : INFO : EventManager : Event: ======'player_shot_right_outlane'====== Args={'value': 1, 'prev_value': 0, 'change': 1, 'player_num': 1}
2025-10-26 21:56:57,641 : INFO : EventManager : Event: ======'widget_right_inlane_removed'====== Args={'_from_bcp': True}
2025-10-26 21:56:57,642 : INFO : EventManager : Event: ======'widget_right_outlane_active'====== Args={'original_context': 'base', 'original_calling_context': 'player_shot_right_outlane{current_player.shot_right_outlane==1}', 'priority': 100.0, 'value': 1.0, 'prev_value': 0.0, 'change': 1.0, 'player_num': 1.0, 'cmd': 'widgets_play', '_from_bcp': True}
2025-10-26 21:56:57,770 : INFO : SwitchController : <<<<<<< 's_right_flipper' inactive >>>>>>>
2025-10-26 21:56:57,770 : INFO : EventManager : Event: ======'sw_right_flipper_inactive'====== Args={}
2025-10-26 21:56:58,021 : INFO : SwitchController : <<<<<<< 's_right_flipper' active >>>>>>>
2025-10-26 21:56:58,021 : INFO : EventManager : Event: ======'s_right_flipper_active'====== Args={}
2025-10-26 21:56:58,022 : INFO : EventManager : Event: ======'machine_var_audits_switches_s_right_flipper'====== Args={'value': 1952, 'prev_value': 1951, 'change': 1}
2025-10-26 21:56:58,023 : INFO : EventManager : Event: ======'player_shot_left_outlane'====== Args={'value': 1, 'prev_value': 0, 'change': 1, 'player_num': 1}
2025-10-26 21:56:58,024 : INFO : EventManager : Event: ======'player_shot_right_outlane'====== Args={'value': 0, 'prev_value': 1, 'change': -1, 'player_num': 1}
2025-10-26 21:56:58,038 : INFO : EventManager : Event: ======'widget_left_outlane_active'====== Args={'original_context': 'base', 'original_calling_context': 'player_shot_left_outlane{current_player.shot_left_outlane==1}', 'priority': 100.0, 'value': 1.0, 'prev_value': 0.0, 'change': 1.0, 'player_num': 1.0, 'cmd': 'widgets_play', '_from_bcp': True}
2025-10-26 21:56:58,039 : INFO : EventManager : Event: ======'widget_right_outlane_removed'====== Args={'_from_bcp': True}
2025-10-26 21:56:58,153 : INFO : SwitchController : <<<<<<< 's_right_flipper' inactive >>>>>>>
2025-10-26 21:56:58,153 : INFO : EventManager : Event: ======'sw_right_flipper_inactive'====== Args={}
2025-10-26 21:56:58,370 : INFO : SwitchController : <<<<<<< 's_right_flipper' active >>>>>>>
2025-10-26 21:56:58,370 : INFO : EventManager : Event: ======'s_right_flipper_active'====== Args={}
2025-10-26 21:56:58,371 : INFO : EventManager : Event: ======'machine_var_audits_switches_s_right_flipper'====== Args={'value': 1953, 'prev_value': 1952, 'change': 1}
2025-10-26 21:56:58,371 : INFO : EventManager : Event: ======'player_shot_left_outlane'====== Args={'value': 0, 'prev_value': 1, 'change': -1, 'player_num': 1}
2025-10-26 21:56:58,372 : INFO : EventManager : Event: ======'player_shot_left_inlane'====== Args={'value': 1, 'prev_value': 0, 'change': 1, 'player_num': 1}
2025-10-26 21:56:58,387 : INFO : EventManager : Event: ======'widget_left_outlane_removed'====== Args={'_from_bcp': True}
2025-10-26 21:56:58,388 : INFO : EventManager : Event: ======'widget_left_inlane_active'====== Args={'original_context': 'base', 'original_calling_context': 'player_shot_left_inlane{current_player.shot_left_inlane==1}', 'priority': 100.0, 'value': 1.0, 'prev_value': 0.0, 'change': 1.0, 'player_num': 1.0, 'cmd': 'widgets_play', '_from_bcp': True}
2025-10-26 21:56:58,502 : INFO : SwitchController : <<<<<<< 's_right_flipper' inactive >>>>>>>
2025-10-26 21:56:58,504 : INFO : EventManager : Event: ======'sw_right_flipper_inactive'====== Args={}
2025-10-26 21:56:58,635 : INFO : SwitchController : <<<<<<< 's_right_flipper' active >>>>>>>
2025-10-26 21:56:58,635 : INFO : EventManager : Event: ======'s_right_flipper_active'====== Args={}
2025-10-26 21:56:58,637 : INFO : EventManager : Event: ======'machine_var_audits_switches_s_right_flipper'====== Args={'value': 1954, 'prev_value': 1953, 'change': 1}
2025-10-26 21:56:58,638 : INFO : EventManager : Event: ======'player_shot_left_inlane'====== Args={'value': 0, 'prev_value': 1, 'change': -1, 'player_num': 1}
2025-10-26 21:56:58,639 : INFO : EventManager : Event: ======'player_shot_right_inlane'====== Args={'value': 1, 'prev_value': 0, 'change': 1, 'player_num': 1}
2025-10-26 21:56:58,654 : INFO : EventManager : Event: ======'widget_left_inlane_removed'====== Args={'_from_bcp': True}
2025-10-26 21:56:58,666 : INFO : EventManager : Event: ======'widget_right_inlane_active'====== Args={'original_context': 'base', 'original_calling_context': 'player_shot_right_inlane{current_player.shot_right_inlane==1}', 'priority': 100.0, 'value': 1.0, 'prev_value': 0.0, 'change': 1.0, 'player_num': 1.0, 'cmd': 'widgets_play', '_from_bcp': True}
2025-10-26 21:56:58,753 : INFO : SwitchController : <<<<<<< 's_right_flipper' inactive >>>>>>>
2025-10-26 21:56:58,753 : INFO : EventManager : Event: ======'sw_right_flipper_inactive'====== Args={}
2025-10-26 21:56:58,875 : INFO : SwitchController : <<<<<<< 's_right_flipper' active >>>>>>>
2025-10-26 21:56:58,876 : INFO : EventManager : Event: ======'s_right_flipper_active'====== Args={}
2025-10-26 21:56:58,876 : INFO : EventManager : Event: ======'machine_var_audits_switches_s_right_flipper'====== Args={'value': 1955, 'prev_value': 1954, 'change': 1}
2025-10-26 21:56:58,881 : INFO : EventManager : Event: ======'player_shot_right_inlane'====== Args={'value': 0, 'prev_value': 1, 'change': -1, 'player_num': 1}
2025-10-26 21:56:58,882 : INFO : EventManager : Event: ======'player_shot_right_outlane'====== Args={'value': 1, 'prev_value': 0, 'change': 1, 'player_num': 1}
2025-10-26 21:56:58,902 : INFO : EventManager : Event: ======'widget_right_inlane_removed'====== Args={'_from_bcp': True}
2025-10-26 21:56:58,903 : INFO : EventManager : Event: ======'widget_right_outlane_active'====== Args={'original_context': 'base', 'original_calling_context': 'player_shot_right_outlane{current_player.shot_right_outlane==1}', 'priority': 100.0, 'value': 1.0, 'prev_value': 0.0, 'change': 1.0, 'player_num': 1.0, 'cmd': 'widgets_play', '_from_bcp': True}
2025-10-26 21:56:58,986 : INFO : SwitchController : <<<<<<< 's_right_flipper' inactive >>>>>>>
2025-10-26 21:56:58,987 : INFO : EventManager : Event: ======'sw_right_flipper_inactive'====== Args={}
2025-10-26 21:56:59,069 : INFO : SwitchController : <<<<<<< 's_right_flipper' active >>>>>>>
2025-10-26 21:56:59,069 : INFO : EventManager : Event: ======'s_right_flipper_active'====== Args={}
2025-10-26 21:56:59,070 : INFO : EventManager : Event: ======'machine_var_audits_switches_s_right_flipper'====== Args={'value': 1956, 'prev_value': 1955, 'change': 1}
2025-10-26 21:56:59,071 : INFO : EventManager : Event: ======'player_shot_left_outlane'====== Args={'value': 1, 'prev_value': 0, 'change': 1, 'player_num': 1}
2025-10-26 21:56:59,072 : INFO : EventManager : Event: ======'player_shot_right_outlane'====== Args={'value': 0, 'prev_value': 1, 'change': -1, 'player_num': 1}
2025-10-26 21:56:59,084 : INFO : EventManager : Event: ======'widget_left_outlane_active'====== Args={'original_context': 'base', 'original_calling_context': 'player_shot_left_outlane{current_player.shot_left_outlane==1}', 'priority': 100.0, 'value': 1.0, 'prev_value': 0.0, 'change': 1.0, 'player_num': 1.0, 'cmd': 'widgets_play', '_from_bcp': True}
2025-10-26 21:56:59,085 : INFO : EventManager : Event: ======'widget_right_outlane_removed'====== Args={'_from_bcp': True}
2025-10-26 21:56:59,187 : INFO : SwitchController : <<<<<<< 's_right_flipper' inactive >>>>>>>
2025-10-26 21:56:59,187 : INFO : EventManager : Event: ======'sw_right_flipper_inactive'====== Args={}
2025-10-26 21:56:59,269 : INFO : SwitchController : <<<<<<< 's_right_flipper' active >>>>>>>
2025-10-26 21:56:59,269 : INFO : EventManager : Event: ======'s_right_flipper_active'====== Args={}
2025-10-26 21:56:59,269 : INFO : EventManager : Event: ======'machine_var_audits_switches_s_right_flipper'====== Args={'value': 1957, 'prev_value': 1956, 'change': 1}
2025-10-26 21:56:59,270 : INFO : EventManager : Event: ======'player_shot_left_outlane'====== Args={'value': 0, 'prev_value': 1, 'change': -1, 'player_num': 1}
2025-10-26 21:56:59,271 : INFO : EventManager : Event: ======'player_shot_left_inlane'====== Args={'value': 1, 'prev_value': 0, 'change': 1, 'player_num': 1}
2025-10-26 21:56:59,283 : INFO : EventManager : Event: ======'widget_left_outlane_removed'====== Args={'_from_bcp': True}
2025-10-26 21:56:59,284 : INFO : EventManager : Event: ======'widget_left_inlane_active'====== Args={'original_context': 'base', 'original_calling_context': 'player_shot_left_inlane{current_player.shot_left_inlane==1}', 'priority': 100.0, 'value': 1.0, 'prev_value': 0.0, 'change': 1.0, 'player_num': 1.0, 'cmd': 'widgets_play', '_from_bcp': True}
2025-10-26 21:56:59,402 : INFO : SwitchController : <<<<<<< 's_right_flipper' inactive >>>>>>>
2025-10-26 21:56:59,402 : INFO : EventManager : Event: ======'sw_right_flipper_inactive'====== Args={}
2025-10-26 21:56:59,452 : INFO : SwitchController : <<<<<<< 's_right_flipper' active >>>>>>>
2025-10-26 21:56:59,452 : INFO : EventManager : Event: ======'s_right_flipper_active'====== Args={}
2025-10-26 21:56:59,453 : INFO : EventManager : Event: ======'machine_var_audits_switches_s_right_flipper'====== Args={'value': 1958, 'prev_value': 1957, 'change': 1}
2025-10-26 21:56:59,454 : INFO : EventManager : Event: ======'player_shot_left_inlane'====== Args={'value': 0, 'prev_value': 1, 'change': -1, 'player_num': 1}
2025-10-26 21:56:59,454 : INFO : EventManager : Event: ======'player_shot_right_inlane'====== Args={'value': 1, 'prev_value': 0, 'change': 1, 'player_num': 1}
2025-10-26 21:56:59,471 : INFO : EventManager : Event: ======'widget_left_inlane_removed'====== Args={'_from_bcp': True}
2025-10-26 21:56:59,471 : INFO : EventManager : Event: ======'widget_right_inlane_active'====== Args={'original_context': 'base', 'original_calling_context': 'player_shot_right_inlane{current_player.shot_right_inlane==1}', 'priority': 100.0, 'value': 1.0, 'prev_value': 0.0, 'change': 1.0, 'player_num': 1.0, 'cmd': 'widgets_play', '_from_bcp': True}
2025-10-26 21:56:59,553 : INFO : SwitchController : <<<<<<< 's_right_flipper' inactive >>>>>>>
2025-10-26 21:56:59,553 : INFO : EventManager : Event: ======'sw_right_flipper_inactive'====== Args={}
2025-10-26 21:56:59,618 : INFO : SwitchController : <<<<<<< 's_right_flipper' active >>>>>>>
2025-10-26 21:56:59,618 : INFO : EventManager : Event: ======'s_right_flipper_active'====== Args={}
2025-10-26 21:56:59,620 : INFO : EventManager : Event: ======'machine_var_audits_switches_s_right_flipper'====== Args={'value': 1959, 'prev_value': 1958, 'change': 1}
2025-10-26 21:56:59,621 : INFO : EventManager : Event: ======'player_shot_right_inlane'====== Args={'value': 0, 'prev_value': 1, 'change': -1, 'player_num': 1}
2025-10-26 21:56:59,621 : INFO : EventManager : Event: ======'player_shot_right_outlane'====== Args={'value': 1, 'prev_value': 0, 'change': 1, 'player_num': 1}
2025-10-26 21:56:59,633 : INFO : EventManager : Event: ======'widget_right_inlane_removed'====== Args={'_from_bcp': True}
2025-10-26 21:56:59,634 : INFO : EventManager : Event: ======'widget_right_outlane_active'====== Args={'original_context': 'base', 'original_calling_context': 'player_shot_right_outlane{current_player.shot_right_outlane==1}', 'priority': 100.0, 'value': 1.0, 'prev_value': 0.0, 'change': 1.0, 'player_num': 1.0, 'cmd': 'widgets_play', '_from_bcp': True}
2025-10-26 21:56:59,717 : INFO : SwitchController : <<<<<<< 's_right_flipper' inactive >>>>>>>
2025-10-26 21:56:59,719 : INFO : EventManager : Event: ======'sw_right_flipper_inactive'====== Args={}
2025-10-26 21:56:59,769 : INFO : SwitchController : <<<<<<< 's_right_flipper' active >>>>>>>
2025-10-26 21:56:59,769 : INFO : EventManager : Event: ======'s_right_flipper_active'====== Args={}
2025-10-26 21:56:59,769 : INFO : EventManager : Event: ======'machine_var_audits_switches_s_right_flipper'====== Args={'value': 1960, 'prev_value': 1959, 'change': 1}
2025-10-26 21:56:59,770 : INFO : EventManager : Event: ======'player_shot_left_outlane'====== Args={'value': 1, 'prev_value': 0, 'change': 1, 'player_num': 1}
2025-10-26 21:56:59,771 : INFO : EventManager : Event: ======'player_shot_right_outlane'====== Args={'value': 0, 'prev_value': 1, 'change': -1, 'player_num': 1}
2025-10-26 21:56:59,787 : INFO : EventManager : Event: ======'widget_left_outlane_active'====== Args={'original_context': 'base', 'original_calling_context': 'player_shot_left_outlane{current_player.shot_left_outlane==1}', 'priority': 100.0, 'value': 1.0, 'prev_value': 0.0, 'change': 1.0, 'player_num': 1.0, 'cmd': 'widgets_play', '_from_bcp': True}
2025-10-26 21:56:59,788 : INFO : EventManager : Event: ======'widget_right_outlane_removed'====== Args={'_from_bcp': True}
2025-10-26 21:56:59,868 : INFO : SwitchController : <<<<<<< 's_right_flipper' inactive >>>>>>>
2025-10-26 21:56:59,868 : INFO : EventManager : Event: ======'sw_right_flipper_inactive'====== Args={}
2025-10-26 21:56:59,952 : INFO : SwitchController : <<<<<<< 's_right_flipper' active >>>>>>>
2025-10-26 21:56:59,952 : INFO : EventManager : Event: ======'s_right_flipper_active'====== Args={}
2025-10-26 21:56:59,953 : INFO : EventManager : Event: ======'machine_var_audits_switches_s_right_flipper'====== Args={'value': 1961, 'prev_value': 1960, 'change': 1}
2025-10-26 21:56:59,954 : INFO : EventManager : Event: ======'player_shot_left_outlane'====== Args={'value': 0, 'prev_value': 1, 'change': -1, 'player_num': 1}
2025-10-26 21:56:59,956 : INFO : EventManager : Event: ======'player_shot_left_inlane'====== Args={'value': 1, 'prev_value': 0, 'change': 1, 'player_num': 1}
2025-10-26 21:56:59,985 : INFO : EventManager : Event: ======'widget_left_outlane_removed'====== Args={'_from_bcp': True}
2025-10-26 21:56:59,986 : INFO : EventManager : Event: ======'widget_left_inlane_active'====== Args={'original_context': 'base', 'original_calling_context': 'player_shot_left_inlane{current_player.shot_left_inlane==1}', 'priority': 100.0, 'value': 1.0, 'prev_value': 0.0, 'change': 1.0, 'player_num': 1.0, 'cmd': 'widgets_play', '_from_bcp': True}
2025-10-26 21:57:00,052 : INFO : SwitchController : <<<<<<< 's_right_flipper' inactive >>>>>>>
2025-10-26 21:57:00,052 : INFO : EventManager : Event: ======'sw_right_flipper_inactive'====== Args={}
2025-10-26 21:57:00,101 : INFO : SwitchController : <<<<<<< 's_right_flipper' active >>>>>>>
2025-10-26 21:57:00,101 : INFO : EventManager : Event: ======'s_right_flipper_active'====== Args={}
2025-10-26 21:57:00,102 : INFO : EventManager : Event: ======'machine_var_audits_switches_s_right_flipper'====== Args={'value': 1962, 'prev_value': 1961, 'change': 1}
2025-10-26 21:57:00,103 : INFO : EventManager : Event: ======'player_shot_left_inlane'====== Args={'value': 0, 'prev_value': 1, 'change': -1, 'player_num': 1}
2025-10-26 21:57:00,104 : INFO : EventManager : Event: ======'player_shot_right_inlane'====== Args={'value': 1, 'prev_value': 0, 'change': 1, 'player_num': 1}
2025-10-26 21:57:00,115 : INFO : EventManager : Event: ======'widget_left_inlane_removed'====== Args={'_from_bcp': True}
2025-10-26 21:57:00,116 : INFO : EventManager : Event: ======'widget_right_inlane_active'====== Args={'original_context': 'base', 'original_calling_context': 'player_shot_right_inlane{current_player.shot_right_inlane==1}', 'priority': 100.0, 'value': 1.0, 'prev_value': 0.0, 'change': 1.0, 'player_num': 1.0, 'cmd': 'widgets_play', '_from_bcp': True}
2025-10-26 21:57:00,201 : INFO : SwitchController : <<<<<<< 's_right_flipper' inactive >>>>>>>
2025-10-26 21:57:00,201 : INFO : EventManager : Event: ======'sw_right_flipper_inactive'====== Args={}
2025-10-26 21:57:00,251 : INFO : SwitchController : <<<<<<< 's_right_flipper' active >>>>>>>
2025-10-26 21:57:00,251 : INFO : EventManager : Event: ======'s_right_flipper_active'====== Args={}
2025-10-26 21:57:00,252 : INFO : EventManager : Event: ======'machine_var_audits_switches_s_right_flipper'====== Args={'value': 1963, 'prev_value': 1962, 'change': 1}
2025-10-26 21:57:00,254 : INFO : EventManager : Event: ======'player_shot_right_inlane'====== Args={'value': 0, 'prev_value': 1, 'change': -1, 'player_num': 1}
2025-10-26 21:57:00,254 : INFO : EventManager : Event: ======'player_shot_right_outlane'====== Args={'value': 1, 'prev_value': 0, 'change': 1, 'player_num': 1}
2025-10-26 21:57:00,268 : INFO : EventManager : Event: ======'widget_right_inlane_removed'====== Args={'_from_bcp': True}
2025-10-26 21:57:00,270 : INFO : EventManager : Event: ======'widget_right_outlane_active'====== Args={'original_context': 'base', 'original_calling_context': 'player_shot_right_outlane{current_player.shot_right_outlane==1}', 'priority': 100.0, 'value': 1.0, 'prev_value': 0.0, 'change': 1.0, 'player_num': 1.0, 'cmd': 'widgets_play', '_from_bcp': True}
2025-10-26 21:57:00,351 : INFO : SwitchController : <<<<<<< 's_right_flipper' inactive >>>>>>>
2025-10-26 21:57:00,351 : INFO : EventManager : Event: ======'sw_right_flipper_inactive'====== Args={}
2025-10-26 21:57:00,418 : INFO : SwitchController : <<<<<<< 's_right_flipper' active >>>>>>>
2025-10-26 21:57:00,419 : INFO : EventManager : Event: ======'s_right_flipper_active'====== Args={}
2025-10-26 21:57:00,420 : INFO : EventManager : Event: ======'machine_var_audits_switches_s_right_flipper'====== Args={'value': 1964, 'prev_value': 1963, 'change': 1}
2025-10-26 21:57:00,421 : INFO : EventManager : Event: ======'player_shot_left_outlane'====== Args={'value': 1, 'prev_value': 0, 'change': 1, 'player_num': 1}
2025-10-26 21:57:00,422 : INFO : EventManager : Event: ======'player_shot_right_outlane'====== Args={'value': 0, 'prev_value': 1, 'change': -1, 'player_num': 1}
2025-10-26 21:57:00,434 : INFO : EventManager : Event: ======'widget_left_outlane_active'====== Args={'original_context': 'base', 'original_calling_context': 'player_shot_left_outlane{current_player.shot_left_outlane==1}', 'priority': 100.0, 'value': 1.0, 'prev_value': 0.0, 'change': 1.0, 'player_num': 1.0, 'cmd': 'widgets_play', '_from_bcp': True}
2025-10-26 21:57:00,434 : INFO : EventManager : Event: ======'widget_right_outlane_removed'====== Args={'_from_bcp': True}
2025-10-26 21:57:00,551 : INFO : SwitchController : <<<<<<< 's_right_flipper' inactive >>>>>>>
2025-10-26 21:57:00,551 : INFO : EventManager : Event: ======'sw_right_flipper_inactive'====== Args={}
2025-10-26 21:57:00,617 : INFO : SwitchController : <<<<<<< 's_right_flipper' active >>>>>>>
2025-10-26 21:57:00,617 : INFO : EventManager : Event: ======'s_right_flipper_active'====== Args={}
2025-10-26 21:57:00,619 : INFO : EventManager : Event: ======'machine_var_audits_switches_s_right_flipper'====== Args={'value': 1965, 'prev_value': 1964, 'change': 1}
2025-10-26 21:57:00,620 : INFO : EventManager : Event: ======'player_shot_left_outlane'====== Args={'value': 0, 'prev_value': 1, 'change': -1, 'player_num': 1}
2025-10-26 21:57:00,621 : INFO : EventManager : Event: ======'player_shot_left_inlane'====== Args={'value': 1, 'prev_value': 0, 'change': 1, 'player_num': 1}
2025-10-26 21:57:00,634 : INFO : EventManager : Event: ======'widget_left_outlane_removed'====== Args={'_from_bcp': True}
2025-10-26 21:57:00,636 : INFO : EventManager : Event: ======'widget_left_inlane_active'====== Args={'original_context': 'base', 'original_calling_context': 'player_shot_left_inlane{current_player.shot_left_inlane==1}', 'priority': 100.0, 'value': 1.0, 'prev_value': 0.0, 'change': 1.0, 'player_num': 1.0, 'cmd': 'widgets_play', '_from_bcp': True}
2025-10-26 21:57:00,711 : INFO : SwitchController : <<<<<<< 's_right_flipper' inactive >>>>>>>
2025-10-26 21:57:00,711 : INFO : EventManager : Event: ======'sw_right_flipper_inactive'====== Args={}
2025-10-26 21:57:01,186 : INFO : Machine : Shutting down...
2025-10-26 21:57:01,186 : INFO : EventManager : Event: ======'shutdown'====== Args={}
2025-10-26 21:57:01,187 : INFO : EventManager : Event: ======'mode_service_will_stop'====== Args={}
2025-10-26 21:57:01,187 : INFO : EventManager : Event: ======'mode_service_stopping'====== Args={}
2025-10-26 21:57:01,189 : INFO : Mode.service : Stopped.
2025-10-26 21:57:01,189 : INFO : EventManager : Event: ======'modes_active_modes_changed'====== Args={}
2025-10-26 21:57:01,189 : INFO : EventManager : Event: ======'mode_service_stopped'====== Args={}
2025-10-26 21:57:01,189 : INFO : EventManager : Event: ======'clear'====== Args={'key': 'service'}
2025-10-26 21:57:01,190 : INFO : EventManager : Event: ======'mode_game_will_stop'====== Args={}
2025-10-26 21:57:01,190 : INFO : EventManager : Event: ======'mode_game_stopping'====== Args={}
2025-10-26 21:57:01,192 : INFO : EventManager : Event: ======'mode_multiball_will_stop'====== Args={}
2025-10-26 21:57:01,193 : INFO : EventManager : Event: ======'mode_multiball_stopping'====== Args={}
2025-10-26 21:57:01,193 : INFO : EventManager : Event: ======'mode_carousel_will_stop'====== Args={}
2025-10-26 21:57:01,193 : INFO : EventManager : Event: ======'mode_carousel_stopping'====== Args={}
2025-10-26 21:57:01,193 : INFO : EventManager : Event: ======'mode_base_will_stop'====== Args={}
2025-10-26 21:57:01,193 : INFO : EventManager : Event: ======'mode_base_stopping'====== Args={}
2025-10-26 21:57:01,194 : INFO : Mode.base : Stopped.
2025-10-26 21:57:01,194 : INFO : EventManager : Event: ======'modes_active_modes_changed'====== Args={}
2025-10-26 21:57:01,194 : INFO : EventManager : Event: ======'mode_base_stopped'====== Args={}
2025-10-26 21:57:01,194 : INFO : EventManager : Event: ======'clear'====== Args={'key': 'base'}
2025-10-26 21:57:01,195 : INFO : Timer.chcheckitoutfinish_widget_timer : Stopping Timer
2025-10-26 21:57:01,196 : INFO : EventManager : Event: ======'timer_chcheckitoutfinish_widget_timer_stopped'====== Args={'ticks': 0, 'ticks_remaining': 0}
2025-10-26 21:57:01,201 : INFO : Mode.carousel : Stopped.
2025-10-26 21:57:01,201 : INFO : EventManager : Event: ======'modes_active_modes_changed'====== Args={}
2025-10-26 21:57:01,201 : INFO : EventManager : Event: ======'mode_carousel_stopped'====== Args={}
2025-10-26 21:57:01,202 : INFO : EventManager : Event: ======'clear'====== Args={'key': 'carousel'}
2025-10-26 21:57:01,202 : INFO : Mode.multiball : Stopped.
2025-10-26 21:57:01,202 : INFO : EventManager : Event: ======'modes_active_modes_changed'====== Args={}
2025-10-26 21:57:01,202 : INFO : EventManager : Event: ======'mode_multiball_stopped'====== Args={}
2025-10-26 21:57:01,202 : INFO : EventManager : Event: ======'clear'====== Args={'key': 'multiball'}
2025-10-26 21:57:01,204 : INFO : Mode.game : Stopped.
2025-10-26 21:57:01,204 : INFO : EventManager : Event: ======'modes_active_modes_changed'====== Args={}
2025-10-26 21:57:01,204 : INFO : EventManager : Event: ======'mode_game_stopped'====== Args={}
2025-10-26 21:57:01,204 : INFO : EventManager : Event: ======'clear'====== Args={'key': 'game'}
2025-10-26 21:57:01,210 : INFO : root : MPF run loop ended.
