2025-12-20 21:02:11,297 : INFO : root : Loading config.
2025-12-20 21:02:11,302 : INFO : YamlMultifileConfigLoader : Machine config file #1: config.yaml
2025-12-20 21:02:11,303 : INFO : ConfigProcessor : Loading config from cache: C:\Users\sdona\AppData\Local\Temp\19f6d0d7953982fda9d956182316b8e5.mpf_cache
2025-12-20 21:02:11,404 : INFO : ConfigProcessor : Loading config from cache: C:\Users\sdona\AppData\Local\Temp\835b5bfea4be8b279a05e96caaaffbbb.mpf_cache
2025-12-20 21:02:11,405 : INFO : ConfigProcessor : Loading config from cache: C:\Users\sdona\AppData\Local\Temp\9b0a7575388f9d9bd2f6ab87bf9fd2f7.mpf_cache
2025-12-20 21:02:11,406 : INFO : ConfigProcessor : Loading config from cache: C:\Users\sdona\AppData\Local\Temp\c340ec0033d1055cd797ffd5447ef414.mpf_cache
2025-12-20 21:02:11,426 : INFO : ConfigProcessor : Loading config from cache: C:\Users\sdona\AppData\Local\Temp\835b5bfea4be8b279a05e96caaaffbbb.mpf_cache
2025-12-20 21:02:11,427 : INFO : ConfigProcessor : Loading config from cache: C:\Users\sdona\AppData\Local\Temp\8c11a28e3c38d4ad47947b6a126f2ee9.mpf_cache
2025-12-20 21:02:11,428 : INFO : ConfigProcessor : Loading config from cache: C:\Users\sdona\AppData\Local\Temp\e391083cdc9e667060411fe5838e93f2.mpf_cache
2025-12-20 21:02:11,428 : INFO : ConfigProcessor : Loading config from cache: C:\Users\sdona\AppData\Local\Temp\f0c219a993d891ee86dcb7eae47dde67.mpf_cache
2025-12-20 21:02:11,428 : WARNING : ConfigProcessor : Config file in cache changed: C:\venv\mpf\mmmdrop\modes\intergalactic\config\intergalactic.yaml
2025-12-20 21:02:11,428 : INFO : ConfigProcessor : Loading config from file C:\venv\mpf\mmmdrop\modes\intergalactic\config\intergalactic.yaml.
2025-12-20 21:02:11,435 : INFO : ConfigProcessor : Loading config: C:\venv\mpf\mmmdrop\modes\intergalactic\config\intergalactic.yaml
2025-12-20 21:02:11,437 : INFO : ConfigProcessor : Config file cache created: C:\Users\sdona\AppData\Local\Temp\96aa58108928490b129531848cd9b506.mpf_cache
2025-12-20 21:02:11,437 : WARNING : ConfigProcessor : Config file in cache changed: C:\venv\mpf\mmmdrop\modes\paulrevere\config\paulrevere.yaml
2025-12-20 21:02:11,437 : INFO : ConfigProcessor : Loading config from file C:\venv\mpf\mmmdrop\modes\paulrevere\config\paulrevere.yaml.
2025-12-20 21:02:11,442 : INFO : ConfigProcessor : Loading config: C:\venv\mpf\mmmdrop\modes\paulrevere\config\paulrevere.yaml
2025-12-20 21:02:11,443 : INFO : ConfigProcessor : Config file cache created: C:\Users\sdona\AppData\Local\Temp\567636b9d9766e3361204e954a8382da.mpf_cache
2025-12-20 21:02:11,444 : INFO : ConfigProcessor : Loading config from cache: C:\Users\sdona\AppData\Local\Temp\d5ead8dff868c6c4b1faf37537a19bc2.mpf_cache
2025-12-20 21:02:11,445 : INFO : ConfigProcessor : Loading config from cache: C:\Users\sdona\AppData\Local\Temp\112f935d1c2002cb40d3e6e497be9e7c.mpf_cache
2025-12-20 21:02:11,446 : INFO : ConfigProcessor : Loading config from cache: C:\Users\sdona\AppData\Local\Temp\aba0711976820dea629bb4c00b006efc.mpf_cache
2025-12-20 21:02:11,447 : WARNING : ConfigProcessor : Config file in cache changed: C:\venv\mpf\mmmdrop\modes\tripletrouble\config\tripletrouble.yaml
2025-12-20 21:02:11,447 : INFO : ConfigProcessor : Loading config from file C:\venv\mpf\mmmdrop\modes\tripletrouble\config\tripletrouble.yaml.
2025-12-20 21:02:11,452 : INFO : ConfigProcessor : Loading config: C:\venv\mpf\mmmdrop\modes\tripletrouble\config\tripletrouble.yaml
2025-12-20 21:02:11,453 : INFO : ConfigProcessor : Config file cache created: C:\Users\sdona\AppData\Local\Temp\de8ed6c6d4c48d1b5b054ff74222cb35.mpf_cache
2025-12-20 21:02:11,454 : INFO : ConfigProcessor : Loading config from cache: C:\Users\sdona\AppData\Local\Temp\5db6c64b0c3bca58d6bbb0f959e933ad.mpf_cache
2025-12-20 21:02:11,454 : INFO : ConfigProcessor : Loading config from cache: C:\Users\sdona\AppData\Local\Temp\3eebd8fc985a6907aa555c0256177d6c.mpf_cache
2025-12-20 21:02:11,455 : INFO : ConfigProcessor : Loading config from cache: C:\Users\sdona\AppData\Local\Temp\7f047f20ee2604e573d0056474eb225c.mpf_cache
2025-12-20 21:02:11,456 : WARNING : ConfigProcessor : Config file in cache changed: C:\venv\mpf\mmmdrop\modes\sabotage\config\sabotage.yaml
2025-12-20 21:02:11,456 : INFO : ConfigProcessor : Loading config from file C:\venv\mpf\mmmdrop\modes\sabotage\config\sabotage.yaml.
2025-12-20 21:02:11,460 : INFO : ConfigProcessor : Loading config: C:\venv\mpf\mmmdrop\modes\sabotage\config\sabotage.yaml
2025-12-20 21:02:11,461 : INFO : ConfigProcessor : Config file cache created: C:\Users\sdona\AppData\Local\Temp\7cbf965458447bfe6339fd0c6d804285.mpf_cache
2025-12-20 21:02:11,462 : WARNING : ConfigProcessor : Config file in cache changed: C:\venv\mpf\mmmdrop\modes\fingerlickingood\config\fingerlickingood.yaml
2025-12-20 21:02:11,462 : INFO : ConfigProcessor : Loading config from file C:\venv\mpf\mmmdrop\modes\fingerlickingood\config\fingerlickingood.yaml.
2025-12-20 21:02:11,464 : INFO : ConfigProcessor : Loading config: C:\venv\mpf\mmmdrop\modes\fingerlickingood\config\fingerlickingood.yaml
2025-12-20 21:02:11,465 : INFO : ConfigProcessor : Config file cache created: C:\Users\sdona\AppData\Local\Temp\c09cbc2eb967f07064f0c7aeb253df93.mpf_cache
2025-12-20 21:02:11,467 : WARNING : ConfigProcessor : Config file in cache changed: C:\venv\mpf\mmmdrop\modes\toomanyrappers\config\toomanyrappers.yaml
2025-12-20 21:02:11,467 : INFO : ConfigProcessor : Loading config from file C:\venv\mpf\mmmdrop\modes\toomanyrappers\config\toomanyrappers.yaml.
2025-12-20 21:02:11,471 : INFO : ConfigProcessor : Loading config: C:\venv\mpf\mmmdrop\modes\toomanyrappers\config\toomanyrappers.yaml
2025-12-20 21:02:11,472 : INFO : ConfigProcessor : Config file cache created: C:\Users\sdona\AppData\Local\Temp\3e3e819377c518a390ee259f491dfb06.mpf_cache
2025-12-20 21:02:11,473 : WARNING : ConfigProcessor : Config file in cache changed: C:\venv\mpf\mmmdrop\modes\threemcsand1dj\config\threemcsand1dj.yaml
2025-12-20 21:02:11,473 : INFO : ConfigProcessor : Loading config from file C:\venv\mpf\mmmdrop\modes\threemcsand1dj\config\threemcsand1dj.yaml.
2025-12-20 21:02:11,477 : INFO : ConfigProcessor : Loading config: C:\venv\mpf\mmmdrop\modes\threemcsand1dj\config\threemcsand1dj.yaml
2025-12-20 21:02:11,478 : INFO : ConfigProcessor : Config file cache created: C:\Users\sdona\AppData\Local\Temp\1bbdf2c973c297bc3add8824c296f9ca.mpf_cache
2025-12-20 21:02:11,478 : INFO : ConfigProcessor : Loading config from cache: C:\Users\sdona\AppData\Local\Temp\8743abc5a0185ade0d9653d9d4dd60e6.mpf_cache
2025-12-20 21:02:11,480 : INFO : ConfigProcessor : Loading config from cache: C:\Users\sdona\AppData\Local\Temp\bc1a93e04317e488751dae7b5251780b.mpf_cache
2025-12-20 21:02:11,481 : WARNING : ConfigProcessor : Config file in cache changed: C:\venv\mpf\mmmdrop\modes\highplainsdrifter\config\highplainsdrifter.yaml
2025-12-20 21:02:11,481 : INFO : ConfigProcessor : Loading config from file C:\venv\mpf\mmmdrop\modes\highplainsdrifter\config\highplainsdrifter.yaml.
2025-12-20 21:02:11,501 : INFO : ConfigProcessor : Loading config: C:\venv\mpf\mmmdrop\modes\highplainsdrifter\config\highplainsdrifter.yaml
2025-12-20 21:02:11,502 : INFO : ConfigProcessor : Config file cache created: C:\Users\sdona\AppData\Local\Temp\8a267c6d1ad3bd205388d8363e4a5749.mpf_cache
2025-12-20 21:02:11,503 : INFO : ConfigProcessor : Loading config from cache: C:\Users\sdona\AppData\Local\Temp\507fc1d02e2e92e18a6830a59c5dcf80.mpf_cache
2025-12-20 21:02:11,504 : INFO : ConfigProcessor : Loading config from cache: C:\Users\sdona\AppData\Local\Temp\1d2961d421c758b6953fd569505e4b2d.mpf_cache
2025-12-20 21:02:11,505 : INFO : ConfigProcessor : Loading config from cache: C:\Users\sdona\AppData\Local\Temp\9e72e5fa0fd05160f49186c6524c14c9.mpf_cache
2025-12-20 21:02:11,505 : INFO : ConfigProcessor : Loading config from cache: C:\Users\sdona\AppData\Local\Temp\f7ea71975115b23719e8d60bf22b5425.mpf_cache
2025-12-20 21:02:11,506 : INFO : ConfigProcessor : Loading config from cache: C:\Users\sdona\AppData\Local\Temp\56c9cddbcff0d1410386b266159a0775.mpf_cache
2025-12-20 21:02:11,507 : INFO : ConfigProcessor : Loading config from cache: C:\Users\sdona\AppData\Local\Temp\6c385f71891889a392ac696568578c7f.mpf_cache
2025-12-20 21:02:11,508 : INFO : ConfigProcessor : Loading config from cache: C:\Users\sdona\AppData\Local\Temp\e6b55d6a1c06b0dd6369c964181bf8d3.mpf_cache
2025-12-20 21:02:11,508 : INFO : ConfigProcessor : Loading config from cache: C:\Users\sdona\AppData\Local\Temp\c400bf69dd848f9ec4f3356496b25a78.mpf_cache
2025-12-20 21:02:11,509 : INFO : ConfigProcessor : Loading config from cache: C:\Users\sdona\AppData\Local\Temp\b5a54abfbba58cd6005650aabe85cb35.mpf_cache
2025-12-20 21:02:11,509 : INFO : ConfigProcessor : Loading config from cache: C:\Users\sdona\AppData\Local\Temp\2eef6648f7190b215d7c16d8157b8208.mpf_cache
2025-12-20 21:02:11,510 : INFO : ConfigProcessor : Loading config from cache: C:\Users\sdona\AppData\Local\Temp\5a7ad07f75832c2fa569d8508186f943.mpf_cache
2025-12-20 21:02:11,511 : INFO : ConfigProcessor : Loading config from cache: C:\Users\sdona\AppData\Local\Temp\b9cf3f1e934d5266c0035de47faec02b.mpf_cache
2025-12-20 21:02:11,511 : INFO : ConfigProcessor : Loading config from cache: C:\Users\sdona\AppData\Local\Temp\711653a87803a851864824c720cfa295.mpf_cache
2025-12-20 21:02:11,512 : INFO : ConfigProcessor : Loading config from cache: C:\Users\sdona\AppData\Local\Temp\b049f3bb793752455511c0ce4851dcec.mpf_cache
2025-12-20 21:02:11,513 : INFO : ConfigProcessor : Loading config from cache: C:\Users\sdona\AppData\Local\Temp\67d6cae7afaea6fe987e87f8d3a3ea21.mpf_cache
2025-12-20 21:02:11,513 : INFO : ConfigProcessor : Loading config from cache: C:\Users\sdona\AppData\Local\Temp\e4c5b832148a7d383976fcf70408e8af.mpf_cache
2025-12-20 21:02:11,514 : INFO : ConfigProcessor : Loading config from cache: C:\Users\sdona\AppData\Local\Temp\dce98d0c8129174f78168c3f3b9d3db8.mpf_cache
2025-12-20 21:02:11,514 : INFO : ConfigProcessor : Loading config from cache: C:\Users\sdona\AppData\Local\Temp\141b19e6c0168c485bbb38b6543175a8.mpf_cache
2025-12-20 21:02:11,515 : INFO : ConfigProcessor : Loading config from cache: C:\Users\sdona\AppData\Local\Temp\ada3b5b562837d919d62b9df0d0de8d3.mpf_cache
2025-12-20 21:02:11,516 : INFO : ConfigProcessor : Loading config from cache: C:\Users\sdona\AppData\Local\Temp\4e6dd3b0a361d042ad5ab93a8cc8b437.mpf_cache
2025-12-20 21:02:11,516 : INFO : ConfigProcessor : Loading config from cache: C:\Users\sdona\AppData\Local\Temp\e97c871403fe82070ff249d62d7cfe22.mpf_cache
2025-12-20 21:02:11,517 : INFO : ConfigProcessor : Loading config from cache: C:\Users\sdona\AppData\Local\Temp\64b6da5876f56fc970400d85dfe882ec.mpf_cache
2025-12-20 21:02:11,517 : INFO : ConfigProcessor : Loading config from cache: C:\Users\sdona\AppData\Local\Temp\c5a11fc9367393a964e333a780e846f7.mpf_cache
2025-12-20 21:02:11,518 : INFO : ConfigProcessor : Loading config from cache: C:\Users\sdona\AppData\Local\Temp\2816335dd466496617c9461f091e66f7.mpf_cache
2025-12-20 21:02:11,519 : INFO : ConfigProcessor : Loading config from cache: C:\Users\sdona\AppData\Local\Temp\6359f7257429add2d261e94bcafd60d5.mpf_cache
2025-12-20 21:02:11,519 : INFO : ConfigProcessor : Loading config from cache: C:\Users\sdona\AppData\Local\Temp\e1f034e230342bd5fff9d9c9df707a6d.mpf_cache
2025-12-20 21:02:11,521 : INFO : ConfigProcessor : Loading config from cache: C:\Users\sdona\AppData\Local\Temp\bed2bac5ea254e8ca98f6dd45e865fd8.mpf_cache
2025-12-20 21:02:11,522 : INFO : ConfigProcessor : Loading config from cache: C:\Users\sdona\AppData\Local\Temp\48e8797b77339ec89f8005d20046fbbb.mpf_cache
2025-12-20 21:02:11,522 : INFO : ConfigProcessor : Loading config from cache: C:\Users\sdona\AppData\Local\Temp\b0b8ed4dbd306ac2f063788d81ec6bc4.mpf_cache
2025-12-20 21:02:11,523 : INFO : ConfigProcessor : Loading config from cache: C:\Users\sdona\AppData\Local\Temp\98b42cbd2eba7845afea8d7862634639.mpf_cache
2025-12-20 21:02:11,523 : INFO : ConfigProcessor : Loading config from cache: C:\Users\sdona\AppData\Local\Temp\44893055a228bb5e0381bfc6f9c0abd7.mpf_cache
2025-12-20 21:02:11,524 : INFO : ConfigProcessor : Loading config from cache: C:\Users\sdona\AppData\Local\Temp\2042660f443afc84f0703d0905ba54ee.mpf_cache
2025-12-20 21:02:11,524 : INFO : ConfigProcessor : Loading config from cache: C:\Users\sdona\AppData\Local\Temp\dd7647dd44793170b37285bb75f4ccd8.mpf_cache
2025-12-20 21:02:11,525 : INFO : ConfigProcessor : Loading config from cache: C:\Users\sdona\AppData\Local\Temp\e2d7f53c0c71e4d0bd9bdd0119e59cc4.mpf_cache
2025-12-20 21:02:11,525 : INFO : ConfigProcessor : Loading config from cache: C:\Users\sdona\AppData\Local\Temp\8c6fac435f6ad554a9aceeec6bf90d60.mpf_cache
2025-12-20 21:02:11,526 : INFO : ConfigProcessor : Loading config from cache: C:\Users\sdona\AppData\Local\Temp\189e01913405dcf21368edf880785f17.mpf_cache
2025-12-20 21:02:11,526 : INFO : ConfigProcessor : Loading config from cache: C:\Users\sdona\AppData\Local\Temp\9c2447d5008e5c2337580412edd81bce.mpf_cache
2025-12-20 21:02:11,527 : INFO : ConfigProcessor : Loading config from cache: C:\Users\sdona\AppData\Local\Temp\ecb35127b61fe2c3f803378f52b53af8.mpf_cache
2025-12-20 21:02:11,527 : INFO : ConfigProcessor : Loading config from cache: C:\Users\sdona\AppData\Local\Temp\a453bc519324a010fc5f97d23b1d6283.mpf_cache
2025-12-20 21:02:11,528 : INFO : ConfigProcessor : Loading config from cache: C:\Users\sdona\AppData\Local\Temp\e134e8f85ba8fa9c3d7f1500ca292437.mpf_cache
2025-12-20 21:02:11,529 : INFO : ConfigProcessor : Loading config from cache: C:\Users\sdona\AppData\Local\Temp\b24b6909ee6e0520126bbce60d1ed210.mpf_cache
2025-12-20 21:02:11,529 : INFO : ConfigProcessor : Loading config from cache: C:\Users\sdona\AppData\Local\Temp\cba807ea4a81180f6dd01afffacec8ed.mpf_cache
2025-12-20 21:02:11,530 : INFO : ConfigProcessor : Loading config from cache: C:\Users\sdona\AppData\Local\Temp\1ea2aa0876194c7260510f0845fe4bfe.mpf_cache
2025-12-20 21:02:11,530 : INFO : ConfigProcessor : Loading config from cache: C:\Users\sdona\AppData\Local\Temp\a173d53041ed6761e8719c2951eee9e5.mpf_cache
2025-12-20 21:02:11,531 : INFO : ConfigProcessor : Loading config from cache: C:\Users\sdona\AppData\Local\Temp\f071e720e1ef2a753ced60502153911a.mpf_cache
2025-12-20 21:02:11,532 : INFO : ConfigProcessor : Loading config from cache: C:\Users\sdona\AppData\Local\Temp\a464c65b0880a71dbe3e02b1f7271abd.mpf_cache
2025-12-20 21:02:11,532 : INFO : ConfigProcessor : Loading config from cache: C:\Users\sdona\AppData\Local\Temp\b4bf5fa77bdb26872f42159f572a3499.mpf_cache
2025-12-20 21:02:11,533 : INFO : ConfigProcessor : Loading config from cache: C:\Users\sdona\AppData\Local\Temp\cd6f6abb19272a94675a232f8f899ac9.mpf_cache
2025-12-20 21:02:11,533 : INFO : ConfigProcessor : Loading config from cache: C:\Users\sdona\AppData\Local\Temp\5c997126cef538283363f6706780c8e5.mpf_cache
2025-12-20 21:02:11,534 : INFO : ConfigProcessor : Loading config from cache: C:\Users\sdona\AppData\Local\Temp\51c405745738281c3f5e2edc082329f1.mpf_cache
2025-12-20 21:02:11,534 : INFO : ConfigProcessor : Loading config from cache: C:\Users\sdona\AppData\Local\Temp\cbc61a9ec21d345237ebbced62572970.mpf_cache
2025-12-20 21:02:11,535 : INFO : ConfigProcessor : Loading config from cache: C:\Users\sdona\AppData\Local\Temp\c25e7c71bc90546538d4e68911be6658.mpf_cache
2025-12-20 21:02:11,536 : INFO : ConfigProcessor : Loading config from cache: C:\Users\sdona\AppData\Local\Temp\b7a51086f1e3c926b3977a0d025a1faa.mpf_cache
2025-12-20 21:02:11,536 : INFO : ConfigProcessor : Loading config from cache: C:\Users\sdona\AppData\Local\Temp\479eb3ca656e084fa2e092204a5b8039.mpf_cache
2025-12-20 21:02:11,537 : INFO : ConfigProcessor : Loading config from cache: C:\Users\sdona\AppData\Local\Temp\bdb81eccbf19551abd8bea5fafeca7c0.mpf_cache
2025-12-20 21:02:11,538 : INFO : ConfigProcessor : Loading config from cache: C:\Users\sdona\AppData\Local\Temp\8f065719b93e886777277178babee650.mpf_cache
2025-12-20 21:02:11,538 : INFO : ConfigProcessor : Loading config from cache: C:\Users\sdona\AppData\Local\Temp\7fef0463a0df344c3146c845257ec616.mpf_cache
2025-12-20 21:02:11,538 : INFO : ConfigProcessor : Loading config from cache: C:\Users\sdona\AppData\Local\Temp\a4f333ad36a077996c49298642b6bdcf.mpf_cache
2025-12-20 21:02:11,540 : INFO : ConfigProcessor : Loading config from cache: C:\Users\sdona\AppData\Local\Temp\e8d69d74f27089cda2650299e9916804.mpf_cache
2025-12-20 21:02:11,540 : INFO : ConfigProcessor : Loading config from cache: C:\Users\sdona\AppData\Local\Temp\05530f35bd950f18d27d3fd571d96823.mpf_cache
2025-12-20 21:02:11,541 : INFO : ConfigProcessor : Loading config from cache: C:\Users\sdona\AppData\Local\Temp\fc1e3f85304c911eb844eb65d36e61be.mpf_cache
2025-12-20 21:02:11,542 : INFO : ConfigProcessor : Loading config from cache: C:\Users\sdona\AppData\Local\Temp\53223d3922288729ee504c1b2a98bb55.mpf_cache
2025-12-20 21:02:11,543 : INFO : ConfigProcessor : Loading config from cache: C:\Users\sdona\AppData\Local\Temp\8d20136ddb274338050d1d1ccc1a5e4f.mpf_cache
2025-12-20 21:02:11,543 : INFO : ConfigProcessor : Loading config from cache: C:\Users\sdona\AppData\Local\Temp\1254d50720d6d5d0da0e84e29cdbaa7a.mpf_cache
2025-12-20 21:02:11,543 : INFO : ConfigProcessor : Loading config from cache: C:\Users\sdona\AppData\Local\Temp\1a7ae31e9f779b1261e3d1eee1831b27.mpf_cache
2025-12-20 21:02:11,544 : INFO : ConfigProcessor : Loading config from cache: C:\Users\sdona\AppData\Local\Temp\8e3ea42c38f2105e0d9462648474c540.mpf_cache
2025-12-20 21:02:11,545 : INFO : ConfigProcessor : Loading config from cache: C:\Users\sdona\AppData\Local\Temp\a61b86d39bcc5a5ea0a5885549542355.mpf_cache
2025-12-20 21:02:11,545 : INFO : ConfigProcessor : Loading config from cache: C:\Users\sdona\AppData\Local\Temp\0be197154604f4b199c224fe0066296a.mpf_cache
2025-12-20 21:02:11,546 : INFO : ConfigProcessor : Loading config from cache: C:\Users\sdona\AppData\Local\Temp\8be1835d379617cb3def36e5084020f6.mpf_cache
2025-12-20 21:02:11,547 : INFO : ConfigProcessor : Loading config from cache: C:\Users\sdona\AppData\Local\Temp\600d86d9f0ce58b92a4c456466b707cc.mpf_cache
2025-12-20 21:02:11,547 : INFO : ConfigProcessor : Loading config from cache: C:\Users\sdona\AppData\Local\Temp\3b8a30babd008550b0699281f52ed27a.mpf_cache
2025-12-20 21:02:11,548 : INFO : ConfigProcessor : Loading config from cache: C:\Users\sdona\AppData\Local\Temp\1605f6efa0d082cac196fbacc374bc42.mpf_cache
2025-12-20 21:02:11,549 : INFO : ConfigProcessor : Loading config from cache: C:\Users\sdona\AppData\Local\Temp\7e2767447a32b13b699b93d64e0ad4e1.mpf_cache
2025-12-20 21:02:11,549 : INFO : ConfigProcessor : Loading config from cache: C:\Users\sdona\AppData\Local\Temp\2afc3d032f598172139245ac02c70f84.mpf_cache
2025-12-20 21:02:11,550 : INFO : ConfigProcessor : Loading config from cache: C:\Users\sdona\AppData\Local\Temp\ec387031d703ca01cd1e512f54ea45a6.mpf_cache
2025-12-20 21:02:11,551 : INFO : ConfigProcessor : Loading config from cache: C:\Users\sdona\AppData\Local\Temp\6060c5cf25a8bbaedfcd18b580aef368.mpf_cache
2025-12-20 21:02:11,551 : INFO : ConfigProcessor : Loading config from cache: C:\Users\sdona\AppData\Local\Temp\62ef5d872b70fca48f955a2e25312807.mpf_cache
2025-12-20 21:02:11,552 : INFO : ConfigProcessor : Loading config from cache: C:\Users\sdona\AppData\Local\Temp\c52aca253ccfb6abe708ff6ee9d67c14.mpf_cache
2025-12-20 21:02:11,552 : INFO : ConfigProcessor : Loading config from cache: C:\Users\sdona\AppData\Local\Temp\f4a78d1a7bce952f8a932d586083fdd8.mpf_cache
2025-12-20 21:02:11,553 : INFO : ConfigProcessor : Loading config from cache: C:\Users\sdona\AppData\Local\Temp\bb94c9c1e15d87765c90f1ffc77705c9.mpf_cache
2025-12-20 21:02:11,554 : INFO : ConfigProcessor : Loading config from cache: C:\Users\sdona\AppData\Local\Temp\9d4ee1bead7c17d1b5b361b9a86c5113.mpf_cache
2025-12-20 21:02:11,554 : INFO : ConfigProcessor : Loading config from cache: C:\Users\sdona\AppData\Local\Temp\9eeb681ca391f55fc1b328483a35afc6.mpf_cache
2025-12-20 21:02:11,555 : INFO : ConfigProcessor : Loading config from cache: C:\Users\sdona\AppData\Local\Temp\019a5133c8eb0a0be84c7200575a8bf2.mpf_cache
2025-12-20 21:02:11,555 : INFO : ConfigProcessor : Loading config from cache: C:\Users\sdona\AppData\Local\Temp\ce0801e7c3c55e24fe9cf2e243ba629e.mpf_cache
2025-12-20 21:02:11,556 : INFO : ConfigProcessor : Loading config from cache: C:\Users\sdona\AppData\Local\Temp\1ecbcaf9f778e10bebb5864384a052b1.mpf_cache
2025-12-20 21:02:11,557 : INFO : ConfigProcessor : Loading config from cache: C:\Users\sdona\AppData\Local\Temp\9b344eb280fe382fefe59edea2f1176a.mpf_cache
2025-12-20 21:02:11,558 : INFO : ConfigProcessor : Loading config from cache: C:\Users\sdona\AppData\Local\Temp\ac821f52899dc68030dd952fdacc88a6.mpf_cache
2025-12-20 21:02:11,558 : INFO : ConfigProcessor : Loading config from cache: C:\Users\sdona\AppData\Local\Temp\6ba912a63b7c348f0f92fd7751916e09.mpf_cache
2025-12-20 21:02:11,558 : INFO : ConfigProcessor : Loading config from cache: C:\Users\sdona\AppData\Local\Temp\dd9dffa1d18960178033f021f1e04e5f.mpf_cache
2025-12-20 21:02:11,559 : INFO : ConfigProcessor : Loading config from cache: C:\Users\sdona\AppData\Local\Temp\5405df938f7ef9af99b1c654cacd899d.mpf_cache
2025-12-20 21:02:11,559 : INFO : ConfigProcessor : Loading config from cache: C:\Users\sdona\AppData\Local\Temp\856582d286ed2569cf4ebe5e0a18a6ab.mpf_cache
2025-12-20 21:02:11,560 : INFO : Machine : Mission Pinball Framework Core Engine v0.80.0.dev9
2025-12-20 21:02:11,560 : INFO : Machine : Command line arguments: {'no_load_cache': False, 'create_config_cache': True, 'bcp': True, 'configfile': ['config.yaml'], 'force_assets_load': False, 'platform_integration_test': False, 'jsonlogging': False, 'logfile': 'logs\\2025-12-20-21-02-11-mpf-PinballLaptop.log', 'pause': False, 'production': False, 'text_ui': True, 'loglevel': 15, 'consoleloglevel': 20, 'force_platform': 'smart_virtual', 'syslog_address': None, 'full_logfile_path': 'C:\\venv\\mpf\\mmmdrop\\logs\\2025-12-20-21-02-11-mpf-PinballLaptop.log'}
2025-12-20 21:02:11,560 : INFO : Machine : MPF path: c:\venv\mpf\lib\site-packages\mpf
2025-12-20 21:02:11,560 : INFO : Machine : Machine path: C:\venv\mpf\mmmdrop
2025-12-20 21:02:11,561 : INFO : Machine : Platform: win32
2025-12-20 21:02:11,561 : INFO : Machine : Python executable location: c:\venv\mpf\Scripts\python.exe
2025-12-20 21:02:11,561 : INFO : Machine : Python version: 3.9.13 (64-bit)
2025-12-20 21:02:11,563 : INFO : Machine : Initializing MPF...
2025-12-20 21:02:11,743 : INFO : EventManager : Event: ======'machine_var_credits_string'====== Args={'value': 'FREE PLAY', 'prev_value': None, 'change': True}
2025-12-20 21:02:11,770 : INFO : EventManager : Event: ======'machine_var_fast_audio_headphones_volume'====== Args={'value': 10, 'prev_value': None, 'change': True}
2025-12-20 21:02:11,771 : INFO : EventManager : Event: ======'machine_var_fast_audio_main_volume'====== Args={'value': 44, 'prev_value': None, 'change': True}
2025-12-20 21:02:11,771 : INFO : EventManager : Event: ======'machine_var_master_volume'====== Args={'value': 0.65, 'prev_value': None, 'change': True}
2025-12-20 21:02:11,771 : INFO : EventManager : Event: ======'machine_var_player1_score'====== Args={'value': 179589170, 'prev_value': None, 'change': True}
2025-12-20 21:02:11,771 : INFO : EventManager : Event: ======'machine_var_game_just_played'====== Args={'value': 0, 'prev_value': None, 'change': True}
2025-12-20 21:02:11,771 : INFO : EventManager : Event: ======'machine_var_mpf_version'====== Args={'value': 'Mission Pinball Framework v0.80.0.dev9', 'prev_value': None, 'change': True}
2025-12-20 21:02:11,771 : INFO : EventManager : Event: ======'machine_var_mpf_extended_version'====== Args={'value': 'Mission Pinball Framework v0.80.0.dev9, Config version:6, Show version: 6, BCP version:1.1', 'prev_value': None, 'change': True}
2025-12-20 21:02:11,771 : INFO : EventManager : Event: ======'machine_var_python_version'====== Args={'value': '3.9.13', 'prev_value': None, 'change': True}
2025-12-20 21:02:11,800 : INFO : EventManager : Event: ======'machine_var_platform'====== Args={'value': 'Windows-10-10.0.26200-SP0', 'prev_value': None, 'change': True}
2025-12-20 21:02:11,801 : INFO : EventManager : Event: ======'machine_var_platform_system'====== Args={'value': 'Windows', 'prev_value': None, 'change': True}
2025-12-20 21:02:11,801 : INFO : EventManager : Event: ======'machine_var_platform_release'====== Args={'value': '10', 'prev_value': None, 'change': True}
2025-12-20 21:02:11,801 : INFO : EventManager : Event: ======'machine_var_platform_version'====== Args={'value': '10.0.26200', 'prev_value': None, 'change': True}
2025-12-20 21:02:11,801 : INFO : EventManager : Event: ======'machine_var_platform_machine'====== Args={'value': 'AMD64', 'prev_value': None, 'change': True}
2025-12-20 21:02:11,801 : INFO : EventManager : Event: ======'machine_var_log_file_path'====== Args={'value': 'C:\\venv\\mpf\\mmmdrop\\logs\\2025-12-20-21-02-11-mpf-PinballLaptop.log', 'prev_value': None, 'change': True}
2025-12-20 21:02:11,801 : INFO : EventManager : Event: ======'init_phase_1'====== Args={}
2025-12-20 21:02:11,875 : INFO : EventManager : Event: ======'drop_target_bank_three_bank_up'====== Args={}
2025-12-20 21:02:11,876 : INFO : EventManager : Event: ======'init_phase_2'====== Args={}
2025-12-20 21:02:11,876 : INFO : SwitchController : Found active switch: ('3208-0', <Platform.SmartVirtual>) <switch.s_trough1>
2025-12-20 21:02:11,876 : INFO : SwitchController : Found active switch: ('3208-1', <Platform.SmartVirtual>) <switch.s_trough2>
2025-12-20 21:02:11,876 : INFO : SwitchController : Found active switch: ('3208-2', <Platform.SmartVirtual>) <switch.s_trough3>
2025-12-20 21:02:11,876 : INFO : SwitchController : Found active switch: ('3208-3', <Platform.SmartVirtual>) <switch.s_trough4>
2025-12-20 21:02:11,876 : INFO : SwitchController : Found active switch: ('3208-4', <Platform.SmartVirtual>) <switch.s_trough5>
2025-12-20 21:02:11,876 : INFO : SwitchController : Found active switch: ('3208-5', <Platform.SmartVirtual>) <switch.s_trough6>
2025-12-20 21:02:11,919 : INFO : EventManager : Event: ======'bcp_connection_attempt'====== Args={'name': 'local_display', 'host': 'localhost', 'port': 5050}
2025-12-20 21:02:11,921 : INFO : BCPClientSocket : Connecting BCP to 'local_display' at localhost:5050...
2025-12-20 21:02:17,152 : INFO : BCPClientSocket : Connected BCP to 'local_display' localhost:5050
2025-12-20 21:02:17,153 : INFO : EventManager : Event: ======'bcp_clients_connected'====== Args={}
2025-12-20 21:02:17,324 : INFO : ball_device.bd_trough : BCH: Initial count: 6
2025-12-20 21:02:17,324 : INFO : ball_device.bd_trough : State: idle
2025-12-20 21:02:17,325 : INFO : ball_device.bd_plunger : BCH: Initial count: 0
2025-12-20 21:02:17,325 : INFO : ball_device.bd_plunger : State: idle
2025-12-20 21:02:17,326 : INFO : ball_device.bd_scoop : BCH: Initial count: 0
2025-12-20 21:02:17,326 : INFO : ball_device.bd_scoop : State: idle
2025-12-20 21:02:17,345 : INFO : EventManager : Event: ======'init_phase_3'====== Args={}
2025-12-20 21:02:17,395 : INFO : EventManager : Event: ======'init_phase_4'====== Args={}
2025-12-20 21:02:17,396 : INFO : BallController : Initial balls found: 6
2025-12-20 21:02:17,398 : INFO : EventManager : Event: ======'machine_var_audits_events_game_ended'====== Args={'value': 61, 'prev_value': None, 'change': True}
2025-12-20 21:02:17,398 : INFO : EventManager : Event: ======'machine_var_audits_events_game_started'====== Args={'value': 827, 'prev_value': None, 'change': True}
2025-12-20 21:02:17,398 : INFO : EventManager : Event: ======'machine_var_audits_missing_switches_s_captive_ball'====== Args={'value': 28, 'prev_value': None, 'change': True}
2025-12-20 21:02:17,398 : INFO : EventManager : Event: ======'machine_var_audits_missing_switches_s_center_upper_pop'====== Args={'value': 2, 'prev_value': None, 'change': True}
2025-12-20 21:02:17,398 : INFO : EventManager : Event: ======'machine_var_audits_missing_switches_s_inner_orbit'====== Args={'value': 2, 'prev_value': None, 'change': True}
2025-12-20 21:02:17,398 : INFO : EventManager : Event: ======'machine_var_audits_missing_switches_s_left_flipper'====== Args={'value': 21, 'prev_value': None, 'change': True}
2025-12-20 21:02:17,398 : INFO : EventManager : Event: ======'machine_var_audits_missing_switches_s_left_inlane'====== Args={'value': 137, 'prev_value': None, 'change': True}
2025-12-20 21:02:17,398 : INFO : EventManager : Event: ======'machine_var_audits_missing_switches_s_left_orbit'====== Args={'value': 2, 'prev_value': None, 'change': True}
2025-12-20 21:02:17,398 : INFO : EventManager : Event: ======'machine_var_audits_missing_switches_s_left_outlane'====== Args={'value': 92, 'prev_value': None, 'change': True}
2025-12-20 21:02:17,400 : INFO : EventManager : Event: ======'machine_var_audits_missing_switches_s_left_ramp'====== Args={'value': 2, 'prev_value': None, 'change': True}
2025-12-20 21:02:17,400 : INFO : EventManager : Event: ======'machine_var_audits_missing_switches_s_left_slingshot'====== Args={'value': 65, 'prev_value': None, 'change': True}
2025-12-20 21:02:17,400 : INFO : EventManager : Event: ======'machine_var_audits_missing_switches_s_left_upper_pop'====== Args={'value': 21, 'prev_value': None, 'change': True}
2025-12-20 21:02:17,400 : INFO : EventManager : Event: ======'machine_var_audits_missing_switches_s_pop_standup'====== Args={'value': 21, 'prev_value': None, 'change': True}
2025-12-20 21:02:17,400 : INFO : EventManager : Event: ======'machine_var_audits_missing_switches_s_right_flipper'====== Args={'value': 21, 'prev_value': None, 'change': True}
2025-12-20 21:02:17,400 : INFO : EventManager : Event: ======'machine_var_audits_missing_switches_s_right_inlane'====== Args={'value': 137, 'prev_value': None, 'change': True}
2025-12-20 21:02:17,400 : INFO : EventManager : Event: ======'machine_var_audits_missing_switches_s_right_orbit'====== Args={'value': 2, 'prev_value': None, 'change': True}
2025-12-20 21:02:17,400 : INFO : EventManager : Event: ======'machine_var_audits_missing_switches_s_right_outlane'====== Args={'value': 137, 'prev_value': None, 'change': True}
2025-12-20 21:02:17,401 : INFO : EventManager : Event: ======'machine_var_audits_missing_switches_s_right_ramp'====== Args={'value': 2, 'prev_value': None, 'change': True}
2025-12-20 21:02:17,401 : INFO : EventManager : Event: ======'machine_var_audits_missing_switches_s_right_slingshot'====== Args={'value': 603, 'prev_value': None, 'change': True}
2025-12-20 21:02:17,401 : INFO : EventManager : Event: ======'machine_var_audits_missing_switches_s_service_down'====== Args={'value': 472, 'prev_value': None, 'change': True}
2025-12-20 21:02:17,401 : INFO : EventManager : Event: ======'machine_var_audits_missing_switches_s_service_enter'====== Args={'value': 221, 'prev_value': None, 'change': True}
2025-12-20 21:02:17,401 : INFO : EventManager : Event: ======'machine_var_audits_missing_switches_s_service_esc'====== Args={'value': 472, 'prev_value': None, 'change': True}
2025-12-20 21:02:17,401 : INFO : EventManager : Event: ======'machine_var_audits_missing_switches_s_service_up'====== Args={'value': 40, 'prev_value': None, 'change': True}
2025-12-20 21:02:17,401 : INFO : EventManager : Event: ======'machine_var_audits_missing_switches_s_spinner'====== Args={'value': 33, 'prev_value': None, 'change': True}
2025-12-20 21:02:17,401 : INFO : EventManager : Event: ======'machine_var_audits_missing_switches_s_start'====== Args={'value': 55, 'prev_value': None, 'change': True}
2025-12-20 21:02:17,401 : INFO : EventManager : Event: ======'machine_var_audits_missing_switches_s_three_bank_bottom'====== Args={'value': 2, 'prev_value': None, 'change': True}
2025-12-20 21:02:17,402 : INFO : EventManager : Event: ======'machine_var_audits_missing_switches_s_three_bank_middle'====== Args={'value': 2, 'prev_value': None, 'change': True}
2025-12-20 21:02:17,402 : INFO : EventManager : Event: ======'machine_var_audits_missing_switches_s_three_bank_standup'====== Args={'value': 2, 'prev_value': None, 'change': True}
2025-12-20 21:02:17,402 : INFO : EventManager : Event: ======'machine_var_audits_missing_switches_s_tilt_bob'====== Args={'value': 50, 'prev_value': None, 'change': True}
2025-12-20 21:02:17,402 : INFO : EventManager : Event: ======'machine_var_audits_missing_switches_s_top_right_flipper'====== Args={'value': 753, 'prev_value': None, 'change': True}
2025-12-20 21:02:17,402 : INFO : EventManager : Event: ======'machine_var_audits_missing_switches_s_trough2'====== Args={'value': 2, 'prev_value': None, 'change': True}
2025-12-20 21:02:17,402 : INFO : EventManager : Event: ======'machine_var_audits_missing_switches_s_trough3'====== Args={'value': 2, 'prev_value': None, 'change': True}
2025-12-20 21:02:17,402 : INFO : EventManager : Event: ======'machine_var_audits_missing_switches_s_trough4'====== Args={'value': 22, 'prev_value': None, 'change': True}
2025-12-20 21:02:17,403 : INFO : EventManager : Event: ======'machine_var_audits_missing_switches_s_trough5'====== Args={'value': 70, 'prev_value': None, 'change': True}
2025-12-20 21:02:17,403 : INFO : EventManager : Event: ======'machine_var_audits_missing_switches_s_trough6'====== Args={'value': 602, 'prev_value': None, 'change': True}
2025-12-20 21:02:17,403 : INFO : EventManager : Event: ======'machine_var_audits_missing_switches_s_trough_jam'====== Args={'value': 753, 'prev_value': None, 'change': True}
2025-12-20 21:02:17,403 : INFO : EventManager : Event: ======'machine_var_audits_missing_switches_s_tshirt_bottom_standup'====== Args={'value': 28, 'prev_value': None, 'change': True}
2025-12-20 21:02:17,403 : INFO : EventManager : Event: ======'machine_var_audits_missing_switches_s_tshirt_top_standup'====== Args={'value': 28, 'prev_value': None, 'change': True}
2025-12-20 21:02:17,403 : INFO : EventManager : Event: ======'machine_var_audits_missing_switches_s_upper_pop_standup'====== Args={'value': 21, 'prev_value': None, 'change': True}
2025-12-20 21:02:17,403 : INFO : EventManager : Event: ======'machine_var_audits_missing_switches_service_esc'====== Args={'value': 1, 'prev_value': None, 'change': True}
2025-12-20 21:02:17,403 : INFO : EventManager : Event: ======'machine_var_audits_player_score'====== Args={'value': {'average': 11737095, 'top': [179589170, 147275560, 142237180, 85092890, 38155360, 32035610, 25030460, 20034230, 6038970, 6022290], 'total': 65}, 'prev_value': None, 'change': True}
2025-12-20 21:02:17,404 : INFO : EventManager : Event: ======'machine_var_audits_shots_bottom_drop'====== Args={'value': 121, 'prev_value': None, 'change': True}
2025-12-20 21:02:17,404 : INFO : EventManager : Event: ======'machine_var_audits_shots_captive_ball'====== Args={'value': 62, 'prev_value': None, 'change': True}
2025-12-20 21:02:17,404 : INFO : EventManager : Event: ======'machine_var_audits_shots_inner_loop'====== Args={'value': 71, 'prev_value': None, 'change': True}
2025-12-20 21:02:17,404 : INFO : EventManager : Event: ======'machine_var_audits_shots_inner_loop_backdoor'====== Args={'value': 1, 'prev_value': None, 'change': True}
2025-12-20 21:02:17,404 : INFO : EventManager : Event: ======'machine_var_audits_shots_left_inlane'====== Args={'value': 34, 'prev_value': None, 'change': True}
2025-12-20 21:02:17,404 : INFO : EventManager : Event: ======'machine_var_audits_shots_left_orbit'====== Args={'value': 88, 'prev_value': None, 'change': True}
2025-12-20 21:02:17,404 : INFO : EventManager : Event: ======'machine_var_audits_shots_left_orbit_backdoor'====== Args={'value': 11, 'prev_value': None, 'change': True}
2025-12-20 21:02:17,404 : INFO : EventManager : Event: ======'machine_var_audits_shots_left_outlane'====== Args={'value': 30, 'prev_value': None, 'change': True}
2025-12-20 21:02:17,404 : INFO : EventManager : Event: ======'machine_var_audits_shots_left_ramp'====== Args={'value': 374, 'prev_value': None, 'change': True}
2025-12-20 21:02:17,404 : INFO : EventManager : Event: ======'machine_var_audits_shots_middle_drop'====== Args={'value': 128, 'prev_value': None, 'change': True}
2025-12-20 21:02:17,404 : INFO : EventManager : Event: ======'machine_var_audits_shots_pop1'====== Args={'value': 33, 'prev_value': None, 'change': True}
2025-12-20 21:02:17,404 : INFO : EventManager : Event: ======'machine_var_audits_shots_pop2'====== Args={'value': 72, 'prev_value': None, 'change': True}
2025-12-20 21:02:17,404 : INFO : EventManager : Event: ======'machine_var_audits_shots_pop3'====== Args={'value': 908, 'prev_value': None, 'change': True}
2025-12-20 21:02:17,404 : INFO : EventManager : Event: ======'machine_var_audits_shots_pop_standup'====== Args={'value': 467, 'prev_value': None, 'change': True}
2025-12-20 21:02:17,404 : INFO : EventManager : Event: ======'machine_var_audits_shots_right_inlane'====== Args={'value': 33, 'prev_value': None, 'change': True}
2025-12-20 21:02:17,404 : INFO : EventManager : Event: ======'machine_var_audits_shots_right_orbit'====== Args={'value': 93, 'prev_value': None, 'change': True}
2025-12-20 21:02:17,405 : INFO : EventManager : Event: ======'machine_var_audits_shots_right_orbit_backdoor'====== Args={'value': 5, 'prev_value': None, 'change': True}
2025-12-20 21:02:17,405 : INFO : EventManager : Event: ======'machine_var_audits_shots_right_outlane'====== Args={'value': 22, 'prev_value': None, 'change': True}
2025-12-20 21:02:17,405 : INFO : EventManager : Event: ======'machine_var_audits_shots_right_ramp'====== Args={'value': 651, 'prev_value': None, 'change': True}
2025-12-20 21:02:17,405 : INFO : EventManager : Event: ======'machine_var_audits_shots_scoop'====== Args={'value': 519, 'prev_value': None, 'change': True}
2025-12-20 21:02:17,405 : INFO : EventManager : Event: ======'machine_var_audits_shots_skill_captive'====== Args={'value': 16, 'prev_value': None, 'change': True}
2025-12-20 21:02:17,405 : INFO : EventManager : Event: ======'machine_var_audits_shots_skill_drop_targets'====== Args={'value': 240, 'prev_value': None, 'change': True}
2025-12-20 21:02:17,405 : INFO : EventManager : Event: ======'machine_var_audits_shots_skill_side_targets'====== Args={'value': 27, 'prev_value': None, 'change': True}
2025-12-20 21:02:17,406 : INFO : EventManager : Event: ======'machine_var_audits_shots_skillshot_drop_targets'====== Args={'value': 384, 'prev_value': None, 'change': True}
2025-12-20 21:02:17,406 : INFO : EventManager : Event: ======'machine_var_audits_shots_skillshot_hideout_plunge'====== Args={'value': 1, 'prev_value': None, 'change': True}
2025-12-20 21:02:17,406 : INFO : EventManager : Event: ======'machine_var_audits_shots_skillshot_left_outlane'====== Args={'value': 3, 'prev_value': None, 'change': True}
2025-12-20 21:02:17,406 : INFO : EventManager : Event: ======'machine_var_audits_shots_skillshot_side_targets'====== Args={'value': 8, 'prev_value': None, 'change': True}
2025-12-20 21:02:17,406 : INFO : EventManager : Event: ======'machine_var_audits_shots_skillshot_super'====== Args={'value': 5, 'prev_value': None, 'change': True}
2025-12-20 21:02:17,406 : INFO : EventManager : Event: ======'machine_var_audits_shots_spinner'====== Args={'value': 2225, 'prev_value': None, 'change': True}
2025-12-20 21:02:17,406 : INFO : EventManager : Event: ======'machine_var_audits_shots_three_bank_standup'====== Args={'value': 56, 'prev_value': None, 'change': True}
2025-12-20 21:02:17,406 : INFO : EventManager : Event: ======'machine_var_audits_shots_toomanyrappers_captiveball'====== Args={'value': 3, 'prev_value': None, 'change': True}
2025-12-20 21:02:17,407 : INFO : EventManager : Event: ======'machine_var_audits_shots_toomanyrappers_leftorbit'====== Args={'value': 7, 'prev_value': None, 'change': True}
2025-12-20 21:02:17,407 : INFO : EventManager : Event: ======'machine_var_audits_shots_toomanyrappers_leftramp'====== Args={'value': 1, 'prev_value': None, 'change': True}
2025-12-20 21:02:17,407 : INFO : EventManager : Event: ======'machine_var_audits_shots_toomanyrappers_rightorbit'====== Args={'value': 20, 'prev_value': None, 'change': True}
2025-12-20 21:02:17,407 : INFO : EventManager : Event: ======'machine_var_audits_shots_toomanyrappers_rightramp'====== Args={'value': 62, 'prev_value': None, 'change': True}
2025-12-20 21:02:17,407 : INFO : EventManager : Event: ======'machine_var_audits_shots_toomanyrappers_scoop'====== Args={'value': 16, 'prev_value': None, 'change': True}
2025-12-20 21:02:17,407 : INFO : EventManager : Event: ======'machine_var_audits_shots_top_drop'====== Args={'value': 421, 'prev_value': None, 'change': True}
2025-12-20 21:02:17,407 : INFO : EventManager : Event: ======'machine_var_audits_shots_tshirt_bottom_standup'====== Args={'value': 82, 'prev_value': None, 'change': True}
2025-12-20 21:02:17,407 : INFO : EventManager : Event: ======'machine_var_audits_shots_tshirt_top_standup'====== Args={'value': 84, 'prev_value': None, 'change': True}
2025-12-20 21:02:17,408 : INFO : EventManager : Event: ======'machine_var_audits_shots_upper_pop_standup'====== Args={'value': 38, 'prev_value': None, 'change': True}
2025-12-20 21:02:17,408 : INFO : EventManager : Event: ======'machine_var_audits_switches_s_captive_ball'====== Args={'value': 268, 'prev_value': None, 'change': True}
2025-12-20 21:02:17,408 : INFO : EventManager : Event: ======'machine_var_audits_switches_s_center_upper_pop'====== Args={'value': 308, 'prev_value': None, 'change': True}
2025-12-20 21:02:17,408 : INFO : EventManager : Event: ======'machine_var_audits_switches_s_inner_orbit'====== Args={'value': 84, 'prev_value': None, 'change': True}
2025-12-20 21:02:17,408 : INFO : EventManager : Event: ======'machine_var_audits_switches_s_left_flipper'====== Args={'value': 1557, 'prev_value': None, 'change': True}
2025-12-20 21:02:17,408 : INFO : EventManager : Event: ======'machine_var_audits_switches_s_left_inlane'====== Args={'value': 145, 'prev_value': None, 'change': True}
2025-12-20 21:02:17,408 : INFO : EventManager : Event: ======'machine_var_audits_switches_s_left_orbit'====== Args={'value': 211, 'prev_value': None, 'change': True}
2025-12-20 21:02:17,408 : INFO : EventManager : Event: ======'machine_var_audits_switches_s_left_outlane'====== Args={'value': 87, 'prev_value': None, 'change': True}
2025-12-20 21:02:17,408 : INFO : EventManager : Event: ======'machine_var_audits_switches_s_left_ramp'====== Args={'value': 512, 'prev_value': None, 'change': True}
2025-12-20 21:02:17,408 : INFO : EventManager : Event: ======'machine_var_audits_switches_s_left_slingshot'====== Args={'value': 260, 'prev_value': None, 'change': True}
2025-12-20 21:02:17,408 : INFO : EventManager : Event: ======'machine_var_audits_switches_s_left_upper_pop'====== Args={'value': 202, 'prev_value': None, 'change': True}
2025-12-20 21:02:17,408 : INFO : EventManager : Event: ======'machine_var_audits_switches_s_plunger'====== Args={'value': 1818, 'prev_value': None, 'change': True}
2025-12-20 21:02:17,410 : INFO : EventManager : Event: ======'machine_var_audits_switches_s_pop_standup'====== Args={'value': 591, 'prev_value': None, 'change': True}
2025-12-20 21:02:17,410 : INFO : EventManager : Event: ======'machine_var_audits_switches_s_right_flipper'====== Args={'value': 2380, 'prev_value': None, 'change': True}
2025-12-20 21:02:17,410 : INFO : EventManager : Event: ======'machine_var_audits_switches_s_right_inlane'====== Args={'value': 141, 'prev_value': None, 'change': True}
2025-12-20 21:02:17,410 : INFO : EventManager : Event: ======'machine_var_audits_switches_s_right_lower_pop'====== Args={'value': 1674, 'prev_value': None, 'change': True}
2025-12-20 21:02:17,410 : INFO : EventManager : Event: ======'machine_var_audits_switches_s_right_orbit'====== Args={'value': 287, 'prev_value': None, 'change': True}
2025-12-20 21:02:17,410 : INFO : EventManager : Event: ======'machine_var_audits_switches_s_right_outlane'====== Args={'value': 75, 'prev_value': None, 'change': True}
2025-12-20 21:02:17,410 : INFO : EventManager : Event: ======'machine_var_audits_switches_s_right_ramp'====== Args={'value': 814, 'prev_value': None, 'change': True}
2025-12-20 21:02:17,410 : INFO : EventManager : Event: ======'machine_var_audits_switches_s_right_slingshot'====== Args={'value': 366, 'prev_value': None, 'change': True}
2025-12-20 21:02:17,411 : INFO : EventManager : Event: ======'machine_var_audits_switches_s_scoop'====== Args={'value': 864, 'prev_value': None, 'change': True}
2025-12-20 21:02:17,411 : INFO : EventManager : Event: ======'machine_var_audits_switches_s_service_down'====== Args={'value': 0, 'prev_value': None, 'change': True}
2025-12-20 21:02:17,411 : INFO : EventManager : Event: ======'machine_var_audits_switches_s_service_enter'====== Args={'value': 1, 'prev_value': None, 'change': True}
2025-12-20 21:02:17,411 : INFO : EventManager : Event: ======'machine_var_audits_switches_s_service_esc'====== Args={'value': 0, 'prev_value': None, 'change': True}
2025-12-20 21:02:17,411 : INFO : EventManager : Event: ======'machine_var_audits_switches_s_service_up'====== Args={'value': 3, 'prev_value': None, 'change': True}
2025-12-20 21:02:17,411 : INFO : EventManager : Event: ======'machine_var_audits_switches_s_spinner'====== Args={'value': 4285, 'prev_value': None, 'change': True}
2025-12-20 21:02:17,411 : INFO : EventManager : Event: ======'machine_var_audits_switches_s_start'====== Args={'value': 76, 'prev_value': None, 'change': True}
2025-12-20 21:02:17,412 : INFO : EventManager : Event: ======'machine_var_audits_switches_s_three_bank_bottom'====== Args={'value': 615, 'prev_value': None, 'change': True}
2025-12-20 21:02:17,412 : INFO : EventManager : Event: ======'machine_var_audits_switches_s_three_bank_middle'====== Args={'value': 663, 'prev_value': None, 'change': True}
2025-12-20 21:02:17,412 : INFO : EventManager : Event: ======'machine_var_audits_switches_s_three_bank_standup'====== Args={'value': 298, 'prev_value': None, 'change': True}
2025-12-20 21:02:17,412 : INFO : EventManager : Event: ======'machine_var_audits_switches_s_three_bank_top'====== Args={'value': 959, 'prev_value': None, 'change': True}
2025-12-20 21:02:17,412 : INFO : EventManager : Event: ======'machine_var_audits_switches_s_tilt_bob'====== Args={'value': 52, 'prev_value': None, 'change': True}
2025-12-20 21:02:17,412 : INFO : EventManager : Event: ======'machine_var_audits_switches_s_top_right_flipper'====== Args={'value': 1294, 'prev_value': None, 'change': True}
2025-12-20 21:02:17,413 : INFO : EventManager : Event: ======'machine_var_audits_switches_s_trough1'====== Args={'value': 469, 'prev_value': None, 'change': True}
2025-12-20 21:02:17,413 : INFO : EventManager : Event: ======'machine_var_audits_switches_s_trough2'====== Args={'value': 366, 'prev_value': None, 'change': True}
2025-12-20 21:02:17,413 : INFO : EventManager : Event: ======'machine_var_audits_switches_s_trough3'====== Args={'value': 290, 'prev_value': None, 'change': True}
2025-12-20 21:02:17,413 : INFO : EventManager : Event: ======'machine_var_audits_switches_s_trough4'====== Args={'value': 188, 'prev_value': None, 'change': True}
2025-12-20 21:02:17,413 : INFO : EventManager : Event: ======'machine_var_audits_switches_s_trough5'====== Args={'value': 162, 'prev_value': None, 'change': True}
2025-12-20 21:02:17,413 : INFO : EventManager : Event: ======'machine_var_audits_switches_s_trough6'====== Args={'value': 161, 'prev_value': None, 'change': True}
2025-12-20 21:02:17,413 : INFO : EventManager : Event: ======'machine_var_audits_switches_s_trough_jam'====== Args={'value': 206, 'prev_value': None, 'change': True}
2025-12-20 21:02:17,413 : INFO : EventManager : Event: ======'machine_var_audits_switches_s_tshirt_bottom_standup'====== Args={'value': 132, 'prev_value': None, 'change': True}
2025-12-20 21:02:17,414 : INFO : EventManager : Event: ======'machine_var_audits_switches_s_tshirt_top_standup'====== Args={'value': 163, 'prev_value': None, 'change': True}
2025-12-20 21:02:17,414 : INFO : EventManager : Event: ======'machine_var_audits_switches_s_upper_pop_standup'====== Args={'value': 212, 'prev_value': None, 'change': True}
2025-12-20 21:02:17,414 : INFO : EventManager : Event: ======'machine_var_audits_switches_service_down'====== Args={'value': 1, 'prev_value': None, 'change': True}
2025-12-20 21:02:17,414 : INFO : EventManager : Event: ======'machine_var_audits_switches_service_enter'====== Args={'value': 2, 'prev_value': None, 'change': True}
2025-12-20 21:02:17,414 : INFO : EventManager : Event: ======'machine_var_audits_switches_service_esc'====== Args={'value': 0, 'prev_value': None, 'change': True}
2025-12-20 21:02:17,414 : INFO : EventManager : Event: ======'machine_var_audits_switches_service_up'====== Args={'value': 2, 'prev_value': None, 'change': True}
2025-12-20 21:02:17,414 : INFO : EventManager : Event: ======'init_phase_5'====== Args={}
2025-12-20 21:02:17,476 : INFO : EventManager : Event: ======'init_done'====== Args={}
2025-12-20 21:02:17,477 : INFO : EventManager : Event: ======'machine_reset_phase_1'====== Args={}
2025-12-20 21:02:17,486 : INFO : EventManager : Event: ======'machine_reset_phase_2'====== Args={}
2025-12-20 21:02:17,487 : INFO : EventManager : Event: ======'game_just_played'====== Args={'priority': 0, 'action': 'set_machine', 'int': 0}
2025-12-20 21:02:17,487 : INFO : EventManager : Event: ======'machine_reset_phase_3'====== Args={}
2025-12-20 21:02:17,487 : INFO : EventManager : Event: ======'mode_tilt_will_start'====== Args={'queue': <QueuedEvent>}
2025-12-20 21:02:17,488 : INFO : EventManager : Event: ======'mode_tilt_starting'====== Args={'queue': <QueuedEvent>}
2025-12-20 21:02:17,489 : INFO : drop_target_bank.three_bank : All targets are already up. Will not reset bank.
2025-12-20 21:02:17,489 : INFO : Mode.tilt : Started. Priority: 1000000
2025-12-20 21:02:17,489 : INFO : EventManager : Event: ======'modes_active_modes_changed'====== Args={}
2025-12-20 21:02:17,489 : INFO : EventManager : Event: ======'mode_tilt_started'====== Args={'queue': <QueuedEvent>}
2025-12-20 21:02:17,490 : INFO : EventManager : Event: ======'reset_complete'====== Args={}
2025-12-20 21:02:17,490 : INFO : EventManager : Event: ======'mode_service_will_start'====== Args={}
2025-12-20 21:02:17,492 : INFO : EventManager : Event: ======'mode_service_starting'====== Args={}
2025-12-20 21:02:17,492 : INFO : EventManager : Event: ======'mode_attract_will_start'====== Args={}
2025-12-20 21:02:17,493 : INFO : Timer.attract_intro_timer : Starting Timer.
2025-12-20 21:02:17,494 : INFO : EventManager : Event: ======'timer_attract_intro_timer_started'====== Args={'ticks': 0, 'ticks_remaining': 16}
2025-12-20 21:02:17,494 : INFO : EventManager : Event: ======'timer_attract_intro_timer_tick'====== Args={'ticks': 0, 'ticks_remaining': 16}
2025-12-20 21:02:17,498 : INFO : EventManager : Event: ======'mode_attract_starting'====== Args={}
2025-12-20 21:02:17,498 : INFO : Mode.service : Started. Priority: 100000
2025-12-20 21:02:17,500 : INFO : EventManager : Event: ======'modes_active_modes_changed'====== Args={}
2025-12-20 21:02:17,500 : INFO : EventManager : Event: ======'mode_service_started'====== Args={}
2025-12-20 21:02:17,518 : INFO : EventManager : Event: ======'logicblock_mca_sequence_updated'====== Args={'value': 0, 'enabled': True}
2025-12-20 21:02:17,518 : INFO : EventManager : Event: ======'logicblock_adr_sequence_updated'====== Args={'value': 0, 'enabled': True}
2025-12-20 21:02:17,518 : INFO : EventManager : Event: ======'logicblock_christmas_sequence_updated'====== Args={'value': 0, 'enabled': True}
2025-12-20 21:02:17,518 : INFO : EventManager : Event: ======'logicblock_mca_sequence_updated'====== Args={'value': 0, 'enabled': True}
2025-12-20 21:02:17,518 : INFO : EventManager : Event: ======'logicblock_adr_sequence_updated'====== Args={'value': 0, 'enabled': True}
2025-12-20 21:02:17,518 : INFO : EventManager : Event: ======'logicblock_christmas_sequence_updated'====== Args={'value': 0, 'enabled': True}
2025-12-20 21:02:17,518 : INFO : Mode.attract : Started. Priority: 10
2025-12-20 21:02:17,518 : INFO : EventManager : Event: ======'modes_active_modes_changed'====== Args={}
2025-12-20 21:02:17,518 : INFO : EventManager : Event: ======'mode_attract_started'====== Args={}
2025-12-20 21:02:17,519 : INFO : EventManager : Event: ======'logicblock_mca_sequence_updated'====== Args={'value': 0, 'enabled': True}
2025-12-20 21:02:17,519 : INFO : EventManager : Event: ======'logicblock_mca_sequence_updated'====== Args={'value': 0, 'enabled': True}
2025-12-20 21:02:17,519 : INFO : EventManager : Event: ======'logicblock_adr_sequence_updated'====== Args={'value': 0, 'enabled': True}
2025-12-20 21:02:17,519 : INFO : EventManager : Event: ======'logicblock_adr_sequence_updated'====== Args={'value': 0, 'enabled': True}
2025-12-20 21:02:17,519 : INFO : EventManager : Event: ======'logicblock_christmas_sequence_updated'====== Args={'value': 0, 'enabled': True}
2025-12-20 21:02:17,519 : INFO : EventManager : Event: ======'logicblock_christmas_sequence_updated'====== Args={'value': 0, 'enabled': True}
2025-12-20 21:02:17,520 : INFO : EventManager : Event: ======'timer_attract_intro_timer_tick'====== Args={'ticks': 0, 'ticks_remaining': 16}
2025-12-20 21:02:17,521 : INFO : EventManager : Event: ======'collecting_balls_complete'====== Args={}
2025-12-20 21:02:17,521 : INFO : EventManager : Event: ======'item_highlighted'====== Args={'carousel': 'attract', 'direction': None, 'item': 'mpf_logo'}
2025-12-20 21:02:17,522 : INFO : Timer.attract_carousel_timer : Starting Timer.
2025-12-20 21:02:17,522 : INFO : EventManager : Event: ======'timer_attract_carousel_timer_started'====== Args={'ticks': 0, 'ticks_remaining': 5}
2025-12-20 21:02:17,522 : INFO : EventManager : Event: ======'timer_attract_carousel_timer_tick'====== Args={'ticks': 0, 'ticks_remaining': 5}
2025-12-20 21:02:17,524 : INFO : EventManager : Event: ======'slide_loading_created'====== Args={'_from_bcp': True}
2025-12-20 21:02:17,524 : INFO : EventManager : Event: ======'slide__removed'====== Args={'_from_bcp': True}
2025-12-20 21:02:17,524 : INFO : EventManager : Event: ======'slide_loading_active'====== Args={'original_context': '_global', 'original_calling_context': 'init_done', 'priority': 0.0, 'cmd': 'slides_play', '_from_bcp': True}
2025-12-20 21:02:17,536 : INFO : Machine : Starting the main run loop with active modes: [<Mode.tilt>, <Mode.service>, <Mode.attract>]
2025-12-20 21:02:17,582 : INFO : EventManager : Event: ======'slide_attract_load_created'====== Args={'_from_bcp': True}
2025-12-20 21:02:17,582 : INFO : EventManager : Event: ======'slide_loading_inactive'====== Args={'is_removing': True, '_from_bcp': True}
2025-12-20 21:02:17,583 : INFO : EventManager : Event: ======'slide_attract_load_active'====== Args={'original_context': 'attract', 'original_calling_context': 'mode_attract_started{machine.game_just_played==0}', 'priority': 10.0, 'cmd': 'slides_play', '_from_bcp': True}
2025-12-20 21:02:17,583 : INFO : EventManager : Event: ======'slide_loading_removed'====== Args={'_from_bcp': True}
2025-12-20 21:02:17,667 : INFO : BcpServer : New client connected.
2025-12-20 21:02:18,524 : INFO : EventManager : Event: ======'timer_attract_intro_timer_tick'====== Args={'ticks': 1, 'ticks_remaining': 15}
2025-12-20 21:02:18,525 : INFO : EventManager : Event: ======'timer_attract_carousel_timer_tick'====== Args={'ticks': 1, 'ticks_remaining': 4}
2025-12-20 21:02:19,499 : INFO : EventManager : Event: ======'timer_attract_intro_timer_tick'====== Args={'ticks': 2, 'ticks_remaining': 14}
2025-12-20 21:02:19,499 : INFO : EventManager : Event: ======'timer_attract_carousel_timer_tick'====== Args={'ticks': 2, 'ticks_remaining': 3}
2025-12-20 21:02:20,501 : INFO : EventManager : Event: ======'timer_attract_intro_timer_tick'====== Args={'ticks': 3, 'ticks_remaining': 13}
2025-12-20 21:02:20,501 : INFO : EventManager : Event: ======'timer_attract_carousel_timer_tick'====== Args={'ticks': 3, 'ticks_remaining': 2}
2025-12-20 21:02:21,501 : INFO : EventManager : Event: ======'timer_attract_carousel_timer_tick'====== Args={'ticks': 4, 'ticks_remaining': 1}
2025-12-20 21:02:21,501 : INFO : EventManager : Event: ======'timer_attract_intro_timer_tick'====== Args={'ticks': 4, 'ticks_remaining': 12}
2025-12-20 21:02:22,500 : INFO : Timer.attract_carousel_timer : Timer Complete
2025-12-20 21:02:22,500 : INFO : Timer.attract_carousel_timer : Stopping Timer
2025-12-20 21:02:22,500 : INFO : EventManager : Event: ======'timer_attract_carousel_timer_stopped'====== Args={'ticks': 5, 'ticks_remaining': 1}
2025-12-20 21:02:22,500 : INFO : EventManager : Event: ======'timer_attract_carousel_timer_complete'====== Args={'ticks': 5, 'ticks_remaining': 1}
2025-12-20 21:02:22,502 : INFO : EventManager : Event: ======'timer_attract_intro_timer_tick'====== Args={'ticks': 5, 'ticks_remaining': 11}
2025-12-20 21:02:22,503 : INFO : EventManager : Event: ======'item_highlighted'====== Args={'carousel': 'attract', 'direction': 'forwards', 'item': 'fast_logo'}
2025-12-20 21:02:22,504 : INFO : Timer.attract_carousel_timer : Starting Timer.
2025-12-20 21:02:22,504 : INFO : EventManager : Event: ======'timer_attract_carousel_timer_started'====== Args={'ticks': 0, 'ticks_remaining': 5}
2025-12-20 21:02:22,505 : INFO : EventManager : Event: ======'timer_attract_carousel_timer_tick'====== Args={'ticks': 0, 'ticks_remaining': 5}
2025-12-20 21:02:23,502 : INFO : EventManager : Event: ======'timer_attract_carousel_timer_tick'====== Args={'ticks': 1, 'ticks_remaining': 4}
2025-12-20 21:02:23,502 : INFO : EventManager : Event: ======'timer_attract_intro_timer_tick'====== Args={'ticks': 6, 'ticks_remaining': 10}
2025-12-20 21:02:23,595 : INFO : SwitchController : <<<<<<< 's_start' active >>>>>>>
2025-12-20 21:02:23,728 : INFO : SwitchController : <<<<<<< 's_start' inactive >>>>>>>
2025-12-20 21:02:23,728 : INFO : EventManager : Event: ======'sw_start_inactive'====== Args={}
2025-12-20 21:02:23,729 : INFO : EventManager : Event: ======'request_to_start_game'====== Args={}
2025-12-20 21:02:23,729 : INFO : EventManager : Event: ======'game_start'====== Args={'buttons': [], 'hold_time': 0.125}
2025-12-20 21:02:23,729 : INFO : EventManager : Event: ======'mode_game_will_start'====== Args={'buttons': [], 'hold_time': 0.125}
2025-12-20 21:02:23,730 : INFO : EventManager : Event: ======'mode_game_starting'====== Args={'buttons': [], 'hold_time': 0.125}
2025-12-20 21:02:23,732 : INFO : EventManager : Event: ======'mode_attract_will_stop'====== Args={}
2025-12-20 21:02:23,732 : INFO : EventManager : Event: ======'mode_attract_stopping'====== Args={}
2025-12-20 21:02:23,732 : INFO : Mode.game : Started. Priority: 20
2025-12-20 21:02:23,732 : INFO : EventManager : Event: ======'modes_active_modes_changed'====== Args={}
2025-12-20 21:02:23,732 : INFO : EventManager : Event: ======'mode_game_started'====== Args={'buttons': [], 'hold_time': 0.125}
2025-12-20 21:02:23,749 : INFO : Mode.attract : Stopped.
2025-12-20 21:02:23,749 : INFO : EventManager : Event: ======'modes_active_modes_changed'====== Args={}
2025-12-20 21:02:23,750 : INFO : EventManager : Event: ======'mode_attract_stopped'====== Args={}
2025-12-20 21:02:23,750 : INFO : EventManager : Event: ======'clear'====== Args={'key': 'attract'}
2025-12-20 21:02:23,751 : INFO : Timer.attract_carousel_timer : Stopping Timer
2025-12-20 21:02:23,751 : INFO : EventManager : Event: ======'timer_attract_carousel_timer_stopped'====== Args={'ticks': 1, 'ticks_remaining': 4}
2025-12-20 21:02:23,751 : INFO : Timer.attract_intro_timer : Stopping Timer
2025-12-20 21:02:23,751 : INFO : EventManager : Event: ======'timer_attract_intro_timer_stopped'====== Args={'ticks': 6, 'ticks_remaining': 10}
2025-12-20 21:02:23,751 : INFO : Timer.mca_attract_video_timer : Stopping Timer
2025-12-20 21:02:23,751 : INFO : EventManager : Event: ======'timer_mca_attract_video_timer_stopped'====== Args={'ticks': 0, 'ticks_remaining': 0}
2025-12-20 21:02:23,752 : INFO : Timer.adr_attract_video_timer : Stopping Timer
2025-12-20 21:02:23,752 : INFO : EventManager : Event: ======'timer_adr_attract_video_timer_stopped'====== Args={'ticks': 0, 'ticks_remaining': 0}
2025-12-20 21:02:23,752 : INFO : Timer.christmas_attract_video_timer : Stopping Timer
2025-12-20 21:02:23,752 : INFO : EventManager : Event: ======'timer_christmas_attract_video_timer_stopped'====== Args={'ticks': 0, 'ticks_remaining': 0}
2025-12-20 21:02:23,752 : INFO : EventManager : Event: ======'game_will_start'====== Args={}
2025-12-20 21:02:23,767 : INFO : EventManager : Event: ======'game_starting'====== Args={'game': <Mode.game>}
2025-12-20 21:02:23,769 : INFO : EventManager : Unordered handler for class <Auditor> on event game_ended with priority 1. Handlers: [RegisteredHandler(callback=<bound method Auditor.disable of <Auditor>>, priority=1, kwargs={}, key=UUID('39306d26-a85a-439b-be14-6ac80d2684a4'), condition=None, blocking_facility=None), RegisteredHandler(callback=<bound method Auditor._save_audits of <Auditor>>, priority=1, kwargs={}, key=UUID('18006769-2391-4de6-bb25-40be36610059'), condition=None, blocking_facility=None)]. The order of those handlers is not defined and they will be executed in random order. This might lead to race conditions and potential bugs.
2025-12-20 21:02:23,769 : INFO : EventManager : Event: ======'player_add_request'====== Args={}
2025-12-20 21:02:23,769 : INFO : EventManager : Event: ======'player_will_add'====== Args={'number': 1}
2025-12-20 21:02:23,769 : INFO : EventManager : Event: ======'player_adding'====== Args={'player': <Player 1>, 'number': 1}
2025-12-20 21:02:23,769 : INFO : EventManager : Event: ======'player_added'====== Args={'player': <Player 1>, 'num': 1}
2025-12-20 21:02:23,770 : INFO : Mode.game : Player added successfully. Total players: 1
2025-12-20 21:02:23,770 : INFO : EventManager : Event: ======'player_index'====== Args={'value': 0, 'prev_value': 0, 'change': 0, 'player_num': 1}
2025-12-20 21:02:23,770 : INFO : EventManager : Event: ======'player_number'====== Args={'value': 1, 'prev_value': 1, 'change': 0, 'player_num': 1}
2025-12-20 21:02:23,770 : INFO : EventManager : Event: ======'player_score'====== Args={'value': 0, 'prev_value': 0, 'change': 0, 'player_num': 1}
2025-12-20 21:02:23,772 : INFO : EventManager : Event: ======'game_started'====== Args={}
2025-12-20 21:02:23,773 : INFO : EventManager : Event: ======'machine_var_game_just_played'====== Args={'value': 1, 'prev_value': 0, 'change': 1}
2025-12-20 21:02:23,787 : INFO : EventManager : Event: ======'player_turn_will_start'====== Args={'player': <Player 1>, 'number': 1}
2025-12-20 21:02:23,789 : INFO : EventManager : Event: ======'player_turn_starting'====== Args={'player': <Player 1>, 'number': 1}
2025-12-20 21:02:23,790 : INFO : EventManager : Event: ======'player_ball'====== Args={'value': 1, 'prev_value': 0, 'change': 1, 'player_num': 1}
2025-12-20 21:02:23,791 : INFO : EventManager : Event: ======'player_turn_started'====== Args={'player': <Player 1>, 'number': 1}
2025-12-20 21:02:23,794 : INFO : EventManager : Event: ======'ball_will_start'====== Args={'player': 1, 'ball': 1, 'balls_remaining': 2, 'is_extra_ball': False}
2025-12-20 21:02:23,796 : INFO : EventManager : Event: ======'ball_starting'====== Args={'player': 1, 'ball': 1, 'balls_remaining': 2, 'is_extra_ball': False}
2025-12-20 21:02:23,798 : INFO : EventManager : Event: ======'mode_batterycharger_will_start'====== Args={'queue': <QueuedEvent>, 'player': 1, 'ball': 1, 'balls_remaining': 2, 'is_extra_ball': False}
2025-12-20 21:02:23,804 : INFO : EventManager : Event: ======'mode_batterycharger_starting'====== Args={'queue': <QueuedEvent>, 'player': 1, 'ball': 1, 'balls_remaining': 2, 'is_extra_ball': False}
2025-12-20 21:02:23,804 : INFO : EventManager : Event: ======'mode_base_will_start'====== Args={'queue': <QueuedEvent>, 'player': 1, 'ball': 1, 'balls_remaining': 2, 'is_extra_ball': False}
2025-12-20 21:02:23,805 : INFO : EventManager : Event: ======'player_shot_left_orbit_enabled'====== Args={'value': True, 'prev_value': 0, 'change': 1, 'player_num': 1}
2025-12-20 21:02:23,805 : INFO : EventManager : Event: ======'player_shot_right_orbit_enabled'====== Args={'value': True, 'prev_value': 0, 'change': 1, 'player_num': 1}
2025-12-20 21:02:23,806 : INFO : EventManager : Event: ======'player_shot_inner_loop_enabled'====== Args={'value': True, 'prev_value': 0, 'change': 1, 'player_num': 1}
2025-12-20 21:02:23,806 : INFO : EventManager : Event: ======'player_shot_left_orbit_backdoor_enabled'====== Args={'value': True, 'prev_value': 0, 'change': 1, 'player_num': 1}
2025-12-20 21:02:23,807 : INFO : EventManager : Event: ======'player_shot_right_orbit_backdoor_enabled'====== Args={'value': True, 'prev_value': 0, 'change': 1, 'player_num': 1}
2025-12-20 21:02:23,807 : INFO : EventManager : Event: ======'player_shot_inner_loop_backdoor_enabled'====== Args={'value': True, 'prev_value': 0, 'change': 1, 'player_num': 1}
2025-12-20 21:02:23,807 : INFO : EventManager : Event: ======'player_shot_right_ramp_enabled'====== Args={'value': True, 'prev_value': 0, 'change': 1, 'player_num': 1}
2025-12-20 21:02:23,808 : INFO : EventManager : Event: ======'player_shot_left_ramp_enabled'====== Args={'value': True, 'prev_value': 0, 'change': 1, 'player_num': 1}
2025-12-20 21:02:23,808 : INFO : EventManager : Event: ======'player_shot_pop_standup_enabled'====== Args={'value': True, 'prev_value': 0, 'change': 1, 'player_num': 1}
2025-12-20 21:02:23,808 : INFO : EventManager : Event: ======'player_shot_upper_pop_standup_enabled'====== Args={'value': True, 'prev_value': 0, 'change': 1, 'player_num': 1}
2025-12-20 21:02:23,808 : INFO : EventManager : Event: ======'player_shot_scoop_enabled'====== Args={'value': True, 'prev_value': 0, 'change': 1, 'player_num': 1}
2025-12-20 21:02:23,809 : INFO : EventManager : Event: ======'player_shot_captive_ball_enabled'====== Args={'value': True, 'prev_value': 0, 'change': 1, 'player_num': 1}
2025-12-20 21:02:23,810 : INFO : EventManager : Event: ======'player_shot_three_bank_standup_enabled'====== Args={'value': True, 'prev_value': 0, 'change': 1, 'player_num': 1}
2025-12-20 21:02:23,810 : INFO : EventManager : Event: ======'player_shot_spinner_enabled'====== Args={'value': True, 'prev_value': 0, 'change': 1, 'player_num': 1}
2025-12-20 21:02:23,811 : INFO : EventManager : Event: ======'player_shot_pop1_enabled'====== Args={'value': True, 'prev_value': 0, 'change': 1, 'player_num': 1}
2025-12-20 21:02:23,812 : INFO : EventManager : Event: ======'player_shot_pop2_enabled'====== Args={'value': True, 'prev_value': 0, 'change': 1, 'player_num': 1}
2025-12-20 21:02:23,813 : INFO : EventManager : Event: ======'player_shot_pop3_enabled'====== Args={'value': True, 'prev_value': 0, 'change': 1, 'player_num': 1}
2025-12-20 21:02:23,814 : INFO : EventManager : Event: ======'player_shot_bottom_drop_enabled'====== Args={'value': True, 'prev_value': 0, 'change': 1, 'player_num': 1}
2025-12-20 21:02:23,815 : INFO : EventManager : Event: ======'player_shot_middle_drop_enabled'====== Args={'value': True, 'prev_value': 0, 'change': 1, 'player_num': 1}
2025-12-20 21:02:23,815 : INFO : EventManager : Event: ======'player_shot_top_drop_enabled'====== Args={'value': True, 'prev_value': 0, 'change': 1, 'player_num': 1}
2025-12-20 21:02:23,815 : INFO : EventManager : Event: ======'player_shot_tshirt_top_standup_enabled'====== Args={'value': True, 'prev_value': 0, 'change': 1, 'player_num': 1}
2025-12-20 21:02:23,816 : INFO : EventManager : Event: ======'player_shot_tshirt_bottom_standup_enabled'====== Args={'value': True, 'prev_value': 0, 'change': 1, 'player_num': 1}
2025-12-20 21:02:23,817 : INFO : EventManager : Event: ======'player_shot_left_outlane_enabled'====== Args={'value': True, 'prev_value': 0, 'change': 1, 'player_num': 1}
2025-12-20 21:02:23,817 : INFO : EventManager : Event: ======'player_shot_left_inlane_enabled'====== Args={'value': True, 'prev_value': 0, 'change': 1, 'player_num': 1}
2025-12-20 21:02:23,817 : INFO : EventManager : Event: ======'player_shot_right_inlane_enabled'====== Args={'value': True, 'prev_value': 0, 'change': 1, 'player_num': 1}
2025-12-20 21:02:23,818 : INFO : EventManager : Event: ======'player_shot_right_outlane_enabled'====== Args={'value': True, 'prev_value': 0, 'change': 1, 'player_num': 1}
2025-12-20 21:02:23,818 : INFO : EventManager : Event: ======'sg_lanes_complete'====== Args={'state': 'unlit'}
2025-12-20 21:02:23,819 : INFO : EventManager : Event: ======'sg_lanes_unlit_complete'====== Args={}
2025-12-20 21:02:23,819 : INFO : EventManager : Event: ======'sg_tshirts_complete'====== Args={'state': 'flash'}
2025-12-20 21:02:23,819 : INFO : EventManager : Event: ======'sg_tshirts_flash_complete'====== Args={}
2025-12-20 21:02:23,823 : INFO : EventManager : Event: ======'player_base_chcheckitoutfinish_widget_timer_tick'====== Args={'value': 0, 'prev_value': 0, 'change': 0, 'player_num': 1}
2025-12-20 21:02:23,823 : INFO : EventManager : Event: ======'player_base_bodymovin_widget_timer_tick'====== Args={'value': 0, 'prev_value': 0, 'change': 0, 'player_num': 1}
2025-12-20 21:02:23,824 : INFO : EventManager : Event: ======'player_base_bodymovin_lock_enabled_widget_timer_tick'====== Args={'value': 0, 'prev_value': 0, 'change': 0, 'player_num': 1}
2025-12-20 21:02:23,824 : INFO : EventManager : Event: ======'player_base_bodymovin_ball_1_locked_widget_timer_tick'====== Args={'value': 0, 'prev_value': 0, 'change': 0, 'player_num': 1}
2025-12-20 21:02:23,825 : INFO : EventManager : Event: ======'player_base_bodymovin_ball_2_locked_widget_timer_tick'====== Args={'value': 0, 'prev_value': 0, 'change': 0, 'player_num': 1}
2025-12-20 21:02:23,825 : INFO : EventManager : Event: ======'achievement_wizard1_changed_state'====== Args={'restore': False, 'state': 'disabled', 'selected': False}
2025-12-20 21:02:23,825 : INFO : EventManager : Event: ======'achievement_wizard1_state_disabled'====== Args={'restore': False, 'state': 'disabled', 'selected': False}
2025-12-20 21:02:23,825 : INFO : EventManager : Event: ======'achievement_intergalactic_mode_changed_state'====== Args={'restore': False, 'state': 'enabled', 'selected': False}
2025-12-20 21:02:23,826 : INFO : EventManager : Event: ======'achievement_intergalactic_mode_state_enabled'====== Args={'restore': False, 'state': 'enabled', 'selected': False}
2025-12-20 21:02:23,826 : INFO : EventManager : Event: ======'achievement_paulrevere_mode_changed_state'====== Args={'restore': False, 'state': 'enabled', 'selected': False}
2025-12-20 21:02:23,826 : INFO : EventManager : Event: ======'achievement_paulrevere_mode_state_enabled'====== Args={'restore': False, 'state': 'enabled', 'selected': False}
2025-12-20 21:02:23,826 : INFO : EventManager : Event: ======'achievement_tripletrouble_mode_changed_state'====== Args={'restore': False, 'state': 'enabled', 'selected': False}
2025-12-20 21:02:23,826 : INFO : EventManager : Event: ======'achievement_tripletrouble_mode_state_enabled'====== Args={'restore': False, 'state': 'enabled', 'selected': False}
2025-12-20 21:02:23,827 : INFO : EventManager : Event: ======'achievement_sabotage_mode_changed_state'====== Args={'restore': False, 'state': 'enabled', 'selected': False}
2025-12-20 21:02:23,827 : INFO : EventManager : Event: ======'achievement_sabotage_mode_state_enabled'====== Args={'restore': False, 'state': 'enabled', 'selected': False}
2025-12-20 21:02:23,827 : INFO : EventManager : Event: ======'achievement_fingerlickingood_mode_changed_state'====== Args={'restore': False, 'state': 'enabled', 'selected': False}
2025-12-20 21:02:23,827 : INFO : EventManager : Event: ======'achievement_fingerlickingood_mode_state_enabled'====== Args={'restore': False, 'state': 'enabled', 'selected': False}
2025-12-20 21:02:23,828 : INFO : EventManager : Event: ======'achievement_toomanyrappers_mode_changed_state'====== Args={'restore': False, 'state': 'enabled', 'selected': False}
2025-12-20 21:02:23,828 : INFO : EventManager : Event: ======'achievement_toomanyrappers_mode_state_enabled'====== Args={'restore': False, 'state': 'enabled', 'selected': False}
2025-12-20 21:02:23,828 : INFO : EventManager : Event: ======'achievement_threemcsand1dj_mode_changed_state'====== Args={'restore': False, 'state': 'enabled', 'selected': False}
2025-12-20 21:02:23,828 : INFO : EventManager : Event: ======'achievement_threemcsand1dj_mode_state_enabled'====== Args={'restore': False, 'state': 'enabled', 'selected': False}
2025-12-20 21:02:23,828 : INFO : EventManager : Event: ======'achievement_highplainsdrifter_mode_changed_state'====== Args={'restore': False, 'state': 'enabled', 'selected': False}
2025-12-20 21:02:23,829 : INFO : EventManager : Event: ======'achievement_highplainsdrifter_mode_state_enabled'====== Args={'restore': False, 'state': 'enabled', 'selected': False}
2025-12-20 21:02:23,829 : INFO : EventManager : Event: ======'achievement_chcheckitout_multiball_changed_state'====== Args={'restore': False, 'state': 'enabled', 'selected': False}
2025-12-20 21:02:23,830 : INFO : EventManager : Event: ======'achievement_chcheckitout_multiball_state_enabled'====== Args={'restore': False, 'state': 'enabled', 'selected': False}
2025-12-20 21:02:23,831 : INFO : EventManager : Event: ======'achievement_bodymovin_multiball_changed_state'====== Args={'restore': False, 'state': 'enabled', 'selected': False}
2025-12-20 21:02:23,831 : INFO : EventManager : Event: ======'achievement_bodymovin_multiball_state_enabled'====== Args={'restore': False, 'state': 'enabled', 'selected': False}
2025-12-20 21:02:23,831 : INFO : EventManager : Event: ======'achievement_superpops_super_mode_changed_state'====== Args={'restore': False, 'state': 'enabled', 'selected': False}
2025-12-20 21:02:23,831 : INFO : EventManager : Event: ======'achievement_superpops_super_mode_state_enabled'====== Args={'restore': False, 'state': 'enabled', 'selected': False}
2025-12-20 21:02:23,831 : INFO : EventManager : Event: ======'achievement_superdrops_super_mode_changed_state'====== Args={'restore': False, 'state': 'enabled', 'selected': False}
2025-12-20 21:02:23,831 : INFO : EventManager : Event: ======'achievement_superdrops_super_mode_state_enabled'====== Args={'restore': False, 'state': 'enabled', 'selected': False}
2025-12-20 21:02:23,832 : INFO : EventManager : Event: ======'achievement_superspins_super_mode_changed_state'====== Args={'restore': False, 'state': 'enabled', 'selected': False}
2025-12-20 21:02:23,832 : INFO : EventManager : Event: ======'achievement_superspins_super_mode_state_enabled'====== Args={'restore': False, 'state': 'enabled', 'selected': False}
2025-12-20 21:02:23,832 : INFO : EventManager : Event: ======'achievement_superstandups_super_mode_changed_state'====== Args={'restore': False, 'state': 'enabled', 'selected': False}
2025-12-20 21:02:23,832 : INFO : EventManager : Event: ======'achievement_superstandups_super_mode_state_enabled'====== Args={'restore': False, 'state': 'enabled', 'selected': False}
2025-12-20 21:02:23,832 : INFO : EventManager : Event: ======'achievement_supercombos_super_mode_changed_state'====== Args={'restore': False, 'state': 'enabled', 'selected': False}
2025-12-20 21:02:23,832 : INFO : EventManager : Event: ======'achievement_supercombos_super_mode_state_enabled'====== Args={'restore': False, 'state': 'enabled', 'selected': False}
2025-12-20 21:02:23,833 : INFO : EventManager : Event: ======'achievement_girls_frenzy_changed_state'====== Args={'restore': False, 'state': 'disabled', 'selected': False}
2025-12-20 21:02:23,833 : INFO : EventManager : Event: ======'achievement_girls_frenzy_state_disabled'====== Args={'restore': False, 'state': 'disabled', 'selected': False}
2025-12-20 21:02:23,840 : INFO : EventManager : Unordered handler for class <Auditor> on event game_ended with priority 1. Handlers: [RegisteredHandler(callback=<bound method Auditor.disable of <Auditor>>, priority=1, kwargs={}, key=UUID('39306d26-a85a-439b-be14-6ac80d2684a4'), condition=None, blocking_facility=None), RegisteredHandler(callback=<bound method Auditor._save_audits of <Auditor>>, priority=1, kwargs={}, key=UUID('18006769-2391-4de6-bb25-40be36610059'), condition=None, blocking_facility=None)]. The order of those handlers is not defined and they will be executed in random order. This might lead to race conditions and potential bugs.
2025-12-20 21:02:23,866 : INFO : EventManager : Event: ======'mode_base_starting'====== Args={'queue': <QueuedEvent>, 'player': 1, 'ball': 1, 'balls_remaining': 2, 'is_extra_ball': False}
2025-12-20 21:02:23,866 : INFO : drop_target_bank.three_bank : All targets are already up. Will not reset bank.
2025-12-20 21:02:23,867 : INFO : EventManager : Event: ======'balls_in_play'====== Args={'balls': 1}
2025-12-20 21:02:23,867 : INFO : EventManager : Event: ======'ball_started'====== Args={'player': 1, 'ball': 1, 'balls_remaining': 2, 'is_extra_ball': False}
2025-12-20 21:02:23,869 : INFO : EventManager : Event: ======'logicblock_battery_charged_status_updated'====== Args={'value': 20, 'enabled': False}
2025-12-20 21:02:23,869 : INFO : Mode.batterycharger : Started. Priority: 11000
2025-12-20 21:02:23,869 : INFO : EventManager : Event: ======'modes_active_modes_changed'====== Args={}
2025-12-20 21:02:23,869 : INFO : EventManager : Event: ======'mode_batterycharger_started'====== Args={'queue': <QueuedEvent>, 'player': 1, 'ball': 1, 'balls_remaining': 2, 'is_extra_ball': False}
2025-12-20 21:02:23,870 : INFO : EventManager : Event: ======'logicblock_completed_modes_count_updated'====== Args={'value': 0, 'enabled': True}
2025-12-20 21:02:23,870 : INFO : EventManager : Event: ======'logicblock_played_modes_count_updated'====== Args={'value': 0, 'enabled': True}
2025-12-20 21:02:23,870 : INFO : EventManager : Event: ======'logicblock_combos_count_updated'====== Args={'value': 0, 'enabled': True}
2025-12-20 21:02:23,870 : INFO : EventManager : Event: ======'logicblock_superpops_counter_updated'====== Args={'value': 0, 'enabled': True}
2025-12-20 21:02:23,870 : INFO : EventManager : Event: ======'logicblock_superdrops_counter_updated'====== Args={'value': 0, 'enabled': True}
2025-12-20 21:02:23,871 : INFO : EventManager : Event: ======'logicblock_superstandups_counter_updated'====== Args={'value': 0, 'enabled': True}
2025-12-20 21:02:23,871 : INFO : EventManager : Event: ======'logicblock_superspins_counter_updated'====== Args={'value': 0, 'enabled': True}
2025-12-20 21:02:23,871 : INFO : EventManager : Event: ======'logicblock_supercombos_counter_updated'====== Args={'value': 0, 'enabled': True}
2025-12-20 21:02:23,871 : INFO : EventManager : Event: ======'logicblock_super_modes_played_counter_updated'====== Args={'value': 0, 'enabled': True}
2025-12-20 21:02:23,871 : INFO : EventManager : Event: ======'logicblock_qualify_chcheckitout_multiball_updated'====== Args={'value': 0, 'enabled': False}
2025-12-20 21:02:23,871 : INFO : EventManager : Event: ======'logicblock_chcheckitout_multiball_ready_updated'====== Args={'value': 0, 'enabled': False}
2025-12-20 21:02:23,871 : INFO : EventManager : Event: ======'logicblock_enable_bodymovin_lock_1_updated'====== Args={'value': 0, 'enabled': False}
2025-12-20 21:02:23,871 : INFO : EventManager : Event: ======'logicblock_bodymovin_lock_1_updated'====== Args={'value': 0, 'enabled': False}
2025-12-20 21:02:23,871 : INFO : EventManager : Event: ======'logicblock_enable_bodymovin_lock_2_updated'====== Args={'value': 0, 'enabled': False}
2025-12-20 21:02:23,871 : INFO : EventManager : Event: ======'logicblock_bodymovin_lock_2_updated'====== Args={'value': 0, 'enabled': False}
2025-12-20 21:02:23,872 : INFO : EventManager : Event: ======'logicblock_enable_bodymovin_lock_3_updated'====== Args={'value': 0, 'enabled': False}
2025-12-20 21:02:23,872 : INFO : EventManager : Event: ======'logicblock_bodymovin_multiball_ready_updated'====== Args={'value': 0, 'enabled': False}
2025-12-20 21:02:23,872 : INFO : EventManager : Event: ======'logicblock_drop_target_bank_counter_updated'====== Args={'value': 0, 'enabled': False}
2025-12-20 21:02:23,872 : INFO : EventManager : Event: ======'logicblock_completed_modes_count_updated'====== Args={'value': 0, 'enabled': True}
2025-12-20 21:02:23,872 : INFO : EventManager : Event: ======'logicblock_played_modes_count_updated'====== Args={'value': 0, 'enabled': True}
2025-12-20 21:02:23,872 : INFO : EventManager : Event: ======'logicblock_combos_count_updated'====== Args={'value': 0, 'enabled': True}
2025-12-20 21:02:23,872 : INFO : EventManager : Event: ======'logicblock_superpops_counter_updated'====== Args={'value': 0, 'enabled': True}
2025-12-20 21:02:23,872 : INFO : EventManager : Event: ======'logicblock_superdrops_counter_updated'====== Args={'value': 0, 'enabled': True}
2025-12-20 21:02:23,872 : INFO : EventManager : Event: ======'logicblock_superstandups_counter_updated'====== Args={'value': 0, 'enabled': True}
2025-12-20 21:02:23,872 : INFO : EventManager : Event: ======'logicblock_superspins_counter_updated'====== Args={'value': 0, 'enabled': True}
2025-12-20 21:02:23,872 : INFO : EventManager : Event: ======'logicblock_supercombos_counter_updated'====== Args={'value': 0, 'enabled': True}
2025-12-20 21:02:23,874 : INFO : EventManager : Event: ======'logicblock_super_modes_played_counter_updated'====== Args={'value': 0, 'enabled': True}
2025-12-20 21:02:23,874 : INFO : Mode.base : Started. Priority: 100
2025-12-20 21:02:23,874 : INFO : EventManager : Event: ======'modes_active_modes_changed'====== Args={}
2025-12-20 21:02:23,874 : INFO : EventManager : Event: ======'mode_base_started'====== Args={'queue': <QueuedEvent>, 'player': 1, 'ball': 1, 'balls_remaining': 2, 'is_extra_ball': False}
2025-12-20 21:02:23,874 : INFO : EventManager : Event: ======'logicblock_battery_charged_status_updated'====== Args={'value': 20, 'enabled': True}
2025-12-20 21:02:23,874 : INFO : EventManager : Event: ======'mode_combos_will_start'====== Args={'player': 1, 'ball': 1, 'balls_remaining': 2, 'is_extra_ball': False}
2025-12-20 21:02:23,884 : INFO : EventManager : Event: ======'mode_combos_starting'====== Args={'player': 1, 'ball': 1, 'balls_remaining': 2, 'is_extra_ball': False}
2025-12-20 21:02:23,884 : INFO : EventManager : Event: ======'mode_skill_shot_will_start'====== Args={'player': 1, 'ball': 1, 'balls_remaining': 2, 'is_extra_ball': False}
2025-12-20 21:02:23,885 : INFO : EventManager : Event: ======'player_shot_skillshot_side_targets_enabled'====== Args={'value': True, 'prev_value': 0, 'change': 1, 'player_num': 1}
2025-12-20 21:02:23,885 : INFO : EventManager : Event: ======'player_shot_skillshot_hideout_plunge_enabled'====== Args={'value': True, 'prev_value': 0, 'change': 1, 'player_num': 1}
2025-12-20 21:02:23,886 : INFO : EventManager : Event: ======'player_shot_skillshot_super_enabled'====== Args={'value': True, 'prev_value': 0, 'change': 1, 'player_num': 1}
2025-12-20 21:02:23,886 : INFO : EventManager : Event: ======'player_shot_skillshot_left_outlane_enabled'====== Args={'value': True, 'prev_value': 0, 'change': 1, 'player_num': 1}
2025-12-20 21:02:23,886 : INFO : EventManager : Event: ======'player_shot_skillshot_drop_targets_enabled'====== Args={'value': True, 'prev_value': 0, 'change': 1, 'player_num': 1}
2025-12-20 21:02:23,887 : INFO : EventManager : Event: ======'player_shot_skillshot_lower_pop_enabled'====== Args={'value': True, 'prev_value': 0, 'change': 1, 'player_num': 1}
2025-12-20 21:02:23,887 : INFO : EventManager : Event: ======'skillshot_complete'====== Args={'state': 'off'}
2025-12-20 21:02:23,887 : INFO : EventManager : Event: ======'skillshot_off_complete'====== Args={}
2025-12-20 21:02:23,889 : INFO : EventManager : Event: ======'player_skill_shot_skill_shot_timeout_tick'====== Args={'value': 0, 'prev_value': 0, 'change': 0, 'player_num': 1}
2025-12-20 21:02:23,890 : INFO : EventManager : Unordered handler for class <timer.skill_shot_timeout> on event ball_starting with priority 1. Handlers: [RegisteredHandler(callback=<bound method Timer.reset of <timer.skill_shot_timeout>>, priority=1, kwargs={}, key=UUID('d65ea321-b607-403d-80cd-0ba923291ec6'), condition=None, blocking_facility=None), RegisteredHandler(callback=<bound method Timer.pause of <timer.skill_shot_timeout>>, priority=1, kwargs={'timer_value': None}, key=UUID('c1343d0b-4b9b-47de-a8a3-f7a02260cdcd'), condition=None, blocking_facility=None)]. The order of those handlers is not defined and they will be executed in random order. This might lead to race conditions and potential bugs.
2025-12-20 21:02:23,891 : INFO : EventManager : Event: ======'mode_skill_shot_starting'====== Args={'player': 1, 'ball': 1, 'balls_remaining': 2, 'is_extra_ball': False}
2025-12-20 21:02:23,891 : INFO : EventManager : Event: ======'logicblock_drop_target_bank_counter_updated'====== Args={'value': 0, 'enabled': True}
2025-12-20 21:02:23,891 : INFO : EventManager : Event: ======'logicblock_combos_count_updated'====== Args={'value': 0, 'enabled': True}
2025-12-20 21:02:23,891 : INFO : EventManager : Event: ======'logicblock_combos_count_updated'====== Args={'value': 0, 'enabled': True}
2025-12-20 21:02:23,891 : INFO : EventManager : Event: ======'logicblock_superpops_counter_updated'====== Args={'value': 0, 'enabled': True}
2025-12-20 21:02:23,892 : INFO : EventManager : Event: ======'logicblock_superpops_counter_updated'====== Args={'value': 0, 'enabled': True}
2025-12-20 21:02:23,892 : INFO : EventManager : Event: ======'logicblock_superdrops_counter_updated'====== Args={'value': 0, 'enabled': True}
2025-12-20 21:02:23,892 : INFO : EventManager : Event: ======'logicblock_superdrops_counter_updated'====== Args={'value': 0, 'enabled': True}
2025-12-20 21:02:23,892 : INFO : EventManager : Event: ======'logicblock_superstandups_counter_updated'====== Args={'value': 0, 'enabled': True}
2025-12-20 21:02:23,892 : INFO : EventManager : Event: ======'logicblock_superstandups_counter_updated'====== Args={'value': 0, 'enabled': True}
2025-12-20 21:02:23,894 : INFO : EventManager : Event: ======'logicblock_superspins_counter_updated'====== Args={'value': 0, 'enabled': True}
2025-12-20 21:02:23,894 : INFO : EventManager : Event: ======'logicblock_superspins_counter_updated'====== Args={'value': 0, 'enabled': True}
2025-12-20 21:02:23,894 : INFO : EventManager : Event: ======'logicblock_supercombos_counter_updated'====== Args={'value': 0, 'enabled': True}
2025-12-20 21:02:23,894 : INFO : EventManager : Event: ======'logicblock_supercombos_counter_updated'====== Args={'value': 0, 'enabled': True}
2025-12-20 21:02:23,894 : INFO : EventManager : Event: ======'logicblock_super_modes_played_counter_updated'====== Args={'value': 0, 'enabled': True}
2025-12-20 21:02:23,894 : INFO : EventManager : Event: ======'logicblock_super_modes_played_counter_updated'====== Args={'value': 0, 'enabled': True}
2025-12-20 21:02:23,894 : INFO : EventManager : Event: ======'logicblock_qualify_chcheckitout_multiball_updated'====== Args={'value': 0, 'enabled': False}
2025-12-20 21:02:23,894 : INFO : EventManager : Event: ======'logicblock_qualify_chcheckitout_multiball_updated'====== Args={'value': 0, 'enabled': True}
2025-12-20 21:02:23,895 : INFO : EventManager : Event: ======'logicblock_enable_bodymovin_lock_2_updated'====== Args={'value': 0, 'enabled': False}
2025-12-20 21:02:23,895 : INFO : EventManager : Event: ======'logicblock_enable_bodymovin_lock_2_updated'====== Args={'value': 0, 'enabled': True}
2025-12-20 21:02:23,895 : INFO : EventManager : Event: ======'player_chcheckitout_multiball_blocking_flag'====== Args={'value': 0, 'prev_value': 0, 'change': 0, 'player_num': 1, 'source': 'base'}
2025-12-20 21:02:23,895 : INFO : EventManager : Event: ======'player_bodymovin_multiball_blocking_flag'====== Args={'value': 0, 'prev_value': 0, 'change': 0, 'player_num': 1, 'source': 'base'}
2025-12-20 21:02:23,895 : INFO : EventManager : Event: ======'player_mode_blocking_flag'====== Args={'value': 0, 'prev_value': 0, 'change': 0, 'player_num': 1, 'source': 'base'}
2025-12-20 21:02:23,896 : INFO : EventManager : Event: ======'player_battery_charged_yesorno'====== Args={'value': 0, 'prev_value': 0, 'change': 0, 'player_num': 1, 'source': 'base'}
2025-12-20 21:02:23,896 : INFO : EventManager : Event: ======'player_combos'====== Args={'value': 0, 'prev_value': 0, 'change': 0, 'player_num': 1, 'source': 'base'}
2025-12-20 21:02:23,896 : INFO : EventManager : Event: ======'player_modes_played'====== Args={'value': 0, 'prev_value': 0, 'change': 0, 'player_num': 1, 'source': 'base'}
2025-12-20 21:02:23,896 : INFO : EventManager : Event: ======'player_modes_completed'====== Args={'value': 0, 'prev_value': 0, 'change': 0, 'player_num': 1, 'source': 'base'}
2025-12-20 21:02:23,896 : INFO : EventManager : Event: ======'player_chcheckitout_qualified_flag'====== Args={'value': 0, 'prev_value': 0, 'change': 0, 'player_num': 1, 'source': 'base'}
2025-12-20 21:02:23,897 : INFO : EventManager : Event: ======'player_bodymovin_lock1_qualified_flag'====== Args={'value': 0, 'prev_value': 0, 'change': 0, 'player_num': 1, 'source': 'base'}
2025-12-20 21:02:23,897 : INFO : EventManager : Event: ======'player_bodymovin_lock2_qualified_flag'====== Args={'value': 0, 'prev_value': 0, 'change': 0, 'player_num': 1, 'source': 'base'}
2025-12-20 21:02:23,897 : INFO : EventManager : Event: ======'player_bodymovin_lock1_locked_flag'====== Args={'value': 1, 'prev_value': 0, 'change': 1, 'player_num': 1, 'source': 'base'}
2025-12-20 21:02:23,897 : INFO : EventManager : Event: ======'player_bodymovin_lock2_locked_flag'====== Args={'value': 0, 'prev_value': 0, 'change': 0, 'player_num': 1, 'source': 'base'}
2025-12-20 21:02:23,897 : INFO : EventManager : Event: ======'player_bodymovin_multiball_qualified_flag'====== Args={'value': 0, 'prev_value': 0, 'change': 0, 'player_num': 1, 'source': 'base'}
2025-12-20 21:02:23,897 : INFO : EventManager : Event: ======'player_girls_bonus_score'====== Args={'value': 0, 'prev_value': 0, 'change': 0, 'player_num': 1, 'source': 'base'}
2025-12-20 21:02:23,897 : INFO : EventManager : Event: ======'player_girls_blocking_flag'====== Args={'value': 0, 'prev_value': 0, 'change': 0, 'player_num': 1, 'source': 'base'}
2025-12-20 21:02:23,898 : INFO : EventManager : Event: ======'player_bonus_multiplier'====== Args={'value': 1, 'prev_value': 0, 'change': 1, 'player_num': 1, 'source': 'base'}
2025-12-20 21:02:23,898 : INFO : EventManager : Event: ======'player_player_drop_target_bank_counter_count'====== Args={'value': 0, 'prev_value': 0, 'change': 0, 'player_num': 1, 'source': 'base'}
2025-12-20 21:02:23,899 : INFO : EventManager : Event: ======'logicblock_drop_target_bank_counter_updated'====== Args={'value': 1, 'enabled': True}
2025-12-20 21:02:23,899 : INFO : EventManager : Event: ======'player_charges_remaining_variable'====== Args={'value': 20, 'prev_value': 0, 'change': 20, 'player_num': 1, 'source': 'batterycharger'}
2025-12-20 21:02:23,899 : INFO : EventManager : Event: ======'player_drop_target_bank_counter_count'====== Args={'value': 0, 'prev_value': 0, 'change': 0, 'player_num': 1, 'source': 'base'}
2025-12-20 21:02:23,900 : INFO : EventManager : Event: ======'player_drop_target_bank_counter_count'====== Args={'value': 1, 'prev_value': 0, 'change': 1, 'player_num': 1, 'source': 'base'}
2025-12-20 21:02:23,900 : INFO : EventManager : Event: ======'logicblock_battery_charged_status_updated'====== Args={'value': 0, 'enabled': True}
2025-12-20 21:02:23,901 : INFO : EventManager : Event: ======'battery_charged'====== Args={}
2025-12-20 21:02:23,901 : INFO : EventManager : Event: ======'logicblock_battery_charged_status_updated'====== Args={'value': 0, 'enabled': False}
2025-12-20 21:02:23,902 : INFO : EventManager : Event: ======'player_charges_remaining_variable'====== Args={'value': 0, 'prev_value': 20, 'change': -20, 'player_num': 1, 'source': 'batterycharger'}
2025-12-20 21:02:23,902 : INFO : EventManager : Event: ======'mode_carousel_will_start'====== Args={}
2025-12-20 21:02:23,906 : INFO : EventManager : Event: ======'mode_carousel_starting'====== Args={}
2025-12-20 21:02:23,906 : INFO : EventManager : Event: ======'player_battery_charged_yesorno'====== Args={'value': 1, 'prev_value': 0, 'change': 1, 'player_num': 1, 'source': 'base'}
2025-12-20 21:02:23,907 : INFO : EventManager : Event: ======'player_drop_target_bank_counter_count'====== Args={'value': 0, 'prev_value': 1, 'change': -1, 'player_num': 1, 'source': 'base'}
2025-12-20 21:02:23,907 : INFO : EventManager : Event: ======'mode_multiball_will_start'====== Args={'queue': <QueuedEvent>, 'player': 1, 'ball': 1, 'balls_remaining': 2, 'is_extra_ball': False}
2025-12-20 21:02:23,909 : INFO : EventManager : Event: ======'mode_multiball_starting'====== Args={'queue': <QueuedEvent>, 'player': 1, 'ball': 1, 'balls_remaining': 2, 'is_extra_ball': False}
2025-12-20 21:02:23,911 : INFO : EventManager : Event: ======'ball_save_default_enabled'====== Args={}
2025-12-20 21:02:23,911 : INFO : Mode.multiball : Started. Priority: 1000
2025-12-20 21:02:23,912 : INFO : EventManager : Event: ======'modes_active_modes_changed'====== Args={}
2025-12-20 21:02:23,912 : INFO : EventManager : Event: ======'mode_multiball_started'====== Args={'queue': <QueuedEvent>, 'player': 1, 'ball': 1, 'balls_remaining': 2, 'is_extra_ball': False}
2025-12-20 21:02:23,912 : INFO : Mode.carousel : Started. Priority: 200
2025-12-20 21:02:23,912 : INFO : EventManager : Event: ======'modes_active_modes_changed'====== Args={}
2025-12-20 21:02:23,912 : INFO : EventManager : Event: ======'mode_carousel_started'====== Args={}
2025-12-20 21:02:23,912 : INFO : blinkenlight.bl_scoop_arrow_led : Color (190, 224, 255) with key carousel added
2025-12-20 21:02:23,913 : INFO : EventManager : Event: ======'item_highlighted'====== Args={'carousel': 'carousel', 'direction': None, 'item': 'intergalactic'}
2025-12-20 21:02:23,915 : INFO : Mode.skill_shot : Started. Priority: 500
2025-12-20 21:02:23,915 : INFO : EventManager : Event: ======'modes_active_modes_changed'====== Args={}
2025-12-20 21:02:23,915 : INFO : EventManager : Event: ======'mode_skill_shot_started'====== Args={'player': 1, 'ball': 1, 'balls_remaining': 2, 'is_extra_ball': False}
2025-12-20 21:02:23,915 : INFO : EventManager : Event: ======'advance_skill_lower_pop'====== Args={'player': 1, 'ball': 1, 'balls_remaining': 2, 'is_extra_ball': False}
2025-12-20 21:02:23,916 : INFO : EventManager : Event: ======'player_shot_skillshot_lower_pop'====== Args={'value': 1, 'prev_value': 0, 'change': 1, 'player_num': 1}
2025-12-20 21:02:23,916 : INFO : Mode.combos : Started. Priority: 2000
2025-12-20 21:02:23,917 : INFO : EventManager : Event: ======'modes_active_modes_changed'====== Args={}
2025-12-20 21:02:23,917 : INFO : EventManager : Event: ======'mode_combos_started'====== Args={'player': 1, 'ball': 1, 'balls_remaining': 2, 'is_extra_ball': False}
2025-12-20 21:02:23,919 : INFO : EventManager : Event: ======'single_player_ball_started'====== Args={}
2025-12-20 21:02:23,940 : INFO : EventManager : Event: ======'ball_start_target'====== Args={'target': 'playfield'}
2025-12-20 21:02:23,942 : INFO : EventManager : Event: ======'slide_base_created'====== Args={'_from_bcp': True}
2025-12-20 21:02:23,944 : INFO : ball_device.bd_plunger : Setting up player-controlled eject. Balls: 1, Target: <playfield.playfield>, player_controlled_eject_event: None
2025-12-20 21:02:23,944 : INFO : EventManager : Event: ======'balldevice_balls_available'====== Args={}
2025-12-20 21:02:23,945 : INFO : EventManager : Event: ======'play_base_video3'====== Args={'_from_bcp': True}
2025-12-20 21:02:23,947 : INFO : ball_device.bd_trough : State: waiting_for_target_ready
2025-12-20 21:02:23,947 : INFO : EventManager : Event: ======'balldevice_bd_trough_ball_eject_attempt'====== Args={'balls': 1, 'target': <ball_device.bd_plunger>, 'source': <ball_device.bd_trough>, 'mechanical_eject': True, 'num_attempts': 0}
2025-12-20 21:02:23,948 : INFO : ball_device.bd_plunger : State: waiting_for_ball
2025-12-20 21:02:23,949 : INFO : ball_device.bd_trough : State: ejecting
2025-12-20 21:02:23,950 : INFO : ball_device.bd_trough : Ejecting ball to <ball_device.bd_plunger>
2025-12-20 21:02:23,952 : INFO : EventManager : Event: ======'balldevice_bd_trough_ejecting_ball'====== Args={'balls': 1, 'target': <ball_device.bd_plunger>, 'source': <ball_device.bd_trough>, 'mechanical_eject': True, 'num_attempts': 0}
2025-12-20 21:02:23,955 : INFO : ball_device.bd_trough : Wait for ball to leave device
2025-12-20 21:02:23,956 : INFO : coil.c_trough_eject : Pulsing Driver for 20ms (1.0 pulse_power)
2025-12-20 21:02:23,956 : INFO : SwitchController : <<<<<<< 's_trough1' inactive >>>>>>>
2025-12-20 21:02:23,961 : INFO : ball_device.bd_trough : State: ball_left
2025-12-20 21:02:23,962 : INFO : ball_device.bd_trough : Ball left
2025-12-20 21:02:23,962 : INFO : ball_device.bd_trough : Wait for confirm with timeout 3.0
2025-12-20 21:02:24,052 : INFO : SwitchController : <<<<<<< 's_plunger' active >>>>>>>
2025-12-20 21:02:24,053 : INFO : EventManager : Event: ======'machine_var_audits_switches_s_plunger'====== Args={'value': 1819, 'prev_value': 1818, 'change': 1}
2025-12-20 21:02:24,447 : INFO : EventManager : Event: ======'slide_score_overlay_created'====== Args={'_from_bcp': True}
2025-12-20 21:02:24,448 : INFO : EventManager : Event: ======'slide_attract_load_inactive'====== Args={'is_removing': True, '_from_bcp': True}
2025-12-20 21:02:24,449 : INFO : EventManager : Event: ======'slide_score_overlay_active'====== Args={'original_context': 'base', 'original_calling_context': 'mode_base_started', 'priority': 100.0, 'queue': '<QueuedEvent>', 'player': 1.0, 'ball': 1.0, 'balls_remaining': 2.0, 'is_extra_ball': False, 'cmd': 'slides_play', '_from_bcp': True}
2025-12-20 21:02:24,483 : INFO : EventManager : Event: ======'slide_attract_load_removed'====== Args={'_from_bcp': True}
2025-12-20 21:02:24,571 : INFO : ball_device.bd_plunger : Received ball from <ball_device.bd_trough>
2025-12-20 21:02:24,572 : INFO : EventManager : Event: ======'balldevice_bd_plunger_ball_enter'====== Args={'new_balls': 1, 'unclaimed_balls': 0, 'new_available_balls': 0, 'device': <ball_device.bd_plunger>}
2025-12-20 21:02:24,573 : INFO : EventManager : Event: ======'balldevice_bd_plunger_ball_entered'====== Args={'new_balls': 0, 'device': <ball_device.bd_plunger>}
2025-12-20 21:02:24,574 : INFO : EventManager : Event: ======'balldevice_bd_plunger_ball_count_changed'====== Args={'balls': 1}
2025-12-20 21:02:24,574 : INFO : ball_device.bd_trough : Got eject confirm
2025-12-20 21:02:24,574 : INFO : ball_device.bd_trough : Eject successful
2025-12-20 21:02:24,574 : INFO : EventManager : Event: ======'balldevice_bd_trough_ball_eject_success'====== Args={'balls': 1, 'target': <ball_device.bd_plunger>}
2025-12-20 21:02:24,575 : INFO : EventManager : Event: ======'balldevice_bd_trough_ball_count_changed'====== Args={'balls': 5}
2025-12-20 21:02:24,575 : INFO : ball_device.bd_trough : State: idle
2025-12-20 21:02:24,576 : INFO : ball_device.bd_plunger : State: waiting_for_target_ready
2025-12-20 21:02:24,576 : INFO : EventManager : Event: ======'balldevice_bd_plunger_ball_eject_attempt'====== Args={'balls': 1, 'target': <playfield.playfield>, 'source': <ball_device.bd_plunger>, 'mechanical_eject': True, 'num_attempts': 0}
2025-12-20 21:02:24,577 : INFO : ball_device.bd_plunger : State: ejecting
2025-12-20 21:02:24,577 : INFO : ball_device.bd_plunger : Ejecting ball to <playfield.playfield>
2025-12-20 21:02:24,577 : INFO : EventManager : Event: ======'balldevice_bd_plunger_ejecting_ball'====== Args={'balls': 1, 'target': <playfield.playfield>, 'source': <ball_device.bd_plunger>, 'mechanical_eject': True, 'num_attempts': 0}
2025-12-20 21:02:24,579 : INFO : ball_device.bd_plunger : Wait for ball to leave device
2025-12-20 21:02:24,602 : INFO : EventManager : Event: ======'slide_current_mode_highlighted_created'====== Args={'_from_bcp': True}
2025-12-20 21:02:24,603 : INFO : EventManager : Event: ======'random_mode_picker_tripletrouble'====== Args={'_from_bcp': True}
2025-12-20 21:02:24,603 : INFO : EventManager : Event: ======'carousel_advance'====== Args={'priority': 0}
2025-12-20 21:02:24,603 : INFO : EventManager : Event: ======'carousel_advance_2'====== Args={'priority': 0}
2025-12-20 21:02:24,604 : INFO : EventManager : Event: ======'item_highlighted'====== Args={'carousel': 'carousel', 'direction': 'forwards', 'item': 'paulrevere'}
2025-12-20 21:02:24,606 : INFO : EventManager : Event: ======'item_highlighted'====== Args={'carousel': 'carousel', 'direction': 'forwards', 'item': 'tripletrouble'}
2025-12-20 21:02:24,617 : INFO : EventManager : Event: ======'slide_skillshot_overlay_created'====== Args={'_from_bcp': True}
2025-12-20 21:02:24,617 : INFO : EventManager : Event: ======'slide_score_overlay_inactive'====== Args={'is_removing': False, '_from_bcp': True}
2025-12-20 21:02:24,619 : INFO : EventManager : Event: ======'slide_skillshot_overlay_active'====== Args={'original_context': 'skill_shot', 'original_calling_context': 'mode_skill_shot_started', 'priority': 500.0, 'player': 1.0, 'ball': 1.0, 'balls_remaining': 2.0, 'is_extra_ball': False, 'cmd': 'slides_play', '_from_bcp': True}
2025-12-20 21:02:24,635 : INFO : EventManager : Event: ======'slide_basevideo3_created'====== Args={'_from_bcp': True}
2025-12-20 21:02:25,378 : INFO : SwitchController : <<<<<<< 's_plunger' inactive >>>>>>>
2025-12-20 21:02:25,379 : INFO : EventManager : Event: ======'ball_out'====== Args={}
2025-12-20 21:02:25,379 : INFO : EventManager : Event: ======'ball_save_default_timer_start'====== Args={}
2025-12-20 21:02:25,385 : INFO : ball_device.bd_plunger : State: ball_left
2025-12-20 21:02:25,386 : INFO : ball_device.bd_plunger : Ball left
2025-12-20 21:02:25,386 : INFO : ball_device.bd_plunger : Wait for confirm with timeout 3.0
2025-12-20 21:02:25,612 : INFO : SwitchController : <<<<<<< 's_three_bank_top' active >>>>>>>
2025-12-20 21:02:25,612 : INFO : EventManager : Event: ======'playfield_active'====== Args={'source': 'top_drop'}
2025-12-20 21:02:25,612 : INFO : EventManager : Event: ======'playfield_active'====== Args={'source': 'skillshot_drop_targets'}
2025-12-20 21:02:25,612 : INFO : EventManager : Event: ======'s_three_bank_top_active'====== Args={}
2025-12-20 21:02:25,612 : INFO : EventManager : Event: ======'playfield_active'====== Args={'source': 'top'}
2025-12-20 21:02:25,613 : INFO : EventManager : Event: ======'drop_target_top_down'====== Args={'device': <drop_target.top>}
2025-12-20 21:02:25,613 : INFO : EventManager : Event: ======'drop_target_bank_three_bank_mixed'====== Args={'prev_value': <DropTargetBankState.UP: 'up'>, 'down': 1}
2025-12-20 21:02:25,613 : INFO : EventManager : Event: ======'machine_var_audits_switches_s_three_bank_top'====== Args={'value': 960, 'prev_value': 959, 'change': 1}
2025-12-20 21:02:25,615 : INFO : EventManager : Event: ======'player_shot_skillshot_drop_targets'====== Args={'value': 1, 'prev_value': 0, 'change': 1, 'player_num': 1}
2025-12-20 21:02:25,615 : INFO : EventManager : Event: ======'machine_var_audits_shots_skillshot_drop_targets'====== Args={'value': 385, 'prev_value': 384, 'change': 1}
2025-12-20 21:02:25,615 : INFO : EventManager : Event: ======'skillshot_drop_targets_hit'====== Args={'profile': 'skill_shot_profile', 'state': 'off', 'advancing': True}
2025-12-20 21:02:25,617 : INFO : EventManager : Event: ======'skillshot_drop_targets_skill_shot_profile_hit'====== Args={'profile': 'skill_shot_profile', 'state': 'off', 'advancing': True}
2025-12-20 21:02:25,617 : INFO : EventManager : Event: ======'skillshot_drop_targets_skill_shot_profile_off_hit'====== Args={'profile': 'skill_shot_profile', 'state': 'off', 'advancing': True}
2025-12-20 21:02:25,617 : INFO : EventManager : Event: ======'skillshot_drop_targets_off_hit'====== Args={'profile': 'skill_shot_profile', 'state': 'off', 'advancing': True}
2025-12-20 21:02:25,617 : INFO : EventManager : Event: ======'machine_var_audits_shots_top_drop'====== Args={'value': 422, 'prev_value': 421, 'change': 1}
2025-12-20 21:02:25,617 : INFO : EventManager : Event: ======'top_drop_hit'====== Args={'profile': 'base_shot_profile', 'state': 'off', 'advancing': False}
2025-12-20 21:02:25,617 : INFO : EventManager : Event: ======'top_drop_base_shot_profile_hit'====== Args={'profile': 'base_shot_profile', 'state': 'off', 'advancing': False}
2025-12-20 21:02:25,618 : INFO : EventManager : Event: ======'top_drop_base_shot_profile_off_hit'====== Args={'profile': 'base_shot_profile', 'state': 'off', 'advancing': False}
2025-12-20 21:02:25,618 : INFO : EventManager : Event: ======'top_drop_off_hit'====== Args={'profile': 'base_shot_profile', 'state': 'off', 'advancing': False}
2025-12-20 21:02:25,618 : INFO : EventManager : Event: ======'skillshot_hit'====== Args={'shot': 'skillshot_drop_targets'}
2025-12-20 21:02:25,618 : INFO : EventManager : Event: ======'skillshot_off_hit'====== Args={'shot': 'skillshot_drop_targets'}
2025-12-20 21:02:25,618 : INFO : EventManager : Event: ======'mode_skill_shot_will_stop'====== Args={}
2025-12-20 21:02:25,618 : INFO : EventManager : Event: ======'mode_skill_shot_stopping'====== Args={}
2025-12-20 21:02:25,618 : INFO : EventManager : Event: ======'player_score'====== Args={'value': 2220, 'prev_value': 0, 'change': 2220, 'player_num': 1, 'source': 'base'}
2025-12-20 21:02:25,623 : INFO : Mode.skill_shot : Stopped.
2025-12-20 21:02:25,623 : INFO : EventManager : Event: ======'modes_active_modes_changed'====== Args={}
2025-12-20 21:02:25,624 : INFO : EventManager : Event: ======'mode_skill_shot_stopped'====== Args={}
2025-12-20 21:02:25,624 : INFO : EventManager : Event: ======'clear'====== Args={'key': 'skill_shot'}
2025-12-20 21:02:25,625 : INFO : Timer.skill_shot_timeout : Stopping Timer
2025-12-20 21:02:25,625 : INFO : EventManager : Event: ======'timer_skill_shot_timeout_stopped'====== Args={'ticks': 0, 'ticks_remaining': 0}
2025-12-20 21:02:25,666 : INFO : ball_device.bd_plunger : Got eject confirm
2025-12-20 21:02:25,666 : INFO : ball_device.bd_plunger : Eject successful
2025-12-20 21:02:25,666 : INFO : EventManager : Event: ======'balldevice_bd_plunger_ball_eject_success'====== Args={'balls': 1, 'target': <playfield.playfield>}
2025-12-20 21:02:25,667 : INFO : EventManager : Event: ======'slide_skillshot_overlay_inactive'====== Args={'is_removing': True, '_from_bcp': True}
2025-12-20 21:02:25,667 : INFO : EventManager : Event: ======'slide_score_overlay_active'====== Args={'_from_bcp': True}
2025-12-20 21:02:25,668 : INFO : EventManager : Event: ======'slide_skillshot_overlay_removed'====== Args={'_from_bcp': True}
2025-12-20 21:02:25,672 : INFO : EventManager : Event: ======'balldevice_playfield_ball_enter'====== Args={'new_balls': 1, 'unclaimed_balls': 1, 'device': <playfield.playfield>}
2025-12-20 21:02:25,673 : INFO : EventManager : Event: ======'playfield_ball_count_change'====== Args={'balls': 1, 'change': 1}
2025-12-20 21:02:25,674 : INFO : EventManager : Event: ======'balldevice_bd_plunger_ball_count_changed'====== Args={'balls': 0}
2025-12-20 21:02:25,674 : INFO : ball_device.bd_plunger : State: idle
2025-12-20 21:02:31,387 : INFO : EventManager : Event: ======'ball_save_default_hurry_up'====== Args={}
2025-12-20 21:02:32,506 : INFO : SwitchController : <<<<<<< 's_scoop' active >>>>>>>
2025-12-20 21:02:32,507 : INFO : EventManager : Event: ======'s_scoop_active'====== Args={}
2025-12-20 21:02:32,507 : INFO : EventManager : Event: ======'machine_var_audits_switches_s_scoop'====== Args={'value': 865, 'prev_value': 864, 'change': 1}
2025-12-20 21:02:32,509 : INFO : EventManager : Event: ======'machine_var_audits_shots_scoop'====== Args={'value': 520, 'prev_value': 519, 'change': 1}
2025-12-20 21:02:32,510 : INFO : EventManager : Event: ======'scoop_hit'====== Args={'profile': 'base_shot_profile', 'state': 'off', 'advancing': False}
2025-12-20 21:02:32,510 : INFO : EventManager : Event: ======'scoop_base_shot_profile_hit'====== Args={'profile': 'base_shot_profile', 'state': 'off', 'advancing': False}
2025-12-20 21:02:32,510 : INFO : EventManager : Event: ======'scoop_base_shot_profile_off_hit'====== Args={'profile': 'base_shot_profile', 'state': 'off', 'advancing': False}
2025-12-20 21:02:32,511 : INFO : EventManager : Event: ======'scoop_off_hit'====== Args={'profile': 'base_shot_profile', 'state': 'off', 'advancing': False}
2025-12-20 21:02:32,511 : INFO : EventManager : Event: ======'carousel_tripletrouble_selected'====== Args={}
2025-12-20 21:02:32,511 : INFO : EventManager : Event: ======'carousel_item_selected'====== Args={}
2025-12-20 21:02:32,511 : INFO : EventManager : Event: ======'player_score'====== Args={'value': 4530, 'prev_value': 2220, 'change': 2310, 'player_num': 1, 'source': 'base'}
2025-12-20 21:02:32,511 : INFO : EventManager : Event: ======'logicblock_superpops_counter_updated'====== Args={'value': 1, 'enabled': True}
2025-12-20 21:02:32,511 : INFO : EventManager : Event: ======'counter_superpops_counter_hit'====== Args={'count': 1, 'hits': 1, 'remaining': 6}
2025-12-20 21:02:32,511 : INFO : EventManager : Event: ======'logicblock_superpops_counter_hit'====== Args={'count': 1, 'hits': 1, 'remaining': 6}
2025-12-20 21:02:32,511 : INFO : EventManager : Event: ======'logicblock_battery_charged_status_updated'====== Args={'value': -5, 'enabled': False}
2025-12-20 21:02:32,513 : INFO : EventManager : Event: ======'mode_tripletrouble_will_start'====== Args={}
2025-12-20 21:02:32,514 : INFO : EventManager : Event: ======'player_tripletrouble_tripletrouble_intro_show_tick'====== Args={'value': 0, 'prev_value': 0, 'change': 0, 'player_num': 1}
2025-12-20 21:02:32,514 : INFO : EventManager : Event: ======'player_tripletrouble_tripletrouble_time_remaining_tick'====== Args={'value': 60, 'prev_value': 0, 'change': 60, 'player_num': 1}
2025-12-20 21:02:32,518 : INFO : EventManager : Event: ======'mode_tripletrouble_starting'====== Args={}
2025-12-20 21:02:32,519 : INFO : EventManager : Event: ======'player_selected_mode'====== Args={'value': 'Triple Trouble', 'prev_value': 0, 'change': True, 'player_num': 1, 'source': 'carousel'}
2025-12-20 21:02:32,519 : INFO : EventManager : Event: ======'mode_carousel_will_stop'====== Args={}
2025-12-20 21:02:32,519 : INFO : EventManager : Event: ======'mode_carousel_stopping'====== Args={}
2025-12-20 21:02:32,520 : INFO : blinkenlight.bl_scoop_arrow_led : Color removed with key carousel
2025-12-20 21:02:32,526 : INFO : EventManager : Event: ======'player_charges_remaining_variable'====== Args={'value': -5, 'prev_value': 0, 'change': -5, 'player_num': 1, 'source': 'batterycharger'}
2025-12-20 21:02:32,530 : INFO : Mode.carousel : Stopped.
2025-12-20 21:02:32,530 : INFO : EventManager : Event: ======'modes_active_modes_changed'====== Args={}
2025-12-20 21:02:32,531 : INFO : EventManager : Event: ======'mode_carousel_stopped'====== Args={}
2025-12-20 21:02:32,531 : INFO : EventManager : Event: ======'clear'====== Args={'key': 'carousel'}
2025-12-20 21:02:32,557 : INFO : EventManager : Event: ======'logicblock_tripletrouble_shot_1_updated'====== Args={'value': 0, 'enabled': True}
2025-12-20 21:02:32,558 : INFO : EventManager : Event: ======'logicblock_tripletrouble_standups_counter_updated'====== Args={'value': 7, 'enabled': False}
2025-12-20 21:02:32,558 : INFO : EventManager : Event: ======'logicblock_tripletrouble_shot_1_updated'====== Args={'value': 0, 'enabled': True}
2025-12-20 21:02:32,558 : INFO : EventManager : Event: ======'logicblock_tripletrouble_shot_2_updated'====== Args={'value': 0, 'enabled': False}
2025-12-20 21:02:32,558 : INFO : Mode.tripletrouble : Started. Priority: 1000
2025-12-20 21:02:32,558 : INFO : EventManager : Event: ======'modes_active_modes_changed'====== Args={}
2025-12-20 21:02:32,559 : INFO : EventManager : Event: ======'mode_tripletrouble_started'====== Args={}
2025-12-20 21:02:32,559 : INFO : EventManager : Event: ======'logicblock_tripletrouble_standups_counter_updated'====== Args={'value': 7, 'enabled': True}
2025-12-20 21:02:32,559 : INFO : EventManager : Event: ======'logicblock_tripletrouble_standups_counter_updated'====== Args={'value': 7, 'enabled': True}
2025-12-20 21:02:32,559 : INFO : EventManager : Event: ======'logicblock_tripletrouble_standups_counter_updated'====== Args={'value': 7, 'enabled': True}
2025-12-20 21:02:32,561 : INFO : EventManager : Event: ======'player_mode_blocking_flag'====== Args={'value': 1, 'prev_value': 0, 'change': 1, 'player_num': 1, 'source': 'tripletrouble'}
2025-12-20 21:02:32,561 : INFO : EventManager : Event: ======'player_tripletrouble_standups_remaining'====== Args={'value': 7, 'prev_value': 0, 'change': 7, 'player_num': 1, 'source': 'tripletrouble'}
2025-12-20 21:02:32,561 : INFO : EventManager : Event: ======'achievement_tripletrouble_mode_changed_state'====== Args={'restore': False, 'state': 'started', 'selected': False}
2025-12-20 21:02:32,561 : INFO : EventManager : Event: ======'achievement_tripletrouble_mode_state_started'====== Args={'restore': False, 'state': 'started', 'selected': False}
2025-12-20 21:02:32,562 : INFO : EventManager : Event: ======'player_mode_tripletrouble_score'====== Args={'value': 0, 'prev_value': 0, 'change': 0, 'player_num': 1, 'source': 'base'}
2025-12-20 21:02:32,562 : INFO : EventManager : Event: ======'player_modes_played'====== Args={'value': 1, 'prev_value': 0, 'change': 1, 'player_num': 1, 'source': 'base'}
2025-12-20 21:02:32,563 : INFO : EventManager : Event: ======'player_battery_charged_yesorno'====== Args={'value': 0, 'prev_value': 1, 'change': -1, 'player_num': 1, 'source': 'base'}
2025-12-20 21:02:32,563 : INFO : EventManager : Event: ======'logicblock_played_modes_count_updated'====== Args={'value': 1, 'enabled': True}
2025-12-20 21:02:32,563 : INFO : EventManager : Event: ======'counter_played_modes_count_hit'====== Args={'count': 1, 'hits': 1, 'remaining': -2}
2025-12-20 21:02:32,563 : INFO : EventManager : Event: ======'logicblock_played_modes_count_hit'====== Args={'count': 1, 'hits': 1, 'remaining': -2}
2025-12-20 21:02:32,563 : INFO : EventManager : Event: ======'logicblock_played_modes_count_complete'====== Args={}
2025-12-20 21:02:32,564 : INFO : Timer.tripletrouble_intro_show : Starting Timer.
2025-12-20 21:02:32,564 : INFO : EventManager : Event: ======'timer_tripletrouble_intro_show_started'====== Args={'ticks': 0, 'ticks_remaining': 5}
2025-12-20 21:02:32,564 : INFO : EventManager : Event: ======'timer_tripletrouble_intro_show_tick'====== Args={'ticks': 0, 'ticks_remaining': 5}
2025-12-20 21:02:32,584 : INFO : EventManager : Event: ======'player_tripletrouble_intro_show_variable_times_100'====== Args={'value': 0, 'prev_value': 0, 'change': 0, 'player_num': 1, 'source': 'tripletrouble'}
2025-12-20 21:02:32,584 : INFO : EventManager : Event: ======'slide_current_mode_highlighted_removed'====== Args={'_from_bcp': True}
2025-12-20 21:02:32,607 : INFO : EventManager : Event: ======'slide_base_removed'====== Args={'_from_bcp': True}
2025-12-20 21:02:32,609 : INFO : EventManager : Event: ======'slide_basevideo3_removed'====== Args={'_from_bcp': True}
2025-12-20 21:02:32,643 : INFO : EventManager : Event: ======'slide_tripletrouble_created'====== Args={'_from_bcp': True}
2025-12-20 21:02:32,648 : INFO : EventManager : Event: ======'slide_tripletrouble_instructions_created'====== Args={'_from_bcp': True}
2025-12-20 21:02:33,006 : INFO : EventManager : Event: ======'balldevice_bd_scoop_ball_count_changed'====== Args={'balls': 1}
2025-12-20 21:02:33,006 : INFO : ball_device.bd_scoop : Received unexpected ball
2025-12-20 21:02:33,007 : INFO : EventManager : Event: ======'balldevice_captured_from_playfield'====== Args={'balls': 1}
2025-12-20 21:02:33,007 : INFO : EventManager : Event: ======'sw_playfield_active'====== Args={'balls': 1}
2025-12-20 21:02:33,008 : INFO : EventManager : Event: ======'playfield_ball_count_change'====== Args={'balls': 0, 'change': -1}
2025-12-20 21:02:33,008 : INFO : EventManager : Event: ======'balldevice_bd_scoop_ball_enter'====== Args={'new_balls': 1, 'unclaimed_balls': 1, 'new_available_balls': 1, 'device': <ball_device.bd_scoop>}
2025-12-20 21:02:33,009 : INFO : EventManager : Event: ======'ball_hold_tripletrouble_scoop_hold_held_ball'====== Args={'balls_held': 1, 'total_balls_held': 1}
2025-12-20 21:02:33,010 : INFO : EventManager : Event: ======'ball_hold_tripletrouble_scoop_hold_full'====== Args={'balls': 1}
2025-12-20 21:02:33,010 : INFO : EventManager : Event: ======'balldevice_balls_available'====== Args={}
2025-12-20 21:02:33,010 : INFO : EventManager : Event: ======'balldevice_bd_scoop_ball_entered'====== Args={'new_balls': 1, 'device': <ball_device.bd_scoop>}
2025-12-20 21:02:33,568 : INFO : EventManager : Event: ======'player_tripletrouble_tripletrouble_intro_show_tick'====== Args={'value': 1, 'prev_value': 0, 'change': 1, 'player_num': 1}
2025-12-20 21:02:33,569 : INFO : EventManager : Event: ======'timer_tripletrouble_intro_show_tick'====== Args={'ticks': 1, 'ticks_remaining': 4}
2025-12-20 21:02:33,575 : INFO : EventManager : Event: ======'player_tripletrouble_intro_show_variable_times_100'====== Args={'value': 100, 'prev_value': 0, 'change': 100, 'player_num': 1, 'source': 'tripletrouble'}
2025-12-20 21:02:34,562 : INFO : EventManager : Event: ======'player_tripletrouble_tripletrouble_intro_show_tick'====== Args={'value': 2, 'prev_value': 1, 'change': 1, 'player_num': 1}
2025-12-20 21:02:34,563 : INFO : EventManager : Event: ======'timer_tripletrouble_intro_show_tick'====== Args={'ticks': 2, 'ticks_remaining': 3}
2025-12-20 21:02:34,567 : INFO : EventManager : Event: ======'player_tripletrouble_intro_show_variable_times_100'====== Args={'value': 200, 'prev_value': 100, 'change': 100, 'player_num': 1, 'source': 'tripletrouble'}
2025-12-20 21:02:35,392 : INFO : EventManager : Event: ======'ball_save_default_grace_period'====== Args={}
2025-12-20 21:02:35,547 : INFO : EventManager : Event: ======'player_tripletrouble_tripletrouble_intro_show_tick'====== Args={'value': 3, 'prev_value': 2, 'change': 1, 'player_num': 1}
2025-12-20 21:02:35,548 : INFO : EventManager : Event: ======'timer_tripletrouble_intro_show_tick'====== Args={'ticks': 3, 'ticks_remaining': 2}
2025-12-20 21:02:35,554 : INFO : EventManager : Event: ======'player_tripletrouble_intro_show_variable_times_100'====== Args={'value': 300, 'prev_value': 200, 'change': 100, 'player_num': 1, 'source': 'tripletrouble'}
2025-12-20 21:02:36,560 : INFO : EventManager : Event: ======'player_tripletrouble_tripletrouble_intro_show_tick'====== Args={'value': 4, 'prev_value': 3, 'change': 1, 'player_num': 1}
2025-12-20 21:02:36,561 : INFO : EventManager : Event: ======'timer_tripletrouble_intro_show_tick'====== Args={'ticks': 4, 'ticks_remaining': 1}
2025-12-20 21:02:36,570 : INFO : EventManager : Event: ======'player_tripletrouble_intro_show_variable_times_100'====== Args={'value': 400, 'prev_value': 300, 'change': 100, 'player_num': 1, 'source': 'tripletrouble'}
2025-12-20 21:02:37,403 : INFO : EventManager : Event: ======'ball_save_default_disabled'====== Args={}
2025-12-20 21:02:37,557 : INFO : EventManager : Event: ======'player_tripletrouble_tripletrouble_intro_show_tick'====== Args={'value': 5, 'prev_value': 4, 'change': 1, 'player_num': 1}
2025-12-20 21:02:37,559 : INFO : Timer.tripletrouble_intro_show : Timer Complete
2025-12-20 21:02:37,559 : INFO : Timer.tripletrouble_intro_show : Stopping Timer
2025-12-20 21:02:37,559 : INFO : EventManager : Event: ======'timer_tripletrouble_intro_show_stopped'====== Args={'ticks': 5, 'ticks_remaining': 1}
2025-12-20 21:02:37,559 : INFO : EventManager : Event: ======'timer_tripletrouble_intro_show_complete'====== Args={'ticks': 5, 'ticks_remaining': 1}
2025-12-20 21:02:37,564 : INFO : ball_device.bd_scoop : Adding 1 ball(s) to the eject_queue with target <playfield.playfield>.
2025-12-20 21:02:37,564 : INFO : EventManager : Event: ======'balldevice_balls_available'====== Args={}
2025-12-20 21:02:37,564 : INFO : EventManager : Event: ======'ball_hold_tripletrouble_scoop_hold_balls_released'====== Args={'balls_released': 1}
2025-12-20 21:02:37,565 : INFO : blinkenlight.bl_lowerrightstandup_circle_led : Color (50, 205, 50) with key tripletrouble added
2025-12-20 21:02:37,565 : INFO : blinkenlight.bl_dropstandup_flasher_led : Color (50, 205, 50) with key tripletrouble added
2025-12-20 21:02:37,565 : INFO : blinkenlight.bl_upperpop_smallarrow_led : Color (50, 205, 50) with key tripletrouble added
2025-12-20 21:02:37,565 : INFO : blinkenlight.bl_tshirttopcircle_led : Color (50, 205, 50) with key tripletrouble added
2025-12-20 21:02:37,566 : INFO : blinkenlight.bl_tshirtbottomcircle_led : Color (50, 205, 50) with key tripletrouble added
2025-12-20 21:02:37,566 : INFO : blinkenlight.bl_captiveball_smallcircle_led : Color (50, 205, 50) with key tripletrouble added
2025-12-20 21:02:37,567 : INFO : Timer.tripletrouble_time_remaining : Starting Timer.
2025-12-20 21:02:37,567 : INFO : EventManager : Event: ======'timer_tripletrouble_time_remaining_started'====== Args={'ticks': 60, 'ticks_remaining': 60}
2025-12-20 21:02:37,567 : INFO : EventManager : Event: ======'timer_tripletrouble_time_remaining_tick'====== Args={'ticks': 60, 'ticks_remaining': 60}
2025-12-20 21:02:37,568 : INFO : EventManager : Event: ======'ball_save_mode_start_timer_start'====== Args={}
2025-12-20 21:02:37,568 : INFO : EventManager : Event: ======'ball_save_mode_start_enabled'====== Args={}
2025-12-20 21:02:37,568 : INFO : EventManager : Event: ======'player_tripletrouble_time_remaining_variable_times_1'====== Args={'value': 60, 'prev_value': 0, 'change': 60, 'player_num': 1, 'source': 'tripletrouble'}
2025-12-20 21:02:37,576 : INFO : EventManager : Event: ======'slide_tripletrouble_instructions_removed'====== Args={'_from_bcp': True}
2025-12-20 21:02:37,577 : INFO : ball_device.bd_scoop : State: waiting_for_target_ready
2025-12-20 21:02:37,578 : INFO : EventManager : Event: ======'balldevice_bd_scoop_ball_eject_attempt'====== Args={'balls': 1, 'target': <playfield.playfield>, 'source': <ball_device.bd_scoop>, 'mechanical_eject': False, 'num_attempts': 0}
2025-12-20 21:02:37,579 : INFO : EventManager : Event: ======'slide_tripletrouble_standups_counter_created'====== Args={'_from_bcp': True}
2025-12-20 21:02:37,580 : INFO : ball_device.bd_scoop : State: ejecting
2025-12-20 21:02:37,580 : INFO : ball_device.bd_scoop : Ejecting ball to <playfield.playfield>
2025-12-20 21:02:37,580 : INFO : EventManager : Event: ======'balldevice_bd_scoop_ejecting_ball'====== Args={'balls': 1, 'target': <playfield.playfield>, 'source': <ball_device.bd_scoop>, 'mechanical_eject': False, 'num_attempts': 0}
2025-12-20 21:02:37,580 : INFO : ball_device.bd_scoop : Wait for ball to leave device
2025-12-20 21:02:37,580 : INFO : coil.c_scoop_eject : Pulsing Driver for 25ms (1.0 pulse_power)
2025-12-20 21:02:37,581 : INFO : SwitchController : <<<<<<< 's_scoop' inactive >>>>>>>
2025-12-20 21:02:37,587 : INFO : EventManager : Event: ======'slide_tripletrouble_display_timer_created'====== Args={'_from_bcp': True}
2025-12-20 21:02:37,588 : INFO : ball_device.bd_scoop : State: ball_left
2025-12-20 21:02:37,589 : INFO : ball_device.bd_scoop : Ball left
2025-12-20 21:02:37,589 : INFO : ball_device.bd_scoop : Wait for confirm with timeout 3.0
2025-12-20 21:02:38,545 : INFO : EventManager : Event: ======'player_tripletrouble_tripletrouble_time_remaining_tick'====== Args={'value': 59, 'prev_value': 60, 'change': -1, 'player_num': 1}
2025-12-20 21:02:38,547 : INFO : EventManager : Event: ======'timer_tripletrouble_time_remaining_tick'====== Args={'ticks': 59, 'ticks_remaining': 59}
2025-12-20 21:02:38,551 : INFO : EventManager : Event: ======'player_tripletrouble_time_remaining_variable_times_1'====== Args={'value': 59, 'prev_value': 60, 'change': -1, 'player_num': 1, 'source': 'tripletrouble'}
2025-12-20 21:02:39,268 : INFO : SwitchController : <<<<<<< 's_trough1' active >>>>>>>
2025-12-20 21:02:39,268 : INFO : EventManager : Event: ======'machine_var_audits_switches_s_trough1'====== Args={'value': 470, 'prev_value': 469, 'change': 1}
2025-12-20 21:02:39,556 : INFO : EventManager : Event: ======'player_tripletrouble_tripletrouble_time_remaining_tick'====== Args={'value': 58, 'prev_value': 59, 'change': -1, 'player_num': 1}
2025-12-20 21:02:39,557 : INFO : EventManager : Event: ======'timer_tripletrouble_time_remaining_tick'====== Args={'ticks': 58, 'ticks_remaining': 58}
2025-12-20 21:02:39,562 : INFO : EventManager : Event: ======'player_tripletrouble_time_remaining_variable_times_1'====== Args={'value': 58, 'prev_value': 59, 'change': -1, 'player_num': 1, 'source': 'tripletrouble'}
2025-12-20 21:02:39,791 : INFO : EventManager : Event: ======'balldevice_bd_trough_ball_count_changed'====== Args={'balls': 6}
2025-12-20 21:02:39,791 : INFO : ball_device.bd_trough : Received unexpected ball
2025-12-20 21:02:39,791 : INFO : EventManager : Event: ======'balldevice_captured_from_playfield'====== Args={'balls': 1}
2025-12-20 21:02:39,793 : INFO : EventManager : Event: ======'sw_playfield_active'====== Args={'balls': 1}
2025-12-20 21:02:39,793 : INFO : EventManager : Event: ======'playfield_active'====== Args={'source': None}
2025-12-20 21:02:39,793 : INFO : EventManager : Event: ======'playfield_ball_count_change'====== Args={'balls': -1, 'change': -1}
2025-12-20 21:02:39,794 : INFO : EventManager : Event: ======'balldevice_bd_trough_ball_enter'====== Args={'new_balls': 1, 'unclaimed_balls': 1, 'new_available_balls': 1, 'device': <ball_device.bd_trough>}
2025-12-20 21:02:39,795 : INFO : EventManager : Event: ======'ball_drain'====== Args={'device': <ball_device.bd_trough>, 'balls': 1}
2025-12-20 21:02:39,795 : INFO : EventManager : Event: ======'ball_save_mode_start_saving_ball'====== Args={'balls': 1, 'early_save': False}
2025-12-20 21:02:39,795 : INFO : ball_device.bd_plunger : Adding 1 ball(s) to the eject_queue with target <playfield.playfield>.
2025-12-20 21:02:39,796 : INFO : EventManager : Event: ======'balldevice_balls_available'====== Args={}
2025-12-20 21:02:39,797 : INFO : ball_device.bd_scoop : Got eject confirm
2025-12-20 21:02:39,797 : INFO : ball_device.bd_scoop : Eject successful
2025-12-20 21:02:39,797 : INFO : EventManager : Event: ======'balldevice_bd_scoop_ball_eject_success'====== Args={'balls': 1, 'target': <playfield.playfield>}
2025-12-20 21:02:39,797 : INFO : EventManager : Event: ======'balldevice_playfield_ball_enter'====== Args={'new_balls': 1, 'unclaimed_balls': 1, 'device': <playfield.playfield>}
2025-12-20 21:02:39,797 : INFO : EventManager : Event: ======'playfield_ball_count_change'====== Args={'balls': 0, 'change': 1}
2025-12-20 21:02:39,798 : INFO : EventManager : Event: ======'balldevice_balls_available'====== Args={}
2025-12-20 21:02:39,798 : INFO : EventManager : Event: ======'balldevice_bd_trough_ball_entered'====== Args={'new_balls': 1, 'device': <ball_device.bd_trough>}
2025-12-20 21:02:39,799 : INFO : EventManager : Event: ======'balldevice_bd_scoop_ball_count_changed'====== Args={'balls': 0}
2025-12-20 21:02:39,799 : INFO : ball_device.bd_scoop : State: idle
2025-12-20 21:02:39,801 : INFO : ball_device.bd_trough : State: waiting_for_target_ready
2025-12-20 21:02:39,802 : INFO : EventManager : Event: ======'balldevice_bd_trough_ball_eject_attempt'====== Args={'balls': 1, 'target': <ball_device.bd_plunger>, 'source': <ball_device.bd_trough>, 'mechanical_eject': False, 'num_attempts': 0}
2025-12-20 21:02:39,802 : INFO : ball_device.bd_plunger : State: waiting_for_ball
2025-12-20 21:02:39,803 : INFO : ball_device.bd_trough : State: ejecting
2025-12-20 21:02:39,804 : INFO : ball_device.bd_trough : Ejecting ball to <ball_device.bd_plunger>
2025-12-20 21:02:39,804 : INFO : EventManager : Event: ======'balldevice_bd_trough_ejecting_ball'====== Args={'balls': 1, 'target': <ball_device.bd_plunger>, 'source': <ball_device.bd_trough>, 'mechanical_eject': False, 'num_attempts': 0}
2025-12-20 21:02:39,805 : INFO : ball_device.bd_trough : Wait for ball to leave device
2025-12-20 21:02:39,805 : INFO : coil.c_trough_eject : Pulsing Driver for 20ms (1.0 pulse_power)
2025-12-20 21:02:39,806 : INFO : SwitchController : <<<<<<< 's_trough1' inactive >>>>>>>
2025-12-20 21:02:39,810 : INFO : ball_device.bd_trough : State: ball_left
2025-12-20 21:02:39,812 : INFO : ball_device.bd_trough : Ball left
2025-12-20 21:02:39,812 : INFO : ball_device.bd_trough : Wait for confirm with timeout 3.0
2025-12-20 21:02:39,901 : INFO : SwitchController : <<<<<<< 's_plunger' active >>>>>>>
2025-12-20 21:02:39,902 : INFO : EventManager : Event: ======'machine_var_audits_switches_s_plunger'====== Args={'value': 1820, 'prev_value': 1819, 'change': 1}
2025-12-20 21:02:40,400 : INFO : ball_device.bd_plunger : Received ball from <ball_device.bd_trough>
2025-12-20 21:02:40,400 : INFO : EventManager : Event: ======'balldevice_bd_plunger_ball_enter'====== Args={'new_balls': 1, 'unclaimed_balls': 0, 'new_available_balls': 0, 'device': <ball_device.bd_plunger>}
2025-12-20 21:02:40,402 : INFO : EventManager : Event: ======'balldevice_bd_plunger_ball_entered'====== Args={'new_balls': 0, 'device': <ball_device.bd_plunger>}
2025-12-20 21:02:40,403 : INFO : EventManager : Event: ======'balldevice_bd_plunger_ball_count_changed'====== Args={'balls': 1}
2025-12-20 21:02:40,403 : INFO : ball_device.bd_trough : Got eject confirm
2025-12-20 21:02:40,403 : INFO : ball_device.bd_trough : Eject successful
2025-12-20 21:02:40,403 : INFO : EventManager : Event: ======'balldevice_bd_trough_ball_eject_success'====== Args={'balls': 1, 'target': <ball_device.bd_plunger>}
2025-12-20 21:02:40,404 : INFO : EventManager : Event: ======'balldevice_bd_trough_ball_count_changed'====== Args={'balls': 5}
2025-12-20 21:02:40,404 : INFO : ball_device.bd_trough : State: idle
2025-12-20 21:02:40,405 : INFO : ball_device.bd_plunger : State: waiting_for_target_ready
2025-12-20 21:02:40,405 : INFO : EventManager : Event: ======'balldevice_bd_plunger_ball_eject_attempt'====== Args={'balls': 1, 'target': <playfield.playfield>, 'source': <ball_device.bd_plunger>, 'mechanical_eject': False, 'num_attempts': 0}
2025-12-20 21:02:40,406 : INFO : ball_device.bd_plunger : State: ejecting
2025-12-20 21:02:40,406 : INFO : ball_device.bd_plunger : Ejecting ball to <playfield.playfield>
2025-12-20 21:02:40,406 : INFO : EventManager : Event: ======'balldevice_bd_plunger_ejecting_ball'====== Args={'balls': 1, 'target': <playfield.playfield>, 'source': <ball_device.bd_plunger>, 'mechanical_eject': False, 'num_attempts': 0}
2025-12-20 21:02:40,407 : INFO : ball_device.bd_plunger : Wait for ball to leave device
2025-12-20 21:02:40,408 : INFO : coil.c_plunger : Pulsing Driver for 20ms (1.0 pulse_power)
2025-12-20 21:02:40,408 : INFO : SwitchController : <<<<<<< 's_plunger' inactive >>>>>>>
2025-12-20 21:02:40,408 : INFO : EventManager : Event: ======'ball_out'====== Args={}
2025-12-20 21:02:40,413 : INFO : ball_device.bd_plunger : State: ball_left
2025-12-20 21:02:40,414 : INFO : ball_device.bd_plunger : Ball left
2025-12-20 21:02:40,414 : INFO : ball_device.bd_plunger : Wait for confirm with timeout 3.0
2025-12-20 21:02:40,571 : INFO : EventManager : Event: ======'ball_save_mode_start_hurry_up'====== Args={}
2025-12-20 21:02:40,572 : INFO : EventManager : Event: ======'player_tripletrouble_tripletrouble_time_remaining_tick'====== Args={'value': 57, 'prev_value': 58, 'change': -1, 'player_num': 1}
2025-12-20 21:02:40,572 : INFO : EventManager : Event: ======'timer_tripletrouble_time_remaining_tick'====== Args={'ticks': 57, 'ticks_remaining': 57}
2025-12-20 21:02:40,577 : INFO : EventManager : Event: ======'player_tripletrouble_time_remaining_variable_times_1'====== Args={'value': 57, 'prev_value': 58, 'change': -1, 'player_num': 1, 'source': 'tripletrouble'}
2025-12-20 21:02:41,554 : INFO : EventManager : Event: ======'player_tripletrouble_tripletrouble_time_remaining_tick'====== Args={'value': 56, 'prev_value': 57, 'change': -1, 'player_num': 1}
2025-12-20 21:02:41,554 : INFO : EventManager : Event: ======'timer_tripletrouble_time_remaining_tick'====== Args={'ticks': 56, 'ticks_remaining': 56}
2025-12-20 21:02:41,559 : INFO : EventManager : Event: ======'player_tripletrouble_time_remaining_variable_times_1'====== Args={'value': 56, 'prev_value': 57, 'change': -1, 'player_num': 1, 'source': 'tripletrouble'}
2025-12-20 21:02:42,573 : INFO : EventManager : Event: ======'ball_save_mode_start_grace_period'====== Args={}
2025-12-20 21:02:42,574 : INFO : EventManager : Event: ======'player_tripletrouble_tripletrouble_time_remaining_tick'====== Args={'value': 55, 'prev_value': 56, 'change': -1, 'player_num': 1}
2025-12-20 21:02:42,575 : INFO : EventManager : Event: ======'timer_tripletrouble_time_remaining_tick'====== Args={'ticks': 55, 'ticks_remaining': 55}
2025-12-20 21:02:42,580 : INFO : EventManager : Event: ======'player_tripletrouble_time_remaining_variable_times_1'====== Args={'value': 55, 'prev_value': 56, 'change': -1, 'player_num': 1, 'source': 'tripletrouble'}
2025-12-20 21:02:43,434 : INFO : ball_device.bd_plunger : State: failed_confirm
2025-12-20 21:02:43,434 : INFO : ball_device.bd_plunger : Got timeout (3.0s) before confirm from <playfield.playfield>
2025-12-20 21:02:43,530 : INFO : ball_device.bd_plunger : Confirming eject because target is playfield and ball did not return.
2025-12-20 21:02:43,530 : INFO : ball_device.bd_plunger : Eject successful
2025-12-20 21:02:43,530 : INFO : EventManager : Event: ======'balldevice_bd_plunger_ball_eject_success'====== Args={'balls': 1, 'target': <playfield.playfield>}
2025-12-20 21:02:43,531 : INFO : EventManager : Event: ======'balldevice_playfield_ball_enter'====== Args={'new_balls': 1, 'unclaimed_balls': 1, 'device': <playfield.playfield>}
2025-12-20 21:02:43,531 : INFO : EventManager : Event: ======'playfield_ball_count_change'====== Args={'balls': 1, 'change': 1}
2025-12-20 21:02:43,532 : INFO : EventManager : Event: ======'balldevice_bd_plunger_ball_count_changed'====== Args={'balls': 0}
2025-12-20 21:02:43,532 : INFO : ball_device.bd_plunger : State: idle
2025-12-20 21:02:43,560 : INFO : EventManager : Event: ======'ball_save_mode_start_disabled'====== Args={}
2025-12-20 21:02:43,560 : INFO : EventManager : Event: ======'player_tripletrouble_tripletrouble_time_remaining_tick'====== Args={'value': 54, 'prev_value': 55, 'change': -1, 'player_num': 1}
2025-12-20 21:02:43,562 : INFO : EventManager : Event: ======'timer_tripletrouble_time_remaining_tick'====== Args={'ticks': 54, 'ticks_remaining': 54}
2025-12-20 21:02:43,566 : INFO : EventManager : Event: ======'player_tripletrouble_time_remaining_variable_times_1'====== Args={'value': 54, 'prev_value': 55, 'change': -1, 'player_num': 1, 'source': 'tripletrouble'}
2025-12-20 21:02:44,573 : INFO : EventManager : Event: ======'player_tripletrouble_tripletrouble_time_remaining_tick'====== Args={'value': 53, 'prev_value': 54, 'change': -1, 'player_num': 1}
2025-12-20 21:02:44,574 : INFO : EventManager : Event: ======'timer_tripletrouble_time_remaining_tick'====== Args={'ticks': 53, 'ticks_remaining': 53}
2025-12-20 21:02:44,579 : INFO : EventManager : Event: ======'player_tripletrouble_time_remaining_variable_times_1'====== Args={'value': 53, 'prev_value': 54, 'change': -1, 'player_num': 1, 'source': 'tripletrouble'}
2025-12-20 21:02:45,569 : INFO : EventManager : Event: ======'player_tripletrouble_tripletrouble_time_remaining_tick'====== Args={'value': 52, 'prev_value': 53, 'change': -1, 'player_num': 1}
2025-12-20 21:02:45,570 : INFO : EventManager : Event: ======'timer_tripletrouble_time_remaining_tick'====== Args={'ticks': 52, 'ticks_remaining': 52}
2025-12-20 21:02:45,575 : INFO : EventManager : Event: ======'player_tripletrouble_time_remaining_variable_times_1'====== Args={'value': 52, 'prev_value': 53, 'change': -1, 'player_num': 1, 'source': 'tripletrouble'}
2025-12-20 21:02:46,551 : INFO : EventManager : Event: ======'player_tripletrouble_tripletrouble_time_remaining_tick'====== Args={'value': 51, 'prev_value': 52, 'change': -1, 'player_num': 1}
2025-12-20 21:02:46,552 : INFO : EventManager : Event: ======'timer_tripletrouble_time_remaining_tick'====== Args={'ticks': 51, 'ticks_remaining': 51}
2025-12-20 21:02:46,557 : INFO : EventManager : Event: ======'player_tripletrouble_time_remaining_variable_times_1'====== Args={'value': 51, 'prev_value': 52, 'change': -1, 'player_num': 1, 'source': 'tripletrouble'}
2025-12-20 21:02:47,567 : INFO : EventManager : Event: ======'player_tripletrouble_tripletrouble_time_remaining_tick'====== Args={'value': 50, 'prev_value': 51, 'change': -1, 'player_num': 1}
2025-12-20 21:02:47,568 : INFO : EventManager : Event: ======'timer_tripletrouble_time_remaining_tick'====== Args={'ticks': 50, 'ticks_remaining': 50}
2025-12-20 21:02:47,573 : INFO : EventManager : Event: ======'player_tripletrouble_time_remaining_variable_times_1'====== Args={'value': 50, 'prev_value': 51, 'change': -1, 'player_num': 1, 'source': 'tripletrouble'}
2025-12-20 21:02:48,552 : INFO : EventManager : Event: ======'player_tripletrouble_tripletrouble_time_remaining_tick'====== Args={'value': 49, 'prev_value': 50, 'change': -1, 'player_num': 1}
2025-12-20 21:02:48,552 : INFO : EventManager : Event: ======'timer_tripletrouble_time_remaining_tick'====== Args={'ticks': 49, 'ticks_remaining': 49}
2025-12-20 21:02:48,557 : INFO : EventManager : Event: ======'player_tripletrouble_time_remaining_variable_times_1'====== Args={'value': 49, 'prev_value': 50, 'change': -1, 'player_num': 1, 'source': 'tripletrouble'}
2025-12-20 21:02:49,572 : INFO : EventManager : Event: ======'player_tripletrouble_tripletrouble_time_remaining_tick'====== Args={'value': 48, 'prev_value': 49, 'change': -1, 'player_num': 1}
2025-12-20 21:02:49,573 : INFO : EventManager : Event: ======'timer_tripletrouble_time_remaining_tick'====== Args={'ticks': 48, 'ticks_remaining': 48}
2025-12-20 21:02:49,580 : INFO : EventManager : Event: ======'player_tripletrouble_time_remaining_variable_times_1'====== Args={'value': 48, 'prev_value': 49, 'change': -1, 'player_num': 1, 'source': 'tripletrouble'}
2025-12-20 21:02:50,552 : INFO : EventManager : Event: ======'player_tripletrouble_tripletrouble_time_remaining_tick'====== Args={'value': 47, 'prev_value': 48, 'change': -1, 'player_num': 1}
2025-12-20 21:02:50,553 : INFO : EventManager : Event: ======'timer_tripletrouble_time_remaining_tick'====== Args={'ticks': 47, 'ticks_remaining': 47}
2025-12-20 21:02:50,559 : INFO : EventManager : Event: ======'player_tripletrouble_time_remaining_variable_times_1'====== Args={'value': 47, 'prev_value': 48, 'change': -1, 'player_num': 1, 'source': 'tripletrouble'}
2025-12-20 21:02:51,568 : INFO : EventManager : Event: ======'player_tripletrouble_tripletrouble_time_remaining_tick'====== Args={'value': 46, 'prev_value': 47, 'change': -1, 'player_num': 1}
2025-12-20 21:02:51,569 : INFO : EventManager : Event: ======'timer_tripletrouble_time_remaining_tick'====== Args={'ticks': 46, 'ticks_remaining': 46}
2025-12-20 21:02:51,574 : INFO : EventManager : Event: ======'player_tripletrouble_time_remaining_variable_times_1'====== Args={'value': 46, 'prev_value': 47, 'change': -1, 'player_num': 1, 'source': 'tripletrouble'}
2025-12-20 21:02:52,572 : INFO : EventManager : Event: ======'player_tripletrouble_tripletrouble_time_remaining_tick'====== Args={'value': 45, 'prev_value': 46, 'change': -1, 'player_num': 1}
2025-12-20 21:02:52,572 : INFO : EventManager : Event: ======'timer_tripletrouble_time_remaining_tick'====== Args={'ticks': 45, 'ticks_remaining': 45}
2025-12-20 21:02:52,578 : INFO : EventManager : Event: ======'player_tripletrouble_time_remaining_variable_times_1'====== Args={'value': 45, 'prev_value': 46, 'change': -1, 'player_num': 1, 'source': 'tripletrouble'}
2025-12-20 21:02:53,559 : INFO : EventManager : Event: ======'player_tripletrouble_tripletrouble_time_remaining_tick'====== Args={'value': 44, 'prev_value': 45, 'change': -1, 'player_num': 1}
2025-12-20 21:02:53,560 : INFO : EventManager : Event: ======'timer_tripletrouble_time_remaining_tick'====== Args={'ticks': 44, 'ticks_remaining': 44}
2025-12-20 21:02:53,564 : INFO : EventManager : Event: ======'player_tripletrouble_time_remaining_variable_times_1'====== Args={'value': 44, 'prev_value': 45, 'change': -1, 'player_num': 1, 'source': 'tripletrouble'}
2025-12-20 21:02:54,561 : INFO : EventManager : Event: ======'player_tripletrouble_tripletrouble_time_remaining_tick'====== Args={'value': 43, 'prev_value': 44, 'change': -1, 'player_num': 1}
2025-12-20 21:02:54,561 : INFO : EventManager : Event: ======'timer_tripletrouble_time_remaining_tick'====== Args={'ticks': 43, 'ticks_remaining': 43}
2025-12-20 21:02:54,568 : INFO : EventManager : Event: ======'player_tripletrouble_time_remaining_variable_times_1'====== Args={'value': 43, 'prev_value': 44, 'change': -1, 'player_num': 1, 'source': 'tripletrouble'}
2025-12-20 21:02:55,575 : INFO : EventManager : Event: ======'player_tripletrouble_tripletrouble_time_remaining_tick'====== Args={'value': 42, 'prev_value': 43, 'change': -1, 'player_num': 1}
2025-12-20 21:02:55,576 : INFO : EventManager : Event: ======'timer_tripletrouble_time_remaining_tick'====== Args={'ticks': 42, 'ticks_remaining': 42}
2025-12-20 21:02:55,582 : INFO : EventManager : Event: ======'player_tripletrouble_time_remaining_variable_times_1'====== Args={'value': 42, 'prev_value': 43, 'change': -1, 'player_num': 1, 'source': 'tripletrouble'}
2025-12-20 21:02:56,557 : INFO : EventManager : Event: ======'player_tripletrouble_tripletrouble_time_remaining_tick'====== Args={'value': 41, 'prev_value': 42, 'change': -1, 'player_num': 1}
2025-12-20 21:02:56,558 : INFO : EventManager : Event: ======'timer_tripletrouble_time_remaining_tick'====== Args={'ticks': 41, 'ticks_remaining': 41}
2025-12-20 21:02:56,564 : INFO : EventManager : Event: ======'player_tripletrouble_time_remaining_variable_times_1'====== Args={'value': 41, 'prev_value': 42, 'change': -1, 'player_num': 1, 'source': 'tripletrouble'}
2025-12-20 21:02:57,571 : INFO : EventManager : Event: ======'player_tripletrouble_tripletrouble_time_remaining_tick'====== Args={'value': 40, 'prev_value': 41, 'change': -1, 'player_num': 1}
2025-12-20 21:02:57,573 : INFO : EventManager : Event: ======'timer_tripletrouble_time_remaining_tick'====== Args={'ticks': 40, 'ticks_remaining': 40}
2025-12-20 21:02:57,576 : INFO : EventManager : Event: ======'player_tripletrouble_time_remaining_variable_times_1'====== Args={'value': 40, 'prev_value': 41, 'change': -1, 'player_num': 1, 'source': 'tripletrouble'}
2025-12-20 21:02:58,554 : INFO : EventManager : Event: ======'player_tripletrouble_tripletrouble_time_remaining_tick'====== Args={'value': 39, 'prev_value': 40, 'change': -1, 'player_num': 1}
2025-12-20 21:02:58,555 : INFO : EventManager : Event: ======'timer_tripletrouble_time_remaining_tick'====== Args={'ticks': 39, 'ticks_remaining': 39}
2025-12-20 21:02:58,560 : INFO : EventManager : Event: ======'player_tripletrouble_time_remaining_variable_times_1'====== Args={'value': 39, 'prev_value': 40, 'change': -1, 'player_num': 1, 'source': 'tripletrouble'}
2025-12-20 21:02:59,567 : INFO : EventManager : Event: ======'player_tripletrouble_tripletrouble_time_remaining_tick'====== Args={'value': 38, 'prev_value': 39, 'change': -1, 'player_num': 1}
2025-12-20 21:02:59,568 : INFO : EventManager : Event: ======'timer_tripletrouble_time_remaining_tick'====== Args={'ticks': 38, 'ticks_remaining': 38}
2025-12-20 21:02:59,573 : INFO : EventManager : Event: ======'player_tripletrouble_time_remaining_variable_times_1'====== Args={'value': 38, 'prev_value': 39, 'change': -1, 'player_num': 1, 'source': 'tripletrouble'}
2025-12-20 21:03:00,559 : INFO : EventManager : Event: ======'player_tripletrouble_tripletrouble_time_remaining_tick'====== Args={'value': 37, 'prev_value': 38, 'change': -1, 'player_num': 1}
2025-12-20 21:03:00,560 : INFO : EventManager : Event: ======'timer_tripletrouble_time_remaining_tick'====== Args={'ticks': 37, 'ticks_remaining': 37}
2025-12-20 21:03:00,568 : INFO : EventManager : Event: ======'player_tripletrouble_time_remaining_variable_times_1'====== Args={'value': 37, 'prev_value': 38, 'change': -1, 'player_num': 1, 'source': 'tripletrouble'}
2025-12-20 21:03:01,570 : INFO : EventManager : Event: ======'player_tripletrouble_tripletrouble_time_remaining_tick'====== Args={'value': 36, 'prev_value': 37, 'change': -1, 'player_num': 1}
2025-12-20 21:03:01,571 : INFO : EventManager : Event: ======'timer_tripletrouble_time_remaining_tick'====== Args={'ticks': 36, 'ticks_remaining': 36}
2025-12-20 21:03:01,576 : INFO : EventManager : Event: ======'player_tripletrouble_time_remaining_variable_times_1'====== Args={'value': 36, 'prev_value': 37, 'change': -1, 'player_num': 1, 'source': 'tripletrouble'}
2025-12-20 21:03:02,559 : INFO : EventManager : Event: ======'player_tripletrouble_tripletrouble_time_remaining_tick'====== Args={'value': 35, 'prev_value': 36, 'change': -1, 'player_num': 1}
2025-12-20 21:03:02,560 : INFO : EventManager : Event: ======'timer_tripletrouble_time_remaining_tick'====== Args={'ticks': 35, 'ticks_remaining': 35}
2025-12-20 21:03:02,565 : INFO : EventManager : Event: ======'player_tripletrouble_time_remaining_variable_times_1'====== Args={'value': 35, 'prev_value': 36, 'change': -1, 'player_num': 1, 'source': 'tripletrouble'}
2025-12-20 21:03:03,545 : INFO : EventManager : Event: ======'player_tripletrouble_tripletrouble_time_remaining_tick'====== Args={'value': 34, 'prev_value': 35, 'change': -1, 'player_num': 1}
2025-12-20 21:03:03,547 : INFO : EventManager : Event: ======'timer_tripletrouble_time_remaining_tick'====== Args={'ticks': 34, 'ticks_remaining': 34}
2025-12-20 21:03:03,552 : INFO : EventManager : Event: ======'player_tripletrouble_time_remaining_variable_times_1'====== Args={'value': 34, 'prev_value': 35, 'change': -1, 'player_num': 1, 'source': 'tripletrouble'}
2025-12-20 21:03:04,558 : INFO : EventManager : Event: ======'player_tripletrouble_tripletrouble_time_remaining_tick'====== Args={'value': 33, 'prev_value': 34, 'change': -1, 'player_num': 1}
2025-12-20 21:03:04,560 : INFO : EventManager : Event: ======'timer_tripletrouble_time_remaining_tick'====== Args={'ticks': 33, 'ticks_remaining': 33}
2025-12-20 21:03:04,565 : INFO : EventManager : Event: ======'player_tripletrouble_time_remaining_variable_times_1'====== Args={'value': 33, 'prev_value': 34, 'change': -1, 'player_num': 1, 'source': 'tripletrouble'}
2025-12-20 21:03:05,546 : INFO : EventManager : Event: ======'player_tripletrouble_tripletrouble_time_remaining_tick'====== Args={'value': 32, 'prev_value': 33, 'change': -1, 'player_num': 1}
2025-12-20 21:03:05,547 : INFO : EventManager : Event: ======'timer_tripletrouble_time_remaining_tick'====== Args={'ticks': 32, 'ticks_remaining': 32}
2025-12-20 21:03:05,552 : INFO : EventManager : Event: ======'player_tripletrouble_time_remaining_variable_times_1'====== Args={'value': 32, 'prev_value': 33, 'change': -1, 'player_num': 1, 'source': 'tripletrouble'}
2025-12-20 21:03:06,546 : INFO : EventManager : Event: ======'player_tripletrouble_tripletrouble_time_remaining_tick'====== Args={'value': 31, 'prev_value': 32, 'change': -1, 'player_num': 1}
2025-12-20 21:03:06,547 : INFO : EventManager : Event: ======'timer_tripletrouble_time_remaining_tick'====== Args={'ticks': 31, 'ticks_remaining': 31}
2025-12-20 21:03:06,553 : INFO : EventManager : Event: ======'player_tripletrouble_time_remaining_variable_times_1'====== Args={'value': 31, 'prev_value': 32, 'change': -1, 'player_num': 1, 'source': 'tripletrouble'}
2025-12-20 21:03:07,575 : INFO : EventManager : Event: ======'player_tripletrouble_tripletrouble_time_remaining_tick'====== Args={'value': 30, 'prev_value': 31, 'change': -1, 'player_num': 1}
2025-12-20 21:03:07,576 : INFO : EventManager : Event: ======'timer_tripletrouble_time_remaining_tick'====== Args={'ticks': 30, 'ticks_remaining': 30}
2025-12-20 21:03:07,580 : INFO : EventManager : Event: ======'player_tripletrouble_time_remaining_variable_times_1'====== Args={'value': 30, 'prev_value': 31, 'change': -1, 'player_num': 1, 'source': 'tripletrouble'}
2025-12-20 21:03:08,559 : INFO : EventManager : Event: ======'player_tripletrouble_tripletrouble_time_remaining_tick'====== Args={'value': 29, 'prev_value': 30, 'change': -1, 'player_num': 1}
2025-12-20 21:03:08,560 : INFO : EventManager : Event: ======'timer_tripletrouble_time_remaining_tick'====== Args={'ticks': 29, 'ticks_remaining': 29}
2025-12-20 21:03:08,566 : INFO : EventManager : Event: ======'player_tripletrouble_time_remaining_variable_times_1'====== Args={'value': 29, 'prev_value': 30, 'change': -1, 'player_num': 1, 'source': 'tripletrouble'}
2025-12-20 21:03:09,576 : INFO : EventManager : Event: ======'player_tripletrouble_tripletrouble_time_remaining_tick'====== Args={'value': 28, 'prev_value': 29, 'change': -1, 'player_num': 1}
2025-12-20 21:03:09,577 : INFO : EventManager : Event: ======'timer_tripletrouble_time_remaining_tick'====== Args={'ticks': 28, 'ticks_remaining': 28}
2025-12-20 21:03:09,581 : INFO : EventManager : Event: ======'player_tripletrouble_time_remaining_variable_times_1'====== Args={'value': 28, 'prev_value': 29, 'change': -1, 'player_num': 1, 'source': 'tripletrouble'}
2025-12-20 21:03:10,574 : INFO : EventManager : Event: ======'player_tripletrouble_tripletrouble_time_remaining_tick'====== Args={'value': 27, 'prev_value': 28, 'change': -1, 'player_num': 1}
2025-12-20 21:03:10,576 : INFO : EventManager : Event: ======'timer_tripletrouble_time_remaining_tick'====== Args={'ticks': 27, 'ticks_remaining': 27}
2025-12-20 21:03:10,581 : INFO : EventManager : Event: ======'player_tripletrouble_time_remaining_variable_times_1'====== Args={'value': 27, 'prev_value': 28, 'change': -1, 'player_num': 1, 'source': 'tripletrouble'}
2025-12-20 21:03:11,561 : INFO : EventManager : Event: ======'player_tripletrouble_tripletrouble_time_remaining_tick'====== Args={'value': 26, 'prev_value': 27, 'change': -1, 'player_num': 1}
2025-12-20 21:03:11,562 : INFO : EventManager : Event: ======'timer_tripletrouble_time_remaining_tick'====== Args={'ticks': 26, 'ticks_remaining': 26}
2025-12-20 21:03:11,568 : INFO : EventManager : Event: ======'player_tripletrouble_time_remaining_variable_times_1'====== Args={'value': 26, 'prev_value': 27, 'change': -1, 'player_num': 1, 'source': 'tripletrouble'}
2025-12-20 21:03:12,561 : INFO : EventManager : Event: ======'player_tripletrouble_tripletrouble_time_remaining_tick'====== Args={'value': 25, 'prev_value': 26, 'change': -1, 'player_num': 1}
2025-12-20 21:03:12,562 : INFO : EventManager : Event: ======'timer_tripletrouble_time_remaining_tick'====== Args={'ticks': 25, 'ticks_remaining': 25}
2025-12-20 21:03:12,567 : INFO : EventManager : Event: ======'player_tripletrouble_time_remaining_variable_times_1'====== Args={'value': 25, 'prev_value': 26, 'change': -1, 'player_num': 1, 'source': 'tripletrouble'}
2025-12-20 21:03:13,575 : INFO : EventManager : Event: ======'player_tripletrouble_tripletrouble_time_remaining_tick'====== Args={'value': 24, 'prev_value': 25, 'change': -1, 'player_num': 1}
2025-12-20 21:03:13,576 : INFO : EventManager : Event: ======'timer_tripletrouble_time_remaining_tick'====== Args={'ticks': 24, 'ticks_remaining': 24}
2025-12-20 21:03:13,581 : INFO : EventManager : Event: ======'player_tripletrouble_time_remaining_variable_times_1'====== Args={'value': 24, 'prev_value': 25, 'change': -1, 'player_num': 1, 'source': 'tripletrouble'}
2025-12-20 21:03:14,575 : INFO : EventManager : Event: ======'player_tripletrouble_tripletrouble_time_remaining_tick'====== Args={'value': 23, 'prev_value': 24, 'change': -1, 'player_num': 1}
2025-12-20 21:03:14,577 : INFO : EventManager : Event: ======'timer_tripletrouble_time_remaining_tick'====== Args={'ticks': 23, 'ticks_remaining': 23}
2025-12-20 21:03:14,582 : INFO : EventManager : Event: ======'player_tripletrouble_time_remaining_variable_times_1'====== Args={'value': 23, 'prev_value': 24, 'change': -1, 'player_num': 1, 'source': 'tripletrouble'}
2025-12-20 21:03:15,560 : INFO : EventManager : Event: ======'player_tripletrouble_tripletrouble_time_remaining_tick'====== Args={'value': 22, 'prev_value': 23, 'change': -1, 'player_num': 1}
2025-12-20 21:03:15,561 : INFO : EventManager : Event: ======'timer_tripletrouble_time_remaining_tick'====== Args={'ticks': 22, 'ticks_remaining': 22}
2025-12-20 21:03:15,566 : INFO : EventManager : Event: ======'player_tripletrouble_time_remaining_variable_times_1'====== Args={'value': 22, 'prev_value': 23, 'change': -1, 'player_num': 1, 'source': 'tripletrouble'}
2025-12-20 21:03:16,558 : INFO : EventManager : Event: ======'player_tripletrouble_tripletrouble_time_remaining_tick'====== Args={'value': 21, 'prev_value': 22, 'change': -1, 'player_num': 1}
2025-12-20 21:03:16,559 : INFO : EventManager : Event: ======'timer_tripletrouble_time_remaining_tick'====== Args={'ticks': 21, 'ticks_remaining': 21}
2025-12-20 21:03:16,564 : INFO : EventManager : Event: ======'player_tripletrouble_time_remaining_variable_times_1'====== Args={'value': 21, 'prev_value': 22, 'change': -1, 'player_num': 1, 'source': 'tripletrouble'}
2025-12-20 21:03:17,575 : INFO : EventManager : Event: ======'player_tripletrouble_tripletrouble_time_remaining_tick'====== Args={'value': 20, 'prev_value': 21, 'change': -1, 'player_num': 1}
2025-12-20 21:03:17,576 : INFO : EventManager : Event: ======'timer_tripletrouble_time_remaining_tick'====== Args={'ticks': 20, 'ticks_remaining': 20}
2025-12-20 21:03:17,582 : INFO : EventManager : Event: ======'player_tripletrouble_time_remaining_variable_times_1'====== Args={'value': 20, 'prev_value': 21, 'change': -1, 'player_num': 1, 'source': 'tripletrouble'}
2025-12-20 21:03:18,559 : INFO : EventManager : Event: ======'player_tripletrouble_tripletrouble_time_remaining_tick'====== Args={'value': 19, 'prev_value': 20, 'change': -1, 'player_num': 1}
2025-12-20 21:03:18,560 : INFO : EventManager : Event: ======'timer_tripletrouble_time_remaining_tick'====== Args={'ticks': 19, 'ticks_remaining': 19}
2025-12-20 21:03:18,566 : INFO : EventManager : Event: ======'player_tripletrouble_time_remaining_variable_times_1'====== Args={'value': 19, 'prev_value': 20, 'change': -1, 'player_num': 1, 'source': 'tripletrouble'}
2025-12-20 21:03:19,572 : INFO : EventManager : Event: ======'player_tripletrouble_tripletrouble_time_remaining_tick'====== Args={'value': 18, 'prev_value': 19, 'change': -1, 'player_num': 1}
2025-12-20 21:03:19,573 : INFO : EventManager : Event: ======'timer_tripletrouble_time_remaining_tick'====== Args={'ticks': 18, 'ticks_remaining': 18}
2025-12-20 21:03:19,579 : INFO : EventManager : Event: ======'player_tripletrouble_time_remaining_variable_times_1'====== Args={'value': 18, 'prev_value': 19, 'change': -1, 'player_num': 1, 'source': 'tripletrouble'}
2025-12-20 21:03:20,557 : INFO : EventManager : Event: ======'player_tripletrouble_tripletrouble_time_remaining_tick'====== Args={'value': 17, 'prev_value': 18, 'change': -1, 'player_num': 1}
2025-12-20 21:03:20,558 : INFO : EventManager : Event: ======'timer_tripletrouble_time_remaining_tick'====== Args={'ticks': 17, 'ticks_remaining': 17}
2025-12-20 21:03:20,563 : INFO : EventManager : Event: ======'player_tripletrouble_time_remaining_variable_times_1'====== Args={'value': 17, 'prev_value': 18, 'change': -1, 'player_num': 1, 'source': 'tripletrouble'}
2025-12-20 21:03:21,545 : INFO : EventManager : Event: ======'player_tripletrouble_tripletrouble_time_remaining_tick'====== Args={'value': 16, 'prev_value': 17, 'change': -1, 'player_num': 1}
2025-12-20 21:03:21,546 : INFO : EventManager : Event: ======'timer_tripletrouble_time_remaining_tick'====== Args={'ticks': 16, 'ticks_remaining': 16}
2025-12-20 21:03:21,554 : INFO : EventManager : Event: ======'player_tripletrouble_time_remaining_variable_times_1'====== Args={'value': 16, 'prev_value': 17, 'change': -1, 'player_num': 1, 'source': 'tripletrouble'}
2025-12-20 21:03:22,546 : INFO : EventManager : Event: ======'player_tripletrouble_tripletrouble_time_remaining_tick'====== Args={'value': 15, 'prev_value': 16, 'change': -1, 'player_num': 1}
2025-12-20 21:03:22,547 : INFO : EventManager : Event: ======'timer_tripletrouble_time_remaining_tick'====== Args={'ticks': 15, 'ticks_remaining': 15}
2025-12-20 21:03:22,553 : INFO : EventManager : Event: ======'player_tripletrouble_time_remaining_variable_times_1'====== Args={'value': 15, 'prev_value': 16, 'change': -1, 'player_num': 1, 'source': 'tripletrouble'}
2025-12-20 21:03:23,559 : INFO : EventManager : Event: ======'player_tripletrouble_tripletrouble_time_remaining_tick'====== Args={'value': 14, 'prev_value': 15, 'change': -1, 'player_num': 1}
2025-12-20 21:03:23,560 : INFO : EventManager : Event: ======'timer_tripletrouble_time_remaining_tick'====== Args={'ticks': 14, 'ticks_remaining': 14}
2025-12-20 21:03:23,565 : INFO : EventManager : Event: ======'player_tripletrouble_time_remaining_variable_times_1'====== Args={'value': 14, 'prev_value': 15, 'change': -1, 'player_num': 1, 'source': 'tripletrouble'}
2025-12-20 21:03:24,572 : INFO : EventManager : Event: ======'player_tripletrouble_tripletrouble_time_remaining_tick'====== Args={'value': 13, 'prev_value': 14, 'change': -1, 'player_num': 1}
2025-12-20 21:03:24,573 : INFO : EventManager : Event: ======'timer_tripletrouble_time_remaining_tick'====== Args={'ticks': 13, 'ticks_remaining': 13}
2025-12-20 21:03:24,577 : INFO : EventManager : Event: ======'player_tripletrouble_time_remaining_variable_times_1'====== Args={'value': 13, 'prev_value': 14, 'change': -1, 'player_num': 1, 'source': 'tripletrouble'}
2025-12-20 21:03:25,555 : INFO : EventManager : Event: ======'player_tripletrouble_tripletrouble_time_remaining_tick'====== Args={'value': 12, 'prev_value': 13, 'change': -1, 'player_num': 1}
2025-12-20 21:03:25,555 : INFO : EventManager : Event: ======'timer_tripletrouble_time_remaining_tick'====== Args={'ticks': 12, 'ticks_remaining': 12}
2025-12-20 21:03:25,561 : INFO : EventManager : Event: ======'player_tripletrouble_time_remaining_variable_times_1'====== Args={'value': 12, 'prev_value': 13, 'change': -1, 'player_num': 1, 'source': 'tripletrouble'}
2025-12-20 21:03:26,567 : INFO : EventManager : Event: ======'player_tripletrouble_tripletrouble_time_remaining_tick'====== Args={'value': 11, 'prev_value': 12, 'change': -1, 'player_num': 1}
2025-12-20 21:03:26,568 : INFO : EventManager : Event: ======'timer_tripletrouble_time_remaining_tick'====== Args={'ticks': 11, 'ticks_remaining': 11}
2025-12-20 21:03:26,572 : INFO : EventManager : Event: ======'player_tripletrouble_time_remaining_variable_times_1'====== Args={'value': 11, 'prev_value': 12, 'change': -1, 'player_num': 1, 'source': 'tripletrouble'}
2025-12-20 21:03:27,555 : INFO : EventManager : Event: ======'player_tripletrouble_tripletrouble_time_remaining_tick'====== Args={'value': 10, 'prev_value': 11, 'change': -1, 'player_num': 1}
2025-12-20 21:03:27,556 : INFO : EventManager : Event: ======'timer_tripletrouble_time_remaining_tick'====== Args={'ticks': 10, 'ticks_remaining': 10}
2025-12-20 21:03:27,561 : INFO : EventManager : Event: ======'player_tripletrouble_time_remaining_variable_times_1'====== Args={'value': 10, 'prev_value': 11, 'change': -1, 'player_num': 1, 'source': 'tripletrouble'}
2025-12-20 21:03:28,573 : INFO : EventManager : Event: ======'player_tripletrouble_tripletrouble_time_remaining_tick'====== Args={'value': 9, 'prev_value': 10, 'change': -1, 'player_num': 1}
2025-12-20 21:03:28,576 : INFO : EventManager : Event: ======'timer_tripletrouble_time_remaining_tick'====== Args={'ticks': 9, 'ticks_remaining': 9}
2025-12-20 21:03:28,581 : INFO : EventManager : Event: ======'player_tripletrouble_time_remaining_variable_times_1'====== Args={'value': 9, 'prev_value': 10, 'change': -1, 'player_num': 1, 'source': 'tripletrouble'}
2025-12-20 21:03:29,558 : INFO : EventManager : Event: ======'player_tripletrouble_tripletrouble_time_remaining_tick'====== Args={'value': 8, 'prev_value': 9, 'change': -1, 'player_num': 1}
2025-12-20 21:03:29,559 : INFO : EventManager : Event: ======'timer_tripletrouble_time_remaining_tick'====== Args={'ticks': 8, 'ticks_remaining': 8}
2025-12-20 21:03:29,563 : INFO : EventManager : Event: ======'player_tripletrouble_time_remaining_variable_times_1'====== Args={'value': 8, 'prev_value': 9, 'change': -1, 'player_num': 1, 'source': 'tripletrouble'}
2025-12-20 21:03:30,574 : INFO : EventManager : Event: ======'player_tripletrouble_tripletrouble_time_remaining_tick'====== Args={'value': 7, 'prev_value': 8, 'change': -1, 'player_num': 1}
2025-12-20 21:03:30,574 : INFO : EventManager : Event: ======'timer_tripletrouble_time_remaining_tick'====== Args={'ticks': 7, 'ticks_remaining': 7}
2025-12-20 21:03:30,579 : INFO : EventManager : Event: ======'player_tripletrouble_time_remaining_variable_times_1'====== Args={'value': 7, 'prev_value': 8, 'change': -1, 'player_num': 1, 'source': 'tripletrouble'}
2025-12-20 21:03:31,560 : INFO : EventManager : Event: ======'player_tripletrouble_tripletrouble_time_remaining_tick'====== Args={'value': 6, 'prev_value': 7, 'change': -1, 'player_num': 1}
2025-12-20 21:03:31,561 : INFO : EventManager : Event: ======'timer_tripletrouble_time_remaining_tick'====== Args={'ticks': 6, 'ticks_remaining': 6}
2025-12-20 21:03:31,565 : INFO : EventManager : Event: ======'player_tripletrouble_time_remaining_variable_times_1'====== Args={'value': 6, 'prev_value': 7, 'change': -1, 'player_num': 1, 'source': 'tripletrouble'}
2025-12-20 21:03:32,573 : INFO : EventManager : Event: ======'player_tripletrouble_tripletrouble_time_remaining_tick'====== Args={'value': 5, 'prev_value': 6, 'change': -1, 'player_num': 1}
2025-12-20 21:03:32,574 : INFO : EventManager : Event: ======'timer_tripletrouble_time_remaining_tick'====== Args={'ticks': 5, 'ticks_remaining': 5}
2025-12-20 21:03:32,578 : INFO : EventManager : Event: ======'player_tripletrouble_time_remaining_variable_times_1'====== Args={'value': 5, 'prev_value': 6, 'change': -1, 'player_num': 1, 'source': 'tripletrouble'}
2025-12-20 21:03:33,555 : INFO : EventManager : Event: ======'player_tripletrouble_tripletrouble_time_remaining_tick'====== Args={'value': 4, 'prev_value': 5, 'change': -1, 'player_num': 1}
2025-12-20 21:03:33,557 : INFO : EventManager : Event: ======'timer_tripletrouble_time_remaining_tick'====== Args={'ticks': 4, 'ticks_remaining': 4}
2025-12-20 21:03:33,562 : INFO : EventManager : Event: ======'player_tripletrouble_time_remaining_variable_times_1'====== Args={'value': 4, 'prev_value': 5, 'change': -1, 'player_num': 1, 'source': 'tripletrouble'}
2025-12-20 21:03:34,347 : INFO : Machine : Shutting down...
2025-12-20 21:03:34,347 : INFO : EventManager : Event: ======'shutdown'====== Args={}
2025-12-20 21:03:34,348 : INFO : EventManager : Event: ======'mode_service_will_stop'====== Args={}
2025-12-20 21:03:34,348 : INFO : EventManager : Event: ======'mode_service_stopping'====== Args={}
2025-12-20 21:03:34,349 : INFO : Mode.service : Stopped.
2025-12-20 21:03:34,350 : INFO : EventManager : Event: ======'modes_active_modes_changed'====== Args={}
2025-12-20 21:03:34,350 : INFO : EventManager : Event: ======'mode_service_stopped'====== Args={}
2025-12-20 21:03:34,350 : INFO : EventManager : Event: ======'clear'====== Args={'key': 'service'}
2025-12-20 21:03:34,352 : INFO : EventManager : Event: ======'mode_game_will_stop'====== Args={}
2025-12-20 21:03:34,352 : INFO : EventManager : Event: ======'mode_game_stopping'====== Args={}
2025-12-20 21:03:34,353 : INFO : EventManager : Event: ======'mode_base_will_stop'====== Args={}
2025-12-20 21:03:34,353 : INFO : EventManager : Event: ======'mode_base_stopping'====== Args={}
2025-12-20 21:03:34,353 : INFO : EventManager : Event: ======'mode_combos_will_stop'====== Args={}
2025-12-20 21:03:34,353 : INFO : EventManager : Event: ======'mode_combos_stopping'====== Args={}
2025-12-20 21:03:34,353 : INFO : EventManager : Event: ======'mode_tripletrouble_will_stop'====== Args={}
2025-12-20 21:03:34,353 : INFO : EventManager : Event: ======'mode_tripletrouble_stopping'====== Args={}
2025-12-20 21:03:34,353 : INFO : EventManager : Event: ======'mode_batterycharger_will_stop'====== Args={}
2025-12-20 21:03:34,354 : INFO : EventManager : Event: ======'mode_batterycharger_stopping'====== Args={}
2025-12-20 21:03:34,354 : INFO : EventManager : Event: ======'mode_multiball_will_stop'====== Args={}
2025-12-20 21:03:34,354 : INFO : EventManager : Event: ======'mode_multiball_stopping'====== Args={}
2025-12-20 21:03:34,354 : INFO : Mode.multiball : Stopped.
2025-12-20 21:03:34,356 : INFO : EventManager : Event: ======'modes_active_modes_changed'====== Args={}
2025-12-20 21:03:34,356 : INFO : EventManager : Event: ======'mode_multiball_stopped'====== Args={}
2025-12-20 21:03:34,356 : INFO : EventManager : Event: ======'clear'====== Args={'key': 'multiball'}
2025-12-20 21:03:34,356 : INFO : Mode.batterycharger : Stopped.
2025-12-20 21:03:34,356 : INFO : EventManager : Event: ======'modes_active_modes_changed'====== Args={}
2025-12-20 21:03:34,357 : INFO : EventManager : Event: ======'mode_batterycharger_stopped'====== Args={}
2025-12-20 21:03:34,357 : INFO : EventManager : Event: ======'clear'====== Args={'key': 'batterycharger'}
2025-12-20 21:03:34,358 : INFO : Mode.tripletrouble : Stopped.
2025-12-20 21:03:34,358 : INFO : EventManager : Event: ======'modes_active_modes_changed'====== Args={}
2025-12-20 21:03:34,358 : INFO : blinkenlight.bl_lowerrightstandup_circle_led : Color removed with key tripletrouble
2025-12-20 21:03:34,359 : INFO : blinkenlight.bl_dropstandup_flasher_led : Color removed with key tripletrouble
2025-12-20 21:03:34,359 : INFO : blinkenlight.bl_upperpop_smallarrow_led : Color removed with key tripletrouble
2025-12-20 21:03:34,359 : INFO : blinkenlight.bl_tshirttopcircle_led : Color removed with key tripletrouble
2025-12-20 21:03:34,359 : INFO : blinkenlight.bl_tshirtbottomcircle_led : Color removed with key tripletrouble
2025-12-20 21:03:34,359 : INFO : blinkenlight.bl_captiveball_smallcircle_led : Color removed with key tripletrouble
2025-12-20 21:03:34,359 : INFO : EventManager : Event: ======'mode_tripletrouble_stopped'====== Args={}
2025-12-20 21:03:34,359 : INFO : EventManager : Event: ======'clear'====== Args={'key': 'tripletrouble'}
2025-12-20 21:03:34,359 : INFO : EventManager : Event: ======'player_mode_blocking_flag'====== Args={'value': 0, 'prev_value': 1, 'change': -1, 'player_num': 1, 'source': 'base'}
2025-12-20 21:03:34,360 : ERROR : asyncio : Exception in callback EventManager.process_event_queue()
handle: <Handle EventManager.process_event_queue()>
Traceback (most recent call last):
  File "c:\venv\mpf\lib\site-packages\mpf\core\events.py", line 755, in _run_handlers
    result = handler.callback(**merged_kwargs)
  File "c:\venv\mpf\lib\site-packages\mpf\devices\logic_blocks.py", line 456, in event_jump
    self.value = evaluated_value
  File "c:\venv\mpf\lib\site-packages\mpf\core\device_monitor.py", line 47, in __setattr__
    old_setattr(self_inner, name, value)
  File "c:\venv\mpf\lib\site-packages\mpf\devices\logic_blocks.py", line 145, in value
    self._state.value = value
AttributeError: 'NoneType' object has no attribute 'value'

The above exception was the direct cause of the following exception:

Traceback (most recent call last):
  File "C:\Program Files\Python39\lib\asyncio\events.py", line 80, in _run
    self._context.run(self._callback, *self._args)
  File "c:\venv\mpf\lib\site-packages\mpf\core\events.py", line 846, in process_event_queue
    self._process_event(event=event[0],
  File "c:\venv\mpf\lib\site-packages\mpf\core\events.py", line 808, in _process_event
    result = self._run_handlers(event, ev_type, kwargs)
  File "c:\venv\mpf\lib\site-packages\mpf\core\events.py", line 757, in _run_handlers
    raise EventHandlerException(
mpf.core.events.EventHandlerException: Exception while processing RegisteredHandler(callback=<bound method Counter.event_jump of <counter.battery_charged_status>>, priority=1, kwargs={'value': <NativeTemplate 10>}, key=UUID('ced108e0-03bb-41cb-baa6-4043b7730fd3'), condition=<Template not device.achievements.wizard1.state=='completed'>, blocking_facility=None) for event mode_tripletrouble_stopped. 'NoneType' object has no attribute 'value'
2025-12-20 21:03:34,475 : INFO : Mode.combos : Stopped.
2025-12-20 21:03:34,476 : INFO : EventManager : Event: ======'modes_active_modes_changed'====== Args={}
2025-12-20 21:03:34,476 : INFO : EventManager : Event: ======'mode_combos_stopped'====== Args={}
2025-12-20 21:03:34,476 : INFO : EventManager : Event: ======'clear'====== Args={'key': 'combos'}
2025-12-20 21:03:34,487 : INFO : Mode.base : Stopped.
2025-12-20 21:03:34,488 : INFO : EventManager : Event: ======'modes_active_modes_changed'====== Args={}
2025-12-20 21:03:34,490 : INFO : EventManager : Event: ======'mode_base_stopped'====== Args={}
2025-12-20 21:03:34,490 : INFO : EventManager : Event: ======'clear'====== Args={'key': 'base'}
2025-12-20 21:03:34,495 : INFO : Timer.chcheckitoutfinish_widget_timer : Stopping Timer
2025-12-20 21:03:34,495 : INFO : EventManager : Event: ======'timer_chcheckitoutfinish_widget_timer_stopped'====== Args={'ticks': 0, 'ticks_remaining': 0}
2025-12-20 21:03:34,495 : INFO : Timer.bodymovin_widget_timer : Stopping Timer
2025-12-20 21:03:34,495 : INFO : EventManager : Event: ======'timer_bodymovin_widget_timer_stopped'====== Args={'ticks': 0, 'ticks_remaining': 0}
2025-12-20 21:03:34,495 : INFO : Timer.bodymovin_lock_enabled_widget_timer : Stopping Timer
2025-12-20 21:03:34,495 : INFO : EventManager : Event: ======'timer_bodymovin_lock_enabled_widget_timer_stopped'====== Args={'ticks': 0, 'ticks_remaining': 0}
2025-12-20 21:03:34,495 : INFO : Timer.bodymovin_ball_1_locked_widget_timer : Stopping Timer
2025-12-20 21:03:34,495 : INFO : EventManager : Event: ======'timer_bodymovin_ball_1_locked_widget_timer_stopped'====== Args={'ticks': 0, 'ticks_remaining': 0}
2025-12-20 21:03:34,496 : INFO : Timer.bodymovin_ball_2_locked_widget_timer : Stopping Timer
2025-12-20 21:03:34,496 : INFO : EventManager : Event: ======'timer_bodymovin_ball_2_locked_widget_timer_stopped'====== Args={'ticks': 0, 'ticks_remaining': 0}
2025-12-20 21:03:34,571 : INFO : EventManager : Event: ======'player_tripletrouble_tripletrouble_time_remaining_tick'====== Args={'value': 3, 'prev_value': 4, 'change': -1, 'player_num': 1}
2025-12-20 21:03:34,571 : INFO : EventManager : Event: ======'timer_tripletrouble_time_remaining_tick'====== Args={'ticks': 3, 'ticks_remaining': 3}
2025-12-20 21:03:35,524 : INFO : root : MPF run loop ended.
