2025-10-22 21:23:16,653 : INFO : root : Loading config.
2025-10-22 21:23:16,658 : INFO : YamlMultifileConfigLoader : Machine config file #1: config.yaml
2025-10-22 21:23:16,659 : WARNING : ConfigProcessor : Config file in cache changed: C:\venv\mpf\mmmdrop\config\config.yaml
2025-10-22 21:23:16,659 : INFO : ConfigProcessor : Loading config from file c:\venv\mpf\lib\site-packages\mpf\mpfconfig.yaml.
2025-10-22 21:23:16,669 : INFO : ConfigProcessor : Loading config: c:\venv\mpf\lib\site-packages\mpf\mpfconfig.yaml
2025-10-22 21:23:16,670 : INFO : ConfigProcessor : Loading config from file C:\venv\mpf\mmmdrop\config\config.yaml.
2025-10-22 21:23:16,675 : INFO : ConfigProcessor : Loading config: C:\venv\mpf\mmmdrop\config\config.yaml
2025-10-22 21:23:16,677 : INFO : ConfigProcessor : Loading config: C:\venv\mpf\mmmdrop\config\coils.yaml
2025-10-22 21:23:16,680 : INFO : ConfigProcessor : Loading config: C:\venv\mpf\mmmdrop\config\switches.yaml
2025-10-22 21:23:16,686 : INFO : ConfigProcessor : Loading config: C:\venv\mpf\mmmdrop\config\lights.yaml
2025-10-22 21:23:16,689 : INFO : ConfigProcessor : Config file cache created: C:\Users\sdona\AppData\Local\Temp\19f6d0d7953982fda9d956182316b8e5.mpf_cache
2025-10-22 21:23:16,811 : INFO : ConfigProcessor : Loading config from cache: C:\Users\sdona\AppData\Local\Temp\835b5bfea4be8b279a05e96caaaffbbb.mpf_cache
2025-10-22 21:23:16,811 : INFO : ConfigProcessor : Loading config from cache: C:\Users\sdona\AppData\Local\Temp\9b0a7575388f9d9bd2f6ab87bf9fd2f7.mpf_cache
2025-10-22 21:23:16,813 : WARNING : ConfigProcessor : Config file in cache changed: C:\venv\mpf\mmmdrop\modes\base\config\base.yaml
2025-10-22 21:23:16,813 : INFO : ConfigProcessor : Loading config from file C:\venv\mpf\mmmdrop\modes\base\config\base.yaml.
2025-10-22 21:23:16,841 : INFO : ConfigProcessor : Loading config: C:\venv\mpf\mmmdrop\modes\base\config\base.yaml
2025-10-22 21:23:16,843 : INFO : ConfigProcessor : Config file cache created: C:\Users\sdona\AppData\Local\Temp\c340ec0033d1055cd797ffd5447ef414.mpf_cache
2025-10-22 21:23:16,844 : INFO : ConfigProcessor : Loading config from cache: C:\Users\sdona\AppData\Local\Temp\835b5bfea4be8b279a05e96caaaffbbb.mpf_cache
2025-10-22 21:23:16,844 : INFO : ConfigProcessor : Loading config from cache: C:\Users\sdona\AppData\Local\Temp\8c11a28e3c38d4ad47947b6a126f2ee9.mpf_cache
2025-10-22 21:23:16,846 : INFO : ConfigProcessor : Loading config from cache: C:\Users\sdona\AppData\Local\Temp\e391083cdc9e667060411fe5838e93f2.mpf_cache
2025-10-22 21:23:16,847 : INFO : ConfigProcessor : Loading config from cache: C:\Users\sdona\AppData\Local\Temp\f0c219a993d891ee86dcb7eae47dde67.mpf_cache
2025-10-22 21:23:16,847 : INFO : ConfigProcessor : Loading config from cache: C:\Users\sdona\AppData\Local\Temp\96aa58108928490b129531848cd9b506.mpf_cache
2025-10-22 21:23:16,848 : INFO : ConfigProcessor : Loading config from cache: C:\Users\sdona\AppData\Local\Temp\567636b9d9766e3361204e954a8382da.mpf_cache
2025-10-22 21:23:16,849 : INFO : ConfigProcessor : Loading config from cache: C:\Users\sdona\AppData\Local\Temp\d5ead8dff868c6c4b1faf37537a19bc2.mpf_cache
2025-10-22 21:23:16,850 : INFO : ConfigProcessor : Loading config from cache: C:\Users\sdona\AppData\Local\Temp\112f935d1c2002cb40d3e6e497be9e7c.mpf_cache
2025-10-22 21:23:16,851 : INFO : ConfigProcessor : Loading config from cache: C:\Users\sdona\AppData\Local\Temp\aba0711976820dea629bb4c00b006efc.mpf_cache
2025-10-22 21:23:16,851 : INFO : ConfigProcessor : Loading config from cache: C:\Users\sdona\AppData\Local\Temp\de8ed6c6d4c48d1b5b054ff74222cb35.mpf_cache
2025-10-22 21:23:16,852 : INFO : ConfigProcessor : Loading config from cache: C:\Users\sdona\AppData\Local\Temp\e6b55d6a1c06b0dd6369c964181bf8d3.mpf_cache
2025-10-22 21:23:16,853 : INFO : ConfigProcessor : Loading config from cache: C:\Users\sdona\AppData\Local\Temp\2eef6648f7190b215d7c16d8157b8208.mpf_cache
2025-10-22 21:23:16,854 : INFO : ConfigProcessor : Loading config from cache: C:\Users\sdona\AppData\Local\Temp\5a7ad07f75832c2fa569d8508186f943.mpf_cache
2025-10-22 21:23:16,854 : INFO : ConfigProcessor : Loading config from cache: C:\Users\sdona\AppData\Local\Temp\711653a87803a851864824c720cfa295.mpf_cache
2025-10-22 21:23:16,854 : INFO : ConfigProcessor : Loading config from cache: C:\Users\sdona\AppData\Local\Temp\b049f3bb793752455511c0ce4851dcec.mpf_cache
2025-10-22 21:23:16,856 : INFO : ConfigProcessor : Loading config from cache: C:\Users\sdona\AppData\Local\Temp\4e6dd3b0a361d042ad5ab93a8cc8b437.mpf_cache
2025-10-22 21:23:16,856 : INFO : ConfigProcessor : Loading config from cache: C:\Users\sdona\AppData\Local\Temp\e97c871403fe82070ff249d62d7cfe22.mpf_cache
2025-10-22 21:23:16,857 : INFO : ConfigProcessor : Loading config from cache: C:\Users\sdona\AppData\Local\Temp\64b6da5876f56fc970400d85dfe882ec.mpf_cache
2025-10-22 21:23:16,858 : INFO : ConfigProcessor : Loading config from cache: C:\Users\sdona\AppData\Local\Temp\2816335dd466496617c9461f091e66f7.mpf_cache
2025-10-22 21:23:16,858 : INFO : ConfigProcessor : Loading config from cache: C:\Users\sdona\AppData\Local\Temp\6359f7257429add2d261e94bcafd60d5.mpf_cache
2025-10-22 21:23:16,859 : INFO : ConfigProcessor : Loading config from cache: C:\Users\sdona\AppData\Local\Temp\bed2bac5ea254e8ca98f6dd45e865fd8.mpf_cache
2025-10-22 21:23:16,860 : INFO : ConfigProcessor : Loading config from cache: C:\Users\sdona\AppData\Local\Temp\48e8797b77339ec89f8005d20046fbbb.mpf_cache
2025-10-22 21:23:16,860 : INFO : ConfigProcessor : Loading config from cache: C:\Users\sdona\AppData\Local\Temp\b0b8ed4dbd306ac2f063788d81ec6bc4.mpf_cache
2025-10-22 21:23:16,860 : INFO : ConfigProcessor : Loading config from cache: C:\Users\sdona\AppData\Local\Temp\98b42cbd2eba7845afea8d7862634639.mpf_cache
2025-10-22 21:23:16,861 : INFO : ConfigProcessor : Loading config from cache: C:\Users\sdona\AppData\Local\Temp\44893055a228bb5e0381bfc6f9c0abd7.mpf_cache
2025-10-22 21:23:16,861 : INFO : ConfigProcessor : Loading config from cache: C:\Users\sdona\AppData\Local\Temp\e134e8f85ba8fa9c3d7f1500ca292437.mpf_cache
2025-10-22 21:23:16,862 : INFO : ConfigProcessor : Loading config from cache: C:\Users\sdona\AppData\Local\Temp\b24b6909ee6e0520126bbce60d1ed210.mpf_cache
2025-10-22 21:23:16,863 : INFO : ConfigProcessor : Loading config from cache: C:\Users\sdona\AppData\Local\Temp\cba807ea4a81180f6dd01afffacec8ed.mpf_cache
2025-10-22 21:23:16,864 : INFO : ConfigProcessor : Loading config from cache: C:\Users\sdona\AppData\Local\Temp\f4dd4d2b5212b72c6e9e67ac9e704e63.mpf_cache
2025-10-22 21:23:16,865 : INFO : ConfigProcessor : Loading config from cache: C:\Users\sdona\AppData\Local\Temp\b47d9bb1214e11383bf30352af24a7d5.mpf_cache
2025-10-22 21:23:16,865 : INFO : ConfigProcessor : Loading config from cache: C:\Users\sdona\AppData\Local\Temp\23d7d59c131357e53b11dbd4a18e6a94.mpf_cache
2025-10-22 21:23:16,866 : INFO : ConfigProcessor : Loading config from cache: C:\Users\sdona\AppData\Local\Temp\989ee664052248e9552213e43037a565.mpf_cache
2025-10-22 21:23:16,866 : INFO : ConfigProcessor : Loading config from cache: C:\Users\sdona\AppData\Local\Temp\428bc1fa3c6dcaec1d63d9276cdb6405.mpf_cache
2025-10-22 21:23:16,867 : INFO : ConfigProcessor : Loading config from cache: C:\Users\sdona\AppData\Local\Temp\f071e720e1ef2a753ced60502153911a.mpf_cache
2025-10-22 21:23:16,868 : INFO : ConfigProcessor : Loading config from cache: C:\Users\sdona\AppData\Local\Temp\a464c65b0880a71dbe3e02b1f7271abd.mpf_cache
2025-10-22 21:23:16,868 : INFO : ConfigProcessor : Loading config from cache: C:\Users\sdona\AppData\Local\Temp\b4bf5fa77bdb26872f42159f572a3499.mpf_cache
2025-10-22 21:23:16,869 : INFO : ConfigProcessor : Loading config from cache: C:\Users\sdona\AppData\Local\Temp\cd6f6abb19272a94675a232f8f899ac9.mpf_cache
2025-10-22 21:23:16,869 : INFO : ConfigProcessor : Loading config from cache: C:\Users\sdona\AppData\Local\Temp\cbc61a9ec21d345237ebbced62572970.mpf_cache
2025-10-22 21:23:16,870 : INFO : ConfigProcessor : Loading config from cache: C:\Users\sdona\AppData\Local\Temp\c25e7c71bc90546538d4e68911be6658.mpf_cache
2025-10-22 21:23:16,871 : INFO : ConfigProcessor : Loading config from cache: C:\Users\sdona\AppData\Local\Temp\b7a51086f1e3c926b3977a0d025a1faa.mpf_cache
2025-10-22 21:23:16,871 : INFO : ConfigProcessor : Loading config from cache: C:\Users\sdona\AppData\Local\Temp\479eb3ca656e084fa2e092204a5b8039.mpf_cache
2025-10-22 21:23:16,873 : INFO : ConfigProcessor : Loading config from cache: C:\Users\sdona\AppData\Local\Temp\bdb81eccbf19551abd8bea5fafeca7c0.mpf_cache
2025-10-22 21:23:16,873 : INFO : ConfigProcessor : Loading config from cache: C:\Users\sdona\AppData\Local\Temp\8f065719b93e886777277178babee650.mpf_cache
2025-10-22 21:23:16,873 : INFO : ConfigProcessor : Loading config from cache: C:\Users\sdona\AppData\Local\Temp\7fef0463a0df344c3146c845257ec616.mpf_cache
2025-10-22 21:23:16,874 : INFO : ConfigProcessor : Loading config from cache: C:\Users\sdona\AppData\Local\Temp\a4f333ad36a077996c49298642b6bdcf.mpf_cache
2025-10-22 21:23:16,874 : INFO : ConfigProcessor : Loading config from cache: C:\Users\sdona\AppData\Local\Temp\e8d69d74f27089cda2650299e9916804.mpf_cache
2025-10-22 21:23:16,875 : INFO : ConfigProcessor : Loading config from cache: C:\Users\sdona\AppData\Local\Temp\05530f35bd950f18d27d3fd571d96823.mpf_cache
2025-10-22 21:23:16,876 : INFO : ConfigProcessor : Loading config from cache: C:\Users\sdona\AppData\Local\Temp\fc1e3f85304c911eb844eb65d36e61be.mpf_cache
2025-10-22 21:23:16,876 : INFO : ConfigProcessor : Loading config from cache: C:\Users\sdona\AppData\Local\Temp\53223d3922288729ee504c1b2a98bb55.mpf_cache
2025-10-22 21:23:16,877 : INFO : ConfigProcessor : Loading config from cache: C:\Users\sdona\AppData\Local\Temp\8d20136ddb274338050d1d1ccc1a5e4f.mpf_cache
2025-10-22 21:23:16,877 : INFO : ConfigProcessor : Loading config from cache: C:\Users\sdona\AppData\Local\Temp\1254d50720d6d5d0da0e84e29cdbaa7a.mpf_cache
2025-10-22 21:23:16,877 : INFO : ConfigProcessor : Loading config from cache: C:\Users\sdona\AppData\Local\Temp\1a7ae31e9f779b1261e3d1eee1831b27.mpf_cache
2025-10-22 21:23:16,879 : INFO : ConfigProcessor : Loading config from cache: C:\Users\sdona\AppData\Local\Temp\8e3ea42c38f2105e0d9462648474c540.mpf_cache
2025-10-22 21:23:16,880 : INFO : ConfigProcessor : Loading config from cache: C:\Users\sdona\AppData\Local\Temp\a61b86d39bcc5a5ea0a5885549542355.mpf_cache
2025-10-22 21:23:16,880 : INFO : Machine : Mission Pinball Framework Core Engine v0.80.0.dev9
2025-10-22 21:23:16,880 : INFO : Machine : Command line arguments: {'no_load_cache': False, 'create_config_cache': True, 'bcp': True, 'configfile': ['config.yaml'], 'force_assets_load': False, 'platform_integration_test': False, 'jsonlogging': False, 'logfile': 'logs\\2025-10-22-21-23-16-mpf-PinballLaptop.log', 'pause': False, 'production': False, 'text_ui': True, 'loglevel': 15, 'consoleloglevel': 20, 'force_platform': 'smart_virtual', 'syslog_address': None, 'full_logfile_path': 'C:\\venv\\mpf\\mmmdrop\\logs\\2025-10-22-21-23-16-mpf-PinballLaptop.log'}
2025-10-22 21:23:16,880 : INFO : Machine : MPF path: c:\venv\mpf\lib\site-packages\mpf
2025-10-22 21:23:16,880 : INFO : Machine : Machine path: C:\venv\mpf\mmmdrop
2025-10-22 21:23:16,880 : INFO : Machine : Platform: win32
2025-10-22 21:23:16,880 : INFO : Machine : Python executable location: c:\venv\mpf\Scripts\python.exe
2025-10-22 21:23:16,880 : INFO : Machine : Python version: 3.9.13 (64-bit)
2025-10-22 21:23:16,881 : INFO : Machine : Initializing MPF...
2025-10-22 21:23:17,077 : INFO : EventManager : Event: ======'machine_var_credits_string'====== Args={'value': 'FREE PLAY', 'prev_value': None, 'change': True}
2025-10-22 21:23:17,104 : INFO : EventManager : Event: ======'machine_var_fast_audio_headphones_volume'====== Args={'value': 10, 'prev_value': None, 'change': True}
2025-10-22 21:23:17,104 : INFO : EventManager : Event: ======'machine_var_fast_audio_main_volume'====== Args={'value': 44, 'prev_value': None, 'change': True}
2025-10-22 21:23:17,104 : INFO : EventManager : Event: ======'machine_var_master_volume'====== Args={'value': 0.55, 'prev_value': None, 'change': True}
2025-10-22 21:23:17,104 : INFO : EventManager : Event: ======'machine_var_player1_score'====== Args={'value': 25030460, 'prev_value': None, 'change': True}
2025-10-22 21:23:17,104 : INFO : EventManager : Event: ======'machine_var_game_just_played'====== Args={'value': 0, 'prev_value': None, 'change': True}
2025-10-22 21:23:17,104 : INFO : EventManager : Event: ======'machine_var_mpf_version'====== Args={'value': 'Mission Pinball Framework v0.80.0.dev9', 'prev_value': None, 'change': True}
2025-10-22 21:23:17,104 : INFO : EventManager : Event: ======'machine_var_mpf_extended_version'====== Args={'value': 'Mission Pinball Framework v0.80.0.dev9, Config version:6, Show version: 6, BCP version:1.1', 'prev_value': None, 'change': True}
2025-10-22 21:23:17,104 : INFO : EventManager : Event: ======'machine_var_python_version'====== Args={'value': '3.9.13', 'prev_value': None, 'change': True}
2025-10-22 21:23:17,134 : INFO : EventManager : Event: ======'machine_var_platform'====== Args={'value': 'Windows-10-10.0.26100-SP0', 'prev_value': None, 'change': True}
2025-10-22 21:23:17,134 : INFO : EventManager : Event: ======'machine_var_platform_system'====== Args={'value': 'Windows', 'prev_value': None, 'change': True}
2025-10-22 21:23:17,134 : INFO : EventManager : Event: ======'machine_var_platform_release'====== Args={'value': '10', 'prev_value': None, 'change': True}
2025-10-22 21:23:17,134 : INFO : EventManager : Event: ======'machine_var_platform_version'====== Args={'value': '10.0.26100', 'prev_value': None, 'change': True}
2025-10-22 21:23:17,134 : INFO : EventManager : Event: ======'machine_var_platform_machine'====== Args={'value': 'AMD64', 'prev_value': None, 'change': True}
2025-10-22 21:23:17,134 : INFO : EventManager : Event: ======'machine_var_log_file_path'====== Args={'value': 'C:\\venv\\mpf\\mmmdrop\\logs\\2025-10-22-21-23-16-mpf-PinballLaptop.log', 'prev_value': None, 'change': True}
2025-10-22 21:23:17,134 : INFO : EventManager : Event: ======'init_phase_1'====== Args={}
2025-10-22 21:23:17,186 : INFO : EventManager : Event: ======'drop_target_bank_three_bank_up'====== Args={}
2025-10-22 21:23:17,187 : INFO : EventManager : Event: ======'init_phase_2'====== Args={}
2025-10-22 21:23:17,188 : INFO : SwitchController : Found active switch: ('3208-0', <Platform.SmartVirtual>) <switch.s_trough1>
2025-10-22 21:23:17,188 : INFO : SwitchController : Found active switch: ('3208-1', <Platform.SmartVirtual>) <switch.s_trough2>
2025-10-22 21:23:17,188 : INFO : SwitchController : Found active switch: ('3208-2', <Platform.SmartVirtual>) <switch.s_trough3>
2025-10-22 21:23:17,188 : INFO : SwitchController : Found active switch: ('3208-3', <Platform.SmartVirtual>) <switch.s_trough4>
2025-10-22 21:23:17,188 : INFO : SwitchController : Found active switch: ('3208-4', <Platform.SmartVirtual>) <switch.s_trough5>
2025-10-22 21:23:17,188 : INFO : SwitchController : Found active switch: ('3208-5', <Platform.SmartVirtual>) <switch.s_trough6>
2025-10-22 21:23:17,205 : INFO : EventManager : Event: ======'bcp_connection_attempt'====== Args={'name': 'local_display', 'host': 'localhost', 'port': 5050}
2025-10-22 21:23:17,208 : INFO : BCPClientSocket : Connecting BCP to 'local_display' at localhost:5050...
2025-10-22 21:23:21,305 : INFO : BCPClientSocket : Connected BCP to 'local_display' localhost:5050
2025-10-22 21:23:21,306 : INFO : EventManager : Event: ======'bcp_clients_connected'====== Args={}
2025-10-22 21:23:21,448 : INFO : ball_device.bd_trough : BCH: Initial count: 6
2025-10-22 21:23:21,449 : INFO : ball_device.bd_trough : State: idle
2025-10-22 21:23:21,449 : INFO : ball_device.bd_plunger : BCH: Initial count: 0
2025-10-22 21:23:21,450 : INFO : ball_device.bd_plunger : State: idle
2025-10-22 21:23:21,450 : INFO : ball_device.bd_scoop : BCH: Initial count: 0
2025-10-22 21:23:21,450 : INFO : ball_device.bd_scoop : State: idle
2025-10-22 21:23:21,471 : INFO : EventManager : Event: ======'init_phase_3'====== Args={}
2025-10-22 21:23:21,485 : INFO : EventManager : Event: ======'init_phase_4'====== Args={}
2025-10-22 21:23:21,485 : INFO : BallController : Initial balls found: 6
2025-10-22 21:23:21,487 : INFO : EventManager : Event: ======'machine_var_audits_events_game_ended'====== Args={'value': 58, 'prev_value': None, 'change': True}
2025-10-22 21:23:21,488 : INFO : EventManager : Event: ======'machine_var_audits_events_game_started'====== Args={'value': 481, 'prev_value': None, 'change': True}
2025-10-22 21:23:21,488 : INFO : EventManager : Event: ======'machine_var_audits_missing_switches_s_captive_ball'====== Args={'value': 28, 'prev_value': None, 'change': True}
2025-10-22 21:23:21,488 : INFO : EventManager : Event: ======'machine_var_audits_missing_switches_s_center_upper_pop'====== Args={'value': 65, 'prev_value': None, 'change': True}
2025-10-22 21:23:21,488 : INFO : EventManager : Event: ======'machine_var_audits_missing_switches_s_inner_orbit'====== Args={'value': 1, 'prev_value': None, 'change': True}
2025-10-22 21:23:21,488 : INFO : EventManager : Event: ======'machine_var_audits_missing_switches_s_left_inlane'====== Args={'value': 137, 'prev_value': None, 'change': True}
2025-10-22 21:23:21,488 : INFO : EventManager : Event: ======'machine_var_audits_missing_switches_s_left_outlane'====== Args={'value': 16, 'prev_value': None, 'change': True}
2025-10-22 21:23:21,488 : INFO : EventManager : Event: ======'machine_var_audits_missing_switches_s_left_ramp'====== Args={'value': 1, 'prev_value': None, 'change': True}
2025-10-22 21:23:21,488 : INFO : EventManager : Event: ======'machine_var_audits_missing_switches_s_left_slingshot'====== Args={'value': 407, 'prev_value': None, 'change': True}
2025-10-22 21:23:21,488 : INFO : EventManager : Event: ======'machine_var_audits_missing_switches_s_left_upper_pop'====== Args={'value': 65, 'prev_value': None, 'change': True}
2025-10-22 21:23:21,488 : INFO : EventManager : Event: ======'machine_var_audits_missing_switches_s_right_inlane'====== Args={'value': 137, 'prev_value': None, 'change': True}
2025-10-22 21:23:21,488 : INFO : EventManager : Event: ======'machine_var_audits_missing_switches_s_right_lower_pop'====== Args={'value': 1, 'prev_value': None, 'change': True}
2025-10-22 21:23:21,488 : INFO : EventManager : Event: ======'machine_var_audits_missing_switches_s_right_outlane'====== Args={'value': 292, 'prev_value': None, 'change': True}
2025-10-22 21:23:21,490 : INFO : EventManager : Event: ======'machine_var_audits_missing_switches_s_right_slingshot'====== Args={'value': 257, 'prev_value': None, 'change': True}
2025-10-22 21:23:21,490 : INFO : EventManager : Event: ======'machine_var_audits_missing_switches_s_service_down'====== Args={'value': 126, 'prev_value': None, 'change': True}
2025-10-22 21:23:21,490 : INFO : EventManager : Event: ======'machine_var_audits_missing_switches_s_service_enter'====== Args={'value': 126, 'prev_value': None, 'change': True}
2025-10-22 21:23:21,490 : INFO : EventManager : Event: ======'machine_var_audits_missing_switches_s_service_esc'====== Args={'value': 126, 'prev_value': None, 'change': True}
2025-10-22 21:23:21,490 : INFO : EventManager : Event: ======'machine_var_audits_missing_switches_s_service_up'====== Args={'value': 99, 'prev_value': None, 'change': True}
2025-10-22 21:23:21,490 : INFO : EventManager : Event: ======'machine_var_audits_missing_switches_s_spinner'====== Args={'value': 41, 'prev_value': None, 'change': True}
2025-10-22 21:23:21,490 : INFO : EventManager : Event: ======'machine_var_audits_missing_switches_s_start'====== Args={'value': 65, 'prev_value': None, 'change': True}
2025-10-22 21:23:21,491 : INFO : EventManager : Event: ======'machine_var_audits_missing_switches_s_three_bank_bottom'====== Args={'value': 1, 'prev_value': None, 'change': True}
2025-10-22 21:23:21,491 : INFO : EventManager : Event: ======'machine_var_audits_missing_switches_s_three_bank_middle'====== Args={'value': 1, 'prev_value': None, 'change': True}
2025-10-22 21:23:21,491 : INFO : EventManager : Event: ======'machine_var_audits_missing_switches_s_three_bank_standup'====== Args={'value': 1, 'prev_value': None, 'change': True}
2025-10-22 21:23:21,491 : INFO : EventManager : Event: ======'machine_var_audits_missing_switches_s_tilt_bob'====== Args={'value': 44, 'prev_value': None, 'change': True}
2025-10-22 21:23:21,491 : INFO : EventManager : Event: ======'machine_var_audits_missing_switches_s_top_right_flipper'====== Args={'value': 407, 'prev_value': None, 'change': True}
2025-10-22 21:23:21,491 : INFO : EventManager : Event: ======'machine_var_audits_missing_switches_s_trough2'====== Args={'value': 1, 'prev_value': None, 'change': True}
2025-10-22 21:23:21,491 : INFO : EventManager : Event: ======'machine_var_audits_missing_switches_s_trough3'====== Args={'value': 1, 'prev_value': None, 'change': True}
2025-10-22 21:23:21,491 : INFO : EventManager : Event: ======'machine_var_audits_missing_switches_s_trough4'====== Args={'value': 406, 'prev_value': None, 'change': True}
2025-10-22 21:23:21,491 : INFO : EventManager : Event: ======'machine_var_audits_missing_switches_s_trough5'====== Args={'value': 406, 'prev_value': None, 'change': True}
2025-10-22 21:23:21,492 : INFO : EventManager : Event: ======'machine_var_audits_missing_switches_s_trough6'====== Args={'value': 256, 'prev_value': None, 'change': True}
2025-10-22 21:23:21,492 : INFO : EventManager : Event: ======'machine_var_audits_missing_switches_s_trough_jam'====== Args={'value': 407, 'prev_value': None, 'change': True}
2025-10-22 21:23:21,492 : INFO : EventManager : Event: ======'machine_var_audits_missing_switches_s_tshirt_bottom_standup'====== Args={'value': 28, 'prev_value': None, 'change': True}
2025-10-22 21:23:21,492 : INFO : EventManager : Event: ======'machine_var_audits_missing_switches_s_tshirt_top_standup'====== Args={'value': 28, 'prev_value': None, 'change': True}
2025-10-22 21:23:21,492 : INFO : EventManager : Event: ======'machine_var_audits_missing_switches_s_upper_pop_standup'====== Args={'value': 28, 'prev_value': None, 'change': True}
2025-10-22 21:23:21,492 : INFO : EventManager : Event: ======'machine_var_audits_missing_switches_service_esc'====== Args={'value': 1, 'prev_value': None, 'change': True}
2025-10-22 21:23:21,492 : INFO : EventManager : Event: ======'machine_var_audits_player_score'====== Args={'value': {'average': 9078492, 'top': [147275560, 142237180, 85092890, 38155360, 32035610, 25030460, 6038970, 6022290, 6019980, 6019980], 'total': 62}, 'prev_value': None, 'change': True}
2025-10-22 21:23:21,492 : INFO : EventManager : Event: ======'machine_var_audits_shots_bottom_drop'====== Args={'value': 32, 'prev_value': None, 'change': True}
2025-10-22 21:23:21,492 : INFO : EventManager : Event: ======'machine_var_audits_shots_captive_ball'====== Args={'value': 7, 'prev_value': None, 'change': True}
2025-10-22 21:23:21,492 : INFO : EventManager : Event: ======'machine_var_audits_shots_inner_loop'====== Args={'value': 10, 'prev_value': None, 'change': True}
2025-10-22 21:23:21,492 : INFO : EventManager : Event: ======'machine_var_audits_shots_inner_loop_backdoor'====== Args={'value': 1, 'prev_value': None, 'change': True}
2025-10-22 21:23:21,492 : INFO : EventManager : Event: ======'machine_var_audits_shots_left_orbit'====== Args={'value': 13, 'prev_value': None, 'change': True}
2025-10-22 21:23:21,492 : INFO : EventManager : Event: ======'machine_var_audits_shots_left_ramp'====== Args={'value': 30, 'prev_value': None, 'change': True}
2025-10-22 21:23:21,493 : INFO : EventManager : Event: ======'machine_var_audits_shots_middle_drop'====== Args={'value': 26, 'prev_value': None, 'change': True}
2025-10-22 21:23:21,493 : INFO : EventManager : Event: ======'machine_var_audits_shots_pop3'====== Args={'value': 206, 'prev_value': None, 'change': True}
2025-10-22 21:23:21,493 : INFO : EventManager : Event: ======'machine_var_audits_shots_pop_standup'====== Args={'value': 47, 'prev_value': None, 'change': True}
2025-10-22 21:23:21,493 : INFO : EventManager : Event: ======'machine_var_audits_shots_right_orbit'====== Args={'value': 12, 'prev_value': None, 'change': True}
2025-10-22 21:23:21,493 : INFO : EventManager : Event: ======'machine_var_audits_shots_right_ramp'====== Args={'value': 30, 'prev_value': None, 'change': True}
2025-10-22 21:23:21,493 : INFO : EventManager : Event: ======'machine_var_audits_shots_scoop'====== Args={'value': 35, 'prev_value': None, 'change': True}
2025-10-22 21:23:21,493 : INFO : EventManager : Event: ======'machine_var_audits_shots_skill_captive'====== Args={'value': 16, 'prev_value': None, 'change': True}
2025-10-22 21:23:21,493 : INFO : EventManager : Event: ======'machine_var_audits_shots_skill_drop_targets'====== Args={'value': 240, 'prev_value': None, 'change': True}
2025-10-22 21:23:21,494 : INFO : EventManager : Event: ======'machine_var_audits_shots_skill_side_targets'====== Args={'value': 27, 'prev_value': None, 'change': True}
2025-10-22 21:23:21,494 : INFO : EventManager : Event: ======'machine_var_audits_shots_skillshot_drop_targets'====== Args={'value': 56, 'prev_value': None, 'change': True}
2025-10-22 21:23:21,494 : INFO : EventManager : Event: ======'machine_var_audits_shots_skillshot_hideout_plunge'====== Args={'value': 1, 'prev_value': None, 'change': True}
2025-10-22 21:23:21,494 : INFO : EventManager : Event: ======'machine_var_audits_shots_skillshot_left_outlane'====== Args={'value': 1, 'prev_value': None, 'change': True}
2025-10-22 21:23:21,494 : INFO : EventManager : Event: ======'machine_var_audits_shots_skillshot_side_targets'====== Args={'value': 5, 'prev_value': None, 'change': True}
2025-10-22 21:23:21,494 : INFO : EventManager : Event: ======'machine_var_audits_shots_skillshot_super'====== Args={'value': 1, 'prev_value': None, 'change': True}
2025-10-22 21:23:21,494 : INFO : EventManager : Event: ======'machine_var_audits_shots_spinner'====== Args={'value': 40, 'prev_value': None, 'change': True}
2025-10-22 21:23:21,494 : INFO : EventManager : Event: ======'machine_var_audits_shots_three_bank_standup'====== Args={'value': 17, 'prev_value': None, 'change': True}
2025-10-22 21:23:21,494 : INFO : EventManager : Event: ======'machine_var_audits_shots_top_drop'====== Args={'value': 52, 'prev_value': None, 'change': True}
2025-10-22 21:23:21,495 : INFO : EventManager : Event: ======'machine_var_audits_shots_tshirt_bottom_standup'====== Args={'value': 1, 'prev_value': None, 'change': True}
2025-10-22 21:23:21,495 : INFO : EventManager : Event: ======'machine_var_audits_shots_tshirt_top_standup'====== Args={'value': 3, 'prev_value': None, 'change': True}
2025-10-22 21:23:21,495 : INFO : EventManager : Event: ======'machine_var_audits_shots_upper_pop_standup'====== Args={'value': 7, 'prev_value': None, 'change': True}
2025-10-22 21:23:21,495 : INFO : EventManager : Event: ======'machine_var_audits_switches_s_captive_ball'====== Args={'value': 199, 'prev_value': None, 'change': True}
2025-10-22 21:23:21,495 : INFO : EventManager : Event: ======'machine_var_audits_switches_s_center_upper_pop'====== Args={'value': 220, 'prev_value': None, 'change': True}
2025-10-22 21:23:21,495 : INFO : EventManager : Event: ======'machine_var_audits_switches_s_inner_orbit'====== Args={'value': 17, 'prev_value': None, 'change': True}
2025-10-22 21:23:21,495 : INFO : EventManager : Event: ======'machine_var_audits_switches_s_left_flipper'====== Args={'value': 1292, 'prev_value': None, 'change': True}
2025-10-22 21:23:21,495 : INFO : EventManager : Event: ======'machine_var_audits_switches_s_left_inlane'====== Args={'value': 111, 'prev_value': None, 'change': True}
2025-10-22 21:23:21,496 : INFO : EventManager : Event: ======'machine_var_audits_switches_s_left_orbit'====== Args={'value': 96, 'prev_value': None, 'change': True}
2025-10-22 21:23:21,496 : INFO : EventManager : Event: ======'machine_var_audits_switches_s_left_outlane'====== Args={'value': 57, 'prev_value': None, 'change': True}
2025-10-22 21:23:21,496 : INFO : EventManager : Event: ======'machine_var_audits_switches_s_left_ramp'====== Args={'value': 164, 'prev_value': None, 'change': True}
2025-10-22 21:23:21,496 : INFO : EventManager : Event: ======'machine_var_audits_switches_s_left_slingshot'====== Args={'value': 259, 'prev_value': None, 'change': True}
2025-10-22 21:23:21,496 : INFO : EventManager : Event: ======'machine_var_audits_switches_s_left_upper_pop'====== Args={'value': 161, 'prev_value': None, 'change': True}
2025-10-22 21:23:21,496 : INFO : EventManager : Event: ======'machine_var_audits_switches_s_plunger'====== Args={'value': 1256, 'prev_value': None, 'change': True}
2025-10-22 21:23:21,496 : INFO : EventManager : Event: ======'machine_var_audits_switches_s_pop_standup'====== Args={'value': 168, 'prev_value': None, 'change': True}
2025-10-22 21:23:21,496 : INFO : EventManager : Event: ======'machine_var_audits_switches_s_right_flipper'====== Args={'value': 1723, 'prev_value': None, 'change': True}
2025-10-22 21:23:21,497 : INFO : EventManager : Event: ======'machine_var_audits_switches_s_right_inlane'====== Args={'value': 107, 'prev_value': None, 'change': True}
2025-10-22 21:23:21,497 : INFO : EventManager : Event: ======'machine_var_audits_switches_s_right_lower_pop'====== Args={'value': 954, 'prev_value': None, 'change': True}
2025-10-22 21:23:21,497 : INFO : EventManager : Event: ======'machine_var_audits_switches_s_right_orbit'====== Args={'value': 109, 'prev_value': None, 'change': True}
2025-10-22 21:23:21,497 : INFO : EventManager : Event: ======'machine_var_audits_switches_s_right_outlane'====== Args={'value': 53, 'prev_value': None, 'change': True}
2025-10-22 21:23:21,497 : INFO : EventManager : Event: ======'machine_var_audits_switches_s_right_ramp'====== Args={'value': 178, 'prev_value': None, 'change': True}
2025-10-22 21:23:21,497 : INFO : EventManager : Event: ======'machine_var_audits_switches_s_right_slingshot'====== Args={'value': 366, 'prev_value': None, 'change': True}
2025-10-22 21:23:21,497 : INFO : EventManager : Event: ======'machine_var_audits_switches_s_scoop'====== Args={'value': 378, 'prev_value': None, 'change': True}
2025-10-22 21:23:21,499 : INFO : EventManager : Event: ======'machine_var_audits_switches_s_service_down'====== Args={'value': 0, 'prev_value': None, 'change': True}
2025-10-22 21:23:21,499 : INFO : EventManager : Event: ======'machine_var_audits_switches_s_service_enter'====== Args={'value': 0, 'prev_value': None, 'change': True}
2025-10-22 21:23:21,499 : INFO : EventManager : Event: ======'machine_var_audits_switches_s_service_esc'====== Args={'value': 0, 'prev_value': None, 'change': True}
2025-10-22 21:23:21,499 : INFO : EventManager : Event: ======'machine_var_audits_switches_s_service_up'====== Args={'value': 1, 'prev_value': None, 'change': True}
2025-10-22 21:23:21,499 : INFO : EventManager : Event: ======'machine_var_audits_switches_s_spinner'====== Args={'value': 2098, 'prev_value': None, 'change': True}
2025-10-22 21:23:21,499 : INFO : EventManager : Event: ======'machine_var_audits_switches_s_start'====== Args={'value': 67, 'prev_value': None, 'change': True}
2025-10-22 21:23:21,499 : INFO : EventManager : Event: ======'machine_var_audits_switches_s_three_bank_bottom'====== Args={'value': 525, 'prev_value': None, 'change': True}
2025-10-22 21:23:21,499 : INFO : EventManager : Event: ======'machine_var_audits_switches_s_three_bank_middle'====== Args={'value': 558, 'prev_value': None, 'change': True}
2025-10-22 21:23:21,500 : INFO : EventManager : Event: ======'machine_var_audits_switches_s_three_bank_standup'====== Args={'value': 258, 'prev_value': None, 'change': True}
2025-10-22 21:23:21,500 : INFO : EventManager : Event: ======'machine_var_audits_switches_s_three_bank_top'====== Args={'value': 590, 'prev_value': None, 'change': True}
2025-10-22 21:23:21,500 : INFO : EventManager : Event: ======'machine_var_audits_switches_s_tilt_bob'====== Args={'value': 51, 'prev_value': None, 'change': True}
2025-10-22 21:23:21,500 : INFO : EventManager : Event: ======'machine_var_audits_switches_s_top_right_flipper'====== Args={'value': 1294, 'prev_value': None, 'change': True}
2025-10-22 21:23:21,500 : INFO : EventManager : Event: ======'machine_var_audits_switches_s_trough1'====== Args={'value': 395, 'prev_value': None, 'change': True}
2025-10-22 21:23:21,500 : INFO : EventManager : Event: ======'machine_var_audits_switches_s_trough2'====== Args={'value': 316, 'prev_value': None, 'change': True}
2025-10-22 21:23:21,500 : INFO : EventManager : Event: ======'machine_var_audits_switches_s_trough3'====== Args={'value': 244, 'prev_value': None, 'change': True}
2025-10-22 21:23:21,500 : INFO : EventManager : Event: ======'machine_var_audits_switches_s_trough4'====== Args={'value': 160, 'prev_value': None, 'change': True}
2025-10-22 21:23:21,500 : INFO : EventManager : Event: ======'machine_var_audits_switches_s_trough5'====== Args={'value': 160, 'prev_value': None, 'change': True}
2025-10-22 21:23:21,500 : INFO : EventManager : Event: ======'machine_var_audits_switches_s_trough6'====== Args={'value': 161, 'prev_value': None, 'change': True}
2025-10-22 21:23:21,500 : INFO : EventManager : Event: ======'machine_var_audits_switches_s_trough_jam'====== Args={'value': 206, 'prev_value': None, 'change': True}
2025-10-22 21:23:21,500 : INFO : EventManager : Event: ======'machine_var_audits_switches_s_tshirt_bottom_standup'====== Args={'value': 41, 'prev_value': None, 'change': True}
2025-10-22 21:23:21,502 : INFO : EventManager : Event: ======'machine_var_audits_switches_s_tshirt_top_standup'====== Args={'value': 70, 'prev_value': None, 'change': True}
2025-10-22 21:23:21,502 : INFO : EventManager : Event: ======'machine_var_audits_switches_s_upper_pop_standup'====== Args={'value': 181, 'prev_value': None, 'change': True}
2025-10-22 21:23:21,502 : INFO : EventManager : Event: ======'machine_var_audits_switches_service_down'====== Args={'value': 1, 'prev_value': None, 'change': True}
2025-10-22 21:23:21,502 : INFO : EventManager : Event: ======'machine_var_audits_switches_service_enter'====== Args={'value': 2, 'prev_value': None, 'change': True}
2025-10-22 21:23:21,502 : INFO : EventManager : Event: ======'machine_var_audits_switches_service_esc'====== Args={'value': 0, 'prev_value': None, 'change': True}
2025-10-22 21:23:21,502 : INFO : EventManager : Event: ======'machine_var_audits_switches_service_up'====== Args={'value': 2, 'prev_value': None, 'change': True}
2025-10-22 21:23:21,503 : INFO : EventManager : Event: ======'init_phase_5'====== Args={}
2025-10-22 21:23:21,562 : INFO : EventManager : Event: ======'init_done'====== Args={}
2025-10-22 21:23:21,564 : INFO : EventManager : Event: ======'machine_reset_phase_1'====== Args={}
2025-10-22 21:23:21,564 : INFO : BcpServer : New client connected.
2025-10-22 21:23:21,587 : INFO : EventManager : Event: ======'machine_reset_phase_2'====== Args={}
2025-10-22 21:23:21,588 : INFO : EventManager : Event: ======'slide_loading_created'====== Args={'_from_bcp': True}
2025-10-22 21:23:21,589 : INFO : EventManager : Event: ======'slide__removed'====== Args={'_from_bcp': True}
2025-10-22 21:23:21,589 : INFO : EventManager : Event: ======'slide_loading_active'====== Args={'original_context': '_global', 'original_calling_context': 'init_done', 'priority': 0.0, 'cmd': 'slides_play', '_from_bcp': True}
2025-10-22 21:23:21,590 : INFO : EventManager : Event: ======'game_just_played'====== Args={'priority': 0, 'action': 'set_machine', 'int': 0}
2025-10-22 21:23:21,590 : INFO : EventManager : Event: ======'machine_reset_phase_3'====== Args={}
2025-10-22 21:23:21,591 : INFO : EventManager : Event: ======'mode_tilt_will_start'====== Args={'queue': <QueuedEvent>}
2025-10-22 21:23:21,592 : INFO : EventManager : Event: ======'mode_tilt_starting'====== Args={'queue': <QueuedEvent>}
2025-10-22 21:23:21,593 : INFO : drop_target_bank.three_bank : All targets are already up. Will not reset bank.
2025-10-22 21:23:21,593 : INFO : Mode.tilt : Started. Priority: 1000000
2025-10-22 21:23:21,593 : INFO : EventManager : Event: ======'modes_active_modes_changed'====== Args={}
2025-10-22 21:23:21,593 : INFO : EventManager : Event: ======'mode_tilt_started'====== Args={'queue': <QueuedEvent>}
2025-10-22 21:23:21,594 : INFO : EventManager : Event: ======'reset_complete'====== Args={}
2025-10-22 21:23:21,595 : INFO : EventManager : Event: ======'mode_service_will_start'====== Args={}
2025-10-22 21:23:21,597 : INFO : EventManager : Event: ======'mode_service_starting'====== Args={}
2025-10-22 21:23:21,597 : INFO : EventManager : Event: ======'mode_attract_will_start'====== Args={}
2025-10-22 21:23:21,599 : INFO : Timer.attract_intro_timer : Starting Timer.
2025-10-22 21:23:21,600 : INFO : EventManager : Event: ======'timer_attract_intro_timer_started'====== Args={'ticks': 0, 'ticks_remaining': 16}
2025-10-22 21:23:21,600 : INFO : EventManager : Event: ======'timer_attract_intro_timer_tick'====== Args={'ticks': 0, 'ticks_remaining': 16}
2025-10-22 21:23:21,605 : INFO : EventManager : Event: ======'mode_attract_starting'====== Args={}
2025-10-22 21:23:21,606 : INFO : Mode.service : Started. Priority: 100000
2025-10-22 21:23:21,606 : INFO : EventManager : Event: ======'modes_active_modes_changed'====== Args={}
2025-10-22 21:23:21,606 : INFO : EventManager : Event: ======'mode_service_started'====== Args={}
2025-10-22 21:23:21,625 : INFO : EventManager : Event: ======'logicblock_mca_sequence_updated'====== Args={'value': 0, 'enabled': True}
2025-10-22 21:23:21,626 : INFO : EventManager : Event: ======'logicblock_adr_sequence_updated'====== Args={'value': 0, 'enabled': True}
2025-10-22 21:23:21,626 : INFO : EventManager : Event: ======'logicblock_mca_sequence_updated'====== Args={'value': 0, 'enabled': True}
2025-10-22 21:23:21,626 : INFO : EventManager : Event: ======'logicblock_adr_sequence_updated'====== Args={'value': 0, 'enabled': True}
2025-10-22 21:23:21,626 : INFO : Mode.attract : Started. Priority: 10
2025-10-22 21:23:21,626 : INFO : EventManager : Event: ======'modes_active_modes_changed'====== Args={}
2025-10-22 21:23:21,627 : INFO : EventManager : Event: ======'mode_attract_started'====== Args={}
2025-10-22 21:23:21,627 : INFO : EventManager : Event: ======'logicblock_mca_sequence_updated'====== Args={'value': 0, 'enabled': True}
2025-10-22 21:23:21,627 : INFO : EventManager : Event: ======'logicblock_mca_sequence_updated'====== Args={'value': 0, 'enabled': True}
2025-10-22 21:23:21,628 : INFO : EventManager : Event: ======'logicblock_adr_sequence_updated'====== Args={'value': 0, 'enabled': True}
2025-10-22 21:23:21,628 : INFO : EventManager : Event: ======'logicblock_adr_sequence_updated'====== Args={'value': 0, 'enabled': True}
2025-10-22 21:23:21,629 : INFO : EventManager : Event: ======'timer_attract_intro_timer_tick'====== Args={'ticks': 0, 'ticks_remaining': 16}
2025-10-22 21:23:21,629 : INFO : EventManager : Event: ======'collecting_balls_complete'====== Args={}
2025-10-22 21:23:21,630 : INFO : EventManager : Event: ======'item_highlighted'====== Args={'carousel': 'attract', 'direction': None, 'item': 'mpf_logo'}
2025-10-22 21:23:21,631 : INFO : Timer.attract_carousel_timer : Starting Timer.
2025-10-22 21:23:21,631 : INFO : EventManager : Event: ======'timer_attract_carousel_timer_started'====== Args={'ticks': 0, 'ticks_remaining': 5}
2025-10-22 21:23:21,631 : INFO : EventManager : Event: ======'timer_attract_carousel_timer_tick'====== Args={'ticks': 0, 'ticks_remaining': 5}
2025-10-22 21:23:21,647 : INFO : Machine : Starting the main run loop with active modes: [<Mode.tilt>, <Mode.service>, <Mode.attract>]
2025-10-22 21:23:21,751 : INFO : EventManager : Event: ======'slide_attract_load_created'====== Args={'_from_bcp': True}
2025-10-22 21:23:21,751 : INFO : EventManager : Event: ======'slide_loading_inactive'====== Args={'is_removing': True, '_from_bcp': True}
2025-10-22 21:23:21,753 : INFO : EventManager : Event: ======'slide_attract_load_active'====== Args={'original_context': 'attract', 'original_calling_context': 'mode_attract_started{machine.game_just_played==0}', 'priority': 10.0, 'cmd': 'slides_play', '_from_bcp': True}
2025-10-22 21:23:21,754 : INFO : EventManager : Event: ======'slide_loading_removed'====== Args={'_from_bcp': True}
2025-10-22 21:23:22,559 : INFO : SwitchController : <<<<<<< 's_start' active >>>>>>>
2025-10-22 21:23:22,623 : INFO : EventManager : Event: ======'timer_attract_intro_timer_tick'====== Args={'ticks': 1, 'ticks_remaining': 15}
2025-10-22 21:23:22,623 : INFO : EventManager : Event: ======'timer_attract_carousel_timer_tick'====== Args={'ticks': 1, 'ticks_remaining': 4}
2025-10-22 21:23:22,692 : INFO : SwitchController : <<<<<<< 's_start' inactive >>>>>>>
2025-10-22 21:23:22,692 : INFO : EventManager : Event: ======'sw_start_inactive'====== Args={}
2025-10-22 21:23:22,692 : INFO : EventManager : Event: ======'request_to_start_game'====== Args={}
2025-10-22 21:23:22,693 : INFO : EventManager : Event: ======'game_start'====== Args={'buttons': [], 'hold_time': 0.14100000000325963}
2025-10-22 21:23:22,693 : INFO : EventManager : Event: ======'mode_game_will_start'====== Args={'buttons': [], 'hold_time': 0.14100000000325963}
2025-10-22 21:23:22,694 : INFO : EventManager : Event: ======'mode_game_starting'====== Args={'buttons': [], 'hold_time': 0.14100000000325963}
2025-10-22 21:23:22,694 : INFO : EventManager : Event: ======'mode_attract_will_stop'====== Args={}
2025-10-22 21:23:22,694 : INFO : EventManager : Event: ======'mode_attract_stopping'====== Args={}
2025-10-22 21:23:22,695 : INFO : Mode.game : Started. Priority: 20
2025-10-22 21:23:22,695 : INFO : EventManager : Event: ======'modes_active_modes_changed'====== Args={}
2025-10-22 21:23:22,695 : INFO : EventManager : Event: ======'mode_game_started'====== Args={'buttons': [], 'hold_time': 0.14100000000325963}
2025-10-22 21:23:22,717 : INFO : Mode.attract : Stopped.
2025-10-22 21:23:22,717 : INFO : EventManager : Event: ======'modes_active_modes_changed'====== Args={}
2025-10-22 21:23:22,717 : INFO : EventManager : Event: ======'mode_attract_stopped'====== Args={}
2025-10-22 21:23:22,718 : INFO : EventManager : Event: ======'clear'====== Args={'key': 'attract'}
2025-10-22 21:23:22,719 : INFO : Timer.attract_carousel_timer : Stopping Timer
2025-10-22 21:23:22,719 : INFO : EventManager : Event: ======'timer_attract_carousel_timer_stopped'====== Args={'ticks': 1, 'ticks_remaining': 4}
2025-10-22 21:23:22,720 : INFO : Timer.mca_attract_video_timer : Stopping Timer
2025-10-22 21:23:22,720 : INFO : EventManager : Event: ======'timer_mca_attract_video_timer_stopped'====== Args={'ticks': 0, 'ticks_remaining': 0}
2025-10-22 21:23:22,720 : INFO : Timer.adr_attract_video_timer : Stopping Timer
2025-10-22 21:23:22,720 : INFO : EventManager : Event: ======'timer_adr_attract_video_timer_stopped'====== Args={'ticks': 0, 'ticks_remaining': 0}
2025-10-22 21:23:22,720 : INFO : Timer.attract_intro_timer : Stopping Timer
2025-10-22 21:23:22,720 : INFO : EventManager : Event: ======'timer_attract_intro_timer_stopped'====== Args={'ticks': 1, 'ticks_remaining': 15}
2025-10-22 21:23:22,721 : INFO : EventManager : Event: ======'game_will_start'====== Args={}
2025-10-22 21:23:22,741 : INFO : EventManager : Event: ======'game_starting'====== Args={'game': <Mode.game>}
2025-10-22 21:23:22,743 : INFO : EventManager : Unordered handler for class <Auditor> on event game_ended with priority 1. Handlers: [RegisteredHandler(callback=<bound method Auditor.disable of <Auditor>>, priority=1, kwargs={}, key=UUID('c3db5ded-f28e-47ca-b989-e25df52a0dcd'), condition=None, blocking_facility=None), RegisteredHandler(callback=<bound method Auditor._save_audits of <Auditor>>, priority=1, kwargs={}, key=UUID('f569556c-799a-4c35-88cc-afdc928bf477'), condition=None, blocking_facility=None)]. The order of those handlers is not defined and they will be executed in random order. This might lead to race conditions and potential bugs.
2025-10-22 21:23:22,743 : INFO : EventManager : Event: ======'player_add_request'====== Args={}
2025-10-22 21:23:22,744 : INFO : EventManager : Event: ======'player_will_add'====== Args={'number': 1}
2025-10-22 21:23:22,744 : INFO : EventManager : Event: ======'player_adding'====== Args={'player': <Player 1>, 'number': 1}
2025-10-22 21:23:22,745 : INFO : EventManager : Event: ======'player_added'====== Args={'player': <Player 1>, 'num': 1}
2025-10-22 21:23:22,745 : INFO : Mode.game : Player added successfully. Total players: 1
2025-10-22 21:23:22,745 : INFO : EventManager : Event: ======'player_index'====== Args={'value': 0, 'prev_value': 0, 'change': 0, 'player_num': 1}
2025-10-22 21:23:22,746 : INFO : EventManager : Event: ======'player_number'====== Args={'value': 1, 'prev_value': 1, 'change': 0, 'player_num': 1}
2025-10-22 21:23:22,746 : INFO : EventManager : Event: ======'player_score'====== Args={'value': 0, 'prev_value': 0, 'change': 0, 'player_num': 1}
2025-10-22 21:23:22,748 : INFO : EventManager : Event: ======'game_started'====== Args={}
2025-10-22 21:23:22,749 : INFO : EventManager : Event: ======'machine_var_game_just_played'====== Args={'value': 1, 'prev_value': 0, 'change': 1}
2025-10-22 21:23:22,772 : INFO : EventManager : Event: ======'player_turn_will_start'====== Args={'player': <Player 1>, 'number': 1}
2025-10-22 21:23:22,774 : INFO : EventManager : Event: ======'player_turn_starting'====== Args={'player': <Player 1>, 'number': 1}
2025-10-22 21:23:22,775 : INFO : EventManager : Event: ======'player_ball'====== Args={'value': 1, 'prev_value': 0, 'change': 1, 'player_num': 1}
2025-10-22 21:23:22,776 : INFO : EventManager : Event: ======'player_turn_started'====== Args={'player': <Player 1>, 'number': 1}
2025-10-22 21:23:22,779 : INFO : EventManager : Event: ======'ball_will_start'====== Args={'player': 1, 'ball': 1, 'balls_remaining': 2, 'is_extra_ball': False}
2025-10-22 21:23:22,782 : INFO : EventManager : Event: ======'ball_starting'====== Args={'player': 1, 'ball': 1, 'balls_remaining': 2, 'is_extra_ball': False}
2025-10-22 21:23:22,784 : INFO : EventManager : Event: ======'mode_base_will_start'====== Args={'queue': <QueuedEvent>, 'player': 1, 'ball': 1, 'balls_remaining': 2, 'is_extra_ball': False}
2025-10-22 21:23:22,785 : INFO : EventManager : Event: ======'player_shot_left_orbit_enabled'====== Args={'value': True, 'prev_value': 0, 'change': 1, 'player_num': 1}
2025-10-22 21:23:22,786 : INFO : EventManager : Event: ======'player_shot_right_orbit_enabled'====== Args={'value': True, 'prev_value': 0, 'change': 1, 'player_num': 1}
2025-10-22 21:23:22,787 : INFO : EventManager : Event: ======'player_shot_inner_loop_enabled'====== Args={'value': True, 'prev_value': 0, 'change': 1, 'player_num': 1}
2025-10-22 21:23:22,787 : INFO : EventManager : Event: ======'player_shot_left_orbit_backdoor_enabled'====== Args={'value': True, 'prev_value': 0, 'change': 1, 'player_num': 1}
2025-10-22 21:23:22,787 : INFO : EventManager : Event: ======'player_shot_right_orbit_backdoor_enabled'====== Args={'value': True, 'prev_value': 0, 'change': 1, 'player_num': 1}
2025-10-22 21:23:22,788 : INFO : EventManager : Event: ======'player_shot_inner_loop_backdoor_enabled'====== Args={'value': True, 'prev_value': 0, 'change': 1, 'player_num': 1}
2025-10-22 21:23:22,788 : INFO : EventManager : Event: ======'player_shot_right_ramp_enabled'====== Args={'value': True, 'prev_value': 0, 'change': 1, 'player_num': 1}
2025-10-22 21:23:22,789 : INFO : EventManager : Event: ======'player_shot_left_ramp_enabled'====== Args={'value': True, 'prev_value': 0, 'change': 1, 'player_num': 1}
2025-10-22 21:23:22,789 : INFO : EventManager : Event: ======'player_shot_pop_standup_enabled'====== Args={'value': True, 'prev_value': 0, 'change': 1, 'player_num': 1}
2025-10-22 21:23:22,789 : INFO : EventManager : Event: ======'player_shot_upper_pop_standup_enabled'====== Args={'value': True, 'prev_value': 0, 'change': 1, 'player_num': 1}
2025-10-22 21:23:22,790 : INFO : EventManager : Event: ======'player_shot_scoop_enabled'====== Args={'value': True, 'prev_value': 0, 'change': 1, 'player_num': 1}
2025-10-22 21:23:22,790 : INFO : EventManager : Event: ======'player_shot_captive_ball_enabled'====== Args={'value': True, 'prev_value': 0, 'change': 1, 'player_num': 1}
2025-10-22 21:23:22,791 : INFO : EventManager : Event: ======'player_shot_three_bank_standup_enabled'====== Args={'value': True, 'prev_value': 0, 'change': 1, 'player_num': 1}
2025-10-22 21:23:22,791 : INFO : EventManager : Event: ======'player_shot_spinner_enabled'====== Args={'value': True, 'prev_value': 0, 'change': 1, 'player_num': 1}
2025-10-22 21:23:22,791 : INFO : EventManager : Event: ======'player_shot_pop1_enabled'====== Args={'value': True, 'prev_value': 0, 'change': 1, 'player_num': 1}
2025-10-22 21:23:22,791 : INFO : EventManager : Event: ======'player_shot_pop2_enabled'====== Args={'value': True, 'prev_value': 0, 'change': 1, 'player_num': 1}
2025-10-22 21:23:22,793 : INFO : EventManager : Event: ======'player_shot_pop3_enabled'====== Args={'value': True, 'prev_value': 0, 'change': 1, 'player_num': 1}
2025-10-22 21:23:22,794 : INFO : EventManager : Event: ======'player_shot_bottom_drop_enabled'====== Args={'value': True, 'prev_value': 0, 'change': 1, 'player_num': 1}
2025-10-22 21:23:22,795 : INFO : EventManager : Event: ======'player_shot_middle_drop_enabled'====== Args={'value': True, 'prev_value': 0, 'change': 1, 'player_num': 1}
2025-10-22 21:23:22,795 : INFO : EventManager : Event: ======'player_shot_top_drop_enabled'====== Args={'value': True, 'prev_value': 0, 'change': 1, 'player_num': 1}
2025-10-22 21:23:22,796 : INFO : EventManager : Event: ======'player_shot_tshirt_top_standup_enabled'====== Args={'value': True, 'prev_value': 0, 'change': 1, 'player_num': 1}
2025-10-22 21:23:22,796 : INFO : EventManager : Event: ======'player_shot_tshirt_bottom_standup_enabled'====== Args={'value': True, 'prev_value': 0, 'change': 1, 'player_num': 1}
2025-10-22 21:23:22,798 : INFO : EventManager : Event: ======'player_base_chcheckitoutfinish_widget_timer_tick'====== Args={'value': 0, 'prev_value': 0, 'change': 0, 'player_num': 1}
2025-10-22 21:23:22,798 : INFO : EventManager : Event: ======'achievement_wizard1_changed_state'====== Args={'restore': False, 'state': 'disabled', 'selected': False}
2025-10-22 21:23:22,799 : INFO : EventManager : Event: ======'achievement_wizard1_state_disabled'====== Args={'restore': False, 'state': 'disabled', 'selected': False}
2025-10-22 21:23:22,799 : INFO : EventManager : Event: ======'achievement_wizard2_changed_state'====== Args={'restore': False, 'state': 'disabled', 'selected': False}
2025-10-22 21:23:22,799 : INFO : EventManager : Event: ======'achievement_wizard2_state_disabled'====== Args={'restore': False, 'state': 'disabled', 'selected': False}
2025-10-22 21:23:22,799 : INFO : EventManager : Event: ======'achievement_wizard3_changed_state'====== Args={'restore': False, 'state': 'disabled', 'selected': False}
2025-10-22 21:23:22,800 : INFO : EventManager : Event: ======'achievement_wizard3_state_disabled'====== Args={'restore': False, 'state': 'disabled', 'selected': False}
2025-10-22 21:23:22,800 : INFO : EventManager : Event: ======'achievement_intergalactic_mode_changed_state'====== Args={'restore': False, 'state': 'disabled', 'selected': False}
2025-10-22 21:23:22,800 : INFO : EventManager : Event: ======'achievement_intergalactic_mode_state_disabled'====== Args={'restore': False, 'state': 'disabled', 'selected': False}
2025-10-22 21:23:22,803 : INFO : EventManager : Unordered handler for class <Auditor> on event game_ended with priority 1. Handlers: [RegisteredHandler(callback=<bound method Auditor.disable of <Auditor>>, priority=1, kwargs={}, key=UUID('c3db5ded-f28e-47ca-b989-e25df52a0dcd'), condition=None, blocking_facility=None), RegisteredHandler(callback=<bound method Auditor._save_audits of <Auditor>>, priority=1, kwargs={}, key=UUID('f569556c-799a-4c35-88cc-afdc928bf477'), condition=None, blocking_facility=None)]. The order of those handlers is not defined and they will be executed in random order. This might lead to race conditions and potential bugs.
2025-10-22 21:23:22,811 : INFO : EventManager : Event: ======'mode_base_starting'====== Args={'queue': <QueuedEvent>, 'player': 1, 'ball': 1, 'balls_remaining': 2, 'is_extra_ball': False}
2025-10-22 21:23:22,811 : INFO : drop_target_bank.three_bank : All targets are already up. Will not reset bank.
2025-10-22 21:23:22,814 : INFO : EventManager : Event: ======'balls_in_play'====== Args={'balls': 1}
2025-10-22 21:23:22,814 : INFO : EventManager : Event: ======'ball_started'====== Args={'player': 1, 'ball': 1, 'balls_remaining': 2, 'is_extra_ball': False}
2025-10-22 21:23:22,815 : INFO : EventManager : Event: ======'logicblock_qualify_chcheckitout_multiball_updated'====== Args={'value': 0, 'enabled': True}
2025-10-22 21:23:22,815 : INFO : EventManager : Event: ======'logicblock_completed_modes_count_updated'====== Args={'value': 0, 'enabled': True}
2025-10-22 21:23:22,815 : INFO : EventManager : Event: ======'logicblock_intergalactic_done_flag_updated'====== Args={'value': 0, 'enabled': True}
2025-10-22 21:23:22,815 : INFO : EventManager : Event: ======'logicblock_paulrevere_done_flag_updated'====== Args={'value': 0, 'enabled': True}
2025-10-22 21:23:22,816 : INFO : EventManager : Event: ======'logicblock_tripletrouble_done_flag_updated'====== Args={'value': 0, 'enabled': True}
2025-10-22 21:23:22,816 : INFO : EventManager : Event: ======'logicblock_sabotage_done_flag_updated'====== Args={'value': 0, 'enabled': True}
2025-10-22 21:23:22,816 : INFO : EventManager : Event: ======'logicblock_qualify_chcheckitout_multiball_updated'====== Args={'value': 0, 'enabled': True}
2025-10-22 21:23:22,816 : INFO : EventManager : Event: ======'logicblock_chcheckitout_multiball_ready_updated'====== Args={'value': 0, 'enabled': False}
2025-10-22 21:23:22,816 : INFO : EventManager : Event: ======'logicblock_drop_target_bank_counter_updated'====== Args={'value': 0, 'enabled': False}
2025-10-22 21:23:22,816 : INFO : EventManager : Event: ======'logicblock_completed_modes_count_updated'====== Args={'value': 0, 'enabled': True}
2025-10-22 21:23:22,816 : INFO : EventManager : Event: ======'logicblock_intergalactic_done_flag_updated'====== Args={'value': 0, 'enabled': True}
2025-10-22 21:23:22,817 : INFO : EventManager : Event: ======'logicblock_paulrevere_done_flag_updated'====== Args={'value': 0, 'enabled': True}
2025-10-22 21:23:22,817 : INFO : EventManager : Event: ======'logicblock_tripletrouble_done_flag_updated'====== Args={'value': 0, 'enabled': True}
2025-10-22 21:23:22,817 : INFO : EventManager : Event: ======'logicblock_sabotage_done_flag_updated'====== Args={'value': 0, 'enabled': True}
2025-10-22 21:23:22,817 : INFO : Mode.base : Started. Priority: 100
2025-10-22 21:23:22,817 : INFO : EventManager : Event: ======'modes_active_modes_changed'====== Args={}
2025-10-22 21:23:22,817 : INFO : EventManager : Event: ======'mode_base_started'====== Args={'queue': <QueuedEvent>, 'player': 1, 'ball': 1, 'balls_remaining': 2, 'is_extra_ball': False}
2025-10-22 21:23:22,818 : INFO : EventManager : Event: ======'mode_skill_shot_will_start'====== Args={'player': 1, 'ball': 1, 'balls_remaining': 2, 'is_extra_ball': False}
2025-10-22 21:23:22,819 : INFO : EventManager : Event: ======'player_shot_skillshot_side_targets_enabled'====== Args={'value': True, 'prev_value': 0, 'change': 1, 'player_num': 1}
2025-10-22 21:23:22,820 : INFO : EventManager : Event: ======'player_shot_skillshot_drop_targets_enabled'====== Args={'value': True, 'prev_value': 0, 'change': 1, 'player_num': 1}
2025-10-22 21:23:22,821 : INFO : EventManager : Event: ======'player_shot_skillshot_hideout_plunge_enabled'====== Args={'value': True, 'prev_value': 0, 'change': 1, 'player_num': 1}
2025-10-22 21:23:22,821 : INFO : EventManager : Event: ======'player_shot_skillshot_left_outlane_enabled'====== Args={'value': True, 'prev_value': 0, 'change': 1, 'player_num': 1}
2025-10-22 21:23:22,821 : INFO : EventManager : Event: ======'player_shot_skillshot_super_enabled'====== Args={'value': True, 'prev_value': 0, 'change': 1, 'player_num': 1}
2025-10-22 21:23:22,822 : INFO : EventManager : Event: ======'skillshot_complete'====== Args={'state': 'off'}
2025-10-22 21:23:22,822 : INFO : EventManager : Event: ======'skillshot_off_complete'====== Args={}
2025-10-22 21:23:22,823 : INFO : EventManager : Event: ======'player_skill_shot_skill_shot_timeout_tick'====== Args={'value': 0, 'prev_value': 0, 'change': 0, 'player_num': 1}
2025-10-22 21:23:22,824 : INFO : EventManager : Unordered handler for class <timer.skill_shot_timeout> on event ball_starting with priority 1. Handlers: [RegisteredHandler(callback=<bound method Timer.reset of <timer.skill_shot_timeout>>, priority=1, kwargs={}, key=UUID('f1c6242c-ca53-4ad3-a316-4a8ad844437c'), condition=None, blocking_facility=None), RegisteredHandler(callback=<bound method Timer.pause of <timer.skill_shot_timeout>>, priority=1, kwargs={'timer_value': None}, key=UUID('5e41132c-7508-47b8-93c0-23e7eece805c'), condition=None, blocking_facility=None)]. The order of those handlers is not defined and they will be executed in random order. This might lead to race conditions and potential bugs.
2025-10-22 21:23:22,826 : INFO : EventManager : Event: ======'mode_skill_shot_starting'====== Args={'player': 1, 'ball': 1, 'balls_remaining': 2, 'is_extra_ball': False}
2025-10-22 21:23:22,827 : INFO : EventManager : Event: ======'logicblock_drop_target_bank_counter_updated'====== Args={'value': 0, 'enabled': True}
2025-10-22 21:23:22,827 : INFO : EventManager : Event: ======'logicblock_qualify_chcheckitout_multiball_updated'====== Args={'value': 0, 'enabled': True}
2025-10-22 21:23:22,827 : INFO : EventManager : Event: ======'logicblock_chcheckitout_multiball_ready_updated'====== Args={'value': 0, 'enabled': False}
2025-10-22 21:23:22,828 : INFO : EventManager : Event: ======'player_multiball_blocking_flag'====== Args={'value': 0, 'prev_value': 0, 'change': 0, 'player_num': 1, 'source': 'base'}
2025-10-22 21:23:22,828 : INFO : EventManager : Event: ======'player_mode_blocking_flag'====== Args={'value': 0, 'prev_value': 0, 'change': 0, 'player_num': 1, 'source': 'base'}
2025-10-22 21:23:22,828 : INFO : EventManager : Event: ======'player_player_drop_target_bank_counter_count'====== Args={'value': 0, 'prev_value': 0, 'change': 0, 'player_num': 1, 'source': 'base'}
2025-10-22 21:23:22,831 : INFO : EventManager : Event: ======'player_drop_target_bank_counter_count'====== Args={'value': 0, 'prev_value': 0, 'change': 0, 'player_num': 1, 'source': 'base'}
2025-10-22 21:23:22,831 : INFO : EventManager : Event: ======'mode_multiball_will_start'====== Args={'queue': <QueuedEvent>, 'player': 1, 'ball': 1, 'balls_remaining': 2, 'is_extra_ball': False}
2025-10-22 21:23:22,837 : INFO : EventManager : Event: ======'mode_multiball_starting'====== Args={'queue': <QueuedEvent>, 'player': 1, 'ball': 1, 'balls_remaining': 2, 'is_extra_ball': False}
2025-10-22 21:23:22,837 : INFO : EventManager : Event: ======'mode_carousel_will_start'====== Args={'queue': <QueuedEvent>, 'player': 1, 'ball': 1, 'balls_remaining': 2, 'is_extra_ball': False}
2025-10-22 21:23:22,839 : INFO : EventManager : Event: ======'mode_carousel_starting'====== Args={'queue': <QueuedEvent>, 'player': 1, 'ball': 1, 'balls_remaining': 2, 'is_extra_ball': False}
2025-10-22 21:23:22,841 : INFO : EventManager : Event: ======'ball_save_default_enabled'====== Args={}
2025-10-22 21:23:22,841 : INFO : Mode.carousel : Started. Priority: 200
2025-10-22 21:23:22,841 : INFO : EventManager : Event: ======'modes_active_modes_changed'====== Args={}
2025-10-22 21:23:22,841 : INFO : EventManager : Event: ======'mode_carousel_started'====== Args={'queue': <QueuedEvent>, 'player': 1, 'ball': 1, 'balls_remaining': 2, 'is_extra_ball': False}
2025-10-22 21:23:22,842 : INFO : EventManager : Event: ======'item_highlighted'====== Args={'carousel': 'carousel', 'direction': None, 'item': 'intergalactic'}
2025-10-22 21:23:22,843 : INFO : Mode.skill_shot : Started. Priority: 500
2025-10-22 21:23:22,843 : INFO : EventManager : Event: ======'modes_active_modes_changed'====== Args={}
2025-10-22 21:23:22,843 : INFO : EventManager : Event: ======'mode_skill_shot_started'====== Args={'player': 1, 'ball': 1, 'balls_remaining': 2, 'is_extra_ball': False}
2025-10-22 21:23:22,844 : INFO : EventManager : Event: ======'advance_skill_side_targets'====== Args={'player': 1, 'ball': 1, 'balls_remaining': 2, 'is_extra_ball': False}
2025-10-22 21:23:22,844 : INFO : EventManager : Event: ======'player_shot_skillshot_side_targets'====== Args={'value': 1, 'prev_value': 0, 'change': 1, 'player_num': 1}
2025-10-22 21:23:22,846 : INFO : EventManager : Event: ======'logicblock_completing_chcheckitout_jackpots_updated'====== Args={'value': [False, False, False, False], 'enabled': True}
2025-10-22 21:23:22,847 : INFO : EventManager : Event: ======'logicblock_completing_chcheckitout_jackpots_updated'====== Args={'value': [False, False, False, False], 'enabled': True}
2025-10-22 21:23:22,847 : INFO : EventManager : Event: ======'logicblock_chcheckitout_superjackpot_updated'====== Args={'value': 0, 'enabled': False}
2025-10-22 21:23:22,847 : INFO : EventManager : Event: ======'logicblock_chcheckitout_leftorbit_jackpot_updated'====== Args={'value': 0, 'enabled': False}
2025-10-22 21:23:22,847 : INFO : EventManager : Event: ======'logicblock_chcheckitout_leftramp_jackpot_updated'====== Args={'value': 0, 'enabled': False}
2025-10-22 21:23:22,847 : INFO : EventManager : Event: ======'logicblock_chcheckitout_rightramp_jackpot_updated'====== Args={'value': 0, 'enabled': False}
2025-10-22 21:23:22,847 : INFO : EventManager : Event: ======'logicblock_chcheckitout_rightorbit_jackpot_updated'====== Args={'value': 0, 'enabled': False}
2025-10-22 21:23:22,847 : INFO : Mode.multiball : Started. Priority: 1000
2025-10-22 21:23:22,847 : INFO : EventManager : Event: ======'modes_active_modes_changed'====== Args={}
2025-10-22 21:23:22,848 : INFO : EventManager : Event: ======'mode_multiball_started'====== Args={'queue': <QueuedEvent>, 'player': 1, 'ball': 1, 'balls_remaining': 2, 'is_extra_ball': False}
2025-10-22 21:23:22,848 : INFO : EventManager : Event: ======'single_player_ball_started'====== Args={}
2025-10-22 21:23:22,870 : INFO : EventManager : Event: ======'ball_start_target'====== Args={'target': 'playfield'}
2025-10-22 21:23:22,871 : INFO : EventManager : Event: ======'slide_base_created'====== Args={'_from_bcp': True}
2025-10-22 21:23:22,871 : INFO : EventManager : Event: ======'slide_score_overlay_created'====== Args={'_from_bcp': True}
2025-10-22 21:23:22,871 : INFO : EventManager : Event: ======'slide_attract_load_inactive'====== Args={'is_removing': True, '_from_bcp': True}
2025-10-22 21:23:22,873 : INFO : EventManager : Event: ======'slide_score_overlay_active'====== Args={'original_context': 'base', 'original_calling_context': 'mode_base_started', 'priority': 100.0, 'queue': '<QueuedEvent>', 'player': 1.0, 'ball': 1.0, 'balls_remaining': 2.0, 'is_extra_ball': False, 'cmd': 'slides_play', '_from_bcp': True}
2025-10-22 21:23:22,874 : INFO : ball_device.bd_plunger : Setting up player-controlled eject. Balls: 1, Target: <playfield.playfield>, player_controlled_eject_event: None
2025-10-22 21:23:22,875 : INFO : EventManager : Event: ======'balldevice_balls_available'====== Args={}
2025-10-22 21:23:22,875 : INFO : EventManager : Event: ======'play_base_video4'====== Args={'_from_bcp': True}
2025-10-22 21:23:22,877 : INFO : ball_device.bd_trough : State: waiting_for_target_ready
2025-10-22 21:23:22,878 : INFO : EventManager : Event: ======'balldevice_bd_trough_ball_eject_attempt'====== Args={'balls': 1, 'target': <ball_device.bd_plunger>, 'source': <ball_device.bd_trough>, 'mechanical_eject': True, 'num_attempts': 0}
2025-10-22 21:23:22,878 : INFO : ball_device.bd_plunger : State: waiting_for_ball
2025-10-22 21:23:22,880 : INFO : ball_device.bd_trough : State: ejecting
2025-10-22 21:23:22,880 : INFO : ball_device.bd_trough : Ejecting ball to <ball_device.bd_plunger>
2025-10-22 21:23:22,881 : INFO : EventManager : Event: ======'balldevice_bd_trough_ejecting_ball'====== Args={'balls': 1, 'target': <ball_device.bd_plunger>, 'source': <ball_device.bd_trough>, 'mechanical_eject': True, 'num_attempts': 0}
2025-10-22 21:23:22,881 : INFO : EventManager : Event: ======'slide_attract_load_removed'====== Args={'_from_bcp': True}
2025-10-22 21:23:22,881 : INFO : ball_device.bd_trough : Wait for ball to leave device
2025-10-22 21:23:22,883 : INFO : coil.c_trough_eject : Pulsing Driver for 20ms (1.0 pulse_power)
2025-10-22 21:23:22,883 : INFO : SwitchController : <<<<<<< 's_trough1' inactive >>>>>>>
2025-10-22 21:23:22,890 : INFO : ball_device.bd_trough : State: ball_left
2025-10-22 21:23:22,890 : INFO : ball_device.bd_trough : Ball left
2025-10-22 21:23:22,890 : INFO : ball_device.bd_trough : Wait for confirm with timeout 3.0
2025-10-22 21:23:22,891 : INFO : EventManager : Event: ======'slide_current_mode_highlighted_created'====== Args={'_from_bcp': True}
2025-10-22 21:23:22,994 : INFO : SwitchController : <<<<<<< 's_plunger' active >>>>>>>
2025-10-22 21:23:22,994 : INFO : EventManager : Event: ======'machine_var_audits_switches_s_plunger'====== Args={'value': 1257, 'prev_value': 1256, 'change': 1}
2025-10-22 21:23:23,183 : INFO : EventManager : Event: ======'slide_skillshot_overlay_created'====== Args={'_from_bcp': True}
2025-10-22 21:23:23,204 : INFO : EventManager : Event: ======'slide_basevideo4_created'====== Args={'_from_bcp': True}
2025-10-22 21:23:23,512 : INFO : ball_device.bd_plunger : Received ball from <ball_device.bd_trough>
2025-10-22 21:23:23,512 : INFO : EventManager : Event: ======'balldevice_bd_plunger_ball_enter'====== Args={'new_balls': 1, 'unclaimed_balls': 0, 'new_available_balls': 0, 'device': <ball_device.bd_plunger>}
2025-10-22 21:23:23,513 : INFO : EventManager : Event: ======'balldevice_bd_plunger_ball_entered'====== Args={'new_balls': 0, 'device': <ball_device.bd_plunger>}
2025-10-22 21:23:23,514 : INFO : EventManager : Event: ======'balldevice_bd_plunger_ball_count_changed'====== Args={'balls': 1}
2025-10-22 21:23:23,514 : INFO : ball_device.bd_trough : Got eject confirm
2025-10-22 21:23:23,514 : INFO : ball_device.bd_trough : Eject successful
2025-10-22 21:23:23,514 : INFO : EventManager : Event: ======'balldevice_bd_trough_ball_eject_success'====== Args={'balls': 1, 'target': <ball_device.bd_plunger>}
2025-10-22 21:23:23,515 : INFO : EventManager : Event: ======'balldevice_bd_trough_ball_count_changed'====== Args={'balls': 5}
2025-10-22 21:23:23,515 : INFO : ball_device.bd_trough : State: idle
2025-10-22 21:23:23,516 : INFO : ball_device.bd_plunger : State: waiting_for_target_ready
2025-10-22 21:23:23,516 : INFO : EventManager : Event: ======'balldevice_bd_plunger_ball_eject_attempt'====== Args={'balls': 1, 'target': <playfield.playfield>, 'source': <ball_device.bd_plunger>, 'mechanical_eject': True, 'num_attempts': 0}
2025-10-22 21:23:23,517 : INFO : ball_device.bd_plunger : State: ejecting
2025-10-22 21:23:23,517 : INFO : ball_device.bd_plunger : Ejecting ball to <playfield.playfield>
2025-10-22 21:23:23,517 : INFO : EventManager : Event: ======'balldevice_bd_plunger_ejecting_ball'====== Args={'balls': 1, 'target': <playfield.playfield>, 'source': <ball_device.bd_plunger>, 'mechanical_eject': True, 'num_attempts': 0}
2025-10-22 21:23:23,519 : INFO : ball_device.bd_plunger : Wait for ball to leave device
2025-10-22 21:23:23,575 : INFO : SwitchController : <<<<<<< 's_plunger' inactive >>>>>>>
2025-10-22 21:23:23,575 : INFO : EventManager : Event: ======'ball_out'====== Args={}
2025-10-22 21:23:23,576 : INFO : EventManager : Event: ======'ball_save_default_timer_start'====== Args={}
2025-10-22 21:23:23,579 : INFO : ball_device.bd_plunger : State: ball_left
2025-10-22 21:23:23,580 : INFO : ball_device.bd_plunger : Ball left
2025-10-22 21:23:23,580 : INFO : ball_device.bd_plunger : Wait for confirm with timeout 3.0
2025-10-22 21:23:23,824 : INFO : SwitchController : <<<<<<< 's_three_bank_top' active >>>>>>>
2025-10-22 21:23:23,824 : INFO : EventManager : Event: ======'playfield_active'====== Args={'source': 'top_drop'}
2025-10-22 21:23:23,824 : INFO : EventManager : Event: ======'playfield_active'====== Args={'source': 'skillshot_drop_targets'}
2025-10-22 21:23:23,824 : INFO : EventManager : Event: ======'s_three_bank_top_active'====== Args={}
2025-10-22 21:23:23,824 : INFO : EventManager : Event: ======'playfield_active'====== Args={'source': 'top'}
2025-10-22 21:23:23,824 : INFO : EventManager : Event: ======'drop_target_top_down'====== Args={'device': <drop_target.top>}
2025-10-22 21:23:23,825 : INFO : EventManager : Event: ======'drop_target_bank_three_bank_mixed'====== Args={'prev_value': <DropTargetBankState.UP: 'up'>, 'down': 1}
2025-10-22 21:23:23,825 : INFO : EventManager : Event: ======'machine_var_audits_switches_s_three_bank_top'====== Args={'value': 591, 'prev_value': 590, 'change': 1}
2025-10-22 21:23:23,826 : INFO : EventManager : Event: ======'machine_var_audits_shots_skillshot_drop_targets'====== Args={'value': 57, 'prev_value': 56, 'change': 1}
2025-10-22 21:23:23,827 : INFO : EventManager : Event: ======'skillshot_drop_targets_hit'====== Args={'profile': 'skill_shot_profile', 'state': 'off', 'advancing': False}
2025-10-22 21:23:23,827 : INFO : EventManager : Event: ======'skillshot_drop_targets_skill_shot_profile_hit'====== Args={'profile': 'skill_shot_profile', 'state': 'off', 'advancing': False}
2025-10-22 21:23:23,827 : INFO : EventManager : Event: ======'skillshot_drop_targets_skill_shot_profile_off_hit'====== Args={'profile': 'skill_shot_profile', 'state': 'off', 'advancing': False}
2025-10-22 21:23:23,827 : INFO : EventManager : Event: ======'skillshot_drop_targets_off_hit'====== Args={'profile': 'skill_shot_profile', 'state': 'off', 'advancing': False}
2025-10-22 21:23:23,827 : INFO : EventManager : Event: ======'machine_var_audits_shots_top_drop'====== Args={'value': 53, 'prev_value': 52, 'change': 1}
2025-10-22 21:23:23,827 : INFO : EventManager : Event: ======'top_drop_hit'====== Args={'profile': 'base_shot_profile', 'state': 'off', 'advancing': False}
2025-10-22 21:23:23,827 : INFO : EventManager : Event: ======'top_drop_base_shot_profile_hit'====== Args={'profile': 'base_shot_profile', 'state': 'off', 'advancing': False}
2025-10-22 21:23:23,827 : INFO : EventManager : Event: ======'top_drop_base_shot_profile_off_hit'====== Args={'profile': 'base_shot_profile', 'state': 'off', 'advancing': False}
2025-10-22 21:23:23,828 : INFO : EventManager : Event: ======'top_drop_off_hit'====== Args={'profile': 'base_shot_profile', 'state': 'off', 'advancing': False}
2025-10-22 21:23:23,828 : INFO : EventManager : Event: ======'player_score'====== Args={'value': 2220, 'prev_value': 0, 'change': 2220, 'player_num': 1, 'source': 'base'}
2025-10-22 21:23:23,828 : INFO : EventManager : Event: ======'skillshot_hit'====== Args={'shot': 'skillshot_drop_targets'}
2025-10-22 21:23:23,828 : INFO : EventManager : Event: ======'skillshot_off_hit'====== Args={'shot': 'skillshot_drop_targets'}
2025-10-22 21:23:23,828 : INFO : EventManager : Event: ======'mode_skill_shot_will_stop'====== Args={}
2025-10-22 21:23:23,828 : INFO : EventManager : Event: ======'mode_skill_shot_stopping'====== Args={}
2025-10-22 21:23:23,830 : INFO : Mode.skill_shot : Stopped.
2025-10-22 21:23:23,830 : INFO : EventManager : Event: ======'modes_active_modes_changed'====== Args={}
2025-10-22 21:23:23,830 : INFO : EventManager : Event: ======'mode_skill_shot_stopped'====== Args={}
2025-10-22 21:23:23,830 : INFO : EventManager : Event: ======'clear'====== Args={'key': 'skill_shot'}
2025-10-22 21:23:23,831 : INFO : Timer.skill_shot_timeout : Stopping Timer
2025-10-22 21:23:23,831 : INFO : EventManager : Event: ======'timer_skill_shot_timeout_stopped'====== Args={'ticks': 0, 'ticks_remaining': 0}
2025-10-22 21:23:23,868 : INFO : ball_device.bd_plunger : Got eject confirm
2025-10-22 21:23:23,868 : INFO : ball_device.bd_plunger : Eject successful
2025-10-22 21:23:23,868 : INFO : EventManager : Event: ======'balldevice_bd_plunger_ball_eject_success'====== Args={'balls': 1, 'target': <playfield.playfield>}
2025-10-22 21:23:23,869 : INFO : EventManager : Event: ======'slide_skillshot_overlay_removed'====== Args={'_from_bcp': True}
2025-10-22 21:23:23,869 : INFO : EventManager : Event: ======'balldevice_playfield_ball_enter'====== Args={'new_balls': 1, 'unclaimed_balls': 1, 'device': <playfield.playfield>}
2025-10-22 21:23:23,869 : INFO : EventManager : Event: ======'playfield_ball_count_change'====== Args={'balls': 1, 'change': 1}
2025-10-22 21:23:23,870 : INFO : EventManager : Event: ======'balldevice_bd_plunger_ball_count_changed'====== Args={'balls': 0}
2025-10-22 21:23:23,870 : INFO : ball_device.bd_plunger : State: idle
2025-10-22 21:23:26,569 : INFO : EventManager : Event: ======'ball_save_default_hurry_up'====== Args={}
2025-10-22 21:23:28,583 : INFO : EventManager : Event: ======'ball_save_default_grace_period'====== Args={}
2025-10-22 21:23:30,570 : INFO : EventManager : Event: ======'ball_save_default_disabled'====== Args={}
2025-10-22 21:23:43,258 : INFO : SwitchController : <<<<<<< 's_scoop' active >>>>>>>
2025-10-22 21:23:43,259 : INFO : EventManager : Event: ======'s_scoop_active'====== Args={}
2025-10-22 21:23:43,259 : INFO : EventManager : Event: ======'machine_var_audits_switches_s_scoop'====== Args={'value': 379, 'prev_value': 378, 'change': 1}
2025-10-22 21:23:43,260 : INFO : EventManager : Event: ======'machine_var_audits_shots_scoop'====== Args={'value': 36, 'prev_value': 35, 'change': 1}
2025-10-22 21:23:43,261 : INFO : EventManager : Event: ======'scoop_hit'====== Args={'profile': 'base_shot_profile', 'state': 'off', 'advancing': False}
2025-10-22 21:23:43,261 : INFO : EventManager : Event: ======'scoop_base_shot_profile_hit'====== Args={'profile': 'base_shot_profile', 'state': 'off', 'advancing': False}
2025-10-22 21:23:43,261 : INFO : EventManager : Event: ======'scoop_base_shot_profile_off_hit'====== Args={'profile': 'base_shot_profile', 'state': 'off', 'advancing': False}
2025-10-22 21:23:43,262 : INFO : EventManager : Event: ======'scoop_off_hit'====== Args={'profile': 'base_shot_profile', 'state': 'off', 'advancing': False}
2025-10-22 21:23:43,262 : INFO : EventManager : Event: ======'carousel_intergalactic_selected'====== Args={}
2025-10-22 21:23:43,262 : INFO : EventManager : Event: ======'carousel_item_selected'====== Args={}
2025-10-22 21:23:43,262 : INFO : EventManager : Event: ======'player_score'====== Args={'value': 4530, 'prev_value': 2220, 'change': 2310, 'player_num': 1, 'source': 'base'}
2025-10-22 21:23:43,262 : INFO : EventManager : Event: ======'mode_intergalactic_will_start'====== Args={}
2025-10-22 21:23:43,264 : INFO : EventManager : Event: ======'player_intergalactic_intergalactic_intro_show_tick'====== Args={'value': 0, 'prev_value': 0, 'change': 0, 'player_num': 1}
2025-10-22 21:23:43,264 : INFO : EventManager : Event: ======'player_intergalactic_intergalactic_time_remaining_tick'====== Args={'value': 60, 'prev_value': 0, 'change': 60, 'player_num': 1}
2025-10-22 21:23:43,268 : INFO : EventManager : Event: ======'mode_intergalactic_starting'====== Args={}
2025-10-22 21:23:43,268 : INFO : EventManager : Event: ======'player_selected_mode'====== Args={'value': 'Intergalactic', 'prev_value': 0, 'change': True, 'player_num': 1, 'source': 'carousel'}
2025-10-22 21:23:43,269 : INFO : EventManager : Event: ======'mode_carousel_will_stop'====== Args={}
2025-10-22 21:23:43,269 : INFO : EventManager : Event: ======'mode_carousel_stopping'====== Args={}
2025-10-22 21:23:43,271 : INFO : Mode.carousel : Stopped.
2025-10-22 21:23:43,271 : INFO : EventManager : Event: ======'modes_active_modes_changed'====== Args={}
2025-10-22 21:23:43,272 : INFO : EventManager : Event: ======'mode_carousel_stopped'====== Args={}
2025-10-22 21:23:43,272 : INFO : EventManager : Event: ======'clear'====== Args={'key': 'carousel'}
2025-10-22 21:23:43,300 : INFO : EventManager : Event: ======'logicblock_intergalactic_shot_1_updated'====== Args={'value': 0, 'enabled': True}
2025-10-22 21:23:43,300 : INFO : EventManager : Event: ======'logicblock_intergalactic_shot_1_updated'====== Args={'value': 0, 'enabled': True}
2025-10-22 21:23:43,301 : INFO : EventManager : Event: ======'logicblock_intergalactic_shot_2_updated'====== Args={'value': 0, 'enabled': False}
2025-10-22 21:23:43,301 : INFO : EventManager : Event: ======'logicblock_intergalactic_shot_3_updated'====== Args={'value': 0, 'enabled': False}
2025-10-22 21:23:43,301 : INFO : EventManager : Event: ======'logicblock_intergalactic_shot_4_updated'====== Args={'value': 0, 'enabled': False}
2025-10-22 21:23:43,301 : INFO : EventManager : Event: ======'logicblock_intergalactic_shot_5_updated'====== Args={'value': 0, 'enabled': False}
2025-10-22 21:23:43,301 : INFO : Mode.intergalactic : Started. Priority: 1000
2025-10-22 21:23:43,301 : INFO : EventManager : Event: ======'modes_active_modes_changed'====== Args={}
2025-10-22 21:23:43,302 : INFO : EventManager : Event: ======'mode_intergalactic_started'====== Args={}
2025-10-22 21:23:43,303 : INFO : EventManager : Event: ======'player_mode_blocking_flag'====== Args={'value': 1, 'prev_value': 0, 'change': 1, 'player_num': 1, 'source': 'intergalactic'}
2025-10-22 21:23:43,304 : INFO : EventManager : Event: ======'achievement_intergalactic_mode_changed_state'====== Args={'restore': False, 'state': 'enabled', 'selected': False}
2025-10-22 21:23:43,304 : INFO : EventManager : Event: ======'achievement_intergalactic_mode_state_enabled'====== Args={'restore': False, 'state': 'enabled', 'selected': False}
2025-10-22 21:23:43,304 : INFO : EventManager : Event: ======'achievement_intergalactic_mode_changed_state'====== Args={'restore': False, 'state': 'started', 'selected': False}
2025-10-22 21:23:43,304 : INFO : EventManager : Event: ======'achievement_intergalactic_mode_state_started'====== Args={'restore': False, 'state': 'started', 'selected': False}
2025-10-22 21:23:43,304 : INFO : EventManager : Event: ======'player_mode_intergalactic_score'====== Args={'value': 0, 'prev_value': 0, 'change': 0, 'player_num': 1, 'source': 'base'}
2025-10-22 21:23:43,304 : INFO : Timer.intergalactic_intro_show : Starting Timer.
2025-10-22 21:23:43,304 : INFO : EventManager : Event: ======'timer_intergalactic_intro_show_started'====== Args={'ticks': 0, 'ticks_remaining': 13}
2025-10-22 21:23:43,306 : INFO : EventManager : Event: ======'timer_intergalactic_intro_show_tick'====== Args={'ticks': 0, 'ticks_remaining': 13}
2025-10-22 21:23:43,310 : INFO : EventManager : Event: ======'player_intergalactic_intro_show_variable_times_100'====== Args={'value': 0, 'prev_value': 0, 'change': 0, 'player_num': 1, 'source': 'intergalactic'}
2025-10-22 21:23:43,312 : INFO : EventManager : Event: ======'slide_current_mode_highlighted_removed'====== Args={'_from_bcp': True}
2025-10-22 21:23:43,330 : INFO : EventManager : Event: ======'slide_base_removed'====== Args={'_from_bcp': True}
2025-10-22 21:23:43,331 : INFO : EventManager : Event: ======'slide_basevideo4_removed'====== Args={'_from_bcp': True}
2025-10-22 21:23:43,349 : INFO : EventManager : Event: ======'slide_intergalactic_created'====== Args={'_from_bcp': True}
2025-10-22 21:23:43,353 : INFO : EventManager : Event: ======'slide_intergalactic_instructions_created'====== Args={'_from_bcp': True}
2025-10-22 21:23:43,761 : INFO : EventManager : Event: ======'balldevice_bd_scoop_ball_count_changed'====== Args={'balls': 1}
2025-10-22 21:23:43,762 : INFO : ball_device.bd_scoop : Received unexpected ball
2025-10-22 21:23:43,762 : INFO : EventManager : Event: ======'balldevice_captured_from_playfield'====== Args={'balls': 1}
2025-10-22 21:23:43,763 : INFO : EventManager : Event: ======'sw_playfield_active'====== Args={'balls': 1}
2025-10-22 21:23:43,763 : INFO : EventManager : Event: ======'playfield_ball_count_change'====== Args={'balls': 0, 'change': -1}
2025-10-22 21:23:43,764 : INFO : EventManager : Event: ======'balldevice_bd_scoop_ball_enter'====== Args={'new_balls': 1, 'unclaimed_balls': 1, 'new_available_balls': 1, 'device': <ball_device.bd_scoop>}
2025-10-22 21:23:43,764 : INFO : EventManager : Event: ======'ball_hold_intergalactic_scoop_hold_held_ball'====== Args={'balls_held': 1, 'total_balls_held': 1}
2025-10-22 21:23:43,764 : INFO : EventManager : Event: ======'ball_hold_intergalactic_scoop_hold_full'====== Args={'balls': 1}
2025-10-22 21:23:43,765 : INFO : EventManager : Event: ======'balldevice_balls_available'====== Args={}
2025-10-22 21:23:43,765 : INFO : EventManager : Event: ======'balldevice_bd_scoop_ball_entered'====== Args={'new_balls': 1, 'device': <ball_device.bd_scoop>}
2025-10-22 21:23:44,304 : INFO : EventManager : Event: ======'player_intergalactic_intergalactic_intro_show_tick'====== Args={'value': 1, 'prev_value': 0, 'change': 1, 'player_num': 1}
2025-10-22 21:23:44,305 : INFO : EventManager : Event: ======'timer_intergalactic_intro_show_tick'====== Args={'ticks': 1, 'ticks_remaining': 12}
2025-10-22 21:23:44,309 : INFO : EventManager : Event: ======'player_intergalactic_intro_show_variable_times_100'====== Args={'value': 100, 'prev_value': 0, 'change': 100, 'player_num': 1, 'source': 'intergalactic'}
2025-10-22 21:23:45,314 : INFO : EventManager : Event: ======'player_intergalactic_intergalactic_intro_show_tick'====== Args={'value': 2, 'prev_value': 1, 'change': 1, 'player_num': 1}
2025-10-22 21:23:45,315 : INFO : EventManager : Event: ======'timer_intergalactic_intro_show_tick'====== Args={'ticks': 2, 'ticks_remaining': 11}
2025-10-22 21:23:45,318 : INFO : EventManager : Event: ======'player_intergalactic_intro_show_variable_times_100'====== Args={'value': 200, 'prev_value': 100, 'change': 100, 'player_num': 1, 'source': 'intergalactic'}
2025-10-22 21:23:46,321 : INFO : EventManager : Event: ======'player_intergalactic_intergalactic_intro_show_tick'====== Args={'value': 3, 'prev_value': 2, 'change': 1, 'player_num': 1}
2025-10-22 21:23:46,322 : INFO : EventManager : Event: ======'timer_intergalactic_intro_show_tick'====== Args={'ticks': 3, 'ticks_remaining': 10}
2025-10-22 21:23:46,324 : INFO : EventManager : Event: ======'player_intergalactic_intro_show_variable_times_100'====== Args={'value': 300, 'prev_value': 200, 'change': 100, 'player_num': 1, 'source': 'intergalactic'}
2025-10-22 21:23:47,317 : INFO : EventManager : Event: ======'player_intergalactic_intergalactic_intro_show_tick'====== Args={'value': 4, 'prev_value': 3, 'change': 1, 'player_num': 1}
2025-10-22 21:23:47,318 : INFO : EventManager : Event: ======'timer_intergalactic_intro_show_tick'====== Args={'ticks': 4, 'ticks_remaining': 9}
2025-10-22 21:23:47,322 : INFO : EventManager : Event: ======'player_intergalactic_intro_show_variable_times_100'====== Args={'value': 400, 'prev_value': 300, 'change': 100, 'player_num': 1, 'source': 'intergalactic'}
2025-10-22 21:23:48,298 : INFO : EventManager : Event: ======'player_intergalactic_intergalactic_intro_show_tick'====== Args={'value': 5, 'prev_value': 4, 'change': 1, 'player_num': 1}
2025-10-22 21:23:48,299 : INFO : EventManager : Event: ======'timer_intergalactic_intro_show_tick'====== Args={'ticks': 5, 'ticks_remaining': 8}
2025-10-22 21:23:48,302 : INFO : EventManager : Event: ======'player_intergalactic_intro_show_variable_times_100'====== Args={'value': 500, 'prev_value': 400, 'change': 100, 'player_num': 1, 'source': 'intergalactic'}
2025-10-22 21:23:49,324 : INFO : EventManager : Event: ======'player_intergalactic_intergalactic_intro_show_tick'====== Args={'value': 6, 'prev_value': 5, 'change': 1, 'player_num': 1}
2025-10-22 21:23:49,325 : INFO : EventManager : Event: ======'timer_intergalactic_intro_show_tick'====== Args={'ticks': 6, 'ticks_remaining': 7}
2025-10-22 21:23:49,327 : INFO : EventManager : Event: ======'player_intergalactic_intro_show_variable_times_100'====== Args={'value': 600, 'prev_value': 500, 'change': 100, 'player_num': 1, 'source': 'intergalactic'}
2025-10-22 21:23:50,318 : INFO : EventManager : Event: ======'player_intergalactic_intergalactic_intro_show_tick'====== Args={'value': 7, 'prev_value': 6, 'change': 1, 'player_num': 1}
2025-10-22 21:23:50,320 : INFO : EventManager : Event: ======'timer_intergalactic_intro_show_tick'====== Args={'ticks': 7, 'ticks_remaining': 6}
2025-10-22 21:23:50,324 : INFO : EventManager : Event: ======'player_intergalactic_intro_show_variable_times_100'====== Args={'value': 700, 'prev_value': 600, 'change': 100, 'player_num': 1, 'source': 'intergalactic'}
2025-10-22 21:23:51,310 : INFO : EventManager : Event: ======'player_intergalactic_intergalactic_intro_show_tick'====== Args={'value': 8, 'prev_value': 7, 'change': 1, 'player_num': 1}
2025-10-22 21:23:51,312 : INFO : EventManager : Event: ======'timer_intergalactic_intro_show_tick'====== Args={'ticks': 8, 'ticks_remaining': 5}
2025-10-22 21:23:51,316 : INFO : EventManager : Event: ======'player_intergalactic_intro_show_variable_times_100'====== Args={'value': 800, 'prev_value': 700, 'change': 100, 'player_num': 1, 'source': 'intergalactic'}
2025-10-22 21:23:52,305 : INFO : EventManager : Event: ======'player_intergalactic_intergalactic_intro_show_tick'====== Args={'value': 9, 'prev_value': 8, 'change': 1, 'player_num': 1}
2025-10-22 21:23:52,306 : INFO : EventManager : Event: ======'timer_intergalactic_intro_show_tick'====== Args={'ticks': 9, 'ticks_remaining': 4}
2025-10-22 21:23:52,309 : INFO : EventManager : Event: ======'player_intergalactic_intro_show_variable_times_100'====== Args={'value': 900, 'prev_value': 800, 'change': 100, 'player_num': 1, 'source': 'intergalactic'}
2025-10-22 21:23:52,352 : INFO : EventManager : Event: ======'slide_intergalactic_instructions_removed'====== Args={'_from_bcp': True}
2025-10-22 21:23:53,316 : INFO : EventManager : Event: ======'player_intergalactic_intergalactic_intro_show_tick'====== Args={'value': 10, 'prev_value': 9, 'change': 1, 'player_num': 1}
2025-10-22 21:23:53,317 : INFO : EventManager : Event: ======'timer_intergalactic_intro_show_tick'====== Args={'ticks': 10, 'ticks_remaining': 3}
2025-10-22 21:23:53,320 : INFO : EventManager : Event: ======'player_intergalactic_intro_show_variable_times_100'====== Args={'value': 1000, 'prev_value': 900, 'change': 100, 'player_num': 1, 'source': 'intergalactic'}
2025-10-22 21:23:54,304 : INFO : EventManager : Event: ======'player_intergalactic_intergalactic_intro_show_tick'====== Args={'value': 11, 'prev_value': 10, 'change': 1, 'player_num': 1}
2025-10-22 21:23:54,306 : INFO : EventManager : Event: ======'timer_intergalactic_intro_show_tick'====== Args={'ticks': 11, 'ticks_remaining': 2}
2025-10-22 21:23:54,310 : INFO : EventManager : Event: ======'player_intergalactic_intro_show_variable_times_100'====== Args={'value': 1100, 'prev_value': 1000, 'change': 100, 'player_num': 1, 'source': 'intergalactic'}
2025-10-22 21:23:55,298 : INFO : EventManager : Event: ======'player_intergalactic_intergalactic_intro_show_tick'====== Args={'value': 12, 'prev_value': 11, 'change': 1, 'player_num': 1}
2025-10-22 21:23:55,299 : INFO : EventManager : Event: ======'timer_intergalactic_intro_show_tick'====== Args={'ticks': 12, 'ticks_remaining': 1}
2025-10-22 21:23:55,302 : INFO : EventManager : Event: ======'player_intergalactic_intro_show_variable_times_100'====== Args={'value': 1200, 'prev_value': 1100, 'change': 100, 'player_num': 1, 'source': 'intergalactic'}
2025-10-22 21:23:56,304 : INFO : EventManager : Event: ======'player_intergalactic_intergalactic_intro_show_tick'====== Args={'value': 13, 'prev_value': 12, 'change': 1, 'player_num': 1}
2025-10-22 21:23:56,305 : INFO : Timer.intergalactic_intro_show : Timer Complete
2025-10-22 21:23:56,305 : INFO : Timer.intergalactic_intro_show : Stopping Timer
2025-10-22 21:23:56,305 : INFO : EventManager : Event: ======'timer_intergalactic_intro_show_stopped'====== Args={'ticks': 13, 'ticks_remaining': 1}
2025-10-22 21:23:56,305 : INFO : EventManager : Event: ======'timer_intergalactic_intro_show_complete'====== Args={'ticks': 13, 'ticks_remaining': 1}
2025-10-22 21:23:56,309 : INFO : ball_device.bd_scoop : Adding 1 ball(s) to the eject_queue with target <playfield.playfield>.
2025-10-22 21:23:56,309 : INFO : EventManager : Event: ======'balldevice_balls_available'====== Args={}
2025-10-22 21:23:56,309 : INFO : EventManager : Event: ======'ball_hold_intergalactic_scoop_hold_balls_released'====== Args={'balls_released': 1}
2025-10-22 21:23:56,310 : INFO : Timer.intergalactic_time_remaining : Starting Timer.
2025-10-22 21:23:56,310 : INFO : EventManager : Event: ======'timer_intergalactic_time_remaining_started'====== Args={'ticks': 60, 'ticks_remaining': 60}
2025-10-22 21:23:56,311 : INFO : EventManager : Event: ======'timer_intergalactic_time_remaining_tick'====== Args={'ticks': 60, 'ticks_remaining': 60}
2025-10-22 21:23:56,311 : INFO : EventManager : Event: ======'player_intergalactic_time_remaining_variable_times_1'====== Args={'value': 60, 'prev_value': 0, 'change': 60, 'player_num': 1, 'source': 'intergalactic'}
2025-10-22 21:23:56,317 : INFO : ball_device.bd_scoop : State: waiting_for_target_ready
2025-10-22 21:23:56,318 : INFO : EventManager : Event: ======'balldevice_bd_scoop_ball_eject_attempt'====== Args={'balls': 1, 'target': <playfield.playfield>, 'source': <ball_device.bd_scoop>, 'mechanical_eject': False, 'num_attempts': 0}
2025-10-22 21:23:56,319 : INFO : ball_device.bd_scoop : State: ejecting
2025-10-22 21:23:56,319 : INFO : ball_device.bd_scoop : Ejecting ball to <playfield.playfield>
2025-10-22 21:23:56,320 : INFO : EventManager : Event: ======'balldevice_bd_scoop_ejecting_ball'====== Args={'balls': 1, 'target': <playfield.playfield>, 'source': <ball_device.bd_scoop>, 'mechanical_eject': False, 'num_attempts': 0}
2025-10-22 21:23:56,321 : INFO : EventManager : Event: ======'slide_intergalactic_right_shot_lit_created'====== Args={'_from_bcp': True}
2025-10-22 21:23:56,322 : INFO : ball_device.bd_scoop : Wait for ball to leave device
2025-10-22 21:23:56,322 : INFO : coil.c_scoop_eject : Pulsing Driver for 25ms (1.0 pulse_power)
2025-10-22 21:23:56,322 : INFO : SwitchController : <<<<<<< 's_scoop' inactive >>>>>>>
2025-10-22 21:23:56,329 : INFO : EventManager : Event: ======'slide_intergalactic_display_timer_created'====== Args={'_from_bcp': True}
2025-10-22 21:23:56,330 : INFO : ball_device.bd_scoop : State: ball_left
2025-10-22 21:23:56,331 : INFO : ball_device.bd_scoop : Ball left
2025-10-22 21:23:56,331 : INFO : ball_device.bd_scoop : Wait for confirm with timeout 3.0
2025-10-22 21:23:57,325 : INFO : EventManager : Event: ======'player_intergalactic_intergalactic_time_remaining_tick'====== Args={'value': 59, 'prev_value': 60, 'change': -1, 'player_num': 1}
2025-10-22 21:23:57,326 : INFO : EventManager : Event: ======'timer_intergalactic_time_remaining_tick'====== Args={'ticks': 59, 'ticks_remaining': 59}
2025-10-22 21:23:57,329 : INFO : EventManager : Event: ======'player_intergalactic_time_remaining_variable_times_1'====== Args={'value': 59, 'prev_value': 60, 'change': -1, 'player_num': 1, 'source': 'intergalactic'}
2025-10-22 21:23:58,319 : INFO : EventManager : Event: ======'player_intergalactic_intergalactic_time_remaining_tick'====== Args={'value': 58, 'prev_value': 59, 'change': -1, 'player_num': 1}
2025-10-22 21:23:58,320 : INFO : EventManager : Event: ======'timer_intergalactic_time_remaining_tick'====== Args={'ticks': 58, 'ticks_remaining': 58}
2025-10-22 21:23:58,323 : INFO : EventManager : Event: ======'player_intergalactic_time_remaining_variable_times_1'====== Args={'value': 58, 'prev_value': 59, 'change': -1, 'player_num': 1, 'source': 'intergalactic'}
2025-10-22 21:23:59,302 : INFO : EventManager : Event: ======'player_intergalactic_intergalactic_time_remaining_tick'====== Args={'value': 57, 'prev_value': 58, 'change': -1, 'player_num': 1}
2025-10-22 21:23:59,303 : INFO : EventManager : Event: ======'timer_intergalactic_time_remaining_tick'====== Args={'ticks': 57, 'ticks_remaining': 57}
2025-10-22 21:23:59,307 : INFO : EventManager : Event: ======'player_intergalactic_time_remaining_variable_times_1'====== Args={'value': 57, 'prev_value': 58, 'change': -1, 'player_num': 1, 'source': 'intergalactic'}
2025-10-22 21:23:59,318 : INFO : ball_device.bd_scoop : State: failed_confirm
2025-10-22 21:23:59,319 : INFO : ball_device.bd_scoop : Got timeout (3.0s) before confirm from <playfield.playfield>
2025-10-22 21:23:59,412 : INFO : ball_device.bd_scoop : Confirming eject because target is playfield and ball did not return.
2025-10-22 21:23:59,412 : INFO : ball_device.bd_scoop : Eject successful
2025-10-22 21:23:59,412 : INFO : EventManager : Event: ======'balldevice_bd_scoop_ball_eject_success'====== Args={'balls': 1, 'target': <playfield.playfield>}
2025-10-22 21:23:59,413 : INFO : EventManager : Event: ======'balldevice_playfield_ball_enter'====== Args={'new_balls': 1, 'unclaimed_balls': 1, 'device': <playfield.playfield>}
2025-10-22 21:23:59,413 : INFO : EventManager : Event: ======'playfield_ball_count_change'====== Args={'balls': 1, 'change': 1}
2025-10-22 21:23:59,414 : INFO : EventManager : Event: ======'balldevice_bd_scoop_ball_count_changed'====== Args={'balls': 0}
2025-10-22 21:23:59,415 : INFO : ball_device.bd_scoop : State: idle
2025-10-22 21:24:00,315 : INFO : EventManager : Event: ======'player_intergalactic_intergalactic_time_remaining_tick'====== Args={'value': 56, 'prev_value': 57, 'change': -1, 'player_num': 1}
2025-10-22 21:24:00,316 : INFO : EventManager : Event: ======'timer_intergalactic_time_remaining_tick'====== Args={'ticks': 56, 'ticks_remaining': 56}
2025-10-22 21:24:00,320 : INFO : EventManager : Event: ======'player_intergalactic_time_remaining_variable_times_1'====== Args={'value': 56, 'prev_value': 57, 'change': -1, 'player_num': 1, 'source': 'intergalactic'}
2025-10-22 21:24:01,315 : INFO : EventManager : Event: ======'player_intergalactic_intergalactic_time_remaining_tick'====== Args={'value': 55, 'prev_value': 56, 'change': -1, 'player_num': 1}
2025-10-22 21:24:01,316 : INFO : EventManager : Event: ======'timer_intergalactic_time_remaining_tick'====== Args={'ticks': 55, 'ticks_remaining': 55}
2025-10-22 21:24:01,319 : INFO : EventManager : Event: ======'player_intergalactic_time_remaining_variable_times_1'====== Args={'value': 55, 'prev_value': 56, 'change': -1, 'player_num': 1, 'source': 'intergalactic'}
2025-10-22 21:24:02,297 : INFO : EventManager : Event: ======'player_intergalactic_intergalactic_time_remaining_tick'====== Args={'value': 54, 'prev_value': 55, 'change': -1, 'player_num': 1}
2025-10-22 21:24:02,298 : INFO : EventManager : Event: ======'timer_intergalactic_time_remaining_tick'====== Args={'ticks': 54, 'ticks_remaining': 54}
2025-10-22 21:24:02,302 : INFO : EventManager : Event: ======'player_intergalactic_time_remaining_variable_times_1'====== Args={'value': 54, 'prev_value': 55, 'change': -1, 'player_num': 1, 'source': 'intergalactic'}
2025-10-22 21:24:03,309 : INFO : EventManager : Event: ======'player_intergalactic_intergalactic_time_remaining_tick'====== Args={'value': 53, 'prev_value': 54, 'change': -1, 'player_num': 1}
2025-10-22 21:24:03,310 : INFO : EventManager : Event: ======'timer_intergalactic_time_remaining_tick'====== Args={'ticks': 53, 'ticks_remaining': 53}
2025-10-22 21:24:03,313 : INFO : EventManager : Event: ======'player_intergalactic_time_remaining_variable_times_1'====== Args={'value': 53, 'prev_value': 54, 'change': -1, 'player_num': 1, 'source': 'intergalactic'}
2025-10-22 21:24:04,320 : INFO : EventManager : Event: ======'player_intergalactic_intergalactic_time_remaining_tick'====== Args={'value': 52, 'prev_value': 53, 'change': -1, 'player_num': 1}
2025-10-22 21:24:04,321 : INFO : EventManager : Event: ======'timer_intergalactic_time_remaining_tick'====== Args={'ticks': 52, 'ticks_remaining': 52}
2025-10-22 21:24:04,324 : INFO : EventManager : Event: ======'player_intergalactic_time_remaining_variable_times_1'====== Args={'value': 52, 'prev_value': 53, 'change': -1, 'player_num': 1, 'source': 'intergalactic'}
2025-10-22 21:24:05,316 : INFO : EventManager : Event: ======'player_intergalactic_intergalactic_time_remaining_tick'====== Args={'value': 51, 'prev_value': 52, 'change': -1, 'player_num': 1}
2025-10-22 21:24:05,317 : INFO : EventManager : Event: ======'timer_intergalactic_time_remaining_tick'====== Args={'ticks': 51, 'ticks_remaining': 51}
2025-10-22 21:24:05,319 : INFO : EventManager : Event: ======'player_intergalactic_time_remaining_variable_times_1'====== Args={'value': 51, 'prev_value': 52, 'change': -1, 'player_num': 1, 'source': 'intergalactic'}
2025-10-22 21:24:06,317 : INFO : EventManager : Event: ======'player_intergalactic_intergalactic_time_remaining_tick'====== Args={'value': 50, 'prev_value': 51, 'change': -1, 'player_num': 1}
2025-10-22 21:24:06,317 : INFO : EventManager : Event: ======'timer_intergalactic_time_remaining_tick'====== Args={'ticks': 50, 'ticks_remaining': 50}
2025-10-22 21:24:06,321 : INFO : EventManager : Event: ======'player_intergalactic_time_remaining_variable_times_1'====== Args={'value': 50, 'prev_value': 51, 'change': -1, 'player_num': 1, 'source': 'intergalactic'}
2025-10-22 21:24:07,121 : INFO : SwitchController : <<<<<<< 's_right_ramp' active >>>>>>>
2025-10-22 21:24:07,121 : INFO : EventManager : Event: ======'s_right_ramp_active'====== Args={}
2025-10-22 21:24:07,121 : INFO : EventManager : Event: ======'machine_var_audits_switches_s_right_ramp'====== Args={'value': 179, 'prev_value': 178, 'change': 1}
2025-10-22 21:24:07,124 : INFO : EventManager : Event: ======'machine_var_audits_shots_right_ramp'====== Args={'value': 31, 'prev_value': 30, 'change': 1}
2025-10-22 21:24:07,125 : INFO : EventManager : Event: ======'right_ramp_hit'====== Args={'profile': 'base_shot_profile', 'state': 'off', 'advancing': False}
2025-10-22 21:24:07,125 : INFO : EventManager : Event: ======'right_ramp_base_shot_profile_hit'====== Args={'profile': 'base_shot_profile', 'state': 'off', 'advancing': False}
2025-10-22 21:24:07,126 : INFO : EventManager : Event: ======'right_ramp_base_shot_profile_off_hit'====== Args={'profile': 'base_shot_profile', 'state': 'off', 'advancing': False}
2025-10-22 21:24:07,126 : INFO : EventManager : Event: ======'right_ramp_off_hit'====== Args={'profile': 'base_shot_profile', 'state': 'off', 'advancing': False}
2025-10-22 21:24:07,126 : INFO : EventManager : Event: ======'player_score'====== Args={'value': 7540, 'prev_value': 4530, 'change': 3010, 'player_num': 1, 'source': 'base'}
2025-10-22 21:24:07,126 : INFO : EventManager : Event: ======'logicblock_intergalactic_shot_1_updated'====== Args={'value': 1, 'enabled': True}
2025-10-22 21:24:07,126 : INFO : EventManager : Event: ======'logicblock_intergalactic_shot_1_hit'====== Args={'step': 1}
2025-10-22 21:24:07,127 : INFO : EventManager : Event: ======'intergalactic_shot_1_done'====== Args={}
2025-10-22 21:24:07,127 : INFO : EventManager : Event: ======'logicblock_intergalactic_shot_1_updated'====== Args={'value': 1, 'enabled': False}
2025-10-22 21:24:07,130 : INFO : EventManager : Event: ======'logicblock_intergalactic_shot_2_updated'====== Args={'value': 0, 'enabled': True}
2025-10-22 21:24:07,130 : INFO : EventManager : Event: ======'add_intergalactic_time'====== Args={'priority': 0}
2025-10-22 21:24:07,130 : INFO : EventManager : Event: ======'player_score'====== Args={'value': 1007540, 'prev_value': 7540, 'change': 1000000, 'player_num': 1, 'source': 'intergalactic'}
2025-10-22 21:24:07,130 : INFO : EventManager : Event: ======'player_mode_intergalactic_score'====== Args={'value': 1000000, 'prev_value': 0, 'change': 1000000, 'player_num': 1, 'source': 'intergalactic'}
2025-10-22 21:24:07,131 : INFO : EventManager : Event: ======'player_intergalactic_intergalactic_time_remaining_tick'====== Args={'value': 55, 'prev_value': 50, 'change': 5, 'player_num': 1}
2025-10-22 21:24:07,131 : INFO : EventManager : Event: ======'timer_intergalactic_time_remaining_time_added'====== Args={'ticks': 55, 'ticks_added': 50, 'ticks_remaining': 50}
2025-10-22 21:24:07,151 : INFO : EventManager : Event: ======'slide_intergalactic_right_shot_lit_removed'====== Args={'_from_bcp': True}
2025-10-22 21:24:07,151 : INFO : EventManager : Event: ======'slide_intergalactic_left_shot_lit_created'====== Args={'_from_bcp': True}
2025-10-22 21:24:07,190 : INFO : SwitchController : <<<<<<< 's_right_ramp' inactive >>>>>>>
2025-10-22 21:24:07,310 : INFO : EventManager : Event: ======'player_intergalactic_intergalactic_time_remaining_tick'====== Args={'value': 54, 'prev_value': 55, 'change': -1, 'player_num': 1}
2025-10-22 21:24:07,311 : INFO : EventManager : Event: ======'timer_intergalactic_time_remaining_tick'====== Args={'ticks': 54, 'ticks_remaining': 54}
2025-10-22 21:24:07,315 : INFO : EventManager : Event: ======'player_intergalactic_time_remaining_variable_times_1'====== Args={'value': 54, 'prev_value': 50, 'change': 4, 'player_num': 1, 'source': 'intergalactic'}
2025-10-22 21:24:07,875 : INFO : SwitchController : <<<<<<< 's_left_ramp' active >>>>>>>
2025-10-22 21:24:07,875 : INFO : EventManager : Event: ======'s_left_ramp_active'====== Args={}
2025-10-22 21:24:07,875 : INFO : EventManager : Event: ======'machine_var_audits_switches_s_left_ramp'====== Args={'value': 165, 'prev_value': 164, 'change': 1}
2025-10-22 21:24:07,877 : INFO : EventManager : Event: ======'machine_var_audits_shots_left_ramp'====== Args={'value': 31, 'prev_value': 30, 'change': 1}
2025-10-22 21:24:07,877 : INFO : EventManager : Event: ======'left_ramp_hit'====== Args={'profile': 'base_shot_profile', 'state': 'off', 'advancing': False}
2025-10-22 21:24:07,877 : INFO : EventManager : Event: ======'left_ramp_base_shot_profile_hit'====== Args={'profile': 'base_shot_profile', 'state': 'off', 'advancing': False}
2025-10-22 21:24:07,877 : INFO : EventManager : Event: ======'left_ramp_base_shot_profile_off_hit'====== Args={'profile': 'base_shot_profile', 'state': 'off', 'advancing': False}
2025-10-22 21:24:07,878 : INFO : EventManager : Event: ======'left_ramp_off_hit'====== Args={'profile': 'base_shot_profile', 'state': 'off', 'advancing': False}
2025-10-22 21:24:07,878 : INFO : EventManager : Event: ======'player_score'====== Args={'value': 1010550, 'prev_value': 1007540, 'change': 3010, 'player_num': 1, 'source': 'base'}
2025-10-22 21:24:07,878 : INFO : EventManager : Event: ======'logicblock_intergalactic_shot_2_updated'====== Args={'value': 1, 'enabled': True}
2025-10-22 21:24:07,878 : INFO : EventManager : Event: ======'logicblock_intergalactic_shot_2_hit'====== Args={'step': 1}
2025-10-22 21:24:07,878 : INFO : EventManager : Event: ======'intergalactic_shot_2_done'====== Args={}
2025-10-22 21:24:07,879 : INFO : EventManager : Event: ======'logicblock_intergalactic_shot_2_updated'====== Args={'value': 1, 'enabled': False}
2025-10-22 21:24:07,882 : INFO : EventManager : Event: ======'logicblock_intergalactic_shot_3_updated'====== Args={'value': 0, 'enabled': True}
2025-10-22 21:24:07,883 : INFO : EventManager : Event: ======'add_intergalactic_time'====== Args={'priority': 0}
2025-10-22 21:24:07,883 : INFO : EventManager : Event: ======'player_score'====== Args={'value': 3010550, 'prev_value': 1010550, 'change': 2000000, 'player_num': 1, 'source': 'intergalactic'}
2025-10-22 21:24:07,883 : INFO : EventManager : Event: ======'player_mode_intergalactic_score'====== Args={'value': 3000000, 'prev_value': 1000000, 'change': 2000000, 'player_num': 1, 'source': 'intergalactic'}
2025-10-22 21:24:07,884 : INFO : EventManager : Event: ======'player_intergalactic_intergalactic_time_remaining_tick'====== Args={'value': 59, 'prev_value': 54, 'change': 5, 'player_num': 1}
2025-10-22 21:24:07,884 : INFO : EventManager : Event: ======'timer_intergalactic_time_remaining_time_added'====== Args={'ticks': 59, 'ticks_added': 54, 'ticks_remaining': 54}
2025-10-22 21:24:07,897 : INFO : EventManager : Event: ======'slide_intergalactic_left_shot_lit_removed'====== Args={'_from_bcp': True}
2025-10-22 21:24:07,898 : INFO : EventManager : Event: ======'slide_intergalactic_right_shot_lit_created'====== Args={'_from_bcp': True}
2025-10-22 21:24:07,960 : INFO : SwitchController : <<<<<<< 's_left_ramp' inactive >>>>>>>
2025-10-22 21:24:08,301 : INFO : EventManager : Event: ======'player_intergalactic_intergalactic_time_remaining_tick'====== Args={'value': 58, 'prev_value': 59, 'change': -1, 'player_num': 1}
2025-10-22 21:24:08,303 : INFO : EventManager : Event: ======'timer_intergalactic_time_remaining_tick'====== Args={'ticks': 58, 'ticks_remaining': 58}
2025-10-22 21:24:08,306 : INFO : EventManager : Event: ======'player_intergalactic_time_remaining_variable_times_1'====== Args={'value': 58, 'prev_value': 54, 'change': 4, 'player_num': 1, 'source': 'intergalactic'}
2025-10-22 21:24:08,522 : INFO : SwitchController : <<<<<<< 's_right_ramp' active >>>>>>>
2025-10-22 21:24:08,522 : INFO : EventManager : Event: ======'s_right_ramp_active'====== Args={}
2025-10-22 21:24:08,522 : INFO : EventManager : Event: ======'machine_var_audits_switches_s_right_ramp'====== Args={'value': 180, 'prev_value': 179, 'change': 1}
2025-10-22 21:24:08,523 : INFO : EventManager : Event: ======'machine_var_audits_shots_right_ramp'====== Args={'value': 32, 'prev_value': 31, 'change': 1}
2025-10-22 21:24:08,523 : INFO : EventManager : Event: ======'right_ramp_hit'====== Args={'profile': 'base_shot_profile', 'state': 'off', 'advancing': False}
2025-10-22 21:24:08,524 : INFO : EventManager : Event: ======'right_ramp_base_shot_profile_hit'====== Args={'profile': 'base_shot_profile', 'state': 'off', 'advancing': False}
2025-10-22 21:24:08,524 : INFO : EventManager : Event: ======'right_ramp_base_shot_profile_off_hit'====== Args={'profile': 'base_shot_profile', 'state': 'off', 'advancing': False}
2025-10-22 21:24:08,524 : INFO : EventManager : Event: ======'right_ramp_off_hit'====== Args={'profile': 'base_shot_profile', 'state': 'off', 'advancing': False}
2025-10-22 21:24:08,524 : INFO : EventManager : Event: ======'player_score'====== Args={'value': 3013560, 'prev_value': 3010550, 'change': 3010, 'player_num': 1, 'source': 'base'}
2025-10-22 21:24:08,524 : INFO : EventManager : Event: ======'logicblock_intergalactic_shot_3_updated'====== Args={'value': 1, 'enabled': True}
2025-10-22 21:24:08,524 : INFO : EventManager : Event: ======'logicblock_intergalactic_shot_3_hit'====== Args={'step': 1}
2025-10-22 21:24:08,525 : INFO : EventManager : Event: ======'intergalactic_shot_3_done'====== Args={}
2025-10-22 21:24:08,525 : INFO : EventManager : Event: ======'logicblock_intergalactic_shot_3_updated'====== Args={'value': 1, 'enabled': False}
2025-10-22 21:24:08,528 : INFO : EventManager : Event: ======'logicblock_intergalactic_shot_4_updated'====== Args={'value': 0, 'enabled': True}
2025-10-22 21:24:08,528 : INFO : EventManager : Event: ======'add_intergalactic_time'====== Args={'priority': 0}
2025-10-22 21:24:08,528 : INFO : EventManager : Event: ======'player_score'====== Args={'value': 6013560, 'prev_value': 3013560, 'change': 3000000, 'player_num': 1, 'source': 'intergalactic'}
2025-10-22 21:24:08,530 : INFO : EventManager : Event: ======'player_mode_intergalactic_score'====== Args={'value': 6000000, 'prev_value': 3000000, 'change': 3000000, 'player_num': 1, 'source': 'intergalactic'}
2025-10-22 21:24:08,530 : INFO : EventManager : Event: ======'player_intergalactic_intergalactic_time_remaining_tick'====== Args={'value': 63, 'prev_value': 58, 'change': 5, 'player_num': 1}
2025-10-22 21:24:08,530 : INFO : EventManager : Event: ======'timer_intergalactic_time_remaining_time_added'====== Args={'ticks': 63, 'ticks_added': 58, 'ticks_remaining': 58}
2025-10-22 21:24:08,557 : INFO : EventManager : Event: ======'slide_intergalactic_right_shot_lit_removed'====== Args={'_from_bcp': True}
2025-10-22 21:24:08,558 : INFO : EventManager : Event: ======'slide_intergalactic_left_shot_lit_created'====== Args={'_from_bcp': True}
2025-10-22 21:24:08,600 : INFO : SwitchController : <<<<<<< 's_right_ramp' inactive >>>>>>>
2025-10-22 21:24:09,272 : INFO : SwitchController : <<<<<<< 's_left_ramp' active >>>>>>>
2025-10-22 21:24:09,272 : INFO : EventManager : Event: ======'s_left_ramp_active'====== Args={}
2025-10-22 21:24:09,272 : INFO : EventManager : Event: ======'machine_var_audits_switches_s_left_ramp'====== Args={'value': 166, 'prev_value': 165, 'change': 1}
2025-10-22 21:24:09,273 : INFO : EventManager : Event: ======'machine_var_audits_shots_left_ramp'====== Args={'value': 32, 'prev_value': 31, 'change': 1}
2025-10-22 21:24:09,274 : INFO : EventManager : Event: ======'left_ramp_hit'====== Args={'profile': 'base_shot_profile', 'state': 'off', 'advancing': False}
2025-10-22 21:24:09,274 : INFO : EventManager : Event: ======'left_ramp_base_shot_profile_hit'====== Args={'profile': 'base_shot_profile', 'state': 'off', 'advancing': False}
2025-10-22 21:24:09,274 : INFO : EventManager : Event: ======'left_ramp_base_shot_profile_off_hit'====== Args={'profile': 'base_shot_profile', 'state': 'off', 'advancing': False}
2025-10-22 21:24:09,274 : INFO : EventManager : Event: ======'left_ramp_off_hit'====== Args={'profile': 'base_shot_profile', 'state': 'off', 'advancing': False}
2025-10-22 21:24:09,275 : INFO : EventManager : Event: ======'player_score'====== Args={'value': 6016570, 'prev_value': 6013560, 'change': 3010, 'player_num': 1, 'source': 'base'}
2025-10-22 21:24:09,275 : INFO : EventManager : Event: ======'logicblock_intergalactic_shot_4_updated'====== Args={'value': 1, 'enabled': True}
2025-10-22 21:24:09,275 : INFO : EventManager : Event: ======'logicblock_intergalactic_shot_4_hit'====== Args={'step': 1}
2025-10-22 21:24:09,275 : INFO : EventManager : Event: ======'intergalactic_shot_4_done'====== Args={}
2025-10-22 21:24:09,276 : INFO : EventManager : Event: ======'logicblock_intergalactic_shot_4_updated'====== Args={'value': 1, 'enabled': False}
2025-10-22 21:24:09,278 : INFO : EventManager : Event: ======'logicblock_intergalactic_shot_5_updated'====== Args={'value': 0, 'enabled': True}
2025-10-22 21:24:09,279 : INFO : EventManager : Event: ======'add_intergalactic_time'====== Args={'priority': 0}
2025-10-22 21:24:09,279 : INFO : EventManager : Event: ======'player_score'====== Args={'value': 11016570, 'prev_value': 6016570, 'change': 5000000, 'player_num': 1, 'source': 'intergalactic'}
2025-10-22 21:24:09,279 : INFO : EventManager : Event: ======'player_mode_intergalactic_score'====== Args={'value': 11000000, 'prev_value': 6000000, 'change': 5000000, 'player_num': 1, 'source': 'intergalactic'}
2025-10-22 21:24:09,280 : INFO : EventManager : Event: ======'player_intergalactic_intergalactic_time_remaining_tick'====== Args={'value': 68, 'prev_value': 63, 'change': 5, 'player_num': 1}
2025-10-22 21:24:09,281 : INFO : EventManager : Event: ======'timer_intergalactic_time_remaining_time_added'====== Args={'ticks': 68, 'ticks_added': 63, 'ticks_remaining': 63}
2025-10-22 21:24:09,305 : INFO : EventManager : Event: ======'player_intergalactic_intergalactic_time_remaining_tick'====== Args={'value': 67, 'prev_value': 68, 'change': -1, 'player_num': 1}
2025-10-22 21:24:09,306 : INFO : EventManager : Event: ======'timer_intergalactic_time_remaining_tick'====== Args={'ticks': 67, 'ticks_remaining': 67}
2025-10-22 21:24:09,307 : INFO : EventManager : Event: ======'slide_intergalactic_left_shot_lit_removed'====== Args={'_from_bcp': True}
2025-10-22 21:24:09,311 : INFO : EventManager : Event: ======'player_intergalactic_time_remaining_variable_times_1'====== Args={'value': 67, 'prev_value': 58, 'change': 9, 'player_num': 1, 'source': 'intergalactic'}
2025-10-22 21:24:09,315 : INFO : EventManager : Event: ======'slide_intergalactic_final_shot_lit_created'====== Args={'_from_bcp': True}
2025-10-22 21:24:09,350 : INFO : SwitchController : <<<<<<< 's_left_ramp' inactive >>>>>>>
2025-10-22 21:24:10,325 : INFO : EventManager : Event: ======'player_intergalactic_intergalactic_time_remaining_tick'====== Args={'value': 66, 'prev_value': 67, 'change': -1, 'player_num': 1}
2025-10-22 21:24:10,326 : INFO : EventManager : Event: ======'timer_intergalactic_time_remaining_tick'====== Args={'ticks': 66, 'ticks_remaining': 66}
2025-10-22 21:24:10,328 : INFO : EventManager : Event: ======'player_intergalactic_time_remaining_variable_times_1'====== Args={'value': 66, 'prev_value': 67, 'change': -1, 'player_num': 1, 'source': 'intergalactic'}
2025-10-22 21:24:11,307 : INFO : EventManager : Event: ======'player_intergalactic_intergalactic_time_remaining_tick'====== Args={'value': 65, 'prev_value': 66, 'change': -1, 'player_num': 1}
2025-10-22 21:24:11,308 : INFO : EventManager : Event: ======'timer_intergalactic_time_remaining_tick'====== Args={'ticks': 65, 'ticks_remaining': 65}
2025-10-22 21:24:11,312 : INFO : EventManager : Event: ======'player_intergalactic_time_remaining_variable_times_1'====== Args={'value': 65, 'prev_value': 66, 'change': -1, 'player_num': 1, 'source': 'intergalactic'}
2025-10-22 21:24:12,297 : INFO : EventManager : Event: ======'player_intergalactic_intergalactic_time_remaining_tick'====== Args={'value': 64, 'prev_value': 65, 'change': -1, 'player_num': 1}
2025-10-22 21:24:12,298 : INFO : EventManager : Event: ======'timer_intergalactic_time_remaining_tick'====== Args={'ticks': 64, 'ticks_remaining': 64}
2025-10-22 21:24:12,302 : INFO : EventManager : Event: ======'player_intergalactic_time_remaining_variable_times_1'====== Args={'value': 64, 'prev_value': 65, 'change': -1, 'player_num': 1, 'source': 'intergalactic'}
2025-10-22 21:24:13,312 : INFO : EventManager : Event: ======'player_intergalactic_intergalactic_time_remaining_tick'====== Args={'value': 63, 'prev_value': 64, 'change': -1, 'player_num': 1}
2025-10-22 21:24:13,313 : INFO : EventManager : Event: ======'timer_intergalactic_time_remaining_tick'====== Args={'ticks': 63, 'ticks_remaining': 63}
2025-10-22 21:24:13,316 : INFO : EventManager : Event: ======'player_intergalactic_time_remaining_variable_times_1'====== Args={'value': 63, 'prev_value': 64, 'change': -1, 'player_num': 1, 'source': 'intergalactic'}
2025-10-22 21:24:14,325 : INFO : EventManager : Event: ======'player_intergalactic_intergalactic_time_remaining_tick'====== Args={'value': 62, 'prev_value': 63, 'change': -1, 'player_num': 1}
2025-10-22 21:24:14,326 : INFO : EventManager : Event: ======'timer_intergalactic_time_remaining_tick'====== Args={'ticks': 62, 'ticks_remaining': 62}
2025-10-22 21:24:14,330 : INFO : EventManager : Event: ======'player_intergalactic_time_remaining_variable_times_1'====== Args={'value': 62, 'prev_value': 63, 'change': -1, 'player_num': 1, 'source': 'intergalactic'}
2025-10-22 21:24:15,322 : INFO : EventManager : Event: ======'player_intergalactic_intergalactic_time_remaining_tick'====== Args={'value': 61, 'prev_value': 62, 'change': -1, 'player_num': 1}
2025-10-22 21:24:15,323 : INFO : EventManager : Event: ======'timer_intergalactic_time_remaining_tick'====== Args={'ticks': 61, 'ticks_remaining': 61}
2025-10-22 21:24:15,326 : INFO : EventManager : Event: ======'player_intergalactic_time_remaining_variable_times_1'====== Args={'value': 61, 'prev_value': 62, 'change': -1, 'player_num': 1, 'source': 'intergalactic'}
2025-10-22 21:24:16,320 : INFO : EventManager : Event: ======'player_intergalactic_intergalactic_time_remaining_tick'====== Args={'value': 60, 'prev_value': 61, 'change': -1, 'player_num': 1}
2025-10-22 21:24:16,321 : INFO : EventManager : Event: ======'timer_intergalactic_time_remaining_tick'====== Args={'ticks': 60, 'ticks_remaining': 60}
2025-10-22 21:24:16,324 : INFO : EventManager : Event: ======'player_intergalactic_time_remaining_variable_times_1'====== Args={'value': 60, 'prev_value': 61, 'change': -1, 'player_num': 1, 'source': 'intergalactic'}
2025-10-22 21:24:16,638 : INFO : SwitchController : <<<<<<< 's_pop_standup' active >>>>>>>
2025-10-22 21:24:16,638 : INFO : EventManager : Event: ======'s_pop_standup_active'====== Args={}
2025-10-22 21:24:16,639 : INFO : EventManager : Event: ======'machine_var_audits_switches_s_pop_standup'====== Args={'value': 169, 'prev_value': 168, 'change': 1}
2025-10-22 21:24:16,642 : INFO : EventManager : Event: ======'machine_var_audits_shots_pop_standup'====== Args={'value': 48, 'prev_value': 47, 'change': 1}
2025-10-22 21:24:16,643 : INFO : EventManager : Event: ======'pop_standup_hit'====== Args={'profile': 'base_shot_profile', 'state': 'off', 'advancing': False}
2025-10-22 21:24:16,643 : INFO : EventManager : Event: ======'pop_standup_base_shot_profile_hit'====== Args={'profile': 'base_shot_profile', 'state': 'off', 'advancing': False}
2025-10-22 21:24:16,644 : INFO : EventManager : Event: ======'pop_standup_base_shot_profile_off_hit'====== Args={'profile': 'base_shot_profile', 'state': 'off', 'advancing': False}
2025-10-22 21:24:16,644 : INFO : EventManager : Event: ======'pop_standup_off_hit'====== Args={'profile': 'base_shot_profile', 'state': 'off', 'advancing': False}
2025-10-22 21:24:16,644 : INFO : EventManager : Event: ======'add_intergalactic_time'====== Args={'priority': 0}
2025-10-22 21:24:16,644 : INFO : EventManager : Event: ======'player_score'====== Args={'value': 11021580, 'prev_value': 11016570, 'change': 5010, 'player_num': 1, 'source': 'base'}
2025-10-22 21:24:16,645 : INFO : EventManager : Event: ======'logicblock_intergalactic_shot_5_updated'====== Args={'value': 1, 'enabled': True}
2025-10-22 21:24:16,645 : INFO : EventManager : Event: ======'logicblock_intergalactic_shot_5_hit'====== Args={'step': 1}
2025-10-22 21:24:16,645 : INFO : EventManager : Event: ======'intergalactic_shot_5_done'====== Args={}
2025-10-22 21:24:16,646 : INFO : EventManager : Event: ======'mode_intergalactic_stop'====== Args={}
2025-10-22 21:24:16,646 : INFO : EventManager : Event: ======'logicblock_intergalactic_shot_5_updated'====== Args={'value': 1, 'enabled': False}
2025-10-22 21:24:16,646 : INFO : EventManager : Event: ======'player_intergalactic_intergalactic_time_remaining_tick'====== Args={'value': 65, 'prev_value': 60, 'change': 5, 'player_num': 1}
2025-10-22 21:24:16,647 : INFO : EventManager : Event: ======'timer_intergalactic_time_remaining_time_added'====== Args={'ticks': 65, 'ticks_added': 60, 'ticks_remaining': 60}
2025-10-22 21:24:16,653 : INFO : EventManager : Event: ======'mode_intergalactic_success'====== Args={'priority': 0}
2025-10-22 21:24:16,654 : INFO : EventManager : Event: ======'player_score'====== Args={'value': 21021580, 'prev_value': 11021580, 'change': 10000000, 'player_num': 1, 'source': 'intergalactic'}
2025-10-22 21:24:16,654 : INFO : EventManager : Event: ======'player_mode_intergalactic_score'====== Args={'value': 21000000, 'prev_value': 11000000, 'change': 10000000, 'player_num': 1, 'source': 'intergalactic'}
2025-10-22 21:24:16,654 : INFO : Timer.intergalactic_time_remaining : Pausing Timer for 0 ms
2025-10-22 21:24:16,655 : INFO : EventManager : Event: ======'timer_intergalactic_time_remaining_paused'====== Args={'ticks': 65, 'ticks_remaining': 65}
2025-10-22 21:24:16,655 : INFO : EventManager : Event: ======'mode_carousel_will_start'====== Args={'priority': 0}
2025-10-22 21:24:16,657 : INFO : EventManager : Event: ======'mode_carousel_starting'====== Args={'priority': 0}
2025-10-22 21:24:16,657 : INFO : EventManager : Event: ======'achievement_intergalactic_mode_changed_state'====== Args={'restore': False, 'state': 'completed', 'selected': False}
2025-10-22 21:24:16,657 : INFO : EventManager : Event: ======'achievement_intergalactic_mode_state_completed'====== Args={'restore': False, 'state': 'completed', 'selected': False}
2025-10-22 21:24:16,658 : INFO : EventManager : Event: ======'logicblock_completed_modes_count_updated'====== Args={'value': 1, 'enabled': True}
2025-10-22 21:24:16,658 : INFO : EventManager : Event: ======'counter_completed_modes_count_hit'====== Args={'count': 1, 'hits': 1, 'remaining': 8}
2025-10-22 21:24:16,658 : INFO : EventManager : Event: ======'logicblock_completed_modes_count_hit'====== Args={'count': 1, 'hits': 1, 'remaining': 8}
2025-10-22 21:24:16,658 : INFO : EventManager : Event: ======'logicblock_intergalactic_done_flag_updated'====== Args={'value': 1, 'enabled': True}
2025-10-22 21:24:16,659 : INFO : EventManager : Event: ======'counter_intergalactic_done_flag_hit'====== Args={'count': 1, 'hits': 1, 'remaining': 1}
2025-10-22 21:24:16,659 : INFO : EventManager : Event: ======'logicblock_intergalactic_done_flag_hit'====== Args={'count': 1, 'hits': 1, 'remaining': 1}
2025-10-22 21:24:16,665 : INFO : EventManager : Event: ======'mode_intergalactic_will_stop'====== Args={}
2025-10-22 21:24:16,665 : INFO : EventManager : Event: ======'mode_intergalactic_stopping'====== Args={}
2025-10-22 21:24:16,665 : INFO : Mode.intergalactic : Stopped.
2025-10-22 21:24:16,665 : INFO : EventManager : Event: ======'modes_active_modes_changed'====== Args={}
2025-10-22 21:24:16,665 : INFO : EventManager : Event: ======'mode_intergalactic_stopped'====== Args={}
2025-10-22 21:24:16,666 : INFO : EventManager : Event: ======'clear'====== Args={'key': 'intergalactic'}
2025-10-22 21:24:16,666 : INFO : EventManager : Event: ======'player_mode_blocking_flag'====== Args={'value': 0, 'prev_value': 1, 'change': -1, 'player_num': 1, 'source': 'base'}
2025-10-22 21:24:16,670 : INFO : Timer.intergalactic_time_remaining : Stopping Timer
2025-10-22 21:24:16,670 : INFO : EventManager : Event: ======'timer_intergalactic_time_remaining_stopped'====== Args={'ticks': 65, 'ticks_remaining': 65}
2025-10-22 21:24:16,670 : INFO : Timer.intergalactic_intro_show : Stopping Timer
2025-10-22 21:24:16,670 : INFO : EventManager : Event: ======'timer_intergalactic_intro_show_stopped'====== Args={'ticks': 13, 'ticks_remaining': 1}
2025-10-22 21:24:16,671 : INFO : Mode.carousel : Started. Priority: 200
2025-10-22 21:24:16,671 : INFO : EventManager : Event: ======'modes_active_modes_changed'====== Args={}
2025-10-22 21:24:16,671 : INFO : EventManager : Event: ======'mode_carousel_started'====== Args={'priority': 0}
2025-10-22 21:24:16,672 : INFO : EventManager : Event: ======'item_highlighted'====== Args={'carousel': 'carousel', 'direction': None, 'item': 'intergalactic'}
2025-10-22 21:24:16,689 : INFO : EventManager : Event: ======'slide_intergalactic_final_shot_lit_removed'====== Args={'_from_bcp': True}
2025-10-22 21:24:16,689 : INFO : EventManager : Event: ======'slide_intergalactic_display_timer_removed'====== Args={'_from_bcp': True}
2025-10-22 21:24:16,690 : INFO : EventManager : Event: ======'slide_intergalactic_removed'====== Args={'_from_bcp': True}
2025-10-22 21:24:16,694 : INFO : EventManager : Event: ======'slide_base_created'====== Args={'_from_bcp': True}
2025-10-22 21:24:16,694 : INFO : EventManager : Event: ======'play_base_video1'====== Args={'_from_bcp': True}
2025-10-22 21:24:16,710 : INFO : SwitchController : <<<<<<< 's_pop_standup' inactive >>>>>>>
2025-10-22 21:24:16,715 : INFO : EventManager : Event: ======'slide_intergalacticfinish_created'====== Args={'_from_bcp': True}
2025-10-22 21:24:16,717 : INFO : EventManager : Event: ======'slide_score_overlay_inactive'====== Args={'is_removing': False, '_from_bcp': True}
2025-10-22 21:24:16,717 : INFO : EventManager : Event: ======'slide_intergalacticfinish_active'====== Args={'original_context': 'base', 'original_calling_context': 'intergalactic_shot_5_done', 'priority': 100.0, 'cmd': 'slides_play', '_from_bcp': True}
2025-10-22 21:24:16,718 : INFO : EventManager : Event: ======'slide_current_mode_highlighted_created'====== Args={'_from_bcp': True}
2025-10-22 21:24:16,727 : INFO : EventManager : Event: ======'slide_basevideo1_created'====== Args={'_from_bcp': True}
2025-10-22 21:24:23,597 : INFO : EventManager : Event: ======'slide_intergalacticfinish_inactive'====== Args={'is_removing': True, '_from_bcp': True}
2025-10-22 21:24:23,597 : INFO : EventManager : Event: ======'slide_score_overlay_active'====== Args={'_from_bcp': True}
2025-10-22 21:24:23,598 : INFO : EventManager : Event: ======'slide_intergalacticfinish_removed'====== Args={'_from_bcp': True}
2025-10-22 21:24:29,425 : INFO : SwitchController : <<<<<<< 's_right_lower_pop' active >>>>>>>
2025-10-22 21:24:29,425 : INFO : EventManager : Event: ======'s_right_lower_pop_active'====== Args={}
2025-10-22 21:24:29,426 : INFO : EventManager : Event: ======'machine_var_audits_switches_s_right_lower_pop'====== Args={'value': 955, 'prev_value': 954, 'change': 1}
2025-10-22 21:24:29,427 : INFO : EventManager : Event: ======'item_highlighted'====== Args={'carousel': 'carousel', 'direction': 'backwards', 'item': 'makesomenoise'}
2025-10-22 21:24:29,427 : INFO : EventManager : Event: ======'machine_var_audits_shots_pop3'====== Args={'value': 207, 'prev_value': 206, 'change': 1}
2025-10-22 21:24:29,428 : INFO : EventManager : Event: ======'pop3_hit'====== Args={'profile': 'base_shot_profile', 'state': 'off', 'advancing': False}
2025-10-22 21:24:29,428 : INFO : EventManager : Event: ======'pop3_base_shot_profile_hit'====== Args={'profile': 'base_shot_profile', 'state': 'off', 'advancing': False}
2025-10-22 21:24:29,428 : INFO : EventManager : Event: ======'pop3_base_shot_profile_off_hit'====== Args={'profile': 'base_shot_profile', 'state': 'off', 'advancing': False}
2025-10-22 21:24:29,428 : INFO : EventManager : Event: ======'pop3_off_hit'====== Args={'profile': 'base_shot_profile', 'state': 'off', 'advancing': False}
2025-10-22 21:24:29,428 : INFO : EventManager : Event: ======'player_score'====== Args={'value': 21022690, 'prev_value': 21021580, 'change': 1110, 'player_num': 1, 'source': 'base'}
2025-10-22 21:24:29,510 : INFO : SwitchController : <<<<<<< 's_right_lower_pop' inactive >>>>>>>
2025-10-22 21:24:44,699 : INFO : SwitchController : <<<<<<< 's_trough1' active >>>>>>>
2025-10-22 21:24:44,699 : INFO : EventManager : Event: ======'machine_var_audits_switches_s_trough1'====== Args={'value': 396, 'prev_value': 395, 'change': 1}
2025-10-22 21:24:45,208 : INFO : EventManager : Event: ======'balldevice_bd_trough_ball_count_changed'====== Args={'balls': 6}
2025-10-22 21:24:45,208 : INFO : ball_device.bd_trough : Received unexpected ball
2025-10-22 21:24:45,208 : INFO : EventManager : Event: ======'balldevice_captured_from_playfield'====== Args={'balls': 1}
2025-10-22 21:24:45,209 : INFO : EventManager : Event: ======'sw_playfield_active'====== Args={'balls': 1}
2025-10-22 21:24:45,210 : INFO : EventManager : Event: ======'playfield_ball_count_change'====== Args={'balls': 0, 'change': -1}
2025-10-22 21:24:45,211 : INFO : EventManager : Event: ======'balldevice_bd_trough_ball_enter'====== Args={'new_balls': 1, 'unclaimed_balls': 1, 'new_available_balls': 1, 'device': <ball_device.bd_trough>}
2025-10-22 21:24:45,212 : INFO : EventManager : Event: ======'ball_drain'====== Args={'device': <ball_device.bd_trough>, 'balls': 1}
2025-10-22 21:24:45,213 : INFO : EventManager : Event: ======'ball_will_end'====== Args={}
2025-10-22 21:24:45,214 : INFO : EventManager : Event: ======'balldevice_balls_available'====== Args={}
2025-10-22 21:24:45,215 : INFO : EventManager : Event: ======'balldevice_bd_trough_ball_entered'====== Args={'new_balls': 1, 'device': <ball_device.bd_trough>}
2025-10-22 21:24:45,216 : INFO : EventManager : Event: ======'player_tilt_warnings'====== Args={'value': 0, 'prev_value': 0, 'change': 0, 'player_num': 1}
2025-10-22 21:24:45,218 : INFO : EventManager : Event: ======'ball_ending'====== Args={}
2025-10-22 21:24:45,221 : INFO : EventManager : Event: ======'mode_carousel_will_stop'====== Args={}
2025-10-22 21:24:45,221 : INFO : EventManager : Event: ======'mode_carousel_stopping'====== Args={}
2025-10-22 21:24:45,223 : INFO : Timer.chcheckitoutfinish_widget_timer : Stopping Timer
2025-10-22 21:24:45,224 : INFO : EventManager : Event: ======'timer_chcheckitoutfinish_widget_timer_stopped'====== Args={'ticks': 0, 'ticks_remaining': 0}
2025-10-22 21:24:45,224 : INFO : EventManager : Event: ======'mode_multiball_will_stop'====== Args={}
2025-10-22 21:24:45,224 : INFO : EventManager : Event: ======'mode_multiball_stopping'====== Args={}
2025-10-22 21:24:45,224 : INFO : EventManager : Event: ======'mode_base_will_stop'====== Args={}
2025-10-22 21:24:45,225 : INFO : EventManager : Event: ======'mode_base_stopping'====== Args={}
2025-10-22 21:24:45,225 : INFO : Mode.base : Stopped.
2025-10-22 21:24:45,225 : INFO : EventManager : Event: ======'modes_active_modes_changed'====== Args={}
2025-10-22 21:24:45,227 : INFO : EventManager : Event: ======'mode_base_stopped'====== Args={}
2025-10-22 21:24:45,228 : INFO : EventManager : Event: ======'clear'====== Args={'key': 'base'}
2025-10-22 21:24:45,230 : INFO : Timer.chcheckitoutfinish_widget_timer : Stopping Timer
2025-10-22 21:24:45,231 : INFO : EventManager : Event: ======'timer_chcheckitoutfinish_widget_timer_stopped'====== Args={'ticks': 0, 'ticks_remaining': 0}
2025-10-22 21:24:45,234 : INFO : Mode.multiball : Stopped.
2025-10-22 21:24:45,235 : INFO : EventManager : Event: ======'modes_active_modes_changed'====== Args={}
2025-10-22 21:24:45,235 : INFO : EventManager : Event: ======'mode_multiball_stopped'====== Args={}
2025-10-22 21:24:45,235 : INFO : EventManager : Event: ======'clear'====== Args={'key': 'multiball'}
2025-10-22 21:24:45,236 : INFO : Mode.carousel : Stopped.
2025-10-22 21:24:45,236 : INFO : EventManager : Event: ======'modes_active_modes_changed'====== Args={}
2025-10-22 21:24:45,236 : INFO : EventManager : Event: ======'mode_carousel_stopped'====== Args={}
2025-10-22 21:24:45,236 : INFO : EventManager : Event: ======'clear'====== Args={'key': 'carousel'}
2025-10-22 21:24:45,258 : INFO : EventManager : Event: ======'ball_ended'====== Args={}
2025-10-22 21:24:45,259 : INFO : EventManager : Event: ======'slide_base_removed'====== Args={'_from_bcp': True}
2025-10-22 21:24:45,260 : INFO : EventManager : Event: ======'slide_score_overlay_inactive'====== Args={'is_removing': True, '_from_bcp': True}
2025-10-22 21:24:45,260 : INFO : EventManager : Event: ======'slide_current_mode_highlighted_active'====== Args={'_from_bcp': True}
2025-10-22 21:24:45,260 : INFO : EventManager : Event: ======'slide_score_overlay_removed'====== Args={'_from_bcp': True}
2025-10-22 21:24:45,260 : INFO : EventManager : Event: ======'slide_current_mode_highlighted_inactive'====== Args={'is_removing': True, '_from_bcp': True}
2025-10-22 21:24:45,260 : INFO : EventManager : Event: ======'slide_basevideo1_active'====== Args={'_from_bcp': True}
2025-10-22 21:24:45,260 : INFO : EventManager : Event: ======'slide_current_mode_highlighted_removed'====== Args={'_from_bcp': True}
2025-10-22 21:24:45,264 : INFO : EventManager : Event: ======'player_turn_will_end'====== Args={'player': <Player 1>, 'number': 1}
2025-10-22 21:24:45,267 : INFO : EventManager : Event: ======'player_turn_ending'====== Args={'player': <Player 1>, 'number': 1}
2025-10-22 21:24:45,267 : INFO : EventManager : Event: ======'player_turn_ended'====== Args={'player': <Player 1>, 'number': 1}
2025-10-22 21:24:45,269 : INFO : EventManager : Event: ======'player_turn_will_start'====== Args={'player': <Player 1>, 'number': 1}
2025-10-22 21:24:45,270 : INFO : EventManager : Event: ======'player_turn_starting'====== Args={'player': <Player 1>, 'number': 1}
2025-10-22 21:24:45,271 : INFO : EventManager : Event: ======'player_ball'====== Args={'value': 2, 'prev_value': 1, 'change': 1, 'player_num': 1}
2025-10-22 21:24:45,272 : INFO : EventManager : Event: ======'player_turn_started'====== Args={'player': <Player 1>, 'number': 1}
2025-10-22 21:24:45,275 : INFO : EventManager : Event: ======'ball_will_start'====== Args={'player': 1, 'ball': 2, 'balls_remaining': 1, 'is_extra_ball': False}
2025-10-22 21:24:45,280 : INFO : EventManager : Event: ======'ball_starting'====== Args={'player': 1, 'ball': 2, 'balls_remaining': 1, 'is_extra_ball': False}
2025-10-22 21:24:45,281 : INFO : EventManager : Event: ======'mode_base_will_start'====== Args={'queue': <QueuedEvent>, 'player': 1, 'ball': 2, 'balls_remaining': 1, 'is_extra_ball': False}
2025-10-22 21:24:45,286 : INFO : EventManager : Event: ======'achievement_wizard1_changed_state'====== Args={'restore': True, 'state': 'disabled', 'selected': False}
2025-10-22 21:24:45,286 : INFO : EventManager : Event: ======'achievement_wizard1_state_disabled'====== Args={'restore': True, 'state': 'disabled', 'selected': False}
2025-10-22 21:24:45,287 : INFO : EventManager : Event: ======'achievement_wizard2_changed_state'====== Args={'restore': True, 'state': 'disabled', 'selected': False}
2025-10-22 21:24:45,287 : INFO : EventManager : Event: ======'achievement_wizard2_state_disabled'====== Args={'restore': True, 'state': 'disabled', 'selected': False}
2025-10-22 21:24:45,287 : INFO : EventManager : Event: ======'achievement_wizard3_changed_state'====== Args={'restore': True, 'state': 'disabled', 'selected': False}
2025-10-22 21:24:45,288 : INFO : EventManager : Event: ======'achievement_wizard3_state_disabled'====== Args={'restore': True, 'state': 'disabled', 'selected': False}
2025-10-22 21:24:45,288 : INFO : EventManager : Event: ======'achievement_intergalactic_mode_changed_state'====== Args={'restore': True, 'state': 'completed', 'selected': False}
2025-10-22 21:24:45,288 : INFO : EventManager : Event: ======'achievement_intergalactic_mode_state_completed'====== Args={'restore': True, 'state': 'completed', 'selected': False}
2025-10-22 21:24:45,293 : INFO : EventManager : Unordered handler for class <Auditor> on event game_ended with priority 1. Handlers: [RegisteredHandler(callback=<bound method Auditor.disable of <Auditor>>, priority=1, kwargs={}, key=UUID('c3db5ded-f28e-47ca-b989-e25df52a0dcd'), condition=None, blocking_facility=None), RegisteredHandler(callback=<bound method Auditor._save_audits of <Auditor>>, priority=1, kwargs={}, key=UUID('f569556c-799a-4c35-88cc-afdc928bf477'), condition=None, blocking_facility=None)]. The order of those handlers is not defined and they will be executed in random order. This might lead to race conditions and potential bugs.
2025-10-22 21:24:45,302 : INFO : EventManager : Event: ======'mode_base_starting'====== Args={'queue': <QueuedEvent>, 'player': 1, 'ball': 2, 'balls_remaining': 1, 'is_extra_ball': False}
2025-10-22 21:24:45,303 : INFO : drop_target_bank.three_bank : 1 targets are down. Will reset those.
2025-10-22 21:24:45,303 : INFO : coil.c_three_bank : Pulsing Driver for 23ms (1.0 pulse_power)
2025-10-22 21:24:45,304 : INFO : EventManager : Event: ======'balls_in_play'====== Args={'balls': 1}
2025-10-22 21:24:45,304 : INFO : EventManager : Event: ======'ball_started'====== Args={'player': 1, 'ball': 2, 'balls_remaining': 1, 'is_extra_ball': False}
2025-10-22 21:24:45,305 : INFO : EventManager : Event: ======'logicblock_qualify_chcheckitout_multiball_updated'====== Args={'value': 0, 'enabled': True}
2025-10-22 21:24:45,305 : INFO : EventManager : Event: ======'logicblock_qualify_chcheckitout_multiball_updated'====== Args={'value': 0, 'enabled': True}
2025-10-22 21:24:45,305 : INFO : EventManager : Event: ======'logicblock_chcheckitout_multiball_ready_updated'====== Args={'value': 0, 'enabled': False}
2025-10-22 21:24:45,306 : INFO : EventManager : Event: ======'logicblock_drop_target_bank_counter_updated'====== Args={'value': 0, 'enabled': False}
2025-10-22 21:24:45,306 : INFO : EventManager : Event: ======'logicblock_completed_modes_count_updated'====== Args={'value': 1, 'enabled': True}
2025-10-22 21:24:45,306 : INFO : EventManager : Event: ======'logicblock_intergalactic_done_flag_updated'====== Args={'value': 1, 'enabled': True}
2025-10-22 21:24:45,307 : INFO : EventManager : Event: ======'logicblock_paulrevere_done_flag_updated'====== Args={'value': 0, 'enabled': True}
2025-10-22 21:24:45,307 : INFO : EventManager : Event: ======'logicblock_tripletrouble_done_flag_updated'====== Args={'value': 0, 'enabled': True}
2025-10-22 21:24:45,307 : INFO : EventManager : Event: ======'logicblock_sabotage_done_flag_updated'====== Args={'value': 0, 'enabled': True}
2025-10-22 21:24:45,307 : INFO : Mode.base : Started. Priority: 100
2025-10-22 21:24:45,307 : INFO : EventManager : Event: ======'modes_active_modes_changed'====== Args={}
2025-10-22 21:24:45,308 : INFO : EventManager : Event: ======'mode_base_started'====== Args={'queue': <QueuedEvent>, 'player': 1, 'ball': 2, 'balls_remaining': 1, 'is_extra_ball': False}
2025-10-22 21:24:45,309 : INFO : EventManager : Event: ======'mode_skill_shot_will_start'====== Args={'player': 1, 'ball': 2, 'balls_remaining': 1, 'is_extra_ball': False}
2025-10-22 21:24:45,311 : INFO : EventManager : Unordered handler for class <timer.skill_shot_timeout> on event ball_starting with priority 1. Handlers: [RegisteredHandler(callback=<bound method Timer.reset of <timer.skill_shot_timeout>>, priority=1, kwargs={}, key=UUID('fc95533b-8c21-4f06-99c3-2d1d304bfe89'), condition=None, blocking_facility=None), RegisteredHandler(callback=<bound method Timer.pause of <timer.skill_shot_timeout>>, priority=1, kwargs={'timer_value': None}, key=UUID('05a91bee-016a-47dd-95da-77c04c29ce0d'), condition=None, blocking_facility=None)]. The order of those handlers is not defined and they will be executed in random order. This might lead to race conditions and potential bugs.
2025-10-22 21:24:45,312 : INFO : EventManager : Event: ======'mode_skill_shot_starting'====== Args={'player': 1, 'ball': 2, 'balls_remaining': 1, 'is_extra_ball': False}
2025-10-22 21:24:45,312 : INFO : EventManager : Event: ======'logicblock_drop_target_bank_counter_updated'====== Args={'value': 0, 'enabled': True}
2025-10-22 21:24:45,313 : INFO : EventManager : Event: ======'logicblock_qualify_chcheckitout_multiball_updated'====== Args={'value': 0, 'enabled': True}
2025-10-22 21:24:45,313 : INFO : EventManager : Event: ======'logicblock_chcheckitout_multiball_ready_updated'====== Args={'value': 0, 'enabled': False}
2025-10-22 21:24:45,314 : INFO : EventManager : Event: ======'mode_multiball_will_start'====== Args={'queue': <QueuedEvent>, 'player': 1, 'ball': 2, 'balls_remaining': 1, 'is_extra_ball': False}
2025-10-22 21:24:45,318 : INFO : EventManager : Event: ======'mode_multiball_starting'====== Args={'queue': <QueuedEvent>, 'player': 1, 'ball': 2, 'balls_remaining': 1, 'is_extra_ball': False}
2025-10-22 21:24:45,318 : INFO : EventManager : Event: ======'mode_carousel_will_start'====== Args={'queue': <QueuedEvent>, 'player': 1, 'ball': 2, 'balls_remaining': 1, 'is_extra_ball': False}
2025-10-22 21:24:45,320 : INFO : EventManager : Event: ======'mode_carousel_starting'====== Args={'queue': <QueuedEvent>, 'player': 1, 'ball': 2, 'balls_remaining': 1, 'is_extra_ball': False}
2025-10-22 21:24:45,321 : INFO : EventManager : Event: ======'ball_save_default_enabled'====== Args={}
2025-10-22 21:24:45,321 : INFO : Mode.carousel : Started. Priority: 200
2025-10-22 21:24:45,321 : INFO : EventManager : Event: ======'modes_active_modes_changed'====== Args={}
2025-10-22 21:24:45,321 : INFO : EventManager : Event: ======'mode_carousel_started'====== Args={'queue': <QueuedEvent>, 'player': 1, 'ball': 2, 'balls_remaining': 1, 'is_extra_ball': False}
2025-10-22 21:24:45,322 : INFO : EventManager : Event: ======'item_highlighted'====== Args={'carousel': 'carousel', 'direction': None, 'item': 'intergalactic'}
2025-10-22 21:24:45,324 : INFO : Mode.skill_shot : Started. Priority: 500
2025-10-22 21:24:45,324 : INFO : EventManager : Event: ======'modes_active_modes_changed'====== Args={}
2025-10-22 21:24:45,324 : INFO : EventManager : Event: ======'mode_skill_shot_started'====== Args={'player': 1, 'ball': 2, 'balls_remaining': 1, 'is_extra_ball': False}
2025-10-22 21:24:45,324 : INFO : EventManager : Event: ======'advance_skill_super'====== Args={'player': 1, 'ball': 2, 'balls_remaining': 1, 'is_extra_ball': False}
2025-10-22 21:24:45,325 : INFO : EventManager : Event: ======'player_shot_skillshot_super'====== Args={'value': 1, 'prev_value': 0, 'change': 1, 'player_num': 1}
2025-10-22 21:24:45,327 : INFO : EventManager : Event: ======'logicblock_completing_chcheckitout_jackpots_updated'====== Args={'value': [False, False, False, False], 'enabled': True}
2025-10-22 21:24:45,327 : INFO : EventManager : Event: ======'logicblock_completing_chcheckitout_jackpots_updated'====== Args={'value': [False, False, False, False], 'enabled': True}
2025-10-22 21:24:45,327 : INFO : EventManager : Event: ======'logicblock_chcheckitout_superjackpot_updated'====== Args={'value': 0, 'enabled': False}
2025-10-22 21:24:45,327 : INFO : EventManager : Event: ======'logicblock_chcheckitout_leftorbit_jackpot_updated'====== Args={'value': 0, 'enabled': False}
2025-10-22 21:24:45,327 : INFO : EventManager : Event: ======'logicblock_chcheckitout_leftramp_jackpot_updated'====== Args={'value': 0, 'enabled': False}
2025-10-22 21:24:45,327 : INFO : EventManager : Event: ======'logicblock_chcheckitout_rightramp_jackpot_updated'====== Args={'value': 0, 'enabled': False}
2025-10-22 21:24:45,327 : INFO : EventManager : Event: ======'logicblock_chcheckitout_rightorbit_jackpot_updated'====== Args={'value': 0, 'enabled': False}
2025-10-22 21:24:45,327 : INFO : Mode.multiball : Started. Priority: 1000
2025-10-22 21:24:45,328 : INFO : EventManager : Event: ======'modes_active_modes_changed'====== Args={}
2025-10-22 21:24:45,328 : INFO : EventManager : Event: ======'mode_multiball_started'====== Args={'queue': <QueuedEvent>, 'player': 1, 'ball': 2, 'balls_remaining': 1, 'is_extra_ball': False}
2025-10-22 21:24:45,328 : INFO : EventManager : Event: ======'single_player_ball_started'====== Args={}
2025-10-22 21:24:45,349 : INFO : EventManager : Event: ======'ball_start_target'====== Args={'target': 'playfield'}
2025-10-22 21:24:45,350 : WARNING : SwitchController : Received duplicate switch state 0 for switch s_three_bank_bottom from the platform interface. Log Code: Log-SwitchController-1 (https://missionpinball.org/logs)
2025-10-22 21:24:45,350 : WARNING : SwitchController : Received duplicate switch state 0 for switch s_three_bank_middle from the platform interface. Log Code: Log-SwitchController-1 (https://missionpinball.org/logs)
2025-10-22 21:24:45,350 : INFO : SwitchController : <<<<<<< 's_three_bank_top' inactive (muted) >>>>>>>
2025-10-22 21:24:45,351 : INFO : EventManager : Event: ======'slide_base_created'====== Args={'_from_bcp': True}
2025-10-22 21:24:45,351 : INFO : EventManager : Event: ======'slide_score_overlay_created'====== Args={'_from_bcp': True}
2025-10-22 21:24:45,351 : INFO : ball_device.bd_plunger : Setting up player-controlled eject. Balls: 1, Target: <playfield.playfield>, player_controlled_eject_event: None
2025-10-22 21:24:45,351 : INFO : EventManager : Event: ======'balldevice_balls_available'====== Args={}
2025-10-22 21:24:45,355 : INFO : EventManager : Event: ======'play_base_video3'====== Args={'_from_bcp': True}
2025-10-22 21:24:45,358 : INFO : EventManager : Event: ======'slide_basevideo1_inactive'====== Args={'is_removing': True, '_from_bcp': True}
2025-10-22 21:24:45,358 : INFO : EventManager : Event: ======'slide_score_overlay_active'====== Args={'original_context': 'base', 'original_calling_context': 'mode_base_started', 'priority': 100.0, 'queue': '<QueuedEvent>', 'player': 1.0, 'ball': 2.0, 'balls_remaining': 1.0, 'is_extra_ball': False, 'cmd': 'slides_play', '_from_bcp': True}
2025-10-22 21:24:45,359 : INFO : EventManager : Event: ======'slide_basevideo1_removed'====== Args={'_from_bcp': True}
2025-10-22 21:24:45,359 : INFO : EventManager : Event: ======'slide_current_mode_highlighted_created'====== Args={'_from_bcp': True}
2025-10-22 21:24:45,359 : INFO : EventManager : Event: ======'slide_skillshot_overlay_created'====== Args={'_from_bcp': True}
2025-10-22 21:24:45,361 : INFO : ball_device.bd_trough : State: waiting_for_target_ready
2025-10-22 21:24:45,361 : INFO : EventManager : Event: ======'balldevice_bd_trough_ball_eject_attempt'====== Args={'balls': 1, 'target': <ball_device.bd_plunger>, 'source': <ball_device.bd_trough>, 'mechanical_eject': True, 'num_attempts': 0}
2025-10-22 21:24:45,362 : INFO : ball_device.bd_plunger : State: waiting_for_ball
2025-10-22 21:24:45,363 : INFO : ball_device.bd_trough : State: ejecting
2025-10-22 21:24:45,363 : INFO : ball_device.bd_trough : Ejecting ball to <ball_device.bd_plunger>
2025-10-22 21:24:45,363 : INFO : EventManager : Event: ======'balldevice_bd_trough_ejecting_ball'====== Args={'balls': 1, 'target': <ball_device.bd_plunger>, 'source': <ball_device.bd_trough>, 'mechanical_eject': True, 'num_attempts': 0}
2025-10-22 21:24:45,364 : INFO : ball_device.bd_trough : Wait for ball to leave device
2025-10-22 21:24:45,364 : INFO : coil.c_trough_eject : Pulsing Driver for 20ms (1.0 pulse_power)
2025-10-22 21:24:45,366 : INFO : SwitchController : <<<<<<< 's_trough1' inactive >>>>>>>
2025-10-22 21:24:45,371 : INFO : ball_device.bd_trough : State: ball_left
2025-10-22 21:24:45,372 : INFO : ball_device.bd_trough : Ball left
2025-10-22 21:24:45,372 : INFO : ball_device.bd_trough : Wait for confirm with timeout 3.0
2025-10-22 21:24:45,380 : INFO : EventManager : Event: ======'slide_basevideo3_created'====== Args={'_from_bcp': True}
2025-10-22 21:24:45,471 : INFO : SwitchController : <<<<<<< 's_plunger' active >>>>>>>
2025-10-22 21:24:45,471 : INFO : EventManager : Event: ======'machine_var_audits_switches_s_plunger'====== Args={'value': 1258, 'prev_value': 1257, 'change': 1}
2025-10-22 21:24:45,813 : INFO : EventManager : Event: ======'drop_target_top_up'====== Args={'device': <drop_target.top>}
2025-10-22 21:24:45,814 : INFO : EventManager : Event: ======'drop_target_bank_three_bank_up'====== Args={}
2025-10-22 21:24:45,985 : INFO : ball_device.bd_plunger : Received ball from <ball_device.bd_trough>
2025-10-22 21:24:45,986 : INFO : EventManager : Event: ======'balldevice_bd_plunger_ball_enter'====== Args={'new_balls': 1, 'unclaimed_balls': 0, 'new_available_balls': 0, 'device': <ball_device.bd_plunger>}
2025-10-22 21:24:45,986 : INFO : EventManager : Event: ======'balldevice_bd_plunger_ball_entered'====== Args={'new_balls': 0, 'device': <ball_device.bd_plunger>}
2025-10-22 21:24:45,987 : INFO : EventManager : Event: ======'balldevice_bd_plunger_ball_count_changed'====== Args={'balls': 1}
2025-10-22 21:24:45,987 : INFO : ball_device.bd_trough : Got eject confirm
2025-10-22 21:24:45,987 : INFO : ball_device.bd_trough : Eject successful
2025-10-22 21:24:45,988 : INFO : EventManager : Event: ======'balldevice_bd_trough_ball_eject_success'====== Args={'balls': 1, 'target': <ball_device.bd_plunger>}
2025-10-22 21:24:45,988 : INFO : EventManager : Event: ======'balldevice_bd_trough_ball_count_changed'====== Args={'balls': 5}
2025-10-22 21:24:45,988 : INFO : ball_device.bd_trough : State: idle
2025-10-22 21:24:45,988 : INFO : ball_device.bd_plunger : State: waiting_for_target_ready
2025-10-22 21:24:45,989 : INFO : EventManager : Event: ======'balldevice_bd_plunger_ball_eject_attempt'====== Args={'balls': 1, 'target': <playfield.playfield>, 'source': <ball_device.bd_plunger>, 'mechanical_eject': True, 'num_attempts': 0}
2025-10-22 21:24:45,989 : INFO : ball_device.bd_plunger : State: ejecting
2025-10-22 21:24:45,990 : INFO : ball_device.bd_plunger : Ejecting ball to <playfield.playfield>
2025-10-22 21:24:45,990 : INFO : EventManager : Event: ======'balldevice_bd_plunger_ejecting_ball'====== Args={'balls': 1, 'target': <playfield.playfield>, 'source': <ball_device.bd_plunger>, 'mechanical_eject': True, 'num_attempts': 0}
2025-10-22 21:24:45,991 : INFO : ball_device.bd_plunger : Wait for ball to leave device
2025-10-22 21:24:48,396 : INFO : SwitchController : <<<<<<< 's_plunger' inactive >>>>>>>
2025-10-22 21:24:48,396 : INFO : EventManager : Event: ======'ball_out'====== Args={}
2025-10-22 21:24:48,398 : INFO : EventManager : Event: ======'ball_save_default_timer_start'====== Args={}
2025-10-22 21:24:48,402 : INFO : ball_device.bd_plunger : State: ball_left
2025-10-22 21:24:48,403 : INFO : ball_device.bd_plunger : Ball left
2025-10-22 21:24:48,403 : INFO : ball_device.bd_plunger : Wait for confirm with timeout 3.0
2025-10-22 21:24:48,597 : INFO : SwitchController : <<<<<<< 's_three_bank_top' active >>>>>>>
2025-10-22 21:24:48,597 : INFO : EventManager : Event: ======'playfield_active'====== Args={'source': 'top_drop'}
2025-10-22 21:24:48,597 : INFO : EventManager : Event: ======'playfield_active'====== Args={'source': 'skillshot_drop_targets'}
2025-10-22 21:24:48,597 : INFO : EventManager : Event: ======'s_three_bank_top_active'====== Args={}
2025-10-22 21:24:48,597 : INFO : EventManager : Event: ======'playfield_active'====== Args={'source': 'top'}
2025-10-22 21:24:48,597 : INFO : EventManager : Event: ======'drop_target_top_down'====== Args={'device': <drop_target.top>}
2025-10-22 21:24:48,598 : INFO : EventManager : Event: ======'drop_target_bank_three_bank_mixed'====== Args={'prev_value': <DropTargetBankState.UP: 'up'>, 'down': 1}
2025-10-22 21:24:48,598 : INFO : EventManager : Event: ======'machine_var_audits_switches_s_three_bank_top'====== Args={'value': 592, 'prev_value': 591, 'change': 1}
2025-10-22 21:24:48,600 : INFO : EventManager : Event: ======'machine_var_audits_shots_skillshot_drop_targets'====== Args={'value': 58, 'prev_value': 57, 'change': 1}
2025-10-22 21:24:48,600 : INFO : EventManager : Event: ======'skillshot_drop_targets_hit'====== Args={'profile': 'skill_shot_profile', 'state': 'off', 'advancing': False}
2025-10-22 21:24:48,600 : INFO : EventManager : Event: ======'skillshot_drop_targets_skill_shot_profile_hit'====== Args={'profile': 'skill_shot_profile', 'state': 'off', 'advancing': False}
2025-10-22 21:24:48,601 : INFO : EventManager : Event: ======'skillshot_drop_targets_skill_shot_profile_off_hit'====== Args={'profile': 'skill_shot_profile', 'state': 'off', 'advancing': False}
2025-10-22 21:24:48,601 : INFO : EventManager : Event: ======'skillshot_drop_targets_off_hit'====== Args={'profile': 'skill_shot_profile', 'state': 'off', 'advancing': False}
2025-10-22 21:24:48,601 : INFO : EventManager : Event: ======'machine_var_audits_shots_top_drop'====== Args={'value': 54, 'prev_value': 53, 'change': 1}
2025-10-22 21:24:48,601 : INFO : EventManager : Event: ======'top_drop_hit'====== Args={'profile': 'base_shot_profile', 'state': 'off', 'advancing': False}
2025-10-22 21:24:48,601 : INFO : EventManager : Event: ======'top_drop_base_shot_profile_hit'====== Args={'profile': 'base_shot_profile', 'state': 'off', 'advancing': False}
2025-10-22 21:24:48,601 : INFO : EventManager : Event: ======'top_drop_base_shot_profile_off_hit'====== Args={'profile': 'base_shot_profile', 'state': 'off', 'advancing': False}
2025-10-22 21:24:48,601 : INFO : EventManager : Event: ======'top_drop_off_hit'====== Args={'profile': 'base_shot_profile', 'state': 'off', 'advancing': False}
2025-10-22 21:24:48,602 : INFO : EventManager : Event: ======'player_score'====== Args={'value': 21024910, 'prev_value': 21022690, 'change': 2220, 'player_num': 1, 'source': 'base'}
2025-10-22 21:24:48,602 : INFO : EventManager : Event: ======'skillshot_hit'====== Args={'shot': 'skillshot_drop_targets'}
2025-10-22 21:24:48,602 : INFO : EventManager : Event: ======'skillshot_off_hit'====== Args={'shot': 'skillshot_drop_targets'}
2025-10-22 21:24:48,602 : INFO : EventManager : Event: ======'mode_skill_shot_will_stop'====== Args={}
2025-10-22 21:24:48,602 : INFO : EventManager : Event: ======'mode_skill_shot_stopping'====== Args={}
2025-10-22 21:24:48,605 : INFO : Mode.skill_shot : Stopped.
2025-10-22 21:24:48,605 : INFO : EventManager : Event: ======'modes_active_modes_changed'====== Args={}
2025-10-22 21:24:48,605 : INFO : EventManager : Event: ======'mode_skill_shot_stopped'====== Args={}
2025-10-22 21:24:48,605 : INFO : EventManager : Event: ======'clear'====== Args={'key': 'skill_shot'}
2025-10-22 21:24:48,609 : INFO : Timer.skill_shot_timeout : Stopping Timer
2025-10-22 21:24:48,609 : INFO : EventManager : Event: ======'timer_skill_shot_timeout_stopped'====== Args={'ticks': 0, 'ticks_remaining': 0}
2025-10-22 21:24:48,636 : INFO : ball_device.bd_plunger : Got eject confirm
2025-10-22 21:24:48,636 : INFO : ball_device.bd_plunger : Eject successful
2025-10-22 21:24:48,636 : INFO : EventManager : Event: ======'balldevice_bd_plunger_ball_eject_success'====== Args={'balls': 1, 'target': <playfield.playfield>}
2025-10-22 21:24:48,637 : INFO : EventManager : Event: ======'slide_skillshot_overlay_removed'====== Args={'_from_bcp': True}
2025-10-22 21:24:48,637 : INFO : EventManager : Event: ======'balldevice_playfield_ball_enter'====== Args={'new_balls': 1, 'unclaimed_balls': 1, 'device': <playfield.playfield>}
2025-10-22 21:24:48,637 : INFO : EventManager : Event: ======'playfield_ball_count_change'====== Args={'balls': 1, 'change': 1}
2025-10-22 21:24:48,638 : INFO : EventManager : Event: ======'balldevice_bd_plunger_ball_count_changed'====== Args={'balls': 0}
2025-10-22 21:24:48,638 : INFO : ball_device.bd_plunger : State: idle
2025-10-22 21:24:50,728 : INFO : SwitchController : <<<<<<< 's_right_lower_pop' active >>>>>>>
2025-10-22 21:24:50,729 : INFO : EventManager : Event: ======'s_right_lower_pop_active'====== Args={}
2025-10-22 21:24:50,729 : INFO : EventManager : Event: ======'machine_var_audits_switches_s_right_lower_pop'====== Args={'value': 956, 'prev_value': 955, 'change': 1}
2025-10-22 21:24:50,730 : INFO : EventManager : Event: ======'item_highlighted'====== Args={'carousel': 'carousel', 'direction': 'backwards', 'item': 'makesomenoise'}
2025-10-22 21:24:50,732 : INFO : EventManager : Event: ======'machine_var_audits_shots_pop3'====== Args={'value': 208, 'prev_value': 207, 'change': 1}
2025-10-22 21:24:50,732 : INFO : EventManager : Event: ======'pop3_hit'====== Args={'profile': 'base_shot_profile', 'state': 'off', 'advancing': False}
2025-10-22 21:24:50,732 : INFO : EventManager : Event: ======'pop3_base_shot_profile_hit'====== Args={'profile': 'base_shot_profile', 'state': 'off', 'advancing': False}
2025-10-22 21:24:50,732 : INFO : EventManager : Event: ======'pop3_base_shot_profile_off_hit'====== Args={'profile': 'base_shot_profile', 'state': 'off', 'advancing': False}
2025-10-22 21:24:50,733 : INFO : EventManager : Event: ======'pop3_off_hit'====== Args={'profile': 'base_shot_profile', 'state': 'off', 'advancing': False}
2025-10-22 21:24:50,733 : INFO : EventManager : Event: ======'player_score'====== Args={'value': 21026020, 'prev_value': 21024910, 'change': 1110, 'player_num': 1, 'source': 'base'}
2025-10-22 21:24:50,846 : INFO : SwitchController : <<<<<<< 's_right_lower_pop' inactive >>>>>>>
2025-10-22 21:24:51,405 : INFO : EventManager : Event: ======'ball_save_default_hurry_up'====== Args={}
2025-10-22 21:24:51,627 : INFO : SwitchController : <<<<<<< 's_right_lower_pop' active >>>>>>>
2025-10-22 21:24:51,628 : INFO : EventManager : Event: ======'s_right_lower_pop_active'====== Args={}
2025-10-22 21:24:51,628 : INFO : EventManager : Event: ======'machine_var_audits_switches_s_right_lower_pop'====== Args={'value': 957, 'prev_value': 956, 'change': 1}
2025-10-22 21:24:51,629 : INFO : EventManager : Event: ======'item_highlighted'====== Args={'carousel': 'carousel', 'direction': 'backwards', 'item': 'tripletrouble'}
2025-10-22 21:24:51,630 : INFO : EventManager : Event: ======'machine_var_audits_shots_pop3'====== Args={'value': 209, 'prev_value': 208, 'change': 1}
2025-10-22 21:24:51,631 : INFO : EventManager : Event: ======'pop3_hit'====== Args={'profile': 'base_shot_profile', 'state': 'off', 'advancing': False}
2025-10-22 21:24:51,631 : INFO : EventManager : Event: ======'pop3_base_shot_profile_hit'====== Args={'profile': 'base_shot_profile', 'state': 'off', 'advancing': False}
2025-10-22 21:24:51,631 : INFO : EventManager : Event: ======'pop3_base_shot_profile_off_hit'====== Args={'profile': 'base_shot_profile', 'state': 'off', 'advancing': False}
2025-10-22 21:24:51,631 : INFO : EventManager : Event: ======'pop3_off_hit'====== Args={'profile': 'base_shot_profile', 'state': 'off', 'advancing': False}
2025-10-22 21:24:51,631 : INFO : EventManager : Event: ======'player_score'====== Args={'value': 21027130, 'prev_value': 21026020, 'change': 1110, 'player_num': 1, 'source': 'base'}
2025-10-22 21:24:51,741 : INFO : SwitchController : <<<<<<< 's_right_lower_pop' inactive >>>>>>>
2025-10-22 21:24:53,401 : INFO : EventManager : Event: ======'ball_save_default_grace_period'====== Args={}
2025-10-22 21:24:55,410 : INFO : EventManager : Event: ======'ball_save_default_disabled'====== Args={}
2025-10-22 21:24:58,425 : INFO : Machine : Shutting down...
2025-10-22 21:24:58,425 : INFO : EventManager : Event: ======'shutdown'====== Args={}
2025-10-22 21:24:58,426 : INFO : EventManager : Event: ======'mode_service_will_stop'====== Args={}
2025-10-22 21:24:58,426 : INFO : EventManager : Event: ======'mode_service_stopping'====== Args={}
2025-10-22 21:24:58,428 : INFO : Mode.service : Stopped.
2025-10-22 21:24:58,428 : INFO : EventManager : Event: ======'modes_active_modes_changed'====== Args={}
2025-10-22 21:24:58,428 : INFO : EventManager : Event: ======'mode_service_stopped'====== Args={}
2025-10-22 21:24:58,428 : INFO : EventManager : Event: ======'clear'====== Args={'key': 'service'}
2025-10-22 21:24:58,429 : INFO : EventManager : Event: ======'mode_game_will_stop'====== Args={}
2025-10-22 21:24:58,429 : INFO : EventManager : Event: ======'mode_game_stopping'====== Args={}
2025-10-22 21:24:58,430 : INFO : EventManager : Event: ======'mode_base_will_stop'====== Args={}
2025-10-22 21:24:58,430 : INFO : EventManager : Event: ======'mode_base_stopping'====== Args={}
2025-10-22 21:24:58,430 : INFO : EventManager : Event: ======'mode_multiball_will_stop'====== Args={}
2025-10-22 21:24:58,430 : INFO : EventManager : Event: ======'mode_multiball_stopping'====== Args={}
2025-10-22 21:24:58,430 : INFO : EventManager : Event: ======'mode_carousel_will_stop'====== Args={}
2025-10-22 21:24:58,430 : INFO : EventManager : Event: ======'mode_carousel_stopping'====== Args={}
2025-10-22 21:24:58,431 : INFO : Mode.carousel : Stopped.
2025-10-22 21:24:58,431 : INFO : EventManager : Event: ======'modes_active_modes_changed'====== Args={}
2025-10-22 21:24:58,431 : INFO : EventManager : Event: ======'mode_carousel_stopped'====== Args={}
2025-10-22 21:24:58,431 : INFO : EventManager : Event: ======'clear'====== Args={'key': 'carousel'}
2025-10-22 21:24:58,431 : INFO : Mode.multiball : Stopped.
2025-10-22 21:24:58,431 : INFO : EventManager : Event: ======'modes_active_modes_changed'====== Args={}
2025-10-22 21:24:58,431 : INFO : EventManager : Event: ======'mode_multiball_stopped'====== Args={}
2025-10-22 21:24:58,431 : INFO : EventManager : Event: ======'clear'====== Args={'key': 'multiball'}
2025-10-22 21:24:58,431 : INFO : Mode.base : Stopped.
2025-10-22 21:24:58,432 : INFO : EventManager : Event: ======'modes_active_modes_changed'====== Args={}
2025-10-22 21:24:58,432 : INFO : EventManager : Event: ======'mode_base_stopped'====== Args={}
2025-10-22 21:24:58,432 : INFO : EventManager : Event: ======'clear'====== Args={'key': 'base'}
2025-10-22 21:24:58,433 : INFO : Timer.chcheckitoutfinish_widget_timer : Stopping Timer
2025-10-22 21:24:58,433 : INFO : EventManager : Event: ======'timer_chcheckitoutfinish_widget_timer_stopped'====== Args={'ticks': 0, 'ticks_remaining': 0}
2025-10-22 21:24:58,436 : INFO : Mode.game : Stopped.
2025-10-22 21:24:58,436 : INFO : EventManager : Event: ======'modes_active_modes_changed'====== Args={}
2025-10-22 21:24:58,436 : INFO : EventManager : Event: ======'mode_game_stopped'====== Args={}
2025-10-22 21:24:58,436 : INFO : EventManager : Event: ======'clear'====== Args={'key': 'game'}
2025-10-22 21:24:58,440 : INFO : root : MPF run loop ended.
