2025-09-19 11:57:40,820 : INFO : root : Loading config.
2025-09-19 11:57:40,824 : INFO : YamlMultifileConfigLoader : Machine config file #1: config.yaml
2025-09-19 11:57:40,824 : WARNING : ConfigProcessor : Config file in cache changed: C:\venv\mpf\soultrain\config\config.yaml
2025-09-19 11:57:40,824 : INFO : ConfigProcessor : Loading config from file c:\venv\mpf\lib\site-packages\mpf\mpfconfig.yaml.
2025-09-19 11:57:40,834 : INFO : ConfigProcessor : Loading config: c:\venv\mpf\lib\site-packages\mpf\mpfconfig.yaml
2025-09-19 11:57:40,835 : INFO : ConfigProcessor : Loading config from file C:\venv\mpf\soultrain\config\config.yaml.
2025-09-19 11:57:40,837 : INFO : ConfigProcessor : Loading config: C:\venv\mpf\soultrain\config\config.yaml
2025-09-19 11:57:40,842 : INFO : ConfigProcessor : Loading config: C:\venv\mpf\soultrain\config\coils.yaml
2025-09-19 11:57:40,844 : INFO : ConfigProcessor : Loading config: C:\venv\mpf\soultrain\config\switches.yaml
2025-09-19 11:57:40,846 : INFO : ConfigProcessor : Loading config: C:\venv\mpf\soultrain\config\multiball.yaml
2025-09-19 11:57:40,848 : INFO : ConfigProcessor : Config file cache created: C:\Users\sdona\AppData\Local\Temp\1b3b705e53fd006acd47691e80f804b6.mpf_cache
2025-09-19 11:57:40,921 : INFO : ConfigProcessor : Loading config from cache: C:\Users\sdona\AppData\Local\Temp\e94a3f920a4b4ef5386ff9f8a570c7d8.mpf_cache
2025-09-19 11:57:40,922 : INFO : ConfigProcessor : Loading config from cache: C:\Users\sdona\AppData\Local\Temp\9b0a7575388f9d9bd2f6ab87bf9fd2f7.mpf_cache
2025-09-19 11:57:40,923 : INFO : ConfigProcessor : Loading config from cache: C:\Users\sdona\AppData\Local\Temp\fd71bac5babd3012ed21bb0ff55b9bb2.mpf_cache
2025-09-19 11:57:40,924 : INFO : ConfigProcessor : Loading config from cache: C:\Users\sdona\AppData\Local\Temp\e94a3f920a4b4ef5386ff9f8a570c7d8.mpf_cache
2025-09-19 11:57:40,925 : INFO : ConfigProcessor : Loading config from cache: C:\Users\sdona\AppData\Local\Temp\162825675e996177b36fda11f37d9767.mpf_cache
2025-09-19 11:57:40,926 : INFO : Machine : Mission Pinball Framework Core Engine v0.57.3
2025-09-19 11:57:40,926 : INFO : Machine : Command line arguments: {'no_load_cache': False, 'create_config_cache': True, 'bcp': True, 'configfile': ['config.yaml'], 'force_assets_load': False, 'platform_integration_test': False, 'jsonlogging': False, 'logfile': 'logs\\2025-09-19-11-57-40-mpf-PinballLaptop.log', 'pause': False, 'production': False, 'text_ui': True, 'loglevel': 15, 'consoleloglevel': 20, 'force_platform': 'smart_virtual', 'syslog_address': None, 'mc_file_name': None, 'no_sound': False}
2025-09-19 11:57:40,926 : INFO : Machine : MPF path: c:\venv\mpf\lib\site-packages\mpf
2025-09-19 11:57:40,926 : INFO : Machine : Machine path: C:\venv\mpf\soultrain
2025-09-19 11:57:40,926 : INFO : Machine : Platform: win32
2025-09-19 11:57:40,926 : INFO : Machine : Python executable location: c:\venv\mpf\Scripts\python.exe
2025-09-19 11:57:40,926 : INFO : Machine : Python version: 3.9.13 (64-bit)
2025-09-19 11:57:40,929 : INFO : Machine : Initializing MPF...
2025-09-19 11:57:41,142 : INFO : EventManager : Event: ======'machine_var_credits_string'====== Args={'value': 'FREE PLAY', 'prev_value': None, 'change': True}
2025-09-19 11:57:41,187 : INFO : EventManager : Event: ======'machine_var_fast_audio_headphones_volume'====== Args={'value': 10, 'prev_value': None, 'change': True}
2025-09-19 11:57:41,187 : INFO : EventManager : Event: ======'machine_var_fast_audio_main_volume'====== Args={'value': 44, 'prev_value': None, 'change': True}
2025-09-19 11:57:41,187 : INFO : EventManager : Event: ======'machine_var_master_volume'====== Args={'value': 0.15, 'prev_value': None, 'change': True}
2025-09-19 11:57:41,187 : INFO : EventManager : Event: ======'machine_var_player1_score'====== Args={'value': 22740, 'prev_value': None, 'change': True}
2025-09-19 11:57:41,188 : INFO : EventManager : Event: ======'machine_var_mpf_version'====== Args={'value': 'Mission Pinball Framework v0.57.3', 'prev_value': None, 'change': True}
2025-09-19 11:57:41,188 : INFO : EventManager : Event: ======'machine_var_mpf_extended_version'====== Args={'value': 'Mission Pinball Framework v0.57.3, Config version:6, Show version: 6, BCP version:1.1', 'prev_value': None, 'change': True}
2025-09-19 11:57:41,188 : INFO : EventManager : Event: ======'machine_var_python_version'====== Args={'value': '3.9.13', 'prev_value': None, 'change': True}
2025-09-19 11:57:41,285 : INFO : EventManager : Event: ======'machine_var_platform'====== Args={'value': 'Windows-10-10.0.26100-SP0', 'prev_value': None, 'change': True}
2025-09-19 11:57:41,285 : INFO : EventManager : Event: ======'machine_var_platform_system'====== Args={'value': 'Windows', 'prev_value': None, 'change': True}
2025-09-19 11:57:41,285 : INFO : EventManager : Event: ======'machine_var_platform_release'====== Args={'value': '10', 'prev_value': None, 'change': True}
2025-09-19 11:57:41,285 : INFO : EventManager : Event: ======'machine_var_platform_version'====== Args={'value': '10.0.26100', 'prev_value': None, 'change': True}
2025-09-19 11:57:41,285 : INFO : EventManager : Event: ======'machine_var_platform_machine'====== Args={'value': 'AMD64', 'prev_value': None, 'change': True}
2025-09-19 11:57:41,285 : INFO : EventManager : Event: ======'init_phase_1'====== Args={}
2025-09-19 11:57:41,304 : INFO : EventManager : Event: ======'drop_target_bank_three_bank_up'====== Args={}
2025-09-19 11:57:41,305 : INFO : EventManager : Event: ======'init_phase_2'====== Args={}
2025-09-19 11:57:41,305 : INFO : SwitchController : Found active switch: ('3208-0', <Platform.SmartVirtual>) <switch.s_trough1>
2025-09-19 11:57:41,305 : INFO : SwitchController : Found active switch: ('3208-1', <Platform.SmartVirtual>) <switch.s_trough2>
2025-09-19 11:57:41,306 : INFO : SwitchController : Found active switch: ('3208-2', <Platform.SmartVirtual>) <switch.s_trough3>
2025-09-19 11:57:41,306 : INFO : SwitchController : Found active switch: ('3208-3', <Platform.SmartVirtual>) <switch.s_trough4>
2025-09-19 11:57:41,306 : INFO : SwitchController : Found active switch: ('3208-4', <Platform.SmartVirtual>) <switch.s_trough5>
2025-09-19 11:57:41,306 : INFO : SwitchController : Found active switch: ('3208-5', <Platform.SmartVirtual>) <switch.s_trough6>
2025-09-19 11:57:41,309 : INFO : EventManager : Event: ======'bcp_connection_attempt'====== Args={'name': 'local_display', 'host': 'localhost', 'port': 5050}
2025-09-19 11:57:41,311 : INFO : BCPClientSocket : Connecting BCP to 'local_display' at localhost:5050...
2025-09-19 11:57:52,789 : INFO : BCPClientSocket : Connected BCP to 'local_display' localhost:5050
2025-09-19 11:57:52,791 : INFO : EventManager : Event: ======'bcp_clients_connected'====== Args={}
2025-09-19 11:57:52,904 : INFO : ball_device.bd_trough : BCH: Initial count: 6
2025-09-19 11:57:52,905 : INFO : EventManager : Event: ======'machine_var_mc_version'====== Args={'value': 'MPF-MC v0.57.1', 'prev_value': None, 'change': True}
2025-09-19 11:57:52,905 : INFO : EventManager : Event: ======'machine_var_mc_extended_version'====== Args={'value': 'MPF-MC v0.57.1 (config_version=6, BCP v1.1,                      Requires MPF API compatibility v0.57.0 or newer)', 'prev_value': None, 'change': True}
2025-09-19 11:57:52,908 : INFO : ball_device.bd_trough : State: idle
2025-09-19 11:57:52,957 : INFO : ball_device.bd_plunger : BCH: Initial count: 0
2025-09-19 11:57:52,957 : INFO : ball_device.bd_plunger : State: idle
2025-09-19 11:57:52,958 : INFO : ball_device.bd_scoop : BCH: Initial count: 0
2025-09-19 11:57:52,958 : INFO : ball_device.bd_scoop : State: idle
2025-09-19 11:57:52,971 : INFO : EventManager : Event: ======'init_phase_3'====== Args={}
2025-09-19 11:57:52,976 : INFO : EventManager : Event: ======'init_phase_4'====== Args={}
2025-09-19 11:57:52,977 : INFO : BallController : Initial balls found: 6
2025-09-19 11:57:52,978 : INFO : EventManager : Event: ======'machine_var_audits_events_game_ended'====== Args={'value': 35, 'prev_value': None, 'change': True}
2025-09-19 11:57:52,979 : INFO : EventManager : Event: ======'machine_var_audits_events_game_started'====== Args={'value': 83, 'prev_value': None, 'change': True}
2025-09-19 11:57:52,980 : INFO : EventManager : Event: ======'machine_var_audits_missing_switches_s_captive_ball'====== Args={'value': 9, 'prev_value': None, 'change': True}
2025-09-19 11:57:52,982 : INFO : EventManager : Event: ======'machine_var_audits_missing_switches_s_center_upper_pop'====== Args={'value': 9, 'prev_value': None, 'change': True}
2025-09-19 11:57:52,983 : INFO : EventManager : Event: ======'machine_var_audits_missing_switches_s_inner_orbit'====== Args={'value': 9, 'prev_value': None, 'change': True}
2025-09-19 11:57:52,983 : INFO : EventManager : Event: ======'machine_var_audits_missing_switches_s_left_flipper'====== Args={'value': 9, 'prev_value': None, 'change': True}
2025-09-19 11:57:52,983 : INFO : EventManager : Event: ======'machine_var_audits_missing_switches_s_left_inlane'====== Args={'value': 9, 'prev_value': None, 'change': True}
2025-09-19 11:57:52,983 : INFO : EventManager : Event: ======'machine_var_audits_missing_switches_s_left_orbit'====== Args={'value': 9, 'prev_value': None, 'change': True}
2025-09-19 11:57:52,984 : INFO : EventManager : Event: ======'machine_var_audits_missing_switches_s_left_outlane'====== Args={'value': 9, 'prev_value': None, 'change': True}
2025-09-19 11:57:52,984 : INFO : EventManager : Event: ======'machine_var_audits_missing_switches_s_left_ramp'====== Args={'value': 9, 'prev_value': None, 'change': True}
2025-09-19 11:57:52,984 : INFO : EventManager : Event: ======'machine_var_audits_missing_switches_s_left_slingshot'====== Args={'value': 9, 'prev_value': None, 'change': True}
2025-09-19 11:57:52,984 : INFO : EventManager : Event: ======'machine_var_audits_missing_switches_s_left_upper_pop'====== Args={'value': 9, 'prev_value': None, 'change': True}
2025-09-19 11:57:52,984 : INFO : EventManager : Event: ======'machine_var_audits_missing_switches_s_pop_standup'====== Args={'value': 9, 'prev_value': None, 'change': True}
2025-09-19 11:57:52,985 : INFO : EventManager : Event: ======'machine_var_audits_missing_switches_s_right_flipper'====== Args={'value': 9, 'prev_value': None, 'change': True}
2025-09-19 11:57:52,985 : INFO : EventManager : Event: ======'machine_var_audits_missing_switches_s_right_inlane'====== Args={'value': 9, 'prev_value': None, 'change': True}
2025-09-19 11:57:52,985 : INFO : EventManager : Event: ======'machine_var_audits_missing_switches_s_right_orbit'====== Args={'value': 9, 'prev_value': None, 'change': True}
2025-09-19 11:57:52,985 : INFO : EventManager : Event: ======'machine_var_audits_missing_switches_s_right_outlane'====== Args={'value': 9, 'prev_value': None, 'change': True}
2025-09-19 11:57:52,986 : INFO : EventManager : Event: ======'machine_var_audits_missing_switches_s_right_ramp'====== Args={'value': 9, 'prev_value': None, 'change': True}
2025-09-19 11:57:52,986 : INFO : EventManager : Event: ======'machine_var_audits_missing_switches_s_right_slingshot'====== Args={'value': 9, 'prev_value': None, 'change': True}
2025-09-19 11:57:52,986 : INFO : EventManager : Event: ======'machine_var_audits_missing_switches_s_spinner'====== Args={'value': 9, 'prev_value': None, 'change': True}
2025-09-19 11:57:52,986 : INFO : EventManager : Event: ======'machine_var_audits_missing_switches_s_start'====== Args={'value': 8, 'prev_value': None, 'change': True}
2025-09-19 11:57:52,987 : INFO : EventManager : Event: ======'machine_var_audits_missing_switches_s_three_bank_bottom'====== Args={'value': 9, 'prev_value': None, 'change': True}
2025-09-19 11:57:52,987 : INFO : EventManager : Event: ======'machine_var_audits_missing_switches_s_three_bank_middle'====== Args={'value': 9, 'prev_value': None, 'change': True}
2025-09-19 11:57:52,987 : INFO : EventManager : Event: ======'machine_var_audits_missing_switches_s_three_bank_standup'====== Args={'value': 9, 'prev_value': None, 'change': True}
2025-09-19 11:57:52,987 : INFO : EventManager : Event: ======'machine_var_audits_missing_switches_s_three_bank_top'====== Args={'value': 9, 'prev_value': None, 'change': True}
2025-09-19 11:57:52,987 : INFO : EventManager : Event: ======'machine_var_audits_missing_switches_s_tilt_bob'====== Args={'value': 17, 'prev_value': None, 'change': True}
2025-09-19 11:57:52,988 : INFO : EventManager : Event: ======'machine_var_audits_missing_switches_s_top_right_flipper'====== Args={'value': 9, 'prev_value': None, 'change': True}
2025-09-19 11:57:52,988 : INFO : EventManager : Event: ======'machine_var_audits_missing_switches_s_trough2'====== Args={'value': 8, 'prev_value': None, 'change': True}
2025-09-19 11:57:52,988 : INFO : EventManager : Event: ======'machine_var_audits_missing_switches_s_trough3'====== Args={'value': 8, 'prev_value': None, 'change': True}
2025-09-19 11:57:52,988 : INFO : EventManager : Event: ======'machine_var_audits_missing_switches_s_trough4'====== Args={'value': 8, 'prev_value': None, 'change': True}
2025-09-19 11:57:52,989 : INFO : EventManager : Event: ======'machine_var_audits_missing_switches_s_trough5'====== Args={'value': 8, 'prev_value': None, 'change': True}
2025-09-19 11:57:52,989 : INFO : EventManager : Event: ======'machine_var_audits_missing_switches_s_trough6'====== Args={'value': 9, 'prev_value': None, 'change': True}
2025-09-19 11:57:52,989 : INFO : EventManager : Event: ======'machine_var_audits_missing_switches_s_trough_jam'====== Args={'value': 9, 'prev_value': None, 'change': True}
2025-09-19 11:57:52,989 : INFO : EventManager : Event: ======'machine_var_audits_missing_switches_s_tshirt_bottom_standup'====== Args={'value': 9, 'prev_value': None, 'change': True}
2025-09-19 11:57:52,989 : INFO : EventManager : Event: ======'machine_var_audits_missing_switches_s_tshirt_top_standup'====== Args={'value': 9, 'prev_value': None, 'change': True}
2025-09-19 11:57:52,990 : INFO : EventManager : Event: ======'machine_var_audits_missing_switches_s_upper_pop_standup'====== Args={'value': 9, 'prev_value': None, 'change': True}
2025-09-19 11:57:52,990 : INFO : EventManager : Event: ======'machine_var_audits_player_score'====== Args={'value': {'average': 13338, 'top': [55679, 54526, 46225, 25350, 24166, 23278, 22740, 20422, 20201, 14887], 'total': 36}, 'prev_value': None, 'change': True}
2025-09-19 11:57:52,990 : INFO : EventManager : Event: ======'machine_var_audits_shots_skill_captive'====== Args={'value': 16, 'prev_value': None, 'change': True}
2025-09-19 11:57:52,991 : INFO : EventManager : Event: ======'machine_var_audits_switches_s_captive_ball'====== Args={'value': 158, 'prev_value': None, 'change': True}
2025-09-19 11:57:52,991 : INFO : EventManager : Event: ======'machine_var_audits_switches_s_center_upper_pop'====== Args={'value': 182, 'prev_value': None, 'change': True}
2025-09-19 11:57:52,991 : INFO : EventManager : Event: ======'machine_var_audits_switches_s_inner_orbit'====== Args={'value': 0, 'prev_value': None, 'change': True}
2025-09-19 11:57:52,991 : INFO : EventManager : Event: ======'machine_var_audits_switches_s_left_flipper'====== Args={'value': 1240, 'prev_value': None, 'change': True}
2025-09-19 11:57:52,993 : INFO : EventManager : Event: ======'machine_var_audits_switches_s_left_inlane'====== Args={'value': 107, 'prev_value': None, 'change': True}
2025-09-19 11:57:52,993 : INFO : EventManager : Event: ======'machine_var_audits_switches_s_left_orbit'====== Args={'value': 0, 'prev_value': None, 'change': True}
2025-09-19 11:57:52,993 : INFO : EventManager : Event: ======'machine_var_audits_switches_s_left_outlane'====== Args={'value': 53, 'prev_value': None, 'change': True}
2025-09-19 11:57:52,994 : INFO : EventManager : Event: ======'machine_var_audits_switches_s_left_ramp'====== Args={'value': 0, 'prev_value': None, 'change': True}
2025-09-19 11:57:52,994 : INFO : EventManager : Event: ======'machine_var_audits_switches_s_left_slingshot'====== Args={'value': 259, 'prev_value': None, 'change': True}
2025-09-19 11:57:52,994 : INFO : EventManager : Event: ======'machine_var_audits_switches_s_left_upper_pop'====== Args={'value': 139, 'prev_value': None, 'change': True}
2025-09-19 11:57:52,994 : INFO : EventManager : Event: ======'machine_var_audits_switches_s_plunger'====== Args={'value': 453, 'prev_value': None, 'change': True}
2025-09-19 11:57:52,995 : INFO : EventManager : Event: ======'machine_var_audits_switches_s_pop_standup'====== Args={'value': 48, 'prev_value': None, 'change': True}
2025-09-19 11:57:52,995 : INFO : EventManager : Event: ======'machine_var_audits_switches_s_right_flipper'====== Args={'value': 1509, 'prev_value': None, 'change': True}
2025-09-19 11:57:52,995 : INFO : EventManager : Event: ======'machine_var_audits_switches_s_right_inlane'====== Args={'value': 104, 'prev_value': None, 'change': True}
2025-09-19 11:57:52,996 : INFO : EventManager : Event: ======'machine_var_audits_switches_s_right_lower_pop'====== Args={'value': 280, 'prev_value': None, 'change': True}
2025-09-19 11:57:52,996 : INFO : EventManager : Event: ======'machine_var_audits_switches_s_right_orbit'====== Args={'value': 0, 'prev_value': None, 'change': True}
2025-09-19 11:57:52,996 : INFO : EventManager : Event: ======'machine_var_audits_switches_s_right_outlane'====== Args={'value': 51, 'prev_value': None, 'change': True}
2025-09-19 11:57:52,997 : INFO : EventManager : Event: ======'machine_var_audits_switches_s_right_ramp'====== Args={'value': 0, 'prev_value': None, 'change': True}
2025-09-19 11:57:52,997 : INFO : EventManager : Event: ======'machine_var_audits_switches_s_right_slingshot'====== Args={'value': 365, 'prev_value': None, 'change': True}
2025-09-19 11:57:52,997 : INFO : EventManager : Event: ======'machine_var_audits_switches_s_scoop'====== Args={'value': 83, 'prev_value': None, 'change': True}
2025-09-19 11:57:52,998 : INFO : EventManager : Event: ======'machine_var_audits_switches_s_spinner'====== Args={'value': 1364, 'prev_value': None, 'change': True}
2025-09-19 11:57:52,998 : INFO : EventManager : Event: ======'machine_var_audits_switches_s_start'====== Args={'value': 8, 'prev_value': None, 'change': True}
2025-09-19 11:57:52,998 : INFO : EventManager : Event: ======'machine_var_audits_switches_s_three_bank_bottom'====== Args={'value': 61, 'prev_value': None, 'change': True}
2025-09-19 11:57:52,999 : INFO : EventManager : Event: ======'machine_var_audits_switches_s_three_bank_middle'====== Args={'value': 61, 'prev_value': None, 'change': True}
2025-09-19 11:57:52,999 : INFO : EventManager : Event: ======'machine_var_audits_switches_s_three_bank_standup'====== Args={'value': 64, 'prev_value': None, 'change': True}
2025-09-19 11:57:52,999 : INFO : EventManager : Event: ======'machine_var_audits_switches_s_three_bank_top'====== Args={'value': 56, 'prev_value': None, 'change': True}
2025-09-19 11:57:52,999 : INFO : EventManager : Event: ======'machine_var_audits_switches_s_tilt_bob'====== Args={'value': 21, 'prev_value': None, 'change': True}
2025-09-19 11:57:53,000 : INFO : EventManager : Event: ======'machine_var_audits_switches_s_top_right_flipper'====== Args={'value': 1294, 'prev_value': None, 'change': True}
2025-09-19 11:57:53,000 : INFO : EventManager : Event: ======'machine_var_audits_switches_s_trough1'====== Args={'value': 214, 'prev_value': None, 'change': True}
2025-09-19 11:57:53,000 : INFO : EventManager : Event: ======'machine_var_audits_switches_s_trough2'====== Args={'value': 248, 'prev_value': None, 'change': True}
2025-09-19 11:57:53,001 : INFO : EventManager : Event: ======'machine_var_audits_switches_s_trough3'====== Args={'value': 178, 'prev_value': None, 'change': True}
2025-09-19 11:57:53,001 : INFO : EventManager : Event: ======'machine_var_audits_switches_s_trough4'====== Args={'value': 160, 'prev_value': None, 'change': True}
2025-09-19 11:57:53,002 : INFO : EventManager : Event: ======'machine_var_audits_switches_s_trough5'====== Args={'value': 160, 'prev_value': None, 'change': True}
2025-09-19 11:57:53,002 : INFO : EventManager : Event: ======'machine_var_audits_switches_s_trough6'====== Args={'value': 158, 'prev_value': None, 'change': True}
2025-09-19 11:57:53,002 : INFO : EventManager : Event: ======'machine_var_audits_switches_s_trough_jam'====== Args={'value': 206, 'prev_value': None, 'change': True}
2025-09-19 11:57:53,003 : INFO : EventManager : Event: ======'machine_var_audits_switches_s_tshirt_bottom_standup'====== Args={'value': 28, 'prev_value': None, 'change': True}
2025-09-19 11:57:53,003 : INFO : EventManager : Event: ======'machine_var_audits_switches_s_tshirt_top_standup'====== Args={'value': 33, 'prev_value': None, 'change': True}
2025-09-19 11:57:53,004 : INFO : EventManager : Event: ======'machine_var_audits_switches_s_upper_pop_standup'====== Args={'value': 158, 'prev_value': None, 'change': True}
2025-09-19 11:57:53,005 : INFO : EventManager : Event: ======'init_phase_5'====== Args={}
2025-09-19 11:57:53,034 : INFO : EventManager : Event: ======'init_done'====== Args={}
2025-09-19 11:57:53,042 : INFO : EventManager : Event: ======'machine_reset_phase_1'====== Args={}
2025-09-19 11:57:53,047 : INFO : EventManager : Event: ======'slide_welcome_slide_removed'====== Args={'_from_bcp': True}
2025-09-19 11:57:53,050 : INFO : EventManager : Event: ======'slide_welcome_slide_created'====== Args={'_from_bcp': True}
2025-09-19 11:57:53,052 : INFO : EventManager : Event: ======'machine_reset_phase_2'====== Args={}
2025-09-19 11:57:53,052 : INFO : EventManager : Event: ======'machine_reset_phase_3'====== Args={}
2025-09-19 11:57:53,052 : INFO : drop_target_bank.three_bank : All targets are already up. Will not reset bank.
2025-09-19 11:57:53,053 : INFO : EventManager : Event: ======'reset_complete'====== Args={}
2025-09-19 11:57:53,053 : INFO : EventManager : Event: ======'mode_attract_will_start'====== Args={}
2025-09-19 11:57:53,054 : INFO : EventManager : Event: ======'mode_attract_starting'====== Args={}
2025-09-19 11:57:53,055 : INFO : Mode.attract : Started. Priority: 10
2025-09-19 11:57:53,055 : INFO : EventManager : Event: ======'modes_active_modes_changed'====== Args={}
2025-09-19 11:57:53,055 : INFO : EventManager : Event: ======'mode_attract_started'====== Args={}
2025-09-19 11:57:53,056 : INFO : EventManager : Event: ======'collecting_balls_complete'====== Args={}
2025-09-19 11:57:53,056 : INFO : EventManager : Event: ======'slide_welcome_slide_active'====== Args={'_from_bcp': True}
2025-09-19 11:57:53,074 : INFO : EventManager : Event: ======'slide_press_start_slide_created'====== Args={'_from_bcp': True}
2025-09-19 11:57:53,074 : INFO : EventManager : Event: ======'slide_press_start_slide_active'====== Args={'_from_bcp': True}
2025-09-19 11:57:53,076 : INFO : Machine : Starting the main run loop with active modes: [<Mode.attract>]
2025-09-19 11:57:58,089 : INFO : EventManager : Event: ======'slide_last_game_score_slide_created'====== Args={'_from_bcp': True}
2025-09-19 11:57:58,093 : INFO : EventManager : Event: ======'slide_last_game_score_slide_active'====== Args={'_from_bcp': True}
2025-09-19 11:58:03,082 : INFO : EventManager : Event: ======'slide_press_start_slide_removed'====== Args={'_from_bcp': True}
2025-09-19 11:58:03,084 : INFO : EventManager : Event: ======'slide_press_start_slide_created'====== Args={'_from_bcp': True}
2025-09-19 11:58:03,085 : INFO : EventManager : Event: ======'slide_press_start_slide_active'====== Args={'_from_bcp': True}
2025-09-19 11:58:08,080 : INFO : EventManager : Event: ======'slide_last_game_score_slide_removed'====== Args={'_from_bcp': True}
2025-09-19 11:58:08,085 : INFO : EventManager : Event: ======'slide_last_game_score_slide_created'====== Args={'_from_bcp': True}
2025-09-19 11:58:08,088 : INFO : EventManager : Event: ======'slide_last_game_score_slide_active'====== Args={'_from_bcp': True}
2025-09-19 11:58:13,080 : INFO : EventManager : Event: ======'slide_press_start_slide_removed'====== Args={'_from_bcp': True}
2025-09-19 11:58:13,083 : INFO : EventManager : Event: ======'slide_press_start_slide_created'====== Args={'_from_bcp': True}
2025-09-19 11:58:13,084 : INFO : EventManager : Event: ======'slide_press_start_slide_active'====== Args={'_from_bcp': True}
2025-09-19 11:58:18,072 : INFO : EventManager : Event: ======'slide_last_game_score_slide_removed'====== Args={'_from_bcp': True}
2025-09-19 11:58:18,081 : INFO : EventManager : Event: ======'slide_last_game_score_slide_created'====== Args={'_from_bcp': True}
2025-09-19 11:58:18,085 : INFO : EventManager : Event: ======'slide_last_game_score_slide_active'====== Args={'_from_bcp': True}
2025-09-19 11:58:23,075 : INFO : EventManager : Event: ======'slide_press_start_slide_removed'====== Args={'_from_bcp': True}
2025-09-19 11:58:23,076 : INFO : EventManager : Event: ======'slide_press_start_slide_created'====== Args={'_from_bcp': True}
2025-09-19 11:58:23,076 : INFO : EventManager : Event: ======'slide_press_start_slide_active'====== Args={'_from_bcp': True}
2025-09-19 11:58:28,085 : INFO : EventManager : Event: ======'slide_last_game_score_slide_removed'====== Args={'_from_bcp': True}
2025-09-19 11:58:28,095 : INFO : EventManager : Event: ======'slide_last_game_score_slide_created'====== Args={'_from_bcp': True}
2025-09-19 11:58:28,099 : INFO : EventManager : Event: ======'slide_last_game_score_slide_active'====== Args={'_from_bcp': True}
2025-09-19 11:58:33,076 : INFO : EventManager : Event: ======'slide_press_start_slide_removed'====== Args={'_from_bcp': True}
2025-09-19 11:58:33,076 : INFO : EventManager : Event: ======'slide_press_start_slide_created'====== Args={'_from_bcp': True}
2025-09-19 11:58:33,077 : INFO : EventManager : Event: ======'slide_press_start_slide_active'====== Args={'_from_bcp': True}
2025-09-19 11:58:38,064 : INFO : EventManager : Event: ======'slide_last_game_score_slide_removed'====== Args={'_from_bcp': True}
2025-09-19 11:58:38,074 : INFO : EventManager : Event: ======'slide_last_game_score_slide_created'====== Args={'_from_bcp': True}
2025-09-19 11:58:38,077 : INFO : EventManager : Event: ======'slide_last_game_score_slide_active'====== Args={'_from_bcp': True}
2025-09-19 11:58:43,087 : INFO : EventManager : Event: ======'slide_press_start_slide_removed'====== Args={'_from_bcp': True}
2025-09-19 11:58:43,088 : INFO : EventManager : Event: ======'slide_press_start_slide_created'====== Args={'_from_bcp': True}
2025-09-19 11:58:43,088 : INFO : EventManager : Event: ======'slide_press_start_slide_active'====== Args={'_from_bcp': True}
2025-09-19 11:58:48,068 : INFO : EventManager : Event: ======'slide_last_game_score_slide_removed'====== Args={'_from_bcp': True}
2025-09-19 11:58:48,075 : INFO : EventManager : Event: ======'slide_last_game_score_slide_created'====== Args={'_from_bcp': True}
2025-09-19 11:58:48,078 : INFO : EventManager : Event: ======'slide_last_game_score_slide_active'====== Args={'_from_bcp': True}
2025-09-19 11:58:53,071 : INFO : EventManager : Event: ======'slide_press_start_slide_removed'====== Args={'_from_bcp': True}
2025-09-19 11:58:53,073 : INFO : EventManager : Event: ======'slide_press_start_slide_created'====== Args={'_from_bcp': True}
2025-09-19 11:58:53,075 : INFO : EventManager : Event: ======'slide_press_start_slide_active'====== Args={'_from_bcp': True}
2025-09-19 11:58:58,070 : INFO : EventManager : Event: ======'slide_last_game_score_slide_removed'====== Args={'_from_bcp': True}
2025-09-19 11:58:58,078 : INFO : EventManager : Event: ======'slide_last_game_score_slide_created'====== Args={'_from_bcp': True}
2025-09-19 11:58:58,081 : INFO : EventManager : Event: ======'slide_last_game_score_slide_active'====== Args={'_from_bcp': True}
2025-09-19 11:59:03,081 : INFO : EventManager : Event: ======'slide_press_start_slide_removed'====== Args={'_from_bcp': True}
2025-09-19 11:59:03,083 : INFO : EventManager : Event: ======'slide_press_start_slide_created'====== Args={'_from_bcp': True}
2025-09-19 11:59:03,084 : INFO : EventManager : Event: ======'slide_press_start_slide_active'====== Args={'_from_bcp': True}
2025-09-19 11:59:08,066 : INFO : EventManager : Event: ======'slide_last_game_score_slide_removed'====== Args={'_from_bcp': True}
2025-09-19 11:59:08,072 : INFO : EventManager : Event: ======'slide_last_game_score_slide_created'====== Args={'_from_bcp': True}
2025-09-19 11:59:08,076 : INFO : EventManager : Event: ======'slide_last_game_score_slide_active'====== Args={'_from_bcp': True}
2025-09-19 11:59:13,084 : INFO : EventManager : Event: ======'slide_press_start_slide_removed'====== Args={'_from_bcp': True}
2025-09-19 11:59:13,085 : INFO : EventManager : Event: ======'slide_press_start_slide_created'====== Args={'_from_bcp': True}
2025-09-19 11:59:13,085 : INFO : EventManager : Event: ======'slide_press_start_slide_active'====== Args={'_from_bcp': True}
2025-09-19 11:59:18,073 : INFO : EventManager : Event: ======'slide_last_game_score_slide_removed'====== Args={'_from_bcp': True}
2025-09-19 11:59:18,084 : INFO : EventManager : Event: ======'slide_last_game_score_slide_created'====== Args={'_from_bcp': True}
2025-09-19 11:59:18,088 : INFO : EventManager : Event: ======'slide_last_game_score_slide_active'====== Args={'_from_bcp': True}
2025-09-19 11:59:23,076 : INFO : EventManager : Event: ======'slide_press_start_slide_removed'====== Args={'_from_bcp': True}
2025-09-19 11:59:23,139 : INFO : EventManager : Event: ======'slide_press_start_slide_created'====== Args={'_from_bcp': True}
2025-09-19 11:59:23,140 : INFO : EventManager : Event: ======'slide_press_start_slide_active'====== Args={'_from_bcp': True}
2025-09-19 11:59:28,066 : INFO : EventManager : Event: ======'slide_last_game_score_slide_removed'====== Args={'_from_bcp': True}
2025-09-19 11:59:28,075 : INFO : EventManager : Event: ======'slide_last_game_score_slide_created'====== Args={'_from_bcp': True}
2025-09-19 11:59:28,077 : INFO : EventManager : Event: ======'slide_last_game_score_slide_active'====== Args={'_from_bcp': True}
2025-09-19 11:59:33,082 : INFO : EventManager : Event: ======'slide_press_start_slide_removed'====== Args={'_from_bcp': True}
2025-09-19 11:59:33,084 : INFO : EventManager : Event: ======'slide_press_start_slide_created'====== Args={'_from_bcp': True}
2025-09-19 11:59:33,086 : INFO : EventManager : Event: ======'slide_press_start_slide_active'====== Args={'_from_bcp': True}
2025-09-19 11:59:38,080 : INFO : EventManager : Event: ======'slide_last_game_score_slide_removed'====== Args={'_from_bcp': True}
2025-09-19 11:59:38,089 : INFO : EventManager : Event: ======'slide_last_game_score_slide_created'====== Args={'_from_bcp': True}
2025-09-19 11:59:38,093 : INFO : EventManager : Event: ======'slide_last_game_score_slide_active'====== Args={'_from_bcp': True}
2025-09-19 11:59:43,078 : INFO : EventManager : Event: ======'slide_press_start_slide_removed'====== Args={'_from_bcp': True}
2025-09-19 11:59:43,079 : INFO : EventManager : Event: ======'slide_press_start_slide_created'====== Args={'_from_bcp': True}
2025-09-19 11:59:43,080 : INFO : EventManager : Event: ======'slide_press_start_slide_active'====== Args={'_from_bcp': True}
2025-09-19 11:59:48,085 : INFO : EventManager : Event: ======'slide_last_game_score_slide_removed'====== Args={'_from_bcp': True}
2025-09-19 11:59:48,095 : INFO : EventManager : Event: ======'slide_last_game_score_slide_created'====== Args={'_from_bcp': True}
2025-09-19 11:59:48,099 : INFO : EventManager : Event: ======'slide_last_game_score_slide_active'====== Args={'_from_bcp': True}
2025-09-19 11:59:53,065 : INFO : EventManager : Event: ======'slide_press_start_slide_removed'====== Args={'_from_bcp': True}
2025-09-19 11:59:53,066 : INFO : EventManager : Event: ======'slide_press_start_slide_created'====== Args={'_from_bcp': True}
2025-09-19 11:59:53,068 : INFO : EventManager : Event: ======'slide_press_start_slide_active'====== Args={'_from_bcp': True}
2025-09-19 11:59:58,081 : INFO : EventManager : Event: ======'slide_last_game_score_slide_removed'====== Args={'_from_bcp': True}
2025-09-19 11:59:58,089 : INFO : EventManager : Event: ======'slide_last_game_score_slide_created'====== Args={'_from_bcp': True}
2025-09-19 11:59:58,092 : INFO : EventManager : Event: ======'slide_last_game_score_slide_active'====== Args={'_from_bcp': True}
2025-09-19 12:00:03,081 : INFO : EventManager : Event: ======'slide_press_start_slide_removed'====== Args={'_from_bcp': True}
2025-09-19 12:00:03,083 : INFO : EventManager : Event: ======'slide_press_start_slide_created'====== Args={'_from_bcp': True}
2025-09-19 12:00:03,084 : INFO : EventManager : Event: ======'slide_press_start_slide_active'====== Args={'_from_bcp': True}
2025-09-19 12:00:08,079 : INFO : EventManager : Event: ======'slide_last_game_score_slide_removed'====== Args={'_from_bcp': True}
2025-09-19 12:00:08,089 : INFO : EventManager : Event: ======'slide_last_game_score_slide_created'====== Args={'_from_bcp': True}
2025-09-19 12:00:08,091 : INFO : EventManager : Event: ======'slide_last_game_score_slide_active'====== Args={'_from_bcp': True}
2025-09-19 12:00:13,083 : INFO : EventManager : Event: ======'slide_press_start_slide_removed'====== Args={'_from_bcp': True}
2025-09-19 12:00:13,084 : INFO : EventManager : Event: ======'slide_press_start_slide_created'====== Args={'_from_bcp': True}
2025-09-19 12:00:13,085 : INFO : EventManager : Event: ======'slide_press_start_slide_active'====== Args={'_from_bcp': True}
2025-09-19 12:00:18,074 : INFO : EventManager : Event: ======'slide_last_game_score_slide_removed'====== Args={'_from_bcp': True}
2025-09-19 12:00:18,084 : INFO : EventManager : Event: ======'slide_last_game_score_slide_created'====== Args={'_from_bcp': True}
2025-09-19 12:00:18,087 : INFO : EventManager : Event: ======'slide_last_game_score_slide_active'====== Args={'_from_bcp': True}
2025-09-19 12:00:23,084 : INFO : EventManager : Event: ======'slide_press_start_slide_removed'====== Args={'_from_bcp': True}
2025-09-19 12:00:23,086 : INFO : EventManager : Event: ======'slide_press_start_slide_created'====== Args={'_from_bcp': True}
2025-09-19 12:00:23,087 : INFO : EventManager : Event: ======'slide_press_start_slide_active'====== Args={'_from_bcp': True}
2025-09-19 12:00:28,057 : INFO : EventManager : Event: ======'slide_last_game_score_slide_removed'====== Args={'_from_bcp': True}
2025-09-19 12:00:28,068 : INFO : EventManager : Event: ======'slide_last_game_score_slide_created'====== Args={'_from_bcp': True}
2025-09-19 12:00:28,070 : INFO : EventManager : Event: ======'slide_last_game_score_slide_active'====== Args={'_from_bcp': True}
2025-09-19 12:00:33,065 : INFO : EventManager : Event: ======'slide_press_start_slide_removed'====== Args={'_from_bcp': True}
2025-09-19 12:00:33,068 : INFO : EventManager : Event: ======'slide_press_start_slide_created'====== Args={'_from_bcp': True}
2025-09-19 12:00:33,069 : INFO : EventManager : Event: ======'slide_press_start_slide_active'====== Args={'_from_bcp': True}
2025-09-19 12:00:38,081 : INFO : EventManager : Event: ======'slide_last_game_score_slide_removed'====== Args={'_from_bcp': True}
2025-09-19 12:00:38,090 : INFO : EventManager : Event: ======'slide_last_game_score_slide_created'====== Args={'_from_bcp': True}
2025-09-19 12:00:38,093 : INFO : EventManager : Event: ======'slide_last_game_score_slide_active'====== Args={'_from_bcp': True}
2025-09-19 12:00:43,071 : INFO : EventManager : Event: ======'slide_press_start_slide_removed'====== Args={'_from_bcp': True}
2025-09-19 12:00:43,073 : INFO : EventManager : Event: ======'slide_press_start_slide_created'====== Args={'_from_bcp': True}
2025-09-19 12:00:43,074 : INFO : EventManager : Event: ======'slide_press_start_slide_active'====== Args={'_from_bcp': True}
2025-09-19 12:00:48,083 : INFO : EventManager : Event: ======'slide_last_game_score_slide_removed'====== Args={'_from_bcp': True}
2025-09-19 12:00:48,090 : INFO : EventManager : Event: ======'slide_last_game_score_slide_created'====== Args={'_from_bcp': True}
2025-09-19 12:00:48,092 : INFO : EventManager : Event: ======'slide_last_game_score_slide_active'====== Args={'_from_bcp': True}
2025-09-19 12:00:53,071 : INFO : EventManager : Event: ======'slide_press_start_slide_removed'====== Args={'_from_bcp': True}
2025-09-19 12:00:53,072 : INFO : EventManager : Event: ======'slide_press_start_slide_created'====== Args={'_from_bcp': True}
2025-09-19 12:00:53,074 : INFO : EventManager : Event: ======'slide_press_start_slide_active'====== Args={'_from_bcp': True}
2025-09-19 12:00:58,065 : INFO : EventManager : Event: ======'slide_last_game_score_slide_removed'====== Args={'_from_bcp': True}
2025-09-19 12:00:58,074 : INFO : EventManager : Event: ======'slide_last_game_score_slide_created'====== Args={'_from_bcp': True}
2025-09-19 12:00:58,077 : INFO : EventManager : Event: ======'slide_last_game_score_slide_active'====== Args={'_from_bcp': True}
2025-09-19 12:01:03,073 : INFO : EventManager : Event: ======'slide_press_start_slide_removed'====== Args={'_from_bcp': True}
2025-09-19 12:01:03,174 : INFO : EventManager : Event: ======'slide_press_start_slide_created'====== Args={'_from_bcp': True}
2025-09-19 12:01:03,175 : INFO : EventManager : Event: ======'slide_press_start_slide_active'====== Args={'_from_bcp': True}
2025-09-19 12:01:08,081 : INFO : EventManager : Event: ======'slide_last_game_score_slide_removed'====== Args={'_from_bcp': True}
2025-09-19 12:01:08,091 : INFO : EventManager : Event: ======'slide_last_game_score_slide_created'====== Args={'_from_bcp': True}
2025-09-19 12:01:08,094 : INFO : EventManager : Event: ======'slide_last_game_score_slide_active'====== Args={'_from_bcp': True}
2025-09-19 12:01:13,086 : INFO : EventManager : Event: ======'slide_press_start_slide_removed'====== Args={'_from_bcp': True}
2025-09-19 12:01:13,088 : INFO : EventManager : Event: ======'slide_press_start_slide_created'====== Args={'_from_bcp': True}
2025-09-19 12:01:13,090 : INFO : EventManager : Event: ======'slide_press_start_slide_active'====== Args={'_from_bcp': True}
2025-09-19 12:01:18,068 : INFO : EventManager : Event: ======'slide_last_game_score_slide_removed'====== Args={'_from_bcp': True}
2025-09-19 12:01:18,078 : INFO : EventManager : Event: ======'slide_last_game_score_slide_created'====== Args={'_from_bcp': True}
2025-09-19 12:01:18,082 : INFO : EventManager : Event: ======'slide_last_game_score_slide_active'====== Args={'_from_bcp': True}
2025-09-19 12:01:23,076 : INFO : EventManager : Event: ======'slide_press_start_slide_removed'====== Args={'_from_bcp': True}
2025-09-19 12:01:23,079 : INFO : EventManager : Event: ======'slide_press_start_slide_created'====== Args={'_from_bcp': True}
2025-09-19 12:01:23,080 : INFO : EventManager : Event: ======'slide_press_start_slide_active'====== Args={'_from_bcp': True}
2025-09-19 12:01:28,077 : INFO : EventManager : Event: ======'slide_last_game_score_slide_removed'====== Args={'_from_bcp': True}
2025-09-19 12:01:28,087 : INFO : EventManager : Event: ======'slide_last_game_score_slide_created'====== Args={'_from_bcp': True}
2025-09-19 12:01:28,091 : INFO : EventManager : Event: ======'slide_last_game_score_slide_active'====== Args={'_from_bcp': True}
2025-09-19 12:01:33,072 : INFO : EventManager : Event: ======'slide_press_start_slide_removed'====== Args={'_from_bcp': True}
2025-09-19 12:01:33,074 : INFO : EventManager : Event: ======'slide_press_start_slide_created'====== Args={'_from_bcp': True}
2025-09-19 12:01:33,075 : INFO : EventManager : Event: ======'slide_press_start_slide_active'====== Args={'_from_bcp': True}
2025-09-19 12:01:38,065 : INFO : EventManager : Event: ======'slide_last_game_score_slide_removed'====== Args={'_from_bcp': True}
2025-09-19 12:01:38,073 : INFO : EventManager : Event: ======'slide_last_game_score_slide_created'====== Args={'_from_bcp': True}
2025-09-19 12:01:38,077 : INFO : EventManager : Event: ======'slide_last_game_score_slide_active'====== Args={'_from_bcp': True}
2025-09-19 12:01:43,065 : INFO : EventManager : Event: ======'slide_press_start_slide_removed'====== Args={'_from_bcp': True}
2025-09-19 12:01:43,066 : INFO : EventManager : Event: ======'slide_press_start_slide_created'====== Args={'_from_bcp': True}
2025-09-19 12:01:43,069 : INFO : EventManager : Event: ======'slide_press_start_slide_active'====== Args={'_from_bcp': True}
2025-09-19 12:01:48,066 : INFO : EventManager : Event: ======'slide_last_game_score_slide_removed'====== Args={'_from_bcp': True}
2025-09-19 12:01:48,077 : INFO : EventManager : Event: ======'slide_last_game_score_slide_created'====== Args={'_from_bcp': True}
2025-09-19 12:01:48,080 : INFO : EventManager : Event: ======'slide_last_game_score_slide_active'====== Args={'_from_bcp': True}
2025-09-19 12:01:53,080 : INFO : EventManager : Event: ======'slide_press_start_slide_removed'====== Args={'_from_bcp': True}
2025-09-19 12:01:53,081 : INFO : EventManager : Event: ======'slide_press_start_slide_created'====== Args={'_from_bcp': True}
2025-09-19 12:01:53,082 : INFO : EventManager : Event: ======'slide_press_start_slide_active'====== Args={'_from_bcp': True}
2025-09-19 12:01:58,082 : INFO : EventManager : Event: ======'slide_last_game_score_slide_removed'====== Args={'_from_bcp': True}
2025-09-19 12:01:58,082 : INFO : EventManager : Event: ======'slide_last_game_score_slide_created'====== Args={'_from_bcp': True}
2025-09-19 12:01:58,085 : INFO : EventManager : Event: ======'slide_last_game_score_slide_active'====== Args={'_from_bcp': True}
2025-09-19 12:02:03,065 : INFO : EventManager : Event: ======'slide_press_start_slide_removed'====== Args={'_from_bcp': True}
2025-09-19 12:02:03,067 : INFO : EventManager : Event: ======'slide_press_start_slide_created'====== Args={'_from_bcp': True}
2025-09-19 12:02:03,068 : INFO : EventManager : Event: ======'slide_press_start_slide_active'====== Args={'_from_bcp': True}
2025-09-19 12:02:08,071 : INFO : EventManager : Event: ======'slide_last_game_score_slide_removed'====== Args={'_from_bcp': True}
2025-09-19 12:02:08,075 : INFO : EventManager : Event: ======'slide_last_game_score_slide_created'====== Args={'_from_bcp': True}
2025-09-19 12:02:08,078 : INFO : EventManager : Event: ======'slide_last_game_score_slide_active'====== Args={'_from_bcp': True}
2025-09-19 12:02:13,073 : INFO : EventManager : Event: ======'slide_press_start_slide_removed'====== Args={'_from_bcp': True}
2025-09-19 12:02:13,075 : INFO : EventManager : Event: ======'slide_press_start_slide_created'====== Args={'_from_bcp': True}
2025-09-19 12:02:13,076 : INFO : EventManager : Event: ======'slide_press_start_slide_active'====== Args={'_from_bcp': True}
2025-09-19 12:02:18,080 : INFO : EventManager : Event: ======'slide_last_game_score_slide_removed'====== Args={'_from_bcp': True}
2025-09-19 12:02:18,087 : INFO : EventManager : Event: ======'slide_last_game_score_slide_created'====== Args={'_from_bcp': True}
2025-09-19 12:02:18,090 : INFO : EventManager : Event: ======'slide_last_game_score_slide_active'====== Args={'_from_bcp': True}
2025-09-19 12:02:23,087 : INFO : EventManager : Event: ======'slide_press_start_slide_removed'====== Args={'_from_bcp': True}
2025-09-19 12:02:23,089 : INFO : EventManager : Event: ======'slide_press_start_slide_created'====== Args={'_from_bcp': True}
2025-09-19 12:02:23,090 : INFO : EventManager : Event: ======'slide_press_start_slide_active'====== Args={'_from_bcp': True}
2025-09-19 12:02:28,080 : INFO : EventManager : Event: ======'slide_last_game_score_slide_removed'====== Args={'_from_bcp': True}
2025-09-19 12:02:28,089 : INFO : EventManager : Event: ======'slide_last_game_score_slide_created'====== Args={'_from_bcp': True}
2025-09-19 12:02:28,093 : INFO : EventManager : Event: ======'slide_last_game_score_slide_active'====== Args={'_from_bcp': True}
2025-09-19 12:02:33,082 : INFO : EventManager : Event: ======'slide_press_start_slide_removed'====== Args={'_from_bcp': True}
2025-09-19 12:02:33,083 : INFO : EventManager : Event: ======'slide_press_start_slide_created'====== Args={'_from_bcp': True}
2025-09-19 12:02:33,084 : INFO : EventManager : Event: ======'slide_press_start_slide_active'====== Args={'_from_bcp': True}
2025-09-19 12:02:38,071 : INFO : EventManager : Event: ======'slide_last_game_score_slide_removed'====== Args={'_from_bcp': True}
2025-09-19 12:02:38,208 : INFO : EventManager : Event: ======'slide_last_game_score_slide_created'====== Args={'_from_bcp': True}
2025-09-19 12:02:38,212 : INFO : EventManager : Event: ======'slide_last_game_score_slide_active'====== Args={'_from_bcp': True}
2025-09-19 12:02:43,082 : INFO : EventManager : Event: ======'slide_press_start_slide_removed'====== Args={'_from_bcp': True}
2025-09-19 12:02:43,082 : INFO : EventManager : Event: ======'slide_press_start_slide_created'====== Args={'_from_bcp': True}
2025-09-19 12:02:43,084 : INFO : EventManager : Event: ======'slide_press_start_slide_active'====== Args={'_from_bcp': True}
2025-09-19 12:02:48,081 : INFO : EventManager : Event: ======'slide_last_game_score_slide_removed'====== Args={'_from_bcp': True}
2025-09-19 12:02:48,081 : INFO : EventManager : Event: ======'slide_last_game_score_slide_created'====== Args={'_from_bcp': True}
2025-09-19 12:02:48,085 : INFO : EventManager : Event: ======'slide_last_game_score_slide_active'====== Args={'_from_bcp': True}
2025-09-19 12:02:53,075 : INFO : EventManager : Event: ======'slide_press_start_slide_removed'====== Args={'_from_bcp': True}
2025-09-19 12:02:53,075 : INFO : EventManager : Event: ======'slide_press_start_slide_created'====== Args={'_from_bcp': True}
2025-09-19 12:02:53,076 : INFO : EventManager : Event: ======'slide_press_start_slide_active'====== Args={'_from_bcp': True}
2025-09-19 12:02:58,085 : INFO : EventManager : Event: ======'slide_last_game_score_slide_removed'====== Args={'_from_bcp': True}
2025-09-19 12:02:58,096 : INFO : EventManager : Event: ======'slide_last_game_score_slide_created'====== Args={'_from_bcp': True}
2025-09-19 12:02:58,099 : INFO : EventManager : Event: ======'slide_last_game_score_slide_active'====== Args={'_from_bcp': True}
2025-09-19 12:03:03,083 : INFO : EventManager : Event: ======'slide_press_start_slide_removed'====== Args={'_from_bcp': True}
2025-09-19 12:03:03,085 : INFO : EventManager : Event: ======'slide_press_start_slide_created'====== Args={'_from_bcp': True}
2025-09-19 12:03:03,085 : INFO : EventManager : Event: ======'slide_press_start_slide_active'====== Args={'_from_bcp': True}
2025-09-19 12:03:08,066 : INFO : EventManager : Event: ======'slide_last_game_score_slide_removed'====== Args={'_from_bcp': True}
2025-09-19 12:03:08,074 : INFO : EventManager : Event: ======'slide_last_game_score_slide_created'====== Args={'_from_bcp': True}
2025-09-19 12:03:08,077 : INFO : EventManager : Event: ======'slide_last_game_score_slide_active'====== Args={'_from_bcp': True}
2025-09-19 12:03:13,080 : INFO : EventManager : Event: ======'slide_press_start_slide_removed'====== Args={'_from_bcp': True}
2025-09-19 12:03:13,082 : INFO : EventManager : Event: ======'slide_press_start_slide_created'====== Args={'_from_bcp': True}
2025-09-19 12:03:13,082 : INFO : EventManager : Event: ======'slide_press_start_slide_active'====== Args={'_from_bcp': True}
2025-09-19 12:03:18,083 : INFO : EventManager : Event: ======'slide_last_game_score_slide_removed'====== Args={'_from_bcp': True}
2025-09-19 12:03:18,094 : INFO : EventManager : Event: ======'slide_last_game_score_slide_created'====== Args={'_from_bcp': True}
2025-09-19 12:03:18,097 : INFO : EventManager : Event: ======'slide_last_game_score_slide_active'====== Args={'_from_bcp': True}
2025-09-19 12:03:23,065 : INFO : EventManager : Event: ======'slide_press_start_slide_removed'====== Args={'_from_bcp': True}
2025-09-19 12:03:23,067 : INFO : EventManager : Event: ======'slide_press_start_slide_created'====== Args={'_from_bcp': True}
2025-09-19 12:03:23,068 : INFO : EventManager : Event: ======'slide_press_start_slide_active'====== Args={'_from_bcp': True}
2025-09-19 12:03:28,072 : INFO : EventManager : Event: ======'slide_last_game_score_slide_removed'====== Args={'_from_bcp': True}
2025-09-19 12:03:28,082 : INFO : EventManager : Event: ======'slide_last_game_score_slide_created'====== Args={'_from_bcp': True}
2025-09-19 12:03:28,085 : INFO : EventManager : Event: ======'slide_last_game_score_slide_active'====== Args={'_from_bcp': True}
2025-09-19 12:03:33,078 : INFO : EventManager : Event: ======'slide_press_start_slide_removed'====== Args={'_from_bcp': True}
2025-09-19 12:03:33,080 : INFO : EventManager : Event: ======'slide_press_start_slide_created'====== Args={'_from_bcp': True}
2025-09-19 12:03:33,081 : INFO : EventManager : Event: ======'slide_press_start_slide_active'====== Args={'_from_bcp': True}
2025-09-19 12:03:38,070 : INFO : EventManager : Event: ======'slide_last_game_score_slide_removed'====== Args={'_from_bcp': True}
2025-09-19 12:03:38,079 : INFO : EventManager : Event: ======'slide_last_game_score_slide_created'====== Args={'_from_bcp': True}
2025-09-19 12:03:38,082 : INFO : EventManager : Event: ======'slide_last_game_score_slide_active'====== Args={'_from_bcp': True}
2025-09-19 12:03:43,089 : INFO : EventManager : Event: ======'slide_press_start_slide_removed'====== Args={'_from_bcp': True}
2025-09-19 12:03:43,092 : INFO : EventManager : Event: ======'slide_press_start_slide_created'====== Args={'_from_bcp': True}
2025-09-19 12:03:43,093 : INFO : EventManager : Event: ======'slide_press_start_slide_active'====== Args={'_from_bcp': True}
2025-09-19 12:03:48,084 : INFO : EventManager : Event: ======'slide_last_game_score_slide_removed'====== Args={'_from_bcp': True}
2025-09-19 12:03:48,095 : INFO : EventManager : Event: ======'slide_last_game_score_slide_created'====== Args={'_from_bcp': True}
2025-09-19 12:03:48,098 : INFO : EventManager : Event: ======'slide_last_game_score_slide_active'====== Args={'_from_bcp': True}
2025-09-19 12:03:53,069 : INFO : EventManager : Event: ======'slide_press_start_slide_removed'====== Args={'_from_bcp': True}
2025-09-19 12:03:53,070 : INFO : EventManager : Event: ======'slide_press_start_slide_created'====== Args={'_from_bcp': True}
2025-09-19 12:03:53,070 : INFO : EventManager : Event: ======'slide_press_start_slide_active'====== Args={'_from_bcp': True}
2025-09-19 12:03:58,091 : INFO : EventManager : Event: ======'slide_last_game_score_slide_removed'====== Args={'_from_bcp': True}
2025-09-19 12:03:58,092 : INFO : EventManager : Event: ======'slide_last_game_score_slide_created'====== Args={'_from_bcp': True}
2025-09-19 12:03:58,095 : INFO : EventManager : Event: ======'slide_last_game_score_slide_active'====== Args={'_from_bcp': True}
2025-09-19 12:04:03,080 : INFO : EventManager : Event: ======'slide_press_start_slide_removed'====== Args={'_from_bcp': True}
2025-09-19 12:04:03,081 : INFO : EventManager : Event: ======'slide_press_start_slide_created'====== Args={'_from_bcp': True}
2025-09-19 12:04:03,081 : INFO : EventManager : Event: ======'slide_press_start_slide_active'====== Args={'_from_bcp': True}
2025-09-19 12:04:08,069 : INFO : EventManager : Event: ======'slide_last_game_score_slide_removed'====== Args={'_from_bcp': True}
2025-09-19 12:04:08,079 : INFO : EventManager : Event: ======'slide_last_game_score_slide_created'====== Args={'_from_bcp': True}
2025-09-19 12:04:08,083 : INFO : EventManager : Event: ======'slide_last_game_score_slide_active'====== Args={'_from_bcp': True}
2025-09-19 12:04:13,081 : INFO : EventManager : Event: ======'slide_press_start_slide_removed'====== Args={'_from_bcp': True}
2025-09-19 12:04:13,083 : INFO : EventManager : Event: ======'slide_press_start_slide_created'====== Args={'_from_bcp': True}
2025-09-19 12:04:13,083 : INFO : EventManager : Event: ======'slide_press_start_slide_active'====== Args={'_from_bcp': True}
2025-09-19 12:04:18,067 : INFO : EventManager : Event: ======'slide_last_game_score_slide_removed'====== Args={'_from_bcp': True}
2025-09-19 12:04:18,196 : INFO : EventManager : Event: ======'slide_last_game_score_slide_created'====== Args={'_from_bcp': True}
2025-09-19 12:04:18,199 : INFO : EventManager : Event: ======'slide_last_game_score_slide_active'====== Args={'_from_bcp': True}
2025-09-19 12:04:23,084 : INFO : EventManager : Event: ======'slide_press_start_slide_removed'====== Args={'_from_bcp': True}
2025-09-19 12:04:23,084 : INFO : EventManager : Event: ======'slide_press_start_slide_created'====== Args={'_from_bcp': True}
2025-09-19 12:04:23,085 : INFO : EventManager : Event: ======'slide_press_start_slide_active'====== Args={'_from_bcp': True}
2025-09-19 12:04:28,077 : INFO : EventManager : Event: ======'slide_last_game_score_slide_removed'====== Args={'_from_bcp': True}
2025-09-19 12:04:28,088 : INFO : EventManager : Event: ======'slide_last_game_score_slide_created'====== Args={'_from_bcp': True}
2025-09-19 12:04:28,090 : INFO : EventManager : Event: ======'slide_last_game_score_slide_active'====== Args={'_from_bcp': True}
2025-09-19 12:04:33,064 : INFO : EventManager : Event: ======'slide_press_start_slide_removed'====== Args={'_from_bcp': True}
2025-09-19 12:04:33,066 : INFO : EventManager : Event: ======'slide_press_start_slide_created'====== Args={'_from_bcp': True}
2025-09-19 12:04:33,066 : INFO : EventManager : Event: ======'slide_press_start_slide_active'====== Args={'_from_bcp': True}
2025-09-19 12:04:38,092 : INFO : EventManager : Event: ======'slide_last_game_score_slide_removed'====== Args={'_from_bcp': True}
2025-09-19 12:04:38,097 : INFO : EventManager : Event: ======'slide_last_game_score_slide_created'====== Args={'_from_bcp': True}
2025-09-19 12:04:38,100 : INFO : EventManager : Event: ======'slide_last_game_score_slide_active'====== Args={'_from_bcp': True}
2025-09-19 12:04:43,084 : INFO : EventManager : Event: ======'slide_press_start_slide_removed'====== Args={'_from_bcp': True}
2025-09-19 12:04:43,086 : INFO : EventManager : Event: ======'slide_press_start_slide_created'====== Args={'_from_bcp': True}
2025-09-19 12:04:43,086 : INFO : EventManager : Event: ======'slide_press_start_slide_active'====== Args={'_from_bcp': True}
2025-09-19 12:04:48,074 : INFO : EventManager : Event: ======'slide_last_game_score_slide_removed'====== Args={'_from_bcp': True}
2025-09-19 12:04:48,074 : INFO : EventManager : Event: ======'slide_last_game_score_slide_created'====== Args={'_from_bcp': True}
2025-09-19 12:04:48,077 : INFO : EventManager : Event: ======'slide_last_game_score_slide_active'====== Args={'_from_bcp': True}
2025-09-19 12:04:53,085 : INFO : EventManager : Event: ======'slide_press_start_slide_removed'====== Args={'_from_bcp': True}
2025-09-19 12:04:53,090 : INFO : EventManager : Event: ======'slide_press_start_slide_created'====== Args={'_from_bcp': True}
2025-09-19 12:04:53,092 : INFO : EventManager : Event: ======'slide_press_start_slide_active'====== Args={'_from_bcp': True}
2025-09-19 12:04:58,072 : INFO : EventManager : Event: ======'slide_last_game_score_slide_removed'====== Args={'_from_bcp': True}
2025-09-19 12:04:58,083 : INFO : EventManager : Event: ======'slide_last_game_score_slide_created'====== Args={'_from_bcp': True}
2025-09-19 12:04:58,087 : INFO : EventManager : Event: ======'slide_last_game_score_slide_active'====== Args={'_from_bcp': True}
2025-09-19 12:05:03,084 : INFO : EventManager : Event: ======'slide_press_start_slide_removed'====== Args={'_from_bcp': True}
2025-09-19 12:05:03,086 : INFO : EventManager : Event: ======'slide_press_start_slide_created'====== Args={'_from_bcp': True}
2025-09-19 12:05:03,086 : INFO : EventManager : Event: ======'slide_press_start_slide_active'====== Args={'_from_bcp': True}
2025-09-19 12:05:08,080 : INFO : EventManager : Event: ======'slide_last_game_score_slide_removed'====== Args={'_from_bcp': True}
2025-09-19 12:05:08,090 : INFO : EventManager : Event: ======'slide_last_game_score_slide_created'====== Args={'_from_bcp': True}
2025-09-19 12:05:08,093 : INFO : EventManager : Event: ======'slide_last_game_score_slide_active'====== Args={'_from_bcp': True}
2025-09-19 12:05:13,073 : INFO : EventManager : Event: ======'slide_press_start_slide_removed'====== Args={'_from_bcp': True}
2025-09-19 12:05:13,073 : INFO : EventManager : Event: ======'slide_press_start_slide_created'====== Args={'_from_bcp': True}
2025-09-19 12:05:13,074 : INFO : EventManager : Event: ======'slide_press_start_slide_active'====== Args={'_from_bcp': True}
2025-09-19 12:05:18,087 : INFO : EventManager : Event: ======'slide_last_game_score_slide_removed'====== Args={'_from_bcp': True}
2025-09-19 12:05:18,098 : INFO : EventManager : Event: ======'slide_last_game_score_slide_created'====== Args={'_from_bcp': True}
2025-09-19 12:05:18,101 : INFO : EventManager : Event: ======'slide_last_game_score_slide_active'====== Args={'_from_bcp': True}
2025-09-19 12:05:23,079 : INFO : EventManager : Event: ======'slide_press_start_slide_removed'====== Args={'_from_bcp': True}
2025-09-19 12:05:23,081 : INFO : EventManager : Event: ======'slide_press_start_slide_created'====== Args={'_from_bcp': True}
2025-09-19 12:05:23,082 : INFO : EventManager : Event: ======'slide_press_start_slide_active'====== Args={'_from_bcp': True}
2025-09-19 12:05:28,073 : INFO : EventManager : Event: ======'slide_last_game_score_slide_removed'====== Args={'_from_bcp': True}
2025-09-19 12:05:28,083 : INFO : EventManager : Event: ======'slide_last_game_score_slide_created'====== Args={'_from_bcp': True}
2025-09-19 12:05:28,085 : INFO : EventManager : Event: ======'slide_last_game_score_slide_active'====== Args={'_from_bcp': True}
2025-09-19 12:05:33,086 : INFO : EventManager : Event: ======'slide_press_start_slide_removed'====== Args={'_from_bcp': True}
2025-09-19 12:05:33,086 : INFO : EventManager : Event: ======'slide_press_start_slide_created'====== Args={'_from_bcp': True}
2025-09-19 12:05:33,087 : INFO : EventManager : Event: ======'slide_press_start_slide_active'====== Args={'_from_bcp': True}
2025-09-19 12:05:38,075 : INFO : EventManager : Event: ======'slide_last_game_score_slide_removed'====== Args={'_from_bcp': True}
2025-09-19 12:05:38,085 : INFO : EventManager : Event: ======'slide_last_game_score_slide_created'====== Args={'_from_bcp': True}
2025-09-19 12:05:38,088 : INFO : EventManager : Event: ======'slide_last_game_score_slide_active'====== Args={'_from_bcp': True}
2025-09-19 12:05:43,088 : INFO : EventManager : Event: ======'slide_press_start_slide_removed'====== Args={'_from_bcp': True}
2025-09-19 12:05:43,088 : INFO : EventManager : Event: ======'slide_press_start_slide_created'====== Args={'_from_bcp': True}
2025-09-19 12:05:43,089 : INFO : EventManager : Event: ======'slide_press_start_slide_active'====== Args={'_from_bcp': True}
2025-09-19 12:05:48,090 : INFO : EventManager : Event: ======'slide_last_game_score_slide_removed'====== Args={'_from_bcp': True}
2025-09-19 12:05:48,091 : INFO : EventManager : Event: ======'slide_last_game_score_slide_created'====== Args={'_from_bcp': True}
2025-09-19 12:05:48,094 : INFO : EventManager : Event: ======'slide_last_game_score_slide_active'====== Args={'_from_bcp': True}
2025-09-19 12:05:53,079 : INFO : EventManager : Event: ======'slide_press_start_slide_removed'====== Args={'_from_bcp': True}
2025-09-19 12:05:53,081 : INFO : EventManager : Event: ======'slide_press_start_slide_created'====== Args={'_from_bcp': True}
2025-09-19 12:05:53,083 : INFO : EventManager : Event: ======'slide_press_start_slide_active'====== Args={'_from_bcp': True}
2025-09-19 12:05:58,075 : INFO : EventManager : Event: ======'slide_last_game_score_slide_removed'====== Args={'_from_bcp': True}
2025-09-19 12:05:58,205 : INFO : EventManager : Event: ======'slide_last_game_score_slide_created'====== Args={'_from_bcp': True}
2025-09-19 12:05:58,209 : INFO : EventManager : Event: ======'slide_last_game_score_slide_active'====== Args={'_from_bcp': True}
2025-09-19 12:06:03,067 : INFO : EventManager : Event: ======'slide_press_start_slide_removed'====== Args={'_from_bcp': True}
2025-09-19 12:06:03,069 : INFO : EventManager : Event: ======'slide_press_start_slide_created'====== Args={'_from_bcp': True}
2025-09-19 12:06:03,070 : INFO : EventManager : Event: ======'slide_press_start_slide_active'====== Args={'_from_bcp': True}
2025-09-19 12:06:08,084 : INFO : EventManager : Event: ======'slide_last_game_score_slide_removed'====== Args={'_from_bcp': True}
2025-09-19 12:06:08,094 : INFO : EventManager : Event: ======'slide_last_game_score_slide_created'====== Args={'_from_bcp': True}
2025-09-19 12:06:08,096 : INFO : EventManager : Event: ======'slide_last_game_score_slide_active'====== Args={'_from_bcp': True}
2025-09-19 12:06:13,084 : INFO : EventManager : Event: ======'slide_press_start_slide_removed'====== Args={'_from_bcp': True}
2025-09-19 12:06:13,087 : INFO : EventManager : Event: ======'slide_press_start_slide_created'====== Args={'_from_bcp': True}
2025-09-19 12:06:13,088 : INFO : EventManager : Event: ======'slide_press_start_slide_active'====== Args={'_from_bcp': True}
2025-09-19 12:06:18,082 : INFO : EventManager : Event: ======'slide_last_game_score_slide_removed'====== Args={'_from_bcp': True}
2025-09-19 12:06:18,092 : INFO : EventManager : Event: ======'slide_last_game_score_slide_created'====== Args={'_from_bcp': True}
2025-09-19 12:06:18,095 : INFO : EventManager : Event: ======'slide_last_game_score_slide_active'====== Args={'_from_bcp': True}
2025-09-19 12:06:23,064 : INFO : EventManager : Event: ======'slide_press_start_slide_removed'====== Args={'_from_bcp': True}
2025-09-19 12:06:23,066 : INFO : EventManager : Event: ======'slide_press_start_slide_created'====== Args={'_from_bcp': True}
2025-09-19 12:06:23,066 : INFO : EventManager : Event: ======'slide_press_start_slide_active'====== Args={'_from_bcp': True}
2025-09-19 12:06:28,070 : INFO : EventManager : Event: ======'slide_last_game_score_slide_removed'====== Args={'_from_bcp': True}
2025-09-19 12:06:28,079 : INFO : EventManager : Event: ======'slide_last_game_score_slide_created'====== Args={'_from_bcp': True}
2025-09-19 12:06:28,082 : INFO : EventManager : Event: ======'slide_last_game_score_slide_active'====== Args={'_from_bcp': True}
2025-09-19 12:06:33,076 : INFO : EventManager : Event: ======'slide_press_start_slide_removed'====== Args={'_from_bcp': True}
2025-09-19 12:06:33,077 : INFO : EventManager : Event: ======'slide_press_start_slide_created'====== Args={'_from_bcp': True}
2025-09-19 12:06:33,078 : INFO : EventManager : Event: ======'slide_press_start_slide_active'====== Args={'_from_bcp': True}
2025-09-19 12:06:38,083 : INFO : EventManager : Event: ======'slide_last_game_score_slide_removed'====== Args={'_from_bcp': True}
2025-09-19 12:06:38,084 : INFO : EventManager : Event: ======'slide_last_game_score_slide_created'====== Args={'_from_bcp': True}
2025-09-19 12:06:38,086 : INFO : EventManager : Event: ======'slide_last_game_score_slide_active'====== Args={'_from_bcp': True}
2025-09-19 12:06:43,060 : INFO : EventManager : Event: ======'slide_press_start_slide_removed'====== Args={'_from_bcp': True}
2025-09-19 12:06:43,062 : INFO : EventManager : Event: ======'slide_press_start_slide_created'====== Args={'_from_bcp': True}
2025-09-19 12:06:43,063 : INFO : EventManager : Event: ======'slide_press_start_slide_active'====== Args={'_from_bcp': True}
2025-09-19 12:06:48,069 : INFO : EventManager : Event: ======'slide_last_game_score_slide_removed'====== Args={'_from_bcp': True}
2025-09-19 12:06:48,078 : INFO : EventManager : Event: ======'slide_last_game_score_slide_created'====== Args={'_from_bcp': True}
2025-09-19 12:06:48,081 : INFO : EventManager : Event: ======'slide_last_game_score_slide_active'====== Args={'_from_bcp': True}
2025-09-19 12:06:53,079 : INFO : EventManager : Event: ======'slide_press_start_slide_removed'====== Args={'_from_bcp': True}
2025-09-19 12:06:53,080 : INFO : EventManager : Event: ======'slide_press_start_slide_created'====== Args={'_from_bcp': True}
2025-09-19 12:06:53,081 : INFO : EventManager : Event: ======'slide_press_start_slide_active'====== Args={'_from_bcp': True}
2025-09-19 12:06:58,074 : INFO : EventManager : Event: ======'slide_last_game_score_slide_removed'====== Args={'_from_bcp': True}
2025-09-19 12:06:58,084 : INFO : EventManager : Event: ======'slide_last_game_score_slide_created'====== Args={'_from_bcp': True}
2025-09-19 12:06:58,088 : INFO : EventManager : Event: ======'slide_last_game_score_slide_active'====== Args={'_from_bcp': True}
2025-09-19 12:07:03,080 : INFO : EventManager : Event: ======'slide_press_start_slide_removed'====== Args={'_from_bcp': True}
2025-09-19 12:07:03,081 : INFO : EventManager : Event: ======'slide_press_start_slide_created'====== Args={'_from_bcp': True}
2025-09-19 12:07:03,082 : INFO : EventManager : Event: ======'slide_press_start_slide_active'====== Args={'_from_bcp': True}
2025-09-19 12:07:08,068 : INFO : EventManager : Event: ======'slide_last_game_score_slide_removed'====== Args={'_from_bcp': True}
2025-09-19 12:07:08,077 : INFO : EventManager : Event: ======'slide_last_game_score_slide_created'====== Args={'_from_bcp': True}
2025-09-19 12:07:08,081 : INFO : EventManager : Event: ======'slide_last_game_score_slide_active'====== Args={'_from_bcp': True}
2025-09-19 12:07:13,078 : INFO : EventManager : Event: ======'slide_press_start_slide_removed'====== Args={'_from_bcp': True}
2025-09-19 12:07:13,081 : INFO : EventManager : Event: ======'slide_press_start_slide_created'====== Args={'_from_bcp': True}
2025-09-19 12:07:13,081 : INFO : EventManager : Event: ======'slide_press_start_slide_active'====== Args={'_from_bcp': True}
2025-09-19 12:07:18,086 : INFO : EventManager : Event: ======'slide_last_game_score_slide_removed'====== Args={'_from_bcp': True}
2025-09-19 12:07:18,095 : INFO : EventManager : Event: ======'slide_last_game_score_slide_created'====== Args={'_from_bcp': True}
2025-09-19 12:07:18,100 : INFO : EventManager : Event: ======'slide_last_game_score_slide_active'====== Args={'_from_bcp': True}
2025-09-19 12:07:23,072 : INFO : EventManager : Event: ======'slide_press_start_slide_removed'====== Args={'_from_bcp': True}
2025-09-19 12:07:23,074 : INFO : EventManager : Event: ======'slide_press_start_slide_created'====== Args={'_from_bcp': True}
2025-09-19 12:07:23,075 : INFO : EventManager : Event: ======'slide_press_start_slide_active'====== Args={'_from_bcp': True}
2025-09-19 12:07:28,080 : INFO : EventManager : Event: ======'slide_last_game_score_slide_removed'====== Args={'_from_bcp': True}
2025-09-19 12:07:28,090 : INFO : EventManager : Event: ======'slide_last_game_score_slide_created'====== Args={'_from_bcp': True}
2025-09-19 12:07:28,092 : INFO : EventManager : Event: ======'slide_last_game_score_slide_active'====== Args={'_from_bcp': True}
2025-09-19 12:07:33,069 : INFO : EventManager : Event: ======'slide_press_start_slide_removed'====== Args={'_from_bcp': True}
2025-09-19 12:07:33,071 : INFO : EventManager : Event: ======'slide_press_start_slide_created'====== Args={'_from_bcp': True}
2025-09-19 12:07:33,072 : INFO : EventManager : Event: ======'slide_press_start_slide_active'====== Args={'_from_bcp': True}
2025-09-19 12:07:38,077 : INFO : EventManager : Event: ======'slide_last_game_score_slide_removed'====== Args={'_from_bcp': True}
2025-09-19 12:07:38,223 : INFO : EventManager : Event: ======'slide_last_game_score_slide_created'====== Args={'_from_bcp': True}
2025-09-19 12:07:38,227 : INFO : EventManager : Event: ======'slide_last_game_score_slide_active'====== Args={'_from_bcp': True}
2025-09-19 12:07:43,085 : INFO : EventManager : Event: ======'slide_press_start_slide_removed'====== Args={'_from_bcp': True}
2025-09-19 12:07:43,087 : INFO : EventManager : Event: ======'slide_press_start_slide_created'====== Args={'_from_bcp': True}
2025-09-19 12:07:43,088 : INFO : EventManager : Event: ======'slide_press_start_slide_active'====== Args={'_from_bcp': True}
2025-09-19 12:07:48,059 : INFO : EventManager : Event: ======'slide_last_game_score_slide_removed'====== Args={'_from_bcp': True}
2025-09-19 12:07:48,069 : INFO : EventManager : Event: ======'slide_last_game_score_slide_created'====== Args={'_from_bcp': True}
2025-09-19 12:07:48,072 : INFO : EventManager : Event: ======'slide_last_game_score_slide_active'====== Args={'_from_bcp': True}
2025-09-19 12:07:53,064 : INFO : EventManager : Event: ======'slide_press_start_slide_removed'====== Args={'_from_bcp': True}
2025-09-19 12:07:53,066 : INFO : EventManager : Event: ======'slide_press_start_slide_created'====== Args={'_from_bcp': True}
2025-09-19 12:07:53,067 : INFO : EventManager : Event: ======'slide_press_start_slide_active'====== Args={'_from_bcp': True}
2025-09-19 12:07:58,077 : INFO : EventManager : Event: ======'slide_last_game_score_slide_removed'====== Args={'_from_bcp': True}
2025-09-19 12:07:58,088 : INFO : EventManager : Event: ======'slide_last_game_score_slide_created'====== Args={'_from_bcp': True}
2025-09-19 12:07:58,091 : INFO : EventManager : Event: ======'slide_last_game_score_slide_active'====== Args={'_from_bcp': True}
2025-09-19 12:08:03,079 : INFO : EventManager : Event: ======'slide_press_start_slide_removed'====== Args={'_from_bcp': True}
2025-09-19 12:08:03,080 : INFO : EventManager : Event: ======'slide_press_start_slide_created'====== Args={'_from_bcp': True}
2025-09-19 12:08:03,081 : INFO : EventManager : Event: ======'slide_press_start_slide_active'====== Args={'_from_bcp': True}
2025-09-19 12:08:08,065 : INFO : EventManager : Event: ======'slide_last_game_score_slide_removed'====== Args={'_from_bcp': True}
2025-09-19 12:08:08,076 : INFO : EventManager : Event: ======'slide_last_game_score_slide_created'====== Args={'_from_bcp': True}
2025-09-19 12:08:08,079 : INFO : EventManager : Event: ======'slide_last_game_score_slide_active'====== Args={'_from_bcp': True}
2025-09-19 12:08:13,082 : INFO : EventManager : Event: ======'slide_press_start_slide_removed'====== Args={'_from_bcp': True}
2025-09-19 12:08:13,084 : INFO : EventManager : Event: ======'slide_press_start_slide_created'====== Args={'_from_bcp': True}
2025-09-19 12:08:13,084 : INFO : EventManager : Event: ======'slide_press_start_slide_active'====== Args={'_from_bcp': True}
2025-09-19 12:08:18,078 : INFO : EventManager : Event: ======'slide_last_game_score_slide_removed'====== Args={'_from_bcp': True}
2025-09-19 12:08:18,090 : INFO : EventManager : Event: ======'slide_last_game_score_slide_created'====== Args={'_from_bcp': True}
2025-09-19 12:08:18,093 : INFO : EventManager : Event: ======'slide_last_game_score_slide_active'====== Args={'_from_bcp': True}
2025-09-19 12:08:23,092 : INFO : EventManager : Event: ======'slide_press_start_slide_removed'====== Args={'_from_bcp': True}
2025-09-19 12:08:23,094 : INFO : EventManager : Event: ======'slide_press_start_slide_created'====== Args={'_from_bcp': True}
2025-09-19 12:08:23,096 : INFO : EventManager : Event: ======'slide_press_start_slide_active'====== Args={'_from_bcp': True}
2025-09-19 12:08:28,069 : INFO : EventManager : Event: ======'slide_last_game_score_slide_removed'====== Args={'_from_bcp': True}
2025-09-19 12:08:28,075 : INFO : EventManager : Event: ======'slide_last_game_score_slide_created'====== Args={'_from_bcp': True}
2025-09-19 12:08:28,078 : INFO : EventManager : Event: ======'slide_last_game_score_slide_active'====== Args={'_from_bcp': True}
2025-09-19 12:08:33,069 : INFO : EventManager : Event: ======'slide_press_start_slide_removed'====== Args={'_from_bcp': True}
2025-09-19 12:08:33,071 : INFO : EventManager : Event: ======'slide_press_start_slide_created'====== Args={'_from_bcp': True}
2025-09-19 12:08:33,072 : INFO : EventManager : Event: ======'slide_press_start_slide_active'====== Args={'_from_bcp': True}
2025-09-19 12:08:38,070 : INFO : EventManager : Event: ======'slide_last_game_score_slide_removed'====== Args={'_from_bcp': True}
2025-09-19 12:08:38,078 : INFO : EventManager : Event: ======'slide_last_game_score_slide_created'====== Args={'_from_bcp': True}
2025-09-19 12:08:38,081 : INFO : EventManager : Event: ======'slide_last_game_score_slide_active'====== Args={'_from_bcp': True}
2025-09-19 12:08:43,081 : INFO : EventManager : Event: ======'slide_press_start_slide_removed'====== Args={'_from_bcp': True}
2025-09-19 12:08:43,083 : INFO : EventManager : Event: ======'slide_press_start_slide_created'====== Args={'_from_bcp': True}
2025-09-19 12:08:43,084 : INFO : EventManager : Event: ======'slide_press_start_slide_active'====== Args={'_from_bcp': True}
2025-09-19 12:08:48,076 : INFO : EventManager : Event: ======'slide_last_game_score_slide_removed'====== Args={'_from_bcp': True}
2025-09-19 12:08:48,087 : INFO : EventManager : Event: ======'slide_last_game_score_slide_created'====== Args={'_from_bcp': True}
2025-09-19 12:08:48,090 : INFO : EventManager : Event: ======'slide_last_game_score_slide_active'====== Args={'_from_bcp': True}
2025-09-19 12:08:53,069 : INFO : EventManager : Event: ======'slide_press_start_slide_removed'====== Args={'_from_bcp': True}
2025-09-19 12:08:53,072 : INFO : EventManager : Event: ======'slide_press_start_slide_created'====== Args={'_from_bcp': True}
2025-09-19 12:08:53,073 : INFO : EventManager : Event: ======'slide_press_start_slide_active'====== Args={'_from_bcp': True}
2025-09-19 12:08:58,070 : INFO : EventManager : Event: ======'slide_last_game_score_slide_removed'====== Args={'_from_bcp': True}
2025-09-19 12:08:58,080 : INFO : EventManager : Event: ======'slide_last_game_score_slide_created'====== Args={'_from_bcp': True}
2025-09-19 12:08:58,084 : INFO : EventManager : Event: ======'slide_last_game_score_slide_active'====== Args={'_from_bcp': True}
2025-09-19 12:09:03,082 : INFO : EventManager : Event: ======'slide_press_start_slide_removed'====== Args={'_from_bcp': True}
2025-09-19 12:09:03,083 : INFO : EventManager : Event: ======'slide_press_start_slide_created'====== Args={'_from_bcp': True}
2025-09-19 12:09:03,083 : INFO : EventManager : Event: ======'slide_press_start_slide_active'====== Args={'_from_bcp': True}
2025-09-19 12:09:08,085 : INFO : EventManager : Event: ======'slide_last_game_score_slide_removed'====== Args={'_from_bcp': True}
2025-09-19 12:09:08,094 : INFO : EventManager : Event: ======'slide_last_game_score_slide_created'====== Args={'_from_bcp': True}
2025-09-19 12:09:08,097 : INFO : EventManager : Event: ======'slide_last_game_score_slide_active'====== Args={'_from_bcp': True}
2025-09-19 12:09:13,076 : INFO : EventManager : Event: ======'slide_press_start_slide_removed'====== Args={'_from_bcp': True}
2025-09-19 12:09:13,078 : INFO : EventManager : Event: ======'slide_press_start_slide_created'====== Args={'_from_bcp': True}
2025-09-19 12:09:13,080 : INFO : EventManager : Event: ======'slide_press_start_slide_active'====== Args={'_from_bcp': True}
2025-09-19 12:09:18,078 : INFO : EventManager : Event: ======'slide_last_game_score_slide_removed'====== Args={'_from_bcp': True}
2025-09-19 12:09:18,212 : INFO : EventManager : Event: ======'slide_last_game_score_slide_created'====== Args={'_from_bcp': True}
2025-09-19 12:09:18,217 : INFO : EventManager : Event: ======'slide_last_game_score_slide_active'====== Args={'_from_bcp': True}
2025-09-19 12:09:23,069 : INFO : EventManager : Event: ======'slide_press_start_slide_removed'====== Args={'_from_bcp': True}
2025-09-19 12:09:23,074 : INFO : EventManager : Event: ======'slide_press_start_slide_created'====== Args={'_from_bcp': True}
2025-09-19 12:09:23,075 : INFO : EventManager : Event: ======'slide_press_start_slide_active'====== Args={'_from_bcp': True}
2025-09-19 12:09:25,634 : INFO : SwitchController : <<<<<<< 's_start' active >>>>>>>
2025-09-19 12:09:25,719 : INFO : SwitchController : <<<<<<< 's_start' inactive >>>>>>>
2025-09-19 12:09:25,719 : INFO : EventManager : Event: ======'request_to_start_game'====== Args={}
2025-09-19 12:09:25,720 : INFO : EventManager : Event: ======'game_start'====== Args={'buttons': [], 'hold_time': 0.07799999999406282}
2025-09-19 12:09:25,720 : INFO : EventManager : Event: ======'mode_game_will_start'====== Args={'buttons': [], 'hold_time': 0.07799999999406282}
2025-09-19 12:09:25,720 : INFO : EventManager : Event: ======'mode_game_starting'====== Args={'buttons': [], 'hold_time': 0.07799999999406282}
2025-09-19 12:09:25,720 : INFO : EventManager : Event: ======'mode_attract_will_stop'====== Args={}
2025-09-19 12:09:25,720 : INFO : EventManager : Event: ======'mode_attract_stopping'====== Args={}
2025-09-19 12:09:25,720 : INFO : Mode.attract : Stopped.
2025-09-19 12:09:25,720 : INFO : EventManager : Event: ======'modes_active_modes_changed'====== Args={}
2025-09-19 12:09:25,720 : INFO : EventManager : Event: ======'mode_attract_stopped'====== Args={}
2025-09-19 12:09:25,720 : INFO : EventManager : Event: ======'clear'====== Args={'key': 'attract'}
2025-09-19 12:09:25,721 : INFO : Mode.game : Started. Priority: 20
2025-09-19 12:09:25,721 : INFO : EventManager : Event: ======'modes_active_modes_changed'====== Args={}
2025-09-19 12:09:25,721 : INFO : EventManager : Event: ======'mode_game_started'====== Args={'buttons': [], 'hold_time': 0.07799999999406282}
2025-09-19 12:09:25,725 : INFO : EventManager : Event: ======'game_will_start'====== Args={}
2025-09-19 12:09:25,726 : INFO : EventManager : Event: ======'game_starting'====== Args={'game': <Mode.game>}
2025-09-19 12:09:25,726 : INFO : EventManager : Unordered handler for class <Auditor> on event game_ended with priority 1. Handlers: [RegisteredHandler(callback=<bound method Auditor.disable of <Auditor>>, priority=1, kwargs={}, key=UUID('2615177b-f4b9-4b6a-a37e-0dc04afafff7'), condition=None, blocking_facility=None), RegisteredHandler(callback=<bound method Auditor._save_audits of <Auditor>>, priority=1, kwargs={}, key=UUID('eb697c51-d37e-4753-b35c-abb486ccd548'), condition=None, blocking_facility=None)]. The order of those handlers is not defined and they will be executed in random order. This might lead to race conditions and potential bugs.
2025-09-19 12:09:25,726 : INFO : EventManager : Event: ======'player_add_request'====== Args={}
2025-09-19 12:09:25,726 : INFO : EventManager : Event: ======'player_will_add'====== Args={'number': 1}
2025-09-19 12:09:25,726 : INFO : EventManager : Event: ======'player_adding'====== Args={'player': <Player 1>, 'number': 1}
2025-09-19 12:09:25,726 : INFO : EventManager : Event: ======'player_added'====== Args={'player': <Player 1>, 'num': 1}
2025-09-19 12:09:25,727 : INFO : Mode.game : Player added successfully. Total players: 1
2025-09-19 12:09:25,727 : INFO : EventManager : Event: ======'player_index'====== Args={'value': 0, 'prev_value': 0, 'change': 0, 'player_num': 1}
2025-09-19 12:09:25,727 : INFO : EventManager : Event: ======'player_number'====== Args={'value': 1, 'prev_value': 1, 'change': 0, 'player_num': 1}
2025-09-19 12:09:25,727 : INFO : EventManager : Event: ======'player_score'====== Args={'value': 0, 'prev_value': 0, 'change': 0, 'player_num': 1}
2025-09-19 12:09:25,728 : INFO : EventManager : Event: ======'game_started'====== Args={}
2025-09-19 12:09:25,736 : INFO : EventManager : Event: ======'player_turn_will_start'====== Args={'player': <Player 1>, 'number': 1}
2025-09-19 12:09:25,737 : INFO : EventManager : Event: ======'slide_last_game_score_slide_removed'====== Args={'_from_bcp': True}
2025-09-19 12:09:25,737 : INFO : EventManager : Event: ======'slide_press_start_slide_removed'====== Args={'_from_bcp': True}
2025-09-19 12:09:25,737 : INFO : EventManager : Event: ======'slide_welcome_slide_active'====== Args={'_from_bcp': True}
2025-09-19 12:09:25,737 : INFO : EventManager : Event: ======'player_turn_starting'====== Args={'player': <Player 1>, 'number': 1}
2025-09-19 12:09:25,737 : INFO : EventManager : Event: ======'player_ball'====== Args={'value': 1, 'prev_value': 0, 'change': 1, 'player_num': 1}
2025-09-19 12:09:25,738 : INFO : EventManager : Event: ======'player_turn_started'====== Args={'player': <Player 1>, 'number': 1}
2025-09-19 12:09:25,744 : INFO : EventManager : Event: ======'ball_will_start'====== Args={'player': 1, 'ball': 1, 'balls_remaining': 2, 'is_extra_ball': False}
2025-09-19 12:09:25,747 : INFO : EventManager : Event: ======'ball_starting'====== Args={'player': 1, 'ball': 1, 'balls_remaining': 2, 'is_extra_ball': False}
2025-09-19 12:09:25,747 : INFO : EventManager : Event: ======'mode_base_will_start'====== Args={'queue': <QueuedEvent>, 'player': 1, 'ball': 1, 'balls_remaining': 2, 'is_extra_ball': False}
2025-09-19 12:09:25,750 : INFO : EventManager : Event: ======'mode_base_starting'====== Args={'queue': <QueuedEvent>, 'player': 1, 'ball': 1, 'balls_remaining': 2, 'is_extra_ball': False}
2025-09-19 12:09:25,750 : INFO : drop_target_bank.three_bank : All targets are already up. Will not reset bank.
2025-09-19 12:09:25,750 : INFO : Mode.base : Started. Priority: 100
2025-09-19 12:09:25,750 : INFO : EventManager : Event: ======'modes_active_modes_changed'====== Args={}
2025-09-19 12:09:25,750 : INFO : EventManager : Event: ======'mode_base_started'====== Args={'queue': <QueuedEvent>, 'player': 1, 'ball': 1, 'balls_remaining': 2, 'is_extra_ball': False}
2025-09-19 12:09:25,751 : INFO : EventManager : Event: ======'ball_save_default_enabled'====== Args={}
2025-09-19 12:09:25,751 : INFO : EventManager : Event: ======'balls_in_play'====== Args={'balls': 1}
2025-09-19 12:09:25,751 : INFO : EventManager : Event: ======'ball_started'====== Args={'player': 1, 'ball': 1, 'balls_remaining': 2, 'is_extra_ball': False}
2025-09-19 12:09:25,768 : INFO : EventManager : Event: ======'single_player_ball_started'====== Args={}
2025-09-19 12:09:25,769 : INFO : EventManager : Event: ======'slide_base.slide_player-mode_base_started_created'====== Args={'_from_bcp': True}
2025-09-19 12:09:25,769 : INFO : EventManager : Event: ======'slide_base.slide_player-mode_base_started_active'====== Args={'_from_bcp': True}
2025-09-19 12:09:25,769 : INFO : EventManager : Event: ======'ball_start_target'====== Args={'target': 'playfield'}
2025-09-19 12:09:25,769 : INFO : ball_device.bd_plunger : Setting up player-controlled eject. Balls: 1, Target: <playfield.playfield>, player_controlled_eject_event: None
2025-09-19 12:09:25,770 : INFO : EventManager : Event: ======'balldevice_balls_available'====== Args={}
2025-09-19 12:09:25,770 : INFO : ball_device.bd_trough : State: waiting_for_target_ready
2025-09-19 12:09:25,770 : INFO : EventManager : Event: ======'balldevice_bd_trough_ball_eject_attempt'====== Args={'balls': 1, 'target': <ball_device.bd_plunger>, 'source': <ball_device.bd_trough>, 'mechanical_eject': True, 'num_attempts': 0}
2025-09-19 12:09:25,770 : INFO : ball_device.bd_plunger : State: waiting_for_ball
2025-09-19 12:09:25,770 : INFO : ball_device.bd_trough : State: ejecting
2025-09-19 12:09:25,770 : INFO : ball_device.bd_trough : Ejecting ball to <ball_device.bd_plunger>
2025-09-19 12:09:25,771 : INFO : EventManager : Event: ======'balldevice_bd_trough_ejecting_ball'====== Args={'balls': 1, 'target': <ball_device.bd_plunger>, 'source': <ball_device.bd_trough>, 'mechanical_eject': True, 'num_attempts': 0}
2025-09-19 12:09:25,771 : INFO : ball_device.bd_trough : Wait for ball to leave device
2025-09-19 12:09:25,772 : INFO : coil.c_trough_eject : Pulsing Driver for 20ms (1.0 pulse_power)
2025-09-19 12:09:25,772 : INFO : SwitchController : <<<<<<< 's_trough1' inactive >>>>>>>
2025-09-19 12:09:25,778 : INFO : ball_device.bd_trough : State: ball_left
2025-09-19 12:09:25,778 : INFO : ball_device.bd_trough : Ball left
2025-09-19 12:09:25,778 : INFO : ball_device.bd_trough : Wait for confirm with timeout 3.0
2025-09-19 12:09:25,883 : INFO : SwitchController : <<<<<<< 's_plunger' active >>>>>>>
2025-09-19 12:09:25,883 : INFO : EventManager : Event: ======'machine_var_audits_switches_s_plunger'====== Args={'value': 454, 'prev_value': 453, 'change': 1}
2025-09-19 12:09:26,407 : INFO : ball_device.bd_plunger : Received ball from <ball_device.bd_trough>
2025-09-19 12:09:26,407 : INFO : EventManager : Event: ======'balldevice_bd_plunger_ball_enter'====== Args={'new_balls': 1, 'unclaimed_balls': 0, 'new_available_balls': 0, 'device': <ball_device.bd_plunger>}
2025-09-19 12:09:26,408 : INFO : EventManager : Event: ======'balldevice_bd_plunger_ball_entered'====== Args={'new_balls': 0, 'device': <ball_device.bd_plunger>}
2025-09-19 12:09:26,408 : INFO : EventManager : Event: ======'balldevice_bd_plunger_ball_count_changed'====== Args={'balls': 1}
2025-09-19 12:09:26,408 : INFO : ball_device.bd_trough : Got eject confirm
2025-09-19 12:09:26,408 : INFO : ball_device.bd_trough : Eject successful
2025-09-19 12:09:26,408 : INFO : EventManager : Event: ======'balldevice_bd_trough_ball_eject_success'====== Args={'balls': 1, 'target': <ball_device.bd_plunger>}
2025-09-19 12:09:26,408 : INFO : ball_device.bd_plunger : State: waiting_for_target_ready
2025-09-19 12:09:26,408 : INFO : EventManager : Event: ======'balldevice_bd_plunger_ball_eject_attempt'====== Args={'balls': 1, 'target': <playfield.playfield>, 'source': <ball_device.bd_plunger>, 'mechanical_eject': True, 'num_attempts': 0}
2025-09-19 12:09:26,409 : INFO : EventManager : Event: ======'balldevice_bd_trough_ball_count_changed'====== Args={'balls': 5}
2025-09-19 12:09:26,409 : INFO : ball_device.bd_trough : State: idle
2025-09-19 12:09:26,409 : INFO : ball_device.bd_plunger : State: ejecting
2025-09-19 12:09:26,409 : INFO : ball_device.bd_plunger : Ejecting ball to <playfield.playfield>
2025-09-19 12:09:26,409 : INFO : EventManager : Event: ======'balldevice_bd_plunger_ejecting_ball'====== Args={'balls': 1, 'target': <playfield.playfield>, 'source': <ball_device.bd_plunger>, 'mechanical_eject': True, 'num_attempts': 0}
2025-09-19 12:09:26,409 : INFO : ball_device.bd_plunger : Wait for ball to leave device
2025-09-19 12:09:27,774 : INFO : SwitchController : <<<<<<< 's_plunger' inactive >>>>>>>
2025-09-19 12:09:27,774 : INFO : EventManager : Event: ======'ball_out'====== Args={}
2025-09-19 12:09:27,774 : INFO : EventManager : Event: ======'ball_save_default_timer_start'====== Args={}
2025-09-19 12:09:27,777 : INFO : ball_device.bd_plunger : State: ball_left
2025-09-19 12:09:27,777 : INFO : ball_device.bd_plunger : Ball left
2025-09-19 12:09:27,777 : INFO : ball_device.bd_plunger : Wait for confirm with timeout 3.0
2025-09-19 12:09:29,453 : INFO : SwitchController : <<<<<<< 's_right_lower_pop' active >>>>>>>
2025-09-19 12:09:29,453 : INFO : EventManager : Event: ======'s_right_lower_pop_active'====== Args={}
2025-09-19 12:09:29,453 : INFO : EventManager : Event: ======'playfield_active'====== Args={'source': 'right_lower_pop'}
2025-09-19 12:09:29,454 : INFO : EventManager : Event: ======'machine_var_audits_switches_s_right_lower_pop'====== Args={'value': 281, 'prev_value': 280, 'change': 1}
2025-09-19 12:09:29,454 : INFO : EventManager : Event: ======'player_score'====== Args={'value': 1110, 'prev_value': 0, 'change': 1110, 'player_num': 1, 'source': 'base'}
2025-09-19 12:09:29,460 : INFO : ball_device.bd_plunger : Got eject confirm
2025-09-19 12:09:29,460 : INFO : ball_device.bd_plunger : Eject successful
2025-09-19 12:09:29,460 : INFO : EventManager : Event: ======'balldevice_bd_plunger_ball_eject_success'====== Args={'balls': 1, 'target': <playfield.playfield>}
2025-09-19 12:09:29,460 : INFO : EventManager : Event: ======'balldevice_playfield_ball_enter'====== Args={'new_balls': 1, 'unclaimed_balls': 1, 'device': <playfield.playfield>}
2025-09-19 12:09:29,460 : INFO : EventManager : Event: ======'playfield_ball_count_change'====== Args={'balls': 1, 'change': 1}
2025-09-19 12:09:29,460 : INFO : EventManager : Event: ======'balldevice_bd_plunger_ball_count_changed'====== Args={'balls': 0}
2025-09-19 12:09:29,460 : INFO : ball_device.bd_plunger : State: idle
2025-09-19 12:09:29,539 : INFO : SwitchController : <<<<<<< 's_right_lower_pop' inactive >>>>>>>
2025-09-19 12:09:34,778 : INFO : EventManager : Event: ======'ball_save_default_hurry_up'====== Args={}
2025-09-19 12:09:36,296 : INFO : SwitchController : <<<<<<< 's_three_bank_bottom' active >>>>>>>
2025-09-19 12:09:36,296 : INFO : EventManager : Event: ======'s_three_bank_bottom_active'====== Args={}
2025-09-19 12:09:36,296 : INFO : EventManager : Event: ======'drop_target_bottom_down'====== Args={'device': <drop_target.bottom>}
2025-09-19 12:09:36,296 : INFO : EventManager : Event: ======'drop_target_bank_three_bank_mixed'====== Args={'prev_value': <DropTargetBankState.UP: 'up'>, 'down': 1}
2025-09-19 12:09:36,296 : INFO : EventManager : Event: ======'machine_var_audits_switches_s_three_bank_bottom'====== Args={'value': 62, 'prev_value': 61, 'change': 1}
2025-09-19 12:09:36,297 : INFO : EventManager : Event: ======'player_score'====== Args={'value': 3330, 'prev_value': 1110, 'change': 2220, 'player_num': 1, 'source': 'base'}
2025-09-19 12:09:36,772 : INFO : EventManager : Event: ======'ball_save_default_grace_period'====== Args={}
2025-09-19 12:09:37,686 : INFO : SwitchController : <<<<<<< 's_three_bank_middle' active >>>>>>>
2025-09-19 12:09:37,686 : INFO : EventManager : Event: ======'s_three_bank_middle_active'====== Args={}
2025-09-19 12:09:37,686 : INFO : EventManager : Event: ======'drop_target_middle_down'====== Args={'device': <drop_target.middle>}
2025-09-19 12:09:37,686 : INFO : EventManager : Event: ======'drop_target_bank_three_bank_mixed'====== Args={'prev_value': <DropTargetBankState.MIXED: 'mixed'>, 'down': 2}
2025-09-19 12:09:37,686 : INFO : EventManager : Event: ======'machine_var_audits_switches_s_three_bank_middle'====== Args={'value': 62, 'prev_value': 61, 'change': 1}
2025-09-19 12:09:37,687 : INFO : EventManager : Event: ======'player_score'====== Args={'value': 5550, 'prev_value': 3330, 'change': 2220, 'player_num': 1, 'source': 'base'}
2025-09-19 12:09:38,789 : INFO : EventManager : Event: ======'ball_save_default_disabled'====== Args={}
2025-09-19 12:09:39,098 : INFO : SwitchController : <<<<<<< 's_three_bank_top' active >>>>>>>
2025-09-19 12:09:39,098 : INFO : EventManager : Event: ======'s_three_bank_top_active'====== Args={}
2025-09-19 12:09:39,098 : INFO : EventManager : Event: ======'drop_target_top_down'====== Args={'device': <drop_target.top>}
2025-09-19 12:09:39,098 : INFO : EventManager : Event: ======'drop_target_bank_three_bank_down'====== Args={}
2025-09-19 12:09:39,098 : INFO : EventManager : Event: ======'machine_var_audits_switches_s_three_bank_top'====== Args={'value': 57, 'prev_value': 56, 'change': 1}
2025-09-19 12:09:39,099 : INFO : EventManager : Event: ======'player_score'====== Args={'value': 7770, 'prev_value': 5550, 'change': 2220, 'player_num': 1, 'source': 'base'}
2025-09-19 12:09:43,421 : INFO : SwitchController : <<<<<<< 's_three_bank_standup' active >>>>>>>
2025-09-19 12:09:43,421 : INFO : EventManager : Event: ======'s_three_bank_standup_active'====== Args={}
2025-09-19 12:09:43,422 : INFO : EventManager : Event: ======'machine_var_audits_switches_s_three_bank_standup'====== Args={'value': 65, 'prev_value': 64, 'change': 1}
2025-09-19 12:09:43,422 : INFO : EventManager : Event: ======'player_score'====== Args={'value': 27780, 'prev_value': 7770, 'change': 20010, 'player_num': 1, 'source': 'base'}
2025-09-19 12:09:43,507 : INFO : SwitchController : <<<<<<< 's_three_bank_standup' inactive >>>>>>>
2025-09-19 12:09:44,953 : INFO : SwitchController : <<<<<<< 's_three_bank_standup' active >>>>>>>
2025-09-19 12:09:44,953 : INFO : EventManager : Event: ======'s_three_bank_standup_active'====== Args={}
2025-09-19 12:09:44,953 : INFO : EventManager : Event: ======'machine_var_audits_switches_s_three_bank_standup'====== Args={'value': 66, 'prev_value': 65, 'change': 1}
2025-09-19 12:09:44,954 : INFO : EventManager : Event: ======'player_score'====== Args={'value': 47790, 'prev_value': 27780, 'change': 20010, 'player_num': 1, 'source': 'base'}
2025-09-19 12:09:45,076 : INFO : SwitchController : <<<<<<< 's_three_bank_standup' inactive >>>>>>>
2025-09-19 12:09:45,490 : INFO : SwitchController : <<<<<<< 's_three_bank_standup' active >>>>>>>
2025-09-19 12:09:45,490 : INFO : EventManager : Event: ======'s_three_bank_standup_active'====== Args={}
2025-09-19 12:09:45,490 : INFO : EventManager : Event: ======'machine_var_audits_switches_s_three_bank_standup'====== Args={'value': 67, 'prev_value': 66, 'change': 1}
2025-09-19 12:09:45,491 : INFO : EventManager : Event: ======'player_score'====== Args={'value': 67800, 'prev_value': 47790, 'change': 20010, 'player_num': 1, 'source': 'base'}
2025-09-19 12:09:45,589 : INFO : SwitchController : <<<<<<< 's_three_bank_standup' inactive >>>>>>>
2025-09-19 12:09:45,941 : INFO : SwitchController : <<<<<<< 's_three_bank_standup' active >>>>>>>
2025-09-19 12:09:45,941 : INFO : EventManager : Event: ======'s_three_bank_standup_active'====== Args={}
2025-09-19 12:09:45,941 : INFO : EventManager : Event: ======'machine_var_audits_switches_s_three_bank_standup'====== Args={'value': 68, 'prev_value': 67, 'change': 1}
2025-09-19 12:09:45,942 : INFO : EventManager : Event: ======'player_score'====== Args={'value': 87810, 'prev_value': 67800, 'change': 20010, 'player_num': 1, 'source': 'base'}
2025-09-19 12:09:46,041 : INFO : SwitchController : <<<<<<< 's_three_bank_standup' inactive >>>>>>>
2025-09-19 12:09:48,594 : INFO : SwitchController : <<<<<<< 's_three_bank_bottom' inactive >>>>>>>
2025-09-19 12:09:48,594 : INFO : EventManager : Event: ======'drop_target_bottom_up'====== Args={'device': <drop_target.bottom>}
2025-09-19 12:09:48,594 : INFO : EventManager : Event: ======'drop_target_bank_three_bank_mixed'====== Args={'prev_value': <DropTargetBankState.DOWN: 'down'>, 'down': 2}
2025-09-19 12:09:48,937 : INFO : SwitchController : <<<<<<< 's_three_bank_middle' inactive >>>>>>>
2025-09-19 12:09:48,937 : INFO : EventManager : Event: ======'drop_target_middle_up'====== Args={'device': <drop_target.middle>}
2025-09-19 12:09:48,937 : INFO : EventManager : Event: ======'drop_target_bank_three_bank_mixed'====== Args={'prev_value': <DropTargetBankState.MIXED: 'mixed'>, 'down': 1}
2025-09-19 12:09:49,151 : INFO : SwitchController : <<<<<<< 's_three_bank_top' inactive >>>>>>>
2025-09-19 12:09:49,151 : INFO : EventManager : Event: ======'drop_target_top_up'====== Args={'device': <drop_target.top>}
2025-09-19 12:09:49,151 : INFO : EventManager : Event: ======'drop_target_bank_three_bank_up'====== Args={}
2025-09-19 12:09:50,800 : INFO : SwitchController : <<<<<<< 's_three_bank_bottom' active >>>>>>>
2025-09-19 12:09:50,800 : INFO : EventManager : Event: ======'s_three_bank_bottom_active'====== Args={}
2025-09-19 12:09:50,800 : INFO : EventManager : Event: ======'drop_target_bottom_down'====== Args={'device': <drop_target.bottom>}
2025-09-19 12:09:50,800 : INFO : EventManager : Event: ======'drop_target_bank_three_bank_mixed'====== Args={'prev_value': <DropTargetBankState.UP: 'up'>, 'down': 1}
2025-09-19 12:09:50,800 : INFO : EventManager : Event: ======'machine_var_audits_switches_s_three_bank_bottom'====== Args={'value': 63, 'prev_value': 62, 'change': 1}
2025-09-19 12:09:50,801 : INFO : EventManager : Event: ======'player_score'====== Args={'value': 90030, 'prev_value': 87810, 'change': 2220, 'player_num': 1, 'source': 'base'}
2025-09-19 12:09:51,478 : INFO : SwitchController : <<<<<<< 's_three_bank_middle' active >>>>>>>
2025-09-19 12:09:51,478 : INFO : EventManager : Event: ======'s_three_bank_middle_active'====== Args={}
2025-09-19 12:09:51,478 : INFO : EventManager : Event: ======'drop_target_middle_down'====== Args={'device': <drop_target.middle>}
2025-09-19 12:09:51,478 : INFO : EventManager : Event: ======'drop_target_bank_three_bank_mixed'====== Args={'prev_value': <DropTargetBankState.MIXED: 'mixed'>, 'down': 2}
2025-09-19 12:09:51,479 : INFO : EventManager : Event: ======'machine_var_audits_switches_s_three_bank_middle'====== Args={'value': 63, 'prev_value': 62, 'change': 1}
2025-09-19 12:09:51,479 : INFO : EventManager : Event: ======'player_score'====== Args={'value': 92250, 'prev_value': 90030, 'change': 2220, 'player_num': 1, 'source': 'base'}
2025-09-19 12:09:52,091 : INFO : SwitchController : <<<<<<< 's_three_bank_top' active >>>>>>>
2025-09-19 12:09:52,091 : INFO : EventManager : Event: ======'s_three_bank_top_active'====== Args={}
2025-09-19 12:09:52,091 : INFO : EventManager : Event: ======'drop_target_top_down'====== Args={'device': <drop_target.top>}
2025-09-19 12:09:52,091 : INFO : EventManager : Event: ======'drop_target_bank_three_bank_down'====== Args={}
2025-09-19 12:09:52,091 : INFO : EventManager : Event: ======'machine_var_audits_switches_s_three_bank_top'====== Args={'value': 58, 'prev_value': 57, 'change': 1}
2025-09-19 12:09:52,091 : INFO : EventManager : Event: ======'player_score'====== Args={'value': 94470, 'prev_value': 92250, 'change': 2220, 'player_num': 1, 'source': 'base'}
2025-09-19 12:09:55,716 : INFO : SwitchController : <<<<<<< 's_trough1' active >>>>>>>
2025-09-19 12:09:55,716 : INFO : EventManager : Event: ======'machine_var_audits_switches_s_trough1'====== Args={'value': 215, 'prev_value': 214, 'change': 1}
2025-09-19 12:09:56,217 : INFO : EventManager : Event: ======'balldevice_bd_trough_ball_count_changed'====== Args={'balls': 6}
2025-09-19 12:09:56,217 : INFO : ball_device.bd_trough : Received unexpected ball
2025-09-19 12:09:56,217 : INFO : EventManager : Event: ======'balldevice_captured_from_playfield'====== Args={'balls': 1}
2025-09-19 12:09:56,218 : INFO : EventManager : Event: ======'sw_playfield_active'====== Args={'balls': 1}
2025-09-19 12:09:56,218 : INFO : EventManager : Event: ======'playfield_ball_count_change'====== Args={'balls': 0, 'change': -1}
2025-09-19 12:09:56,218 : INFO : EventManager : Event: ======'balldevice_bd_trough_ball_enter'====== Args={'new_balls': 1, 'unclaimed_balls': 1, 'new_available_balls': 1, 'device': <ball_device.bd_trough>}
2025-09-19 12:09:56,218 : INFO : EventManager : Event: ======'ball_drain'====== Args={'device': <ball_device.bd_trough>, 'balls': 1}
2025-09-19 12:09:56,218 : INFO : EventManager : Event: ======'ball_will_end'====== Args={}
2025-09-19 12:09:56,219 : INFO : EventManager : Event: ======'balldevice_balls_available'====== Args={}
2025-09-19 12:09:56,219 : INFO : EventManager : Event: ======'balldevice_bd_trough_ball_entered'====== Args={'new_balls': 1, 'device': <ball_device.bd_trough>}
2025-09-19 12:09:56,219 : INFO : EventManager : Event: ======'ball_ending'====== Args={}
2025-09-19 12:09:56,219 : INFO : EventManager : Event: ======'mode_base_will_stop'====== Args={}
2025-09-19 12:09:56,219 : INFO : EventManager : Event: ======'mode_base_stopping'====== Args={}
2025-09-19 12:09:56,219 : INFO : Mode.base : Stopped.
2025-09-19 12:09:56,220 : INFO : EventManager : Event: ======'modes_active_modes_changed'====== Args={}
2025-09-19 12:09:56,220 : INFO : EventManager : Event: ======'mode_base_stopped'====== Args={}
2025-09-19 12:09:56,220 : INFO : EventManager : Event: ======'clear'====== Args={'key': 'base'}
2025-09-19 12:09:56,237 : INFO : EventManager : Event: ======'ball_ended'====== Args={}
2025-09-19 12:09:56,238 : INFO : EventManager : Event: ======'slide_base.slide_player-mode_base_started_removed'====== Args={'_from_bcp': True}
2025-09-19 12:09:56,239 : INFO : EventManager : Event: ======'slide_welcome_slide_active'====== Args={'_from_bcp': True}
2025-09-19 12:09:56,239 : INFO : EventManager : Event: ======'player_turn_will_end'====== Args={'player': <Player 1>, 'number': 1}
2025-09-19 12:09:56,242 : INFO : EventManager : Event: ======'player_turn_ending'====== Args={'player': <Player 1>, 'number': 1}
2025-09-19 12:09:56,242 : INFO : EventManager : Event: ======'player_turn_ended'====== Args={'player': <Player 1>, 'number': 1}
2025-09-19 12:09:56,242 : INFO : EventManager : Event: ======'player_turn_will_start'====== Args={'player': <Player 1>, 'number': 1}
2025-09-19 12:09:56,243 : INFO : EventManager : Event: ======'player_turn_starting'====== Args={'player': <Player 1>, 'number': 1}
2025-09-19 12:09:56,243 : INFO : EventManager : Event: ======'player_ball'====== Args={'value': 2, 'prev_value': 1, 'change': 1, 'player_num': 1}
2025-09-19 12:09:56,243 : INFO : EventManager : Event: ======'player_turn_started'====== Args={'player': <Player 1>, 'number': 1}
2025-09-19 12:09:56,244 : INFO : EventManager : Event: ======'ball_will_start'====== Args={'player': 1, 'ball': 2, 'balls_remaining': 1, 'is_extra_ball': False}
2025-09-19 12:09:56,248 : INFO : EventManager : Event: ======'ball_starting'====== Args={'player': 1, 'ball': 2, 'balls_remaining': 1, 'is_extra_ball': False}
2025-09-19 12:09:56,248 : INFO : EventManager : Event: ======'mode_base_will_start'====== Args={'queue': <QueuedEvent>, 'player': 1, 'ball': 2, 'balls_remaining': 1, 'is_extra_ball': False}
2025-09-19 12:09:56,251 : INFO : EventManager : Event: ======'mode_base_starting'====== Args={'queue': <QueuedEvent>, 'player': 1, 'ball': 2, 'balls_remaining': 1, 'is_extra_ball': False}
2025-09-19 12:09:56,251 : INFO : drop_target_bank.three_bank : 3 targets are down. Will reset those.
2025-09-19 12:09:56,251 : INFO : coil.c_three_bank : Pulsing Driver for 23ms (1.0 pulse_power)
2025-09-19 12:09:56,251 : INFO : Mode.base : Started. Priority: 100
2025-09-19 12:09:56,252 : INFO : EventManager : Event: ======'modes_active_modes_changed'====== Args={}
2025-09-19 12:09:56,252 : INFO : EventManager : Event: ======'mode_base_started'====== Args={'queue': <QueuedEvent>, 'player': 1, 'ball': 2, 'balls_remaining': 1, 'is_extra_ball': False}
2025-09-19 12:09:56,253 : INFO : EventManager : Event: ======'ball_save_default_enabled'====== Args={}
2025-09-19 12:09:56,253 : INFO : EventManager : Event: ======'balls_in_play'====== Args={'balls': 1}
2025-09-19 12:09:56,253 : INFO : EventManager : Event: ======'ball_started'====== Args={'player': 1, 'ball': 2, 'balls_remaining': 1, 'is_extra_ball': False}
2025-09-19 12:09:56,270 : INFO : EventManager : Event: ======'single_player_ball_started'====== Args={}
2025-09-19 12:09:56,270 : INFO : EventManager : Event: ======'slide_base.slide_player-mode_base_started_created'====== Args={'_from_bcp': True}
2025-09-19 12:09:56,271 : INFO : EventManager : Event: ======'slide_base.slide_player-mode_base_started_active'====== Args={'_from_bcp': True}
2025-09-19 12:09:56,271 : INFO : EventManager : Event: ======'ball_start_target'====== Args={'target': 'playfield'}
2025-09-19 12:09:56,271 : INFO : ball_device.bd_plunger : Setting up player-controlled eject. Balls: 1, Target: <playfield.playfield>, player_controlled_eject_event: None
2025-09-19 12:09:56,271 : INFO : EventManager : Event: ======'balldevice_balls_available'====== Args={}
2025-09-19 12:09:56,272 : INFO : ball_device.bd_trough : State: waiting_for_target_ready
2025-09-19 12:09:56,272 : INFO : EventManager : Event: ======'balldevice_bd_trough_ball_eject_attempt'====== Args={'balls': 1, 'target': <ball_device.bd_plunger>, 'source': <ball_device.bd_trough>, 'mechanical_eject': True, 'num_attempts': 0}
2025-09-19 12:09:56,272 : INFO : ball_device.bd_plunger : State: waiting_for_ball
2025-09-19 12:09:56,272 : INFO : ball_device.bd_trough : State: ejecting
2025-09-19 12:09:56,272 : INFO : ball_device.bd_trough : Ejecting ball to <ball_device.bd_plunger>
2025-09-19 12:09:56,273 : INFO : EventManager : Event: ======'balldevice_bd_trough_ejecting_ball'====== Args={'balls': 1, 'target': <ball_device.bd_plunger>, 'source': <ball_device.bd_trough>, 'mechanical_eject': True, 'num_attempts': 0}
2025-09-19 12:09:56,273 : INFO : ball_device.bd_trough : Wait for ball to leave device
2025-09-19 12:09:56,273 : INFO : coil.c_trough_eject : Pulsing Driver for 20ms (1.0 pulse_power)
2025-09-19 12:09:56,274 : INFO : SwitchController : <<<<<<< 's_trough1' inactive >>>>>>>
2025-09-19 12:09:56,278 : INFO : ball_device.bd_trough : State: ball_left
2025-09-19 12:09:56,278 : INFO : ball_device.bd_trough : Ball left
2025-09-19 12:09:56,278 : INFO : ball_device.bd_trough : Wait for confirm with timeout 3.0
2025-09-19 12:09:56,309 : INFO : SwitchController : <<<<<<< 's_three_bank_bottom' inactive (muted) >>>>>>>
2025-09-19 12:09:56,309 : INFO : SwitchController : <<<<<<< 's_three_bank_middle' inactive (muted) >>>>>>>
2025-09-19 12:09:56,309 : INFO : SwitchController : <<<<<<< 's_three_bank_top' inactive (muted) >>>>>>>
2025-09-19 12:09:56,387 : INFO : SwitchController : <<<<<<< 's_plunger' active >>>>>>>
2025-09-19 12:09:56,387 : INFO : EventManager : Event: ======'machine_var_audits_switches_s_plunger'====== Args={'value': 455, 'prev_value': 454, 'change': 1}
2025-09-19 12:09:56,760 : INFO : EventManager : Event: ======'drop_target_bottom_up'====== Args={'device': <drop_target.bottom>}
2025-09-19 12:09:56,760 : INFO : EventManager : Event: ======'drop_target_middle_up'====== Args={'device': <drop_target.middle>}
2025-09-19 12:09:56,761 : INFO : EventManager : Event: ======'drop_target_top_up'====== Args={'device': <drop_target.top>}
2025-09-19 12:09:56,761 : INFO : EventManager : Event: ======'drop_target_bank_three_bank_up'====== Args={}
2025-09-19 12:09:56,900 : INFO : ball_device.bd_plunger : Received ball from <ball_device.bd_trough>
2025-09-19 12:09:56,900 : INFO : EventManager : Event: ======'balldevice_bd_plunger_ball_enter'====== Args={'new_balls': 1, 'unclaimed_balls': 0, 'new_available_balls': 0, 'device': <ball_device.bd_plunger>}
2025-09-19 12:09:56,901 : INFO : EventManager : Event: ======'balldevice_bd_plunger_ball_entered'====== Args={'new_balls': 0, 'device': <ball_device.bd_plunger>}
2025-09-19 12:09:56,901 : INFO : EventManager : Event: ======'balldevice_bd_plunger_ball_count_changed'====== Args={'balls': 1}
2025-09-19 12:09:56,901 : INFO : ball_device.bd_trough : Got eject confirm
2025-09-19 12:09:56,901 : INFO : ball_device.bd_trough : Eject successful
2025-09-19 12:09:56,901 : INFO : EventManager : Event: ======'balldevice_bd_trough_ball_eject_success'====== Args={'balls': 1, 'target': <ball_device.bd_plunger>}
2025-09-19 12:09:56,901 : INFO : ball_device.bd_plunger : State: waiting_for_target_ready
2025-09-19 12:09:56,901 : INFO : EventManager : Event: ======'balldevice_bd_plunger_ball_eject_attempt'====== Args={'balls': 1, 'target': <playfield.playfield>, 'source': <ball_device.bd_plunger>, 'mechanical_eject': True, 'num_attempts': 0}
2025-09-19 12:09:56,901 : INFO : EventManager : Event: ======'balldevice_bd_trough_ball_count_changed'====== Args={'balls': 5}
2025-09-19 12:09:56,902 : INFO : ball_device.bd_trough : State: idle
2025-09-19 12:09:56,902 : INFO : ball_device.bd_plunger : State: ejecting
2025-09-19 12:09:56,902 : INFO : ball_device.bd_plunger : Ejecting ball to <playfield.playfield>
2025-09-19 12:09:56,902 : INFO : EventManager : Event: ======'balldevice_bd_plunger_ejecting_ball'====== Args={'balls': 1, 'target': <playfield.playfield>, 'source': <ball_device.bd_plunger>, 'mechanical_eject': True, 'num_attempts': 0}
2025-09-19 12:09:56,902 : INFO : ball_device.bd_plunger : Wait for ball to leave device
2025-09-19 12:09:59,104 : INFO : drop_target_bank.three_bank : All targets are already up. Will not reset bank.
2025-09-19 12:10:06,986 : INFO : SwitchController : <<<<<<< 's_plunger' inactive >>>>>>>
2025-09-19 12:10:06,986 : INFO : EventManager : Event: ======'ball_out'====== Args={}
2025-09-19 12:10:06,986 : INFO : EventManager : Event: ======'ball_save_default_timer_start'====== Args={}
2025-09-19 12:10:06,989 : INFO : ball_device.bd_plunger : State: ball_left
2025-09-19 12:10:06,989 : INFO : ball_device.bd_plunger : Ball left
2025-09-19 12:10:06,989 : INFO : ball_device.bd_plunger : Wait for confirm with timeout 3.0
2025-09-19 12:10:08,097 : INFO : SwitchController : <<<<<<< 's_right_lower_pop' active >>>>>>>
2025-09-19 12:10:08,097 : INFO : EventManager : Event: ======'s_right_lower_pop_active'====== Args={}
2025-09-19 12:10:08,097 : INFO : EventManager : Event: ======'playfield_active'====== Args={'source': 'right_lower_pop'}
2025-09-19 12:10:08,097 : INFO : EventManager : Event: ======'machine_var_audits_switches_s_right_lower_pop'====== Args={'value': 282, 'prev_value': 281, 'change': 1}
2025-09-19 12:10:08,098 : INFO : EventManager : Event: ======'player_score'====== Args={'value': 95580, 'prev_value': 94470, 'change': 1110, 'player_num': 1, 'source': 'base'}
2025-09-19 12:10:08,103 : INFO : ball_device.bd_plunger : Got eject confirm
2025-09-19 12:10:08,103 : INFO : ball_device.bd_plunger : Eject successful
2025-09-19 12:10:08,103 : INFO : EventManager : Event: ======'balldevice_bd_plunger_ball_eject_success'====== Args={'balls': 1, 'target': <playfield.playfield>}
2025-09-19 12:10:08,103 : INFO : EventManager : Event: ======'balldevice_playfield_ball_enter'====== Args={'new_balls': 1, 'unclaimed_balls': 1, 'device': <playfield.playfield>}
2025-09-19 12:10:08,103 : INFO : EventManager : Event: ======'playfield_ball_count_change'====== Args={'balls': 1, 'change': 1}
2025-09-19 12:10:08,103 : INFO : EventManager : Event: ======'balldevice_bd_plunger_ball_count_changed'====== Args={'balls': 0}
2025-09-19 12:10:08,103 : INFO : ball_device.bd_plunger : State: idle
2025-09-19 12:10:08,185 : INFO : SwitchController : <<<<<<< 's_right_lower_pop' inactive >>>>>>>
2025-09-19 12:10:10,496 : INFO : SwitchController : <<<<<<< 's_scoop' active >>>>>>>
2025-09-19 12:10:10,496 : INFO : EventManager : Event: ======'s_scoop_active'====== Args={}
2025-09-19 12:10:10,496 : INFO : EventManager : Event: ======'machine_var_audits_switches_s_scoop'====== Args={'value': 84, 'prev_value': 83, 'change': 1}
2025-09-19 12:10:10,497 : INFO : EventManager : Event: ======'player_score'====== Args={'value': 97890, 'prev_value': 95580, 'change': 2310, 'player_num': 1, 'source': 'base'}
2025-09-19 12:10:11,027 : INFO : EventManager : Event: ======'balldevice_bd_scoop_ball_count_changed'====== Args={'balls': 1}
2025-09-19 12:10:11,027 : INFO : ball_device.bd_scoop : Received unexpected ball
2025-09-19 12:10:11,027 : INFO : EventManager : Event: ======'balldevice_captured_from_playfield'====== Args={'balls': 1}
2025-09-19 12:10:11,027 : INFO : EventManager : Event: ======'sw_playfield_active'====== Args={'balls': 1}
2025-09-19 12:10:11,027 : INFO : EventManager : Event: ======'playfield_ball_count_change'====== Args={'balls': 0, 'change': -1}
2025-09-19 12:10:11,029 : INFO : EventManager : Event: ======'balldevice_bd_scoop_ball_enter'====== Args={'new_balls': 1, 'unclaimed_balls': 1, 'new_available_balls': 1, 'device': <ball_device.bd_scoop>}
2025-09-19 12:10:11,029 : INFO : ball_device.bd_scoop : Ejecting 1 unexpected balls using path deque([<ball_device.bd_scoop>, <playfield.playfield>])
2025-09-19 12:10:11,029 : INFO : EventManager : Event: ======'balldevice_balls_available'====== Args={}
2025-09-19 12:10:11,029 : INFO : EventManager : Event: ======'balldevice_balls_available'====== Args={}
2025-09-19 12:10:11,029 : INFO : EventManager : Event: ======'balldevice_bd_scoop_ball_entered'====== Args={'new_balls': 1, 'device': <ball_device.bd_scoop>}
2025-09-19 12:10:11,029 : INFO : ball_device.bd_scoop : State: waiting_for_target_ready
2025-09-19 12:10:11,029 : INFO : EventManager : Event: ======'balldevice_bd_scoop_ball_eject_attempt'====== Args={'balls': 1, 'target': <playfield.playfield>, 'source': <ball_device.bd_scoop>, 'mechanical_eject': False, 'num_attempts': 0}
2025-09-19 12:10:11,030 : INFO : ball_device.bd_scoop : State: ejecting
2025-09-19 12:10:11,030 : INFO : ball_device.bd_scoop : Ejecting ball to <playfield.playfield>
2025-09-19 12:10:11,030 : INFO : EventManager : Event: ======'balldevice_bd_scoop_ejecting_ball'====== Args={'balls': 1, 'target': <playfield.playfield>, 'source': <ball_device.bd_scoop>, 'mechanical_eject': False, 'num_attempts': 0}
2025-09-19 12:10:11,030 : INFO : ball_device.bd_scoop : Wait for ball to leave device
2025-09-19 12:10:11,030 : INFO : coil.c_scoop_eject : Pulsing Driver for 25ms (1.0 pulse_power)
2025-09-19 12:10:11,030 : INFO : SwitchController : <<<<<<< 's_scoop' inactive >>>>>>>
2025-09-19 12:10:11,035 : INFO : ball_device.bd_scoop : State: ball_left
2025-09-19 12:10:11,035 : INFO : ball_device.bd_scoop : Ball left
2025-09-19 12:10:11,035 : INFO : ball_device.bd_scoop : Wait for confirm with timeout 3.0
2025-09-19 12:10:12,029 : INFO : SwitchController : <<<<<<< 's_three_bank_bottom' active >>>>>>>
2025-09-19 12:10:12,030 : INFO : EventManager : Event: ======'s_three_bank_bottom_active'====== Args={}
2025-09-19 12:10:12,030 : INFO : EventManager : Event: ======'playfield_active'====== Args={'source': 'bottom'}
2025-09-19 12:10:12,030 : INFO : EventManager : Event: ======'drop_target_bottom_down'====== Args={'device': <drop_target.bottom>}
2025-09-19 12:10:12,030 : INFO : EventManager : Event: ======'drop_target_bank_three_bank_mixed'====== Args={'prev_value': <DropTargetBankState.UP: 'up'>, 'down': 1}
2025-09-19 12:10:12,030 : INFO : EventManager : Event: ======'machine_var_audits_switches_s_three_bank_bottom'====== Args={'value': 64, 'prev_value': 63, 'change': 1}
2025-09-19 12:10:12,036 : INFO : EventManager : Event: ======'player_score'====== Args={'value': 100110, 'prev_value': 97890, 'change': 2220, 'player_num': 1, 'source': 'base'}
2025-09-19 12:10:12,045 : INFO : ball_device.bd_scoop : Got eject confirm
2025-09-19 12:10:12,045 : INFO : ball_device.bd_scoop : Eject successful
2025-09-19 12:10:12,045 : INFO : EventManager : Event: ======'balldevice_bd_scoop_ball_eject_success'====== Args={'balls': 1, 'target': <playfield.playfield>}
2025-09-19 12:10:12,045 : INFO : EventManager : Event: ======'balldevice_playfield_ball_enter'====== Args={'new_balls': 1, 'unclaimed_balls': 1, 'device': <playfield.playfield>}
2025-09-19 12:10:12,045 : INFO : EventManager : Event: ======'playfield_ball_count_change'====== Args={'balls': 1, 'change': 1}
2025-09-19 12:10:12,046 : INFO : EventManager : Event: ======'balldevice_bd_scoop_ball_count_changed'====== Args={'balls': 0}
2025-09-19 12:10:12,046 : INFO : ball_device.bd_scoop : State: idle
2025-09-19 12:10:12,108 : INFO : drop_target_bank.three_bank : 1 targets are down. Will reset those.
2025-09-19 12:10:12,108 : INFO : coil.c_three_bank : Pulsing Driver for 23ms (1.0 pulse_power)
2025-09-19 12:10:12,171 : INFO : SwitchController : <<<<<<< 's_three_bank_bottom' inactive (muted) >>>>>>>
2025-09-19 12:10:12,171 : WARNING : SwitchController : Received duplicate switch state 0 for switch s_three_bank_middle from the platform interface. Log Code: Log-SwitchController-1 (https://missionpinball.org/logs)
2025-09-19 12:10:12,171 : WARNING : SwitchController : Received duplicate switch state 0 for switch s_three_bank_top from the platform interface. Log Code: Log-SwitchController-1 (https://missionpinball.org/logs)
2025-09-19 12:10:12,435 : INFO : SwitchController : <<<<<<< 's_three_bank_middle' active (muted) >>>>>>>
2025-09-19 12:10:12,435 : INFO : EventManager : Event: ======'machine_var_audits_switches_s_three_bank_middle'====== Args={'value': 64, 'prev_value': 63, 'change': 1}
2025-09-19 12:10:12,619 : INFO : EventManager : Event: ======'drop_target_bottom_up'====== Args={'device': <drop_target.bottom>}
2025-09-19 12:10:12,619 : INFO : EventManager : Event: ======'drop_target_middle_down'====== Args={'device': <drop_target.middle>}
2025-09-19 12:10:12,620 : INFO : EventManager : Event: ======'drop_target_bank_three_bank_mixed'====== Args={'prev_value': <DropTargetBankState.MIXED: 'mixed'>, 'down': 1}
2025-09-19 12:10:13,672 : INFO : SwitchController : <<<<<<< 's_three_bank_top' active >>>>>>>
2025-09-19 12:10:13,672 : INFO : EventManager : Event: ======'s_three_bank_top_active'====== Args={}
2025-09-19 12:10:13,672 : INFO : EventManager : Event: ======'drop_target_top_down'====== Args={'device': <drop_target.top>}
2025-09-19 12:10:13,673 : INFO : EventManager : Event: ======'drop_target_bank_three_bank_mixed'====== Args={'prev_value': <DropTargetBankState.MIXED: 'mixed'>, 'down': 2}
2025-09-19 12:10:13,673 : INFO : EventManager : Event: ======'machine_var_audits_switches_s_three_bank_top'====== Args={'value': 59, 'prev_value': 58, 'change': 1}
2025-09-19 12:10:13,674 : INFO : EventManager : Event: ======'player_score'====== Args={'value': 102330, 'prev_value': 100110, 'change': 2220, 'player_num': 1, 'source': 'base'}
2025-09-19 12:10:13,988 : INFO : EventManager : Event: ======'ball_save_default_hurry_up'====== Args={}
2025-09-19 12:10:15,169 : INFO : SwitchController : <<<<<<< 's_three_bank_bottom' active >>>>>>>
2025-09-19 12:10:15,169 : INFO : EventManager : Event: ======'s_three_bank_bottom_active'====== Args={}
2025-09-19 12:10:15,169 : INFO : EventManager : Event: ======'drop_target_bottom_down'====== Args={'device': <drop_target.bottom>}
2025-09-19 12:10:15,169 : INFO : EventManager : Event: ======'drop_target_bank_three_bank_down'====== Args={}
2025-09-19 12:10:15,169 : INFO : EventManager : Event: ======'machine_var_audits_switches_s_three_bank_bottom'====== Args={'value': 65, 'prev_value': 64, 'change': 1}
2025-09-19 12:10:15,170 : INFO : EventManager : Event: ======'player_score'====== Args={'value': 104550, 'prev_value': 102330, 'change': 2220, 'player_num': 1, 'source': 'base'}
2025-09-19 12:10:15,985 : INFO : EventManager : Event: ======'ball_save_default_grace_period'====== Args={}
2025-09-19 12:10:16,723 : INFO : SwitchController : <<<<<<< 's_scoop' active >>>>>>>
2025-09-19 12:10:16,723 : INFO : EventManager : Event: ======'s_scoop_active'====== Args={}
2025-09-19 12:10:16,723 : INFO : EventManager : Event: ======'machine_var_audits_switches_s_scoop'====== Args={'value': 85, 'prev_value': 84, 'change': 1}
2025-09-19 12:10:16,723 : INFO : EventManager : Event: ======'player_score'====== Args={'value': 106860, 'prev_value': 104550, 'change': 2310, 'player_num': 1, 'source': 'base'}
2025-09-19 12:10:17,243 : INFO : EventManager : Event: ======'balldevice_bd_scoop_ball_count_changed'====== Args={'balls': 1}
2025-09-19 12:10:17,243 : INFO : ball_device.bd_scoop : Received unexpected ball
2025-09-19 12:10:17,243 : INFO : EventManager : Event: ======'balldevice_captured_from_playfield'====== Args={'balls': 1}
2025-09-19 12:10:17,243 : INFO : EventManager : Event: ======'sw_playfield_active'====== Args={'balls': 1}
2025-09-19 12:10:17,243 : INFO : EventManager : Event: ======'playfield_ball_count_change'====== Args={'balls': 0, 'change': -1}
2025-09-19 12:10:17,245 : INFO : EventManager : Event: ======'balldevice_bd_scoop_ball_enter'====== Args={'new_balls': 1, 'unclaimed_balls': 1, 'new_available_balls': 1, 'device': <ball_device.bd_scoop>}
2025-09-19 12:10:17,246 : INFO : ball_device.bd_scoop : Ejecting 1 unexpected balls using path deque([<ball_device.bd_scoop>, <playfield.playfield>])
2025-09-19 12:10:17,246 : INFO : EventManager : Event: ======'balldevice_balls_available'====== Args={}
2025-09-19 12:10:17,246 : INFO : EventManager : Event: ======'balldevice_balls_available'====== Args={}
2025-09-19 12:10:17,246 : INFO : EventManager : Event: ======'balldevice_bd_scoop_ball_entered'====== Args={'new_balls': 1, 'device': <ball_device.bd_scoop>}
2025-09-19 12:10:17,247 : INFO : ball_device.bd_scoop : State: waiting_for_target_ready
2025-09-19 12:10:17,247 : INFO : EventManager : Event: ======'balldevice_bd_scoop_ball_eject_attempt'====== Args={'balls': 1, 'target': <playfield.playfield>, 'source': <ball_device.bd_scoop>, 'mechanical_eject': False, 'num_attempts': 0}
2025-09-19 12:10:17,247 : INFO : ball_device.bd_scoop : State: ejecting
2025-09-19 12:10:17,248 : INFO : ball_device.bd_scoop : Ejecting ball to <playfield.playfield>
2025-09-19 12:10:17,248 : INFO : EventManager : Event: ======'balldevice_bd_scoop_ejecting_ball'====== Args={'balls': 1, 'target': <playfield.playfield>, 'source': <ball_device.bd_scoop>, 'mechanical_eject': False, 'num_attempts': 0}
2025-09-19 12:10:17,248 : INFO : ball_device.bd_scoop : Wait for ball to leave device
2025-09-19 12:10:17,248 : INFO : coil.c_scoop_eject : Pulsing Driver for 25ms (1.0 pulse_power)
2025-09-19 12:10:17,249 : INFO : SwitchController : <<<<<<< 's_scoop' inactive >>>>>>>
2025-09-19 12:10:17,253 : INFO : ball_device.bd_scoop : State: ball_left
2025-09-19 12:10:17,253 : INFO : ball_device.bd_scoop : Ball left
2025-09-19 12:10:17,253 : INFO : ball_device.bd_scoop : Wait for confirm with timeout 3.0
2025-09-19 12:10:17,989 : INFO : EventManager : Event: ======'ball_save_default_disabled'====== Args={}
2025-09-19 12:10:19,737 : INFO : SwitchController : <<<<<<< 's_three_bank_standup' active >>>>>>>
2025-09-19 12:10:19,737 : INFO : EventManager : Event: ======'s_three_bank_standup_active'====== Args={}
2025-09-19 12:10:19,737 : INFO : EventManager : Event: ======'machine_var_audits_switches_s_three_bank_standup'====== Args={'value': 69, 'prev_value': 68, 'change': 1}
2025-09-19 12:10:19,738 : INFO : EventManager : Event: ======'player_score'====== Args={'value': 126870, 'prev_value': 106860, 'change': 20010, 'player_num': 1, 'source': 'base'}
2025-09-19 12:10:19,823 : INFO : SwitchController : <<<<<<< 's_three_bank_standup' inactive >>>>>>>
2025-09-19 12:10:20,264 : INFO : ball_device.bd_scoop : State: failed_confirm
2025-09-19 12:10:20,264 : INFO : ball_device.bd_scoop : Got timeout (3.0s) before confirm from <playfield.playfield>
2025-09-19 12:10:20,372 : INFO : ball_device.bd_scoop : Confirming eject because target is playfield and ball did not return.
2025-09-19 12:10:20,372 : INFO : ball_device.bd_scoop : Eject successful
2025-09-19 12:10:20,372 : INFO : EventManager : Event: ======'balldevice_bd_scoop_ball_eject_success'====== Args={'balls': 1, 'target': <playfield.playfield>}
2025-09-19 12:10:20,372 : INFO : EventManager : Event: ======'balldevice_playfield_ball_enter'====== Args={'new_balls': 1, 'unclaimed_balls': 1, 'device': <playfield.playfield>}
2025-09-19 12:10:20,372 : INFO : EventManager : Event: ======'playfield_ball_count_change'====== Args={'balls': 1, 'change': 1}
2025-09-19 12:10:20,373 : INFO : EventManager : Event: ======'balldevice_bd_scoop_ball_count_changed'====== Args={'balls': 0}
2025-09-19 12:10:20,373 : INFO : ball_device.bd_scoop : State: idle
2025-09-19 12:10:22,439 : INFO : SwitchController : <<<<<<< 's_trough1' active >>>>>>>
2025-09-19 12:10:22,439 : INFO : EventManager : Event: ======'machine_var_audits_switches_s_trough1'====== Args={'value': 216, 'prev_value': 215, 'change': 1}
2025-09-19 12:10:22,930 : INFO : EventManager : Event: ======'balldevice_bd_trough_ball_count_changed'====== Args={'balls': 6}
2025-09-19 12:10:22,930 : INFO : ball_device.bd_trough : Received unexpected ball
2025-09-19 12:10:22,930 : INFO : EventManager : Event: ======'balldevice_captured_from_playfield'====== Args={'balls': 1}
2025-09-19 12:10:22,930 : INFO : EventManager : Event: ======'sw_playfield_active'====== Args={'balls': 1}
2025-09-19 12:10:22,931 : INFO : EventManager : Event: ======'playfield_ball_count_change'====== Args={'balls': 0, 'change': -1}
2025-09-19 12:10:22,931 : INFO : EventManager : Event: ======'balldevice_bd_trough_ball_enter'====== Args={'new_balls': 1, 'unclaimed_balls': 1, 'new_available_balls': 1, 'device': <ball_device.bd_trough>}
2025-09-19 12:10:22,931 : INFO : EventManager : Event: ======'ball_drain'====== Args={'device': <ball_device.bd_trough>, 'balls': 1}
2025-09-19 12:10:22,931 : INFO : EventManager : Event: ======'ball_will_end'====== Args={}
2025-09-19 12:10:22,933 : INFO : EventManager : Event: ======'balldevice_balls_available'====== Args={}
2025-09-19 12:10:22,933 : INFO : EventManager : Event: ======'balldevice_bd_trough_ball_entered'====== Args={'new_balls': 1, 'device': <ball_device.bd_trough>}
2025-09-19 12:10:22,937 : INFO : EventManager : Event: ======'ball_ending'====== Args={}
2025-09-19 12:10:22,937 : INFO : EventManager : Event: ======'mode_base_will_stop'====== Args={}
2025-09-19 12:10:22,937 : INFO : EventManager : Event: ======'mode_base_stopping'====== Args={}
2025-09-19 12:10:22,937 : INFO : Mode.base : Stopped.
2025-09-19 12:10:22,937 : INFO : EventManager : Event: ======'modes_active_modes_changed'====== Args={}
2025-09-19 12:10:22,939 : INFO : EventManager : Event: ======'mode_base_stopped'====== Args={}
2025-09-19 12:10:22,939 : INFO : EventManager : Event: ======'clear'====== Args={'key': 'base'}
2025-09-19 12:10:22,965 : INFO : EventManager : Event: ======'ball_ended'====== Args={}
2025-09-19 12:10:22,967 : INFO : EventManager : Event: ======'slide_base.slide_player-mode_base_started_removed'====== Args={'_from_bcp': True}
2025-09-19 12:10:22,967 : INFO : EventManager : Event: ======'slide_welcome_slide_active'====== Args={'_from_bcp': True}
2025-09-19 12:10:22,967 : INFO : EventManager : Event: ======'player_turn_will_end'====== Args={'player': <Player 1>, 'number': 1}
2025-09-19 12:10:22,970 : INFO : EventManager : Event: ======'player_turn_ending'====== Args={'player': <Player 1>, 'number': 1}
2025-09-19 12:10:22,970 : INFO : EventManager : Event: ======'player_turn_ended'====== Args={'player': <Player 1>, 'number': 1}
2025-09-19 12:10:22,971 : INFO : EventManager : Event: ======'player_turn_will_start'====== Args={'player': <Player 1>, 'number': 1}
2025-09-19 12:10:22,971 : INFO : EventManager : Event: ======'player_turn_starting'====== Args={'player': <Player 1>, 'number': 1}
2025-09-19 12:10:22,971 : INFO : EventManager : Event: ======'player_ball'====== Args={'value': 3, 'prev_value': 2, 'change': 1, 'player_num': 1}
2025-09-19 12:10:22,971 : INFO : EventManager : Event: ======'player_turn_started'====== Args={'player': <Player 1>, 'number': 1}
2025-09-19 12:10:22,972 : INFO : EventManager : Event: ======'ball_will_start'====== Args={'player': 1, 'ball': 3, 'balls_remaining': 0, 'is_extra_ball': False}
2025-09-19 12:10:22,981 : INFO : EventManager : Event: ======'ball_starting'====== Args={'player': 1, 'ball': 3, 'balls_remaining': 0, 'is_extra_ball': False}
2025-09-19 12:10:22,981 : INFO : EventManager : Event: ======'mode_base_will_start'====== Args={'queue': <QueuedEvent>, 'player': 1, 'ball': 3, 'balls_remaining': 0, 'is_extra_ball': False}
2025-09-19 12:10:22,983 : INFO : EventManager : Event: ======'mode_base_starting'====== Args={'queue': <QueuedEvent>, 'player': 1, 'ball': 3, 'balls_remaining': 0, 'is_extra_ball': False}
2025-09-19 12:10:22,983 : INFO : drop_target_bank.three_bank : 3 targets are down. Will reset those.
2025-09-19 12:10:22,983 : INFO : coil.c_three_bank : Pulsing Driver for 23ms (1.0 pulse_power)
2025-09-19 12:10:22,984 : INFO : Mode.base : Started. Priority: 100
2025-09-19 12:10:22,984 : INFO : EventManager : Event: ======'modes_active_modes_changed'====== Args={}
2025-09-19 12:10:22,984 : INFO : EventManager : Event: ======'mode_base_started'====== Args={'queue': <QueuedEvent>, 'player': 1, 'ball': 3, 'balls_remaining': 0, 'is_extra_ball': False}
2025-09-19 12:10:22,985 : INFO : EventManager : Event: ======'ball_save_default_enabled'====== Args={}
2025-09-19 12:10:22,985 : INFO : EventManager : Event: ======'balls_in_play'====== Args={'balls': 1}
2025-09-19 12:10:22,985 : INFO : EventManager : Event: ======'ball_started'====== Args={'player': 1, 'ball': 3, 'balls_remaining': 0, 'is_extra_ball': False}
2025-09-19 12:10:23,005 : INFO : EventManager : Event: ======'single_player_ball_started'====== Args={}
2025-09-19 12:10:23,022 : INFO : EventManager : Event: ======'ball_start_target'====== Args={'target': 'playfield'}
2025-09-19 12:10:23,022 : INFO : EventManager : Event: ======'slide_base.slide_player-mode_base_started_created'====== Args={'_from_bcp': True}
2025-09-19 12:10:23,023 : INFO : EventManager : Event: ======'slide_base.slide_player-mode_base_started_active'====== Args={'_from_bcp': True}
2025-09-19 12:10:23,023 : INFO : SwitchController : <<<<<<< 's_three_bank_bottom' inactive (muted) >>>>>>>
2025-09-19 12:10:23,023 : INFO : SwitchController : <<<<<<< 's_three_bank_middle' inactive (muted) >>>>>>>
2025-09-19 12:10:23,024 : INFO : SwitchController : <<<<<<< 's_three_bank_top' inactive (muted) >>>>>>>
2025-09-19 12:10:23,024 : INFO : ball_device.bd_plunger : Setting up player-controlled eject. Balls: 1, Target: <playfield.playfield>, player_controlled_eject_event: None
2025-09-19 12:10:23,024 : INFO : EventManager : Event: ======'balldevice_balls_available'====== Args={}
2025-09-19 12:10:23,030 : INFO : ball_device.bd_trough : State: waiting_for_target_ready
2025-09-19 12:10:23,030 : INFO : EventManager : Event: ======'balldevice_bd_trough_ball_eject_attempt'====== Args={'balls': 1, 'target': <ball_device.bd_plunger>, 'source': <ball_device.bd_trough>, 'mechanical_eject': True, 'num_attempts': 0}
2025-09-19 12:10:23,031 : INFO : ball_device.bd_plunger : State: waiting_for_ball
2025-09-19 12:10:23,031 : INFO : ball_device.bd_trough : State: ejecting
2025-09-19 12:10:23,032 : INFO : ball_device.bd_trough : Ejecting ball to <ball_device.bd_plunger>
2025-09-19 12:10:23,032 : INFO : EventManager : Event: ======'balldevice_bd_trough_ejecting_ball'====== Args={'balls': 1, 'target': <ball_device.bd_plunger>, 'source': <ball_device.bd_trough>, 'mechanical_eject': True, 'num_attempts': 0}
2025-09-19 12:10:23,032 : INFO : ball_device.bd_trough : Wait for ball to leave device
2025-09-19 12:10:23,032 : INFO : coil.c_trough_eject : Pulsing Driver for 20ms (1.0 pulse_power)
2025-09-19 12:10:23,033 : INFO : SwitchController : <<<<<<< 's_trough1' inactive >>>>>>>
2025-09-19 12:10:23,040 : INFO : ball_device.bd_trough : State: ball_left
2025-09-19 12:10:23,041 : INFO : ball_device.bd_trough : Ball left
2025-09-19 12:10:23,041 : INFO : ball_device.bd_trough : Wait for confirm with timeout 3.0
2025-09-19 12:10:23,133 : INFO : SwitchController : <<<<<<< 's_plunger' active >>>>>>>
2025-09-19 12:10:23,133 : INFO : EventManager : Event: ======'machine_var_audits_switches_s_plunger'====== Args={'value': 456, 'prev_value': 455, 'change': 1}
2025-09-19 12:10:23,490 : INFO : EventManager : Event: ======'drop_target_bottom_up'====== Args={'device': <drop_target.bottom>}
2025-09-19 12:10:23,490 : INFO : EventManager : Event: ======'drop_target_middle_up'====== Args={'device': <drop_target.middle>}
2025-09-19 12:10:23,490 : INFO : EventManager : Event: ======'drop_target_top_up'====== Args={'device': <drop_target.top>}
2025-09-19 12:10:23,491 : INFO : EventManager : Event: ======'drop_target_bank_three_bank_up'====== Args={}
2025-09-19 12:10:23,645 : INFO : ball_device.bd_plunger : Received ball from <ball_device.bd_trough>
2025-09-19 12:10:23,645 : INFO : EventManager : Event: ======'balldevice_bd_plunger_ball_enter'====== Args={'new_balls': 1, 'unclaimed_balls': 0, 'new_available_balls': 0, 'device': <ball_device.bd_plunger>}
2025-09-19 12:10:23,646 : INFO : EventManager : Event: ======'balldevice_bd_plunger_ball_entered'====== Args={'new_balls': 0, 'device': <ball_device.bd_plunger>}
2025-09-19 12:10:23,646 : INFO : EventManager : Event: ======'balldevice_bd_plunger_ball_count_changed'====== Args={'balls': 1}
2025-09-19 12:10:23,646 : INFO : ball_device.bd_trough : Got eject confirm
2025-09-19 12:10:23,646 : INFO : ball_device.bd_trough : Eject successful
2025-09-19 12:10:23,646 : INFO : EventManager : Event: ======'balldevice_bd_trough_ball_eject_success'====== Args={'balls': 1, 'target': <ball_device.bd_plunger>}
2025-09-19 12:10:23,646 : INFO : ball_device.bd_plunger : State: waiting_for_target_ready
2025-09-19 12:10:23,646 : INFO : EventManager : Event: ======'balldevice_bd_plunger_ball_eject_attempt'====== Args={'balls': 1, 'target': <playfield.playfield>, 'source': <ball_device.bd_plunger>, 'mechanical_eject': True, 'num_attempts': 0}
2025-09-19 12:10:23,647 : INFO : EventManager : Event: ======'balldevice_bd_trough_ball_count_changed'====== Args={'balls': 5}
2025-09-19 12:10:23,647 : INFO : ball_device.bd_trough : State: idle
2025-09-19 12:10:23,647 : INFO : ball_device.bd_plunger : State: ejecting
2025-09-19 12:10:23,647 : INFO : ball_device.bd_plunger : Ejecting ball to <playfield.playfield>
2025-09-19 12:10:23,647 : INFO : EventManager : Event: ======'balldevice_bd_plunger_ejecting_ball'====== Args={'balls': 1, 'target': <playfield.playfield>, 'source': <ball_device.bd_plunger>, 'mechanical_eject': True, 'num_attempts': 0}
2025-09-19 12:10:23,648 : INFO : ball_device.bd_plunger : Wait for ball to leave device
2025-09-19 12:10:24,962 : INFO : SwitchController : <<<<<<< 's_plunger' inactive >>>>>>>
2025-09-19 12:10:24,962 : INFO : EventManager : Event: ======'ball_out'====== Args={}
2025-09-19 12:10:24,962 : INFO : EventManager : Event: ======'ball_save_default_timer_start'====== Args={}
2025-09-19 12:10:24,966 : INFO : ball_device.bd_plunger : State: ball_left
2025-09-19 12:10:24,966 : INFO : ball_device.bd_plunger : Ball left
2025-09-19 12:10:24,966 : INFO : ball_device.bd_plunger : Wait for confirm with timeout 3.0
2025-09-19 12:10:26,147 : INFO : SwitchController : <<<<<<< 's_right_lower_pop' active >>>>>>>
2025-09-19 12:10:26,147 : INFO : EventManager : Event: ======'s_right_lower_pop_active'====== Args={}
2025-09-19 12:10:26,147 : INFO : EventManager : Event: ======'playfield_active'====== Args={'source': 'right_lower_pop'}
2025-09-19 12:10:26,147 : INFO : EventManager : Event: ======'machine_var_audits_switches_s_right_lower_pop'====== Args={'value': 283, 'prev_value': 282, 'change': 1}
2025-09-19 12:10:26,148 : INFO : EventManager : Event: ======'player_score'====== Args={'value': 127980, 'prev_value': 126870, 'change': 1110, 'player_num': 1, 'source': 'base'}
2025-09-19 12:10:26,153 : INFO : ball_device.bd_plunger : Got eject confirm
2025-09-19 12:10:26,153 : INFO : ball_device.bd_plunger : Eject successful
2025-09-19 12:10:26,153 : INFO : EventManager : Event: ======'balldevice_bd_plunger_ball_eject_success'====== Args={'balls': 1, 'target': <playfield.playfield>}
2025-09-19 12:10:26,153 : INFO : EventManager : Event: ======'balldevice_playfield_ball_enter'====== Args={'new_balls': 1, 'unclaimed_balls': 1, 'device': <playfield.playfield>}
2025-09-19 12:10:26,153 : INFO : EventManager : Event: ======'playfield_ball_count_change'====== Args={'balls': 1, 'change': 1}
2025-09-19 12:10:26,153 : INFO : EventManager : Event: ======'balldevice_bd_plunger_ball_count_changed'====== Args={'balls': 0}
2025-09-19 12:10:26,153 : INFO : ball_device.bd_plunger : State: idle
2025-09-19 12:10:26,234 : INFO : SwitchController : <<<<<<< 's_right_lower_pop' inactive >>>>>>>
2025-09-19 12:10:27,824 : INFO : SwitchController : <<<<<<< 's_trough1' active >>>>>>>
2025-09-19 12:10:27,825 : INFO : EventManager : Event: ======'machine_var_audits_switches_s_trough1'====== Args={'value': 217, 'prev_value': 216, 'change': 1}
2025-09-19 12:10:28,333 : INFO : EventManager : Event: ======'balldevice_bd_trough_ball_count_changed'====== Args={'balls': 6}
2025-09-19 12:10:28,333 : INFO : ball_device.bd_trough : Received unexpected ball
2025-09-19 12:10:28,333 : INFO : EventManager : Event: ======'balldevice_captured_from_playfield'====== Args={'balls': 1}
2025-09-19 12:10:28,333 : INFO : EventManager : Event: ======'sw_playfield_active'====== Args={'balls': 1}
2025-09-19 12:10:28,333 : INFO : EventManager : Event: ======'playfield_ball_count_change'====== Args={'balls': 0, 'change': -1}
2025-09-19 12:10:28,334 : INFO : EventManager : Event: ======'balldevice_bd_trough_ball_enter'====== Args={'new_balls': 1, 'unclaimed_balls': 1, 'new_available_balls': 1, 'device': <ball_device.bd_trough>}
2025-09-19 12:10:28,334 : INFO : EventManager : Event: ======'ball_drain'====== Args={'device': <ball_device.bd_trough>, 'balls': 1}
2025-09-19 12:10:28,334 : INFO : EventManager : Event: ======'ball_save_default_saving_ball'====== Args={'balls': 1, 'early_save': False}
2025-09-19 12:10:28,334 : INFO : ball_device.bd_plunger : Adding 1 ball(s) to the eject_queue with target <playfield.playfield>.
2025-09-19 12:10:28,334 : INFO : EventManager : Event: ======'balldevice_balls_available'====== Args={}
2025-09-19 12:10:28,334 : INFO : EventManager : Event: ======'balldevice_balls_available'====== Args={}
2025-09-19 12:10:28,334 : INFO : EventManager : Event: ======'balldevice_bd_trough_ball_entered'====== Args={'new_balls': 1, 'device': <ball_device.bd_trough>}
2025-09-19 12:10:28,334 : INFO : ball_device.bd_trough : State: waiting_for_target_ready
2025-09-19 12:10:28,334 : INFO : EventManager : Event: ======'balldevice_bd_trough_ball_eject_attempt'====== Args={'balls': 1, 'target': <ball_device.bd_plunger>, 'source': <ball_device.bd_trough>, 'mechanical_eject': False, 'num_attempts': 0}
2025-09-19 12:10:28,334 : INFO : ball_device.bd_plunger : State: waiting_for_ball
2025-09-19 12:10:28,335 : INFO : ball_device.bd_trough : State: ejecting
2025-09-19 12:10:28,335 : INFO : ball_device.bd_trough : Ejecting ball to <ball_device.bd_plunger>
2025-09-19 12:10:28,335 : INFO : EventManager : Event: ======'balldevice_bd_trough_ejecting_ball'====== Args={'balls': 1, 'target': <ball_device.bd_plunger>, 'source': <ball_device.bd_trough>, 'mechanical_eject': False, 'num_attempts': 0}
2025-09-19 12:10:28,335 : INFO : ball_device.bd_trough : Wait for ball to leave device
2025-09-19 12:10:28,335 : INFO : coil.c_trough_eject : Pulsing Driver for 20ms (1.0 pulse_power)
2025-09-19 12:10:28,335 : INFO : SwitchController : <<<<<<< 's_trough1' inactive >>>>>>>
2025-09-19 12:10:28,340 : INFO : ball_device.bd_trough : State: ball_left
2025-09-19 12:10:28,340 : INFO : ball_device.bd_trough : Ball left
2025-09-19 12:10:28,341 : INFO : ball_device.bd_trough : Wait for confirm with timeout 3.0
2025-09-19 12:10:28,456 : INFO : SwitchController : <<<<<<< 's_plunger' active >>>>>>>
2025-09-19 12:10:28,456 : INFO : EventManager : Event: ======'machine_var_audits_switches_s_plunger'====== Args={'value': 457, 'prev_value': 456, 'change': 1}
2025-09-19 12:10:28,967 : INFO : ball_device.bd_plunger : Received ball from <ball_device.bd_trough>
2025-09-19 12:10:28,967 : INFO : EventManager : Event: ======'balldevice_bd_plunger_ball_enter'====== Args={'new_balls': 1, 'unclaimed_balls': 0, 'new_available_balls': 0, 'device': <ball_device.bd_plunger>}
2025-09-19 12:10:28,967 : INFO : EventManager : Event: ======'balldevice_bd_plunger_ball_entered'====== Args={'new_balls': 0, 'device': <ball_device.bd_plunger>}
2025-09-19 12:10:28,967 : INFO : EventManager : Event: ======'balldevice_bd_plunger_ball_count_changed'====== Args={'balls': 1}
2025-09-19 12:10:28,968 : INFO : ball_device.bd_trough : Got eject confirm
2025-09-19 12:10:28,968 : INFO : ball_device.bd_trough : Eject successful
2025-09-19 12:10:28,968 : INFO : EventManager : Event: ======'balldevice_bd_trough_ball_eject_success'====== Args={'balls': 1, 'target': <ball_device.bd_plunger>}
2025-09-19 12:10:28,968 : INFO : ball_device.bd_plunger : State: waiting_for_target_ready
2025-09-19 12:10:28,968 : INFO : EventManager : Event: ======'balldevice_bd_plunger_ball_eject_attempt'====== Args={'balls': 1, 'target': <playfield.playfield>, 'source': <ball_device.bd_plunger>, 'mechanical_eject': False, 'num_attempts': 0}
2025-09-19 12:10:28,968 : INFO : EventManager : Event: ======'balldevice_bd_trough_ball_count_changed'====== Args={'balls': 5}
2025-09-19 12:10:28,968 : INFO : ball_device.bd_trough : State: idle
2025-09-19 12:10:28,968 : INFO : ball_device.bd_plunger : State: ejecting
2025-09-19 12:10:28,969 : INFO : ball_device.bd_plunger : Ejecting ball to <playfield.playfield>
2025-09-19 12:10:28,969 : INFO : EventManager : Event: ======'balldevice_bd_plunger_ejecting_ball'====== Args={'balls': 1, 'target': <playfield.playfield>, 'source': <ball_device.bd_plunger>, 'mechanical_eject': False, 'num_attempts': 0}
2025-09-19 12:10:28,969 : INFO : ball_device.bd_plunger : Wait for ball to leave device
2025-09-19 12:10:28,969 : INFO : coil.c_plunger : Pulsing Driver for 20ms (1.0 pulse_power)
2025-09-19 12:10:28,969 : INFO : SwitchController : <<<<<<< 's_plunger' inactive >>>>>>>
2025-09-19 12:10:28,969 : INFO : EventManager : Event: ======'ball_out'====== Args={}
2025-09-19 12:10:28,975 : INFO : ball_device.bd_plunger : State: ball_left
2025-09-19 12:10:28,975 : INFO : ball_device.bd_plunger : Ball left
2025-09-19 12:10:28,975 : INFO : ball_device.bd_plunger : Wait for confirm with timeout 3.0
2025-09-19 12:10:30,226 : INFO : SwitchController : <<<<<<< 's_plunger' active >>>>>>>
2025-09-19 12:10:30,226 : INFO : EventManager : Event: ======'machine_var_audits_switches_s_plunger'====== Args={'value': 458, 'prev_value': 457, 'change': 1}
2025-09-19 12:10:31,380 : INFO : SwitchController : <<<<<<< 's_right_lower_pop' active >>>>>>>
2025-09-19 12:10:31,380 : INFO : EventManager : Event: ======'s_right_lower_pop_active'====== Args={}
2025-09-19 12:10:31,380 : INFO : EventManager : Event: ======'playfield_active'====== Args={'source': 'right_lower_pop'}
2025-09-19 12:10:31,380 : INFO : EventManager : Event: ======'machine_var_audits_switches_s_right_lower_pop'====== Args={'value': 284, 'prev_value': 283, 'change': 1}
2025-09-19 12:10:31,381 : INFO : EventManager : Event: ======'player_score'====== Args={'value': 129090, 'prev_value': 127980, 'change': 1110, 'player_num': 1, 'source': 'base'}
2025-09-19 12:10:31,387 : INFO : ball_device.bd_plunger : Got eject confirm
2025-09-19 12:10:31,387 : INFO : ball_device.bd_plunger : Eject successful
2025-09-19 12:10:31,387 : INFO : EventManager : Event: ======'balldevice_bd_plunger_ball_eject_success'====== Args={'balls': 1, 'target': <playfield.playfield>}
2025-09-19 12:10:31,387 : INFO : EventManager : Event: ======'balldevice_playfield_ball_enter'====== Args={'new_balls': 1, 'unclaimed_balls': 1, 'device': <playfield.playfield>}
2025-09-19 12:10:31,387 : INFO : EventManager : Event: ======'playfield_ball_count_change'====== Args={'balls': 1, 'change': 1}
2025-09-19 12:10:31,387 : INFO : EventManager : Event: ======'balldevice_bd_plunger_ball_count_changed'====== Args={'balls': 0}
2025-09-19 12:10:31,387 : INFO : ball_device.bd_plunger : State: idle
2025-09-19 12:10:31,387 : INFO : EventManager : Event: ======'balldevice_bd_plunger_ball_count_changed'====== Args={'balls': 1}
2025-09-19 12:10:31,387 : INFO : ball_device.bd_plunger : Received unexpected ball
2025-09-19 12:10:31,387 : INFO : EventManager : Event: ======'balldevice_captured_from_playfield'====== Args={'balls': 1}
2025-09-19 12:10:31,388 : INFO : EventManager : Event: ======'sw_playfield_active'====== Args={'balls': 1}
2025-09-19 12:10:31,388 : INFO : EventManager : Event: ======'playfield_ball_count_change'====== Args={'balls': 0, 'change': -1}
2025-09-19 12:10:31,388 : INFO : EventManager : Event: ======'balldevice_bd_plunger_ball_enter'====== Args={'new_balls': 1, 'unclaimed_balls': 1, 'new_available_balls': 1, 'device': <ball_device.bd_plunger>}
2025-09-19 12:10:31,388 : INFO : ball_device.bd_plunger : Ejecting 1 unexpected balls using path deque([<ball_device.bd_plunger>, <playfield.playfield>])
2025-09-19 12:10:31,388 : INFO : EventManager : Event: ======'balldevice_balls_available'====== Args={}
2025-09-19 12:10:31,388 : INFO : EventManager : Event: ======'balldevice_balls_available'====== Args={}
2025-09-19 12:10:31,388 : INFO : EventManager : Event: ======'balldevice_bd_plunger_ball_entered'====== Args={'new_balls': 1, 'device': <ball_device.bd_plunger>}
2025-09-19 12:10:31,388 : INFO : ball_device.bd_plunger : State: waiting_for_target_ready
2025-09-19 12:10:31,388 : INFO : EventManager : Event: ======'balldevice_bd_plunger_ball_eject_attempt'====== Args={'balls': 1, 'target': <playfield.playfield>, 'source': <ball_device.bd_plunger>, 'mechanical_eject': False, 'num_attempts': 0}
2025-09-19 12:10:31,389 : INFO : ball_device.bd_plunger : State: ejecting
2025-09-19 12:10:31,389 : INFO : ball_device.bd_plunger : Ejecting ball to <playfield.playfield>
2025-09-19 12:10:31,389 : INFO : EventManager : Event: ======'balldevice_bd_plunger_ejecting_ball'====== Args={'balls': 1, 'target': <playfield.playfield>, 'source': <ball_device.bd_plunger>, 'mechanical_eject': False, 'num_attempts': 0}
2025-09-19 12:10:31,389 : INFO : ball_device.bd_plunger : Wait for ball to leave device
2025-09-19 12:10:31,422 : INFO : coil.c_plunger : Pulsing Driver for 20ms (1.0 pulse_power)
2025-09-19 12:10:31,422 : INFO : SwitchController : <<<<<<< 's_plunger' inactive >>>>>>>
2025-09-19 12:10:31,422 : INFO : EventManager : Event: ======'ball_out'====== Args={}
2025-09-19 12:10:31,427 : INFO : ball_device.bd_plunger : State: ball_left
2025-09-19 12:10:31,427 : INFO : ball_device.bd_plunger : Ball left
2025-09-19 12:10:31,427 : INFO : ball_device.bd_plunger : Wait for confirm with timeout 3.0
2025-09-19 12:10:31,454 : INFO : SwitchController : <<<<<<< 's_right_lower_pop' inactive >>>>>>>
2025-09-19 12:10:31,977 : INFO : EventManager : Event: ======'ball_save_default_hurry_up'====== Args={}
2025-09-19 12:10:32,895 : INFO : SwitchController : <<<<<<< 's_three_bank_bottom' active >>>>>>>
2025-09-19 12:10:32,895 : INFO : EventManager : Event: ======'s_three_bank_bottom_active'====== Args={}
2025-09-19 12:10:32,895 : INFO : EventManager : Event: ======'playfield_active'====== Args={'source': 'bottom'}
2025-09-19 12:10:32,895 : INFO : EventManager : Event: ======'drop_target_bottom_down'====== Args={'device': <drop_target.bottom>}
2025-09-19 12:10:32,895 : INFO : EventManager : Event: ======'drop_target_bank_three_bank_mixed'====== Args={'prev_value': <DropTargetBankState.UP: 'up'>, 'down': 1}
2025-09-19 12:10:32,895 : INFO : EventManager : Event: ======'machine_var_audits_switches_s_three_bank_bottom'====== Args={'value': 66, 'prev_value': 65, 'change': 1}
2025-09-19 12:10:32,896 : INFO : EventManager : Event: ======'player_score'====== Args={'value': 131310, 'prev_value': 129090, 'change': 2220, 'player_num': 1, 'source': 'base'}
2025-09-19 12:10:32,901 : INFO : ball_device.bd_plunger : Got eject confirm
2025-09-19 12:10:32,901 : INFO : ball_device.bd_plunger : Eject successful
2025-09-19 12:10:32,901 : INFO : EventManager : Event: ======'balldevice_bd_plunger_ball_eject_success'====== Args={'balls': 1, 'target': <playfield.playfield>}
2025-09-19 12:10:32,901 : INFO : EventManager : Event: ======'balldevice_playfield_ball_enter'====== Args={'new_balls': 1, 'unclaimed_balls': 1, 'device': <playfield.playfield>}
2025-09-19 12:10:32,901 : INFO : EventManager : Event: ======'playfield_ball_count_change'====== Args={'balls': 1, 'change': 1}
2025-09-19 12:10:32,901 : INFO : EventManager : Event: ======'balldevice_bd_plunger_ball_count_changed'====== Args={'balls': 0}
2025-09-19 12:10:32,901 : INFO : ball_device.bd_plunger : State: idle
2025-09-19 12:10:33,969 : INFO : EventManager : Event: ======'ball_save_default_grace_period'====== Args={}
2025-09-19 12:10:34,092 : INFO : SwitchController : <<<<<<< 's_three_bank_top' active >>>>>>>
2025-09-19 12:10:34,092 : INFO : EventManager : Event: ======'s_three_bank_top_active'====== Args={}
2025-09-19 12:10:34,092 : INFO : EventManager : Event: ======'drop_target_top_down'====== Args={'device': <drop_target.top>}
2025-09-19 12:10:34,092 : INFO : EventManager : Event: ======'drop_target_bank_three_bank_mixed'====== Args={'prev_value': <DropTargetBankState.MIXED: 'mixed'>, 'down': 2}
2025-09-19 12:10:34,092 : INFO : EventManager : Event: ======'machine_var_audits_switches_s_three_bank_top'====== Args={'value': 60, 'prev_value': 59, 'change': 1}
2025-09-19 12:10:34,093 : INFO : EventManager : Event: ======'player_score'====== Args={'value': 133530, 'prev_value': 131310, 'change': 2220, 'player_num': 1, 'source': 'base'}
2025-09-19 12:10:35,185 : INFO : drop_target_bank.three_bank : 2 targets are down. Will reset those.
2025-09-19 12:10:35,185 : INFO : coil.c_three_bank : Pulsing Driver for 23ms (1.0 pulse_power)
2025-09-19 12:10:35,247 : INFO : SwitchController : <<<<<<< 's_three_bank_bottom' inactive (muted) >>>>>>>
2025-09-19 12:10:35,247 : WARNING : SwitchController : Received duplicate switch state 0 for switch s_three_bank_middle from the platform interface. Log Code: Log-SwitchController-1 (https://missionpinball.org/logs)
2025-09-19 12:10:35,247 : INFO : SwitchController : <<<<<<< 's_three_bank_top' inactive (muted) >>>>>>>
2025-09-19 12:10:35,700 : INFO : EventManager : Event: ======'drop_target_bottom_up'====== Args={'device': <drop_target.bottom>}
2025-09-19 12:10:35,700 : INFO : EventManager : Event: ======'drop_target_top_up'====== Args={'device': <drop_target.top>}
2025-09-19 12:10:35,701 : INFO : EventManager : Event: ======'drop_target_bank_three_bank_up'====== Args={}
2025-09-19 12:10:35,979 : INFO : EventManager : Event: ======'ball_save_default_disabled'====== Args={}
2025-09-19 12:10:36,771 : INFO : SwitchController : <<<<<<< 's_three_bank_bottom' active >>>>>>>
2025-09-19 12:10:36,771 : INFO : EventManager : Event: ======'s_three_bank_bottom_active'====== Args={}
2025-09-19 12:10:36,772 : INFO : EventManager : Event: ======'drop_target_bottom_down'====== Args={'device': <drop_target.bottom>}
2025-09-19 12:10:36,772 : INFO : EventManager : Event: ======'drop_target_bank_three_bank_mixed'====== Args={'prev_value': <DropTargetBankState.UP: 'up'>, 'down': 1}
2025-09-19 12:10:36,772 : INFO : EventManager : Event: ======'machine_var_audits_switches_s_three_bank_bottom'====== Args={'value': 67, 'prev_value': 66, 'change': 1}
2025-09-19 12:10:36,774 : INFO : EventManager : Event: ======'player_score'====== Args={'value': 135750, 'prev_value': 133530, 'change': 2220, 'player_num': 1, 'source': 'base'}
2025-09-19 12:10:37,912 : INFO : SwitchController : <<<<<<< 's_three_bank_top' active >>>>>>>
2025-09-19 12:10:37,912 : INFO : EventManager : Event: ======'s_three_bank_top_active'====== Args={}
2025-09-19 12:10:37,912 : INFO : EventManager : Event: ======'drop_target_top_down'====== Args={'device': <drop_target.top>}
2025-09-19 12:10:37,912 : INFO : EventManager : Event: ======'drop_target_bank_three_bank_mixed'====== Args={'prev_value': <DropTargetBankState.MIXED: 'mixed'>, 'down': 2}
2025-09-19 12:10:37,912 : INFO : EventManager : Event: ======'machine_var_audits_switches_s_three_bank_top'====== Args={'value': 61, 'prev_value': 60, 'change': 1}
2025-09-19 12:10:37,913 : INFO : EventManager : Event: ======'player_score'====== Args={'value': 137970, 'prev_value': 135750, 'change': 2220, 'player_num': 1, 'source': 'base'}
2025-09-19 12:10:40,589 : INFO : SwitchController : <<<<<<< 's_three_bank_middle' active >>>>>>>
2025-09-19 12:10:40,589 : INFO : EventManager : Event: ======'s_three_bank_middle_active'====== Args={}
2025-09-19 12:10:40,589 : INFO : EventManager : Event: ======'drop_target_middle_down'====== Args={'device': <drop_target.middle>}
2025-09-19 12:10:40,589 : INFO : EventManager : Event: ======'drop_target_bank_three_bank_down'====== Args={}
2025-09-19 12:10:40,589 : INFO : EventManager : Event: ======'machine_var_audits_switches_s_three_bank_middle'====== Args={'value': 65, 'prev_value': 64, 'change': 1}
2025-09-19 12:10:40,590 : INFO : EventManager : Event: ======'player_score'====== Args={'value': 140190, 'prev_value': 137970, 'change': 2220, 'player_num': 1, 'source': 'base'}
2025-09-19 12:10:42,263 : INFO : SwitchController : <<<<<<< 's_trough1' active >>>>>>>
2025-09-19 12:10:42,263 : INFO : EventManager : Event: ======'machine_var_audits_switches_s_trough1'====== Args={'value': 218, 'prev_value': 217, 'change': 1}
2025-09-19 12:10:42,779 : INFO : EventManager : Event: ======'balldevice_bd_trough_ball_count_changed'====== Args={'balls': 6}
2025-09-19 12:10:42,779 : INFO : ball_device.bd_trough : Received unexpected ball
2025-09-19 12:10:42,779 : INFO : EventManager : Event: ======'balldevice_captured_from_playfield'====== Args={'balls': 1}
2025-09-19 12:10:42,779 : INFO : EventManager : Event: ======'sw_playfield_active'====== Args={'balls': 1}
2025-09-19 12:10:42,779 : INFO : EventManager : Event: ======'playfield_ball_count_change'====== Args={'balls': 0, 'change': -1}
2025-09-19 12:10:42,780 : INFO : EventManager : Event: ======'balldevice_bd_trough_ball_enter'====== Args={'new_balls': 1, 'unclaimed_balls': 1, 'new_available_balls': 1, 'device': <ball_device.bd_trough>}
2025-09-19 12:10:42,780 : INFO : EventManager : Event: ======'ball_drain'====== Args={'device': <ball_device.bd_trough>, 'balls': 1}
2025-09-19 12:10:42,780 : INFO : EventManager : Event: ======'ball_will_end'====== Args={}
2025-09-19 12:10:42,780 : INFO : EventManager : Event: ======'balldevice_balls_available'====== Args={}
2025-09-19 12:10:42,780 : INFO : EventManager : Event: ======'balldevice_bd_trough_ball_entered'====== Args={'new_balls': 1, 'device': <ball_device.bd_trough>}
2025-09-19 12:10:42,781 : INFO : EventManager : Event: ======'ball_ending'====== Args={}
2025-09-19 12:10:42,781 : INFO : EventManager : Event: ======'mode_base_will_stop'====== Args={}
2025-09-19 12:10:42,781 : INFO : EventManager : Event: ======'mode_base_stopping'====== Args={}
2025-09-19 12:10:42,781 : INFO : Mode.base : Stopped.
2025-09-19 12:10:42,781 : INFO : EventManager : Event: ======'modes_active_modes_changed'====== Args={}
2025-09-19 12:10:42,782 : INFO : EventManager : Event: ======'mode_base_stopped'====== Args={}
2025-09-19 12:10:42,782 : INFO : EventManager : Event: ======'clear'====== Args={'key': 'base'}
2025-09-19 12:10:42,800 : INFO : EventManager : Event: ======'ball_ended'====== Args={}
2025-09-19 12:10:42,802 : INFO : EventManager : Event: ======'slide_base.slide_player-mode_base_started_removed'====== Args={'_from_bcp': True}
2025-09-19 12:10:42,802 : INFO : EventManager : Event: ======'slide_welcome_slide_active'====== Args={'_from_bcp': True}
2025-09-19 12:10:42,802 : INFO : EventManager : Event: ======'player_turn_will_end'====== Args={'player': <Player 1>, 'number': 1}
2025-09-19 12:10:42,806 : INFO : EventManager : Event: ======'player_turn_ending'====== Args={'player': <Player 1>, 'number': 1}
2025-09-19 12:10:42,806 : INFO : EventManager : Event: ======'player_turn_ended'====== Args={'player': <Player 1>, 'number': 1}
2025-09-19 12:10:42,806 : INFO : EventManager : Event: ======'game_will_end'====== Args={}
2025-09-19 12:10:42,806 : INFO : EventManager : Event: ======'game_ending'====== Args={}
2025-09-19 12:10:42,806 : INFO : EventManager : Event: ======'machine_var_player1_score'====== Args={'value': 140190, 'prev_value': 22740, 'change': 117450}
2025-09-19 12:10:42,807 : INFO : EventManager : Event: ======'game_ended'====== Args={}
2025-09-19 12:10:42,807 : INFO : EventManager : Event: ======'mode_game_will_stop'====== Args={}
2025-09-19 12:10:42,807 : INFO : EventManager : Event: ======'mode_game_stopping'====== Args={}
2025-09-19 12:10:42,807 : INFO : EventManager : Event: ======'mode_attract_will_start'====== Args={}
2025-09-19 12:10:42,810 : INFO : EventManager : Event: ======'mode_attract_starting'====== Args={}
2025-09-19 12:10:42,810 : INFO : Mode.attract : Started. Priority: 10
2025-09-19 12:10:42,810 : INFO : EventManager : Event: ======'modes_active_modes_changed'====== Args={}
2025-09-19 12:10:42,810 : INFO : EventManager : Event: ======'mode_attract_started'====== Args={}
2025-09-19 12:10:42,810 : INFO : EventManager : Event: ======'collecting_balls_complete'====== Args={}
2025-09-19 12:10:42,825 : INFO : Mode.game : Stopped.
2025-09-19 12:10:42,825 : INFO : EventManager : Event: ======'modes_active_modes_changed'====== Args={}
2025-09-19 12:10:42,826 : INFO : EventManager : Event: ======'mode_game_stopped'====== Args={}
2025-09-19 12:10:42,826 : INFO : EventManager : Event: ======'clear'====== Args={'key': 'game'}
2025-09-19 12:10:42,842 : INFO : EventManager : Event: ======'slide_press_start_slide_created'====== Args={'_from_bcp': True}
2025-09-19 12:10:42,842 : INFO : EventManager : Event: ======'slide_press_start_slide_active'====== Args={'_from_bcp': True}
2025-09-19 12:10:47,833 : INFO : EventManager : Event: ======'slide_last_game_score_slide_created'====== Args={'_from_bcp': True}
2025-09-19 12:10:47,837 : INFO : EventManager : Event: ======'slide_last_game_score_slide_active'====== Args={'_from_bcp': True}
2025-09-19 12:10:52,815 : INFO : EventManager : Event: ======'slide_press_start_slide_removed'====== Args={'_from_bcp': True}
2025-09-19 12:10:52,817 : INFO : EventManager : Event: ======'slide_press_start_slide_created'====== Args={'_from_bcp': True}
2025-09-19 12:10:52,818 : INFO : EventManager : Event: ======'slide_press_start_slide_active'====== Args={'_from_bcp': True}
2025-09-19 12:10:55,018 : INFO : Machine : Shutting down...
2025-09-19 12:10:55,019 : INFO : EventManager : Event: ======'shutdown'====== Args={}
2025-09-19 12:10:55,023 : INFO : root : MPF run loop ended.
