2025-10-05 18:40:41,149 : INFO : root : Loading config.
2025-10-05 18:40:41,153 : INFO : YamlMultifileConfigLoader : Machine config file #1: config.yaml
2025-10-05 18:40:41,153 : INFO : ConfigProcessor : Loading config from cache: C:\Users\sdona\AppData\Local\Temp\19f6d0d7953982fda9d956182316b8e5.mpf_cache
2025-10-05 18:40:41,254 : INFO : ConfigProcessor : Loading config from cache: C:\Users\sdona\AppData\Local\Temp\835b5bfea4be8b279a05e96caaaffbbb.mpf_cache
2025-10-05 18:40:41,255 : INFO : ConfigProcessor : Loading config from cache: C:\Users\sdona\AppData\Local\Temp\9b0a7575388f9d9bd2f6ab87bf9fd2f7.mpf_cache
2025-10-05 18:40:41,256 : INFO : ConfigProcessor : Loading config from cache: C:\Users\sdona\AppData\Local\Temp\c340ec0033d1055cd797ffd5447ef414.mpf_cache
2025-10-05 18:40:41,257 : INFO : ConfigProcessor : Loading config from cache: C:\Users\sdona\AppData\Local\Temp\835b5bfea4be8b279a05e96caaaffbbb.mpf_cache
2025-10-05 18:40:41,258 : INFO : ConfigProcessor : Loading config from cache: C:\Users\sdona\AppData\Local\Temp\8c11a28e3c38d4ad47947b6a126f2ee9.mpf_cache
2025-10-05 18:40:41,258 : INFO : ConfigProcessor : Loading config from cache: C:\Users\sdona\AppData\Local\Temp\e391083cdc9e667060411fe5838e93f2.mpf_cache
2025-10-05 18:40:41,260 : INFO : ConfigProcessor : Loading config from cache: C:\Users\sdona\AppData\Local\Temp\f0c219a993d891ee86dcb7eae47dde67.mpf_cache
2025-10-05 18:40:41,261 : INFO : ConfigProcessor : Loading config from cache: C:\Users\sdona\AppData\Local\Temp\96aa58108928490b129531848cd9b506.mpf_cache
2025-10-05 18:40:41,262 : INFO : ConfigProcessor : Loading config from cache: C:\Users\sdona\AppData\Local\Temp\567636b9d9766e3361204e954a8382da.mpf_cache
2025-10-05 18:40:41,263 : INFO : Machine : Mission Pinball Framework Core Engine v0.80.0.dev9
2025-10-05 18:40:41,263 : INFO : Machine : Command line arguments: {'no_load_cache': False, 'create_config_cache': True, 'bcp': True, 'configfile': ['config.yaml'], 'force_assets_load': False, 'platform_integration_test': False, 'jsonlogging': False, 'logfile': 'logs\\2025-10-05-18-40-41-mpf-PinballLaptop.log', 'pause': False, 'production': False, 'text_ui': True, 'loglevel': 15, 'consoleloglevel': 20, 'force_platform': 'smart_virtual', 'syslog_address': None, 'full_logfile_path': 'C:\\venv\\mpf\\mmmdrop\\logs\\2025-10-05-18-40-41-mpf-PinballLaptop.log'}
2025-10-05 18:40:41,263 : INFO : Machine : MPF path: c:\venv\mpf\lib\site-packages\mpf
2025-10-05 18:40:41,263 : INFO : Machine : Machine path: C:\venv\mpf\mmmdrop
2025-10-05 18:40:41,263 : INFO : Machine : Platform: win32
2025-10-05 18:40:41,263 : INFO : Machine : Python executable location: c:\venv\mpf\Scripts\python.exe
2025-10-05 18:40:41,263 : INFO : Machine : Python version: 3.9.13 (64-bit)
2025-10-05 18:40:41,265 : INFO : Machine : Initializing MPF...
2025-10-05 18:40:41,467 : INFO : EventManager : Event: ======'machine_var_credits_string'====== Args={'value': 'FREE PLAY', 'prev_value': None, 'change': True}
2025-10-05 18:40:41,495 : INFO : EventManager : Event: ======'machine_var_fast_audio_headphones_volume'====== Args={'value': 10, 'prev_value': None, 'change': True}
2025-10-05 18:40:41,495 : INFO : EventManager : Event: ======'machine_var_fast_audio_main_volume'====== Args={'value': 44, 'prev_value': None, 'change': True}
2025-10-05 18:40:41,495 : INFO : EventManager : Event: ======'machine_var_master_volume'====== Args={'value': 0.15, 'prev_value': None, 'change': True}
2025-10-05 18:40:41,495 : INFO : EventManager : Event: ======'machine_var_player1_score'====== Args={'value': 140190, 'prev_value': None, 'change': True}
2025-10-05 18:40:41,495 : INFO : EventManager : Event: ======'machine_var_mpf_version'====== Args={'value': 'Mission Pinball Framework v0.80.0.dev9', 'prev_value': None, 'change': True}
2025-10-05 18:40:41,495 : INFO : EventManager : Event: ======'machine_var_mpf_extended_version'====== Args={'value': 'Mission Pinball Framework v0.80.0.dev9, Config version:6, Show version: 6, BCP version:1.1', 'prev_value': None, 'change': True}
2025-10-05 18:40:41,495 : INFO : EventManager : Event: ======'machine_var_python_version'====== Args={'value': '3.9.13', 'prev_value': None, 'change': True}
2025-10-05 18:40:41,525 : INFO : EventManager : Event: ======'machine_var_platform'====== Args={'value': 'Windows-10-10.0.26100-SP0', 'prev_value': None, 'change': True}
2025-10-05 18:40:41,525 : INFO : EventManager : Event: ======'machine_var_platform_system'====== Args={'value': 'Windows', 'prev_value': None, 'change': True}
2025-10-05 18:40:41,525 : INFO : EventManager : Event: ======'machine_var_platform_release'====== Args={'value': '10', 'prev_value': None, 'change': True}
2025-10-05 18:40:41,525 : INFO : EventManager : Event: ======'machine_var_platform_version'====== Args={'value': '10.0.26100', 'prev_value': None, 'change': True}
2025-10-05 18:40:41,525 : INFO : EventManager : Event: ======'machine_var_platform_machine'====== Args={'value': 'AMD64', 'prev_value': None, 'change': True}
2025-10-05 18:40:41,525 : INFO : EventManager : Event: ======'machine_var_log_file_path'====== Args={'value': 'C:\\venv\\mpf\\mmmdrop\\logs\\2025-10-05-18-40-41-mpf-PinballLaptop.log', 'prev_value': None, 'change': True}
2025-10-05 18:40:41,526 : INFO : EventManager : Event: ======'init_phase_1'====== Args={}
2025-10-05 18:40:41,558 : INFO : EventManager : Event: ======'drop_target_bank_three_bank_up'====== Args={}
2025-10-05 18:40:41,558 : INFO : EventManager : Event: ======'init_phase_2'====== Args={}
2025-10-05 18:40:41,558 : INFO : SwitchController : Found active switch: ('3208-0', <Platform.SmartVirtual>) <switch.s_trough1>
2025-10-05 18:40:41,558 : INFO : SwitchController : Found active switch: ('3208-1', <Platform.SmartVirtual>) <switch.s_trough2>
2025-10-05 18:40:41,558 : INFO : SwitchController : Found active switch: ('3208-2', <Platform.SmartVirtual>) <switch.s_trough3>
2025-10-05 18:40:41,558 : INFO : SwitchController : Found active switch: ('3208-3', <Platform.SmartVirtual>) <switch.s_trough4>
2025-10-05 18:40:41,558 : INFO : SwitchController : Found active switch: ('3208-4', <Platform.SmartVirtual>) <switch.s_trough5>
2025-10-05 18:40:41,558 : INFO : SwitchController : Found active switch: ('3208-5', <Platform.SmartVirtual>) <switch.s_trough6>
2025-10-05 18:40:41,563 : INFO : EventManager : Event: ======'bcp_connection_attempt'====== Args={'name': 'local_display', 'host': 'localhost', 'port': 5050}
2025-10-05 18:40:41,566 : INFO : BCPClientSocket : Connecting BCP to 'local_display' at localhost:5050...
2025-10-05 18:40:45,161 : INFO : BCPClientSocket : Connected BCP to 'local_display' localhost:5050
2025-10-05 18:40:45,162 : INFO : EventManager : Event: ======'bcp_clients_connected'====== Args={}
2025-10-05 18:40:45,307 : INFO : ball_device.bd_trough : BCH: Initial count: 6
2025-10-05 18:40:45,307 : INFO : ball_device.bd_trough : State: idle
2025-10-05 18:40:45,308 : INFO : ball_device.bd_plunger : BCH: Initial count: 0
2025-10-05 18:40:45,308 : INFO : ball_device.bd_plunger : State: idle
2025-10-05 18:40:45,308 : INFO : ball_device.bd_scoop : BCH: Initial count: 0
2025-10-05 18:40:45,309 : INFO : ball_device.bd_scoop : State: idle
2025-10-05 18:40:45,326 : INFO : EventManager : Event: ======'init_phase_3'====== Args={}
2025-10-05 18:40:45,329 : INFO : EventManager : Event: ======'init_phase_4'====== Args={}
2025-10-05 18:40:45,330 : INFO : BallController : Initial balls found: 6
2025-10-05 18:40:45,391 : INFO : EventManager : Event: ======'machine_var_audits_events_game_ended'====== Args={'value': 36, 'prev_value': None, 'change': True}
2025-10-05 18:40:45,391 : INFO : EventManager : Event: ======'machine_var_audits_events_game_started'====== Args={'value': 271, 'prev_value': None, 'change': True}
2025-10-05 18:40:45,391 : INFO : EventManager : Event: ======'machine_var_audits_missing_switches_s_captive_ball'====== Args={'value': 15, 'prev_value': None, 'change': True}
2025-10-05 18:40:45,391 : INFO : EventManager : Event: ======'machine_var_audits_missing_switches_s_center_upper_pop'====== Args={'value': 15, 'prev_value': None, 'change': True}
2025-10-05 18:40:45,392 : INFO : EventManager : Event: ======'machine_var_audits_missing_switches_s_inner_orbit'====== Args={'value': 197, 'prev_value': None, 'change': True}
2025-10-05 18:40:45,392 : INFO : EventManager : Event: ======'machine_var_audits_missing_switches_s_left_flipper'====== Args={'value': 69, 'prev_value': None, 'change': True}
2025-10-05 18:40:45,392 : INFO : EventManager : Event: ======'machine_var_audits_missing_switches_s_left_inlane'====== Args={'value': 15, 'prev_value': None, 'change': True}
2025-10-05 18:40:45,392 : INFO : EventManager : Event: ======'machine_var_audits_missing_switches_s_left_orbit'====== Args={'value': 15, 'prev_value': None, 'change': True}
2025-10-05 18:40:45,392 : INFO : EventManager : Event: ======'machine_var_audits_missing_switches_s_left_outlane'====== Args={'value': 15, 'prev_value': None, 'change': True}
2025-10-05 18:40:45,392 : INFO : EventManager : Event: ======'machine_var_audits_missing_switches_s_left_ramp'====== Args={'value': 4, 'prev_value': None, 'change': True}
2025-10-05 18:40:45,392 : INFO : EventManager : Event: ======'machine_var_audits_missing_switches_s_left_slingshot'====== Args={'value': 197, 'prev_value': None, 'change': True}
2025-10-05 18:40:45,392 : INFO : EventManager : Event: ======'machine_var_audits_missing_switches_s_left_upper_pop'====== Args={'value': 15, 'prev_value': None, 'change': True}
2025-10-05 18:40:45,393 : INFO : EventManager : Event: ======'machine_var_audits_missing_switches_s_pop_standup'====== Args={'value': 4, 'prev_value': None, 'change': True}
2025-10-05 18:40:45,393 : INFO : EventManager : Event: ======'machine_var_audits_missing_switches_s_right_flipper'====== Args={'value': 69, 'prev_value': None, 'change': True}
2025-10-05 18:40:45,393 : INFO : EventManager : Event: ======'machine_var_audits_missing_switches_s_right_inlane'====== Args={'value': 82, 'prev_value': None, 'change': True}
2025-10-05 18:40:45,393 : INFO : EventManager : Event: ======'machine_var_audits_missing_switches_s_right_lower_pop'====== Args={'value': 15, 'prev_value': None, 'change': True}
2025-10-05 18:40:45,393 : INFO : EventManager : Event: ======'machine_var_audits_missing_switches_s_right_orbit'====== Args={'value': 15, 'prev_value': None, 'change': True}
2025-10-05 18:40:45,393 : INFO : EventManager : Event: ======'machine_var_audits_missing_switches_s_right_outlane'====== Args={'value': 82, 'prev_value': None, 'change': True}
2025-10-05 18:40:45,393 : INFO : EventManager : Event: ======'machine_var_audits_missing_switches_s_right_ramp'====== Args={'value': 4, 'prev_value': None, 'change': True}
2025-10-05 18:40:45,393 : INFO : EventManager : Event: ======'machine_var_audits_missing_switches_s_right_slingshot'====== Args={'value': 47, 'prev_value': None, 'change': True}
2025-10-05 18:40:45,393 : INFO : EventManager : Event: ======'machine_var_audits_missing_switches_s_scoop'====== Args={'value': 4, 'prev_value': None, 'change': True}
2025-10-05 18:40:45,394 : INFO : EventManager : Event: ======'machine_var_audits_missing_switches_s_spinner'====== Args={'value': 103, 'prev_value': None, 'change': True}
2025-10-05 18:40:45,394 : INFO : EventManager : Event: ======'machine_var_audits_missing_switches_s_start'====== Args={'value': 66, 'prev_value': None, 'change': True}
2025-10-05 18:40:45,394 : INFO : EventManager : Event: ======'machine_var_audits_missing_switches_s_tilt_bob'====== Args={'value': 205, 'prev_value': None, 'change': True}
2025-10-05 18:40:45,394 : INFO : EventManager : Event: ======'machine_var_audits_missing_switches_s_top_right_flipper'====== Args={'value': 197, 'prev_value': None, 'change': True}
2025-10-05 18:40:45,394 : INFO : EventManager : Event: ======'machine_var_audits_missing_switches_s_trough1'====== Args={'value': 15, 'prev_value': None, 'change': True}
2025-10-05 18:40:45,394 : INFO : EventManager : Event: ======'machine_var_audits_missing_switches_s_trough2'====== Args={'value': 12, 'prev_value': None, 'change': True}
2025-10-05 18:40:45,394 : INFO : EventManager : Event: ======'machine_var_audits_missing_switches_s_trough3'====== Args={'value': 12, 'prev_value': None, 'change': True}
2025-10-05 18:40:45,394 : INFO : EventManager : Event: ======'machine_var_audits_missing_switches_s_trough4'====== Args={'value': 196, 'prev_value': None, 'change': True}
2025-10-05 18:40:45,394 : INFO : EventManager : Event: ======'machine_var_audits_missing_switches_s_trough5'====== Args={'value': 196, 'prev_value': None, 'change': True}
2025-10-05 18:40:45,395 : INFO : EventManager : Event: ======'machine_var_audits_missing_switches_s_trough6'====== Args={'value': 46, 'prev_value': None, 'change': True}
2025-10-05 18:40:45,395 : INFO : EventManager : Event: ======'machine_var_audits_missing_switches_s_trough_jam'====== Args={'value': 197, 'prev_value': None, 'change': True}
2025-10-05 18:40:45,395 : INFO : EventManager : Event: ======'machine_var_audits_missing_switches_s_tshirt_bottom_standup'====== Args={'value': 43, 'prev_value': None, 'change': True}
2025-10-05 18:40:45,395 : INFO : EventManager : Event: ======'machine_var_audits_missing_switches_s_tshirt_top_standup'====== Args={'value': 22, 'prev_value': None, 'change': True}
2025-10-05 18:40:45,395 : INFO : EventManager : Event: ======'machine_var_audits_missing_switches_s_upper_pop_standup'====== Args={'value': 197, 'prev_value': None, 'change': True}
2025-10-05 18:40:45,395 : INFO : EventManager : Event: ======'machine_var_audits_player_score'====== Args={'value': {'average': 16766, 'top': [140190, 55679, 54526, 46225, 25350, 24166, 23278, 22740, 20422, 20201], 'total': 37}, 'prev_value': None, 'change': True}
2025-10-05 18:40:45,395 : INFO : EventManager : Event: ======'machine_var_audits_shots_skill_captive'====== Args={'value': 16, 'prev_value': None, 'change': True}
2025-10-05 18:40:45,397 : INFO : EventManager : Event: ======'machine_var_audits_shots_skill_drop_targets'====== Args={'value': 46, 'prev_value': None, 'change': True}
2025-10-05 18:40:45,397 : INFO : EventManager : Event: ======'machine_var_audits_shots_skill_side_targets'====== Args={'value': 27, 'prev_value': None, 'change': True}
2025-10-05 18:40:45,397 : INFO : EventManager : Event: ======'machine_var_audits_switches_s_captive_ball'====== Args={'value': 163, 'prev_value': None, 'change': True}
2025-10-05 18:40:45,397 : INFO : EventManager : Event: ======'machine_var_audits_switches_s_center_upper_pop'====== Args={'value': 196, 'prev_value': None, 'change': True}
2025-10-05 18:40:45,397 : INFO : EventManager : Event: ======'machine_var_audits_switches_s_inner_orbit'====== Args={'value': 0, 'prev_value': None, 'change': True}
2025-10-05 18:40:45,397 : INFO : EventManager : Event: ======'machine_var_audits_switches_s_left_flipper'====== Args={'value': 1243, 'prev_value': None, 'change': True}
2025-10-05 18:40:45,397 : INFO : EventManager : Event: ======'machine_var_audits_switches_s_left_inlane'====== Args={'value': 110, 'prev_value': None, 'change': True}
2025-10-05 18:40:45,397 : INFO : EventManager : Event: ======'machine_var_audits_switches_s_left_orbit'====== Args={'value': 27, 'prev_value': None, 'change': True}
2025-10-05 18:40:45,397 : INFO : EventManager : Event: ======'machine_var_audits_switches_s_left_outlane'====== Args={'value': 56, 'prev_value': None, 'change': True}
2025-10-05 18:40:45,398 : INFO : EventManager : Event: ======'machine_var_audits_switches_s_left_ramp'====== Args={'value': 43, 'prev_value': None, 'change': True}
2025-10-05 18:40:45,398 : INFO : EventManager : Event: ======'machine_var_audits_switches_s_left_slingshot'====== Args={'value': 259, 'prev_value': None, 'change': True}
2025-10-05 18:40:45,398 : INFO : EventManager : Event: ======'machine_var_audits_switches_s_left_upper_pop'====== Args={'value': 148, 'prev_value': None, 'change': True}
2025-10-05 18:40:45,398 : INFO : EventManager : Event: ======'machine_var_audits_switches_s_plunger'====== Args={'value': 724, 'prev_value': None, 'change': True}
2025-10-05 18:40:45,398 : INFO : EventManager : Event: ======'machine_var_audits_switches_s_pop_standup'====== Args={'value': 69, 'prev_value': None, 'change': True}
2025-10-05 18:40:45,398 : INFO : EventManager : Event: ======'machine_var_audits_switches_s_right_flipper'====== Args={'value': 1515, 'prev_value': None, 'change': True}
2025-10-05 18:40:45,398 : INFO : EventManager : Event: ======'machine_var_audits_switches_s_right_inlane'====== Args={'value': 106, 'prev_value': None, 'change': True}
2025-10-05 18:40:45,398 : INFO : EventManager : Event: ======'machine_var_audits_switches_s_right_lower_pop'====== Args={'value': 454, 'prev_value': None, 'change': True}
2025-10-05 18:40:45,398 : INFO : EventManager : Event: ======'machine_var_audits_switches_s_right_orbit'====== Args={'value': 27, 'prev_value': None, 'change': True}
2025-10-05 18:40:45,398 : INFO : EventManager : Event: ======'machine_var_audits_switches_s_right_outlane'====== Args={'value': 53, 'prev_value': None, 'change': True}
2025-10-05 18:40:45,398 : INFO : EventManager : Event: ======'machine_var_audits_switches_s_right_ramp'====== Args={'value': 43, 'prev_value': None, 'change': True}
2025-10-05 18:40:45,398 : INFO : EventManager : Event: ======'machine_var_audits_switches_s_right_slingshot'====== Args={'value': 366, 'prev_value': None, 'change': True}
2025-10-05 18:40:45,399 : INFO : EventManager : Event: ======'machine_var_audits_switches_s_scoop'====== Args={'value': 196, 'prev_value': None, 'change': True}
2025-10-05 18:40:45,399 : INFO : EventManager : Event: ======'machine_var_audits_switches_s_spinner'====== Args={'value': 1371, 'prev_value': None, 'change': True}
2025-10-05 18:40:45,399 : INFO : EventManager : Event: ======'machine_var_audits_switches_s_start'====== Args={'value': 55, 'prev_value': None, 'change': True}
2025-10-05 18:40:45,399 : INFO : EventManager : Event: ======'machine_var_audits_switches_s_three_bank_bottom'====== Args={'value': 199, 'prev_value': None, 'change': True}
2025-10-05 18:40:45,399 : INFO : EventManager : Event: ======'machine_var_audits_switches_s_three_bank_middle'====== Args={'value': 217, 'prev_value': None, 'change': True}
2025-10-05 18:40:45,399 : INFO : EventManager : Event: ======'machine_var_audits_switches_s_three_bank_standup'====== Args={'value': 137, 'prev_value': None, 'change': True}
2025-10-05 18:40:45,399 : INFO : EventManager : Event: ======'machine_var_audits_switches_s_three_bank_top'====== Args={'value': 210, 'prev_value': None, 'change': True}
2025-10-05 18:40:45,399 : INFO : EventManager : Event: ======'machine_var_audits_switches_s_tilt_bob'====== Args={'value': 21, 'prev_value': None, 'change': True}
2025-10-05 18:40:45,399 : INFO : EventManager : Event: ======'machine_var_audits_switches_s_top_right_flipper'====== Args={'value': 1294, 'prev_value': None, 'change': True}
2025-10-05 18:40:45,399 : INFO : EventManager : Event: ======'machine_var_audits_switches_s_trough1'====== Args={'value': 246, 'prev_value': None, 'change': True}
2025-10-05 18:40:45,399 : INFO : EventManager : Event: ======'machine_var_audits_switches_s_trough2'====== Args={'value': 256, 'prev_value': None, 'change': True}
2025-10-05 18:40:45,399 : INFO : EventManager : Event: ======'machine_var_audits_switches_s_trough3'====== Args={'value': 184, 'prev_value': None, 'change': True}
2025-10-05 18:40:45,399 : INFO : EventManager : Event: ======'machine_var_audits_switches_s_trough4'====== Args={'value': 160, 'prev_value': None, 'change': True}
2025-10-05 18:40:45,401 : INFO : EventManager : Event: ======'machine_var_audits_switches_s_trough5'====== Args={'value': 160, 'prev_value': None, 'change': True}
2025-10-05 18:40:45,401 : INFO : EventManager : Event: ======'machine_var_audits_switches_s_trough6'====== Args={'value': 161, 'prev_value': None, 'change': True}
2025-10-05 18:40:45,401 : INFO : EventManager : Event: ======'machine_var_audits_switches_s_trough_jam'====== Args={'value': 206, 'prev_value': None, 'change': True}
2025-10-05 18:40:45,401 : INFO : EventManager : Event: ======'machine_var_audits_switches_s_tshirt_bottom_standup'====== Args={'value': 31, 'prev_value': None, 'change': True}
2025-10-05 18:40:45,401 : INFO : EventManager : Event: ======'machine_var_audits_switches_s_tshirt_top_standup'====== Args={'value': 58, 'prev_value': None, 'change': True}
2025-10-05 18:40:45,401 : INFO : EventManager : Event: ======'machine_var_audits_switches_s_upper_pop_standup'====== Args={'value': 158, 'prev_value': None, 'change': True}
2025-10-05 18:40:45,402 : INFO : EventManager : Event: ======'init_phase_5'====== Args={}
2025-10-05 18:40:45,414 : INFO : EventManager : Event: ======'init_done'====== Args={}
2025-10-05 18:40:45,415 : INFO : EventManager : Event: ======'machine_reset_phase_1'====== Args={}
2025-10-05 18:40:45,423 : INFO : EventManager : Event: ======'machine_reset_phase_2'====== Args={}
2025-10-05 18:40:45,423 : INFO : EventManager : Event: ======'machine_reset_phase_3'====== Args={}
2025-10-05 18:40:45,423 : INFO : drop_target_bank.three_bank : All targets are already up. Will not reset bank.
2025-10-05 18:40:45,423 : INFO : EventManager : Event: ======'reset_complete'====== Args={}
2025-10-05 18:40:45,423 : INFO : EventManager : Event: ======'mode_attract_will_start'====== Args={}
2025-10-05 18:40:45,425 : INFO : EventManager : Event: ======'mode_attract_starting'====== Args={}
2025-10-05 18:40:45,425 : INFO : Mode.attract : Started. Priority: 10
2025-10-05 18:40:45,425 : INFO : EventManager : Event: ======'modes_active_modes_changed'====== Args={}
2025-10-05 18:40:45,425 : INFO : EventManager : Event: ======'mode_attract_started'====== Args={}
2025-10-05 18:40:45,425 : INFO : EventManager : Event: ======'collecting_balls_complete'====== Args={}
2025-10-05 18:40:45,440 : INFO : Machine : Starting the main run loop with active modes: [<Mode.attract>]
2025-10-05 18:40:45,445 : INFO : EventManager : Event: ======'slide_loading_created'====== Args={'_from_bcp': True}
2025-10-05 18:40:45,446 : INFO : EventManager : Event: ======'slide__removed'====== Args={'_from_bcp': True}
2025-10-05 18:40:45,446 : INFO : EventManager : Event: ======'slide_loading_active'====== Args={'original_context': '_global', 'original_calling_context': 'init_done', 'priority': 0.0, 'cmd': 'slides_play', '_from_bcp': True}
2025-10-05 18:40:45,510 : INFO : EventManager : Event: ======'slide_attract_created'====== Args={'_from_bcp': True}
2025-10-05 18:40:45,510 : INFO : EventManager : Event: ======'slide_loading_inactive'====== Args={'is_removing': True, '_from_bcp': True}
2025-10-05 18:40:45,510 : INFO : EventManager : Event: ======'slide_attract_active'====== Args={'original_context': 'attract', 'original_calling_context': 'mode_attract_started', 'priority': 10.0, 'cmd': 'slides_play', '_from_bcp': True}
2025-10-05 18:40:45,511 : INFO : EventManager : Event: ======'slide_loading_removed'====== Args={'_from_bcp': True}
2025-10-05 18:40:46,122 : INFO : BcpServer : New client connected.
2025-10-05 18:40:47,003 : INFO : SwitchController : <<<<<<< 's_start' active >>>>>>>
2025-10-05 18:40:47,118 : INFO : SwitchController : <<<<<<< 's_start' inactive >>>>>>>
2025-10-05 18:40:47,119 : INFO : EventManager : Event: ======'request_to_start_game'====== Args={}
2025-10-05 18:40:47,119 : INFO : EventManager : Event: ======'game_start'====== Args={'buttons': [], 'hold_time': 0.1090000000258442}
2025-10-05 18:40:47,119 : INFO : EventManager : Event: ======'mode_game_will_start'====== Args={'buttons': [], 'hold_time': 0.1090000000258442}
2025-10-05 18:40:47,122 : INFO : EventManager : Event: ======'mode_game_starting'====== Args={'buttons': [], 'hold_time': 0.1090000000258442}
2025-10-05 18:40:47,122 : INFO : EventManager : Event: ======'mode_attract_will_stop'====== Args={}
2025-10-05 18:40:47,122 : INFO : EventManager : Event: ======'mode_attract_stopping'====== Args={}
2025-10-05 18:40:47,122 : INFO : Mode.attract : Stopped.
2025-10-05 18:40:47,122 : INFO : EventManager : Event: ======'modes_active_modes_changed'====== Args={}
2025-10-05 18:40:47,123 : INFO : EventManager : Event: ======'mode_attract_stopped'====== Args={}
2025-10-05 18:40:47,123 : INFO : EventManager : Event: ======'clear'====== Args={'key': 'attract'}
2025-10-05 18:40:47,123 : INFO : Mode.game : Started. Priority: 20
2025-10-05 18:40:47,123 : INFO : EventManager : Event: ======'modes_active_modes_changed'====== Args={}
2025-10-05 18:40:47,123 : INFO : EventManager : Event: ======'mode_game_started'====== Args={'buttons': [], 'hold_time': 0.1090000000258442}
2025-10-05 18:40:47,129 : INFO : EventManager : Event: ======'game_will_start'====== Args={}
2025-10-05 18:40:47,130 : INFO : EventManager : Event: ======'game_starting'====== Args={'game': <Mode.game>}
2025-10-05 18:40:47,132 : INFO : EventManager : Unordered handler for class <Auditor> on event game_ended with priority 1. Handlers: [RegisteredHandler(callback=<bound method Auditor.disable of <Auditor>>, priority=1, kwargs={}, key=UUID('2c5d64e8-3a05-4211-bb43-7073d4cea1ef'), condition=None, blocking_facility=None), RegisteredHandler(callback=<bound method Auditor._save_audits of <Auditor>>, priority=1, kwargs={}, key=UUID('055ce8b9-2a46-4ce3-80f8-21caff1320fb'), condition=None, blocking_facility=None)]. The order of those handlers is not defined and they will be executed in random order. This might lead to race conditions and potential bugs.
2025-10-05 18:40:47,132 : INFO : EventManager : Event: ======'player_add_request'====== Args={}
2025-10-05 18:40:47,133 : INFO : EventManager : Event: ======'player_will_add'====== Args={'number': 1}
2025-10-05 18:40:47,133 : INFO : EventManager : Event: ======'player_adding'====== Args={'player': <Player 1>, 'number': 1}
2025-10-05 18:40:47,133 : INFO : EventManager : Event: ======'player_added'====== Args={'player': <Player 1>, 'num': 1}
2025-10-05 18:40:47,133 : INFO : Mode.game : Player added successfully. Total players: 1
2025-10-05 18:40:47,134 : INFO : EventManager : Event: ======'player_index'====== Args={'value': 0, 'prev_value': 0, 'change': 0, 'player_num': 1}
2025-10-05 18:40:47,134 : INFO : EventManager : Event: ======'player_number'====== Args={'value': 1, 'prev_value': 1, 'change': 0, 'player_num': 1}
2025-10-05 18:40:47,134 : INFO : EventManager : Event: ======'player_score'====== Args={'value': 0, 'prev_value': 0, 'change': 0, 'player_num': 1}
2025-10-05 18:40:47,136 : INFO : EventManager : Event: ======'game_started'====== Args={}
2025-10-05 18:40:47,145 : INFO : EventManager : Event: ======'player_turn_will_start'====== Args={'player': <Player 1>, 'number': 1}
2025-10-05 18:40:47,155 : INFO : EventManager : Event: ======'player_turn_starting'====== Args={'player': <Player 1>, 'number': 1}
2025-10-05 18:40:47,156 : INFO : EventManager : Event: ======'player_ball'====== Args={'value': 1, 'prev_value': 0, 'change': 1, 'player_num': 1}
2025-10-05 18:40:47,157 : INFO : EventManager : Event: ======'player_turn_started'====== Args={'player': <Player 1>, 'number': 1}
2025-10-05 18:40:47,159 : INFO : EventManager : Event: ======'ball_will_start'====== Args={'player': 1, 'ball': 1, 'balls_remaining': 2, 'is_extra_ball': False}
2025-10-05 18:40:47,162 : INFO : EventManager : Event: ======'ball_starting'====== Args={'player': 1, 'ball': 1, 'balls_remaining': 2, 'is_extra_ball': False}
2025-10-05 18:40:47,163 : INFO : EventManager : Event: ======'mode_base_will_start'====== Args={'queue': <QueuedEvent>, 'player': 1, 'ball': 1, 'balls_remaining': 2, 'is_extra_ball': False}
2025-10-05 18:40:47,168 : INFO : EventManager : Event: ======'mode_base_starting'====== Args={'queue': <QueuedEvent>, 'player': 1, 'ball': 1, 'balls_remaining': 2, 'is_extra_ball': False}
2025-10-05 18:40:47,168 : INFO : drop_target_bank.three_bank : All targets are already up. Will not reset bank.
2025-10-05 18:40:47,169 : INFO : EventManager : Event: ======'balls_in_play'====== Args={'balls': 1}
2025-10-05 18:40:47,169 : INFO : EventManager : Event: ======'ball_started'====== Args={'player': 1, 'ball': 1, 'balls_remaining': 2, 'is_extra_ball': False}
2025-10-05 18:40:47,171 : INFO : EventManager : Event: ======'logicblock_qualify_chcheckitout_multiball_updated'====== Args={'value': 0, 'enabled': True}
2025-10-05 18:40:47,171 : INFO : EventManager : Event: ======'logicblock_drop_target_bank_counter_updated'====== Args={'value': 0, 'enabled': True}
2025-10-05 18:40:47,171 : INFO : EventManager : Event: ======'logicblock_qualify_chcheckitout_multiball_updated'====== Args={'value': 0, 'enabled': True}
2025-10-05 18:40:47,171 : INFO : EventManager : Event: ======'logicblock_chcheckitout_multiball_ready_updated'====== Args={'value': 0, 'enabled': False}
2025-10-05 18:40:47,171 : INFO : EventManager : Event: ======'logicblock_drop_target_bank_counter_updated'====== Args={'value': 0, 'enabled': True}
2025-10-05 18:40:47,171 : INFO : Mode.base : Started. Priority: 100
2025-10-05 18:40:47,171 : INFO : EventManager : Event: ======'modes_active_modes_changed'====== Args={}
2025-10-05 18:40:47,171 : INFO : EventManager : Event: ======'mode_base_started'====== Args={'queue': <QueuedEvent>, 'player': 1, 'ball': 1, 'balls_remaining': 2, 'is_extra_ball': False}
2025-10-05 18:40:47,172 : INFO : EventManager : Event: ======'mode_skill_shot_will_start'====== Args={'player': 1, 'ball': 1, 'balls_remaining': 2, 'is_extra_ball': False}
2025-10-05 18:40:47,173 : INFO : EventManager : Event: ======'player_shot_skill_side_targets_enabled'====== Args={'value': True, 'prev_value': 0, 'change': 1, 'player_num': 1}
2025-10-05 18:40:47,174 : INFO : EventManager : Event: ======'player_shot_skill_drop_targets_enabled'====== Args={'value': True, 'prev_value': 0, 'change': 1, 'player_num': 1}
2025-10-05 18:40:47,175 : INFO : EventManager : Event: ======'skill_shot_complete'====== Args={'state': 'unlit'}
2025-10-05 18:40:47,175 : INFO : EventManager : Event: ======'skill_shot_unlit_complete'====== Args={}
2025-10-05 18:40:47,176 : INFO : EventManager : Event: ======'player_skill_shot_skill_shot_timeout_tick'====== Args={'value': 0, 'prev_value': 0, 'change': 0, 'player_num': 1}
2025-10-05 18:40:47,177 : INFO : EventManager : Event: ======'mode_skill_shot_starting'====== Args={'player': 1, 'ball': 1, 'balls_remaining': 2, 'is_extra_ball': False}
2025-10-05 18:40:47,178 : INFO : EventManager : Event: ======'logicblock_drop_target_bank_counter_updated'====== Args={'value': 1, 'enabled': True}
2025-10-05 18:40:47,178 : INFO : EventManager : Event: ======'counter_drop_target_bank_counter_hit'====== Args={'count': 1, 'hits': 1, 'remaining': 1}
2025-10-05 18:40:47,178 : INFO : EventManager : Event: ======'logicblock_drop_target_bank_counter_hit'====== Args={'count': 1, 'hits': 1, 'remaining': 1}
2025-10-05 18:40:47,181 : INFO : EventManager : Event: ======'player_drop_target_bank_counter_count'====== Args={'value': 1, 'prev_value': 0, 'change': 1, 'player_num': 1, 'source': 'base'}
2025-10-05 18:40:47,182 : INFO : EventManager : Event: ======'player_drop_target_bank_counter_count'====== Args={'value': 0, 'prev_value': 1, 'change': -1, 'player_num': 1, 'source': 'base'}
2025-10-05 18:40:47,182 : INFO : EventManager : Event: ======'mode_multiball_will_start'====== Args={'queue': <QueuedEvent>, 'player': 1, 'ball': 1, 'balls_remaining': 2, 'is_extra_ball': False}
2025-10-05 18:40:47,184 : INFO : EventManager : Event: ======'mode_multiball_starting'====== Args={'queue': <QueuedEvent>, 'player': 1, 'ball': 1, 'balls_remaining': 2, 'is_extra_ball': False}
2025-10-05 18:40:47,184 : INFO : EventManager : Event: ======'mode_carousel_will_start'====== Args={'queue': <QueuedEvent>, 'player': 1, 'ball': 1, 'balls_remaining': 2, 'is_extra_ball': False}
2025-10-05 18:40:47,185 : INFO : EventManager : Event: ======'mode_carousel_starting'====== Args={'queue': <QueuedEvent>, 'player': 1, 'ball': 1, 'balls_remaining': 2, 'is_extra_ball': False}
2025-10-05 18:40:47,187 : INFO : EventManager : Event: ======'ball_save_default_enabled'====== Args={}
2025-10-05 18:40:47,187 : INFO : Mode.carousel : Started. Priority: 200
2025-10-05 18:40:47,187 : INFO : EventManager : Event: ======'modes_active_modes_changed'====== Args={}
2025-10-05 18:40:47,187 : INFO : EventManager : Event: ======'mode_carousel_started'====== Args={'queue': <QueuedEvent>, 'player': 1, 'ball': 1, 'balls_remaining': 2, 'is_extra_ball': False}
2025-10-05 18:40:47,188 : INFO : EventManager : Event: ======'item_highlighted'====== Args={'carousel': 'carousel', 'direction': None, 'item': 'intergalactic'}
2025-10-05 18:40:47,189 : INFO : Mode.multiball : Started. Priority: 1000
2025-10-05 18:40:47,189 : INFO : EventManager : Event: ======'modes_active_modes_changed'====== Args={}
2025-10-05 18:40:47,189 : INFO : EventManager : Event: ======'mode_multiball_started'====== Args={'queue': <QueuedEvent>, 'player': 1, 'ball': 1, 'balls_remaining': 2, 'is_extra_ball': False}
2025-10-05 18:40:47,189 : INFO : Mode.skill_shot : Started. Priority: 500
2025-10-05 18:40:47,191 : INFO : EventManager : Event: ======'modes_active_modes_changed'====== Args={}
2025-10-05 18:40:47,191 : INFO : EventManager : Event: ======'mode_skill_shot_started'====== Args={'player': 1, 'ball': 1, 'balls_remaining': 2, 'is_extra_ball': False}
2025-10-05 18:40:47,191 : INFO : EventManager : Event: ======'player_shot_skill_side_targets'====== Args={'value': 1, 'prev_value': 0, 'change': 1, 'player_num': 1}
2025-10-05 18:40:47,192 : INFO : EventManager : Event: ======'player_shot_skill_drop_targets'====== Args={'value': 1, 'prev_value': 0, 'change': 1, 'player_num': 1}
2025-10-05 18:40:47,193 : INFO : EventManager : Event: ======'skill_shot_complete'====== Args={'state': 'flashing'}
2025-10-05 18:40:47,193 : INFO : EventManager : Event: ======'skill_shot_flashing_complete'====== Args={}
2025-10-05 18:40:47,194 : INFO : EventManager : Event: ======'single_player_ball_started'====== Args={}
2025-10-05 18:40:47,214 : INFO : EventManager : Event: ======'ball_start_target'====== Args={'target': 'playfield'}
2025-10-05 18:40:47,217 : INFO : EventManager : Event: ======'slide_base_created'====== Args={'_from_bcp': True}
2025-10-05 18:40:47,217 : INFO : EventManager : Event: ======'slide_score_overlay_created'====== Args={'_from_bcp': True}
2025-10-05 18:40:47,218 : INFO : EventManager : Event: ======'slide_attract_inactive'====== Args={'is_removing': True, '_from_bcp': True}
2025-10-05 18:40:47,218 : INFO : EventManager : Event: ======'slide_score_overlay_active'====== Args={'original_context': 'base', 'original_calling_context': 'mode_base_started', 'priority': 100.0, 'queue': '<QueuedEvent>', 'player': 1.0, 'ball': 1.0, 'balls_remaining': 2.0, 'is_extra_ball': False, 'cmd': 'slides_play', '_from_bcp': True}
2025-10-05 18:40:47,219 : INFO : ball_device.bd_plunger : Setting up player-controlled eject. Balls: 1, Target: <playfield.playfield>, player_controlled_eject_event: None
2025-10-05 18:40:47,220 : INFO : EventManager : Event: ======'balldevice_balls_available'====== Args={}
2025-10-05 18:40:47,221 : INFO : EventManager : Event: ======'slide_attract_removed'====== Args={'_from_bcp': True}
2025-10-05 18:40:47,222 : INFO : ball_device.bd_trough : State: waiting_for_target_ready
2025-10-05 18:40:47,223 : INFO : EventManager : Event: ======'balldevice_bd_trough_ball_eject_attempt'====== Args={'balls': 1, 'target': <ball_device.bd_plunger>, 'source': <ball_device.bd_trough>, 'mechanical_eject': True, 'num_attempts': 0}
2025-10-05 18:40:47,223 : INFO : ball_device.bd_plunger : State: waiting_for_ball
2025-10-05 18:40:47,224 : INFO : ball_device.bd_trough : State: ejecting
2025-10-05 18:40:47,225 : INFO : ball_device.bd_trough : Ejecting ball to <ball_device.bd_plunger>
2025-10-05 18:40:47,225 : INFO : EventManager : Event: ======'balldevice_bd_trough_ejecting_ball'====== Args={'balls': 1, 'target': <ball_device.bd_plunger>, 'source': <ball_device.bd_trough>, 'mechanical_eject': True, 'num_attempts': 0}
2025-10-05 18:40:47,227 : INFO : ball_device.bd_trough : Wait for ball to leave device
2025-10-05 18:40:47,227 : INFO : coil.c_trough_eject : Pulsing Driver for 20ms (1.0 pulse_power)
2025-10-05 18:40:47,228 : INFO : SwitchController : <<<<<<< 's_trough1' inactive >>>>>>>
2025-10-05 18:40:47,233 : INFO : EventManager : Event: ======'slide_current_mode_highlighted_created'====== Args={'_from_bcp': True}
2025-10-05 18:40:47,234 : INFO : ball_device.bd_trough : State: ball_left
2025-10-05 18:40:47,234 : INFO : ball_device.bd_trough : Ball left
2025-10-05 18:40:47,234 : INFO : ball_device.bd_trough : Wait for confirm with timeout 3.0
2025-10-05 18:40:47,330 : INFO : SwitchController : <<<<<<< 's_plunger' active >>>>>>>
2025-10-05 18:40:47,330 : INFO : EventManager : Event: ======'machine_var_audits_switches_s_plunger'====== Args={'value': 725, 'prev_value': 724, 'change': 1}
2025-10-05 18:40:47,473 : INFO : EventManager : Event: ======'slide_skillshot_overlay_created'====== Args={'_from_bcp': True}
2025-10-05 18:40:47,829 : INFO : ball_device.bd_plunger : Received ball from <ball_device.bd_trough>
2025-10-05 18:40:47,829 : INFO : EventManager : Event: ======'balldevice_bd_plunger_ball_enter'====== Args={'new_balls': 1, 'unclaimed_balls': 0, 'new_available_balls': 0, 'device': <ball_device.bd_plunger>}
2025-10-05 18:40:47,830 : INFO : EventManager : Event: ======'balldevice_bd_plunger_ball_entered'====== Args={'new_balls': 0, 'device': <ball_device.bd_plunger>}
2025-10-05 18:40:47,831 : INFO : EventManager : Event: ======'balldevice_bd_plunger_ball_count_changed'====== Args={'balls': 1}
2025-10-05 18:40:47,831 : INFO : ball_device.bd_trough : Got eject confirm
2025-10-05 18:40:47,831 : INFO : ball_device.bd_trough : Eject successful
2025-10-05 18:40:47,831 : INFO : EventManager : Event: ======'balldevice_bd_trough_ball_eject_success'====== Args={'balls': 1, 'target': <ball_device.bd_plunger>}
2025-10-05 18:40:47,832 : INFO : EventManager : Event: ======'balldevice_bd_trough_ball_count_changed'====== Args={'balls': 5}
2025-10-05 18:40:47,832 : INFO : ball_device.bd_trough : State: idle
2025-10-05 18:40:47,833 : INFO : ball_device.bd_plunger : State: waiting_for_target_ready
2025-10-05 18:40:47,833 : INFO : EventManager : Event: ======'balldevice_bd_plunger_ball_eject_attempt'====== Args={'balls': 1, 'target': <playfield.playfield>, 'source': <ball_device.bd_plunger>, 'mechanical_eject': True, 'num_attempts': 0}
2025-10-05 18:40:47,835 : INFO : ball_device.bd_plunger : State: ejecting
2025-10-05 18:40:47,835 : INFO : ball_device.bd_plunger : Ejecting ball to <playfield.playfield>
2025-10-05 18:40:47,835 : INFO : EventManager : Event: ======'balldevice_bd_plunger_ejecting_ball'====== Args={'balls': 1, 'target': <playfield.playfield>, 'source': <ball_device.bd_plunger>, 'mechanical_eject': True, 'num_attempts': 0}
2025-10-05 18:40:47,837 : INFO : ball_device.bd_plunger : Wait for ball to leave device
2025-10-05 18:40:48,967 : INFO : SwitchController : <<<<<<< 's_plunger' inactive >>>>>>>
2025-10-05 18:40:48,967 : INFO : EventManager : Event: ======'ball_out'====== Args={}
2025-10-05 18:40:48,968 : INFO : EventManager : Event: ======'ball_save_default_timer_start'====== Args={}
2025-10-05 18:40:48,973 : INFO : ball_device.bd_plunger : State: ball_left
2025-10-05 18:40:48,974 : INFO : ball_device.bd_plunger : Ball left
2025-10-05 18:40:48,974 : INFO : ball_device.bd_plunger : Wait for confirm with timeout 3.0
2025-10-05 18:40:49,339 : INFO : SwitchController : <<<<<<< 's_three_bank_bottom' active >>>>>>>
2025-10-05 18:40:49,340 : INFO : EventManager : Event: ======'playfield_active'====== Args={'source': 'skill_drop_targets'}
2025-10-05 18:40:49,340 : INFO : EventManager : Event: ======'s_three_bank_bottom_active'====== Args={}
2025-10-05 18:40:49,340 : INFO : EventManager : Event: ======'playfield_active'====== Args={'source': 'bottom'}
2025-10-05 18:40:49,340 : INFO : EventManager : Event: ======'drop_target_bottom_down'====== Args={'device': <drop_target.bottom>}
2025-10-05 18:40:49,340 : INFO : EventManager : Event: ======'drop_target_bank_three_bank_mixed'====== Args={'prev_value': <DropTargetBankState.UP: 'up'>, 'down': 1}
2025-10-05 18:40:49,340 : INFO : EventManager : Event: ======'machine_var_audits_switches_s_three_bank_bottom'====== Args={'value': 200, 'prev_value': 199, 'change': 1}
2025-10-05 18:40:49,345 : INFO : EventManager : Event: ======'player_shot_skill_drop_targets'====== Args={'value': 2, 'prev_value': 1, 'change': 1, 'player_num': 1}
2025-10-05 18:40:49,345 : INFO : EventManager : Event: ======'machine_var_audits_shots_skill_drop_targets'====== Args={'value': 47, 'prev_value': 46, 'change': 1}
2025-10-05 18:40:49,346 : INFO : EventManager : Event: ======'skill_drop_targets_hit'====== Args={'profile': 'skill_shot_profile', 'state': 'flashing', 'advancing': True}
2025-10-05 18:40:49,346 : INFO : EventManager : Event: ======'skill_drop_targets_skill_shot_profile_hit'====== Args={'profile': 'skill_shot_profile', 'state': 'flashing', 'advancing': True}
2025-10-05 18:40:49,346 : INFO : EventManager : Event: ======'skill_drop_targets_skill_shot_profile_flashing_hit'====== Args={'profile': 'skill_shot_profile', 'state': 'flashing', 'advancing': True}
2025-10-05 18:40:49,346 : INFO : EventManager : Event: ======'skill_drop_targets_flashing_hit'====== Args={'profile': 'skill_shot_profile', 'state': 'flashing', 'advancing': True}
2025-10-05 18:40:49,346 : INFO : EventManager : Event: ======'player_score'====== Args={'value': 2220, 'prev_value': 0, 'change': 2220, 'player_num': 1, 'source': 'base'}
2025-10-05 18:40:49,346 : INFO : EventManager : Event: ======'skill_shot_hit'====== Args={'shot': 'skill_drop_targets'}
2025-10-05 18:40:49,346 : INFO : EventManager : Event: ======'skill_shot_flashing_hit'====== Args={'shot': 'skill_drop_targets'}
2025-10-05 18:40:49,346 : INFO : state_machine.skill_shot_success : Transitioning from start to success
2025-10-05 18:40:49,347 : INFO : EventManager : Event: ======'skill_success'====== Args={}
2025-10-05 18:40:49,347 : INFO : EventManager : Event: ======'mode_skill_shot_will_stop'====== Args={}
2025-10-05 18:40:49,347 : INFO : EventManager : Event: ======'mode_skill_shot_stopping'====== Args={}
2025-10-05 18:40:49,347 : INFO : EventManager : Event: ======'player_score'====== Args={'value': 2002220, 'prev_value': 2220, 'change': 2000000, 'player_num': 1, 'source': 'skill_shot'}
2025-10-05 18:40:49,349 : INFO : Mode.skill_shot : Stopped.
2025-10-05 18:40:49,349 : INFO : EventManager : Event: ======'modes_active_modes_changed'====== Args={}
2025-10-05 18:40:49,349 : INFO : EventManager : Event: ======'mode_skill_shot_stopped'====== Args={}
2025-10-05 18:40:49,349 : INFO : EventManager : Event: ======'clear'====== Args={'key': 'skill_shot'}
2025-10-05 18:40:49,350 : INFO : Timer.skill_shot_timeout : Stopping Timer
2025-10-05 18:40:49,350 : INFO : EventManager : Event: ======'timer_skill_shot_timeout_stopped'====== Args={'ticks': 0, 'ticks_remaining': 0}
2025-10-05 18:40:49,375 : INFO : ball_device.bd_plunger : Got eject confirm
2025-10-05 18:40:49,376 : INFO : ball_device.bd_plunger : Eject successful
2025-10-05 18:40:49,376 : INFO : EventManager : Event: ======'balldevice_bd_plunger_ball_eject_success'====== Args={'balls': 1, 'target': <playfield.playfield>}
2025-10-05 18:40:49,377 : INFO : EventManager : Event: ======'slide_skillshot_overlay_removed'====== Args={'_from_bcp': True}
2025-10-05 18:40:49,377 : INFO : EventManager : Event: ======'slide_skillshot_success_overlay_created'====== Args={'_from_bcp': True}
2025-10-05 18:40:49,377 : INFO : EventManager : Event: ======'balldevice_playfield_ball_enter'====== Args={'new_balls': 1, 'unclaimed_balls': 1, 'device': <playfield.playfield>}
2025-10-05 18:40:49,377 : INFO : EventManager : Event: ======'playfield_ball_count_change'====== Args={'balls': 1, 'change': 1}
2025-10-05 18:40:49,378 : INFO : EventManager : Event: ======'balldevice_bd_plunger_ball_count_changed'====== Args={'balls': 0}
2025-10-05 18:40:49,378 : INFO : ball_device.bd_plunger : State: idle
2025-10-05 18:40:49,566 : INFO : SwitchController : <<<<<<< 's_three_bank_middle' active >>>>>>>
2025-10-05 18:40:49,566 : INFO : EventManager : Event: ======'s_three_bank_middle_active'====== Args={}
2025-10-05 18:40:49,566 : INFO : EventManager : Event: ======'drop_target_middle_down'====== Args={'device': <drop_target.middle>}
2025-10-05 18:40:49,567 : INFO : EventManager : Event: ======'drop_target_bank_three_bank_mixed'====== Args={'prev_value': <DropTargetBankState.MIXED: 'mixed'>, 'down': 2}
2025-10-05 18:40:49,567 : INFO : EventManager : Event: ======'machine_var_audits_switches_s_three_bank_middle'====== Args={'value': 218, 'prev_value': 217, 'change': 1}
2025-10-05 18:40:49,568 : INFO : EventManager : Event: ======'player_score'====== Args={'value': 2004440, 'prev_value': 2002220, 'change': 2220, 'player_num': 1, 'source': 'base'}
2025-10-05 18:40:49,784 : INFO : SwitchController : <<<<<<< 's_three_bank_top' active >>>>>>>
2025-10-05 18:40:49,784 : INFO : EventManager : Event: ======'s_three_bank_top_active'====== Args={}
2025-10-05 18:40:49,784 : INFO : EventManager : Event: ======'drop_target_top_down'====== Args={'device': <drop_target.top>}
2025-10-05 18:40:49,785 : INFO : EventManager : Event: ======'drop_target_bank_three_bank_down'====== Args={}
2025-10-05 18:40:49,785 : INFO : EventManager : Event: ======'machine_var_audits_switches_s_three_bank_top'====== Args={'value': 211, 'prev_value': 210, 'change': 1}
2025-10-05 18:40:49,786 : INFO : EventManager : Event: ======'player_score'====== Args={'value': 2006660, 'prev_value': 2004440, 'change': 2220, 'player_num': 1, 'source': 'base'}
2025-10-05 18:40:49,787 : INFO : EventManager : Event: ======'logicblock_drop_target_bank_counter_updated'====== Args={'value': 2, 'enabled': True}
2025-10-05 18:40:49,787 : INFO : EventManager : Event: ======'counter_drop_target_bank_counter_hit'====== Args={'count': 2, 'hits': 2, 'remaining': 0}
2025-10-05 18:40:49,788 : INFO : EventManager : Event: ======'logicblock_drop_target_bank_counter_hit'====== Args={'count': 2, 'hits': 2, 'remaining': 0}
2025-10-05 18:40:49,788 : INFO : EventManager : Event: ======'chcheckitout_multiball_qualified'====== Args={}
2025-10-05 18:40:49,788 : INFO : EventManager : Event: ======'player_drop_target_bank_counter_count'====== Args={'value': 2, 'prev_value': 0, 'change': 2, 'player_num': 1, 'source': 'base'}
2025-10-05 18:40:49,789 : INFO : EventManager : Event: ======'logicblock_qualify_chcheckitout_multiball_updated'====== Args={'value': 1, 'enabled': True}
2025-10-05 18:40:49,789 : INFO : EventManager : Event: ======'logicblock_qualify_chcheckitout_multiball_hit'====== Args={'step': 1}
2025-10-05 18:40:49,790 : INFO : EventManager : Event: ======'drops_standup_start_multiball'====== Args={}
2025-10-05 18:40:49,790 : INFO : EventManager : Event: ======'logicblock_qualify_chcheckitout_multiball_updated'====== Args={'value': 0, 'enabled': True}
2025-10-05 18:40:49,790 : INFO : EventManager : Event: ======'logicblock_chcheckitout_multiball_ready_updated'====== Args={'value': 0, 'enabled': True}
2025-10-05 18:40:50,795 : INFO : drop_target_bank.three_bank : 3 targets are down. Will reset those.
2025-10-05 18:40:50,795 : INFO : coil.c_three_bank : Pulsing Driver for 23ms (1.0 pulse_power)
2025-10-05 18:40:50,857 : INFO : SwitchController : <<<<<<< 's_three_bank_bottom' inactive (muted) >>>>>>>
2025-10-05 18:40:50,858 : INFO : SwitchController : <<<<<<< 's_three_bank_middle' inactive (muted) >>>>>>>
2025-10-05 18:40:50,858 : INFO : SwitchController : <<<<<<< 's_three_bank_top' inactive (muted) >>>>>>>
2025-10-05 18:40:51,290 : INFO : EventManager : Event: ======'drop_target_bottom_up'====== Args={'device': <drop_target.bottom>}
2025-10-05 18:40:51,291 : INFO : EventManager : Event: ======'drop_target_middle_up'====== Args={'device': <drop_target.middle>}
2025-10-05 18:40:51,292 : INFO : EventManager : Event: ======'drop_target_top_up'====== Args={'device': <drop_target.top>}
2025-10-05 18:40:51,293 : INFO : EventManager : Event: ======'drop_target_bank_three_bank_up'====== Args={}
2025-10-05 18:40:51,354 : INFO : EventManager : Event: ======'slide_skillshot_success_overlay_removed'====== Args={'_from_bcp': True}
2025-10-05 18:40:51,846 : INFO : SwitchController : <<<<<<< 's_three_bank_middle' active >>>>>>>
2025-10-05 18:40:51,847 : INFO : EventManager : Event: ======'s_three_bank_middle_active'====== Args={}
2025-10-05 18:40:51,847 : INFO : EventManager : Event: ======'drop_target_middle_down'====== Args={'device': <drop_target.middle>}
2025-10-05 18:40:51,847 : INFO : EventManager : Event: ======'drop_target_bank_three_bank_mixed'====== Args={'prev_value': <DropTargetBankState.UP: 'up'>, 'down': 1}
2025-10-05 18:40:51,847 : INFO : EventManager : Event: ======'machine_var_audits_switches_s_three_bank_middle'====== Args={'value': 219, 'prev_value': 218, 'change': 1}
2025-10-05 18:40:51,849 : INFO : EventManager : Event: ======'player_score'====== Args={'value': 2008880, 'prev_value': 2006660, 'change': 2220, 'player_num': 1, 'source': 'base'}
2025-10-05 18:40:51,946 : INFO : SwitchController : <<<<<<< 's_three_bank_top' active >>>>>>>
2025-10-05 18:40:51,946 : INFO : EventManager : Event: ======'s_three_bank_top_active'====== Args={}
2025-10-05 18:40:51,947 : INFO : EventManager : Event: ======'drop_target_top_down'====== Args={'device': <drop_target.top>}
2025-10-05 18:40:51,947 : INFO : EventManager : Event: ======'drop_target_bank_three_bank_mixed'====== Args={'prev_value': <DropTargetBankState.MIXED: 'mixed'>, 'down': 2}
2025-10-05 18:40:51,947 : INFO : EventManager : Event: ======'machine_var_audits_switches_s_three_bank_top'====== Args={'value': 212, 'prev_value': 211, 'change': 1}
2025-10-05 18:40:51,949 : INFO : EventManager : Event: ======'player_score'====== Args={'value': 2011100, 'prev_value': 2008880, 'change': 2220, 'player_num': 1, 'source': 'base'}
2025-10-05 18:40:51,987 : INFO : EventManager : Event: ======'ball_save_default_hurry_up'====== Args={}
2025-10-05 18:40:53,629 : INFO : SwitchController : <<<<<<< 's_right_lower_pop' active >>>>>>>
2025-10-05 18:40:53,629 : INFO : EventManager : Event: ======'s_right_lower_pop_active'====== Args={}
2025-10-05 18:40:53,629 : INFO : EventManager : Event: ======'machine_var_audits_switches_s_right_lower_pop'====== Args={'value': 455, 'prev_value': 454, 'change': 1}
2025-10-05 18:40:53,630 : INFO : EventManager : Event: ======'item_highlighted'====== Args={'carousel': 'carousel', 'direction': 'backwards', 'item': 'paulrevere'}
2025-10-05 18:40:53,630 : INFO : EventManager : Event: ======'player_score'====== Args={'value': 2012210, 'prev_value': 2011100, 'change': 1110, 'player_num': 1, 'source': 'base'}
2025-10-05 18:40:53,711 : INFO : SwitchController : <<<<<<< 's_right_lower_pop' inactive >>>>>>>
2025-10-05 18:40:53,966 : INFO : EventManager : Event: ======'ball_save_default_grace_period'====== Args={}
2025-10-05 18:40:55,958 : INFO : EventManager : Event: ======'ball_save_default_disabled'====== Args={}
2025-10-05 18:40:57,809 : INFO : SwitchController : <<<<<<< 's_scoop' active >>>>>>>
2025-10-05 18:40:57,809 : INFO : EventManager : Event: ======'s_scoop_active'====== Args={}
2025-10-05 18:40:57,809 : INFO : EventManager : Event: ======'machine_var_audits_switches_s_scoop'====== Args={'value': 197, 'prev_value': 196, 'change': 1}
2025-10-05 18:40:57,810 : INFO : EventManager : Event: ======'scoop_hit'====== Args={'elapsed': 0}
2025-10-05 18:40:57,812 : INFO : EventManager : Event: ======'carousel_paulrevere_selected'====== Args={}
2025-10-05 18:40:57,812 : INFO : EventManager : Event: ======'carousel_item_selected'====== Args={}
2025-10-05 18:40:57,812 : INFO : EventManager : Event: ======'player_score'====== Args={'value': 2014520, 'prev_value': 2012210, 'change': 2310, 'player_num': 1, 'source': 'base'}
2025-10-05 18:40:57,812 : INFO : EventManager : Event: ======'mode_paulrevere_will_start'====== Args={}
2025-10-05 18:40:57,814 : INFO : EventManager : Event: ======'player_paulrevere_paulrevere_intro_show_tick'====== Args={'value': 0, 'prev_value': 0, 'change': 0, 'player_num': 1}
2025-10-05 18:40:57,816 : INFO : EventManager : Event: ======'mode_paulrevere_starting'====== Args={}
2025-10-05 18:40:57,817 : INFO : EventManager : Event: ======'player_selected_mode'====== Args={'value': 'Paul Revere', 'prev_value': 0, 'change': True, 'player_num': 1, 'source': 'carousel'}
2025-10-05 18:40:57,817 : INFO : EventManager : Event: ======'mode_carousel_will_stop'====== Args={}
2025-10-05 18:40:57,817 : INFO : EventManager : Event: ======'mode_carousel_stopping'====== Args={}
2025-10-05 18:40:57,818 : INFO : Mode.carousel : Stopped.
2025-10-05 18:40:57,818 : INFO : EventManager : Event: ======'modes_active_modes_changed'====== Args={}
2025-10-05 18:40:57,818 : INFO : EventManager : Event: ======'mode_carousel_stopped'====== Args={}
2025-10-05 18:40:57,819 : INFO : EventManager : Event: ======'clear'====== Args={'key': 'carousel'}
2025-10-05 18:40:57,846 : INFO : EventManager : Event: ======'logicblock_paulrevere_shot_1_updated'====== Args={'value': 0, 'enabled': True}
2025-10-05 18:40:57,846 : INFO : EventManager : Event: ======'logicblock_paulrevere_shot_1_updated'====== Args={'value': 0, 'enabled': True}
2025-10-05 18:40:57,846 : INFO : EventManager : Event: ======'logicblock_paulrevere_shot_2_updated'====== Args={'value': 0, 'enabled': False}
2025-10-05 18:40:57,846 : INFO : EventManager : Event: ======'logicblock_paulrevere_shot_3_updated'====== Args={'value': 0, 'enabled': False}
2025-10-05 18:40:57,847 : INFO : EventManager : Event: ======'logicblock_paulrevere_shot_4_updated'====== Args={'value': 0, 'enabled': False}
2025-10-05 18:40:57,847 : INFO : EventManager : Event: ======'logicblock_paulrevere_shot_5_updated'====== Args={'value': 0, 'enabled': False}
2025-10-05 18:40:57,847 : INFO : EventManager : Event: ======'logicblock_paulrevere_shot_6_updated'====== Args={'value': 0, 'enabled': False}
2025-10-05 18:40:57,847 : INFO : Mode.paulrevere : Started. Priority: 1000
2025-10-05 18:40:57,847 : INFO : EventManager : Event: ======'modes_active_modes_changed'====== Args={}
2025-10-05 18:40:57,847 : INFO : EventManager : Event: ======'mode_paulrevere_started'====== Args={}
2025-10-05 18:40:57,848 : INFO : Timer.paulrevere_intro_show : Starting Timer.
2025-10-05 18:40:57,848 : INFO : EventManager : Event: ======'timer_paulrevere_intro_show_started'====== Args={'ticks': 0, 'ticks_remaining': 6}
2025-10-05 18:40:57,848 : INFO : EventManager : Event: ======'timer_paulrevere_intro_show_tick'====== Args={'ticks': 0, 'ticks_remaining': 6}
2025-10-05 18:40:57,848 : INFO : EventManager : Event: ======'player_paulrevere_intro_show_variable_times_100'====== Args={'value': 0, 'prev_value': 0, 'change': 0, 'player_num': 1, 'source': 'paulrevere'}
2025-10-05 18:40:57,851 : INFO : EventManager : Event: ======'slide_current_mode_highlighted_removed'====== Args={'_from_bcp': True}
2025-10-05 18:40:57,868 : INFO : EventManager : Event: ======'slide_base_removed'====== Args={'_from_bcp': True}
2025-10-05 18:40:57,869 : INFO : EventManager : Event: ======'slide_paulrevere_created'====== Args={'_from_bcp': True}
2025-10-05 18:40:58,299 : INFO : EventManager : Event: ======'balldevice_bd_scoop_ball_count_changed'====== Args={'balls': 1}
2025-10-05 18:40:58,301 : INFO : ball_device.bd_scoop : Received unexpected ball
2025-10-05 18:40:58,301 : INFO : EventManager : Event: ======'balldevice_captured_from_playfield'====== Args={'balls': 1}
2025-10-05 18:40:58,301 : INFO : EventManager : Event: ======'sw_playfield_active'====== Args={'balls': 1}
2025-10-05 18:40:58,301 : INFO : EventManager : Event: ======'playfield_ball_count_change'====== Args={'balls': 0, 'change': -1}
2025-10-05 18:40:58,302 : INFO : EventManager : Event: ======'balldevice_bd_scoop_ball_enter'====== Args={'new_balls': 1, 'unclaimed_balls': 1, 'new_available_balls': 1, 'device': <ball_device.bd_scoop>}
2025-10-05 18:40:58,303 : INFO : EventManager : Event: ======'ball_hold_paulrevere_scoop_hold_held_ball'====== Args={'balls_held': 1, 'total_balls_held': 1}
2025-10-05 18:40:58,303 : INFO : EventManager : Event: ======'ball_hold_paulrevere_scoop_hold_full'====== Args={'balls': 1}
2025-10-05 18:40:58,304 : INFO : EventManager : Event: ======'balldevice_balls_available'====== Args={}
2025-10-05 18:40:58,304 : INFO : EventManager : Event: ======'balldevice_bd_scoop_ball_entered'====== Args={'new_balls': 1, 'device': <ball_device.bd_scoop>}
2025-10-05 18:40:58,875 : INFO : EventManager : Event: ======'player_paulrevere_paulrevere_intro_show_tick'====== Args={'value': 1, 'prev_value': 0, 'change': 1, 'player_num': 1}
2025-10-05 18:40:58,876 : INFO : EventManager : Event: ======'timer_paulrevere_intro_show_tick'====== Args={'ticks': 1, 'ticks_remaining': 5}
2025-10-05 18:40:58,877 : INFO : EventManager : Event: ======'player_paulrevere_intro_show_variable_times_100'====== Args={'value': 100, 'prev_value': 0, 'change': 100, 'player_num': 1, 'source': 'paulrevere'}
2025-10-05 18:40:59,870 : INFO : EventManager : Event: ======'player_paulrevere_paulrevere_intro_show_tick'====== Args={'value': 2, 'prev_value': 1, 'change': 1, 'player_num': 1}
2025-10-05 18:40:59,872 : INFO : EventManager : Event: ======'timer_paulrevere_intro_show_tick'====== Args={'ticks': 2, 'ticks_remaining': 4}
2025-10-05 18:40:59,873 : INFO : EventManager : Event: ======'player_paulrevere_intro_show_variable_times_100'====== Args={'value': 200, 'prev_value': 100, 'change': 100, 'player_num': 1, 'source': 'paulrevere'}
2025-10-05 18:41:00,848 : INFO : EventManager : Event: ======'player_paulrevere_paulrevere_intro_show_tick'====== Args={'value': 3, 'prev_value': 2, 'change': 1, 'player_num': 1}
2025-10-05 18:41:00,848 : INFO : EventManager : Event: ======'timer_paulrevere_intro_show_tick'====== Args={'ticks': 3, 'ticks_remaining': 3}
2025-10-05 18:41:00,850 : INFO : EventManager : Event: ======'player_paulrevere_intro_show_variable_times_100'====== Args={'value': 300, 'prev_value': 200, 'change': 100, 'player_num': 1, 'source': 'paulrevere'}
2025-10-05 18:41:01,875 : INFO : EventManager : Event: ======'player_paulrevere_paulrevere_intro_show_tick'====== Args={'value': 4, 'prev_value': 3, 'change': 1, 'player_num': 1}
2025-10-05 18:41:01,876 : INFO : EventManager : Event: ======'timer_paulrevere_intro_show_tick'====== Args={'ticks': 4, 'ticks_remaining': 2}
2025-10-05 18:41:01,877 : INFO : EventManager : Event: ======'player_paulrevere_intro_show_variable_times_100'====== Args={'value': 400, 'prev_value': 300, 'change': 100, 'player_num': 1, 'source': 'paulrevere'}
2025-10-05 18:41:02,873 : INFO : EventManager : Event: ======'player_paulrevere_paulrevere_intro_show_tick'====== Args={'value': 5, 'prev_value': 4, 'change': 1, 'player_num': 1}
2025-10-05 18:41:02,874 : INFO : EventManager : Event: ======'timer_paulrevere_intro_show_tick'====== Args={'ticks': 5, 'ticks_remaining': 1}
2025-10-05 18:41:02,875 : INFO : EventManager : Event: ======'player_paulrevere_intro_show_variable_times_100'====== Args={'value': 500, 'prev_value': 400, 'change': 100, 'player_num': 1, 'source': 'paulrevere'}
2025-10-05 18:41:03,853 : INFO : EventManager : Event: ======'player_paulrevere_paulrevere_intro_show_tick'====== Args={'value': 6, 'prev_value': 5, 'change': 1, 'player_num': 1}
2025-10-05 18:41:03,854 : INFO : Timer.paulrevere_intro_show : Timer Complete
2025-10-05 18:41:03,854 : INFO : Timer.paulrevere_intro_show : Stopping Timer
2025-10-05 18:41:03,854 : INFO : EventManager : Event: ======'timer_paulrevere_intro_show_stopped'====== Args={'ticks': 6, 'ticks_remaining': 1}
2025-10-05 18:41:03,854 : INFO : EventManager : Event: ======'timer_paulrevere_intro_show_complete'====== Args={'ticks': 6, 'ticks_remaining': 1}
2025-10-05 18:41:03,856 : INFO : ball_device.bd_scoop : Adding 1 ball(s) to the eject_queue with target <playfield.playfield>.
2025-10-05 18:41:03,856 : INFO : EventManager : Event: ======'balldevice_balls_available'====== Args={}
2025-10-05 18:41:03,856 : INFO : EventManager : Event: ======'ball_hold_paulrevere_scoop_hold_balls_released'====== Args={'balls_released': 1}
2025-10-05 18:41:03,861 : INFO : ball_device.bd_scoop : State: waiting_for_target_ready
2025-10-05 18:41:03,861 : INFO : EventManager : Event: ======'balldevice_bd_scoop_ball_eject_attempt'====== Args={'balls': 1, 'target': <playfield.playfield>, 'source': <ball_device.bd_scoop>, 'mechanical_eject': False, 'num_attempts': 0}
2025-10-05 18:41:03,862 : INFO : ball_device.bd_scoop : State: ejecting
2025-10-05 18:41:03,863 : INFO : ball_device.bd_scoop : Ejecting ball to <playfield.playfield>
2025-10-05 18:41:03,863 : INFO : EventManager : Event: ======'balldevice_bd_scoop_ejecting_ball'====== Args={'balls': 1, 'target': <playfield.playfield>, 'source': <ball_device.bd_scoop>, 'mechanical_eject': False, 'num_attempts': 0}
2025-10-05 18:41:03,864 : INFO : ball_device.bd_scoop : Wait for ball to leave device
2025-10-05 18:41:03,865 : INFO : coil.c_scoop_eject : Pulsing Driver for 25ms (1.0 pulse_power)
2025-10-05 18:41:03,865 : INFO : SwitchController : <<<<<<< 's_scoop' inactive >>>>>>>
2025-10-05 18:41:03,871 : INFO : ball_device.bd_scoop : State: ball_left
2025-10-05 18:41:03,871 : INFO : ball_device.bd_scoop : Ball left
2025-10-05 18:41:03,871 : INFO : ball_device.bd_scoop : Wait for confirm with timeout 3.0
2025-10-05 18:41:03,875 : INFO : EventManager : Event: ======'slide_paulrevere_left_orbit_lit_created'====== Args={'_from_bcp': True}
2025-10-05 18:41:06,875 : INFO : ball_device.bd_scoop : State: failed_confirm
2025-10-05 18:41:06,876 : INFO : ball_device.bd_scoop : Got timeout (3.0s) before confirm from <playfield.playfield>
2025-10-05 18:41:06,966 : INFO : ball_device.bd_scoop : Confirming eject because target is playfield and ball did not return.
2025-10-05 18:41:06,966 : INFO : ball_device.bd_scoop : Eject successful
2025-10-05 18:41:06,966 : INFO : EventManager : Event: ======'balldevice_bd_scoop_ball_eject_success'====== Args={'balls': 1, 'target': <playfield.playfield>}
2025-10-05 18:41:06,967 : INFO : EventManager : Event: ======'balldevice_playfield_ball_enter'====== Args={'new_balls': 1, 'unclaimed_balls': 1, 'device': <playfield.playfield>}
2025-10-05 18:41:06,967 : INFO : EventManager : Event: ======'playfield_ball_count_change'====== Args={'balls': 1, 'change': 1}
2025-10-05 18:41:06,968 : INFO : EventManager : Event: ======'balldevice_bd_scoop_ball_count_changed'====== Args={'balls': 0}
2025-10-05 18:41:06,968 : INFO : ball_device.bd_scoop : State: idle
2025-10-05 18:41:59,319 : INFO : SwitchController : <<<<<<< 's_left_orbit' active >>>>>>>
2025-10-05 18:41:59,319 : INFO : EventManager : Event: ======'s_left_orbit_active'====== Args={}
2025-10-05 18:41:59,320 : INFO : EventManager : Event: ======'machine_var_audits_switches_s_left_orbit'====== Args={'value': 28, 'prev_value': 27, 'change': 1}
2025-10-05 18:41:59,321 : INFO : EventManager : Event: ======'player_score'====== Args={'value': 2014630, 'prev_value': 2014520, 'change': 110, 'player_num': 1, 'source': 'base'}
2025-10-05 18:41:59,416 : INFO : SwitchController : <<<<<<< 's_left_orbit' inactive >>>>>>>
2025-10-05 18:42:00,219 : INFO : SwitchController : <<<<<<< 's_right_orbit' active >>>>>>>
2025-10-05 18:42:00,219 : INFO : EventManager : Event: ======'s_right_orbit_active'====== Args={}
2025-10-05 18:42:00,219 : INFO : EventManager : Event: ======'machine_var_audits_switches_s_right_orbit'====== Args={'value': 28, 'prev_value': 27, 'change': 1}
2025-10-05 18:42:00,221 : INFO : EventManager : Event: ======'player_score'====== Args={'value': 2014740, 'prev_value': 2014630, 'change': 110, 'player_num': 1, 'source': 'base'}
2025-10-05 18:42:00,221 : INFO : EventManager : Event: ======'left_orbit_hit'====== Args={'elapsed': 0.8910000000032596}
2025-10-05 18:42:00,223 : INFO : EventManager : Event: ======'logicblock_paulrevere_shot_1_updated'====== Args={'value': 1, 'enabled': True}
2025-10-05 18:42:00,223 : INFO : EventManager : Event: ======'logicblock_paulrevere_shot_1_hit'====== Args={'step': 1}
2025-10-05 18:42:00,223 : INFO : EventManager : Event: ======'paulrevere_shot_1_done'====== Args={}
2025-10-05 18:42:00,223 : INFO : EventManager : Event: ======'logicblock_paulrevere_shot_1_updated'====== Args={'value': 1, 'enabled': False}
2025-10-05 18:42:00,224 : INFO : EventManager : Event: ======'logicblock_paulrevere_shot_2_updated'====== Args={'value': 0, 'enabled': True}
2025-10-05 18:42:00,224 : INFO : EventManager : Event: ======'player_score'====== Args={'value': 3014740, 'prev_value': 2014740, 'change': 1000000, 'player_num': 1, 'source': 'paulrevere'}
2025-10-05 18:42:00,240 : INFO : EventManager : Event: ======'slide_paulrevere_left_orbit_lit_removed'====== Args={'_from_bcp': True}
2025-10-05 18:42:00,244 : INFO : EventManager : Event: ======'slide_paulrevere_left_ramp_lit_created'====== Args={'_from_bcp': True}
2025-10-05 18:42:00,281 : INFO : SwitchController : <<<<<<< 's_right_orbit' inactive >>>>>>>
2025-10-05 18:42:01,617 : INFO : SwitchController : <<<<<<< 's_left_ramp' active >>>>>>>
2025-10-05 18:42:01,618 : INFO : EventManager : Event: ======'s_left_ramp_active'====== Args={}
2025-10-05 18:42:01,618 : INFO : EventManager : Event: ======'machine_var_audits_switches_s_left_ramp'====== Args={'value': 44, 'prev_value': 43, 'change': 1}
2025-10-05 18:42:01,620 : INFO : EventManager : Event: ======'left_ramp_hit'====== Args={'elapsed': 0}
2025-10-05 18:42:01,621 : INFO : EventManager : Event: ======'player_score'====== Args={'value': 3017750, 'prev_value': 3014740, 'change': 3010, 'player_num': 1, 'source': 'base'}
2025-10-05 18:42:01,621 : INFO : EventManager : Event: ======'logicblock_paulrevere_shot_2_updated'====== Args={'value': 1, 'enabled': True}
2025-10-05 18:42:01,621 : INFO : EventManager : Event: ======'logicblock_paulrevere_shot_2_hit'====== Args={'step': 1}
2025-10-05 18:42:01,621 : INFO : EventManager : Event: ======'paulrevere_shot_2_done'====== Args={}
2025-10-05 18:42:01,621 : INFO : EventManager : Event: ======'logicblock_paulrevere_shot_2_updated'====== Args={'value': 1, 'enabled': False}
2025-10-05 18:42:01,622 : INFO : EventManager : Event: ======'logicblock_paulrevere_shot_3_updated'====== Args={'value': 0, 'enabled': True}
2025-10-05 18:42:01,622 : INFO : EventManager : Event: ======'player_score'====== Args={'value': 5017750, 'prev_value': 3017750, 'change': 2000000, 'player_num': 1, 'source': 'paulrevere'}
2025-10-05 18:42:01,640 : INFO : EventManager : Event: ======'slide_paulrevere_left_ramp_lit_removed'====== Args={'_from_bcp': True}
2025-10-05 18:42:01,644 : INFO : EventManager : Event: ======'slide_paulrevere_captive_ball_lit_created'====== Args={'_from_bcp': True}
2025-10-05 18:42:01,720 : INFO : SwitchController : <<<<<<< 's_left_ramp' inactive >>>>>>>
2025-10-05 18:42:03,017 : INFO : SwitchController : <<<<<<< 's_captive_ball' active >>>>>>>
2025-10-05 18:42:03,017 : INFO : EventManager : Event: ======'s_captive_ball_active'====== Args={}
2025-10-05 18:42:03,018 : INFO : EventManager : Event: ======'machine_var_audits_switches_s_captive_ball'====== Args={'value': 164, 'prev_value': 163, 'change': 1}
2025-10-05 18:42:03,019 : INFO : EventManager : Event: ======'captive_ball_hit'====== Args={'elapsed': 0}
2025-10-05 18:42:03,020 : INFO : EventManager : Event: ======'player_score'====== Args={'value': 5027760, 'prev_value': 5017750, 'change': 10010, 'player_num': 1, 'source': 'base'}
2025-10-05 18:42:03,021 : INFO : EventManager : Event: ======'logicblock_paulrevere_shot_3_updated'====== Args={'value': 1, 'enabled': True}
2025-10-05 18:42:03,021 : INFO : EventManager : Event: ======'logicblock_paulrevere_shot_3_hit'====== Args={'step': 1}
2025-10-05 18:42:03,021 : INFO : EventManager : Event: ======'paulrevere_shot_3_done'====== Args={}
2025-10-05 18:42:03,021 : INFO : EventManager : Event: ======'logicblock_paulrevere_shot_3_updated'====== Args={'value': 1, 'enabled': False}
2025-10-05 18:42:03,022 : INFO : EventManager : Event: ======'logicblock_paulrevere_shot_4_updated'====== Args={'value': 0, 'enabled': True}
2025-10-05 18:42:03,022 : INFO : EventManager : Event: ======'player_score'====== Args={'value': 10027760, 'prev_value': 5027760, 'change': 5000000, 'player_num': 1, 'source': 'paulrevere'}
2025-10-05 18:42:03,038 : INFO : EventManager : Event: ======'slide_paulrevere_captive_ball_lit_removed'====== Args={'_from_bcp': True}
2025-10-05 18:42:03,041 : INFO : EventManager : Event: ======'slide_paulrevere_right_ramp_lit_created'====== Args={'_from_bcp': True}
2025-10-05 18:42:03,089 : INFO : SwitchController : <<<<<<< 's_captive_ball' inactive >>>>>>>
2025-10-05 18:42:03,250 : INFO : EventManager : Event: ======'right_orbit_timeout'====== Args={}
2025-10-05 18:42:04,265 : INFO : SwitchController : <<<<<<< 's_right_ramp' active >>>>>>>
2025-10-05 18:42:04,265 : INFO : EventManager : Event: ======'s_right_ramp_active'====== Args={}
2025-10-05 18:42:04,265 : INFO : EventManager : Event: ======'machine_var_audits_switches_s_right_ramp'====== Args={'value': 44, 'prev_value': 43, 'change': 1}
2025-10-05 18:42:04,267 : INFO : EventManager : Event: ======'right_ramp_hit'====== Args={'elapsed': 0}
2025-10-05 18:42:04,267 : INFO : EventManager : Event: ======'player_score'====== Args={'value': 10030770, 'prev_value': 10027760, 'change': 3010, 'player_num': 1, 'source': 'base'}
2025-10-05 18:42:04,268 : INFO : EventManager : Event: ======'logicblock_paulrevere_shot_4_updated'====== Args={'value': 1, 'enabled': True}
2025-10-05 18:42:04,268 : INFO : EventManager : Event: ======'logicblock_paulrevere_shot_4_hit'====== Args={'step': 1}
2025-10-05 18:42:04,268 : INFO : EventManager : Event: ======'paulrevere_shot_4_done'====== Args={}
2025-10-05 18:42:04,269 : INFO : EventManager : Event: ======'logicblock_paulrevere_shot_4_updated'====== Args={'value': 1, 'enabled': False}
2025-10-05 18:42:04,270 : INFO : EventManager : Event: ======'logicblock_paulrevere_shot_5_updated'====== Args={'value': 0, 'enabled': True}
2025-10-05 18:42:04,270 : INFO : EventManager : Event: ======'player_score'====== Args={'value': 13030770, 'prev_value': 10030770, 'change': 3000000, 'player_num': 1, 'source': 'paulrevere'}
2025-10-05 18:42:04,284 : INFO : EventManager : Event: ======'slide_paulrevere_right_ramp_lit_removed'====== Args={'_from_bcp': True}
2025-10-05 18:42:04,287 : INFO : EventManager : Event: ======'slide_paulrevere_right_orbit_lit_created'====== Args={'_from_bcp': True}
2025-10-05 18:42:04,349 : INFO : SwitchController : <<<<<<< 's_right_ramp' inactive >>>>>>>
2025-10-05 18:42:05,450 : INFO : SwitchController : <<<<<<< 's_right_orbit' active >>>>>>>
2025-10-05 18:42:05,450 : INFO : EventManager : Event: ======'s_right_orbit_active'====== Args={}
2025-10-05 18:42:05,451 : INFO : EventManager : Event: ======'machine_var_audits_switches_s_right_orbit'====== Args={'value': 29, 'prev_value': 28, 'change': 1}
2025-10-05 18:42:05,452 : INFO : EventManager : Event: ======'player_score'====== Args={'value': 13030880, 'prev_value': 13030770, 'change': 110, 'player_num': 1, 'source': 'base'}
2025-10-05 18:42:05,556 : INFO : SwitchController : <<<<<<< 's_right_orbit' inactive >>>>>>>
2025-10-05 18:42:06,375 : INFO : SwitchController : <<<<<<< 's_left_orbit' active >>>>>>>
2025-10-05 18:42:06,375 : INFO : EventManager : Event: ======'s_left_orbit_active'====== Args={}
2025-10-05 18:42:06,375 : INFO : EventManager : Event: ======'machine_var_audits_switches_s_left_orbit'====== Args={'value': 29, 'prev_value': 28, 'change': 1}
2025-10-05 18:42:06,376 : INFO : EventManager : Event: ======'player_score'====== Args={'value': 13030990, 'prev_value': 13030880, 'change': 110, 'player_num': 1, 'source': 'base'}
2025-10-05 18:42:06,377 : INFO : EventManager : Event: ======'right_orbit_hit'====== Args={'elapsed': 0.9220000000204891}
2025-10-05 18:42:06,377 : INFO : EventManager : Event: ======'logicblock_paulrevere_shot_5_updated'====== Args={'value': 1, 'enabled': True}
2025-10-05 18:42:06,377 : INFO : EventManager : Event: ======'logicblock_paulrevere_shot_5_hit'====== Args={'step': 1}
2025-10-05 18:42:06,378 : INFO : EventManager : Event: ======'paulrevere_shot_5_done'====== Args={}
2025-10-05 18:42:06,378 : INFO : EventManager : Event: ======'logicblock_paulrevere_shot_5_updated'====== Args={'value': 1, 'enabled': False}
2025-10-05 18:42:06,378 : INFO : EventManager : Event: ======'logicblock_paulrevere_shot_6_updated'====== Args={'value': 0, 'enabled': True}
2025-10-05 18:42:06,378 : INFO : EventManager : Event: ======'player_score'====== Args={'value': 63030990, 'prev_value': 13030990, 'change': 50000000, 'player_num': 1, 'source': 'paulrevere'}
2025-10-05 18:42:06,386 : INFO : EventManager : Event: ======'slide_paulrevere_right_orbit_lit_removed'====== Args={'_from_bcp': True}
2025-10-05 18:42:06,390 : INFO : EventManager : Event: ======'slide_paulrevere_final_shot_lit_created'====== Args={'_from_bcp': True}
2025-10-05 18:42:06,448 : INFO : SwitchController : <<<<<<< 's_left_orbit' inactive >>>>>>>
2025-10-05 18:42:08,217 : INFO : SwitchController : <<<<<<< 's_scoop' active >>>>>>>
2025-10-05 18:42:08,217 : INFO : EventManager : Event: ======'s_scoop_active'====== Args={}
2025-10-05 18:42:08,217 : INFO : EventManager : Event: ======'machine_var_audits_switches_s_scoop'====== Args={'value': 198, 'prev_value': 197, 'change': 1}
2025-10-05 18:42:08,218 : INFO : EventManager : Event: ======'scoop_hit'====== Args={'elapsed': 0}
2025-10-05 18:42:08,219 : INFO : EventManager : Event: ======'player_score'====== Args={'value': 63033300, 'prev_value': 63030990, 'change': 2310, 'player_num': 1, 'source': 'base'}
2025-10-05 18:42:08,219 : INFO : EventManager : Event: ======'logicblock_paulrevere_shot_6_updated'====== Args={'value': 1, 'enabled': True}
2025-10-05 18:42:08,219 : INFO : EventManager : Event: ======'logicblock_paulrevere_shot_6_hit'====== Args={'step': 1}
2025-10-05 18:42:08,219 : INFO : EventManager : Event: ======'paulrevere_shot_6_done'====== Args={}
2025-10-05 18:42:08,220 : INFO : EventManager : Event: ======'mode_paulrevere_stop'====== Args={}
2025-10-05 18:42:08,220 : INFO : EventManager : Event: ======'logicblock_paulrevere_shot_6_updated'====== Args={'value': 1, 'enabled': False}
2025-10-05 18:42:08,221 : INFO : EventManager : Event: ======'player_score'====== Args={'value': 73033300, 'prev_value': 63033300, 'change': 10000000, 'player_num': 1, 'source': 'paulrevere'}
2025-10-05 18:42:08,222 : INFO : EventManager : Event: ======'mode_paulrevere_will_stop'====== Args={}
2025-10-05 18:42:08,222 : INFO : EventManager : Event: ======'mode_paulrevere_stopping'====== Args={}
2025-10-05 18:42:08,222 : INFO : EventManager : Event: ======'mode_carousel_will_start'====== Args={}
2025-10-05 18:42:08,222 : INFO : EventManager : Event: ======'mode_carousel_starting'====== Args={}
2025-10-05 18:42:08,224 : INFO : Mode.carousel : Started. Priority: 200
2025-10-05 18:42:08,224 : INFO : EventManager : Event: ======'modes_active_modes_changed'====== Args={}
2025-10-05 18:42:08,224 : INFO : EventManager : Event: ======'mode_carousel_started'====== Args={}
2025-10-05 18:42:08,225 : INFO : EventManager : Event: ======'item_highlighted'====== Args={'carousel': 'carousel', 'direction': None, 'item': 'intergalactic'}
2025-10-05 18:42:08,225 : INFO : Mode.paulrevere : Stopped.
2025-10-05 18:42:08,225 : INFO : EventManager : Event: ======'modes_active_modes_changed'====== Args={}
2025-10-05 18:42:08,226 : INFO : EventManager : Event: ======'mode_paulrevere_stopped'====== Args={}
2025-10-05 18:42:08,226 : INFO : EventManager : Event: ======'clear'====== Args={'key': 'paulrevere'}
2025-10-05 18:42:08,227 : INFO : Timer.paulrevere_intro_show : Stopping Timer
2025-10-05 18:42:08,227 : INFO : EventManager : Event: ======'timer_paulrevere_intro_show_stopped'====== Args={'ticks': 6, 'ticks_remaining': 1}
2025-10-05 18:42:08,241 : INFO : EventManager : Event: ======'slide_paulrevere_final_shot_lit_removed'====== Args={'_from_bcp': True}
2025-10-05 18:42:08,241 : INFO : EventManager : Event: ======'slide_paulrevere_removed'====== Args={'_from_bcp': True}
2025-10-05 18:42:08,242 : INFO : EventManager : Event: ======'slide_base_created'====== Args={'_from_bcp': True}
2025-10-05 18:42:08,242 : INFO : EventManager : Event: ======'slide_current_mode_highlighted_created'====== Args={'_from_bcp': True}
2025-10-05 18:42:08,724 : INFO : EventManager : Event: ======'balldevice_bd_scoop_ball_count_changed'====== Args={'balls': 1}
2025-10-05 18:42:08,724 : INFO : ball_device.bd_scoop : Received unexpected ball
2025-10-05 18:42:08,724 : INFO : EventManager : Event: ======'balldevice_captured_from_playfield'====== Args={'balls': 1}
2025-10-05 18:42:08,726 : INFO : EventManager : Event: ======'sw_playfield_active'====== Args={'balls': 1}
2025-10-05 18:42:08,726 : INFO : EventManager : Event: ======'playfield_ball_count_change'====== Args={'balls': 0, 'change': -1}
2025-10-05 18:42:08,727 : INFO : EventManager : Event: ======'balldevice_bd_scoop_ball_enter'====== Args={'new_balls': 1, 'unclaimed_balls': 1, 'new_available_balls': 1, 'device': <ball_device.bd_scoop>}
2025-10-05 18:42:08,728 : INFO : ball_device.bd_scoop : Ejecting 1 unexpected balls using path deque([<ball_device.bd_scoop>, <playfield.playfield>])
2025-10-05 18:42:08,728 : INFO : EventManager : Event: ======'balldevice_balls_available'====== Args={}
2025-10-05 18:42:08,729 : INFO : EventManager : Event: ======'balldevice_balls_available'====== Args={}
2025-10-05 18:42:08,729 : INFO : EventManager : Event: ======'balldevice_bd_scoop_ball_entered'====== Args={'new_balls': 1, 'device': <ball_device.bd_scoop>}
2025-10-05 18:42:08,730 : INFO : ball_device.bd_scoop : State: waiting_for_target_ready
2025-10-05 18:42:08,731 : INFO : EventManager : Event: ======'balldevice_bd_scoop_ball_eject_attempt'====== Args={'balls': 1, 'target': <playfield.playfield>, 'source': <ball_device.bd_scoop>, 'mechanical_eject': False, 'num_attempts': 0}
2025-10-05 18:42:08,731 : INFO : ball_device.bd_scoop : State: ejecting
2025-10-05 18:42:08,732 : INFO : ball_device.bd_scoop : Ejecting ball to <playfield.playfield>
2025-10-05 18:42:08,732 : INFO : EventManager : Event: ======'balldevice_bd_scoop_ejecting_ball'====== Args={'balls': 1, 'target': <playfield.playfield>, 'source': <ball_device.bd_scoop>, 'mechanical_eject': False, 'num_attempts': 0}
2025-10-05 18:42:08,733 : INFO : ball_device.bd_scoop : Wait for ball to leave device
2025-10-05 18:42:08,733 : INFO : coil.c_scoop_eject : Pulsing Driver for 25ms (1.0 pulse_power)
2025-10-05 18:42:08,733 : INFO : SwitchController : <<<<<<< 's_scoop' inactive >>>>>>>
2025-10-05 18:42:08,738 : INFO : ball_device.bd_scoop : State: ball_left
2025-10-05 18:42:08,739 : INFO : ball_device.bd_scoop : Ball left
2025-10-05 18:42:08,739 : INFO : ball_device.bd_scoop : Wait for confirm with timeout 3.0
2025-10-05 18:42:09,378 : INFO : EventManager : Event: ======'left_orbit_timeout'====== Args={}
2025-10-05 18:42:11,736 : INFO : ball_device.bd_scoop : State: failed_confirm
2025-10-05 18:42:11,736 : INFO : ball_device.bd_scoop : Got timeout (3.0s) before confirm from <playfield.playfield>
2025-10-05 18:42:11,830 : INFO : ball_device.bd_scoop : Confirming eject because target is playfield and ball did not return.
2025-10-05 18:42:11,830 : INFO : ball_device.bd_scoop : Eject successful
2025-10-05 18:42:11,830 : INFO : EventManager : Event: ======'balldevice_bd_scoop_ball_eject_success'====== Args={'balls': 1, 'target': <playfield.playfield>}
2025-10-05 18:42:11,831 : INFO : EventManager : Event: ======'balldevice_playfield_ball_enter'====== Args={'new_balls': 1, 'unclaimed_balls': 1, 'device': <playfield.playfield>}
2025-10-05 18:42:11,831 : INFO : EventManager : Event: ======'playfield_ball_count_change'====== Args={'balls': 1, 'change': 1}
2025-10-05 18:42:11,832 : INFO : EventManager : Event: ======'balldevice_bd_scoop_ball_count_changed'====== Args={'balls': 0}
2025-10-05 18:42:11,832 : INFO : ball_device.bd_scoop : State: idle
2025-10-05 18:42:14,978 : INFO : SwitchController : <<<<<<< 's_scoop' active >>>>>>>
2025-10-05 18:42:14,978 : INFO : EventManager : Event: ======'s_scoop_active'====== Args={}
2025-10-05 18:42:14,978 : INFO : EventManager : Event: ======'machine_var_audits_switches_s_scoop'====== Args={'value': 199, 'prev_value': 198, 'change': 1}
2025-10-05 18:42:14,979 : INFO : EventManager : Event: ======'scoop_hit'====== Args={'elapsed': 0}
2025-10-05 18:42:14,980 : INFO : EventManager : Event: ======'carousel_intergalactic_selected'====== Args={}
2025-10-05 18:42:14,980 : INFO : EventManager : Event: ======'carousel_item_selected'====== Args={}
2025-10-05 18:42:14,980 : INFO : EventManager : Event: ======'player_score'====== Args={'value': 73035610, 'prev_value': 73033300, 'change': 2310, 'player_num': 1, 'source': 'base'}
2025-10-05 18:42:14,980 : INFO : EventManager : Event: ======'mode_intergalactic_will_start'====== Args={}
2025-10-05 18:42:14,981 : INFO : EventManager : Event: ======'player_intergalactic_intergalactic_intro_show_tick'====== Args={'value': 0, 'prev_value': 0, 'change': 0, 'player_num': 1}
2025-10-05 18:42:14,982 : INFO : EventManager : Event: ======'mode_intergalactic_starting'====== Args={}
2025-10-05 18:42:14,983 : INFO : EventManager : Event: ======'player_selected_mode'====== Args={'value': 'Intergalactic', 'prev_value': 'Paul Revere', 'change': True, 'player_num': 1, 'source': 'carousel'}
2025-10-05 18:42:14,983 : INFO : EventManager : Event: ======'mode_carousel_will_stop'====== Args={}
2025-10-05 18:42:14,983 : INFO : EventManager : Event: ======'mode_carousel_stopping'====== Args={}
2025-10-05 18:42:14,984 : INFO : Mode.carousel : Stopped.
2025-10-05 18:42:14,984 : INFO : EventManager : Event: ======'modes_active_modes_changed'====== Args={}
2025-10-05 18:42:14,984 : INFO : EventManager : Event: ======'mode_carousel_stopped'====== Args={}
2025-10-05 18:42:14,984 : INFO : EventManager : Event: ======'clear'====== Args={'key': 'carousel'}
2025-10-05 18:42:15,004 : INFO : EventManager : Event: ======'logicblock_intergalactic_shot_1_updated'====== Args={'value': 0, 'enabled': True}
2025-10-05 18:42:15,004 : INFO : EventManager : Event: ======'logicblock_intergalactic_shot_1_updated'====== Args={'value': 0, 'enabled': True}
2025-10-05 18:42:15,004 : INFO : EventManager : Event: ======'logicblock_intergalactic_shot_2_updated'====== Args={'value': 0, 'enabled': False}
2025-10-05 18:42:15,004 : INFO : EventManager : Event: ======'logicblock_intergalactic_shot_3_updated'====== Args={'value': 0, 'enabled': False}
2025-10-05 18:42:15,004 : INFO : EventManager : Event: ======'logicblock_intergalactic_shot_4_updated'====== Args={'value': 0, 'enabled': False}
2025-10-05 18:42:15,004 : INFO : EventManager : Event: ======'logicblock_intergalactic_shot_5_updated'====== Args={'value': 0, 'enabled': False}
2025-10-05 18:42:15,004 : INFO : Mode.intergalactic : Started. Priority: 1000
2025-10-05 18:42:15,004 : INFO : EventManager : Event: ======'modes_active_modes_changed'====== Args={}
2025-10-05 18:42:15,004 : INFO : EventManager : Event: ======'mode_intergalactic_started'====== Args={}
2025-10-05 18:42:15,006 : INFO : Timer.intergalactic_intro_show : Starting Timer.
2025-10-05 18:42:15,006 : INFO : EventManager : Event: ======'timer_intergalactic_intro_show_started'====== Args={'ticks': 0, 'ticks_remaining': 9}
2025-10-05 18:42:15,006 : INFO : EventManager : Event: ======'timer_intergalactic_intro_show_tick'====== Args={'ticks': 0, 'ticks_remaining': 9}
2025-10-05 18:42:15,007 : INFO : EventManager : Event: ======'player_intergalactic_intro_show_variable_times_100'====== Args={'value': 0, 'prev_value': 0, 'change': 0, 'player_num': 1, 'source': 'intergalactic'}
2025-10-05 18:42:15,008 : INFO : EventManager : Event: ======'slide_current_mode_highlighted_removed'====== Args={'_from_bcp': True}
2025-10-05 18:42:15,028 : INFO : EventManager : Event: ======'slide_base_removed'====== Args={'_from_bcp': True}
2025-10-05 18:42:15,043 : INFO : EventManager : Event: ======'slide_intergalactic_created'====== Args={'_from_bcp': True}
2025-10-05 18:42:15,499 : INFO : EventManager : Event: ======'balldevice_bd_scoop_ball_count_changed'====== Args={'balls': 1}
2025-10-05 18:42:15,499 : INFO : ball_device.bd_scoop : Received unexpected ball
2025-10-05 18:42:15,500 : INFO : EventManager : Event: ======'balldevice_captured_from_playfield'====== Args={'balls': 1}
2025-10-05 18:42:15,500 : INFO : EventManager : Event: ======'sw_playfield_active'====== Args={'balls': 1}
2025-10-05 18:42:15,500 : INFO : EventManager : Event: ======'playfield_ball_count_change'====== Args={'balls': 0, 'change': -1}
2025-10-05 18:42:15,501 : INFO : EventManager : Event: ======'balldevice_bd_scoop_ball_enter'====== Args={'new_balls': 1, 'unclaimed_balls': 1, 'new_available_balls': 1, 'device': <ball_device.bd_scoop>}
2025-10-05 18:42:15,501 : INFO : EventManager : Event: ======'ball_hold_intergalactic_scoop_hold_held_ball'====== Args={'balls_held': 1, 'total_balls_held': 1}
2025-10-05 18:42:15,501 : INFO : EventManager : Event: ======'ball_hold_intergalactic_scoop_hold_full'====== Args={'balls': 1}
2025-10-05 18:42:15,502 : INFO : EventManager : Event: ======'balldevice_balls_available'====== Args={}
2025-10-05 18:42:15,502 : INFO : EventManager : Event: ======'balldevice_bd_scoop_ball_entered'====== Args={'new_balls': 1, 'device': <ball_device.bd_scoop>}
2025-10-05 18:42:16,025 : INFO : EventManager : Event: ======'player_intergalactic_intergalactic_intro_show_tick'====== Args={'value': 1, 'prev_value': 0, 'change': 1, 'player_num': 1}
2025-10-05 18:42:16,026 : INFO : EventManager : Event: ======'timer_intergalactic_intro_show_tick'====== Args={'ticks': 1, 'ticks_remaining': 8}
2025-10-05 18:42:16,027 : INFO : EventManager : Event: ======'player_intergalactic_intro_show_variable_times_100'====== Args={'value': 100, 'prev_value': 0, 'change': 100, 'player_num': 1, 'source': 'intergalactic'}
2025-10-05 18:42:17,003 : INFO : EventManager : Event: ======'player_intergalactic_intergalactic_intro_show_tick'====== Args={'value': 2, 'prev_value': 1, 'change': 1, 'player_num': 1}
2025-10-05 18:42:17,003 : INFO : EventManager : Event: ======'timer_intergalactic_intro_show_tick'====== Args={'ticks': 2, 'ticks_remaining': 7}
2025-10-05 18:42:17,006 : INFO : EventManager : Event: ======'player_intergalactic_intro_show_variable_times_100'====== Args={'value': 200, 'prev_value': 100, 'change': 100, 'player_num': 1, 'source': 'intergalactic'}
2025-10-05 18:42:18,030 : INFO : EventManager : Event: ======'player_intergalactic_intergalactic_intro_show_tick'====== Args={'value': 3, 'prev_value': 2, 'change': 1, 'player_num': 1}
2025-10-05 18:42:18,031 : INFO : EventManager : Event: ======'timer_intergalactic_intro_show_tick'====== Args={'ticks': 3, 'ticks_remaining': 6}
2025-10-05 18:42:18,032 : INFO : EventManager : Event: ======'player_intergalactic_intro_show_variable_times_100'====== Args={'value': 300, 'prev_value': 200, 'change': 100, 'player_num': 1, 'source': 'intergalactic'}
2025-10-05 18:42:19,028 : INFO : EventManager : Event: ======'player_intergalactic_intergalactic_intro_show_tick'====== Args={'value': 4, 'prev_value': 3, 'change': 1, 'player_num': 1}
2025-10-05 18:42:19,029 : INFO : EventManager : Event: ======'timer_intergalactic_intro_show_tick'====== Args={'ticks': 4, 'ticks_remaining': 5}
2025-10-05 18:42:19,030 : INFO : EventManager : Event: ======'player_intergalactic_intro_show_variable_times_100'====== Args={'value': 400, 'prev_value': 300, 'change': 100, 'player_num': 1, 'source': 'intergalactic'}
2025-10-05 18:42:20,026 : INFO : EventManager : Event: ======'player_intergalactic_intergalactic_intro_show_tick'====== Args={'value': 5, 'prev_value': 4, 'change': 1, 'player_num': 1}
2025-10-05 18:42:20,027 : INFO : EventManager : Event: ======'timer_intergalactic_intro_show_tick'====== Args={'ticks': 5, 'ticks_remaining': 4}
2025-10-05 18:42:20,028 : INFO : EventManager : Event: ======'player_intergalactic_intro_show_variable_times_100'====== Args={'value': 500, 'prev_value': 400, 'change': 100, 'player_num': 1, 'source': 'intergalactic'}
2025-10-05 18:42:21,006 : INFO : EventManager : Event: ======'player_intergalactic_intergalactic_intro_show_tick'====== Args={'value': 6, 'prev_value': 5, 'change': 1, 'player_num': 1}
2025-10-05 18:42:21,007 : INFO : EventManager : Event: ======'timer_intergalactic_intro_show_tick'====== Args={'ticks': 6, 'ticks_remaining': 3}
2025-10-05 18:42:21,009 : INFO : EventManager : Event: ======'player_intergalactic_intro_show_variable_times_100'====== Args={'value': 600, 'prev_value': 500, 'change': 100, 'player_num': 1, 'source': 'intergalactic'}
2025-10-05 18:42:22,025 : INFO : EventManager : Event: ======'player_intergalactic_intergalactic_intro_show_tick'====== Args={'value': 7, 'prev_value': 6, 'change': 1, 'player_num': 1}
2025-10-05 18:42:22,026 : INFO : EventManager : Event: ======'timer_intergalactic_intro_show_tick'====== Args={'ticks': 7, 'ticks_remaining': 2}
2025-10-05 18:42:22,027 : INFO : EventManager : Event: ======'player_intergalactic_intro_show_variable_times_100'====== Args={'value': 700, 'prev_value': 600, 'change': 100, 'player_num': 1, 'source': 'intergalactic'}
2025-10-05 18:42:23,007 : INFO : EventManager : Event: ======'player_intergalactic_intergalactic_intro_show_tick'====== Args={'value': 8, 'prev_value': 7, 'change': 1, 'player_num': 1}
2025-10-05 18:42:23,008 : INFO : EventManager : Event: ======'timer_intergalactic_intro_show_tick'====== Args={'ticks': 8, 'ticks_remaining': 1}
2025-10-05 18:42:23,009 : INFO : EventManager : Event: ======'player_intergalactic_intro_show_variable_times_100'====== Args={'value': 800, 'prev_value': 700, 'change': 100, 'player_num': 1, 'source': 'intergalactic'}
2025-10-05 18:42:24,002 : INFO : EventManager : Event: ======'player_intergalactic_intergalactic_intro_show_tick'====== Args={'value': 9, 'prev_value': 8, 'change': 1, 'player_num': 1}
2025-10-05 18:42:24,004 : INFO : Timer.intergalactic_intro_show : Timer Complete
2025-10-05 18:42:24,004 : INFO : Timer.intergalactic_intro_show : Stopping Timer
2025-10-05 18:42:24,004 : INFO : EventManager : Event: ======'timer_intergalactic_intro_show_stopped'====== Args={'ticks': 9, 'ticks_remaining': 1}
2025-10-05 18:42:24,004 : INFO : EventManager : Event: ======'timer_intergalactic_intro_show_complete'====== Args={'ticks': 9, 'ticks_remaining': 1}
2025-10-05 18:42:24,005 : INFO : ball_device.bd_scoop : Adding 1 ball(s) to the eject_queue with target <playfield.playfield>.
2025-10-05 18:42:24,005 : INFO : EventManager : Event: ======'balldevice_balls_available'====== Args={}
2025-10-05 18:42:24,005 : INFO : EventManager : Event: ======'ball_hold_intergalactic_scoop_hold_balls_released'====== Args={'balls_released': 1}
2025-10-05 18:42:24,010 : INFO : ball_device.bd_scoop : State: waiting_for_target_ready
2025-10-05 18:42:24,011 : INFO : EventManager : Event: ======'balldevice_bd_scoop_ball_eject_attempt'====== Args={'balls': 1, 'target': <playfield.playfield>, 'source': <ball_device.bd_scoop>, 'mechanical_eject': False, 'num_attempts': 0}
2025-10-05 18:42:24,011 : INFO : ball_device.bd_scoop : State: ejecting
2025-10-05 18:42:24,012 : INFO : ball_device.bd_scoop : Ejecting ball to <playfield.playfield>
2025-10-05 18:42:24,012 : INFO : EventManager : Event: ======'balldevice_bd_scoop_ejecting_ball'====== Args={'balls': 1, 'target': <playfield.playfield>, 'source': <ball_device.bd_scoop>, 'mechanical_eject': False, 'num_attempts': 0}
2025-10-05 18:42:24,013 : INFO : ball_device.bd_scoop : Wait for ball to leave device
2025-10-05 18:42:24,013 : INFO : coil.c_scoop_eject : Pulsing Driver for 25ms (1.0 pulse_power)
2025-10-05 18:42:24,014 : INFO : SwitchController : <<<<<<< 's_scoop' inactive >>>>>>>
2025-10-05 18:42:24,018 : INFO : ball_device.bd_scoop : State: ball_left
2025-10-05 18:42:24,019 : INFO : ball_device.bd_scoop : Ball left
2025-10-05 18:42:24,019 : INFO : ball_device.bd_scoop : Wait for confirm with timeout 3.0
2025-10-05 18:42:24,024 : INFO : EventManager : Event: ======'slide_intergalactic_right_shot_lit_created'====== Args={'_from_bcp': True}
2025-10-05 18:42:27,019 : INFO : ball_device.bd_scoop : State: failed_confirm
2025-10-05 18:42:27,020 : INFO : ball_device.bd_scoop : Got timeout (3.0s) before confirm from <playfield.playfield>
2025-10-05 18:42:27,143 : INFO : ball_device.bd_scoop : Confirming eject because target is playfield and ball did not return.
2025-10-05 18:42:27,143 : INFO : ball_device.bd_scoop : Eject successful
2025-10-05 18:42:27,143 : INFO : EventManager : Event: ======'balldevice_bd_scoop_ball_eject_success'====== Args={'balls': 1, 'target': <playfield.playfield>}
2025-10-05 18:42:27,144 : INFO : EventManager : Event: ======'balldevice_playfield_ball_enter'====== Args={'new_balls': 1, 'unclaimed_balls': 1, 'device': <playfield.playfield>}
2025-10-05 18:42:27,144 : INFO : EventManager : Event: ======'playfield_ball_count_change'====== Args={'balls': 1, 'change': 1}
2025-10-05 18:42:27,144 : INFO : EventManager : Event: ======'balldevice_bd_scoop_ball_count_changed'====== Args={'balls': 0}
2025-10-05 18:42:27,144 : INFO : ball_device.bd_scoop : State: idle
2025-10-05 18:43:11,307 : INFO : SwitchController : <<<<<<< 's_three_bank_standup' active >>>>>>>
2025-10-05 18:43:11,307 : INFO : EventManager : Event: ======'s_three_bank_standup_active'====== Args={}
2025-10-05 18:43:11,307 : INFO : EventManager : Event: ======'machine_var_audits_switches_s_three_bank_standup'====== Args={'value': 138, 'prev_value': 137, 'change': 1}
2025-10-05 18:43:11,309 : INFO : EventManager : Event: ======'three_bank_standup_hit'====== Args={'elapsed': 0}
2025-10-05 18:43:11,309 : INFO : EventManager : Event: ======'player_score'====== Args={'value': 73055620, 'prev_value': 73035610, 'change': 20010, 'player_num': 1, 'source': 'base'}
2025-10-05 18:43:11,309 : INFO : EventManager : Event: ======'logicblock_chcheckitout_multiball_ready_updated'====== Args={'value': 1, 'enabled': True}
2025-10-05 18:43:11,309 : INFO : EventManager : Event: ======'logicblock_chcheckitout_multiball_ready_hit'====== Args={'step': 1}
2025-10-05 18:43:11,309 : INFO : EventManager : Event: ======'chcheckitout_start_multiball'====== Args={}
2025-10-05 18:43:11,309 : INFO : EventManager : Event: ======'logicblock_chcheckitout_multiball_ready_updated'====== Args={'value': 0, 'enabled': True}
2025-10-05 18:43:11,310 : INFO : EventManager : Event: ======'balls_in_play'====== Args={'balls': 3}
2025-10-05 18:43:11,310 : INFO : ball_device.bd_plunger : Adding 2 ball(s) to the eject_queue with target <playfield.playfield>.
2025-10-05 18:43:11,310 : INFO : EventManager : Event: ======'balldevice_balls_available'====== Args={}
2025-10-05 18:43:11,311 : INFO : EventManager : Event: ======'balldevice_balls_available'====== Args={}
2025-10-05 18:43:11,311 : INFO : EventManager : Event: ======'ball_save_chcheckitout_timer_start'====== Args={}
2025-10-05 18:43:11,311 : INFO : EventManager : Event: ======'multiball_chcheckitout_started'====== Args={'balls': 3}
2025-10-05 18:43:11,312 : INFO : EventManager : Event: ======'player_multiball_blocking_flag'====== Args={'value': 1, 'prev_value': 0, 'change': 1, 'player_num': 1, 'source': 'multiball'}
2025-10-05 18:43:11,312 : INFO : EventManager : Event: ======'logicblock_drop_target_bank_counter_updated'====== Args={'value': 2, 'enabled': False}
2025-10-05 18:43:11,324 : INFO : ball_device.bd_trough : State: waiting_for_target_ready
2025-10-05 18:43:11,326 : INFO : EventManager : Event: ======'balldevice_bd_trough_ball_eject_attempt'====== Args={'balls': 1, 'target': <ball_device.bd_plunger>, 'source': <ball_device.bd_trough>, 'mechanical_eject': False, 'num_attempts': 0}
2025-10-05 18:43:11,327 : INFO : ball_device.bd_plunger : State: waiting_for_ball
2025-10-05 18:43:11,328 : INFO : ball_device.bd_trough : State: ejecting
2025-10-05 18:43:11,329 : INFO : ball_device.bd_trough : Ejecting ball to <ball_device.bd_plunger>
2025-10-05 18:43:11,329 : INFO : EventManager : Event: ======'balldevice_bd_trough_ejecting_ball'====== Args={'balls': 1, 'target': <ball_device.bd_plunger>, 'source': <ball_device.bd_trough>, 'mechanical_eject': False, 'num_attempts': 0}
2025-10-05 18:43:11,331 : INFO : ball_device.bd_trough : Wait for ball to leave device
2025-10-05 18:43:11,331 : INFO : coil.c_trough_eject : Pulsing Driver for 20ms (1.0 pulse_power)
2025-10-05 18:43:11,331 : INFO : SwitchController : <<<<<<< 's_trough2' inactive >>>>>>>
2025-10-05 18:43:11,346 : INFO : ball_device.bd_trough : State: ball_left
2025-10-05 18:43:11,347 : INFO : ball_device.bd_trough : Ball left
2025-10-05 18:43:11,348 : INFO : ball_device.bd_trough : Wait for confirm with timeout 3.0
2025-10-05 18:43:11,353 : INFO : EventManager : Event: ======'slide_multiball_created'====== Args={'_from_bcp': True}
2025-10-05 18:43:11,366 : INFO : SwitchController : <<<<<<< 's_three_bank_standup' inactive >>>>>>>
2025-10-05 18:43:11,433 : INFO : SwitchController : <<<<<<< 's_plunger' active >>>>>>>
2025-10-05 18:43:11,433 : INFO : EventManager : Event: ======'machine_var_audits_switches_s_plunger'====== Args={'value': 726, 'prev_value': 725, 'change': 1}
2025-10-05 18:43:11,930 : INFO : ball_device.bd_plunger : Received ball from <ball_device.bd_trough>
2025-10-05 18:43:11,930 : INFO : EventManager : Event: ======'balldevice_bd_plunger_ball_enter'====== Args={'new_balls': 1, 'unclaimed_balls': 0, 'new_available_balls': 0, 'device': <ball_device.bd_plunger>}
2025-10-05 18:43:11,931 : INFO : EventManager : Event: ======'balldevice_bd_plunger_ball_entered'====== Args={'new_balls': 0, 'device': <ball_device.bd_plunger>}
2025-10-05 18:43:11,932 : INFO : EventManager : Event: ======'balldevice_bd_plunger_ball_count_changed'====== Args={'balls': 1}
2025-10-05 18:43:11,932 : INFO : ball_device.bd_trough : Got eject confirm
2025-10-05 18:43:11,932 : INFO : ball_device.bd_trough : Eject successful
2025-10-05 18:43:11,932 : INFO : EventManager : Event: ======'balldevice_bd_trough_ball_eject_success'====== Args={'balls': 1, 'target': <ball_device.bd_plunger>}
2025-10-05 18:43:11,933 : INFO : EventManager : Event: ======'balldevice_bd_trough_ball_count_changed'====== Args={'balls': 4}
2025-10-05 18:43:11,933 : INFO : ball_device.bd_trough : State: idle
2025-10-05 18:43:11,933 : INFO : ball_device.bd_plunger : State: waiting_for_target_ready
2025-10-05 18:43:11,934 : INFO : EventManager : Event: ======'balldevice_bd_plunger_ball_eject_attempt'====== Args={'balls': 1, 'target': <playfield.playfield>, 'source': <ball_device.bd_plunger>, 'mechanical_eject': False, 'num_attempts': 0}
2025-10-05 18:43:11,935 : INFO : ball_device.bd_plunger : State: ejecting
2025-10-05 18:43:11,935 : INFO : ball_device.bd_plunger : Ejecting ball to <playfield.playfield>
2025-10-05 18:43:11,935 : INFO : EventManager : Event: ======'balldevice_bd_plunger_ejecting_ball'====== Args={'balls': 1, 'target': <playfield.playfield>, 'source': <ball_device.bd_plunger>, 'mechanical_eject': False, 'num_attempts': 0}
2025-10-05 18:43:11,936 : INFO : ball_device.bd_trough : State: waiting_for_target_ready
2025-10-05 18:43:11,936 : INFO : EventManager : Event: ======'balldevice_bd_trough_ball_eject_attempt'====== Args={'balls': 1, 'target': <ball_device.bd_plunger>, 'source': <ball_device.bd_trough>, 'mechanical_eject': False, 'num_attempts': 0}
2025-10-05 18:43:11,937 : INFO : ball_device.bd_plunger : Wait for ball to leave device
2025-10-05 18:43:11,937 : INFO : coil.c_plunger : Pulsing Driver for 20ms (1.0 pulse_power)
2025-10-05 18:43:11,937 : INFO : SwitchController : <<<<<<< 's_plunger' inactive >>>>>>>
2025-10-05 18:43:11,937 : INFO : EventManager : Event: ======'ball_out'====== Args={}
2025-10-05 18:43:11,942 : INFO : ball_device.bd_plunger : State: ball_left
2025-10-05 18:43:11,943 : INFO : ball_device.bd_plunger : Ball left
2025-10-05 18:43:11,943 : INFO : ball_device.bd_plunger : Wait for confirm with timeout 3.0
2025-10-05 18:43:14,941 : INFO : ball_device.bd_plunger : State: failed_confirm
2025-10-05 18:43:14,942 : INFO : ball_device.bd_plunger : Got timeout (3.0s) before confirm from <playfield.playfield>
2025-10-05 18:43:15,035 : INFO : ball_device.bd_plunger : Confirming eject because target is playfield and ball did not return.
2025-10-05 18:43:15,035 : INFO : ball_device.bd_plunger : Eject successful
2025-10-05 18:43:15,035 : INFO : EventManager : Event: ======'balldevice_bd_plunger_ball_eject_success'====== Args={'balls': 1, 'target': <playfield.playfield>}
2025-10-05 18:43:15,037 : INFO : EventManager : Event: ======'balldevice_playfield_ball_enter'====== Args={'new_balls': 1, 'unclaimed_balls': 1, 'device': <playfield.playfield>}
2025-10-05 18:43:15,037 : INFO : EventManager : Event: ======'playfield_ball_count_change'====== Args={'balls': 2, 'change': 1}
2025-10-05 18:43:15,037 : INFO : EventManager : Event: ======'balldevice_bd_plunger_ball_count_changed'====== Args={'balls': 0}
2025-10-05 18:43:15,038 : INFO : ball_device.bd_plunger : State: idle
2025-10-05 18:43:15,038 : INFO : ball_device.bd_trough : State: ejecting
2025-10-05 18:43:15,038 : INFO : ball_device.bd_trough : Ejecting ball to <ball_device.bd_plunger>
2025-10-05 18:43:15,039 : INFO : EventManager : Event: ======'balldevice_bd_trough_ejecting_ball'====== Args={'balls': 1, 'target': <ball_device.bd_plunger>, 'source': <ball_device.bd_trough>, 'mechanical_eject': False, 'num_attempts': 0}
2025-10-05 18:43:15,039 : INFO : ball_device.bd_trough : Wait for ball to leave device
2025-10-05 18:43:15,039 : INFO : coil.c_trough_eject : Pulsing Driver for 20ms (1.0 pulse_power)
2025-10-05 18:43:15,040 : INFO : SwitchController : <<<<<<< 's_trough3' inactive >>>>>>>
2025-10-05 18:43:15,040 : INFO : ball_device.bd_plunger : State: waiting_for_ball
2025-10-05 18:43:15,045 : INFO : ball_device.bd_trough : State: ball_left
2025-10-05 18:43:15,046 : INFO : ball_device.bd_trough : Ball left
2025-10-05 18:43:15,047 : INFO : ball_device.bd_trough : Wait for confirm with timeout 3.0
2025-10-05 18:43:15,143 : INFO : SwitchController : <<<<<<< 's_plunger' active >>>>>>>
2025-10-05 18:43:15,143 : INFO : EventManager : Event: ======'machine_var_audits_switches_s_plunger'====== Args={'value': 727, 'prev_value': 726, 'change': 1}
2025-10-05 18:43:15,655 : INFO : ball_device.bd_plunger : Received ball from <ball_device.bd_trough>
2025-10-05 18:43:15,655 : INFO : EventManager : Event: ======'balldevice_bd_plunger_ball_enter'====== Args={'new_balls': 1, 'unclaimed_balls': 0, 'new_available_balls': 0, 'device': <ball_device.bd_plunger>}
2025-10-05 18:43:15,656 : INFO : EventManager : Event: ======'balldevice_bd_plunger_ball_entered'====== Args={'new_balls': 0, 'device': <ball_device.bd_plunger>}
2025-10-05 18:43:15,656 : INFO : EventManager : Event: ======'balldevice_bd_plunger_ball_count_changed'====== Args={'balls': 1}
2025-10-05 18:43:15,656 : INFO : ball_device.bd_trough : Got eject confirm
2025-10-05 18:43:15,658 : INFO : ball_device.bd_trough : Eject successful
2025-10-05 18:43:15,658 : INFO : EventManager : Event: ======'balldevice_bd_trough_ball_eject_success'====== Args={'balls': 1, 'target': <ball_device.bd_plunger>}
2025-10-05 18:43:15,658 : INFO : EventManager : Event: ======'balldevice_bd_trough_ball_count_changed'====== Args={'balls': 3}
2025-10-05 18:43:15,659 : INFO : ball_device.bd_trough : State: idle
2025-10-05 18:43:15,660 : INFO : ball_device.bd_plunger : State: waiting_for_target_ready
2025-10-05 18:43:15,660 : INFO : EventManager : Event: ======'balldevice_bd_plunger_ball_eject_attempt'====== Args={'balls': 1, 'target': <playfield.playfield>, 'source': <ball_device.bd_plunger>, 'mechanical_eject': False, 'num_attempts': 0}
2025-10-05 18:43:15,661 : INFO : ball_device.bd_plunger : State: ejecting
2025-10-05 18:43:15,661 : INFO : ball_device.bd_plunger : Ejecting ball to <playfield.playfield>
2025-10-05 18:43:15,661 : INFO : EventManager : Event: ======'balldevice_bd_plunger_ejecting_ball'====== Args={'balls': 1, 'target': <playfield.playfield>, 'source': <ball_device.bd_plunger>, 'mechanical_eject': False, 'num_attempts': 0}
2025-10-05 18:43:15,663 : INFO : ball_device.bd_plunger : Wait for ball to leave device
2025-10-05 18:43:15,663 : INFO : coil.c_plunger : Pulsing Driver for 20ms (1.0 pulse_power)
2025-10-05 18:43:15,664 : INFO : SwitchController : <<<<<<< 's_plunger' inactive >>>>>>>
2025-10-05 18:43:15,664 : INFO : EventManager : Event: ======'ball_out'====== Args={}
2025-10-05 18:43:15,669 : INFO : ball_device.bd_plunger : State: ball_left
2025-10-05 18:43:15,670 : INFO : ball_device.bd_plunger : Ball left
2025-10-05 18:43:15,670 : INFO : ball_device.bd_plunger : Wait for confirm with timeout 3.0
2025-10-05 18:43:18,671 : INFO : ball_device.bd_plunger : State: failed_confirm
2025-10-05 18:43:18,672 : INFO : ball_device.bd_plunger : Got timeout (3.0s) before confirm from <playfield.playfield>
2025-10-05 18:43:18,764 : INFO : ball_device.bd_plunger : Confirming eject because target is playfield and ball did not return.
2025-10-05 18:43:18,764 : INFO : ball_device.bd_plunger : Eject successful
2025-10-05 18:43:18,764 : INFO : EventManager : Event: ======'balldevice_bd_plunger_ball_eject_success'====== Args={'balls': 1, 'target': <playfield.playfield>}
2025-10-05 18:43:18,765 : INFO : EventManager : Event: ======'balldevice_playfield_ball_enter'====== Args={'new_balls': 1, 'unclaimed_balls': 1, 'device': <playfield.playfield>}
2025-10-05 18:43:18,765 : INFO : EventManager : Event: ======'playfield_ball_count_change'====== Args={'balls': 3, 'change': 1}
2025-10-05 18:43:18,766 : INFO : EventManager : Event: ======'balldevice_bd_plunger_ball_count_changed'====== Args={'balls': 0}
2025-10-05 18:43:18,767 : INFO : ball_device.bd_plunger : State: idle
2025-10-05 18:43:21,518 : INFO : SwitchController : <<<<<<< 's_right_ramp' active >>>>>>>
2025-10-05 18:43:21,518 : INFO : EventManager : Event: ======'s_right_ramp_active'====== Args={}
2025-10-05 18:43:21,518 : INFO : EventManager : Event: ======'machine_var_audits_switches_s_right_ramp'====== Args={'value': 45, 'prev_value': 44, 'change': 1}
2025-10-05 18:43:21,520 : INFO : EventManager : Event: ======'right_ramp_hit'====== Args={'elapsed': 0}
2025-10-05 18:43:21,520 : INFO : EventManager : Event: ======'player_score'====== Args={'value': 73058630, 'prev_value': 73055620, 'change': 3010, 'player_num': 1, 'source': 'base'}
2025-10-05 18:43:21,521 : INFO : EventManager : Event: ======'logicblock_intergalactic_shot_1_updated'====== Args={'value': 1, 'enabled': True}
2025-10-05 18:43:21,521 : INFO : EventManager : Event: ======'logicblock_intergalactic_shot_1_hit'====== Args={'step': 1}
2025-10-05 18:43:21,521 : INFO : EventManager : Event: ======'intergalactic_shot_1_done'====== Args={}
2025-10-05 18:43:21,521 : INFO : EventManager : Event: ======'logicblock_intergalactic_shot_1_updated'====== Args={'value': 1, 'enabled': False}
2025-10-05 18:43:21,522 : INFO : EventManager : Event: ======'logicblock_intergalactic_shot_2_updated'====== Args={'value': 0, 'enabled': True}
2025-10-05 18:43:21,522 : INFO : EventManager : Event: ======'player_score'====== Args={'value': 74058630, 'prev_value': 73058630, 'change': 1000000, 'player_num': 1, 'source': 'intergalactic'}
2025-10-05 18:43:21,535 : INFO : EventManager : Event: ======'slide_intergalactic_right_shot_lit_removed'====== Args={'_from_bcp': True}
2025-10-05 18:43:21,537 : INFO : EventManager : Event: ======'slide_intergalactic_left_shot_lit_created'====== Args={'_from_bcp': True}
2025-10-05 18:43:21,582 : INFO : SwitchController : <<<<<<< 's_right_ramp' inactive >>>>>>>
2025-10-05 18:43:22,885 : INFO : SwitchController : <<<<<<< 's_left_ramp' active >>>>>>>
2025-10-05 18:43:22,885 : INFO : EventManager : Event: ======'s_left_ramp_active'====== Args={}
2025-10-05 18:43:22,885 : INFO : EventManager : Event: ======'machine_var_audits_switches_s_left_ramp'====== Args={'value': 45, 'prev_value': 44, 'change': 1}
2025-10-05 18:43:22,886 : INFO : EventManager : Event: ======'left_ramp_hit'====== Args={'elapsed': 0}
2025-10-05 18:43:22,886 : INFO : EventManager : Event: ======'player_score'====== Args={'value': 74061640, 'prev_value': 74058630, 'change': 3010, 'player_num': 1, 'source': 'base'}
2025-10-05 18:43:22,887 : INFO : EventManager : Event: ======'logicblock_intergalactic_shot_2_updated'====== Args={'value': 1, 'enabled': True}
2025-10-05 18:43:22,887 : INFO : EventManager : Event: ======'logicblock_intergalactic_shot_2_hit'====== Args={'step': 1}
2025-10-05 18:43:22,888 : INFO : EventManager : Event: ======'intergalactic_shot_2_done'====== Args={}
2025-10-05 18:43:22,888 : INFO : EventManager : Event: ======'logicblock_intergalactic_shot_2_updated'====== Args={'value': 1, 'enabled': False}
2025-10-05 18:43:22,889 : INFO : EventManager : Event: ======'logicblock_intergalactic_shot_3_updated'====== Args={'value': 0, 'enabled': True}
2025-10-05 18:43:22,890 : INFO : EventManager : Event: ======'player_score'====== Args={'value': 76061640, 'prev_value': 74061640, 'change': 2000000, 'player_num': 1, 'source': 'intergalactic'}
2025-10-05 18:43:22,908 : INFO : EventManager : Event: ======'slide_intergalactic_left_shot_lit_removed'====== Args={'_from_bcp': True}
2025-10-05 18:43:22,909 : INFO : EventManager : Event: ======'slide_intergalactic_right_shot_lit_created'====== Args={'_from_bcp': True}
2025-10-05 18:43:22,944 : INFO : SwitchController : <<<<<<< 's_left_ramp' inactive >>>>>>>
2025-10-05 18:43:24,363 : INFO : SwitchController : <<<<<<< 's_right_orbit' active >>>>>>>
2025-10-05 18:43:24,363 : INFO : EventManager : Event: ======'s_right_orbit_active'====== Args={}
2025-10-05 18:43:24,363 : INFO : EventManager : Event: ======'machine_var_audits_switches_s_right_orbit'====== Args={'value': 30, 'prev_value': 29, 'change': 1}
2025-10-05 18:43:24,365 : INFO : EventManager : Event: ======'player_score'====== Args={'value': 76061750, 'prev_value': 76061640, 'change': 110, 'player_num': 1, 'source': 'base'}
2025-10-05 18:43:24,426 : INFO : SwitchController : <<<<<<< 's_right_orbit' inactive >>>>>>>
2025-10-05 18:43:25,191 : INFO : SwitchController : <<<<<<< 's_left_orbit' active >>>>>>>
2025-10-05 18:43:25,191 : INFO : EventManager : Event: ======'s_left_orbit_active'====== Args={}
2025-10-05 18:43:25,192 : INFO : EventManager : Event: ======'machine_var_audits_switches_s_left_orbit'====== Args={'value': 30, 'prev_value': 29, 'change': 1}
2025-10-05 18:43:25,192 : INFO : EventManager : Event: ======'player_score'====== Args={'value': 76061860, 'prev_value': 76061750, 'change': 110, 'player_num': 1, 'source': 'base'}
2025-10-05 18:43:25,193 : INFO : EventManager : Event: ======'right_orbit_hit'====== Args={'elapsed': 0.8279999999795109}
2025-10-05 18:43:25,193 : INFO : EventManager : Event: ======'logicblock_intergalactic_shot_3_updated'====== Args={'value': 1, 'enabled': True}
2025-10-05 18:43:25,193 : INFO : EventManager : Event: ======'logicblock_intergalactic_shot_3_hit'====== Args={'step': 1}
2025-10-05 18:43:25,194 : INFO : EventManager : Event: ======'intergalactic_shot_3_done'====== Args={}
2025-10-05 18:43:25,194 : INFO : EventManager : Event: ======'logicblock_intergalactic_shot_3_updated'====== Args={'value': 1, 'enabled': False}
2025-10-05 18:43:25,194 : INFO : EventManager : Event: ======'logicblock_intergalactic_shot_4_updated'====== Args={'value': 0, 'enabled': True}
2025-10-05 18:43:25,194 : INFO : EventManager : Event: ======'player_score'====== Args={'value': 79061860, 'prev_value': 76061860, 'change': 3000000, 'player_num': 1, 'source': 'intergalactic'}
2025-10-05 18:43:25,203 : INFO : EventManager : Event: ======'slide_intergalactic_right_shot_lit_removed'====== Args={'_from_bcp': True}
2025-10-05 18:43:25,204 : INFO : EventManager : Event: ======'slide_intergalactic_left_shot_lit_created'====== Args={'_from_bcp': True}
2025-10-05 18:43:25,267 : INFO : SwitchController : <<<<<<< 's_left_orbit' inactive >>>>>>>
2025-10-05 18:43:26,311 : INFO : EventManager : Event: ======'multiball_chcheckitout_shoot_again_ended'====== Args={}
2025-10-05 18:43:26,519 : INFO : SwitchController : <<<<<<< 's_left_orbit' active >>>>>>>
2025-10-05 18:43:26,520 : INFO : EventManager : Event: ======'s_left_orbit_active'====== Args={}
2025-10-05 18:43:26,520 : INFO : EventManager : Event: ======'machine_var_audits_switches_s_left_orbit'====== Args={'value': 31, 'prev_value': 30, 'change': 1}
2025-10-05 18:43:26,521 : INFO : EventManager : Event: ======'player_score'====== Args={'value': 79061970, 'prev_value': 79061860, 'change': 110, 'player_num': 1, 'source': 'base'}
2025-10-05 18:43:26,590 : INFO : SwitchController : <<<<<<< 's_left_orbit' inactive >>>>>>>
2025-10-05 18:43:27,537 : INFO : SwitchController : <<<<<<< 's_right_orbit' active >>>>>>>
2025-10-05 18:43:27,537 : INFO : EventManager : Event: ======'s_right_orbit_active'====== Args={}
2025-10-05 18:43:27,537 : INFO : EventManager : Event: ======'machine_var_audits_switches_s_right_orbit'====== Args={'value': 31, 'prev_value': 30, 'change': 1}
2025-10-05 18:43:27,538 : INFO : EventManager : Event: ======'player_score'====== Args={'value': 79062080, 'prev_value': 79061970, 'change': 110, 'player_num': 1, 'source': 'base'}
2025-10-05 18:43:27,539 : INFO : EventManager : Event: ======'left_orbit_hit'====== Args={'elapsed': 1.0160000000032596}
2025-10-05 18:43:27,541 : INFO : EventManager : Event: ======'logicblock_intergalactic_shot_4_updated'====== Args={'value': 1, 'enabled': True}
2025-10-05 18:43:27,541 : INFO : EventManager : Event: ======'logicblock_intergalactic_shot_4_hit'====== Args={'step': 1}
2025-10-05 18:43:27,541 : INFO : EventManager : Event: ======'intergalactic_shot_4_done'====== Args={}
2025-10-05 18:43:27,541 : INFO : EventManager : Event: ======'logicblock_intergalactic_shot_4_updated'====== Args={'value': 1, 'enabled': False}
2025-10-05 18:43:27,541 : INFO : EventManager : Event: ======'logicblock_intergalactic_shot_5_updated'====== Args={'value': 0, 'enabled': True}
2025-10-05 18:43:27,541 : INFO : EventManager : Event: ======'player_score'====== Args={'value': 84062080, 'prev_value': 79062080, 'change': 5000000, 'player_num': 1, 'source': 'intergalactic'}
2025-10-05 18:43:27,558 : INFO : EventManager : Event: ======'slide_intergalactic_left_shot_lit_removed'====== Args={'_from_bcp': True}
2025-10-05 18:43:27,558 : INFO : EventManager : Event: ======'slide_intergalactic_final_shot_lit_created'====== Args={'_from_bcp': True}
2025-10-05 18:43:27,631 : INFO : SwitchController : <<<<<<< 's_right_orbit' inactive >>>>>>>
2025-10-05 18:43:29,528 : INFO : EventManager : Event: ======'left_orbit_timeout'====== Args={}
2025-10-05 18:43:30,551 : INFO : EventManager : Event: ======'right_orbit_timeout'====== Args={}
2025-10-05 18:43:30,607 : INFO : SwitchController : <<<<<<< 's_pop_standup' active >>>>>>>
2025-10-05 18:43:30,608 : INFO : EventManager : Event: ======'s_pop_standup_active'====== Args={}
2025-10-05 18:43:30,608 : INFO : EventManager : Event: ======'machine_var_audits_switches_s_pop_standup'====== Args={'value': 70, 'prev_value': 69, 'change': 1}
2025-10-05 18:43:30,609 : INFO : EventManager : Event: ======'pop_standup_hit'====== Args={'elapsed': 0}
2025-10-05 18:43:30,609 : INFO : EventManager : Event: ======'player_score'====== Args={'value': 84067090, 'prev_value': 84062080, 'change': 5010, 'player_num': 1, 'source': 'base'}
2025-10-05 18:43:30,609 : INFO : EventManager : Event: ======'logicblock_intergalactic_shot_5_updated'====== Args={'value': 1, 'enabled': True}
2025-10-05 18:43:30,610 : INFO : EventManager : Event: ======'logicblock_intergalactic_shot_5_hit'====== Args={'step': 1}
2025-10-05 18:43:30,610 : INFO : EventManager : Event: ======'intergalactic_shot_5_done'====== Args={}
2025-10-05 18:43:30,610 : INFO : EventManager : Event: ======'mode_intergalactic_stop'====== Args={}
2025-10-05 18:43:30,610 : INFO : EventManager : Event: ======'logicblock_intergalactic_shot_5_updated'====== Args={'value': 1, 'enabled': False}
2025-10-05 18:43:30,610 : INFO : EventManager : Event: ======'player_score'====== Args={'value': 94067090, 'prev_value': 84067090, 'change': 10000000, 'player_num': 1, 'source': 'intergalactic'}
2025-10-05 18:43:30,611 : INFO : EventManager : Event: ======'mode_intergalactic_will_stop'====== Args={}
2025-10-05 18:43:30,611 : INFO : EventManager : Event: ======'mode_intergalactic_stopping'====== Args={}
2025-10-05 18:43:30,612 : INFO : Mode.intergalactic : Stopped.
2025-10-05 18:43:30,612 : INFO : EventManager : Event: ======'modes_active_modes_changed'====== Args={}
2025-10-05 18:43:30,612 : INFO : EventManager : Event: ======'mode_intergalactic_stopped'====== Args={}
2025-10-05 18:43:30,612 : INFO : EventManager : Event: ======'clear'====== Args={'key': 'intergalactic'}
2025-10-05 18:43:30,613 : INFO : Timer.intergalactic_intro_show : Stopping Timer
2025-10-05 18:43:30,613 : INFO : EventManager : Event: ======'timer_intergalactic_intro_show_stopped'====== Args={'ticks': 9, 'ticks_remaining': 1}
2025-10-05 18:43:30,635 : INFO : EventManager : Event: ======'slide_intergalactic_final_shot_lit_removed'====== Args={'_from_bcp': True}
2025-10-05 18:43:30,636 : INFO : EventManager : Event: ======'slide_intergalactic_removed'====== Args={'_from_bcp': True}
2025-10-05 18:43:30,636 : INFO : EventManager : Event: ======'slide_base_created'====== Args={'_from_bcp': True}
2025-10-05 18:43:30,670 : INFO : SwitchController : <<<<<<< 's_pop_standup' inactive >>>>>>>
2025-10-05 18:43:51,094 : INFO : Machine : Shutting down...
2025-10-05 18:43:51,095 : INFO : EventManager : Event: ======'shutdown'====== Args={}
2025-10-05 18:43:51,096 : INFO : EventManager : Event: ======'mode_game_will_stop'====== Args={}
2025-10-05 18:43:51,096 : INFO : EventManager : Event: ======'mode_game_stopping'====== Args={}
2025-10-05 18:43:51,097 : INFO : EventManager : Event: ======'mode_multiball_will_stop'====== Args={}
2025-10-05 18:43:51,097 : INFO : EventManager : Event: ======'mode_multiball_stopping'====== Args={}
2025-10-05 18:43:51,097 : INFO : EventManager : Event: ======'mode_base_will_stop'====== Args={}
2025-10-05 18:43:51,097 : INFO : EventManager : Event: ======'mode_base_stopping'====== Args={}
2025-10-05 18:43:51,097 : INFO : Mode.base : Stopped.
2025-10-05 18:43:51,098 : INFO : EventManager : Event: ======'modes_active_modes_changed'====== Args={}
2025-10-05 18:43:51,098 : INFO : EventManager : Event: ======'mode_base_stopped'====== Args={}
2025-10-05 18:43:51,098 : INFO : EventManager : Event: ======'clear'====== Args={'key': 'base'}
2025-10-05 18:43:51,098 : INFO : Mode.multiball : Stopped.
2025-10-05 18:43:51,098 : INFO : EventManager : Event: ======'modes_active_modes_changed'====== Args={}
2025-10-05 18:43:51,099 : INFO : EventManager : Event: ======'mode_multiball_stopped'====== Args={}
2025-10-05 18:43:51,099 : INFO : EventManager : Event: ======'clear'====== Args={'key': 'multiball'}
2025-10-05 18:43:51,099 : INFO : Mode.game : Stopped.
2025-10-05 18:43:51,099 : INFO : EventManager : Event: ======'modes_active_modes_changed'====== Args={}
2025-10-05 18:43:51,099 : INFO : EventManager : Event: ======'mode_game_stopped'====== Args={}
2025-10-05 18:43:51,099 : INFO : EventManager : Event: ======'clear'====== Args={'key': 'game'}
2025-10-05 18:43:51,101 : INFO : root : MPF run loop ended.
