2025-10-05 21:00:54,406 : INFO : root : Loading config.
2025-10-05 21:00:54,410 : INFO : YamlMultifileConfigLoader : Machine config file #1: config.yaml
2025-10-05 21:00:54,410 : INFO : ConfigProcessor : Loading config from cache: C:\Users\sdona\AppData\Local\Temp\19f6d0d7953982fda9d956182316b8e5.mpf_cache
2025-10-05 21:00:54,519 : INFO : ConfigProcessor : Loading config from cache: C:\Users\sdona\AppData\Local\Temp\835b5bfea4be8b279a05e96caaaffbbb.mpf_cache
2025-10-05 21:00:54,522 : INFO : ConfigProcessor : Loading config from cache: C:\Users\sdona\AppData\Local\Temp\9b0a7575388f9d9bd2f6ab87bf9fd2f7.mpf_cache
2025-10-05 21:00:54,523 : WARNING : ConfigProcessor : Config file in cache changed: C:\venv\mpf\mmmdrop\modes\base\config\base.yaml
2025-10-05 21:00:54,523 : INFO : ConfigProcessor : Loading config from file C:\venv\mpf\mmmdrop\modes\base\config\base.yaml.
2025-10-05 21:00:54,528 : INFO : ConfigProcessor : Loading config: C:\venv\mpf\mmmdrop\modes\base\config\base.yaml
2025-10-05 21:00:54,530 : INFO : ConfigProcessor : Config file cache created: C:\Users\sdona\AppData\Local\Temp\c340ec0033d1055cd797ffd5447ef414.mpf_cache
2025-10-05 21:00:54,531 : INFO : ConfigProcessor : Loading config from cache: C:\Users\sdona\AppData\Local\Temp\835b5bfea4be8b279a05e96caaaffbbb.mpf_cache
2025-10-05 21:00:54,531 : INFO : ConfigProcessor : Loading config from cache: C:\Users\sdona\AppData\Local\Temp\8c11a28e3c38d4ad47947b6a126f2ee9.mpf_cache
2025-10-05 21:00:54,532 : INFO : ConfigProcessor : Loading config from cache: C:\Users\sdona\AppData\Local\Temp\e391083cdc9e667060411fe5838e93f2.mpf_cache
2025-10-05 21:00:54,533 : INFO : ConfigProcessor : Loading config from cache: C:\Users\sdona\AppData\Local\Temp\f0c219a993d891ee86dcb7eae47dde67.mpf_cache
2025-10-05 21:00:54,533 : INFO : ConfigProcessor : Loading config from cache: C:\Users\sdona\AppData\Local\Temp\96aa58108928490b129531848cd9b506.mpf_cache
2025-10-05 21:00:54,534 : INFO : ConfigProcessor : Loading config from cache: C:\Users\sdona\AppData\Local\Temp\567636b9d9766e3361204e954a8382da.mpf_cache
2025-10-05 21:00:54,535 : INFO : Machine : Mission Pinball Framework Core Engine v0.80.0.dev9
2025-10-05 21:00:54,535 : INFO : Machine : Command line arguments: {'no_load_cache': False, 'create_config_cache': True, 'bcp': True, 'configfile': ['config.yaml'], 'force_assets_load': False, 'platform_integration_test': False, 'jsonlogging': False, 'logfile': 'logs\\2025-10-05-21-00-54-mpf-PinballLaptop.log', 'pause': False, 'production': False, 'text_ui': True, 'loglevel': 15, 'consoleloglevel': 20, 'force_platform': 'smart_virtual', 'syslog_address': None, 'full_logfile_path': 'C:\\venv\\mpf\\mmmdrop\\logs\\2025-10-05-21-00-54-mpf-PinballLaptop.log'}
2025-10-05 21:00:54,535 : INFO : Machine : MPF path: c:\venv\mpf\lib\site-packages\mpf
2025-10-05 21:00:54,535 : INFO : Machine : Machine path: C:\venv\mpf\mmmdrop
2025-10-05 21:00:54,535 : INFO : Machine : Platform: win32
2025-10-05 21:00:54,535 : INFO : Machine : Python executable location: c:\venv\mpf\Scripts\python.exe
2025-10-05 21:00:54,535 : INFO : Machine : Python version: 3.9.13 (64-bit)
2025-10-05 21:00:54,537 : INFO : Machine : Initializing MPF...
2025-10-05 21:00:54,749 : INFO : EventManager : Event: ======'machine_var_credits_string'====== Args={'value': 'FREE PLAY', 'prev_value': None, 'change': True}
2025-10-05 21:00:54,781 : INFO : EventManager : Event: ======'machine_var_fast_audio_headphones_volume'====== Args={'value': 10, 'prev_value': None, 'change': True}
2025-10-05 21:00:54,781 : INFO : EventManager : Event: ======'machine_var_fast_audio_main_volume'====== Args={'value': 44, 'prev_value': None, 'change': True}
2025-10-05 21:00:54,781 : INFO : EventManager : Event: ======'machine_var_master_volume'====== Args={'value': 0.15, 'prev_value': None, 'change': True}
2025-10-05 21:00:54,781 : INFO : EventManager : Event: ======'machine_var_player1_score'====== Args={'value': 140190, 'prev_value': None, 'change': True}
2025-10-05 21:00:54,781 : INFO : EventManager : Event: ======'machine_var_mpf_version'====== Args={'value': 'Mission Pinball Framework v0.80.0.dev9', 'prev_value': None, 'change': True}
2025-10-05 21:00:54,781 : INFO : EventManager : Event: ======'machine_var_mpf_extended_version'====== Args={'value': 'Mission Pinball Framework v0.80.0.dev9, Config version:6, Show version: 6, BCP version:1.1', 'prev_value': None, 'change': True}
2025-10-05 21:00:54,781 : INFO : EventManager : Event: ======'machine_var_python_version'====== Args={'value': '3.9.13', 'prev_value': None, 'change': True}
2025-10-05 21:00:54,811 : INFO : EventManager : Event: ======'machine_var_platform'====== Args={'value': 'Windows-10-10.0.26100-SP0', 'prev_value': None, 'change': True}
2025-10-05 21:00:54,811 : INFO : EventManager : Event: ======'machine_var_platform_system'====== Args={'value': 'Windows', 'prev_value': None, 'change': True}
2025-10-05 21:00:54,811 : INFO : EventManager : Event: ======'machine_var_platform_release'====== Args={'value': '10', 'prev_value': None, 'change': True}
2025-10-05 21:00:54,811 : INFO : EventManager : Event: ======'machine_var_platform_version'====== Args={'value': '10.0.26100', 'prev_value': None, 'change': True}
2025-10-05 21:00:54,811 : INFO : EventManager : Event: ======'machine_var_platform_machine'====== Args={'value': 'AMD64', 'prev_value': None, 'change': True}
2025-10-05 21:00:54,811 : INFO : EventManager : Event: ======'machine_var_log_file_path'====== Args={'value': 'C:\\venv\\mpf\\mmmdrop\\logs\\2025-10-05-21-00-54-mpf-PinballLaptop.log', 'prev_value': None, 'change': True}
2025-10-05 21:00:54,811 : INFO : EventManager : Event: ======'init_phase_1'====== Args={}
2025-10-05 21:00:54,845 : INFO : EventManager : Event: ======'drop_target_bank_three_bank_up'====== Args={}
2025-10-05 21:00:54,845 : INFO : EventManager : Event: ======'init_phase_2'====== Args={}
2025-10-05 21:00:54,845 : INFO : SwitchController : Found active switch: ('3208-0', <Platform.SmartVirtual>) <switch.s_trough1>
2025-10-05 21:00:54,845 : INFO : SwitchController : Found active switch: ('3208-1', <Platform.SmartVirtual>) <switch.s_trough2>
2025-10-05 21:00:54,845 : INFO : SwitchController : Found active switch: ('3208-2', <Platform.SmartVirtual>) <switch.s_trough3>
2025-10-05 21:00:54,845 : INFO : SwitchController : Found active switch: ('3208-3', <Platform.SmartVirtual>) <switch.s_trough4>
2025-10-05 21:00:54,845 : INFO : SwitchController : Found active switch: ('3208-4', <Platform.SmartVirtual>) <switch.s_trough5>
2025-10-05 21:00:54,845 : INFO : SwitchController : Found active switch: ('3208-5', <Platform.SmartVirtual>) <switch.s_trough6>
2025-10-05 21:00:54,850 : INFO : EventManager : Event: ======'bcp_connection_attempt'====== Args={'name': 'local_display', 'host': 'localhost', 'port': 5050}
2025-10-05 21:00:54,853 : INFO : BCPClientSocket : Connecting BCP to 'local_display' at localhost:5050...
2025-10-05 21:00:58,895 : INFO : BCPClientSocket : Connected BCP to 'local_display' localhost:5050
2025-10-05 21:00:58,896 : INFO : EventManager : Event: ======'bcp_clients_connected'====== Args={}
2025-10-05 21:00:59,016 : INFO : ball_device.bd_trough : BCH: Initial count: 6
2025-10-05 21:00:59,016 : INFO : ball_device.bd_trough : State: idle
2025-10-05 21:00:59,017 : INFO : ball_device.bd_plunger : BCH: Initial count: 0
2025-10-05 21:00:59,017 : INFO : ball_device.bd_plunger : State: idle
2025-10-05 21:00:59,018 : INFO : ball_device.bd_scoop : BCH: Initial count: 0
2025-10-05 21:00:59,018 : INFO : ball_device.bd_scoop : State: idle
2025-10-05 21:00:59,035 : INFO : EventManager : Event: ======'init_phase_3'====== Args={}
2025-10-05 21:00:59,038 : INFO : EventManager : Event: ======'init_phase_4'====== Args={}
2025-10-05 21:00:59,038 : INFO : BallController : Initial balls found: 6
2025-10-05 21:00:59,040 : INFO : EventManager : Event: ======'machine_var_audits_events_game_ended'====== Args={'value': 36, 'prev_value': None, 'change': True}
2025-10-05 21:00:59,041 : INFO : EventManager : Event: ======'machine_var_audits_events_game_started'====== Args={'value': 289, 'prev_value': None, 'change': True}
2025-10-05 21:00:59,041 : INFO : EventManager : Event: ======'machine_var_audits_missing_switches_s_captive_ball'====== Args={'value': 17, 'prev_value': None, 'change': True}
2025-10-05 21:00:59,041 : INFO : EventManager : Event: ======'machine_var_audits_missing_switches_s_center_upper_pop'====== Args={'value': 33, 'prev_value': None, 'change': True}
2025-10-05 21:00:59,041 : INFO : EventManager : Event: ======'machine_var_audits_missing_switches_s_inner_orbit'====== Args={'value': 215, 'prev_value': None, 'change': True}
2025-10-05 21:00:59,041 : INFO : EventManager : Event: ======'machine_var_audits_missing_switches_s_left_flipper'====== Args={'value': 1, 'prev_value': None, 'change': True}
2025-10-05 21:00:59,041 : INFO : EventManager : Event: ======'machine_var_audits_missing_switches_s_left_inlane'====== Args={'value': 33, 'prev_value': None, 'change': True}
2025-10-05 21:00:59,041 : INFO : EventManager : Event: ======'machine_var_audits_missing_switches_s_left_orbit'====== Args={'value': 17, 'prev_value': None, 'change': True}
2025-10-05 21:00:59,042 : INFO : EventManager : Event: ======'machine_var_audits_missing_switches_s_left_outlane'====== Args={'value': 33, 'prev_value': None, 'change': True}
2025-10-05 21:00:59,042 : INFO : EventManager : Event: ======'machine_var_audits_missing_switches_s_left_slingshot'====== Args={'value': 215, 'prev_value': None, 'change': True}
2025-10-05 21:00:59,042 : INFO : EventManager : Event: ======'machine_var_audits_missing_switches_s_left_upper_pop'====== Args={'value': 33, 'prev_value': None, 'change': True}
2025-10-05 21:00:59,042 : INFO : EventManager : Event: ======'machine_var_audits_missing_switches_s_right_flipper'====== Args={'value': 1, 'prev_value': None, 'change': True}
2025-10-05 21:00:59,042 : INFO : EventManager : Event: ======'machine_var_audits_missing_switches_s_right_inlane'====== Args={'value': 100, 'prev_value': None, 'change': True}
2025-10-05 21:00:59,042 : INFO : EventManager : Event: ======'machine_var_audits_missing_switches_s_right_lower_pop'====== Args={'value': 4, 'prev_value': None, 'change': True}
2025-10-05 21:00:59,042 : INFO : EventManager : Event: ======'machine_var_audits_missing_switches_s_right_orbit'====== Args={'value': 2, 'prev_value': None, 'change': True}
2025-10-05 21:00:59,042 : INFO : EventManager : Event: ======'machine_var_audits_missing_switches_s_right_outlane'====== Args={'value': 100, 'prev_value': None, 'change': True}
2025-10-05 21:00:59,042 : INFO : EventManager : Event: ======'machine_var_audits_missing_switches_s_right_slingshot'====== Args={'value': 65, 'prev_value': None, 'change': True}
2025-10-05 21:00:59,042 : INFO : EventManager : Event: ======'machine_var_audits_missing_switches_s_spinner'====== Args={'value': 121, 'prev_value': None, 'change': True}
2025-10-05 21:00:59,042 : INFO : EventManager : Event: ======'machine_var_audits_missing_switches_s_start'====== Args={'value': 84, 'prev_value': None, 'change': True}
2025-10-05 21:00:59,042 : INFO : EventManager : Event: ======'machine_var_audits_missing_switches_s_three_bank_standup'====== Args={'value': 17, 'prev_value': None, 'change': True}
2025-10-05 21:00:59,042 : INFO : EventManager : Event: ======'machine_var_audits_missing_switches_s_tilt_bob'====== Args={'value': 223, 'prev_value': None, 'change': True}
2025-10-05 21:00:59,042 : INFO : EventManager : Event: ======'machine_var_audits_missing_switches_s_top_right_flipper'====== Args={'value': 215, 'prev_value': None, 'change': True}
2025-10-05 21:00:59,043 : INFO : EventManager : Event: ======'machine_var_audits_missing_switches_s_trough1'====== Args={'value': 33, 'prev_value': None, 'change': True}
2025-10-05 21:00:59,043 : INFO : EventManager : Event: ======'machine_var_audits_missing_switches_s_trough2'====== Args={'value': 30, 'prev_value': None, 'change': True}
2025-10-05 21:00:59,043 : INFO : EventManager : Event: ======'machine_var_audits_missing_switches_s_trough3'====== Args={'value': 30, 'prev_value': None, 'change': True}
2025-10-05 21:00:59,043 : INFO : EventManager : Event: ======'machine_var_audits_missing_switches_s_trough4'====== Args={'value': 214, 'prev_value': None, 'change': True}
2025-10-05 21:00:59,043 : INFO : EventManager : Event: ======'machine_var_audits_missing_switches_s_trough5'====== Args={'value': 214, 'prev_value': None, 'change': True}
2025-10-05 21:00:59,043 : INFO : EventManager : Event: ======'machine_var_audits_missing_switches_s_trough6'====== Args={'value': 64, 'prev_value': None, 'change': True}
2025-10-05 21:00:59,043 : INFO : EventManager : Event: ======'machine_var_audits_missing_switches_s_trough_jam'====== Args={'value': 215, 'prev_value': None, 'change': True}
2025-10-05 21:00:59,043 : INFO : EventManager : Event: ======'machine_var_audits_missing_switches_s_tshirt_bottom_standup'====== Args={'value': 61, 'prev_value': None, 'change': True}
2025-10-05 21:00:59,043 : INFO : EventManager : Event: ======'machine_var_audits_missing_switches_s_tshirt_top_standup'====== Args={'value': 40, 'prev_value': None, 'change': True}
2025-10-05 21:00:59,044 : INFO : EventManager : Event: ======'machine_var_audits_missing_switches_s_upper_pop_standup'====== Args={'value': 215, 'prev_value': None, 'change': True}
2025-10-05 21:00:59,044 : INFO : EventManager : Event: ======'machine_var_audits_player_score'====== Args={'value': {'average': 16766, 'top': [140190, 55679, 54526, 46225, 25350, 24166, 23278, 22740, 20422, 20201], 'total': 37}, 'prev_value': None, 'change': True}
2025-10-05 21:00:59,044 : INFO : EventManager : Event: ======'machine_var_audits_shots_skill_captive'====== Args={'value': 16, 'prev_value': None, 'change': True}
2025-10-05 21:00:59,044 : INFO : EventManager : Event: ======'machine_var_audits_shots_skill_drop_targets'====== Args={'value': 64, 'prev_value': None, 'change': True}
2025-10-05 21:00:59,044 : INFO : EventManager : Event: ======'machine_var_audits_shots_skill_side_targets'====== Args={'value': 27, 'prev_value': None, 'change': True}
2025-10-05 21:00:59,044 : INFO : EventManager : Event: ======'machine_var_audits_switches_s_captive_ball'====== Args={'value': 164, 'prev_value': None, 'change': True}
2025-10-05 21:00:59,044 : INFO : EventManager : Event: ======'machine_var_audits_switches_s_center_upper_pop'====== Args={'value': 196, 'prev_value': None, 'change': True}
2025-10-05 21:00:59,044 : INFO : EventManager : Event: ======'machine_var_audits_switches_s_inner_orbit'====== Args={'value': 0, 'prev_value': None, 'change': True}
2025-10-05 21:00:59,044 : INFO : EventManager : Event: ======'machine_var_audits_switches_s_left_flipper'====== Args={'value': 1246, 'prev_value': None, 'change': True}
2025-10-05 21:00:59,045 : INFO : EventManager : Event: ======'machine_var_audits_switches_s_left_inlane'====== Args={'value': 110, 'prev_value': None, 'change': True}
2025-10-05 21:00:59,045 : INFO : EventManager : Event: ======'machine_var_audits_switches_s_left_orbit'====== Args={'value': 31, 'prev_value': None, 'change': True}
2025-10-05 21:00:59,045 : INFO : EventManager : Event: ======'machine_var_audits_switches_s_left_outlane'====== Args={'value': 56, 'prev_value': None, 'change': True}
2025-10-05 21:00:59,045 : INFO : EventManager : Event: ======'machine_var_audits_switches_s_left_ramp'====== Args={'value': 61, 'prev_value': None, 'change': True}
2025-10-05 21:00:59,045 : INFO : EventManager : Event: ======'machine_var_audits_switches_s_left_slingshot'====== Args={'value': 259, 'prev_value': None, 'change': True}
2025-10-05 21:00:59,045 : INFO : EventManager : Event: ======'machine_var_audits_switches_s_left_upper_pop'====== Args={'value': 148, 'prev_value': None, 'change': True}
2025-10-05 21:00:59,045 : INFO : EventManager : Event: ======'machine_var_audits_switches_s_plunger'====== Args={'value': 744, 'prev_value': None, 'change': True}
2025-10-05 21:00:59,045 : INFO : EventManager : Event: ======'machine_var_audits_switches_s_pop_standup'====== Args={'value': 78, 'prev_value': None, 'change': True}
2025-10-05 21:00:59,045 : INFO : EventManager : Event: ======'machine_var_audits_switches_s_right_flipper'====== Args={'value': 1520, 'prev_value': None, 'change': True}
2025-10-05 21:00:59,046 : INFO : EventManager : Event: ======'machine_var_audits_switches_s_right_inlane'====== Args={'value': 106, 'prev_value': None, 'change': True}
2025-10-05 21:00:59,046 : INFO : EventManager : Event: ======'machine_var_audits_switches_s_right_lower_pop'====== Args={'value': 457, 'prev_value': None, 'change': True}
2025-10-05 21:00:59,046 : INFO : EventManager : Event: ======'machine_var_audits_switches_s_right_orbit'====== Args={'value': 32, 'prev_value': None, 'change': True}
2025-10-05 21:00:59,046 : INFO : EventManager : Event: ======'machine_var_audits_switches_s_right_outlane'====== Args={'value': 53, 'prev_value': None, 'change': True}
2025-10-05 21:00:59,046 : INFO : EventManager : Event: ======'machine_var_audits_switches_s_right_ramp'====== Args={'value': 61, 'prev_value': None, 'change': True}
2025-10-05 21:00:59,046 : INFO : EventManager : Event: ======'machine_var_audits_switches_s_right_slingshot'====== Args={'value': 366, 'prev_value': None, 'change': True}
2025-10-05 21:00:59,046 : INFO : EventManager : Event: ======'machine_var_audits_switches_s_scoop'====== Args={'value': 218, 'prev_value': None, 'change': True}
2025-10-05 21:00:59,046 : INFO : EventManager : Event: ======'machine_var_audits_switches_s_spinner'====== Args={'value': 1371, 'prev_value': None, 'change': True}
2025-10-05 21:00:59,046 : INFO : EventManager : Event: ======'machine_var_audits_switches_s_start'====== Args={'value': 55, 'prev_value': None, 'change': True}
2025-10-05 21:00:59,047 : INFO : EventManager : Event: ======'machine_var_audits_switches_s_three_bank_bottom'====== Args={'value': 217, 'prev_value': None, 'change': True}
2025-10-05 21:00:59,047 : INFO : EventManager : Event: ======'machine_var_audits_switches_s_three_bank_middle'====== Args={'value': 246, 'prev_value': None, 'change': True}
2025-10-05 21:00:59,047 : INFO : EventManager : Event: ======'machine_var_audits_switches_s_three_bank_standup'====== Args={'value': 138, 'prev_value': None, 'change': True}
2025-10-05 21:00:59,047 : INFO : EventManager : Event: ======'machine_var_audits_switches_s_three_bank_top'====== Args={'value': 237, 'prev_value': None, 'change': True}
2025-10-05 21:00:59,047 : INFO : EventManager : Event: ======'machine_var_audits_switches_s_tilt_bob'====== Args={'value': 21, 'prev_value': None, 'change': True}
2025-10-05 21:00:59,047 : INFO : EventManager : Event: ======'machine_var_audits_switches_s_top_right_flipper'====== Args={'value': 1294, 'prev_value': None, 'change': True}
2025-10-05 21:00:59,047 : INFO : EventManager : Event: ======'machine_var_audits_switches_s_trough1'====== Args={'value': 246, 'prev_value': None, 'change': True}
2025-10-05 21:00:59,048 : INFO : EventManager : Event: ======'machine_var_audits_switches_s_trough2'====== Args={'value': 256, 'prev_value': None, 'change': True}
2025-10-05 21:00:59,048 : INFO : EventManager : Event: ======'machine_var_audits_switches_s_trough3'====== Args={'value': 184, 'prev_value': None, 'change': True}
2025-10-05 21:00:59,048 : INFO : EventManager : Event: ======'machine_var_audits_switches_s_trough4'====== Args={'value': 160, 'prev_value': None, 'change': True}
2025-10-05 21:00:59,048 : INFO : EventManager : Event: ======'machine_var_audits_switches_s_trough5'====== Args={'value': 160, 'prev_value': None, 'change': True}
2025-10-05 21:00:59,048 : INFO : EventManager : Event: ======'machine_var_audits_switches_s_trough6'====== Args={'value': 161, 'prev_value': None, 'change': True}
2025-10-05 21:00:59,048 : INFO : EventManager : Event: ======'machine_var_audits_switches_s_trough_jam'====== Args={'value': 206, 'prev_value': None, 'change': True}
2025-10-05 21:00:59,048 : INFO : EventManager : Event: ======'machine_var_audits_switches_s_tshirt_bottom_standup'====== Args={'value': 31, 'prev_value': None, 'change': True}
2025-10-05 21:00:59,048 : INFO : EventManager : Event: ======'machine_var_audits_switches_s_tshirt_top_standup'====== Args={'value': 58, 'prev_value': None, 'change': True}
2025-10-05 21:00:59,048 : INFO : EventManager : Event: ======'machine_var_audits_switches_s_upper_pop_standup'====== Args={'value': 158, 'prev_value': None, 'change': True}
2025-10-05 21:00:59,049 : INFO : EventManager : Event: ======'init_phase_5'====== Args={}
2025-10-05 21:00:59,115 : INFO : EventManager : Event: ======'init_done'====== Args={}
2025-10-05 21:00:59,116 : INFO : EventManager : Event: ======'machine_reset_phase_1'====== Args={}
2025-10-05 21:00:59,123 : INFO : EventManager : Event: ======'machine_reset_phase_2'====== Args={}
2025-10-05 21:00:59,123 : INFO : EventManager : Event: ======'machine_reset_phase_3'====== Args={}
2025-10-05 21:00:59,124 : INFO : drop_target_bank.three_bank : All targets are already up. Will not reset bank.
2025-10-05 21:00:59,124 : INFO : EventManager : Event: ======'reset_complete'====== Args={}
2025-10-05 21:00:59,124 : INFO : EventManager : Event: ======'mode_attract_will_start'====== Args={}
2025-10-05 21:00:59,125 : INFO : EventManager : Event: ======'mode_attract_starting'====== Args={}
2025-10-05 21:00:59,125 : INFO : Mode.attract : Started. Priority: 10
2025-10-05 21:00:59,125 : INFO : EventManager : Event: ======'modes_active_modes_changed'====== Args={}
2025-10-05 21:00:59,126 : INFO : EventManager : Event: ======'mode_attract_started'====== Args={}
2025-10-05 21:00:59,126 : INFO : EventManager : Event: ======'collecting_balls_complete'====== Args={}
2025-10-05 21:00:59,146 : INFO : EventManager : Event: ======'slide_loading_created'====== Args={'_from_bcp': True}
2025-10-05 21:00:59,146 : INFO : EventManager : Event: ======'slide__removed'====== Args={'_from_bcp': True}
2025-10-05 21:00:59,146 : INFO : EventManager : Event: ======'slide_loading_active'====== Args={'original_context': '_global', 'original_calling_context': 'init_done', 'priority': 0.0, 'cmd': 'slides_play', '_from_bcp': True}
2025-10-05 21:00:59,147 : INFO : Machine : Starting the main run loop with active modes: [<Mode.attract>]
2025-10-05 21:00:59,200 : INFO : EventManager : Event: ======'slide_attract_created'====== Args={'_from_bcp': True}
2025-10-05 21:00:59,200 : INFO : EventManager : Event: ======'slide_loading_inactive'====== Args={'is_removing': True, '_from_bcp': True}
2025-10-05 21:00:59,200 : INFO : EventManager : Event: ======'slide_attract_active'====== Args={'original_context': 'attract', 'original_calling_context': 'mode_attract_started', 'priority': 10.0, 'cmd': 'slides_play', '_from_bcp': True}
2025-10-05 21:00:59,202 : INFO : EventManager : Event: ======'slide_loading_removed'====== Args={'_from_bcp': True}
2025-10-05 21:00:59,289 : INFO : BcpServer : New client connected.
2025-10-05 21:01:11,994 : INFO : SwitchController : <<<<<<< 's_start' active >>>>>>>
2025-10-05 21:01:12,146 : INFO : SwitchController : <<<<<<< 's_start' inactive >>>>>>>
2025-10-05 21:01:12,146 : INFO : EventManager : Event: ======'request_to_start_game'====== Args={}
2025-10-05 21:01:12,147 : INFO : EventManager : Event: ======'game_start'====== Args={'buttons': [], 'hold_time': 0.15599999999994907}
2025-10-05 21:01:12,147 : INFO : EventManager : Event: ======'mode_game_will_start'====== Args={'buttons': [], 'hold_time': 0.15599999999994907}
2025-10-05 21:01:12,148 : INFO : EventManager : Event: ======'mode_game_starting'====== Args={'buttons': [], 'hold_time': 0.15599999999994907}
2025-10-05 21:01:12,148 : INFO : EventManager : Event: ======'mode_attract_will_stop'====== Args={}
2025-10-05 21:01:12,148 : INFO : EventManager : Event: ======'mode_attract_stopping'====== Args={}
2025-10-05 21:01:12,149 : INFO : Mode.attract : Stopped.
2025-10-05 21:01:12,149 : INFO : EventManager : Event: ======'modes_active_modes_changed'====== Args={}
2025-10-05 21:01:12,149 : INFO : EventManager : Event: ======'mode_attract_stopped'====== Args={}
2025-10-05 21:01:12,149 : INFO : EventManager : Event: ======'clear'====== Args={'key': 'attract'}
2025-10-05 21:01:12,149 : INFO : Mode.game : Started. Priority: 20
2025-10-05 21:01:12,150 : INFO : EventManager : Event: ======'modes_active_modes_changed'====== Args={}
2025-10-05 21:01:12,150 : INFO : EventManager : Event: ======'mode_game_started'====== Args={'buttons': [], 'hold_time': 0.15599999999994907}
2025-10-05 21:01:12,155 : INFO : EventManager : Event: ======'game_will_start'====== Args={}
2025-10-05 21:01:12,156 : INFO : EventManager : Event: ======'game_starting'====== Args={'game': <Mode.game>}
2025-10-05 21:01:12,158 : INFO : EventManager : Unordered handler for class <Auditor> on event game_ended with priority 1. Handlers: [RegisteredHandler(callback=<bound method Auditor.disable of <Auditor>>, priority=1, kwargs={}, key=UUID('eba9d32e-7ae5-4128-a0dc-1a6f85cd4be2'), condition=None, blocking_facility=None), RegisteredHandler(callback=<bound method Auditor._save_audits of <Auditor>>, priority=1, kwargs={}, key=UUID('fb3d04b5-fb3b-4718-b943-590677b18a20'), condition=None, blocking_facility=None)]. The order of those handlers is not defined and they will be executed in random order. This might lead to race conditions and potential bugs.
2025-10-05 21:01:12,158 : INFO : EventManager : Event: ======'player_add_request'====== Args={}
2025-10-05 21:01:12,159 : INFO : EventManager : Event: ======'player_will_add'====== Args={'number': 1}
2025-10-05 21:01:12,159 : INFO : EventManager : Event: ======'player_adding'====== Args={'player': <Player 1>, 'number': 1}
2025-10-05 21:01:12,159 : INFO : EventManager : Event: ======'player_added'====== Args={'player': <Player 1>, 'num': 1}
2025-10-05 21:01:12,159 : INFO : Mode.game : Player added successfully. Total players: 1
2025-10-05 21:01:12,160 : INFO : EventManager : Event: ======'player_index'====== Args={'value': 0, 'prev_value': 0, 'change': 0, 'player_num': 1}
2025-10-05 21:01:12,160 : INFO : EventManager : Event: ======'player_number'====== Args={'value': 1, 'prev_value': 1, 'change': 0, 'player_num': 1}
2025-10-05 21:01:12,161 : INFO : EventManager : Event: ======'player_score'====== Args={'value': 0, 'prev_value': 0, 'change': 0, 'player_num': 1}
2025-10-05 21:01:12,162 : INFO : EventManager : Event: ======'game_started'====== Args={}
2025-10-05 21:01:12,170 : INFO : EventManager : Event: ======'player_turn_will_start'====== Args={'player': <Player 1>, 'number': 1}
2025-10-05 21:01:12,178 : INFO : EventManager : Event: ======'player_turn_starting'====== Args={'player': <Player 1>, 'number': 1}
2025-10-05 21:01:12,179 : INFO : EventManager : Event: ======'player_ball'====== Args={'value': 1, 'prev_value': 0, 'change': 1, 'player_num': 1}
2025-10-05 21:01:12,181 : INFO : EventManager : Event: ======'player_turn_started'====== Args={'player': <Player 1>, 'number': 1}
2025-10-05 21:01:12,184 : INFO : EventManager : Event: ======'ball_will_start'====== Args={'player': 1, 'ball': 1, 'balls_remaining': 2, 'is_extra_ball': False}
2025-10-05 21:01:12,186 : INFO : EventManager : Event: ======'ball_starting'====== Args={'player': 1, 'ball': 1, 'balls_remaining': 2, 'is_extra_ball': False}
2025-10-05 21:01:12,187 : INFO : EventManager : Event: ======'mode_base_will_start'====== Args={'queue': <QueuedEvent>, 'player': 1, 'ball': 1, 'balls_remaining': 2, 'is_extra_ball': False}
2025-10-05 21:01:12,192 : INFO : EventManager : Event: ======'mode_base_starting'====== Args={'queue': <QueuedEvent>, 'player': 1, 'ball': 1, 'balls_remaining': 2, 'is_extra_ball': False}
2025-10-05 21:01:12,192 : INFO : drop_target_bank.three_bank : All targets are already up. Will not reset bank.
2025-10-05 21:01:12,194 : INFO : EventManager : Event: ======'balls_in_play'====== Args={'balls': 1}
2025-10-05 21:01:12,194 : INFO : EventManager : Event: ======'ball_started'====== Args={'player': 1, 'ball': 1, 'balls_remaining': 2, 'is_extra_ball': False}
2025-10-05 21:01:12,194 : INFO : EventManager : Event: ======'logicblock_qualify_chcheckitout_multiball_updated'====== Args={'value': 0, 'enabled': True}
2025-10-05 21:01:12,195 : INFO : EventManager : Event: ======'logicblock_drop_target_bank_counter_updated'====== Args={'value': 0, 'enabled': True}
2025-10-05 21:01:12,195 : INFO : EventManager : Event: ======'logicblock_qualify_chcheckitout_multiball_updated'====== Args={'value': 0, 'enabled': True}
2025-10-05 21:01:12,195 : INFO : EventManager : Event: ======'logicblock_chcheckitout_multiball_ready_updated'====== Args={'value': 0, 'enabled': False}
2025-10-05 21:01:12,195 : INFO : EventManager : Event: ======'logicblock_drop_target_bank_counter_updated'====== Args={'value': 0, 'enabled': True}
2025-10-05 21:01:12,195 : INFO : Mode.base : Started. Priority: 100
2025-10-05 21:01:12,195 : INFO : EventManager : Event: ======'modes_active_modes_changed'====== Args={}
2025-10-05 21:01:12,195 : INFO : EventManager : Event: ======'mode_base_started'====== Args={'queue': <QueuedEvent>, 'player': 1, 'ball': 1, 'balls_remaining': 2, 'is_extra_ball': False}
2025-10-05 21:01:12,196 : INFO : EventManager : Event: ======'mode_skill_shot_will_start'====== Args={'player': 1, 'ball': 1, 'balls_remaining': 2, 'is_extra_ball': False}
2025-10-05 21:01:12,197 : INFO : EventManager : Event: ======'player_shot_skill_side_targets_enabled'====== Args={'value': True, 'prev_value': 0, 'change': 1, 'player_num': 1}
2025-10-05 21:01:12,199 : INFO : EventManager : Event: ======'player_shot_skill_drop_targets_enabled'====== Args={'value': True, 'prev_value': 0, 'change': 1, 'player_num': 1}
2025-10-05 21:01:12,199 : INFO : EventManager : Event: ======'skill_shot_complete'====== Args={'state': 'unlit'}
2025-10-05 21:01:12,200 : INFO : EventManager : Event: ======'skill_shot_unlit_complete'====== Args={}
2025-10-05 21:01:12,201 : INFO : EventManager : Event: ======'player_skill_shot_skill_shot_timeout_tick'====== Args={'value': 0, 'prev_value': 0, 'change': 0, 'player_num': 1}
2025-10-05 21:01:12,203 : INFO : EventManager : Event: ======'mode_skill_shot_starting'====== Args={'player': 1, 'ball': 1, 'balls_remaining': 2, 'is_extra_ball': False}
2025-10-05 21:01:12,203 : INFO : EventManager : Event: ======'logicblock_drop_target_bank_counter_updated'====== Args={'value': 1, 'enabled': True}
2025-10-05 21:01:12,203 : INFO : EventManager : Event: ======'counter_drop_target_bank_counter_hit'====== Args={'count': 1, 'hits': 1, 'remaining': 1}
2025-10-05 21:01:12,203 : INFO : EventManager : Event: ======'logicblock_drop_target_bank_counter_hit'====== Args={'count': 1, 'hits': 1, 'remaining': 1}
2025-10-05 21:01:12,205 : INFO : EventManager : Event: ======'player_drop_target_bank_counter_count'====== Args={'value': 1, 'prev_value': 0, 'change': 1, 'player_num': 1, 'source': 'base'}
2025-10-05 21:01:12,206 : INFO : EventManager : Event: ======'player_drop_target_bank_counter_count'====== Args={'value': 0, 'prev_value': 1, 'change': -1, 'player_num': 1, 'source': 'base'}
2025-10-05 21:01:12,206 : INFO : EventManager : Event: ======'mode_multiball_will_start'====== Args={'queue': <QueuedEvent>, 'player': 1, 'ball': 1, 'balls_remaining': 2, 'is_extra_ball': False}
2025-10-05 21:01:12,207 : INFO : EventManager : Event: ======'mode_multiball_starting'====== Args={'queue': <QueuedEvent>, 'player': 1, 'ball': 1, 'balls_remaining': 2, 'is_extra_ball': False}
2025-10-05 21:01:12,207 : INFO : EventManager : Event: ======'mode_carousel_will_start'====== Args={'queue': <QueuedEvent>, 'player': 1, 'ball': 1, 'balls_remaining': 2, 'is_extra_ball': False}
2025-10-05 21:01:12,208 : INFO : EventManager : Event: ======'mode_carousel_starting'====== Args={'queue': <QueuedEvent>, 'player': 1, 'ball': 1, 'balls_remaining': 2, 'is_extra_ball': False}
2025-10-05 21:01:12,208 : INFO : EventManager : Event: ======'ball_save_default_enabled'====== Args={}
2025-10-05 21:01:12,209 : INFO : Mode.carousel : Started. Priority: 200
2025-10-05 21:01:12,209 : INFO : EventManager : Event: ======'modes_active_modes_changed'====== Args={}
2025-10-05 21:01:12,209 : INFO : EventManager : Event: ======'mode_carousel_started'====== Args={'queue': <QueuedEvent>, 'player': 1, 'ball': 1, 'balls_remaining': 2, 'is_extra_ball': False}
2025-10-05 21:01:12,210 : INFO : EventManager : Event: ======'item_highlighted'====== Args={'carousel': 'carousel', 'direction': None, 'item': 'intergalactic'}
2025-10-05 21:01:12,210 : INFO : Mode.multiball : Started. Priority: 1000
2025-10-05 21:01:12,210 : INFO : EventManager : Event: ======'modes_active_modes_changed'====== Args={}
2025-10-05 21:01:12,210 : INFO : EventManager : Event: ======'mode_multiball_started'====== Args={'queue': <QueuedEvent>, 'player': 1, 'ball': 1, 'balls_remaining': 2, 'is_extra_ball': False}
2025-10-05 21:01:12,211 : INFO : Mode.skill_shot : Started. Priority: 500
2025-10-05 21:01:12,211 : INFO : EventManager : Event: ======'modes_active_modes_changed'====== Args={}
2025-10-05 21:01:12,212 : INFO : EventManager : Event: ======'mode_skill_shot_started'====== Args={'player': 1, 'ball': 1, 'balls_remaining': 2, 'is_extra_ball': False}
2025-10-05 21:01:12,212 : INFO : EventManager : Event: ======'player_shot_skill_side_targets'====== Args={'value': 1, 'prev_value': 0, 'change': 1, 'player_num': 1}
2025-10-05 21:01:12,214 : INFO : EventManager : Event: ======'player_shot_skill_drop_targets'====== Args={'value': 1, 'prev_value': 0, 'change': 1, 'player_num': 1}
2025-10-05 21:01:12,215 : INFO : EventManager : Event: ======'skill_shot_complete'====== Args={'state': 'flashing'}
2025-10-05 21:01:12,216 : INFO : EventManager : Event: ======'skill_shot_flashing_complete'====== Args={}
2025-10-05 21:01:12,216 : INFO : EventManager : Event: ======'single_player_ball_started'====== Args={}
2025-10-05 21:01:12,234 : INFO : EventManager : Event: ======'ball_start_target'====== Args={'target': 'playfield'}
2025-10-05 21:01:12,235 : INFO : EventManager : Event: ======'slide_base_created'====== Args={'_from_bcp': True}
2025-10-05 21:01:12,235 : INFO : EventManager : Event: ======'slide_score_overlay_created'====== Args={'_from_bcp': True}
2025-10-05 21:01:12,235 : INFO : EventManager : Event: ======'slide_attract_inactive'====== Args={'is_removing': True, '_from_bcp': True}
2025-10-05 21:01:12,236 : INFO : EventManager : Event: ======'slide_score_overlay_active'====== Args={'original_context': 'base', 'original_calling_context': 'mode_base_started', 'priority': 100.0, 'queue': '<QueuedEvent>', 'player': 1.0, 'ball': 1.0, 'balls_remaining': 2.0, 'is_extra_ball': False, 'cmd': 'slides_play', '_from_bcp': True}
2025-10-05 21:01:12,237 : INFO : ball_device.bd_plunger : Setting up player-controlled eject. Balls: 1, Target: <playfield.playfield>, player_controlled_eject_event: None
2025-10-05 21:01:12,237 : INFO : EventManager : Event: ======'balldevice_balls_available'====== Args={}
2025-10-05 21:01:12,239 : INFO : ball_device.bd_trough : State: waiting_for_target_ready
2025-10-05 21:01:12,240 : INFO : EventManager : Event: ======'balldevice_bd_trough_ball_eject_attempt'====== Args={'balls': 1, 'target': <ball_device.bd_plunger>, 'source': <ball_device.bd_trough>, 'mechanical_eject': True, 'num_attempts': 0}
2025-10-05 21:01:12,240 : INFO : ball_device.bd_plunger : State: waiting_for_ball
2025-10-05 21:01:12,241 : INFO : ball_device.bd_trough : State: ejecting
2025-10-05 21:01:12,242 : INFO : ball_device.bd_trough : Ejecting ball to <ball_device.bd_plunger>
2025-10-05 21:01:12,243 : INFO : EventManager : Event: ======'balldevice_bd_trough_ejecting_ball'====== Args={'balls': 1, 'target': <ball_device.bd_plunger>, 'source': <ball_device.bd_trough>, 'mechanical_eject': True, 'num_attempts': 0}
2025-10-05 21:01:12,243 : INFO : EventManager : Event: ======'slide_attract_removed'====== Args={'_from_bcp': True}
2025-10-05 21:01:12,244 : INFO : ball_device.bd_trough : Wait for ball to leave device
2025-10-05 21:01:12,245 : INFO : coil.c_trough_eject : Pulsing Driver for 20ms (1.0 pulse_power)
2025-10-05 21:01:12,246 : INFO : SwitchController : <<<<<<< 's_trough1' inactive >>>>>>>
2025-10-05 21:01:12,251 : INFO : EventManager : Event: ======'slide_current_mode_highlighted_created'====== Args={'_from_bcp': True}
2025-10-05 21:01:12,252 : INFO : ball_device.bd_trough : State: ball_left
2025-10-05 21:01:12,252 : INFO : ball_device.bd_trough : Ball left
2025-10-05 21:01:12,252 : INFO : ball_device.bd_trough : Wait for confirm with timeout 3.0
2025-10-05 21:01:12,346 : INFO : SwitchController : <<<<<<< 's_plunger' active >>>>>>>
2025-10-05 21:01:12,346 : INFO : EventManager : Event: ======'machine_var_audits_switches_s_plunger'====== Args={'value': 745, 'prev_value': 744, 'change': 1}
2025-10-05 21:01:12,481 : INFO : EventManager : Event: ======'slide_skillshot_overlay_created'====== Args={'_from_bcp': True}
2025-10-05 21:01:12,845 : INFO : ball_device.bd_plunger : Received ball from <ball_device.bd_trough>
2025-10-05 21:01:12,845 : INFO : EventManager : Event: ======'balldevice_bd_plunger_ball_enter'====== Args={'new_balls': 1, 'unclaimed_balls': 0, 'new_available_balls': 0, 'device': <ball_device.bd_plunger>}
2025-10-05 21:01:12,846 : INFO : EventManager : Event: ======'balldevice_bd_plunger_ball_entered'====== Args={'new_balls': 0, 'device': <ball_device.bd_plunger>}
2025-10-05 21:01:12,847 : INFO : EventManager : Event: ======'balldevice_bd_plunger_ball_count_changed'====== Args={'balls': 1}
2025-10-05 21:01:12,847 : INFO : ball_device.bd_trough : Got eject confirm
2025-10-05 21:01:12,847 : INFO : ball_device.bd_trough : Eject successful
2025-10-05 21:01:12,847 : INFO : EventManager : Event: ======'balldevice_bd_trough_ball_eject_success'====== Args={'balls': 1, 'target': <ball_device.bd_plunger>}
2025-10-05 21:01:12,848 : INFO : EventManager : Event: ======'balldevice_bd_trough_ball_count_changed'====== Args={'balls': 5}
2025-10-05 21:01:12,848 : INFO : ball_device.bd_trough : State: idle
2025-10-05 21:01:12,849 : INFO : ball_device.bd_plunger : State: waiting_for_target_ready
2025-10-05 21:01:12,849 : INFO : EventManager : Event: ======'balldevice_bd_plunger_ball_eject_attempt'====== Args={'balls': 1, 'target': <playfield.playfield>, 'source': <ball_device.bd_plunger>, 'mechanical_eject': True, 'num_attempts': 0}
2025-10-05 21:01:12,850 : INFO : ball_device.bd_plunger : State: ejecting
2025-10-05 21:01:12,850 : INFO : ball_device.bd_plunger : Ejecting ball to <playfield.playfield>
2025-10-05 21:01:12,850 : INFO : EventManager : Event: ======'balldevice_bd_plunger_ejecting_ball'====== Args={'balls': 1, 'target': <playfield.playfield>, 'source': <ball_device.bd_plunger>, 'mechanical_eject': True, 'num_attempts': 0}
2025-10-05 21:01:12,851 : INFO : ball_device.bd_plunger : Wait for ball to leave device
2025-10-05 21:01:13,326 : INFO : SwitchController : <<<<<<< 's_plunger' inactive >>>>>>>
2025-10-05 21:01:13,326 : INFO : EventManager : Event: ======'ball_out'====== Args={}
2025-10-05 21:01:13,327 : INFO : EventManager : Event: ======'ball_save_default_timer_start'====== Args={}
2025-10-05 21:01:13,331 : INFO : ball_device.bd_plunger : State: ball_left
2025-10-05 21:01:13,331 : INFO : ball_device.bd_plunger : Ball left
2025-10-05 21:01:13,331 : INFO : ball_device.bd_plunger : Wait for confirm with timeout 3.0
2025-10-05 21:01:13,893 : INFO : SwitchController : <<<<<<< 's_three_bank_bottom' active >>>>>>>
2025-10-05 21:01:13,893 : INFO : EventManager : Event: ======'playfield_active'====== Args={'source': 'skill_drop_targets'}
2025-10-05 21:01:13,893 : INFO : EventManager : Event: ======'s_three_bank_bottom_active'====== Args={}
2025-10-05 21:01:13,893 : INFO : EventManager : Event: ======'playfield_active'====== Args={'source': 'bottom'}
2025-10-05 21:01:13,894 : INFO : EventManager : Event: ======'drop_target_bottom_down'====== Args={'device': <drop_target.bottom>}
2025-10-05 21:01:13,894 : INFO : EventManager : Event: ======'drop_target_bank_three_bank_mixed'====== Args={'prev_value': <DropTargetBankState.UP: 'up'>, 'down': 1}
2025-10-05 21:01:13,894 : INFO : EventManager : Event: ======'machine_var_audits_switches_s_three_bank_bottom'====== Args={'value': 218, 'prev_value': 217, 'change': 1}
2025-10-05 21:01:13,895 : INFO : EventManager : Event: ======'player_shot_skill_drop_targets'====== Args={'value': 2, 'prev_value': 1, 'change': 1, 'player_num': 1}
2025-10-05 21:01:13,895 : INFO : EventManager : Event: ======'machine_var_audits_shots_skill_drop_targets'====== Args={'value': 65, 'prev_value': 64, 'change': 1}
2025-10-05 21:01:13,896 : INFO : EventManager : Event: ======'skill_drop_targets_hit'====== Args={'profile': 'skill_shot_profile', 'state': 'flashing', 'advancing': True}
2025-10-05 21:01:13,896 : INFO : EventManager : Event: ======'skill_drop_targets_skill_shot_profile_hit'====== Args={'profile': 'skill_shot_profile', 'state': 'flashing', 'advancing': True}
2025-10-05 21:01:13,896 : INFO : EventManager : Event: ======'skill_drop_targets_skill_shot_profile_flashing_hit'====== Args={'profile': 'skill_shot_profile', 'state': 'flashing', 'advancing': True}
2025-10-05 21:01:13,896 : INFO : EventManager : Event: ======'skill_drop_targets_flashing_hit'====== Args={'profile': 'skill_shot_profile', 'state': 'flashing', 'advancing': True}
2025-10-05 21:01:13,896 : INFO : EventManager : Event: ======'player_score'====== Args={'value': 2220, 'prev_value': 0, 'change': 2220, 'player_num': 1, 'source': 'base'}
2025-10-05 21:01:13,896 : INFO : EventManager : Event: ======'skill_shot_hit'====== Args={'shot': 'skill_drop_targets'}
2025-10-05 21:01:13,896 : INFO : EventManager : Event: ======'skill_shot_flashing_hit'====== Args={'shot': 'skill_drop_targets'}
2025-10-05 21:01:13,898 : INFO : state_machine.skill_shot_success : Transitioning from start to success
2025-10-05 21:01:13,898 : INFO : EventManager : Event: ======'skill_success'====== Args={}
2025-10-05 21:01:13,898 : INFO : EventManager : Event: ======'mode_skill_shot_will_stop'====== Args={}
2025-10-05 21:01:13,898 : INFO : EventManager : Event: ======'mode_skill_shot_stopping'====== Args={}
2025-10-05 21:01:13,898 : INFO : EventManager : Event: ======'player_score'====== Args={'value': 2002220, 'prev_value': 2220, 'change': 2000000, 'player_num': 1, 'source': 'skill_shot'}
2025-10-05 21:01:13,900 : INFO : Mode.skill_shot : Stopped.
2025-10-05 21:01:13,900 : INFO : EventManager : Event: ======'modes_active_modes_changed'====== Args={}
2025-10-05 21:01:13,900 : INFO : EventManager : Event: ======'mode_skill_shot_stopped'====== Args={}
2025-10-05 21:01:13,900 : INFO : EventManager : Event: ======'clear'====== Args={'key': 'skill_shot'}
2025-10-05 21:01:13,901 : INFO : Timer.skill_shot_timeout : Stopping Timer
2025-10-05 21:01:13,901 : INFO : EventManager : Event: ======'timer_skill_shot_timeout_stopped'====== Args={'ticks': 0, 'ticks_remaining': 0}
2025-10-05 21:01:13,921 : INFO : ball_device.bd_plunger : Got eject confirm
2025-10-05 21:01:13,921 : INFO : ball_device.bd_plunger : Eject successful
2025-10-05 21:01:13,921 : INFO : EventManager : Event: ======'balldevice_bd_plunger_ball_eject_success'====== Args={'balls': 1, 'target': <playfield.playfield>}
2025-10-05 21:01:13,923 : INFO : EventManager : Event: ======'balldevice_playfield_ball_enter'====== Args={'new_balls': 1, 'unclaimed_balls': 1, 'device': <playfield.playfield>}
2025-10-05 21:01:13,923 : INFO : EventManager : Event: ======'playfield_ball_count_change'====== Args={'balls': 1, 'change': 1}
2025-10-05 21:01:13,924 : INFO : EventManager : Event: ======'balldevice_bd_plunger_ball_count_changed'====== Args={'balls': 0}
2025-10-05 21:01:13,924 : INFO : ball_device.bd_plunger : State: idle
2025-10-05 21:01:13,927 : INFO : EventManager : Event: ======'slide_skillshot_overlay_removed'====== Args={'_from_bcp': True}
2025-10-05 21:01:13,929 : INFO : EventManager : Event: ======'slide_skillshot_success_overlay_created'====== Args={'_from_bcp': True}
2025-10-05 21:01:14,326 : INFO : SwitchController : <<<<<<< 's_three_bank_middle' active >>>>>>>
2025-10-05 21:01:14,326 : INFO : EventManager : Event: ======'s_three_bank_middle_active'====== Args={}
2025-10-05 21:01:14,326 : INFO : EventManager : Event: ======'drop_target_middle_down'====== Args={'device': <drop_target.middle>}
2025-10-05 21:01:14,326 : INFO : EventManager : Event: ======'drop_target_bank_three_bank_mixed'====== Args={'prev_value': <DropTargetBankState.MIXED: 'mixed'>, 'down': 2}
2025-10-05 21:01:14,326 : INFO : EventManager : Event: ======'machine_var_audits_switches_s_three_bank_middle'====== Args={'value': 247, 'prev_value': 246, 'change': 1}
2025-10-05 21:01:14,327 : INFO : EventManager : Event: ======'player_score'====== Args={'value': 2004440, 'prev_value': 2002220, 'change': 2220, 'player_num': 1, 'source': 'base'}
2025-10-05 21:01:14,659 : INFO : SwitchController : <<<<<<< 's_three_bank_top' active >>>>>>>
2025-10-05 21:01:14,659 : INFO : EventManager : Event: ======'s_three_bank_top_active'====== Args={}
2025-10-05 21:01:14,659 : INFO : EventManager : Event: ======'drop_target_top_down'====== Args={'device': <drop_target.top>}
2025-10-05 21:01:14,660 : INFO : EventManager : Event: ======'drop_target_bank_three_bank_down'====== Args={}
2025-10-05 21:01:14,660 : INFO : EventManager : Event: ======'machine_var_audits_switches_s_three_bank_top'====== Args={'value': 238, 'prev_value': 237, 'change': 1}
2025-10-05 21:01:14,661 : INFO : EventManager : Event: ======'player_score'====== Args={'value': 2006660, 'prev_value': 2004440, 'change': 2220, 'player_num': 1, 'source': 'base'}
2025-10-05 21:01:14,662 : INFO : EventManager : Event: ======'logicblock_drop_target_bank_counter_updated'====== Args={'value': 2, 'enabled': True}
2025-10-05 21:01:14,662 : INFO : EventManager : Event: ======'counter_drop_target_bank_counter_hit'====== Args={'count': 2, 'hits': 2, 'remaining': 0}
2025-10-05 21:01:14,662 : INFO : EventManager : Event: ======'logicblock_drop_target_bank_counter_hit'====== Args={'count': 2, 'hits': 2, 'remaining': 0}
2025-10-05 21:01:14,662 : INFO : EventManager : Event: ======'chcheckitout_multiball_qualified'====== Args={}
2025-10-05 21:01:14,662 : INFO : EventManager : Event: ======'player_drop_target_bank_counter_count'====== Args={'value': 2, 'prev_value': 0, 'change': 2, 'player_num': 1, 'source': 'base'}
2025-10-05 21:01:14,664 : INFO : EventManager : Event: ======'logicblock_qualify_chcheckitout_multiball_updated'====== Args={'value': 1, 'enabled': True}
2025-10-05 21:01:14,665 : INFO : EventManager : Event: ======'logicblock_qualify_chcheckitout_multiball_hit'====== Args={'step': 1}
2025-10-05 21:01:14,665 : INFO : EventManager : Event: ======'drops_standup_start_multiball'====== Args={}
2025-10-05 21:01:14,665 : INFO : EventManager : Event: ======'logicblock_qualify_chcheckitout_multiball_updated'====== Args={'value': 0, 'enabled': True}
2025-10-05 21:01:14,666 : INFO : EventManager : Event: ======'logicblock_chcheckitout_multiball_ready_updated'====== Args={'value': 0, 'enabled': True}
2025-10-05 21:01:15,667 : INFO : drop_target_bank.three_bank : 3 targets are down. Will reset those.
2025-10-05 21:01:15,667 : INFO : coil.c_three_bank : Pulsing Driver for 23ms (1.0 pulse_power)
2025-10-05 21:01:15,730 : INFO : SwitchController : <<<<<<< 's_three_bank_bottom' inactive (muted) >>>>>>>
2025-10-05 21:01:15,730 : INFO : SwitchController : <<<<<<< 's_three_bank_middle' inactive (muted) >>>>>>>
2025-10-05 21:01:15,731 : INFO : SwitchController : <<<<<<< 's_three_bank_top' inactive (muted) >>>>>>>
2025-10-05 21:01:15,942 : INFO : EventManager : Event: ======'slide_skillshot_success_overlay_removed'====== Args={'_from_bcp': True}
2025-10-05 21:01:16,184 : INFO : EventManager : Event: ======'drop_target_bottom_up'====== Args={'device': <drop_target.bottom>}
2025-10-05 21:01:16,185 : INFO : EventManager : Event: ======'drop_target_middle_up'====== Args={'device': <drop_target.middle>}
2025-10-05 21:01:16,185 : INFO : EventManager : Event: ======'drop_target_top_up'====== Args={'device': <drop_target.top>}
2025-10-05 21:01:16,185 : INFO : EventManager : Event: ======'drop_target_bank_three_bank_up'====== Args={}
2025-10-05 21:01:16,307 : INFO : EventManager : Event: ======'ball_save_default_hurry_up'====== Args={}
2025-10-05 21:01:16,307 : INFO : SwitchController : <<<<<<< 's_three_bank_middle' active >>>>>>>
2025-10-05 21:01:16,307 : INFO : EventManager : Event: ======'s_three_bank_middle_active'====== Args={}
2025-10-05 21:01:16,308 : INFO : EventManager : Event: ======'drop_target_middle_down'====== Args={'device': <drop_target.middle>}
2025-10-05 21:01:16,308 : INFO : EventManager : Event: ======'drop_target_bank_three_bank_mixed'====== Args={'prev_value': <DropTargetBankState.UP: 'up'>, 'down': 1}
2025-10-05 21:01:16,308 : INFO : EventManager : Event: ======'machine_var_audits_switches_s_three_bank_middle'====== Args={'value': 248, 'prev_value': 247, 'change': 1}
2025-10-05 21:01:16,309 : INFO : EventManager : Event: ======'player_score'====== Args={'value': 2008880, 'prev_value': 2006660, 'change': 2220, 'player_num': 1, 'source': 'base'}
2025-10-05 21:01:16,440 : INFO : SwitchController : <<<<<<< 's_three_bank_top' active >>>>>>>
2025-10-05 21:01:16,441 : INFO : EventManager : Event: ======'s_three_bank_top_active'====== Args={}
2025-10-05 21:01:16,441 : INFO : EventManager : Event: ======'drop_target_top_down'====== Args={'device': <drop_target.top>}
2025-10-05 21:01:16,441 : INFO : EventManager : Event: ======'drop_target_bank_three_bank_mixed'====== Args={'prev_value': <DropTargetBankState.MIXED: 'mixed'>, 'down': 2}
2025-10-05 21:01:16,441 : INFO : EventManager : Event: ======'machine_var_audits_switches_s_three_bank_top'====== Args={'value': 239, 'prev_value': 238, 'change': 1}
2025-10-05 21:01:16,442 : INFO : EventManager : Event: ======'player_score'====== Args={'value': 2011100, 'prev_value': 2008880, 'change': 2220, 'player_num': 1, 'source': 'base'}
2025-10-05 21:01:17,309 : INFO : SwitchController : <<<<<<< 's_scoop' active >>>>>>>
2025-10-05 21:01:17,309 : INFO : EventManager : Event: ======'s_scoop_active'====== Args={}
2025-10-05 21:01:17,309 : INFO : EventManager : Event: ======'machine_var_audits_switches_s_scoop'====== Args={'value': 219, 'prev_value': 218, 'change': 1}
2025-10-05 21:01:17,310 : INFO : EventManager : Event: ======'scoop_hit'====== Args={'elapsed': 0}
2025-10-05 21:01:17,310 : INFO : EventManager : Event: ======'carousel_intergalactic_selected'====== Args={}
2025-10-05 21:01:17,310 : INFO : EventManager : Event: ======'carousel_item_selected'====== Args={}
2025-10-05 21:01:17,311 : INFO : EventManager : Event: ======'player_score'====== Args={'value': 2013410, 'prev_value': 2011100, 'change': 2310, 'player_num': 1, 'source': 'base'}
2025-10-05 21:01:17,311 : INFO : EventManager : Event: ======'mode_intergalactic_will_start'====== Args={}
2025-10-05 21:01:17,312 : INFO : EventManager : Event: ======'player_intergalactic_intergalactic_intro_show_tick'====== Args={'value': 0, 'prev_value': 0, 'change': 0, 'player_num': 1}
2025-10-05 21:01:17,314 : INFO : EventManager : Event: ======'mode_intergalactic_starting'====== Args={}
2025-10-05 21:01:17,314 : INFO : EventManager : Event: ======'player_selected_mode'====== Args={'value': 'Intergalactic', 'prev_value': 0, 'change': True, 'player_num': 1, 'source': 'carousel'}
2025-10-05 21:01:17,315 : INFO : EventManager : Event: ======'mode_carousel_will_stop'====== Args={}
2025-10-05 21:01:17,315 : INFO : EventManager : Event: ======'mode_carousel_stopping'====== Args={}
2025-10-05 21:01:17,315 : INFO : Mode.carousel : Stopped.
2025-10-05 21:01:17,316 : INFO : EventManager : Event: ======'modes_active_modes_changed'====== Args={}
2025-10-05 21:01:17,316 : INFO : EventManager : Event: ======'mode_carousel_stopped'====== Args={}
2025-10-05 21:01:17,316 : INFO : EventManager : Event: ======'clear'====== Args={'key': 'carousel'}
2025-10-05 21:01:17,338 : INFO : EventManager : Event: ======'logicblock_intergalactic_shot_1_updated'====== Args={'value': 0, 'enabled': True}
2025-10-05 21:01:17,338 : INFO : EventManager : Event: ======'logicblock_intergalactic_shot_1_updated'====== Args={'value': 0, 'enabled': True}
2025-10-05 21:01:17,339 : INFO : EventManager : Event: ======'logicblock_intergalactic_shot_2_updated'====== Args={'value': 0, 'enabled': False}
2025-10-05 21:01:17,339 : INFO : EventManager : Event: ======'logicblock_intergalactic_shot_3_updated'====== Args={'value': 0, 'enabled': False}
2025-10-05 21:01:17,339 : INFO : EventManager : Event: ======'logicblock_intergalactic_shot_4_updated'====== Args={'value': 0, 'enabled': False}
2025-10-05 21:01:17,339 : INFO : EventManager : Event: ======'logicblock_intergalactic_shot_5_updated'====== Args={'value': 0, 'enabled': False}
2025-10-05 21:01:17,339 : INFO : Mode.intergalactic : Started. Priority: 1000
2025-10-05 21:01:17,339 : INFO : EventManager : Event: ======'modes_active_modes_changed'====== Args={}
2025-10-05 21:01:17,340 : INFO : EventManager : Event: ======'mode_intergalactic_started'====== Args={}
2025-10-05 21:01:17,341 : INFO : Timer.intergalactic_intro_show : Starting Timer.
2025-10-05 21:01:17,341 : INFO : EventManager : Event: ======'timer_intergalactic_intro_show_started'====== Args={'ticks': 0, 'ticks_remaining': 13}
2025-10-05 21:01:17,341 : INFO : EventManager : Event: ======'timer_intergalactic_intro_show_tick'====== Args={'ticks': 0, 'ticks_remaining': 13}
2025-10-05 21:01:17,341 : INFO : EventManager : Event: ======'player_intergalactic_intro_show_variable_times_100'====== Args={'value': 0, 'prev_value': 0, 'change': 0, 'player_num': 1, 'source': 'intergalactic'}
2025-10-05 21:01:17,341 : INFO : EventManager : Event: ======'slide_current_mode_highlighted_removed'====== Args={'_from_bcp': True}
2025-10-05 21:01:17,358 : INFO : EventManager : Event: ======'slide_base_removed'====== Args={'_from_bcp': True}
2025-10-05 21:01:17,372 : INFO : EventManager : Event: ======'slide_intergalactic_created'====== Args={'_from_bcp': True}
2025-10-05 21:01:17,809 : INFO : EventManager : Event: ======'balldevice_bd_scoop_ball_count_changed'====== Args={'balls': 1}
2025-10-05 21:01:17,809 : INFO : ball_device.bd_scoop : Received unexpected ball
2025-10-05 21:01:17,810 : INFO : EventManager : Event: ======'balldevice_captured_from_playfield'====== Args={'balls': 1}
2025-10-05 21:01:17,810 : INFO : EventManager : Event: ======'sw_playfield_active'====== Args={'balls': 1}
2025-10-05 21:01:17,810 : INFO : EventManager : Event: ======'playfield_ball_count_change'====== Args={'balls': 0, 'change': -1}
2025-10-05 21:01:17,811 : INFO : EventManager : Event: ======'balldevice_bd_scoop_ball_enter'====== Args={'new_balls': 1, 'unclaimed_balls': 1, 'new_available_balls': 1, 'device': <ball_device.bd_scoop>}
2025-10-05 21:01:17,811 : INFO : EventManager : Event: ======'ball_hold_intergalactic_scoop_hold_held_ball'====== Args={'balls_held': 1, 'total_balls_held': 1}
2025-10-05 21:01:17,812 : INFO : EventManager : Event: ======'ball_hold_intergalactic_scoop_hold_full'====== Args={'balls': 1}
2025-10-05 21:01:17,812 : INFO : EventManager : Event: ======'balldevice_balls_available'====== Args={}
2025-10-05 21:01:17,812 : INFO : EventManager : Event: ======'balldevice_bd_scoop_ball_entered'====== Args={'new_balls': 1, 'device': <ball_device.bd_scoop>}
2025-10-05 21:01:18,310 : INFO : EventManager : Event: ======'ball_save_default_grace_period'====== Args={}
2025-10-05 21:01:18,341 : INFO : EventManager : Event: ======'player_intergalactic_intergalactic_intro_show_tick'====== Args={'value': 1, 'prev_value': 0, 'change': 1, 'player_num': 1}
2025-10-05 21:01:18,342 : INFO : EventManager : Event: ======'timer_intergalactic_intro_show_tick'====== Args={'ticks': 1, 'ticks_remaining': 12}
2025-10-05 21:01:18,343 : INFO : EventManager : Event: ======'player_intergalactic_intro_show_variable_times_100'====== Args={'value': 100, 'prev_value': 0, 'change': 100, 'player_num': 1, 'source': 'intergalactic'}
2025-10-05 21:01:19,340 : INFO : EventManager : Event: ======'player_intergalactic_intergalactic_intro_show_tick'====== Args={'value': 2, 'prev_value': 1, 'change': 1, 'player_num': 1}
2025-10-05 21:01:19,341 : INFO : EventManager : Event: ======'timer_intergalactic_intro_show_tick'====== Args={'ticks': 2, 'ticks_remaining': 11}
2025-10-05 21:01:19,342 : INFO : EventManager : Event: ======'player_intergalactic_intro_show_variable_times_100'====== Args={'value': 200, 'prev_value': 100, 'change': 100, 'player_num': 1, 'source': 'intergalactic'}
2025-10-05 21:01:20,310 : INFO : EventManager : Event: ======'ball_save_default_disabled'====== Args={}
2025-10-05 21:01:20,341 : INFO : EventManager : Event: ======'player_intergalactic_intergalactic_intro_show_tick'====== Args={'value': 3, 'prev_value': 2, 'change': 1, 'player_num': 1}
2025-10-05 21:01:20,342 : INFO : EventManager : Event: ======'timer_intergalactic_intro_show_tick'====== Args={'ticks': 3, 'ticks_remaining': 10}
2025-10-05 21:01:20,343 : INFO : EventManager : Event: ======'player_intergalactic_intro_show_variable_times_100'====== Args={'value': 300, 'prev_value': 200, 'change': 100, 'player_num': 1, 'source': 'intergalactic'}
2025-10-05 21:01:21,343 : INFO : EventManager : Event: ======'player_intergalactic_intergalactic_intro_show_tick'====== Args={'value': 4, 'prev_value': 3, 'change': 1, 'player_num': 1}
2025-10-05 21:01:21,344 : INFO : EventManager : Event: ======'timer_intergalactic_intro_show_tick'====== Args={'ticks': 4, 'ticks_remaining': 9}
2025-10-05 21:01:21,344 : INFO : EventManager : Event: ======'player_intergalactic_intro_show_variable_times_100'====== Args={'value': 400, 'prev_value': 300, 'change': 100, 'player_num': 1, 'source': 'intergalactic'}
2025-10-05 21:01:22,346 : INFO : EventManager : Event: ======'player_intergalactic_intergalactic_intro_show_tick'====== Args={'value': 5, 'prev_value': 4, 'change': 1, 'player_num': 1}
2025-10-05 21:01:22,347 : INFO : EventManager : Event: ======'timer_intergalactic_intro_show_tick'====== Args={'ticks': 5, 'ticks_remaining': 8}
2025-10-05 21:01:22,348 : INFO : EventManager : Event: ======'player_intergalactic_intro_show_variable_times_100'====== Args={'value': 500, 'prev_value': 400, 'change': 100, 'player_num': 1, 'source': 'intergalactic'}
2025-10-05 21:01:23,347 : INFO : EventManager : Event: ======'player_intergalactic_intergalactic_intro_show_tick'====== Args={'value': 6, 'prev_value': 5, 'change': 1, 'player_num': 1}
2025-10-05 21:01:23,348 : INFO : EventManager : Event: ======'timer_intergalactic_intro_show_tick'====== Args={'ticks': 6, 'ticks_remaining': 7}
2025-10-05 21:01:23,349 : INFO : EventManager : Event: ======'player_intergalactic_intro_show_variable_times_100'====== Args={'value': 600, 'prev_value': 500, 'change': 100, 'player_num': 1, 'source': 'intergalactic'}
2025-10-05 21:01:24,331 : INFO : EventManager : Event: ======'player_intergalactic_intergalactic_intro_show_tick'====== Args={'value': 7, 'prev_value': 6, 'change': 1, 'player_num': 1}
2025-10-05 21:01:24,332 : INFO : EventManager : Event: ======'timer_intergalactic_intro_show_tick'====== Args={'ticks': 7, 'ticks_remaining': 6}
2025-10-05 21:01:24,333 : INFO : EventManager : Event: ======'player_intergalactic_intro_show_variable_times_100'====== Args={'value': 700, 'prev_value': 600, 'change': 100, 'player_num': 1, 'source': 'intergalactic'}
2025-10-05 21:01:25,329 : INFO : EventManager : Event: ======'player_intergalactic_intergalactic_intro_show_tick'====== Args={'value': 8, 'prev_value': 7, 'change': 1, 'player_num': 1}
2025-10-05 21:01:25,330 : INFO : EventManager : Event: ======'timer_intergalactic_intro_show_tick'====== Args={'ticks': 8, 'ticks_remaining': 5}
2025-10-05 21:01:25,332 : INFO : EventManager : Event: ======'player_intergalactic_intro_show_variable_times_100'====== Args={'value': 800, 'prev_value': 700, 'change': 100, 'player_num': 1, 'source': 'intergalactic'}
2025-10-05 21:01:26,331 : INFO : EventManager : Event: ======'player_intergalactic_intergalactic_intro_show_tick'====== Args={'value': 9, 'prev_value': 8, 'change': 1, 'player_num': 1}
2025-10-05 21:01:26,332 : INFO : EventManager : Event: ======'timer_intergalactic_intro_show_tick'====== Args={'ticks': 9, 'ticks_remaining': 4}
2025-10-05 21:01:26,333 : INFO : EventManager : Event: ======'player_intergalactic_intro_show_variable_times_100'====== Args={'value': 900, 'prev_value': 800, 'change': 100, 'player_num': 1, 'source': 'intergalactic'}
2025-10-05 21:01:27,329 : INFO : EventManager : Event: ======'player_intergalactic_intergalactic_intro_show_tick'====== Args={'value': 10, 'prev_value': 9, 'change': 1, 'player_num': 1}
2025-10-05 21:01:27,331 : INFO : EventManager : Event: ======'timer_intergalactic_intro_show_tick'====== Args={'ticks': 10, 'ticks_remaining': 3}
2025-10-05 21:01:27,332 : INFO : EventManager : Event: ======'player_intergalactic_intro_show_variable_times_100'====== Args={'value': 1000, 'prev_value': 900, 'change': 100, 'player_num': 1, 'source': 'intergalactic'}
2025-10-05 21:01:28,329 : INFO : EventManager : Event: ======'player_intergalactic_intergalactic_intro_show_tick'====== Args={'value': 11, 'prev_value': 10, 'change': 1, 'player_num': 1}
2025-10-05 21:01:28,330 : INFO : EventManager : Event: ======'timer_intergalactic_intro_show_tick'====== Args={'ticks': 11, 'ticks_remaining': 2}
2025-10-05 21:01:28,332 : INFO : EventManager : Event: ======'player_intergalactic_intro_show_variable_times_100'====== Args={'value': 1100, 'prev_value': 1000, 'change': 100, 'player_num': 1, 'source': 'intergalactic'}
2025-10-05 21:01:29,330 : INFO : EventManager : Event: ======'player_intergalactic_intergalactic_intro_show_tick'====== Args={'value': 12, 'prev_value': 11, 'change': 1, 'player_num': 1}
2025-10-05 21:01:29,331 : INFO : EventManager : Event: ======'timer_intergalactic_intro_show_tick'====== Args={'ticks': 12, 'ticks_remaining': 1}
2025-10-05 21:01:29,332 : INFO : EventManager : Event: ======'player_intergalactic_intro_show_variable_times_100'====== Args={'value': 1200, 'prev_value': 1100, 'change': 100, 'player_num': 1, 'source': 'intergalactic'}
2025-10-05 21:01:30,329 : INFO : EventManager : Event: ======'player_intergalactic_intergalactic_intro_show_tick'====== Args={'value': 13, 'prev_value': 12, 'change': 1, 'player_num': 1}
2025-10-05 21:01:30,330 : INFO : Timer.intergalactic_intro_show : Timer Complete
2025-10-05 21:01:30,330 : INFO : Timer.intergalactic_intro_show : Stopping Timer
2025-10-05 21:01:30,330 : INFO : EventManager : Event: ======'timer_intergalactic_intro_show_stopped'====== Args={'ticks': 13, 'ticks_remaining': 1}
2025-10-05 21:01:30,330 : INFO : EventManager : Event: ======'timer_intergalactic_intro_show_complete'====== Args={'ticks': 13, 'ticks_remaining': 1}
2025-10-05 21:01:30,332 : INFO : ball_device.bd_scoop : Adding 1 ball(s) to the eject_queue with target <playfield.playfield>.
2025-10-05 21:01:30,332 : INFO : EventManager : Event: ======'balldevice_balls_available'====== Args={}
2025-10-05 21:01:30,332 : INFO : EventManager : Event: ======'ball_hold_intergalactic_scoop_hold_balls_released'====== Args={'balls_released': 1}
2025-10-05 21:01:30,337 : INFO : ball_device.bd_scoop : State: waiting_for_target_ready
2025-10-05 21:01:30,338 : INFO : EventManager : Event: ======'balldevice_bd_scoop_ball_eject_attempt'====== Args={'balls': 1, 'target': <playfield.playfield>, 'source': <ball_device.bd_scoop>, 'mechanical_eject': False, 'num_attempts': 0}
2025-10-05 21:01:30,338 : INFO : ball_device.bd_scoop : State: ejecting
2025-10-05 21:01:30,339 : INFO : ball_device.bd_scoop : Ejecting ball to <playfield.playfield>
2025-10-05 21:01:30,339 : INFO : EventManager : Event: ======'balldevice_bd_scoop_ejecting_ball'====== Args={'balls': 1, 'target': <playfield.playfield>, 'source': <ball_device.bd_scoop>, 'mechanical_eject': False, 'num_attempts': 0}
2025-10-05 21:01:30,341 : INFO : ball_device.bd_scoop : Wait for ball to leave device
2025-10-05 21:01:30,341 : INFO : coil.c_scoop_eject : Pulsing Driver for 25ms (1.0 pulse_power)
2025-10-05 21:01:30,342 : INFO : SwitchController : <<<<<<< 's_scoop' inactive >>>>>>>
2025-10-05 21:01:30,346 : INFO : ball_device.bd_scoop : State: ball_left
2025-10-05 21:01:30,347 : INFO : ball_device.bd_scoop : Ball left
2025-10-05 21:01:30,347 : INFO : ball_device.bd_scoop : Wait for confirm with timeout 3.0
2025-10-05 21:01:30,349 : INFO : EventManager : Event: ======'slide_intergalactic_right_shot_lit_created'====== Args={'_from_bcp': True}
2025-10-05 21:01:31,800 : INFO : SwitchController : <<<<<<< 's_right_ramp' active >>>>>>>
2025-10-05 21:01:31,801 : INFO : EventManager : Event: ======'s_right_ramp_active'====== Args={}
2025-10-05 21:01:31,801 : INFO : EventManager : Event: ======'machine_var_audits_switches_s_right_ramp'====== Args={'value': 62, 'prev_value': 61, 'change': 1}
2025-10-05 21:01:31,802 : INFO : EventManager : Event: ======'right_ramp_hit'====== Args={'elapsed': 0}
2025-10-05 21:01:31,803 : INFO : EventManager : Event: ======'player_score'====== Args={'value': 2016420, 'prev_value': 2013410, 'change': 3010, 'player_num': 1, 'source': 'base'}
2025-10-05 21:01:31,803 : INFO : EventManager : Event: ======'logicblock_intergalactic_shot_1_updated'====== Args={'value': 1, 'enabled': True}
2025-10-05 21:01:31,803 : INFO : EventManager : Event: ======'logicblock_intergalactic_shot_1_hit'====== Args={'step': 1}
2025-10-05 21:01:31,804 : INFO : EventManager : Event: ======'intergalactic_shot_1_done'====== Args={}
2025-10-05 21:01:31,804 : INFO : EventManager : Event: ======'logicblock_intergalactic_shot_1_updated'====== Args={'value': 1, 'enabled': False}
2025-10-05 21:01:31,805 : INFO : EventManager : Event: ======'logicblock_intergalactic_shot_2_updated'====== Args={'value': 0, 'enabled': True}
2025-10-05 21:01:31,805 : INFO : EventManager : Event: ======'player_score'====== Args={'value': 3016420, 'prev_value': 2016420, 'change': 1000000, 'player_num': 1, 'source': 'intergalactic'}
2025-10-05 21:01:31,818 : INFO : EventManager : Event: ======'slide_intergalactic_right_shot_lit_removed'====== Args={'_from_bcp': True}
2025-10-05 21:01:31,820 : INFO : EventManager : Event: ======'slide_intergalactic_left_shot_lit_created'====== Args={'_from_bcp': True}
2025-10-05 21:01:31,901 : INFO : SwitchController : <<<<<<< 's_right_ramp' inactive >>>>>>>
2025-10-05 21:01:32,820 : INFO : SwitchController : <<<<<<< 's_left_ramp' active >>>>>>>
2025-10-05 21:01:32,820 : INFO : EventManager : Event: ======'s_left_ramp_active'====== Args={}
2025-10-05 21:01:32,820 : INFO : EventManager : Event: ======'machine_var_audits_switches_s_left_ramp'====== Args={'value': 62, 'prev_value': 61, 'change': 1}
2025-10-05 21:01:32,821 : INFO : EventManager : Event: ======'left_ramp_hit'====== Args={'elapsed': 0}
2025-10-05 21:01:32,821 : INFO : EventManager : Event: ======'player_score'====== Args={'value': 3019430, 'prev_value': 3016420, 'change': 3010, 'player_num': 1, 'source': 'base'}
2025-10-05 21:01:32,821 : INFO : EventManager : Event: ======'logicblock_intergalactic_shot_2_updated'====== Args={'value': 1, 'enabled': True}
2025-10-05 21:01:32,821 : INFO : EventManager : Event: ======'logicblock_intergalactic_shot_2_hit'====== Args={'step': 1}
2025-10-05 21:01:32,821 : INFO : EventManager : Event: ======'intergalactic_shot_2_done'====== Args={}
2025-10-05 21:01:32,822 : INFO : EventManager : Event: ======'logicblock_intergalactic_shot_2_updated'====== Args={'value': 1, 'enabled': False}
2025-10-05 21:01:32,823 : INFO : EventManager : Event: ======'logicblock_intergalactic_shot_3_updated'====== Args={'value': 0, 'enabled': True}
2025-10-05 21:01:32,823 : INFO : EventManager : Event: ======'player_score'====== Args={'value': 5019430, 'prev_value': 3019430, 'change': 2000000, 'player_num': 1, 'source': 'intergalactic'}
2025-10-05 21:01:32,844 : INFO : EventManager : Event: ======'slide_intergalactic_left_shot_lit_removed'====== Args={'_from_bcp': True}
2025-10-05 21:01:32,845 : INFO : EventManager : Event: ======'slide_intergalactic_right_shot_lit_created'====== Args={'_from_bcp': True}
2025-10-05 21:01:32,922 : INFO : SwitchController : <<<<<<< 's_left_ramp' inactive >>>>>>>
2025-10-05 21:01:33,359 : INFO : ball_device.bd_scoop : State: failed_confirm
2025-10-05 21:01:33,360 : INFO : ball_device.bd_scoop : Got timeout (3.0s) before confirm from <playfield.playfield>
2025-10-05 21:01:33,453 : INFO : ball_device.bd_scoop : Confirming eject because target is playfield and ball did not return.
2025-10-05 21:01:33,453 : INFO : ball_device.bd_scoop : Eject successful
2025-10-05 21:01:33,453 : INFO : EventManager : Event: ======'balldevice_bd_scoop_ball_eject_success'====== Args={'balls': 1, 'target': <playfield.playfield>}
2025-10-05 21:01:33,454 : INFO : EventManager : Event: ======'balldevice_playfield_ball_enter'====== Args={'new_balls': 1, 'unclaimed_balls': 1, 'device': <playfield.playfield>}
2025-10-05 21:01:33,454 : INFO : EventManager : Event: ======'playfield_ball_count_change'====== Args={'balls': 1, 'change': 1}
2025-10-05 21:01:33,454 : INFO : EventManager : Event: ======'balldevice_bd_scoop_ball_count_changed'====== Args={'balls': 0}
2025-10-05 21:01:33,455 : INFO : ball_device.bd_scoop : State: idle
2025-10-05 21:01:33,645 : INFO : SwitchController : <<<<<<< 's_right_ramp' active >>>>>>>
2025-10-05 21:01:33,645 : INFO : EventManager : Event: ======'s_right_ramp_active'====== Args={}
2025-10-05 21:01:33,645 : INFO : EventManager : Event: ======'machine_var_audits_switches_s_right_ramp'====== Args={'value': 63, 'prev_value': 62, 'change': 1}
2025-10-05 21:01:33,646 : INFO : EventManager : Event: ======'right_ramp_hit'====== Args={'elapsed': 0}
2025-10-05 21:01:33,646 : INFO : EventManager : Event: ======'player_score'====== Args={'value': 5022440, 'prev_value': 5019430, 'change': 3010, 'player_num': 1, 'source': 'base'}
2025-10-05 21:01:33,646 : INFO : EventManager : Event: ======'logicblock_intergalactic_shot_3_updated'====== Args={'value': 1, 'enabled': True}
2025-10-05 21:01:33,647 : INFO : EventManager : Event: ======'logicblock_intergalactic_shot_3_hit'====== Args={'step': 1}
2025-10-05 21:01:33,647 : INFO : EventManager : Event: ======'intergalactic_shot_3_done'====== Args={}
2025-10-05 21:01:33,647 : INFO : EventManager : Event: ======'logicblock_intergalactic_shot_3_updated'====== Args={'value': 1, 'enabled': False}
2025-10-05 21:01:33,648 : INFO : EventManager : Event: ======'logicblock_intergalactic_shot_4_updated'====== Args={'value': 0, 'enabled': True}
2025-10-05 21:01:33,648 : INFO : EventManager : Event: ======'player_score'====== Args={'value': 8022440, 'prev_value': 5022440, 'change': 3000000, 'player_num': 1, 'source': 'intergalactic'}
2025-10-05 21:01:33,660 : INFO : EventManager : Event: ======'slide_intergalactic_right_shot_lit_removed'====== Args={'_from_bcp': True}
2025-10-05 21:01:33,661 : INFO : EventManager : Event: ======'slide_intergalactic_left_shot_lit_created'====== Args={'_from_bcp': True}
2025-10-05 21:01:33,727 : INFO : SwitchController : <<<<<<< 's_right_ramp' inactive >>>>>>>
2025-10-05 21:01:34,839 : INFO : SwitchController : <<<<<<< 's_left_ramp' active >>>>>>>
2025-10-05 21:01:34,839 : INFO : EventManager : Event: ======'s_left_ramp_active'====== Args={}
2025-10-05 21:01:34,839 : INFO : EventManager : Event: ======'machine_var_audits_switches_s_left_ramp'====== Args={'value': 63, 'prev_value': 62, 'change': 1}
2025-10-05 21:01:34,840 : INFO : EventManager : Event: ======'left_ramp_hit'====== Args={'elapsed': 0}
2025-10-05 21:01:34,841 : INFO : EventManager : Event: ======'player_score'====== Args={'value': 8025450, 'prev_value': 8022440, 'change': 3010, 'player_num': 1, 'source': 'base'}
2025-10-05 21:01:34,841 : INFO : EventManager : Event: ======'logicblock_intergalactic_shot_4_updated'====== Args={'value': 1, 'enabled': True}
2025-10-05 21:01:34,841 : INFO : EventManager : Event: ======'logicblock_intergalactic_shot_4_hit'====== Args={'step': 1}
2025-10-05 21:01:34,841 : INFO : EventManager : Event: ======'intergalactic_shot_4_done'====== Args={}
2025-10-05 21:01:34,842 : INFO : EventManager : Event: ======'logicblock_intergalactic_shot_4_updated'====== Args={'value': 1, 'enabled': False}
2025-10-05 21:01:34,843 : INFO : EventManager : Event: ======'logicblock_intergalactic_shot_5_updated'====== Args={'value': 0, 'enabled': True}
2025-10-05 21:01:34,843 : INFO : EventManager : Event: ======'player_score'====== Args={'value': 13025450, 'prev_value': 8025450, 'change': 5000000, 'player_num': 1, 'source': 'intergalactic'}
2025-10-05 21:01:34,859 : INFO : EventManager : Event: ======'slide_intergalactic_left_shot_lit_removed'====== Args={'_from_bcp': True}
2025-10-05 21:01:34,861 : INFO : EventManager : Event: ======'slide_intergalactic_final_shot_lit_created'====== Args={'_from_bcp': True}
2025-10-05 21:01:34,931 : INFO : SwitchController : <<<<<<< 's_left_ramp' inactive >>>>>>>
2025-10-05 21:01:37,076 : INFO : SwitchController : <<<<<<< 's_pop_standup' active >>>>>>>
2025-10-05 21:01:37,076 : INFO : EventManager : Event: ======'s_pop_standup_active'====== Args={}
2025-10-05 21:01:37,077 : INFO : EventManager : Event: ======'machine_var_audits_switches_s_pop_standup'====== Args={'value': 79, 'prev_value': 78, 'change': 1}
2025-10-05 21:01:37,078 : INFO : EventManager : Event: ======'pop_standup_hit'====== Args={'elapsed': 0}
2025-10-05 21:01:37,078 : INFO : EventManager : Event: ======'player_score'====== Args={'value': 13030460, 'prev_value': 13025450, 'change': 5010, 'player_num': 1, 'source': 'base'}
2025-10-05 21:01:37,079 : INFO : EventManager : Event: ======'logicblock_intergalactic_shot_5_updated'====== Args={'value': 1, 'enabled': True}
2025-10-05 21:01:37,079 : INFO : EventManager : Event: ======'logicblock_intergalactic_shot_5_hit'====== Args={'step': 1}
2025-10-05 21:01:37,079 : INFO : EventManager : Event: ======'intergalactic_shot_5_done'====== Args={}
2025-10-05 21:01:37,079 : INFO : EventManager : Event: ======'mode_intergalactic_stop'====== Args={}
2025-10-05 21:01:37,079 : INFO : EventManager : Event: ======'logicblock_intergalactic_shot_5_updated'====== Args={'value': 1, 'enabled': False}
2025-10-05 21:01:37,081 : INFO : EventManager : Event: ======'player_score'====== Args={'value': 23030460, 'prev_value': 13030460, 'change': 10000000, 'player_num': 1, 'source': 'intergalactic'}
2025-10-05 21:01:37,082 : INFO : EventManager : Event: ======'mode_intergalactic_will_stop'====== Args={}
2025-10-05 21:01:37,083 : INFO : EventManager : Event: ======'mode_intergalactic_stopping'====== Args={}
2025-10-05 21:01:37,083 : INFO : EventManager : Event: ======'mode_carousel_will_start'====== Args={}
2025-10-05 21:01:37,083 : INFO : EventManager : Event: ======'mode_carousel_starting'====== Args={}
2025-10-05 21:01:37,084 : INFO : Mode.carousel : Started. Priority: 200
2025-10-05 21:01:37,084 : INFO : EventManager : Event: ======'modes_active_modes_changed'====== Args={}
2025-10-05 21:01:37,084 : INFO : EventManager : Event: ======'mode_carousel_started'====== Args={}
2025-10-05 21:01:37,085 : INFO : EventManager : Event: ======'item_highlighted'====== Args={'carousel': 'carousel', 'direction': None, 'item': 'intergalactic'}
2025-10-05 21:01:37,085 : INFO : Mode.intergalactic : Stopped.
2025-10-05 21:01:37,085 : INFO : EventManager : Event: ======'modes_active_modes_changed'====== Args={}
2025-10-05 21:01:37,086 : INFO : EventManager : Event: ======'mode_intergalactic_stopped'====== Args={}
2025-10-05 21:01:37,086 : INFO : EventManager : Event: ======'clear'====== Args={'key': 'intergalactic'}
2025-10-05 21:01:37,086 : INFO : Timer.intergalactic_intro_show : Stopping Timer
2025-10-05 21:01:37,087 : INFO : EventManager : Event: ======'timer_intergalactic_intro_show_stopped'====== Args={'ticks': 13, 'ticks_remaining': 1}
2025-10-05 21:01:37,098 : INFO : EventManager : Event: ======'slide_intergalactic_final_shot_lit_removed'====== Args={'_from_bcp': True}
2025-10-05 21:01:37,098 : INFO : EventManager : Event: ======'slide_intergalactic_removed'====== Args={'_from_bcp': True}
2025-10-05 21:01:37,099 : INFO : EventManager : Event: ======'slide_base_created'====== Args={'_from_bcp': True}
2025-10-05 21:01:37,118 : INFO : EventManager : Event: ======'slide_intergalacticfinish_created'====== Args={'_from_bcp': True}
2025-10-05 21:01:37,119 : INFO : EventManager : Event: ======'slide_score_overlay_inactive'====== Args={'is_removing': False, '_from_bcp': True}
2025-10-05 21:01:37,120 : INFO : EventManager : Event: ======'slide_intergalacticfinish_active'====== Args={'original_context': 'base', 'original_calling_context': 'intergalactic_shot_5_done', 'priority': 100.0, 'cmd': 'slides_play', '_from_bcp': True}
2025-10-05 21:01:37,121 : INFO : EventManager : Event: ======'slide_current_mode_highlighted_created'====== Args={'_from_bcp': True}
2025-10-05 21:01:37,176 : INFO : SwitchController : <<<<<<< 's_pop_standup' inactive >>>>>>>
2025-10-05 21:01:44,084 : INFO : EventManager : Event: ======'slide_intergalacticfinish_inactive'====== Args={'is_removing': True, '_from_bcp': True}
2025-10-05 21:01:44,085 : INFO : EventManager : Event: ======'slide_score_overlay_active'====== Args={'_from_bcp': True}
2025-10-05 21:01:44,086 : INFO : EventManager : Event: ======'slide_intergalacticfinish_removed'====== Args={'_from_bcp': True}
2025-10-05 21:01:55,210 : INFO : SwitchController : <<<<<<< 's_scoop' active >>>>>>>
2025-10-05 21:01:55,210 : INFO : EventManager : Event: ======'s_scoop_active'====== Args={}
2025-10-05 21:01:55,210 : INFO : EventManager : Event: ======'machine_var_audits_switches_s_scoop'====== Args={'value': 220, 'prev_value': 219, 'change': 1}
2025-10-05 21:01:55,211 : INFO : EventManager : Event: ======'scoop_hit'====== Args={'elapsed': 0}
2025-10-05 21:01:55,211 : INFO : EventManager : Event: ======'carousel_intergalactic_selected'====== Args={}
2025-10-05 21:01:55,211 : INFO : EventManager : Event: ======'carousel_item_selected'====== Args={}
2025-10-05 21:01:55,211 : INFO : EventManager : Event: ======'player_score'====== Args={'value': 23032770, 'prev_value': 23030460, 'change': 2310, 'player_num': 1, 'source': 'base'}
2025-10-05 21:01:55,212 : INFO : EventManager : Event: ======'mode_intergalactic_will_start'====== Args={}
2025-10-05 21:01:55,213 : INFO : EventManager : Event: ======'player_intergalactic_intergalactic_intro_show_tick'====== Args={'value': 0, 'prev_value': 13, 'change': -13, 'player_num': 1}
2025-10-05 21:01:55,215 : INFO : EventManager : Event: ======'mode_intergalactic_starting'====== Args={}
2025-10-05 21:01:55,217 : INFO : EventManager : Event: ======'mode_carousel_will_stop'====== Args={}
2025-10-05 21:01:55,217 : INFO : EventManager : Event: ======'mode_carousel_stopping'====== Args={}
2025-10-05 21:01:55,218 : INFO : Mode.carousel : Stopped.
2025-10-05 21:01:55,218 : INFO : EventManager : Event: ======'modes_active_modes_changed'====== Args={}
2025-10-05 21:01:55,218 : INFO : EventManager : Event: ======'mode_carousel_stopped'====== Args={}
2025-10-05 21:01:55,218 : INFO : EventManager : Event: ======'clear'====== Args={'key': 'carousel'}
2025-10-05 21:01:55,238 : INFO : EventManager : Event: ======'logicblock_intergalactic_shot_1_updated'====== Args={'value': 0, 'enabled': True}
2025-10-05 21:01:55,238 : INFO : EventManager : Event: ======'logicblock_intergalactic_shot_1_updated'====== Args={'value': 0, 'enabled': True}
2025-10-05 21:01:55,238 : INFO : EventManager : Event: ======'logicblock_intergalactic_shot_2_updated'====== Args={'value': 0, 'enabled': False}
2025-10-05 21:01:55,238 : INFO : EventManager : Event: ======'logicblock_intergalactic_shot_3_updated'====== Args={'value': 0, 'enabled': False}
2025-10-05 21:01:55,239 : INFO : EventManager : Event: ======'logicblock_intergalactic_shot_4_updated'====== Args={'value': 0, 'enabled': False}
2025-10-05 21:01:55,239 : INFO : EventManager : Event: ======'logicblock_intergalactic_shot_5_updated'====== Args={'value': 0, 'enabled': False}
2025-10-05 21:01:55,239 : INFO : Mode.intergalactic : Started. Priority: 1000
2025-10-05 21:01:55,239 : INFO : EventManager : Event: ======'modes_active_modes_changed'====== Args={}
2025-10-05 21:01:55,239 : INFO : EventManager : Event: ======'mode_intergalactic_started'====== Args={}
2025-10-05 21:01:55,241 : INFO : Timer.intergalactic_intro_show : Starting Timer.
2025-10-05 21:01:55,241 : INFO : EventManager : Event: ======'timer_intergalactic_intro_show_started'====== Args={'ticks': 0, 'ticks_remaining': 13}
2025-10-05 21:01:55,241 : INFO : EventManager : Event: ======'timer_intergalactic_intro_show_tick'====== Args={'ticks': 0, 'ticks_remaining': 13}
2025-10-05 21:01:55,241 : INFO : EventManager : Event: ======'player_intergalactic_intro_show_variable_times_100'====== Args={'value': 0, 'prev_value': 1200, 'change': -1200, 'player_num': 1, 'source': 'intergalactic'}
2025-10-05 21:01:55,243 : INFO : EventManager : Event: ======'slide_current_mode_highlighted_removed'====== Args={'_from_bcp': True}
2025-10-05 21:01:55,260 : INFO : EventManager : Event: ======'slide_base_removed'====== Args={'_from_bcp': True}
2025-10-05 21:01:55,275 : INFO : EventManager : Event: ======'slide_intergalactic_created'====== Args={'_from_bcp': True}
2025-10-05 21:01:55,714 : INFO : EventManager : Event: ======'balldevice_bd_scoop_ball_count_changed'====== Args={'balls': 1}
2025-10-05 21:01:55,715 : INFO : ball_device.bd_scoop : Received unexpected ball
2025-10-05 21:01:55,715 : INFO : EventManager : Event: ======'balldevice_captured_from_playfield'====== Args={'balls': 1}
2025-10-05 21:01:55,715 : INFO : EventManager : Event: ======'sw_playfield_active'====== Args={'balls': 1}
2025-10-05 21:01:55,715 : INFO : EventManager : Event: ======'playfield_ball_count_change'====== Args={'balls': 0, 'change': -1}
2025-10-05 21:01:55,715 : INFO : EventManager : Event: ======'balldevice_bd_scoop_ball_enter'====== Args={'new_balls': 1, 'unclaimed_balls': 1, 'new_available_balls': 1, 'device': <ball_device.bd_scoop>}
2025-10-05 21:01:55,717 : INFO : EventManager : Event: ======'ball_hold_intergalactic_scoop_hold_held_ball'====== Args={'balls_held': 1, 'total_balls_held': 1}
2025-10-05 21:01:55,717 : INFO : EventManager : Event: ======'ball_hold_intergalactic_scoop_hold_full'====== Args={'balls': 1}
2025-10-05 21:01:55,718 : INFO : EventManager : Event: ======'balldevice_balls_available'====== Args={}
2025-10-05 21:01:55,718 : INFO : EventManager : Event: ======'balldevice_bd_scoop_ball_entered'====== Args={'new_balls': 1, 'device': <ball_device.bd_scoop>}
2025-10-05 21:01:56,248 : INFO : EventManager : Event: ======'player_intergalactic_intergalactic_intro_show_tick'====== Args={'value': 1, 'prev_value': 0, 'change': 1, 'player_num': 1}
2025-10-05 21:01:56,249 : INFO : EventManager : Event: ======'timer_intergalactic_intro_show_tick'====== Args={'ticks': 1, 'ticks_remaining': 12}
2025-10-05 21:01:56,250 : INFO : EventManager : Event: ======'player_intergalactic_intro_show_variable_times_100'====== Args={'value': 100, 'prev_value': 0, 'change': 100, 'player_num': 1, 'source': 'intergalactic'}
2025-10-05 21:01:57,222 : INFO : EventManager : Event: ======'player_intergalactic_intergalactic_intro_show_tick'====== Args={'value': 2, 'prev_value': 1, 'change': 1, 'player_num': 1}
2025-10-05 21:01:57,224 : INFO : EventManager : Event: ======'timer_intergalactic_intro_show_tick'====== Args={'ticks': 2, 'ticks_remaining': 11}
2025-10-05 21:01:57,225 : INFO : EventManager : Event: ======'player_intergalactic_intro_show_variable_times_100'====== Args={'value': 200, 'prev_value': 100, 'change': 100, 'player_num': 1, 'source': 'intergalactic'}
2025-10-05 21:01:57,327 : INFO : SwitchController : <<<<<<< 's_left_flipper' active >>>>>>>
2025-10-05 21:01:57,327 : INFO : EventManager : Event: ======'machine_var_audits_switches_s_left_flipper'====== Args={'value': 1247, 'prev_value': 1246, 'change': 1}
2025-10-05 21:01:58,239 : INFO : EventManager : Event: ======'player_intergalactic_intergalactic_intro_show_tick'====== Args={'value': 3, 'prev_value': 2, 'change': 1, 'player_num': 1}
2025-10-05 21:01:58,240 : INFO : EventManager : Event: ======'timer_intergalactic_intro_show_tick'====== Args={'ticks': 3, 'ticks_remaining': 10}
2025-10-05 21:01:58,242 : INFO : EventManager : Event: ======'player_intergalactic_intro_show_variable_times_100'====== Args={'value': 300, 'prev_value': 200, 'change': 100, 'player_num': 1, 'source': 'intergalactic'}
2025-10-05 21:01:58,329 : INFO : SwitchController : <<<<<<< 's_right_flipper' active >>>>>>>
2025-10-05 21:01:58,329 : INFO : EventManager : Event: ======'flipper_cancel'====== Args={'triggering_group': 2, 'triggering_switch': 's_right_flipper'}
2025-10-05 21:01:58,329 : INFO : EventManager : Event: ======'machine_var_audits_switches_s_right_flipper'====== Args={'value': 1521, 'prev_value': 1520, 'change': 1}
2025-10-05 21:01:58,330 : INFO : EventManager : Event: ======'player_intergalactic_intergalactic_intro_show_tick'====== Args={'value': 13, 'prev_value': 3, 'change': 10, 'player_num': 1}
2025-10-05 21:01:58,330 : INFO : Timer.intergalactic_intro_show : Timer Complete
2025-10-05 21:01:58,330 : INFO : Timer.intergalactic_intro_show : Stopping Timer
2025-10-05 21:01:58,331 : INFO : EventManager : Event: ======'timer_intergalactic_intro_show_stopped'====== Args={'ticks': 13, 'ticks_remaining': 10}
2025-10-05 21:01:58,331 : INFO : EventManager : Event: ======'timer_intergalactic_intro_show_complete'====== Args={'ticks': 13, 'ticks_remaining': 10}
2025-10-05 21:01:58,331 : INFO : ball_device.bd_scoop : Adding 1 ball(s) to the eject_queue with target <playfield.playfield>.
2025-10-05 21:01:58,332 : INFO : EventManager : Event: ======'balldevice_balls_available'====== Args={}
2025-10-05 21:01:58,332 : INFO : EventManager : Event: ======'ball_hold_intergalactic_scoop_hold_balls_released'====== Args={'balls_released': 1}
2025-10-05 21:01:58,335 : INFO : ball_device.bd_scoop : State: waiting_for_target_ready
2025-10-05 21:01:58,336 : INFO : EventManager : Event: ======'balldevice_bd_scoop_ball_eject_attempt'====== Args={'balls': 1, 'target': <playfield.playfield>, 'source': <ball_device.bd_scoop>, 'mechanical_eject': False, 'num_attempts': 0}
2025-10-05 21:01:58,337 : INFO : ball_device.bd_scoop : State: ejecting
2025-10-05 21:01:58,338 : INFO : ball_device.bd_scoop : Ejecting ball to <playfield.playfield>
2025-10-05 21:01:58,339 : INFO : EventManager : Event: ======'balldevice_bd_scoop_ejecting_ball'====== Args={'balls': 1, 'target': <playfield.playfield>, 'source': <ball_device.bd_scoop>, 'mechanical_eject': False, 'num_attempts': 0}
2025-10-05 21:01:58,340 : INFO : EventManager : Event: ======'slide_intergalactic_right_shot_lit_created'====== Args={'_from_bcp': True}
2025-10-05 21:01:58,340 : INFO : ball_device.bd_scoop : Wait for ball to leave device
2025-10-05 21:01:58,362 : INFO : coil.c_scoop_eject : Pulsing Driver for 25ms (1.0 pulse_power)
2025-10-05 21:01:58,362 : INFO : SwitchController : <<<<<<< 's_scoop' inactive >>>>>>>
2025-10-05 21:01:58,367 : INFO : ball_device.bd_scoop : State: ball_left
2025-10-05 21:01:58,367 : INFO : ball_device.bd_scoop : Ball left
2025-10-05 21:01:58,367 : INFO : ball_device.bd_scoop : Wait for confirm with timeout 3.0
2025-10-05 21:01:59,283 : INFO : SwitchController : <<<<<<< 's_right_flipper' inactive >>>>>>>
2025-10-05 21:01:59,283 : INFO : EventManager : Event: ======'both_flippers_one'====== Args={'triggering_group': 2, 'triggering_switch': 's_right_flipper'}
2025-10-05 21:02:00,166 : INFO : SwitchController : <<<<<<< 's_left_flipper' inactive >>>>>>>
2025-10-05 21:02:00,167 : INFO : EventManager : Event: ======'both_flippers_inactive'====== Args={'triggering_group': 1, 'triggering_switch': 's_left_flipper'}
2025-10-05 21:02:01,361 : INFO : ball_device.bd_scoop : State: failed_confirm
2025-10-05 21:02:01,362 : INFO : ball_device.bd_scoop : Got timeout (3.0s) before confirm from <playfield.playfield>
2025-10-05 21:02:01,456 : INFO : ball_device.bd_scoop : Confirming eject because target is playfield and ball did not return.
2025-10-05 21:02:01,456 : INFO : ball_device.bd_scoop : Eject successful
2025-10-05 21:02:01,456 : INFO : EventManager : Event: ======'balldevice_bd_scoop_ball_eject_success'====== Args={'balls': 1, 'target': <playfield.playfield>}
2025-10-05 21:02:01,458 : INFO : EventManager : Event: ======'balldevice_playfield_ball_enter'====== Args={'new_balls': 1, 'unclaimed_balls': 1, 'device': <playfield.playfield>}
2025-10-05 21:02:01,459 : INFO : EventManager : Event: ======'playfield_ball_count_change'====== Args={'balls': 1, 'change': 1}
2025-10-05 21:02:01,459 : INFO : EventManager : Event: ======'balldevice_bd_scoop_ball_count_changed'====== Args={'balls': 0}
2025-10-05 21:02:01,460 : INFO : ball_device.bd_scoop : State: idle
2025-10-05 21:02:01,526 : INFO : SwitchController : <<<<<<< 's_right_ramp' active >>>>>>>
2025-10-05 21:02:01,526 : INFO : EventManager : Event: ======'s_right_ramp_active'====== Args={}
2025-10-05 21:02:01,527 : INFO : EventManager : Event: ======'machine_var_audits_switches_s_right_ramp'====== Args={'value': 64, 'prev_value': 63, 'change': 1}
2025-10-05 21:02:01,527 : INFO : EventManager : Event: ======'right_ramp_hit'====== Args={'elapsed': 0}
2025-10-05 21:02:01,529 : INFO : EventManager : Event: ======'player_score'====== Args={'value': 23035780, 'prev_value': 23032770, 'change': 3010, 'player_num': 1, 'source': 'base'}
2025-10-05 21:02:01,529 : INFO : EventManager : Event: ======'logicblock_intergalactic_shot_1_updated'====== Args={'value': 1, 'enabled': True}
2025-10-05 21:02:01,529 : INFO : EventManager : Event: ======'logicblock_intergalactic_shot_1_hit'====== Args={'step': 1}
2025-10-05 21:02:01,529 : INFO : EventManager : Event: ======'intergalactic_shot_1_done'====== Args={}
2025-10-05 21:02:01,530 : INFO : EventManager : Event: ======'logicblock_intergalactic_shot_1_updated'====== Args={'value': 1, 'enabled': False}
2025-10-05 21:02:01,530 : INFO : EventManager : Event: ======'logicblock_intergalactic_shot_2_updated'====== Args={'value': 0, 'enabled': True}
2025-10-05 21:02:01,531 : INFO : EventManager : Event: ======'player_score'====== Args={'value': 24035780, 'prev_value': 23035780, 'change': 1000000, 'player_num': 1, 'source': 'intergalactic'}
2025-10-05 21:02:01,542 : INFO : EventManager : Event: ======'slide_intergalactic_right_shot_lit_removed'====== Args={'_from_bcp': True}
2025-10-05 21:02:01,543 : INFO : EventManager : Event: ======'slide_intergalactic_left_shot_lit_created'====== Args={'_from_bcp': True}
2025-10-05 21:02:01,609 : INFO : SwitchController : <<<<<<< 's_right_ramp' inactive >>>>>>>
2025-10-05 21:02:02,437 : INFO : SwitchController : <<<<<<< 's_left_ramp' active >>>>>>>
2025-10-05 21:02:02,437 : INFO : EventManager : Event: ======'s_left_ramp_active'====== Args={}
2025-10-05 21:02:02,437 : INFO : EventManager : Event: ======'machine_var_audits_switches_s_left_ramp'====== Args={'value': 64, 'prev_value': 63, 'change': 1}
2025-10-05 21:02:02,438 : INFO : EventManager : Event: ======'left_ramp_hit'====== Args={'elapsed': 0}
2025-10-05 21:02:02,438 : INFO : EventManager : Event: ======'player_score'====== Args={'value': 24038790, 'prev_value': 24035780, 'change': 3010, 'player_num': 1, 'source': 'base'}
2025-10-05 21:02:02,439 : INFO : EventManager : Event: ======'logicblock_intergalactic_shot_2_updated'====== Args={'value': 1, 'enabled': True}
2025-10-05 21:02:02,439 : INFO : EventManager : Event: ======'logicblock_intergalactic_shot_2_hit'====== Args={'step': 1}
2025-10-05 21:02:02,439 : INFO : EventManager : Event: ======'intergalactic_shot_2_done'====== Args={}
2025-10-05 21:02:02,439 : INFO : EventManager : Event: ======'logicblock_intergalactic_shot_2_updated'====== Args={'value': 1, 'enabled': False}
2025-10-05 21:02:02,440 : INFO : EventManager : Event: ======'logicblock_intergalactic_shot_3_updated'====== Args={'value': 0, 'enabled': True}
2025-10-05 21:02:02,440 : INFO : EventManager : Event: ======'player_score'====== Args={'value': 26038790, 'prev_value': 24038790, 'change': 2000000, 'player_num': 1, 'source': 'intergalactic'}
2025-10-05 21:02:02,454 : INFO : EventManager : Event: ======'slide_intergalactic_left_shot_lit_removed'====== Args={'_from_bcp': True}
2025-10-05 21:02:02,455 : INFO : EventManager : Event: ======'slide_intergalactic_right_shot_lit_created'====== Args={'_from_bcp': True}
2025-10-05 21:02:02,541 : INFO : SwitchController : <<<<<<< 's_left_ramp' inactive >>>>>>>
2025-10-05 21:02:03,415 : INFO : SwitchController : <<<<<<< 's_right_ramp' active >>>>>>>
2025-10-05 21:02:03,415 : INFO : EventManager : Event: ======'s_right_ramp_active'====== Args={}
2025-10-05 21:02:03,415 : INFO : EventManager : Event: ======'machine_var_audits_switches_s_right_ramp'====== Args={'value': 65, 'prev_value': 64, 'change': 1}
2025-10-05 21:02:03,416 : INFO : EventManager : Event: ======'right_ramp_hit'====== Args={'elapsed': 0}
2025-10-05 21:02:03,417 : INFO : EventManager : Event: ======'player_score'====== Args={'value': 26041800, 'prev_value': 26038790, 'change': 3010, 'player_num': 1, 'source': 'base'}
2025-10-05 21:02:03,417 : INFO : EventManager : Event: ======'logicblock_intergalactic_shot_3_updated'====== Args={'value': 1, 'enabled': True}
2025-10-05 21:02:03,417 : INFO : EventManager : Event: ======'logicblock_intergalactic_shot_3_hit'====== Args={'step': 1}
2025-10-05 21:02:03,417 : INFO : EventManager : Event: ======'intergalactic_shot_3_done'====== Args={}
2025-10-05 21:02:03,417 : INFO : EventManager : Event: ======'logicblock_intergalactic_shot_3_updated'====== Args={'value': 1, 'enabled': False}
2025-10-05 21:02:03,418 : INFO : EventManager : Event: ======'logicblock_intergalactic_shot_4_updated'====== Args={'value': 0, 'enabled': True}
2025-10-05 21:02:03,418 : INFO : EventManager : Event: ======'player_score'====== Args={'value': 29041800, 'prev_value': 26041800, 'change': 3000000, 'player_num': 1, 'source': 'intergalactic'}
2025-10-05 21:02:03,436 : INFO : EventManager : Event: ======'slide_intergalactic_right_shot_lit_removed'====== Args={'_from_bcp': True}
2025-10-05 21:02:03,436 : INFO : EventManager : Event: ======'slide_intergalactic_left_shot_lit_created'====== Args={'_from_bcp': True}
2025-10-05 21:02:03,521 : INFO : SwitchController : <<<<<<< 's_right_ramp' inactive >>>>>>>
2025-10-05 21:02:04,310 : INFO : SwitchController : <<<<<<< 's_left_ramp' active >>>>>>>
2025-10-05 21:02:04,311 : INFO : EventManager : Event: ======'s_left_ramp_active'====== Args={}
2025-10-05 21:02:04,311 : INFO : EventManager : Event: ======'machine_var_audits_switches_s_left_ramp'====== Args={'value': 65, 'prev_value': 64, 'change': 1}
2025-10-05 21:02:04,312 : INFO : EventManager : Event: ======'left_ramp_hit'====== Args={'elapsed': 0}
2025-10-05 21:02:04,312 : INFO : EventManager : Event: ======'player_score'====== Args={'value': 29044810, 'prev_value': 29041800, 'change': 3010, 'player_num': 1, 'source': 'base'}
2025-10-05 21:02:04,312 : INFO : EventManager : Event: ======'logicblock_intergalactic_shot_4_updated'====== Args={'value': 1, 'enabled': True}
2025-10-05 21:02:04,312 : INFO : EventManager : Event: ======'logicblock_intergalactic_shot_4_hit'====== Args={'step': 1}
2025-10-05 21:02:04,313 : INFO : EventManager : Event: ======'intergalactic_shot_4_done'====== Args={}
2025-10-05 21:02:04,313 : INFO : EventManager : Event: ======'logicblock_intergalactic_shot_4_updated'====== Args={'value': 1, 'enabled': False}
2025-10-05 21:02:04,314 : INFO : EventManager : Event: ======'logicblock_intergalactic_shot_5_updated'====== Args={'value': 0, 'enabled': True}
2025-10-05 21:02:04,314 : INFO : EventManager : Event: ======'player_score'====== Args={'value': 34044810, 'prev_value': 29044810, 'change': 5000000, 'player_num': 1, 'source': 'intergalactic'}
2025-10-05 21:02:04,339 : INFO : EventManager : Event: ======'slide_intergalactic_left_shot_lit_removed'====== Args={'_from_bcp': True}
2025-10-05 21:02:04,348 : INFO : EventManager : Event: ======'slide_intergalactic_final_shot_lit_created'====== Args={'_from_bcp': True}
2025-10-05 21:02:04,442 : INFO : SwitchController : <<<<<<< 's_left_ramp' inactive >>>>>>>
2025-10-05 21:02:13,396 : INFO : SwitchController : <<<<<<< 's_three_bank_standup' active >>>>>>>
2025-10-05 21:02:13,396 : INFO : EventManager : Event: ======'s_three_bank_standup_active'====== Args={}
2025-10-05 21:02:13,396 : INFO : EventManager : Event: ======'machine_var_audits_switches_s_three_bank_standup'====== Args={'value': 139, 'prev_value': 138, 'change': 1}
2025-10-05 21:02:13,397 : INFO : EventManager : Event: ======'three_bank_standup_hit'====== Args={'elapsed': 0}
2025-10-05 21:02:13,397 : INFO : EventManager : Event: ======'player_score'====== Args={'value': 34064820, 'prev_value': 34044810, 'change': 20010, 'player_num': 1, 'source': 'base'}
2025-10-05 21:02:13,399 : INFO : EventManager : Event: ======'logicblock_chcheckitout_multiball_ready_updated'====== Args={'value': 1, 'enabled': True}
2025-10-05 21:02:13,399 : INFO : EventManager : Event: ======'logicblock_chcheckitout_multiball_ready_hit'====== Args={'step': 1}
2025-10-05 21:02:13,399 : INFO : EventManager : Event: ======'chcheckitout_start_multiball'====== Args={}
2025-10-05 21:02:13,399 : INFO : EventManager : Event: ======'logicblock_chcheckitout_multiball_ready_updated'====== Args={'value': 0, 'enabled': True}
2025-10-05 21:02:13,400 : INFO : EventManager : Event: ======'balls_in_play'====== Args={'balls': 3}
2025-10-05 21:02:13,400 : INFO : ball_device.bd_plunger : Adding 2 ball(s) to the eject_queue with target <playfield.playfield>.
2025-10-05 21:02:13,400 : INFO : EventManager : Event: ======'balldevice_balls_available'====== Args={}
2025-10-05 21:02:13,401 : INFO : EventManager : Event: ======'balldevice_balls_available'====== Args={}
2025-10-05 21:02:13,401 : INFO : EventManager : Event: ======'ball_save_chcheckitout_timer_start'====== Args={}
2025-10-05 21:02:13,401 : INFO : EventManager : Event: ======'multiball_chcheckitout_started'====== Args={'balls': 3}
2025-10-05 21:02:13,401 : INFO : EventManager : Event: ======'player_multiball_blocking_flag'====== Args={'value': 1, 'prev_value': 0, 'change': 1, 'player_num': 1, 'source': 'multiball'}
2025-10-05 21:02:13,401 : INFO : EventManager : Event: ======'logicblock_drop_target_bank_counter_updated'====== Args={'value': 2, 'enabled': False}
2025-10-05 21:02:13,410 : INFO : ball_device.bd_trough : State: waiting_for_target_ready
2025-10-05 21:02:13,410 : INFO : EventManager : Event: ======'balldevice_bd_trough_ball_eject_attempt'====== Args={'balls': 1, 'target': <ball_device.bd_plunger>, 'source': <ball_device.bd_trough>, 'mechanical_eject': False, 'num_attempts': 0}
2025-10-05 21:02:13,411 : INFO : ball_device.bd_plunger : State: waiting_for_ball
2025-10-05 21:02:13,412 : INFO : ball_device.bd_trough : State: ejecting
2025-10-05 21:02:13,412 : INFO : ball_device.bd_trough : Ejecting ball to <ball_device.bd_plunger>
2025-10-05 21:02:13,412 : INFO : EventManager : Event: ======'balldevice_bd_trough_ejecting_ball'====== Args={'balls': 1, 'target': <ball_device.bd_plunger>, 'source': <ball_device.bd_trough>, 'mechanical_eject': False, 'num_attempts': 0}
2025-10-05 21:02:13,413 : INFO : ball_device.bd_trough : Wait for ball to leave device
2025-10-05 21:02:13,414 : INFO : coil.c_trough_eject : Pulsing Driver for 20ms (1.0 pulse_power)
2025-10-05 21:02:13,414 : INFO : SwitchController : <<<<<<< 's_trough2' inactive >>>>>>>
2025-10-05 21:02:13,418 : INFO : ball_device.bd_trough : State: ball_left
2025-10-05 21:02:13,419 : INFO : ball_device.bd_trough : Ball left
2025-10-05 21:02:13,419 : INFO : ball_device.bd_trough : Wait for confirm with timeout 3.0
2025-10-05 21:02:13,440 : INFO : EventManager : Event: ======'slide_multiball_created'====== Args={'_from_bcp': True}
2025-10-05 21:02:13,504 : INFO : SwitchController : <<<<<<< 's_plunger' active >>>>>>>
2025-10-05 21:02:13,505 : INFO : EventManager : Event: ======'machine_var_audits_switches_s_plunger'====== Args={'value': 746, 'prev_value': 745, 'change': 1}
2025-10-05 21:02:13,511 : INFO : SwitchController : <<<<<<< 's_three_bank_standup' inactive >>>>>>>
2025-10-05 21:02:14,004 : INFO : ball_device.bd_plunger : Received ball from <ball_device.bd_trough>
2025-10-05 21:02:14,004 : INFO : EventManager : Event: ======'balldevice_bd_plunger_ball_enter'====== Args={'new_balls': 1, 'unclaimed_balls': 0, 'new_available_balls': 0, 'device': <ball_device.bd_plunger>}
2025-10-05 21:02:14,005 : INFO : EventManager : Event: ======'balldevice_bd_plunger_ball_entered'====== Args={'new_balls': 0, 'device': <ball_device.bd_plunger>}
2025-10-05 21:02:14,005 : INFO : EventManager : Event: ======'balldevice_bd_plunger_ball_count_changed'====== Args={'balls': 1}
2025-10-05 21:02:14,006 : INFO : ball_device.bd_trough : Got eject confirm
2025-10-05 21:02:14,006 : INFO : ball_device.bd_trough : Eject successful
2025-10-05 21:02:14,006 : INFO : EventManager : Event: ======'balldevice_bd_trough_ball_eject_success'====== Args={'balls': 1, 'target': <ball_device.bd_plunger>}
2025-10-05 21:02:14,007 : INFO : EventManager : Event: ======'balldevice_bd_trough_ball_count_changed'====== Args={'balls': 4}
2025-10-05 21:02:14,007 : INFO : ball_device.bd_trough : State: idle
2025-10-05 21:02:14,007 : INFO : ball_device.bd_plunger : State: waiting_for_target_ready
2025-10-05 21:02:14,007 : INFO : EventManager : Event: ======'balldevice_bd_plunger_ball_eject_attempt'====== Args={'balls': 1, 'target': <playfield.playfield>, 'source': <ball_device.bd_plunger>, 'mechanical_eject': False, 'num_attempts': 0}
2025-10-05 21:02:14,010 : INFO : ball_device.bd_plunger : State: ejecting
2025-10-05 21:02:14,010 : INFO : ball_device.bd_plunger : Ejecting ball to <playfield.playfield>
2025-10-05 21:02:14,010 : INFO : EventManager : Event: ======'balldevice_bd_plunger_ejecting_ball'====== Args={'balls': 1, 'target': <playfield.playfield>, 'source': <ball_device.bd_plunger>, 'mechanical_eject': False, 'num_attempts': 0}
2025-10-05 21:02:14,012 : INFO : ball_device.bd_trough : State: waiting_for_target_ready
2025-10-05 21:02:14,013 : INFO : EventManager : Event: ======'balldevice_bd_trough_ball_eject_attempt'====== Args={'balls': 1, 'target': <ball_device.bd_plunger>, 'source': <ball_device.bd_trough>, 'mechanical_eject': False, 'num_attempts': 0}
2025-10-05 21:02:14,013 : INFO : ball_device.bd_plunger : Wait for ball to leave device
2025-10-05 21:02:14,013 : INFO : coil.c_plunger : Pulsing Driver for 20ms (1.0 pulse_power)
2025-10-05 21:02:14,014 : INFO : SwitchController : <<<<<<< 's_plunger' inactive >>>>>>>
2025-10-05 21:02:14,014 : INFO : EventManager : Event: ======'ball_out'====== Args={}
2025-10-05 21:02:14,017 : INFO : ball_device.bd_plunger : State: ball_left
2025-10-05 21:02:14,018 : INFO : ball_device.bd_plunger : Ball left
2025-10-05 21:02:14,018 : INFO : ball_device.bd_plunger : Wait for confirm with timeout 3.0
2025-10-05 21:02:17,002 : INFO : ball_device.bd_plunger : State: failed_confirm
2025-10-05 21:02:17,003 : INFO : ball_device.bd_plunger : Got timeout (3.0s) before confirm from <playfield.playfield>
2025-10-05 21:02:17,096 : INFO : ball_device.bd_plunger : Confirming eject because target is playfield and ball did not return.
2025-10-05 21:02:17,096 : INFO : ball_device.bd_plunger : Eject successful
2025-10-05 21:02:17,096 : INFO : EventManager : Event: ======'balldevice_bd_plunger_ball_eject_success'====== Args={'balls': 1, 'target': <playfield.playfield>}
2025-10-05 21:02:17,097 : INFO : EventManager : Event: ======'balldevice_playfield_ball_enter'====== Args={'new_balls': 1, 'unclaimed_balls': 1, 'device': <playfield.playfield>}
2025-10-05 21:02:17,097 : INFO : EventManager : Event: ======'playfield_ball_count_change'====== Args={'balls': 2, 'change': 1}
2025-10-05 21:02:17,097 : INFO : EventManager : Event: ======'balldevice_bd_plunger_ball_count_changed'====== Args={'balls': 0}
2025-10-05 21:02:17,098 : INFO : ball_device.bd_plunger : State: idle
2025-10-05 21:02:17,098 : INFO : ball_device.bd_trough : State: ejecting
2025-10-05 21:02:17,099 : INFO : ball_device.bd_trough : Ejecting ball to <ball_device.bd_plunger>
2025-10-05 21:02:17,099 : INFO : EventManager : Event: ======'balldevice_bd_trough_ejecting_ball'====== Args={'balls': 1, 'target': <ball_device.bd_plunger>, 'source': <ball_device.bd_trough>, 'mechanical_eject': False, 'num_attempts': 0}
2025-10-05 21:02:17,100 : INFO : ball_device.bd_trough : Wait for ball to leave device
2025-10-05 21:02:17,100 : INFO : coil.c_trough_eject : Pulsing Driver for 20ms (1.0 pulse_power)
2025-10-05 21:02:17,100 : INFO : SwitchController : <<<<<<< 's_trough3' inactive >>>>>>>
2025-10-05 21:02:17,101 : INFO : ball_device.bd_plunger : State: waiting_for_ball
2025-10-05 21:02:17,105 : INFO : ball_device.bd_trough : State: ball_left
2025-10-05 21:02:17,106 : INFO : ball_device.bd_trough : Ball left
2025-10-05 21:02:17,106 : INFO : ball_device.bd_trough : Wait for confirm with timeout 3.0
2025-10-05 21:02:17,190 : INFO : SwitchController : <<<<<<< 's_plunger' active >>>>>>>
2025-10-05 21:02:17,190 : INFO : EventManager : Event: ======'machine_var_audits_switches_s_plunger'====== Args={'value': 747, 'prev_value': 746, 'change': 1}
2025-10-05 21:02:17,692 : INFO : ball_device.bd_plunger : Received ball from <ball_device.bd_trough>
2025-10-05 21:02:17,692 : INFO : EventManager : Event: ======'balldevice_bd_plunger_ball_enter'====== Args={'new_balls': 1, 'unclaimed_balls': 0, 'new_available_balls': 0, 'device': <ball_device.bd_plunger>}
2025-10-05 21:02:17,693 : INFO : EventManager : Event: ======'balldevice_bd_plunger_ball_entered'====== Args={'new_balls': 0, 'device': <ball_device.bd_plunger>}
2025-10-05 21:02:17,694 : INFO : EventManager : Event: ======'balldevice_bd_plunger_ball_count_changed'====== Args={'balls': 1}
2025-10-05 21:02:17,694 : INFO : ball_device.bd_trough : Got eject confirm
2025-10-05 21:02:17,694 : INFO : ball_device.bd_trough : Eject successful
2025-10-05 21:02:17,694 : INFO : EventManager : Event: ======'balldevice_bd_trough_ball_eject_success'====== Args={'balls': 1, 'target': <ball_device.bd_plunger>}
2025-10-05 21:02:17,695 : INFO : EventManager : Event: ======'balldevice_bd_trough_ball_count_changed'====== Args={'balls': 3}
2025-10-05 21:02:17,695 : INFO : ball_device.bd_trough : State: idle
2025-10-05 21:02:17,696 : INFO : ball_device.bd_plunger : State: waiting_for_target_ready
2025-10-05 21:02:17,696 : INFO : EventManager : Event: ======'balldevice_bd_plunger_ball_eject_attempt'====== Args={'balls': 1, 'target': <playfield.playfield>, 'source': <ball_device.bd_plunger>, 'mechanical_eject': False, 'num_attempts': 0}
2025-10-05 21:02:17,697 : INFO : ball_device.bd_plunger : State: ejecting
2025-10-05 21:02:17,697 : INFO : ball_device.bd_plunger : Ejecting ball to <playfield.playfield>
2025-10-05 21:02:17,697 : INFO : EventManager : Event: ======'balldevice_bd_plunger_ejecting_ball'====== Args={'balls': 1, 'target': <playfield.playfield>, 'source': <ball_device.bd_plunger>, 'mechanical_eject': False, 'num_attempts': 0}
2025-10-05 21:02:17,699 : INFO : ball_device.bd_plunger : Wait for ball to leave device
2025-10-05 21:02:17,699 : INFO : coil.c_plunger : Pulsing Driver for 20ms (1.0 pulse_power)
2025-10-05 21:02:17,699 : INFO : SwitchController : <<<<<<< 's_plunger' inactive >>>>>>>
2025-10-05 21:02:17,700 : INFO : EventManager : Event: ======'ball_out'====== Args={}
2025-10-05 21:02:17,703 : INFO : ball_device.bd_plunger : State: ball_left
2025-10-05 21:02:17,704 : INFO : ball_device.bd_plunger : Ball left
2025-10-05 21:02:17,704 : INFO : ball_device.bd_plunger : Wait for confirm with timeout 3.0
2025-10-05 21:02:20,719 : INFO : ball_device.bd_plunger : State: failed_confirm
2025-10-05 21:02:20,719 : INFO : ball_device.bd_plunger : Got timeout (3.0s) before confirm from <playfield.playfield>
2025-10-05 21:02:20,813 : INFO : ball_device.bd_plunger : Confirming eject because target is playfield and ball did not return.
2025-10-05 21:02:20,813 : INFO : ball_device.bd_plunger : Eject successful
2025-10-05 21:02:20,813 : INFO : EventManager : Event: ======'balldevice_bd_plunger_ball_eject_success'====== Args={'balls': 1, 'target': <playfield.playfield>}
2025-10-05 21:02:20,813 : INFO : EventManager : Event: ======'balldevice_playfield_ball_enter'====== Args={'new_balls': 1, 'unclaimed_balls': 1, 'device': <playfield.playfield>}
2025-10-05 21:02:20,813 : INFO : EventManager : Event: ======'playfield_ball_count_change'====== Args={'balls': 3, 'change': 1}
2025-10-05 21:02:20,814 : INFO : EventManager : Event: ======'balldevice_bd_plunger_ball_count_changed'====== Args={'balls': 0}
2025-10-05 21:02:20,814 : INFO : ball_device.bd_plunger : State: idle
2025-10-05 21:02:22,593 : INFO : SwitchController : <<<<<<< 's_right_ramp' active >>>>>>>
2025-10-05 21:02:22,593 : INFO : EventManager : Event: ======'s_right_ramp_active'====== Args={}
2025-10-05 21:02:22,593 : INFO : EventManager : Event: ======'machine_var_audits_switches_s_right_ramp'====== Args={'value': 66, 'prev_value': 65, 'change': 1}
2025-10-05 21:02:22,594 : INFO : EventManager : Event: ======'right_ramp_hit'====== Args={'elapsed': 0}
2025-10-05 21:02:22,594 : INFO : EventManager : Event: ======'player_score'====== Args={'value': 34067830, 'prev_value': 34064820, 'change': 3010, 'player_num': 1, 'source': 'base'}
2025-10-05 21:02:22,678 : INFO : SwitchController : <<<<<<< 's_right_ramp' inactive >>>>>>>
2025-10-05 21:02:23,628 : INFO : SwitchController : <<<<<<< 's_left_ramp' active >>>>>>>
2025-10-05 21:02:23,629 : INFO : EventManager : Event: ======'s_left_ramp_active'====== Args={}
2025-10-05 21:02:23,629 : INFO : EventManager : Event: ======'machine_var_audits_switches_s_left_ramp'====== Args={'value': 66, 'prev_value': 65, 'change': 1}
2025-10-05 21:02:23,630 : INFO : EventManager : Event: ======'left_ramp_hit'====== Args={'elapsed': 0}
2025-10-05 21:02:23,630 : INFO : EventManager : Event: ======'player_score'====== Args={'value': 34070840, 'prev_value': 34067830, 'change': 3010, 'player_num': 1, 'source': 'base'}
2025-10-05 21:02:23,740 : INFO : SwitchController : <<<<<<< 's_left_ramp' inactive >>>>>>>
2025-10-05 21:02:27,326 : INFO : SwitchController : <<<<<<< 's_pop_standup' active >>>>>>>
2025-10-05 21:02:27,326 : INFO : EventManager : Event: ======'s_pop_standup_active'====== Args={}
2025-10-05 21:02:27,326 : INFO : EventManager : Event: ======'machine_var_audits_switches_s_pop_standup'====== Args={'value': 80, 'prev_value': 79, 'change': 1}
2025-10-05 21:02:27,327 : INFO : EventManager : Event: ======'pop_standup_hit'====== Args={'elapsed': 0}
2025-10-05 21:02:27,327 : INFO : EventManager : Event: ======'player_score'====== Args={'value': 34075850, 'prev_value': 34070840, 'change': 5010, 'player_num': 1, 'source': 'base'}
2025-10-05 21:02:27,327 : INFO : EventManager : Event: ======'logicblock_intergalactic_shot_5_updated'====== Args={'value': 1, 'enabled': True}
2025-10-05 21:02:27,328 : INFO : EventManager : Event: ======'logicblock_intergalactic_shot_5_hit'====== Args={'step': 1}
2025-10-05 21:02:27,328 : INFO : EventManager : Event: ======'intergalactic_shot_5_done'====== Args={}
2025-10-05 21:02:27,328 : INFO : EventManager : Event: ======'mode_intergalactic_stop'====== Args={}
2025-10-05 21:02:27,328 : INFO : EventManager : Event: ======'logicblock_intergalactic_shot_5_updated'====== Args={'value': 1, 'enabled': False}
2025-10-05 21:02:27,328 : INFO : EventManager : Event: ======'player_score'====== Args={'value': 44075850, 'prev_value': 34075850, 'change': 10000000, 'player_num': 1, 'source': 'intergalactic'}
2025-10-05 21:02:27,329 : INFO : EventManager : Event: ======'mode_intergalactic_will_stop'====== Args={}
2025-10-05 21:02:27,329 : INFO : EventManager : Event: ======'mode_intergalactic_stopping'====== Args={}
2025-10-05 21:02:27,329 : INFO : Mode.intergalactic : Stopped.
2025-10-05 21:02:27,329 : INFO : EventManager : Event: ======'modes_active_modes_changed'====== Args={}
2025-10-05 21:02:27,329 : INFO : EventManager : Event: ======'mode_intergalactic_stopped'====== Args={}
2025-10-05 21:02:27,329 : INFO : EventManager : Event: ======'clear'====== Args={'key': 'intergalactic'}
2025-10-05 21:02:27,330 : INFO : Timer.intergalactic_intro_show : Stopping Timer
2025-10-05 21:02:27,330 : INFO : EventManager : Event: ======'timer_intergalactic_intro_show_stopped'====== Args={'ticks': 13, 'ticks_remaining': 10}
2025-10-05 21:02:27,354 : INFO : EventManager : Event: ======'slide_intergalactic_final_shot_lit_removed'====== Args={'_from_bcp': True}
2025-10-05 21:02:27,355 : INFO : EventManager : Event: ======'slide_intergalactic_removed'====== Args={'_from_bcp': True}
2025-10-05 21:02:27,358 : INFO : EventManager : Event: ======'slide_base_created'====== Args={'_from_bcp': True}
2025-10-05 21:02:27,374 : INFO : EventManager : Event: ======'slide_intergalacticfinish_created'====== Args={'_from_bcp': True}
2025-10-05 21:02:27,375 : INFO : EventManager : Event: ======'slide_score_overlay_inactive'====== Args={'is_removing': False, '_from_bcp': True}
2025-10-05 21:02:27,376 : INFO : EventManager : Event: ======'slide_intergalacticfinish_active'====== Args={'original_context': 'base', 'original_calling_context': 'intergalactic_shot_5_done', 'priority': 100.0, 'cmd': 'slides_play', '_from_bcp': True}
2025-10-05 21:02:27,428 : INFO : SwitchController : <<<<<<< 's_pop_standup' inactive >>>>>>>
2025-10-05 21:02:28,395 : INFO : EventManager : Event: ======'multiball_chcheckitout_shoot_again_ended'====== Args={}
2025-10-05 21:02:34,302 : INFO : EventManager : Event: ======'slide_intergalacticfinish_inactive'====== Args={'is_removing': True, '_from_bcp': True}
2025-10-05 21:02:34,303 : INFO : EventManager : Event: ======'slide_score_overlay_active'====== Args={'_from_bcp': True}
2025-10-05 21:02:34,303 : INFO : EventManager : Event: ======'slide_intergalacticfinish_removed'====== Args={'_from_bcp': True}
2025-10-05 21:02:46,194 : INFO : Machine : Shutting down...
2025-10-05 21:02:46,194 : INFO : EventManager : Event: ======'shutdown'====== Args={}
2025-10-05 21:02:46,195 : INFO : EventManager : Event: ======'mode_game_will_stop'====== Args={}
2025-10-05 21:02:46,196 : INFO : EventManager : Event: ======'mode_game_stopping'====== Args={}
2025-10-05 21:02:46,196 : INFO : EventManager : Event: ======'mode_multiball_will_stop'====== Args={}
2025-10-05 21:02:46,196 : INFO : EventManager : Event: ======'mode_multiball_stopping'====== Args={}
2025-10-05 21:02:46,196 : INFO : EventManager : Event: ======'mode_base_will_stop'====== Args={}
2025-10-05 21:02:46,196 : INFO : EventManager : Event: ======'mode_base_stopping'====== Args={}
2025-10-05 21:02:46,197 : INFO : Mode.base : Stopped.
2025-10-05 21:02:46,197 : INFO : EventManager : Event: ======'modes_active_modes_changed'====== Args={}
2025-10-05 21:02:46,197 : INFO : EventManager : Event: ======'mode_base_stopped'====== Args={}
2025-10-05 21:02:46,197 : INFO : EventManager : Event: ======'clear'====== Args={'key': 'base'}
2025-10-05 21:02:46,198 : INFO : Mode.multiball : Stopped.
2025-10-05 21:02:46,200 : INFO : EventManager : Event: ======'modes_active_modes_changed'====== Args={}
2025-10-05 21:02:46,200 : INFO : EventManager : Event: ======'mode_multiball_stopped'====== Args={}
2025-10-05 21:02:46,200 : INFO : EventManager : Event: ======'clear'====== Args={'key': 'multiball'}
2025-10-05 21:02:46,200 : INFO : Mode.game : Stopped.
2025-10-05 21:02:46,201 : INFO : EventManager : Event: ======'modes_active_modes_changed'====== Args={}
2025-10-05 21:02:46,201 : INFO : EventManager : Event: ======'mode_game_stopped'====== Args={}
2025-10-05 21:02:46,201 : INFO : EventManager : Event: ======'clear'====== Args={'key': 'game'}
2025-10-05 21:02:46,219 : INFO : root : MPF run loop ended.
