2025-09-19 14:55:50,577 : kivy : deps: Successfully imported "kivy_deps.gstreamer" 0.3.3
2025-09-19 14:55:50,578 : kivy : deps: Successfully imported "kivy_deps.angle" 0.3.3
2025-09-19 14:55:50,578 : kivy : deps: Successfully imported "kivy_deps.glew" 0.3.1
2025-09-19 14:55:50,578 : kivy : deps: Successfully imported "kivy_deps.sdl2" 0.6.0
2025-09-19 14:55:50,578 : kivy : Kivy: v2.2.1
2025-09-19 14:55:50,578 : kivy : Kivy: Installed at "c:\venv\mpf\lib\site-packages\kivy\__init__.py"
2025-09-19 14:55:50,578 : kivy : Python: v3.9.13 (tags/v3.9.13:6de2ca5, May 17 2022, 16:36:42) [MSC v.1929 64 bit (AMD64)]
2025-09-19 14:55:50,578 : kivy : Python: Interpreter at "c:\venv\mpf\Scripts\python.exe"
2025-09-19 14:55:50,644 : kivy : Factory: 190 symbols loaded
2025-09-19 14:55:50,962 : kivy : ImageLoaderFFPy: Using ffpyplayer 4.5.1
2025-09-19 14:55:50,962 : kivy : Image: Providers: img_tex, img_dds, img_sdl2, img_pil, img_ffpyplayer 
2025-09-19 14:55:51,186 : kivy : VideoGstplayer: Using Gstreamer 1.18.5.0
2025-09-19 14:55:51,186 : kivy : Video: Provider: gstplayer
2025-09-19 14:55:51,262 : root : Loading MPF-MC controller
2025-09-19 14:55:51,265 : YamlMultifileConfigLoader : Machine config file #1: config
2025-09-19 14:55:51,265 : ConfigProcessor : Config file in cache changed: C:\venv\mpf\soultrain\config\config
2025-09-19 14:55:51,265 : ConfigProcessor : Loading config from file c:\venv\mpf\lib\site-packages\mpfmc\mcconfig.yaml.
2025-09-19 14:55:51,271 : ConfigProcessor : Loading config: c:\venv\mpf\lib\site-packages\mpfmc\mcconfig.yaml
2025-09-19 14:55:51,271 : ConfigProcessor : Loading config from file C:\venv\mpf\soultrain\config\config.
2025-09-19 14:55:51,274 : ConfigProcessor : Loading config: C:\venv\mpf\soultrain\config\config
2025-09-19 14:55:51,275 : ConfigProcessor : Loading config: C:\venv\mpf\soultrain\config\coils.yaml
2025-09-19 14:55:51,277 : ConfigProcessor : Loading config: C:\venv\mpf\soultrain\config\switches.yaml
2025-09-19 14:55:51,278 : ConfigProcessor : Loading config: C:\venv\mpf\soultrain\config\multiball.yaml
2025-09-19 14:55:51,279 : ConfigProcessor : Config file cache created: C:\Users\sdona\AppData\Local\Temp\d1c76a6711522dcfe5a45e149ba5eb45.mpf_cache
2025-09-19 14:55:51,280 : ConfigProcessor : Loading config from cache: C:\Users\sdona\AppData\Local\Temp\e94a3f920a4b4ef5386ff9f8a570c7d8.mpf_cache
2025-09-19 14:55:51,281 : ConfigProcessor : Loading config from cache: C:\Users\sdona\AppData\Local\Temp\9b0a7575388f9d9bd2f6ab87bf9fd2f7.mpf_cache
2025-09-19 14:55:51,281 : ConfigProcessor : Loading config from cache: C:\Users\sdona\AppData\Local\Temp\fd71bac5babd3012ed21bb0ff55b9bb2.mpf_cache
2025-09-19 14:55:51,282 : ConfigProcessor : Loading config from cache: C:\Users\sdona\AppData\Local\Temp\e94a3f920a4b4ef5386ff9f8a570c7d8.mpf_cache
2025-09-19 14:55:51,283 : mpfmc : Mission Pinball Framework Media Controller (MPF-MC) v0.57.1. Requires MPF v0.57.0 or newer.
2025-09-19 14:55:51,283 : mpfmc : Found MPF v0.57.3
2025-09-19 14:55:51,283 : mpfmc : Machine path: C:\venv\mpf\soultrain
2025-09-19 14:55:51,283 : mpfmc : Starting clock at 60.0Hz
2025-09-19 14:55:51,309 : kivy : Text: Provider: sdl2
2025-09-19 14:55:51,354 : kivy : Window: Provider: sdl2
2025-09-19 14:55:51,631 : kivy : GL: Using the "OpenGL" graphics system
2025-09-19 14:55:51,642 : kivy : GL: GLEW initialization succeeded
2025-09-19 14:55:51,643 : kivy : GL: Backend used <glew>
2025-09-19 14:55:51,643 : kivy : GL: OpenGL version <b'4.6.0 Compatibility Profile Context 25.9.1.250822'>
2025-09-19 14:55:51,643 : kivy : GL: OpenGL vendor <b'ATI Technologies Inc.'>
2025-09-19 14:55:51,643 : kivy : GL: OpenGL renderer <b'AMD Radeon(TM) Graphics'>
2025-09-19 14:55:51,643 : kivy : GL: OpenGL parsed version: 4, 6
2025-09-19 14:55:51,643 : kivy : GL: Shading version <b'4.60'>
2025-09-19 14:55:51,643 : kivy : GL: Texture max size <16384>
2025-09-19 14:55:51,643 : kivy : GL: Texture max units <32>
2025-09-19 14:55:51,682 : kivy : Window: auto add sdl2 input provider
2025-09-19 14:55:51,683 : kivy : Window: virtual keyboard not allowed, single mode, not docked
2025-09-19 14:55:51,691 : SoundSystem : SoundSystem: Using default 'sound_system' settings
2025-09-19 14:55:54,938 : AudioInterface : Initialized
2025-09-19 14:55:54,938 : AudioInterface : Loaded SDL 2.26.4
2025-09-19 14:55:54,938 : AudioInterface : Loaded SDL_Mixer 2.6.3
2025-09-19 14:55:54,938 : AudioInterface : Loaded GStreamer 1.18.5.0
2025-09-19 14:55:54,938 : AudioInterface : Loaded GLib 2.62.6
2025-09-19 14:55:54,938 : AudioInterface : Settings requested - rate: 44100, channels: 1, buffer: 2048 samples
2025-09-19 14:55:54,939 : AudioInterface : Settings in use - rate: 44100, channels: 1, buffer: 2048 samples (4096 bytes @ 2 bytes per sample)
2025-09-19 14:55:54,939 : SoundSystem : No audio tracks are specified in your machine config file. a track named 'default' has been created.
2025-09-19 14:55:54,939 : SoundSystem : Setting master volume to 0.0
2025-09-19 14:55:54,939 : AudioInterface : Enabling audio playback
2025-09-19 14:55:54,941 : kivy : Base: Start application main loop
2025-09-19 14:55:54,941 : EventManager : Event: ======'display_window_initialized'====== Args={}
2025-09-19 14:55:54,956 : mpfmc : Display: Setting 'window' as default display
2025-09-19 14:55:54,964 : mpfmc : ASPECT RATIO MISMATCH: The on-screen window is not the same aspect ratio as the display called 'window'. The logical display will be scaled from 1920x1080 to the window size 1000x750, and a black bar will make up the difference
2025-09-19 14:55:54,967 : EventManager : Event: ======'displays_initialized'====== Args={}
2025-09-19 14:55:54,974 : EventManager : Event: ======'slide_window_blank_created'====== Args={}
2025-09-19 14:55:54,974 : EventManager : Event: ======'display_window_ready'====== Args={}
2025-09-19 14:55:54,998 : EventManager : Event: ======'init_phase_1'====== Args={}
2025-09-19 14:55:55,000 : EventManager : Event: ======'mc_ready'====== Args={}
2025-09-19 14:55:55,000 : EventManager : Event: ======'init_phase_2'====== Args={}
2025-09-19 14:55:55,003 : EventManager : Event: ======'init_phase_3'====== Args={}
2025-09-19 14:55:55,004 : EventManager : Event: ======'init_phase_4'====== Args={}
2025-09-19 14:55:55,004 : EventManager : Event: ======'init_phase_5'====== Args={}
2025-09-19 14:55:57,169 : EventManager : Event: ======'loading_assets'====== Args={'total': 10, 'loaded': 1, 'remaining': 9, 'percent': 10}
2025-09-19 14:55:57,170 : AssetManager : Loading assets: 1/10 (10%)
2025-09-19 14:55:57,781 : EventManager : Event: ======'loading_assets'====== Args={'total': 10, 'loaded': 6, 'remaining': 4, 'percent': 60}
2025-09-19 14:55:57,781 : AssetManager : Loading assets: 6/10 (60%)
2025-09-19 14:55:58,696 : EventManager : Event: ======'loading_assets'====== Args={'total': 10, 'loaded': 8, 'remaining': 2, 'percent': 80}
2025-09-19 14:55:58,697 : AssetManager : Loading assets: 8/10 (80%)
2025-09-19 14:55:59,132 : EventManager : Event: ======'loading_assets'====== Args={'total': 10, 'loaded': 10, 'remaining': 0, 'percent': 100}
2025-09-19 14:55:59,132 : AssetManager : Asset loading took: 4.193536043167114
2025-09-19 14:55:59,132 : EventManager : Event: ======'asset_loading_complete'====== Args={}
2025-09-19 14:55:59,132 : AssetManager : Loading assets: 10/10 (100%)
2025-09-19 14:55:59,132 : EventManager : Event: ======'init_done'====== Args={}
2025-09-19 14:55:59,133 : MPF-MC BCP Server : Starting up on localhost port 5050
2025-09-19 14:55:59,140 : MPF-MC BCP Server : Waiting for a connection...
2025-09-19 14:55:59,143 : kivy : GL: NPOT texture support is available
2025-09-19 14:55:59,144 : EventManager : Event: ======'slide_welcome_slide_created'====== Args={}
2025-09-19 14:55:59,145 : EventManager : Event: ======'slide_welcome_slide_active'====== Args={}
2025-09-19 14:55:59,147 : EventManager : Event: ======'client_disconnected'====== Args={'host': '127.0.0.1', 'port': 5050}
2025-09-19 14:56:01,128 : MPF-MC BCP Server : Received connection from: 127.0.0.1:55574
2025-09-19 14:56:01,130 : EventManager : Event: ======'client_connected'====== Args={'host': '127.0.0.1', 'port': 55574}
2025-09-19 14:56:01,254 : EventManager : Event: ======'machine_var_credits_string'====== Args={'value': 'FREE PLAY', 'prev_value': None, 'change': True}
2025-09-19 14:56:01,254 : EventManager : Event: ======'machine_var_fast_audio_headphones_volume'====== Args={'value': 10, 'prev_value': None, 'change': True}
2025-09-19 14:56:01,254 : EventManager : Event: ======'machine_var_fast_audio_main_volume'====== Args={'value': 44, 'prev_value': None, 'change': True}
2025-09-19 14:56:01,254 : EventManager : Event: ======'machine_var_master_volume'====== Args={'value': 0.15, 'prev_value': None, 'change': True}
2025-09-19 14:56:01,254 : EventManager : Event: ======'machine_var_player1_score'====== Args={'value': 140190, 'prev_value': None, 'change': True}
2025-09-19 14:56:01,254 : EventManager : Event: ======'machine_var_mpf_version'====== Args={'value': 'Mission Pinball Framework v0.57.3', 'prev_value': None, 'change': True}
2025-09-19 14:56:01,254 : EventManager : Event: ======'machine_var_mpf_extended_version'====== Args={'value': 'Mission Pinball Framework v0.57.3, Config version:6, Show version: 6, BCP version:1.1', 'prev_value': None, 'change': True}
2025-09-19 14:56:01,254 : EventManager : Event: ======'machine_var_python_version'====== Args={'value': '3.9.13', 'prev_value': None, 'change': True}
2025-09-19 14:56:01,254 : EventManager : Event: ======'machine_var_platform'====== Args={'value': 'Windows-10-10.0.26100-SP0', 'prev_value': None, 'change': True}
2025-09-19 14:56:01,254 : EventManager : Event: ======'machine_var_platform_system'====== Args={'value': 'Windows', 'prev_value': None, 'change': True}
2025-09-19 14:56:01,254 : EventManager : Event: ======'machine_var_platform_release'====== Args={'value': '10', 'prev_value': None, 'change': True}
2025-09-19 14:56:01,254 : EventManager : Event: ======'machine_var_platform_version'====== Args={'value': '10.0.26100', 'prev_value': None, 'change': True}
2025-09-19 14:56:01,255 : EventManager : Event: ======'machine_var_platform_machine'====== Args={'value': 'AMD64', 'prev_value': None, 'change': True}
2025-09-19 14:56:01,255 : EventManager : Event: ======'machine_var_mc_version'====== Args={'value': 'MPF-MC v0.57.1', 'prev_value': None, 'change': True}
2025-09-19 14:56:01,255 : EventManager : Event: ======'machine_var_mc_extended_version'====== Args={'value': 'MPF-MC v0.57.1 (config_version=6, BCP v1.1,                      Requires MPF API compatibility v0.57.0 or newer)', 'prev_value': None, 'change': True}
2025-09-19 14:56:01,255 : EventManager : Event: ======'machine_var_credits_string'====== Args={'value': 'FREE PLAY', 'prev_value': None, 'change': True}
2025-09-19 14:56:01,255 : EventManager : Event: ======'machine_var_fast_audio_headphones_volume'====== Args={'value': 10, 'prev_value': None, 'change': True}
2025-09-19 14:56:01,255 : EventManager : Event: ======'machine_var_fast_audio_main_volume'====== Args={'value': 44, 'prev_value': None, 'change': True}
2025-09-19 14:56:01,255 : EventManager : Event: ======'machine_var_master_volume'====== Args={'value': 0.15, 'prev_value': None, 'change': True}
2025-09-19 14:56:01,255 : EventManager : Event: ======'machine_var_player1_score'====== Args={'value': 140190, 'prev_value': None, 'change': True}
2025-09-19 14:56:01,255 : EventManager : Event: ======'machine_var_mpf_version'====== Args={'value': 'Mission Pinball Framework v0.57.3', 'prev_value': None, 'change': True}
2025-09-19 14:56:01,255 : EventManager : Event: ======'machine_var_mpf_extended_version'====== Args={'value': 'Mission Pinball Framework v0.57.3, Config version:6, Show version: 6, BCP version:1.1', 'prev_value': None, 'change': True}
2025-09-19 14:56:01,255 : EventManager : Event: ======'machine_var_python_version'====== Args={'value': '3.9.13', 'prev_value': None, 'change': True}
2025-09-19 14:56:01,255 : EventManager : Event: ======'machine_var_platform'====== Args={'value': 'Windows-10-10.0.26100-SP0', 'prev_value': None, 'change': True}
2025-09-19 14:56:01,255 : EventManager : Event: ======'machine_var_platform_system'====== Args={'value': 'Windows', 'prev_value': None, 'change': True}
2025-09-19 14:56:01,255 : EventManager : Event: ======'machine_var_platform_release'====== Args={'value': '10', 'prev_value': None, 'change': True}
2025-09-19 14:56:01,255 : EventManager : Event: ======'machine_var_platform_version'====== Args={'value': '10.0.26100', 'prev_value': None, 'change': True}
2025-09-19 14:56:01,255 : EventManager : Event: ======'machine_var_platform_machine'====== Args={'value': 'AMD64', 'prev_value': None, 'change': True}
2025-09-19 14:56:01,255 : EventManager : Event: ======'machine_var_mc_version'====== Args={'value': 'MPF-MC v0.57.1', 'prev_value': None, 'change': True}
2025-09-19 14:56:01,255 : EventManager : Event: ======'machine_var_mc_extended_version'====== Args={'value': 'MPF-MC v0.57.1 (config_version=6, BCP v1.1,                      Requires MPF API compatibility v0.57.0 or newer)', 'prev_value': None, 'change': True}
2025-09-19 14:56:01,255 : EventManager : Event: ======'machine_var_credits_string'====== Args={'value': 'FREE PLAY', 'prev_value': None, 'change': True}
2025-09-19 14:56:01,255 : EventManager : Event: ======'machine_var_fast_audio_headphones_volume'====== Args={'value': 10, 'prev_value': None, 'change': True}
2025-09-19 14:56:01,255 : EventManager : Event: ======'machine_var_fast_audio_main_volume'====== Args={'value': 44, 'prev_value': None, 'change': True}
2025-09-19 14:56:01,257 : EventManager : Event: ======'machine_var_master_volume'====== Args={'value': 0.15, 'prev_value': None, 'change': True}
2025-09-19 14:56:01,257 : EventManager : Event: ======'machine_var_player1_score'====== Args={'value': 140190, 'prev_value': None, 'change': True}
2025-09-19 14:56:01,257 : EventManager : Event: ======'machine_var_mpf_version'====== Args={'value': 'Mission Pinball Framework v0.57.3', 'prev_value': None, 'change': True}
2025-09-19 14:56:01,257 : EventManager : Event: ======'machine_var_mpf_extended_version'====== Args={'value': 'Mission Pinball Framework v0.57.3, Config version:6, Show version: 6, BCP version:1.1', 'prev_value': None, 'change': True}
2025-09-19 14:56:01,257 : EventManager : Event: ======'machine_var_python_version'====== Args={'value': '3.9.13', 'prev_value': None, 'change': True}
2025-09-19 14:56:01,257 : EventManager : Event: ======'machine_var_platform'====== Args={'value': 'Windows-10-10.0.26100-SP0', 'prev_value': None, 'change': True}
2025-09-19 14:56:01,257 : EventManager : Event: ======'machine_var_platform_system'====== Args={'value': 'Windows', 'prev_value': None, 'change': True}
2025-09-19 14:56:01,257 : EventManager : Event: ======'machine_var_platform_release'====== Args={'value': '10', 'prev_value': None, 'change': True}
2025-09-19 14:56:01,257 : EventManager : Event: ======'machine_var_platform_version'====== Args={'value': '10.0.26100', 'prev_value': None, 'change': True}
2025-09-19 14:56:01,257 : EventManager : Event: ======'machine_var_platform_machine'====== Args={'value': 'AMD64', 'prev_value': None, 'change': True}
2025-09-19 14:56:01,257 : EventManager : Event: ======'machine_var_mc_version'====== Args={'value': 'MPF-MC v0.57.1', 'prev_value': None, 'change': True}
2025-09-19 14:56:01,257 : EventManager : Event: ======'machine_var_mc_extended_version'====== Args={'value': 'MPF-MC v0.57.1 (config_version=6, BCP v1.1,                      Requires MPF API compatibility v0.57.0 or newer)', 'prev_value': None, 'change': True}
2025-09-19 14:56:01,257 : EventManager : Event: ======'machine_var_credits_string'====== Args={'value': 'FREE PLAY', 'prev_value': None, 'change': True}
2025-09-19 14:56:01,257 : EventManager : Event: ======'machine_var_fast_audio_headphones_volume'====== Args={'value': 10, 'prev_value': None, 'change': True}
2025-09-19 14:56:01,257 : EventManager : Event: ======'machine_var_fast_audio_main_volume'====== Args={'value': 44, 'prev_value': None, 'change': True}
2025-09-19 14:56:01,257 : EventManager : Event: ======'machine_var_master_volume'====== Args={'value': 0.15, 'prev_value': None, 'change': True}
2025-09-19 14:56:01,257 : EventManager : Event: ======'machine_var_player1_score'====== Args={'value': 140190, 'prev_value': None, 'change': True}
2025-09-19 14:56:01,257 : EventManager : Event: ======'machine_var_mpf_version'====== Args={'value': 'Mission Pinball Framework v0.57.3', 'prev_value': None, 'change': True}
2025-09-19 14:56:01,257 : EventManager : Event: ======'machine_var_mpf_extended_version'====== Args={'value': 'Mission Pinball Framework v0.57.3, Config version:6, Show version: 6, BCP version:1.1', 'prev_value': None, 'change': True}
2025-09-19 14:56:01,257 : EventManager : Event: ======'machine_var_python_version'====== Args={'value': '3.9.13', 'prev_value': None, 'change': True}
2025-09-19 14:56:01,258 : EventManager : Event: ======'machine_var_platform'====== Args={'value': 'Windows-10-10.0.26100-SP0', 'prev_value': None, 'change': True}
2025-09-19 14:56:01,258 : EventManager : Event: ======'machine_var_platform_system'====== Args={'value': 'Windows', 'prev_value': None, 'change': True}
2025-09-19 14:56:01,258 : EventManager : Event: ======'machine_var_platform_release'====== Args={'value': '10', 'prev_value': None, 'change': True}
2025-09-19 14:56:01,258 : EventManager : Event: ======'machine_var_platform_version'====== Args={'value': '10.0.26100', 'prev_value': None, 'change': True}
2025-09-19 14:56:01,258 : EventManager : Event: ======'machine_var_platform_machine'====== Args={'value': 'AMD64', 'prev_value': None, 'change': True}
2025-09-19 14:56:01,258 : EventManager : Event: ======'machine_var_mc_version'====== Args={'value': 'MPF-MC v0.57.1', 'prev_value': None, 'change': True}
2025-09-19 14:56:01,258 : EventManager : Event: ======'machine_var_mc_extended_version'====== Args={'value': 'MPF-MC v0.57.1 (config_version=6, BCP v1.1,                      Requires MPF API compatibility v0.57.0 or newer)', 'prev_value': None, 'change': True}
2025-09-19 14:56:01,258 : SoundSystem : Setting master volume to 0.15
2025-09-19 14:56:01,258 : SoundSystem : Setting master volume to 0.15
2025-09-19 14:56:01,258 : SoundSystem : Setting master volume to 0.15
2025-09-19 14:56:01,258 : SoundSystem : Setting master volume to 0.15
2025-09-19 14:56:01,329 : EventManager : Event: ======'machine_var_audits_events_game_ended'====== Args={'value': 36, 'prev_value': None, 'change': True}
2025-09-19 14:56:01,354 : EventManager : Event: ======'machine_var_audits_events_game_started'====== Args={'value': 84, 'prev_value': None, 'change': True}
2025-09-19 14:56:01,354 : EventManager : Event: ======'machine_var_audits_missing_switches_s_captive_ball'====== Args={'value': 10, 'prev_value': None, 'change': True}
2025-09-19 14:56:01,354 : EventManager : Event: ======'machine_var_audits_missing_switches_s_center_upper_pop'====== Args={'value': 10, 'prev_value': None, 'change': True}
2025-09-19 14:56:01,354 : EventManager : Event: ======'machine_var_audits_missing_switches_s_inner_orbit'====== Args={'value': 10, 'prev_value': None, 'change': True}
2025-09-19 14:56:01,354 : EventManager : Event: ======'machine_var_audits_missing_switches_s_left_flipper'====== Args={'value': 10, 'prev_value': None, 'change': True}
2025-09-19 14:56:01,354 : EventManager : Event: ======'machine_var_audits_missing_switches_s_left_inlane'====== Args={'value': 10, 'prev_value': None, 'change': True}
2025-09-19 14:56:01,354 : EventManager : Event: ======'machine_var_audits_missing_switches_s_left_orbit'====== Args={'value': 10, 'prev_value': None, 'change': True}
2025-09-19 14:56:01,354 : EventManager : Event: ======'machine_var_audits_missing_switches_s_left_outlane'====== Args={'value': 10, 'prev_value': None, 'change': True}
2025-09-19 14:56:01,354 : EventManager : Event: ======'machine_var_audits_missing_switches_s_left_ramp'====== Args={'value': 10, 'prev_value': None, 'change': True}
2025-09-19 14:56:01,354 : EventManager : Event: ======'machine_var_audits_missing_switches_s_left_slingshot'====== Args={'value': 10, 'prev_value': None, 'change': True}
2025-09-19 14:56:01,354 : EventManager : Event: ======'machine_var_audits_missing_switches_s_left_upper_pop'====== Args={'value': 10, 'prev_value': None, 'change': True}
2025-09-19 14:56:01,354 : EventManager : Event: ======'machine_var_audits_missing_switches_s_pop_standup'====== Args={'value': 10, 'prev_value': None, 'change': True}
2025-09-19 14:56:01,355 : EventManager : Event: ======'machine_var_audits_missing_switches_s_right_flipper'====== Args={'value': 10, 'prev_value': None, 'change': True}
2025-09-19 14:56:01,355 : EventManager : Event: ======'machine_var_audits_missing_switches_s_right_inlane'====== Args={'value': 10, 'prev_value': None, 'change': True}
2025-09-19 14:56:01,355 : EventManager : Event: ======'machine_var_audits_missing_switches_s_right_orbit'====== Args={'value': 10, 'prev_value': None, 'change': True}
2025-09-19 14:56:01,355 : EventManager : Event: ======'machine_var_audits_missing_switches_s_right_outlane'====== Args={'value': 10, 'prev_value': None, 'change': True}
2025-09-19 14:56:01,355 : EventManager : Event: ======'machine_var_audits_missing_switches_s_right_ramp'====== Args={'value': 10, 'prev_value': None, 'change': True}
2025-09-19 14:56:01,355 : EventManager : Event: ======'machine_var_audits_missing_switches_s_right_slingshot'====== Args={'value': 10, 'prev_value': None, 'change': True}
2025-09-19 14:56:01,355 : EventManager : Event: ======'machine_var_audits_missing_switches_s_spinner'====== Args={'value': 10, 'prev_value': None, 'change': True}
2025-09-19 14:56:01,355 : EventManager : Event: ======'machine_var_audits_missing_switches_s_start'====== Args={'value': 9, 'prev_value': None, 'change': True}
2025-09-19 14:56:01,355 : EventManager : Event: ======'machine_var_audits_missing_switches_s_tilt_bob'====== Args={'value': 18, 'prev_value': None, 'change': True}
2025-09-19 14:56:01,355 : EventManager : Event: ======'machine_var_audits_missing_switches_s_top_right_flipper'====== Args={'value': 10, 'prev_value': None, 'change': True}
2025-09-19 14:56:01,355 : EventManager : Event: ======'machine_var_audits_missing_switches_s_trough2'====== Args={'value': 9, 'prev_value': None, 'change': True}
2025-09-19 14:56:01,355 : EventManager : Event: ======'machine_var_audits_missing_switches_s_trough3'====== Args={'value': 9, 'prev_value': None, 'change': True}
2025-09-19 14:56:01,355 : EventManager : Event: ======'machine_var_audits_missing_switches_s_trough4'====== Args={'value': 9, 'prev_value': None, 'change': True}
2025-09-19 14:56:01,355 : EventManager : Event: ======'machine_var_audits_missing_switches_s_trough5'====== Args={'value': 9, 'prev_value': None, 'change': True}
2025-09-19 14:56:01,355 : EventManager : Event: ======'machine_var_audits_missing_switches_s_trough6'====== Args={'value': 10, 'prev_value': None, 'change': True}
2025-09-19 14:56:01,355 : EventManager : Event: ======'machine_var_audits_missing_switches_s_trough_jam'====== Args={'value': 10, 'prev_value': None, 'change': True}
2025-09-19 14:56:01,355 : EventManager : Event: ======'machine_var_audits_missing_switches_s_tshirt_bottom_standup'====== Args={'value': 10, 'prev_value': None, 'change': True}
2025-09-19 14:56:01,355 : EventManager : Event: ======'machine_var_audits_missing_switches_s_tshirt_top_standup'====== Args={'value': 10, 'prev_value': None, 'change': True}
2025-09-19 14:56:01,355 : EventManager : Event: ======'machine_var_audits_missing_switches_s_upper_pop_standup'====== Args={'value': 10, 'prev_value': None, 'change': True}
2025-09-19 14:56:01,356 : EventManager : Event: ======'machine_var_audits_player_score'====== Args={'value': {'average': 16766, 'top': [140190, 55679, 54526, 46225, 25350, 24166, 23278, 22740, 20422, 20201], 'total': 37}, 'prev_value': None, 'change': True}
2025-09-19 14:56:01,356 : EventManager : Event: ======'machine_var_audits_shots_skill_captive'====== Args={'value': 16, 'prev_value': None, 'change': True}
2025-09-19 14:56:01,356 : EventManager : Event: ======'machine_var_audits_switches_s_captive_ball'====== Args={'value': 158, 'prev_value': None, 'change': True}
2025-09-19 14:56:01,356 : EventManager : Event: ======'machine_var_audits_switches_s_center_upper_pop'====== Args={'value': 182, 'prev_value': None, 'change': True}
2025-09-19 14:56:01,356 : EventManager : Event: ======'machine_var_audits_switches_s_inner_orbit'====== Args={'value': 0, 'prev_value': None, 'change': True}
2025-09-19 14:56:01,356 : EventManager : Event: ======'machine_var_audits_switches_s_left_flipper'====== Args={'value': 1240, 'prev_value': None, 'change': True}
2025-09-19 14:56:01,356 : EventManager : Event: ======'machine_var_audits_switches_s_left_inlane'====== Args={'value': 107, 'prev_value': None, 'change': True}
2025-09-19 14:56:01,356 : EventManager : Event: ======'machine_var_audits_switches_s_left_orbit'====== Args={'value': 0, 'prev_value': None, 'change': True}
2025-09-19 14:56:01,356 : EventManager : Event: ======'machine_var_audits_switches_s_left_outlane'====== Args={'value': 53, 'prev_value': None, 'change': True}
2025-09-19 14:56:01,356 : EventManager : Event: ======'machine_var_audits_switches_s_left_ramp'====== Args={'value': 0, 'prev_value': None, 'change': True}
2025-09-19 14:56:01,356 : EventManager : Event: ======'machine_var_audits_switches_s_left_slingshot'====== Args={'value': 259, 'prev_value': None, 'change': True}
2025-09-19 14:56:01,356 : EventManager : Event: ======'machine_var_audits_switches_s_left_upper_pop'====== Args={'value': 139, 'prev_value': None, 'change': True}
2025-09-19 14:56:01,356 : EventManager : Event: ======'machine_var_audits_switches_s_plunger'====== Args={'value': 458, 'prev_value': None, 'change': True}
2025-09-19 14:56:01,356 : EventManager : Event: ======'machine_var_audits_switches_s_pop_standup'====== Args={'value': 48, 'prev_value': None, 'change': True}
2025-09-19 14:56:01,356 : EventManager : Event: ======'machine_var_audits_switches_s_right_flipper'====== Args={'value': 1509, 'prev_value': None, 'change': True}
2025-09-19 14:56:01,356 : EventManager : Event: ======'machine_var_audits_switches_s_right_inlane'====== Args={'value': 104, 'prev_value': None, 'change': True}
2025-09-19 14:56:01,356 : EventManager : Event: ======'machine_var_audits_switches_s_right_lower_pop'====== Args={'value': 284, 'prev_value': None, 'change': True}
2025-09-19 14:56:01,356 : EventManager : Event: ======'machine_var_audits_switches_s_right_orbit'====== Args={'value': 0, 'prev_value': None, 'change': True}
2025-09-19 14:56:01,356 : EventManager : Event: ======'machine_var_audits_switches_s_right_outlane'====== Args={'value': 51, 'prev_value': None, 'change': True}
2025-09-19 14:56:01,356 : EventManager : Event: ======'machine_var_audits_switches_s_right_ramp'====== Args={'value': 0, 'prev_value': None, 'change': True}
2025-09-19 14:56:01,356 : EventManager : Event: ======'machine_var_audits_switches_s_right_slingshot'====== Args={'value': 365, 'prev_value': None, 'change': True}
2025-09-19 14:56:01,356 : EventManager : Event: ======'machine_var_audits_switches_s_scoop'====== Args={'value': 85, 'prev_value': None, 'change': True}
2025-09-19 14:56:01,357 : EventManager : Event: ======'machine_var_audits_switches_s_spinner'====== Args={'value': 1364, 'prev_value': None, 'change': True}
2025-09-19 14:56:01,357 : EventManager : Event: ======'machine_var_audits_switches_s_start'====== Args={'value': 8, 'prev_value': None, 'change': True}
2025-09-19 14:56:01,357 : EventManager : Event: ======'machine_var_audits_switches_s_three_bank_bottom'====== Args={'value': 67, 'prev_value': None, 'change': True}
2025-09-19 14:56:01,357 : EventManager : Event: ======'machine_var_audits_switches_s_three_bank_middle'====== Args={'value': 65, 'prev_value': None, 'change': True}
2025-09-19 14:56:01,357 : EventManager : Event: ======'machine_var_audits_switches_s_three_bank_standup'====== Args={'value': 69, 'prev_value': None, 'change': True}
2025-09-19 14:56:01,357 : EventManager : Event: ======'machine_var_audits_switches_s_three_bank_top'====== Args={'value': 61, 'prev_value': None, 'change': True}
2025-09-19 14:56:01,357 : EventManager : Event: ======'machine_var_audits_switches_s_tilt_bob'====== Args={'value': 21, 'prev_value': None, 'change': True}
2025-09-19 14:56:01,357 : EventManager : Event: ======'machine_var_audits_switches_s_top_right_flipper'====== Args={'value': 1294, 'prev_value': None, 'change': True}
2025-09-19 14:56:01,357 : EventManager : Event: ======'machine_var_audits_switches_s_trough1'====== Args={'value': 218, 'prev_value': None, 'change': True}
2025-09-19 14:56:01,357 : EventManager : Event: ======'machine_var_audits_switches_s_trough2'====== Args={'value': 248, 'prev_value': None, 'change': True}
2025-09-19 14:56:01,357 : EventManager : Event: ======'machine_var_audits_switches_s_trough3'====== Args={'value': 178, 'prev_value': None, 'change': True}
2025-09-19 14:56:01,357 : EventManager : Event: ======'machine_var_audits_switches_s_trough4'====== Args={'value': 160, 'prev_value': None, 'change': True}
2025-09-19 14:56:01,357 : EventManager : Event: ======'machine_var_audits_switches_s_trough5'====== Args={'value': 160, 'prev_value': None, 'change': True}
2025-09-19 14:56:01,357 : EventManager : Event: ======'machine_var_audits_switches_s_trough6'====== Args={'value': 158, 'prev_value': None, 'change': True}
2025-09-19 14:56:01,357 : EventManager : Event: ======'machine_var_audits_switches_s_trough_jam'====== Args={'value': 206, 'prev_value': None, 'change': True}
2025-09-19 14:56:01,357 : EventManager : Event: ======'machine_var_audits_switches_s_tshirt_bottom_standup'====== Args={'value': 28, 'prev_value': None, 'change': True}
2025-09-19 14:56:01,357 : EventManager : Event: ======'machine_var_audits_switches_s_tshirt_top_standup'====== Args={'value': 33, 'prev_value': None, 'change': True}
2025-09-19 14:56:01,357 : EventManager : Event: ======'machine_var_audits_switches_s_upper_pop_standup'====== Args={'value': 158, 'prev_value': None, 'change': True}
2025-09-19 14:56:01,366 : EventManager : Event: ======'slides_play'====== Args={'settings': {'welcome_slide': {'target': None, 'background_color': [0.0, 0.0, 0.0, 1.0], 'priority': None, 'show': True, 'force': False, 'expire': None, 'slide': None, 'tokens': {}, 'action': 'play'}}, 'context': '_global', 'calling_context': 'init_done', 'priority': 0}
2025-09-19 14:56:01,366 : EventManager : Event: ======'mc_reset_phase_1'====== Args={}
2025-09-19 14:56:01,366 : EventManager : Event: ======'slide_welcome_slide_removed'====== Args={}
2025-09-19 14:56:01,369 : EventManager : Event: ======'slide_welcome_slide_created'====== Args={}
2025-09-19 14:56:01,370 : EventManager : Event: ======'mc_reset_phase_2'====== Args={}
2025-09-19 14:56:01,370 : EventManager : Event: ======'mc_reset_phase_3'====== Args={}
2025-09-19 14:56:01,370 : EventManager : Event: ======'mc_reset_complete'====== Args={}
2025-09-19 14:56:01,370 : EventManager : Event: ======'slide_welcome_slide_active'====== Args={}
2025-09-19 14:56:01,378 : EventManager : Event: ======'slides_play'====== Args={'settings': {'press_start_slide': {'widgets': [{'type': 'text', 'text': 'Press Start Button', 'font_size': 128, 'color': [0.0, 0.5019607843137255, 0.0, 1], 'font_name': 'ratcage', '_default_settings': ['type', 'text', 'font_size', 'color', 'font_name'], 'x': None, 'y': None, 'anchor_x': 'center', 'anchor_y': 'center', 'round_anchor_x': None, 'round_anchor_y': None, 'opacity': 1.0, 'z': 0, 'reset_animations_events': {}, 'style': [], 'adjust_top': 0, 'adjust_bottom': 0, 'adjust_left': 0, 'adjust_right': 0, 'expire': None, 'key': None, 'widget': None, 'events_when_added': [], 'events_when_removed': [], 'bitmap_font': False, 'font_kerning': True, 'bold': False, 'italic': False, 'number_grouping': False, 'min_digits': 0, 'halign': 'center', 'valign': 'middle', 'rotation': 0, 'scale': 1.0, 'casing': None, 'outline_color': [1.0, 1.0, 1.0, 1.0], 'outline_width': 0, 'animations': None}], 'transition': {'type': 'move_in', 'duration': 1.0, 'direction': 'right', 'easing': 'out_quad'}, 'target': None, 'background_color': [0.0, 0.0, 0.0, 1.0], 'priority': None, 'show': True, 'force': False, 'expire': None, 'slide': None, 'tokens': {}, 'action': 'play'}}, 'context': 'show_1', 'calling_context': 0, 'priority': 10, 'show_tokens': {}, 'start_time': 64149.39}
2025-09-19 14:56:01,383 : EventManager : Event: ======'slide_press_start_slide_created'====== Args={}
2025-09-19 14:56:01,385 : EventManager : Event: ======'slide_press_start_slide_active'====== Args={}
2025-09-19 14:56:06,385 : EventManager : Event: ======'slides_play'====== Args={'settings': {'last_game_score_slide': {'widgets': [{'type': 'text', 'text': 'Last Game Scores', 'font_size': 50, 'y': '75%', 'font_name': 'ratcage', '_default_settings': ['type', 'text', 'font_size', 'y', 'font_name'], 'x': None, 'anchor_x': 'center', 'anchor_y': 'center', 'round_anchor_x': None, 'round_anchor_y': None, 'opacity': 1.0, 'z': 0, 'reset_animations_events': {}, 'color': [1.0, 1.0, 1.0, 1.0], 'style': [], 'adjust_top': 0, 'adjust_bottom': 0, 'adjust_left': 0, 'adjust_right': 0, 'expire': None, 'key': None, 'widget': None, 'events_when_added': [], 'events_when_removed': [], 'bitmap_font': False, 'font_kerning': True, 'bold': False, 'italic': False, 'number_grouping': False, 'min_digits': 0, 'halign': 'center', 'valign': 'middle', 'rotation': 0, 'scale': 1.0, 'casing': None, 'outline_color': [1.0, 1.0, 1.0, 1.0], 'outline_width': 0, 'animations': None}, {'type': 'text', 'text': 'Player 1:', 'number_grouping': True, 'font_size': 50, 'y': '55%', 'x': '40%', 'font_name': 'ratcage', '_default_settings': ['type', 'text', 'number_grouping', 'font_size', 'y', 'x', 'font_name'], 'anchor_x': 'center', 'anchor_y': 'center', 'round_anchor_x': None, 'round_anchor_y': None, 'opacity': 1.0, 'z': 0, 'reset_animations_events': {}, 'color': [1.0, 1.0, 1.0, 1.0], 'style': [], 'adjust_top': 0, 'adjust_bottom': 0, 'adjust_left': 0, 'adjust_right': 0, 'expire': None, 'key': None, 'widget': None, 'events_when_added': [], 'events_when_removed': [], 'bitmap_font': False, 'font_kerning': True, 'bold': False, 'italic': False, 'min_digits': 0, 'halign': 'center', 'valign': 'middle', 'rotation': 0, 'scale': 1.0, 'casing': None, 'outline_color': [1.0, 1.0, 1.0, 1.0], 'outline_width': 0, 'animations': None}, {'type': 'text', 'text': '(machine|player1_score)', 'number_grouping': True, 'min_digits': 2, 'font_size': 60, 'y': '55%', 'x': '60%', 'font_name': 'ratcage', '_default_settings': ['type', 'text', 'number_grouping', 'min_digits', 'font_size', 'y', 'x', 'font_name'], 'anchor_x': 'center', 'anchor_y': 'center', 'round_anchor_x': None, 'round_anchor_y': None, 'opacity': 1.0, 'z': 0, 'reset_animations_events': {}, 'color': [1.0, 1.0, 1.0, 1.0], 'style': [], 'adjust_top': 0, 'adjust_bottom': 0, 'adjust_left': 0, 'adjust_right': 0, 'expire': None, 'key': None, 'widget': None, 'events_when_added': [], 'events_when_removed': [], 'bitmap_font': False, 'font_kerning': True, 'bold': False, 'italic': False, 'halign': 'center', 'valign': 'middle', 'rotation': 0, 'scale': 1.0, 'casing': None, 'outline_color': [1.0, 1.0, 1.0, 1.0], 'outline_width': 0, 'animations': None}, {'type': 'text', 'text': 'Player 2:', 'number_grouping': True, 'font_size': 50, 'y': '45%', 'x': '40%', 'font_name': 'ratcage', '_default_settings': ['type', 'text', 'number_grouping', 'font_size', 'y', 'x', 'font_name'], 'anchor_x': 'center', 'anchor_y': 'center', 'round_anchor_x': None, 'round_anchor_y': None, 'opacity': 1.0, 'z': 0, 'reset_animations_events': {}, 'color': [1.0, 1.0, 1.0, 1.0], 'style': [], 'adjust_top': 0, 'adjust_bottom': 0, 'adjust_left': 0, 'adjust_right': 0, 'expire': None, 'key': None, 'widget': None, 'events_when_added': [], 'events_when_removed': [], 'bitmap_font': False, 'font_kerning': True, 'bold': False, 'italic': False, 'min_digits': 0, 'halign': 'center', 'valign': 'middle', 'rotation': 0, 'scale': 1.0, 'casing': None, 'outline_color': [1.0, 1.0, 1.0, 1.0], 'outline_width': 0, 'animations': None}, {'type': 'text', 'text': '(machine|player2_score)', 'number_grouping': True, 'min_digits': 2, 'font_size': 60, 'y': '45%', 'x': '60%', 'font_name': 'ratcage', '_default_settings': ['type', 'text', 'number_grouping', 'min_digits', 'font_size', 'y', 'x', 'font_name'], 'anchor_x': 'center', 'anchor_y': 'center', 'round_anchor_x': None, 'round_anchor_y': None, 'opacity': 1.0, 'z': 0, 'reset_animations_events': {}, 'color': [1.0, 1.0, 1.0, 1.0], 'style': [], 'adjust_top': 0, 'adjust_bottom': 0, 'adjust_left': 0, 'adjust_right': 0, 'expire': None, 'key': None, 'widget': None, 'events_when_added': [], 'events_when_removed': [], 'bitmap_font': False, 'font_kerning': True, 'bold': False, 'italic': False, 'halign': 'center', 'valign': 'middle', 'rotation': 0, 'scale': 1.0, 'casing': None, 'outline_color': [1.0, 1.0, 1.0, 1.0], 'outline_width': 0, 'animations': None}, {'type': 'text', 'text': 'Player 3:', 'number_grouping': True, 'font_size': 50, 'y': '35%', 'x': '40%', 'font_name': 'ratcage', '_default_settings': ['type', 'text', 'number_grouping', 'font_size', 'y', 'x', 'font_name'], 'anchor_x': 'center', 'anchor_y': 'center', 'round_anchor_x': None, 'round_anchor_y': None, 'opacity': 1.0, 'z': 0, 'reset_animations_events': {}, 'color': [1.0, 1.0, 1.0, 1.0], 'style': [], 'adjust_top': 0, 'adjust_bottom': 0, 'adjust_left': 0, 'adjust_right': 0, 'expire': None, 'key': None, 'widget': None, 'events_when_added': [], 'events_when_removed': [], 'bitmap_font': False, 'font_kerning': True, 'bold': False, 'italic': False, 'min_digits': 0, 'halign': 'center', 'valign': 'middle', 'rotation': 0, 'scale': 1.0, 'casing': None, 'outline_color': [1.0, 1.0, 1.0, 1.0], 'outline_width': 0, 'animations': None}, {'type': 'text', 'text': '(machine|player3_score)', 'number_grouping': True, 'min_digits': 2, 'font_size': 60, 'y': '35%', 'x': '60%', 'font_name': 'ratcage', '_default_settings': ['type', 'text', 'number_grouping', 'min_digits', 'font_size', 'y', 'x', 'font_name'], 'anchor_x': 'center', 'anchor_y': 'center', 'round_anchor_x': None, 'round_anchor_y': None, 'opacity': 1.0, 'z': 0, 'reset_animations_events': {}, 'color': [1.0, 1.0, 1.0, 1.0], 'style': [], 'adjust_top': 0, 'adjust_bottom': 0, 'adjust_left': 0, 'adjust_right': 0, 'expire': None, 'key': None, 'widget': None, 'events_when_added': [], 'events_when_removed': [], 'bitmap_font': False, 'font_kerning': True, 'bold': False, 'italic': False, 'halign': 'center', 'valign': 'middle', 'rotation': 0, 'scale': 1.0, 'casing': None, 'outline_color': [1.0, 1.0, 1.0, 1.0], 'outline_width': 0, 'animations': None}, {'type': 'text', 'text': 'Player 4:', 'number_grouping': True, 'font_size': 50, 'y': '25%', 'x': '40%', 'font_name': 'ratcage', '_default_settings': ['type', 'text', 'number_grouping', 'font_size', 'y', 'x', 'font_name'], 'anchor_x': 'center', 'anchor_y': 'center', 'round_anchor_x': None, 'round_anchor_y': None, 'opacity': 1.0, 'z': 0, 'reset_animations_events': {}, 'color': [1.0, 1.0, 1.0, 1.0], 'style': [], 'adjust_top': 0, 'adjust_bottom': 0, 'adjust_left': 0, 'adjust_right': 0, 'expire': None, 'key': None, 'widget': None, 'events_when_added': [], 'events_when_removed': [], 'bitmap_font': False, 'font_kerning': True, 'bold': False, 'italic': False, 'min_digits': 0, 'halign': 'center', 'valign': 'middle', 'rotation': 0, 'scale': 1.0, 'casing': None, 'outline_color': [1.0, 1.0, 1.0, 1.0], 'outline_width': 0, 'animations': None}, {'type': 'text', 'text': '(machine|player4_score)', 'number_grouping': True, 'min_digits': 2, 'font_size': 60, 'y': '25%', 'x': '60%', 'font_name': 'ratcage', '_default_settings': ['type', 'text', 'number_grouping', 'min_digits', 'font_size', 'y', 'x', 'font_name'], 'anchor_x': 'center', 'anchor_y': 'center', 'round_anchor_x': None, 'round_anchor_y': None, 'opacity': 1.0, 'z': 0, 'reset_animations_events': {}, 'color': [1.0, 1.0, 1.0, 1.0], 'style': [], 'adjust_top': 0, 'adjust_bottom': 0, 'adjust_left': 0, 'adjust_right': 0, 'expire': None, 'key': None, 'widget': None, 'events_when_added': [], 'events_when_removed': [], 'bitmap_font': False, 'font_kerning': True, 'bold': False, 'italic': False, 'halign': 'center', 'valign': 'middle', 'rotation': 0, 'scale': 1.0, 'casing': None, 'outline_color': [1.0, 1.0, 1.0, 1.0], 'outline_width': 0, 'animations': None}], 'transition': {'type': 'move_in', 'duration': 1.0, 'direction': 'right', 'easing': 'out_quad'}, 'target': None, 'background_color': [0.0, 0.0, 0.0, 1.0], 'priority': None, 'show': True, 'force': False, 'expire': None, 'slide': None, 'tokens': {}, 'action': 'play'}}, 'context': 'show_1', 'calling_context': 1, 'priority': 10, 'show_tokens': {}, 'start_time': 64154.39}
2025-09-19 14:56:06,399 : EventManager : Event: ======'slide_last_game_score_slide_created'====== Args={}
2025-09-19 14:56:06,399 : EventManager : Unordered handler for class <Text Widget text=> on event machine_var_player4_score with priority 1. Handlers: [RegisteredHandler(callback=<bound method Text._machine_var_change of <Text Widget text=>>, priority=1, kwargs={}, key=UUID('84785f29-c32e-407c-990e-baa12712469a'), condition=None, blocking_facility=None), RegisteredHandler(callback=<bound method Text._machine_var_change of <Text Widget text=>>, priority=1, kwargs={}, key=UUID('f034de95-2b14-4bba-a4a1-ba4a326e709c'), condition=None, blocking_facility=None)]. The order of those handlers is not defined and they will be executed in random order. This might lead to race conditions and potential bugs.
2025-09-19 14:56:06,400 : EventManager : Unordered handler for class <Text Widget text=> on event machine_var_player3_score with priority 1. Handlers: [RegisteredHandler(callback=<bound method Text._machine_var_change of <Text Widget text=>>, priority=1, kwargs={}, key=UUID('9bf6baec-0d60-41d6-bac9-ff9f6ec83621'), condition=None, blocking_facility=None), RegisteredHandler(callback=<bound method Text._machine_var_change of <Text Widget text=>>, priority=1, kwargs={}, key=UUID('f78b7d61-4266-4ec4-b033-b938a076738e'), condition=None, blocking_facility=None)]. The order of those handlers is not defined and they will be executed in random order. This might lead to race conditions and potential bugs.
2025-09-19 14:56:06,401 : EventManager : Unordered handler for class <Text Widget text=> on event machine_var_player2_score with priority 1. Handlers: [RegisteredHandler(callback=<bound method Text._machine_var_change of <Text Widget text=>>, priority=1, kwargs={}, key=UUID('4732ac17-30c9-4306-8e14-8fa81d6da5b9'), condition=None, blocking_facility=None), RegisteredHandler(callback=<bound method Text._machine_var_change of <Text Widget text=>>, priority=1, kwargs={}, key=UUID('9e1e4de6-13bb-4d08-ba8f-f3a64750ed25'), condition=None, blocking_facility=None)]. The order of those handlers is not defined and they will be executed in random order. This might lead to race conditions and potential bugs.
2025-09-19 14:56:06,401 : EventManager : Unordered handler for class <Text Widget text=140,190> on event machine_var_player1_score with priority 1. Handlers: [RegisteredHandler(callback=<bound method Text._machine_var_change of <Text Widget text=140,190>>, priority=1, kwargs={}, key=UUID('09c888f9-a1ad-45e9-8697-2f428525e886'), condition=None, blocking_facility=None), RegisteredHandler(callback=<bound method Text._machine_var_change of <Text Widget text=140,190>>, priority=1, kwargs={}, key=UUID('1363253d-29a6-40f3-a0d3-c15dd7540254'), condition=None, blocking_facility=None)]. The order of those handlers is not defined and they will be executed in random order. This might lead to race conditions and potential bugs.
2025-09-19 14:56:06,406 : EventManager : Event: ======'slide_last_game_score_slide_active'====== Args={}
2025-09-19 14:56:11,377 : EventManager : Event: ======'slides_play'====== Args={'settings': {'press_start_slide': {'widgets': [{'type': 'text', 'text': 'Press Start Button', 'font_size': 128, 'color': [0.0, 0.5019607843137255, 0.0, 1], 'font_name': 'ratcage', '_default_settings': ['type', 'text', 'font_size', 'color', 'font_name'], 'x': None, 'y': None, 'anchor_x': 'center', 'anchor_y': 'center', 'round_anchor_x': None, 'round_anchor_y': None, 'opacity': 1.0, 'z': 0, 'reset_animations_events': {}, 'style': [], 'adjust_top': 0, 'adjust_bottom': 0, 'adjust_left': 0, 'adjust_right': 0, 'expire': None, 'key': None, 'widget': None, 'events_when_added': [], 'events_when_removed': [], 'bitmap_font': False, 'font_kerning': True, 'bold': False, 'italic': False, 'number_grouping': False, 'min_digits': 0, 'halign': 'center', 'valign': 'middle', 'rotation': 0, 'scale': 1.0, 'casing': None, 'outline_color': [1.0, 1.0, 1.0, 1.0], 'outline_width': 0, 'animations': None}], 'transition': {'type': 'move_in', 'duration': 1.0, 'direction': 'right', 'easing': 'out_quad'}, 'target': None, 'background_color': [0.0, 0.0, 0.0, 1.0], 'priority': None, 'show': True, 'force': False, 'expire': None, 'slide': None, 'tokens': {}, 'action': 'play'}}, 'context': 'show_1', 'calling_context': 0, 'priority': 10, 'show_tokens': {}, 'start_time': 64159.39}
2025-09-19 14:56:11,377 : EventManager : Event: ======'slide_press_start_slide_removed'====== Args={}
2025-09-19 14:56:11,380 : EventManager : Event: ======'slide_press_start_slide_created'====== Args={}
2025-09-19 14:56:11,382 : EventManager : Event: ======'slide_press_start_slide_active'====== Args={}
2025-09-19 14:56:16,385 : EventManager : Event: ======'slides_play'====== Args={'settings': {'last_game_score_slide': {'widgets': [{'type': 'text', 'text': 'Last Game Scores', 'font_size': 50, 'y': '75%', 'font_name': 'ratcage', '_default_settings': ['type', 'text', 'font_size', 'y', 'font_name'], 'x': None, 'anchor_x': 'center', 'anchor_y': 'center', 'round_anchor_x': None, 'round_anchor_y': None, 'opacity': 1.0, 'z': 0, 'reset_animations_events': {}, 'color': [1.0, 1.0, 1.0, 1.0], 'style': [], 'adjust_top': 0, 'adjust_bottom': 0, 'adjust_left': 0, 'adjust_right': 0, 'expire': None, 'key': None, 'widget': None, 'events_when_added': [], 'events_when_removed': [], 'bitmap_font': False, 'font_kerning': True, 'bold': False, 'italic': False, 'number_grouping': False, 'min_digits': 0, 'halign': 'center', 'valign': 'middle', 'rotation': 0, 'scale': 1.0, 'casing': None, 'outline_color': [1.0, 1.0, 1.0, 1.0], 'outline_width': 0, 'animations': None}, {'type': 'text', 'text': 'Player 1:', 'number_grouping': True, 'font_size': 50, 'y': '55%', 'x': '40%', 'font_name': 'ratcage', '_default_settings': ['type', 'text', 'number_grouping', 'font_size', 'y', 'x', 'font_name'], 'anchor_x': 'center', 'anchor_y': 'center', 'round_anchor_x': None, 'round_anchor_y': None, 'opacity': 1.0, 'z': 0, 'reset_animations_events': {}, 'color': [1.0, 1.0, 1.0, 1.0], 'style': [], 'adjust_top': 0, 'adjust_bottom': 0, 'adjust_left': 0, 'adjust_right': 0, 'expire': None, 'key': None, 'widget': None, 'events_when_added': [], 'events_when_removed': [], 'bitmap_font': False, 'font_kerning': True, 'bold': False, 'italic': False, 'min_digits': 0, 'halign': 'center', 'valign': 'middle', 'rotation': 0, 'scale': 1.0, 'casing': None, 'outline_color': [1.0, 1.0, 1.0, 1.0], 'outline_width': 0, 'animations': None}, {'type': 'text', 'text': '(machine|player1_score)', 'number_grouping': True, 'min_digits': 2, 'font_size': 60, 'y': '55%', 'x': '60%', 'font_name': 'ratcage', '_default_settings': ['type', 'text', 'number_grouping', 'min_digits', 'font_size', 'y', 'x', 'font_name'], 'anchor_x': 'center', 'anchor_y': 'center', 'round_anchor_x': None, 'round_anchor_y': None, 'opacity': 1.0, 'z': 0, 'reset_animations_events': {}, 'color': [1.0, 1.0, 1.0, 1.0], 'style': [], 'adjust_top': 0, 'adjust_bottom': 0, 'adjust_left': 0, 'adjust_right': 0, 'expire': None, 'key': None, 'widget': None, 'events_when_added': [], 'events_when_removed': [], 'bitmap_font': False, 'font_kerning': True, 'bold': False, 'italic': False, 'halign': 'center', 'valign': 'middle', 'rotation': 0, 'scale': 1.0, 'casing': None, 'outline_color': [1.0, 1.0, 1.0, 1.0], 'outline_width': 0, 'animations': None}, {'type': 'text', 'text': 'Player 2:', 'number_grouping': True, 'font_size': 50, 'y': '45%', 'x': '40%', 'font_name': 'ratcage', '_default_settings': ['type', 'text', 'number_grouping', 'font_size', 'y', 'x', 'font_name'], 'anchor_x': 'center', 'anchor_y': 'center', 'round_anchor_x': None, 'round_anchor_y': None, 'opacity': 1.0, 'z': 0, 'reset_animations_events': {}, 'color': [1.0, 1.0, 1.0, 1.0], 'style': [], 'adjust_top': 0, 'adjust_bottom': 0, 'adjust_left': 0, 'adjust_right': 0, 'expire': None, 'key': None, 'widget': None, 'events_when_added': [], 'events_when_removed': [], 'bitmap_font': False, 'font_kerning': True, 'bold': False, 'italic': False, 'min_digits': 0, 'halign': 'center', 'valign': 'middle', 'rotation': 0, 'scale': 1.0, 'casing': None, 'outline_color': [1.0, 1.0, 1.0, 1.0], 'outline_width': 0, 'animations': None}, {'type': 'text', 'text': '(machine|player2_score)', 'number_grouping': True, 'min_digits': 2, 'font_size': 60, 'y': '45%', 'x': '60%', 'font_name': 'ratcage', '_default_settings': ['type', 'text', 'number_grouping', 'min_digits', 'font_size', 'y', 'x', 'font_name'], 'anchor_x': 'center', 'anchor_y': 'center', 'round_anchor_x': None, 'round_anchor_y': None, 'opacity': 1.0, 'z': 0, 'reset_animations_events': {}, 'color': [1.0, 1.0, 1.0, 1.0], 'style': [], 'adjust_top': 0, 'adjust_bottom': 0, 'adjust_left': 0, 'adjust_right': 0, 'expire': None, 'key': None, 'widget': None, 'events_when_added': [], 'events_when_removed': [], 'bitmap_font': False, 'font_kerning': True, 'bold': False, 'italic': False, 'halign': 'center', 'valign': 'middle', 'rotation': 0, 'scale': 1.0, 'casing': None, 'outline_color': [1.0, 1.0, 1.0, 1.0], 'outline_width': 0, 'animations': None}, {'type': 'text', 'text': 'Player 3:', 'number_grouping': True, 'font_size': 50, 'y': '35%', 'x': '40%', 'font_name': 'ratcage', '_default_settings': ['type', 'text', 'number_grouping', 'font_size', 'y', 'x', 'font_name'], 'anchor_x': 'center', 'anchor_y': 'center', 'round_anchor_x': None, 'round_anchor_y': None, 'opacity': 1.0, 'z': 0, 'reset_animations_events': {}, 'color': [1.0, 1.0, 1.0, 1.0], 'style': [], 'adjust_top': 0, 'adjust_bottom': 0, 'adjust_left': 0, 'adjust_right': 0, 'expire': None, 'key': None, 'widget': None, 'events_when_added': [], 'events_when_removed': [], 'bitmap_font': False, 'font_kerning': True, 'bold': False, 'italic': False, 'min_digits': 0, 'halign': 'center', 'valign': 'middle', 'rotation': 0, 'scale': 1.0, 'casing': None, 'outline_color': [1.0, 1.0, 1.0, 1.0], 'outline_width': 0, 'animations': None}, {'type': 'text', 'text': '(machine|player3_score)', 'number_grouping': True, 'min_digits': 2, 'font_size': 60, 'y': '35%', 'x': '60%', 'font_name': 'ratcage', '_default_settings': ['type', 'text', 'number_grouping', 'min_digits', 'font_size', 'y', 'x', 'font_name'], 'anchor_x': 'center', 'anchor_y': 'center', 'round_anchor_x': None, 'round_anchor_y': None, 'opacity': 1.0, 'z': 0, 'reset_animations_events': {}, 'color': [1.0, 1.0, 1.0, 1.0], 'style': [], 'adjust_top': 0, 'adjust_bottom': 0, 'adjust_left': 0, 'adjust_right': 0, 'expire': None, 'key': None, 'widget': None, 'events_when_added': [], 'events_when_removed': [], 'bitmap_font': False, 'font_kerning': True, 'bold': False, 'italic': False, 'halign': 'center', 'valign': 'middle', 'rotation': 0, 'scale': 1.0, 'casing': None, 'outline_color': [1.0, 1.0, 1.0, 1.0], 'outline_width': 0, 'animations': None}, {'type': 'text', 'text': 'Player 4:', 'number_grouping': True, 'font_size': 50, 'y': '25%', 'x': '40%', 'font_name': 'ratcage', '_default_settings': ['type', 'text', 'number_grouping', 'font_size', 'y', 'x', 'font_name'], 'anchor_x': 'center', 'anchor_y': 'center', 'round_anchor_x': None, 'round_anchor_y': None, 'opacity': 1.0, 'z': 0, 'reset_animations_events': {}, 'color': [1.0, 1.0, 1.0, 1.0], 'style': [], 'adjust_top': 0, 'adjust_bottom': 0, 'adjust_left': 0, 'adjust_right': 0, 'expire': None, 'key': None, 'widget': None, 'events_when_added': [], 'events_when_removed': [], 'bitmap_font': False, 'font_kerning': True, 'bold': False, 'italic': False, 'min_digits': 0, 'halign': 'center', 'valign': 'middle', 'rotation': 0, 'scale': 1.0, 'casing': None, 'outline_color': [1.0, 1.0, 1.0, 1.0], 'outline_width': 0, 'animations': None}, {'type': 'text', 'text': '(machine|player4_score)', 'number_grouping': True, 'min_digits': 2, 'font_size': 60, 'y': '25%', 'x': '60%', 'font_name': 'ratcage', '_default_settings': ['type', 'text', 'number_grouping', 'min_digits', 'font_size', 'y', 'x', 'font_name'], 'anchor_x': 'center', 'anchor_y': 'center', 'round_anchor_x': None, 'round_anchor_y': None, 'opacity': 1.0, 'z': 0, 'reset_animations_events': {}, 'color': [1.0, 1.0, 1.0, 1.0], 'style': [], 'adjust_top': 0, 'adjust_bottom': 0, 'adjust_left': 0, 'adjust_right': 0, 'expire': None, 'key': None, 'widget': None, 'events_when_added': [], 'events_when_removed': [], 'bitmap_font': False, 'font_kerning': True, 'bold': False, 'italic': False, 'halign': 'center', 'valign': 'middle', 'rotation': 0, 'scale': 1.0, 'casing': None, 'outline_color': [1.0, 1.0, 1.0, 1.0], 'outline_width': 0, 'animations': None}], 'transition': {'type': 'move_in', 'duration': 1.0, 'direction': 'right', 'easing': 'out_quad'}, 'target': None, 'background_color': [0.0, 0.0, 0.0, 1.0], 'priority': None, 'show': True, 'force': False, 'expire': None, 'slide': None, 'tokens': {}, 'action': 'play'}}, 'context': 'show_1', 'calling_context': 1, 'priority': 10, 'show_tokens': {}, 'start_time': 64164.39}
2025-09-19 14:56:16,386 : EventManager : Event: ======'slide_last_game_score_slide_removed'====== Args={}
2025-09-19 14:56:16,405 : EventManager : Event: ======'slide_last_game_score_slide_created'====== Args={}
2025-09-19 14:56:16,406 : EventManager : Unordered handler for class <Text Widget text=> on event machine_var_player4_score with priority 1. Handlers: [RegisteredHandler(callback=<bound method Text._machine_var_change of <Text Widget text=>>, priority=1, kwargs={}, key=UUID('3f0963e4-278b-4c2b-b5aa-1c892ca196cc'), condition=None, blocking_facility=None), RegisteredHandler(callback=<bound method Text._machine_var_change of <Text Widget text=>>, priority=1, kwargs={}, key=UUID('0111e1e5-9c24-425b-b058-dba4cd126aed'), condition=None, blocking_facility=None)]. The order of those handlers is not defined and they will be executed in random order. This might lead to race conditions and potential bugs.
2025-09-19 14:56:16,407 : EventManager : Unordered handler for class <Text Widget text=> on event machine_var_player3_score with priority 1. Handlers: [RegisteredHandler(callback=<bound method Text._machine_var_change of <Text Widget text=>>, priority=1, kwargs={}, key=UUID('2ddd1dad-ab24-45e0-8a2e-e2602b6b51b9'), condition=None, blocking_facility=None), RegisteredHandler(callback=<bound method Text._machine_var_change of <Text Widget text=>>, priority=1, kwargs={}, key=UUID('1c604ebe-e082-4217-bd70-7fa5f6163227'), condition=None, blocking_facility=None)]. The order of those handlers is not defined and they will be executed in random order. This might lead to race conditions and potential bugs.
2025-09-19 14:56:16,408 : EventManager : Unordered handler for class <Text Widget text=> on event machine_var_player2_score with priority 1. Handlers: [RegisteredHandler(callback=<bound method Text._machine_var_change of <Text Widget text=>>, priority=1, kwargs={}, key=UUID('330bac87-8fdf-4a78-b2ef-9d50e3ab0453'), condition=None, blocking_facility=None), RegisteredHandler(callback=<bound method Text._machine_var_change of <Text Widget text=>>, priority=1, kwargs={}, key=UUID('ec2a446c-3157-4dc3-ac71-4a6a630e36af'), condition=None, blocking_facility=None)]. The order of those handlers is not defined and they will be executed in random order. This might lead to race conditions and potential bugs.
2025-09-19 14:56:16,409 : EventManager : Unordered handler for class <Text Widget text=140,190> on event machine_var_player1_score with priority 1. Handlers: [RegisteredHandler(callback=<bound method Text._machine_var_change of <Text Widget text=140,190>>, priority=1, kwargs={}, key=UUID('caeb282c-51c6-4e9b-a9af-b05eb9107ff3'), condition=None, blocking_facility=None), RegisteredHandler(callback=<bound method Text._machine_var_change of <Text Widget text=140,190>>, priority=1, kwargs={}, key=UUID('92e85db9-944e-436f-8fe1-91ca51548a39'), condition=None, blocking_facility=None)]. The order of those handlers is not defined and they will be executed in random order. This might lead to race conditions and potential bugs.
2025-09-19 14:56:16,417 : EventManager : Event: ======'slide_last_game_score_slide_active'====== Args={}
2025-09-19 14:56:21,380 : EventManager : Event: ======'slides_play'====== Args={'settings': {'press_start_slide': {'widgets': [{'type': 'text', 'text': 'Press Start Button', 'font_size': 128, 'color': [0.0, 0.5019607843137255, 0.0, 1], 'font_name': 'ratcage', '_default_settings': ['type', 'text', 'font_size', 'color', 'font_name'], 'x': None, 'y': None, 'anchor_x': 'center', 'anchor_y': 'center', 'round_anchor_x': None, 'round_anchor_y': None, 'opacity': 1.0, 'z': 0, 'reset_animations_events': {}, 'style': [], 'adjust_top': 0, 'adjust_bottom': 0, 'adjust_left': 0, 'adjust_right': 0, 'expire': None, 'key': None, 'widget': None, 'events_when_added': [], 'events_when_removed': [], 'bitmap_font': False, 'font_kerning': True, 'bold': False, 'italic': False, 'number_grouping': False, 'min_digits': 0, 'halign': 'center', 'valign': 'middle', 'rotation': 0, 'scale': 1.0, 'casing': None, 'outline_color': [1.0, 1.0, 1.0, 1.0], 'outline_width': 0, 'animations': None}], 'transition': {'type': 'move_in', 'duration': 1.0, 'direction': 'right', 'easing': 'out_quad'}, 'target': None, 'background_color': [0.0, 0.0, 0.0, 1.0], 'priority': None, 'show': True, 'force': False, 'expire': None, 'slide': None, 'tokens': {}, 'action': 'play'}}, 'context': 'show_1', 'calling_context': 0, 'priority': 10, 'show_tokens': {}, 'start_time': 64169.39}
2025-09-19 14:56:21,380 : EventManager : Event: ======'slide_press_start_slide_removed'====== Args={}
2025-09-19 14:56:21,382 : EventManager : Event: ======'slide_press_start_slide_created'====== Args={}
2025-09-19 14:56:21,385 : EventManager : Event: ======'slide_press_start_slide_active'====== Args={}
2025-09-19 14:56:26,390 : EventManager : Event: ======'slides_play'====== Args={'settings': {'last_game_score_slide': {'widgets': [{'type': 'text', 'text': 'Last Game Scores', 'font_size': 50, 'y': '75%', 'font_name': 'ratcage', '_default_settings': ['type', 'text', 'font_size', 'y', 'font_name'], 'x': None, 'anchor_x': 'center', 'anchor_y': 'center', 'round_anchor_x': None, 'round_anchor_y': None, 'opacity': 1.0, 'z': 0, 'reset_animations_events': {}, 'color': [1.0, 1.0, 1.0, 1.0], 'style': [], 'adjust_top': 0, 'adjust_bottom': 0, 'adjust_left': 0, 'adjust_right': 0, 'expire': None, 'key': None, 'widget': None, 'events_when_added': [], 'events_when_removed': [], 'bitmap_font': False, 'font_kerning': True, 'bold': False, 'italic': False, 'number_grouping': False, 'min_digits': 0, 'halign': 'center', 'valign': 'middle', 'rotation': 0, 'scale': 1.0, 'casing': None, 'outline_color': [1.0, 1.0, 1.0, 1.0], 'outline_width': 0, 'animations': None}, {'type': 'text', 'text': 'Player 1:', 'number_grouping': True, 'font_size': 50, 'y': '55%', 'x': '40%', 'font_name': 'ratcage', '_default_settings': ['type', 'text', 'number_grouping', 'font_size', 'y', 'x', 'font_name'], 'anchor_x': 'center', 'anchor_y': 'center', 'round_anchor_x': None, 'round_anchor_y': None, 'opacity': 1.0, 'z': 0, 'reset_animations_events': {}, 'color': [1.0, 1.0, 1.0, 1.0], 'style': [], 'adjust_top': 0, 'adjust_bottom': 0, 'adjust_left': 0, 'adjust_right': 0, 'expire': None, 'key': None, 'widget': None, 'events_when_added': [], 'events_when_removed': [], 'bitmap_font': False, 'font_kerning': True, 'bold': False, 'italic': False, 'min_digits': 0, 'halign': 'center', 'valign': 'middle', 'rotation': 0, 'scale': 1.0, 'casing': None, 'outline_color': [1.0, 1.0, 1.0, 1.0], 'outline_width': 0, 'animations': None}, {'type': 'text', 'text': '(machine|player1_score)', 'number_grouping': True, 'min_digits': 2, 'font_size': 60, 'y': '55%', 'x': '60%', 'font_name': 'ratcage', '_default_settings': ['type', 'text', 'number_grouping', 'min_digits', 'font_size', 'y', 'x', 'font_name'], 'anchor_x': 'center', 'anchor_y': 'center', 'round_anchor_x': None, 'round_anchor_y': None, 'opacity': 1.0, 'z': 0, 'reset_animations_events': {}, 'color': [1.0, 1.0, 1.0, 1.0], 'style': [], 'adjust_top': 0, 'adjust_bottom': 0, 'adjust_left': 0, 'adjust_right': 0, 'expire': None, 'key': None, 'widget': None, 'events_when_added': [], 'events_when_removed': [], 'bitmap_font': False, 'font_kerning': True, 'bold': False, 'italic': False, 'halign': 'center', 'valign': 'middle', 'rotation': 0, 'scale': 1.0, 'casing': None, 'outline_color': [1.0, 1.0, 1.0, 1.0], 'outline_width': 0, 'animations': None}, {'type': 'text', 'text': 'Player 2:', 'number_grouping': True, 'font_size': 50, 'y': '45%', 'x': '40%', 'font_name': 'ratcage', '_default_settings': ['type', 'text', 'number_grouping', 'font_size', 'y', 'x', 'font_name'], 'anchor_x': 'center', 'anchor_y': 'center', 'round_anchor_x': None, 'round_anchor_y': None, 'opacity': 1.0, 'z': 0, 'reset_animations_events': {}, 'color': [1.0, 1.0, 1.0, 1.0], 'style': [], 'adjust_top': 0, 'adjust_bottom': 0, 'adjust_left': 0, 'adjust_right': 0, 'expire': None, 'key': None, 'widget': None, 'events_when_added': [], 'events_when_removed': [], 'bitmap_font': False, 'font_kerning': True, 'bold': False, 'italic': False, 'min_digits': 0, 'halign': 'center', 'valign': 'middle', 'rotation': 0, 'scale': 1.0, 'casing': None, 'outline_color': [1.0, 1.0, 1.0, 1.0], 'outline_width': 0, 'animations': None}, {'type': 'text', 'text': '(machine|player2_score)', 'number_grouping': True, 'min_digits': 2, 'font_size': 60, 'y': '45%', 'x': '60%', 'font_name': 'ratcage', '_default_settings': ['type', 'text', 'number_grouping', 'min_digits', 'font_size', 'y', 'x', 'font_name'], 'anchor_x': 'center', 'anchor_y': 'center', 'round_anchor_x': None, 'round_anchor_y': None, 'opacity': 1.0, 'z': 0, 'reset_animations_events': {}, 'color': [1.0, 1.0, 1.0, 1.0], 'style': [], 'adjust_top': 0, 'adjust_bottom': 0, 'adjust_left': 0, 'adjust_right': 0, 'expire': None, 'key': None, 'widget': None, 'events_when_added': [], 'events_when_removed': [], 'bitmap_font': False, 'font_kerning': True, 'bold': False, 'italic': False, 'halign': 'center', 'valign': 'middle', 'rotation': 0, 'scale': 1.0, 'casing': None, 'outline_color': [1.0, 1.0, 1.0, 1.0], 'outline_width': 0, 'animations': None}, {'type': 'text', 'text': 'Player 3:', 'number_grouping': True, 'font_size': 50, 'y': '35%', 'x': '40%', 'font_name': 'ratcage', '_default_settings': ['type', 'text', 'number_grouping', 'font_size', 'y', 'x', 'font_name'], 'anchor_x': 'center', 'anchor_y': 'center', 'round_anchor_x': None, 'round_anchor_y': None, 'opacity': 1.0, 'z': 0, 'reset_animations_events': {}, 'color': [1.0, 1.0, 1.0, 1.0], 'style': [], 'adjust_top': 0, 'adjust_bottom': 0, 'adjust_left': 0, 'adjust_right': 0, 'expire': None, 'key': None, 'widget': None, 'events_when_added': [], 'events_when_removed': [], 'bitmap_font': False, 'font_kerning': True, 'bold': False, 'italic': False, 'min_digits': 0, 'halign': 'center', 'valign': 'middle', 'rotation': 0, 'scale': 1.0, 'casing': None, 'outline_color': [1.0, 1.0, 1.0, 1.0], 'outline_width': 0, 'animations': None}, {'type': 'text', 'text': '(machine|player3_score)', 'number_grouping': True, 'min_digits': 2, 'font_size': 60, 'y': '35%', 'x': '60%', 'font_name': 'ratcage', '_default_settings': ['type', 'text', 'number_grouping', 'min_digits', 'font_size', 'y', 'x', 'font_name'], 'anchor_x': 'center', 'anchor_y': 'center', 'round_anchor_x': None, 'round_anchor_y': None, 'opacity': 1.0, 'z': 0, 'reset_animations_events': {}, 'color': [1.0, 1.0, 1.0, 1.0], 'style': [], 'adjust_top': 0, 'adjust_bottom': 0, 'adjust_left': 0, 'adjust_right': 0, 'expire': None, 'key': None, 'widget': None, 'events_when_added': [], 'events_when_removed': [], 'bitmap_font': False, 'font_kerning': True, 'bold': False, 'italic': False, 'halign': 'center', 'valign': 'middle', 'rotation': 0, 'scale': 1.0, 'casing': None, 'outline_color': [1.0, 1.0, 1.0, 1.0], 'outline_width': 0, 'animations': None}, {'type': 'text', 'text': 'Player 4:', 'number_grouping': True, 'font_size': 50, 'y': '25%', 'x': '40%', 'font_name': 'ratcage', '_default_settings': ['type', 'text', 'number_grouping', 'font_size', 'y', 'x', 'font_name'], 'anchor_x': 'center', 'anchor_y': 'center', 'round_anchor_x': None, 'round_anchor_y': None, 'opacity': 1.0, 'z': 0, 'reset_animations_events': {}, 'color': [1.0, 1.0, 1.0, 1.0], 'style': [], 'adjust_top': 0, 'adjust_bottom': 0, 'adjust_left': 0, 'adjust_right': 0, 'expire': None, 'key': None, 'widget': None, 'events_when_added': [], 'events_when_removed': [], 'bitmap_font': False, 'font_kerning': True, 'bold': False, 'italic': False, 'min_digits': 0, 'halign': 'center', 'valign': 'middle', 'rotation': 0, 'scale': 1.0, 'casing': None, 'outline_color': [1.0, 1.0, 1.0, 1.0], 'outline_width': 0, 'animations': None}, {'type': 'text', 'text': '(machine|player4_score)', 'number_grouping': True, 'min_digits': 2, 'font_size': 60, 'y': '25%', 'x': '60%', 'font_name': 'ratcage', '_default_settings': ['type', 'text', 'number_grouping', 'min_digits', 'font_size', 'y', 'x', 'font_name'], 'anchor_x': 'center', 'anchor_y': 'center', 'round_anchor_x': None, 'round_anchor_y': None, 'opacity': 1.0, 'z': 0, 'reset_animations_events': {}, 'color': [1.0, 1.0, 1.0, 1.0], 'style': [], 'adjust_top': 0, 'adjust_bottom': 0, 'adjust_left': 0, 'adjust_right': 0, 'expire': None, 'key': None, 'widget': None, 'events_when_added': [], 'events_when_removed': [], 'bitmap_font': False, 'font_kerning': True, 'bold': False, 'italic': False, 'halign': 'center', 'valign': 'middle', 'rotation': 0, 'scale': 1.0, 'casing': None, 'outline_color': [1.0, 1.0, 1.0, 1.0], 'outline_width': 0, 'animations': None}], 'transition': {'type': 'move_in', 'duration': 1.0, 'direction': 'right', 'easing': 'out_quad'}, 'target': None, 'background_color': [0.0, 0.0, 0.0, 1.0], 'priority': None, 'show': True, 'force': False, 'expire': None, 'slide': None, 'tokens': {}, 'action': 'play'}}, 'context': 'show_1', 'calling_context': 1, 'priority': 10, 'show_tokens': {}, 'start_time': 64174.39}
2025-09-19 14:56:26,391 : EventManager : Event: ======'slide_last_game_score_slide_removed'====== Args={}
2025-09-19 14:56:26,404 : EventManager : Event: ======'slide_last_game_score_slide_created'====== Args={}
2025-09-19 14:56:26,404 : EventManager : Unordered handler for class <Text Widget text=> on event machine_var_player4_score with priority 1. Handlers: [RegisteredHandler(callback=<bound method Text._machine_var_change of <Text Widget text=>>, priority=1, kwargs={}, key=UUID('7a7affd3-6ec4-417d-ad33-33966d8a0587'), condition=None, blocking_facility=None), RegisteredHandler(callback=<bound method Text._machine_var_change of <Text Widget text=>>, priority=1, kwargs={}, key=UUID('49e5e12a-6b0f-4315-ae9d-e44f0c2899b9'), condition=None, blocking_facility=None)]. The order of those handlers is not defined and they will be executed in random order. This might lead to race conditions and potential bugs.
2025-09-19 14:56:26,405 : EventManager : Unordered handler for class <Text Widget text=> on event machine_var_player3_score with priority 1. Handlers: [RegisteredHandler(callback=<bound method Text._machine_var_change of <Text Widget text=>>, priority=1, kwargs={}, key=UUID('c9b0e445-85fd-4c75-94a5-37f4d5ed9185'), condition=None, blocking_facility=None), RegisteredHandler(callback=<bound method Text._machine_var_change of <Text Widget text=>>, priority=1, kwargs={}, key=UUID('14647631-268b-4e35-b290-03ca7dce7df8'), condition=None, blocking_facility=None)]. The order of those handlers is not defined and they will be executed in random order. This might lead to race conditions and potential bugs.
2025-09-19 14:56:26,406 : EventManager : Unordered handler for class <Text Widget text=> on event machine_var_player2_score with priority 1. Handlers: [RegisteredHandler(callback=<bound method Text._machine_var_change of <Text Widget text=>>, priority=1, kwargs={}, key=UUID('ec5846c1-a2bc-4460-8883-e20ce54471b4'), condition=None, blocking_facility=None), RegisteredHandler(callback=<bound method Text._machine_var_change of <Text Widget text=>>, priority=1, kwargs={}, key=UUID('0243c6ea-9754-436e-9d92-b9a82d80ad2b'), condition=None, blocking_facility=None)]. The order of those handlers is not defined and they will be executed in random order. This might lead to race conditions and potential bugs.
2025-09-19 14:56:26,407 : EventManager : Unordered handler for class <Text Widget text=140,190> on event machine_var_player1_score with priority 1. Handlers: [RegisteredHandler(callback=<bound method Text._machine_var_change of <Text Widget text=140,190>>, priority=1, kwargs={}, key=UUID('471ceb75-6a28-4486-a32e-42d3a5478584'), condition=None, blocking_facility=None), RegisteredHandler(callback=<bound method Text._machine_var_change of <Text Widget text=140,190>>, priority=1, kwargs={}, key=UUID('7809578d-2e5c-48fa-99ea-53221c4f72c9'), condition=None, blocking_facility=None)]. The order of those handlers is not defined and they will be executed in random order. This might lead to race conditions and potential bugs.
2025-09-19 14:56:26,410 : EventManager : Event: ======'slide_last_game_score_slide_active'====== Args={}
2025-09-19 14:56:31,371 : EventManager : Event: ======'slides_play'====== Args={'settings': {'press_start_slide': {'widgets': [{'type': 'text', 'text': 'Press Start Button', 'font_size': 128, 'color': [0.0, 0.5019607843137255, 0.0, 1], 'font_name': 'ratcage', '_default_settings': ['type', 'text', 'font_size', 'color', 'font_name'], 'x': None, 'y': None, 'anchor_x': 'center', 'anchor_y': 'center', 'round_anchor_x': None, 'round_anchor_y': None, 'opacity': 1.0, 'z': 0, 'reset_animations_events': {}, 'style': [], 'adjust_top': 0, 'adjust_bottom': 0, 'adjust_left': 0, 'adjust_right': 0, 'expire': None, 'key': None, 'widget': None, 'events_when_added': [], 'events_when_removed': [], 'bitmap_font': False, 'font_kerning': True, 'bold': False, 'italic': False, 'number_grouping': False, 'min_digits': 0, 'halign': 'center', 'valign': 'middle', 'rotation': 0, 'scale': 1.0, 'casing': None, 'outline_color': [1.0, 1.0, 1.0, 1.0], 'outline_width': 0, 'animations': None}], 'transition': {'type': 'move_in', 'duration': 1.0, 'direction': 'right', 'easing': 'out_quad'}, 'target': None, 'background_color': [0.0, 0.0, 0.0, 1.0], 'priority': None, 'show': True, 'force': False, 'expire': None, 'slide': None, 'tokens': {}, 'action': 'play'}}, 'context': 'show_1', 'calling_context': 0, 'priority': 10, 'show_tokens': {}, 'start_time': 64179.39}
2025-09-19 14:56:31,371 : EventManager : Event: ======'slide_press_start_slide_removed'====== Args={}
2025-09-19 14:56:31,373 : EventManager : Event: ======'slide_press_start_slide_created'====== Args={}
2025-09-19 14:56:31,375 : EventManager : Event: ======'slide_press_start_slide_active'====== Args={}
2025-09-19 14:56:36,380 : EventManager : Event: ======'slides_play'====== Args={'settings': {'last_game_score_slide': {'widgets': [{'type': 'text', 'text': 'Last Game Scores', 'font_size': 50, 'y': '75%', 'font_name': 'ratcage', '_default_settings': ['type', 'text', 'font_size', 'y', 'font_name'], 'x': None, 'anchor_x': 'center', 'anchor_y': 'center', 'round_anchor_x': None, 'round_anchor_y': None, 'opacity': 1.0, 'z': 0, 'reset_animations_events': {}, 'color': [1.0, 1.0, 1.0, 1.0], 'style': [], 'adjust_top': 0, 'adjust_bottom': 0, 'adjust_left': 0, 'adjust_right': 0, 'expire': None, 'key': None, 'widget': None, 'events_when_added': [], 'events_when_removed': [], 'bitmap_font': False, 'font_kerning': True, 'bold': False, 'italic': False, 'number_grouping': False, 'min_digits': 0, 'halign': 'center', 'valign': 'middle', 'rotation': 0, 'scale': 1.0, 'casing': None, 'outline_color': [1.0, 1.0, 1.0, 1.0], 'outline_width': 0, 'animations': None}, {'type': 'text', 'text': 'Player 1:', 'number_grouping': True, 'font_size': 50, 'y': '55%', 'x': '40%', 'font_name': 'ratcage', '_default_settings': ['type', 'text', 'number_grouping', 'font_size', 'y', 'x', 'font_name'], 'anchor_x': 'center', 'anchor_y': 'center', 'round_anchor_x': None, 'round_anchor_y': None, 'opacity': 1.0, 'z': 0, 'reset_animations_events': {}, 'color': [1.0, 1.0, 1.0, 1.0], 'style': [], 'adjust_top': 0, 'adjust_bottom': 0, 'adjust_left': 0, 'adjust_right': 0, 'expire': None, 'key': None, 'widget': None, 'events_when_added': [], 'events_when_removed': [], 'bitmap_font': False, 'font_kerning': True, 'bold': False, 'italic': False, 'min_digits': 0, 'halign': 'center', 'valign': 'middle', 'rotation': 0, 'scale': 1.0, 'casing': None, 'outline_color': [1.0, 1.0, 1.0, 1.0], 'outline_width': 0, 'animations': None}, {'type': 'text', 'text': '(machine|player1_score)', 'number_grouping': True, 'min_digits': 2, 'font_size': 60, 'y': '55%', 'x': '60%', 'font_name': 'ratcage', '_default_settings': ['type', 'text', 'number_grouping', 'min_digits', 'font_size', 'y', 'x', 'font_name'], 'anchor_x': 'center', 'anchor_y': 'center', 'round_anchor_x': None, 'round_anchor_y': None, 'opacity': 1.0, 'z': 0, 'reset_animations_events': {}, 'color': [1.0, 1.0, 1.0, 1.0], 'style': [], 'adjust_top': 0, 'adjust_bottom': 0, 'adjust_left': 0, 'adjust_right': 0, 'expire': None, 'key': None, 'widget': None, 'events_when_added': [], 'events_when_removed': [], 'bitmap_font': False, 'font_kerning': True, 'bold': False, 'italic': False, 'halign': 'center', 'valign': 'middle', 'rotation': 0, 'scale': 1.0, 'casing': None, 'outline_color': [1.0, 1.0, 1.0, 1.0], 'outline_width': 0, 'animations': None}, {'type': 'text', 'text': 'Player 2:', 'number_grouping': True, 'font_size': 50, 'y': '45%', 'x': '40%', 'font_name': 'ratcage', '_default_settings': ['type', 'text', 'number_grouping', 'font_size', 'y', 'x', 'font_name'], 'anchor_x': 'center', 'anchor_y': 'center', 'round_anchor_x': None, 'round_anchor_y': None, 'opacity': 1.0, 'z': 0, 'reset_animations_events': {}, 'color': [1.0, 1.0, 1.0, 1.0], 'style': [], 'adjust_top': 0, 'adjust_bottom': 0, 'adjust_left': 0, 'adjust_right': 0, 'expire': None, 'key': None, 'widget': None, 'events_when_added': [], 'events_when_removed': [], 'bitmap_font': False, 'font_kerning': True, 'bold': False, 'italic': False, 'min_digits': 0, 'halign': 'center', 'valign': 'middle', 'rotation': 0, 'scale': 1.0, 'casing': None, 'outline_color': [1.0, 1.0, 1.0, 1.0], 'outline_width': 0, 'animations': None}, {'type': 'text', 'text': '(machine|player2_score)', 'number_grouping': True, 'min_digits': 2, 'font_size': 60, 'y': '45%', 'x': '60%', 'font_name': 'ratcage', '_default_settings': ['type', 'text', 'number_grouping', 'min_digits', 'font_size', 'y', 'x', 'font_name'], 'anchor_x': 'center', 'anchor_y': 'center', 'round_anchor_x': None, 'round_anchor_y': None, 'opacity': 1.0, 'z': 0, 'reset_animations_events': {}, 'color': [1.0, 1.0, 1.0, 1.0], 'style': [], 'adjust_top': 0, 'adjust_bottom': 0, 'adjust_left': 0, 'adjust_right': 0, 'expire': None, 'key': None, 'widget': None, 'events_when_added': [], 'events_when_removed': [], 'bitmap_font': False, 'font_kerning': True, 'bold': False, 'italic': False, 'halign': 'center', 'valign': 'middle', 'rotation': 0, 'scale': 1.0, 'casing': None, 'outline_color': [1.0, 1.0, 1.0, 1.0], 'outline_width': 0, 'animations': None}, {'type': 'text', 'text': 'Player 3:', 'number_grouping': True, 'font_size': 50, 'y': '35%', 'x': '40%', 'font_name': 'ratcage', '_default_settings': ['type', 'text', 'number_grouping', 'font_size', 'y', 'x', 'font_name'], 'anchor_x': 'center', 'anchor_y': 'center', 'round_anchor_x': None, 'round_anchor_y': None, 'opacity': 1.0, 'z': 0, 'reset_animations_events': {}, 'color': [1.0, 1.0, 1.0, 1.0], 'style': [], 'adjust_top': 0, 'adjust_bottom': 0, 'adjust_left': 0, 'adjust_right': 0, 'expire': None, 'key': None, 'widget': None, 'events_when_added': [], 'events_when_removed': [], 'bitmap_font': False, 'font_kerning': True, 'bold': False, 'italic': False, 'min_digits': 0, 'halign': 'center', 'valign': 'middle', 'rotation': 0, 'scale': 1.0, 'casing': None, 'outline_color': [1.0, 1.0, 1.0, 1.0], 'outline_width': 0, 'animations': None}, {'type': 'text', 'text': '(machine|player3_score)', 'number_grouping': True, 'min_digits': 2, 'font_size': 60, 'y': '35%', 'x': '60%', 'font_name': 'ratcage', '_default_settings': ['type', 'text', 'number_grouping', 'min_digits', 'font_size', 'y', 'x', 'font_name'], 'anchor_x': 'center', 'anchor_y': 'center', 'round_anchor_x': None, 'round_anchor_y': None, 'opacity': 1.0, 'z': 0, 'reset_animations_events': {}, 'color': [1.0, 1.0, 1.0, 1.0], 'style': [], 'adjust_top': 0, 'adjust_bottom': 0, 'adjust_left': 0, 'adjust_right': 0, 'expire': None, 'key': None, 'widget': None, 'events_when_added': [], 'events_when_removed': [], 'bitmap_font': False, 'font_kerning': True, 'bold': False, 'italic': False, 'halign': 'center', 'valign': 'middle', 'rotation': 0, 'scale': 1.0, 'casing': None, 'outline_color': [1.0, 1.0, 1.0, 1.0], 'outline_width': 0, 'animations': None}, {'type': 'text', 'text': 'Player 4:', 'number_grouping': True, 'font_size': 50, 'y': '25%', 'x': '40%', 'font_name': 'ratcage', '_default_settings': ['type', 'text', 'number_grouping', 'font_size', 'y', 'x', 'font_name'], 'anchor_x': 'center', 'anchor_y': 'center', 'round_anchor_x': None, 'round_anchor_y': None, 'opacity': 1.0, 'z': 0, 'reset_animations_events': {}, 'color': [1.0, 1.0, 1.0, 1.0], 'style': [], 'adjust_top': 0, 'adjust_bottom': 0, 'adjust_left': 0, 'adjust_right': 0, 'expire': None, 'key': None, 'widget': None, 'events_when_added': [], 'events_when_removed': [], 'bitmap_font': False, 'font_kerning': True, 'bold': False, 'italic': False, 'min_digits': 0, 'halign': 'center', 'valign': 'middle', 'rotation': 0, 'scale': 1.0, 'casing': None, 'outline_color': [1.0, 1.0, 1.0, 1.0], 'outline_width': 0, 'animations': None}, {'type': 'text', 'text': '(machine|player4_score)', 'number_grouping': True, 'min_digits': 2, 'font_size': 60, 'y': '25%', 'x': '60%', 'font_name': 'ratcage', '_default_settings': ['type', 'text', 'number_grouping', 'min_digits', 'font_size', 'y', 'x', 'font_name'], 'anchor_x': 'center', 'anchor_y': 'center', 'round_anchor_x': None, 'round_anchor_y': None, 'opacity': 1.0, 'z': 0, 'reset_animations_events': {}, 'color': [1.0, 1.0, 1.0, 1.0], 'style': [], 'adjust_top': 0, 'adjust_bottom': 0, 'adjust_left': 0, 'adjust_right': 0, 'expire': None, 'key': None, 'widget': None, 'events_when_added': [], 'events_when_removed': [], 'bitmap_font': False, 'font_kerning': True, 'bold': False, 'italic': False, 'halign': 'center', 'valign': 'middle', 'rotation': 0, 'scale': 1.0, 'casing': None, 'outline_color': [1.0, 1.0, 1.0, 1.0], 'outline_width': 0, 'animations': None}], 'transition': {'type': 'move_in', 'duration': 1.0, 'direction': 'right', 'easing': 'out_quad'}, 'target': None, 'background_color': [0.0, 0.0, 0.0, 1.0], 'priority': None, 'show': True, 'force': False, 'expire': None, 'slide': None, 'tokens': {}, 'action': 'play'}}, 'context': 'show_1', 'calling_context': 1, 'priority': 10, 'show_tokens': {}, 'start_time': 64184.39}
2025-09-19 14:56:36,381 : EventManager : Event: ======'slide_last_game_score_slide_removed'====== Args={}
2025-09-19 14:56:36,394 : EventManager : Event: ======'slide_last_game_score_slide_created'====== Args={}
2025-09-19 14:56:36,394 : EventManager : Unordered handler for class <Text Widget text=> on event machine_var_player4_score with priority 1. Handlers: [RegisteredHandler(callback=<bound method Text._machine_var_change of <Text Widget text=>>, priority=1, kwargs={}, key=UUID('71a380b2-a9de-41f0-8cbf-acf2f8da25aa'), condition=None, blocking_facility=None), RegisteredHandler(callback=<bound method Text._machine_var_change of <Text Widget text=>>, priority=1, kwargs={}, key=UUID('50bfb5a1-5736-44be-b045-a7822f8c543a'), condition=None, blocking_facility=None)]. The order of those handlers is not defined and they will be executed in random order. This might lead to race conditions and potential bugs.
2025-09-19 14:56:36,395 : EventManager : Unordered handler for class <Text Widget text=> on event machine_var_player3_score with priority 1. Handlers: [RegisteredHandler(callback=<bound method Text._machine_var_change of <Text Widget text=>>, priority=1, kwargs={}, key=UUID('1dbc9e7e-ce51-4cfe-a61d-f0e94bdf0f77'), condition=None, blocking_facility=None), RegisteredHandler(callback=<bound method Text._machine_var_change of <Text Widget text=>>, priority=1, kwargs={}, key=UUID('6a0c5a93-88cf-41f8-9a7c-92014315eee4'), condition=None, blocking_facility=None)]. The order of those handlers is not defined and they will be executed in random order. This might lead to race conditions and potential bugs.
2025-09-19 14:56:36,396 : EventManager : Unordered handler for class <Text Widget text=> on event machine_var_player2_score with priority 1. Handlers: [RegisteredHandler(callback=<bound method Text._machine_var_change of <Text Widget text=>>, priority=1, kwargs={}, key=UUID('8b2ea87c-bfaf-4dd4-b51b-a97ddeaab2b9'), condition=None, blocking_facility=None), RegisteredHandler(callback=<bound method Text._machine_var_change of <Text Widget text=>>, priority=1, kwargs={}, key=UUID('222c1d5d-8aa5-4b83-8ad9-46108749a521'), condition=None, blocking_facility=None)]. The order of those handlers is not defined and they will be executed in random order. This might lead to race conditions and potential bugs.
2025-09-19 14:56:36,396 : EventManager : Unordered handler for class <Text Widget text=140,190> on event machine_var_player1_score with priority 1. Handlers: [RegisteredHandler(callback=<bound method Text._machine_var_change of <Text Widget text=140,190>>, priority=1, kwargs={}, key=UUID('6972a4f3-7b91-4ad1-8eb8-7df18f446cea'), condition=None, blocking_facility=None), RegisteredHandler(callback=<bound method Text._machine_var_change of <Text Widget text=140,190>>, priority=1, kwargs={}, key=UUID('b73fcbb0-ed0c-436c-ad4e-ea85dbae1f55'), condition=None, blocking_facility=None)]. The order of those handlers is not defined and they will be executed in random order. This might lead to race conditions and potential bugs.
2025-09-19 14:56:36,400 : EventManager : Event: ======'slide_last_game_score_slide_active'====== Args={}
2025-09-19 14:56:41,390 : EventManager : Event: ======'slides_play'====== Args={'settings': {'press_start_slide': {'widgets': [{'type': 'text', 'text': 'Press Start Button', 'font_size': 128, 'color': [0.0, 0.5019607843137255, 0.0, 1], 'font_name': 'ratcage', '_default_settings': ['type', 'text', 'font_size', 'color', 'font_name'], 'x': None, 'y': None, 'anchor_x': 'center', 'anchor_y': 'center', 'round_anchor_x': None, 'round_anchor_y': None, 'opacity': 1.0, 'z': 0, 'reset_animations_events': {}, 'style': [], 'adjust_top': 0, 'adjust_bottom': 0, 'adjust_left': 0, 'adjust_right': 0, 'expire': None, 'key': None, 'widget': None, 'events_when_added': [], 'events_when_removed': [], 'bitmap_font': False, 'font_kerning': True, 'bold': False, 'italic': False, 'number_grouping': False, 'min_digits': 0, 'halign': 'center', 'valign': 'middle', 'rotation': 0, 'scale': 1.0, 'casing': None, 'outline_color': [1.0, 1.0, 1.0, 1.0], 'outline_width': 0, 'animations': None}], 'transition': {'type': 'move_in', 'duration': 1.0, 'direction': 'right', 'easing': 'out_quad'}, 'target': None, 'background_color': [0.0, 0.0, 0.0, 1.0], 'priority': None, 'show': True, 'force': False, 'expire': None, 'slide': None, 'tokens': {}, 'action': 'play'}}, 'context': 'show_1', 'calling_context': 0, 'priority': 10, 'show_tokens': {}, 'start_time': 64189.39}
2025-09-19 14:56:41,390 : EventManager : Event: ======'slide_press_start_slide_removed'====== Args={}
2025-09-19 14:56:41,394 : EventManager : Event: ======'slide_press_start_slide_created'====== Args={}
2025-09-19 14:56:41,395 : EventManager : Event: ======'slide_press_start_slide_active'====== Args={}
2025-09-19 14:56:46,390 : EventManager : Event: ======'slides_play'====== Args={'settings': {'last_game_score_slide': {'widgets': [{'type': 'text', 'text': 'Last Game Scores', 'font_size': 50, 'y': '75%', 'font_name': 'ratcage', '_default_settings': ['type', 'text', 'font_size', 'y', 'font_name'], 'x': None, 'anchor_x': 'center', 'anchor_y': 'center', 'round_anchor_x': None, 'round_anchor_y': None, 'opacity': 1.0, 'z': 0, 'reset_animations_events': {}, 'color': [1.0, 1.0, 1.0, 1.0], 'style': [], 'adjust_top': 0, 'adjust_bottom': 0, 'adjust_left': 0, 'adjust_right': 0, 'expire': None, 'key': None, 'widget': None, 'events_when_added': [], 'events_when_removed': [], 'bitmap_font': False, 'font_kerning': True, 'bold': False, 'italic': False, 'number_grouping': False, 'min_digits': 0, 'halign': 'center', 'valign': 'middle', 'rotation': 0, 'scale': 1.0, 'casing': None, 'outline_color': [1.0, 1.0, 1.0, 1.0], 'outline_width': 0, 'animations': None}, {'type': 'text', 'text': 'Player 1:', 'number_grouping': True, 'font_size': 50, 'y': '55%', 'x': '40%', 'font_name': 'ratcage', '_default_settings': ['type', 'text', 'number_grouping', 'font_size', 'y', 'x', 'font_name'], 'anchor_x': 'center', 'anchor_y': 'center', 'round_anchor_x': None, 'round_anchor_y': None, 'opacity': 1.0, 'z': 0, 'reset_animations_events': {}, 'color': [1.0, 1.0, 1.0, 1.0], 'style': [], 'adjust_top': 0, 'adjust_bottom': 0, 'adjust_left': 0, 'adjust_right': 0, 'expire': None, 'key': None, 'widget': None, 'events_when_added': [], 'events_when_removed': [], 'bitmap_font': False, 'font_kerning': True, 'bold': False, 'italic': False, 'min_digits': 0, 'halign': 'center', 'valign': 'middle', 'rotation': 0, 'scale': 1.0, 'casing': None, 'outline_color': [1.0, 1.0, 1.0, 1.0], 'outline_width': 0, 'animations': None}, {'type': 'text', 'text': '(machine|player1_score)', 'number_grouping': True, 'min_digits': 2, 'font_size': 60, 'y': '55%', 'x': '60%', 'font_name': 'ratcage', '_default_settings': ['type', 'text', 'number_grouping', 'min_digits', 'font_size', 'y', 'x', 'font_name'], 'anchor_x': 'center', 'anchor_y': 'center', 'round_anchor_x': None, 'round_anchor_y': None, 'opacity': 1.0, 'z': 0, 'reset_animations_events': {}, 'color': [1.0, 1.0, 1.0, 1.0], 'style': [], 'adjust_top': 0, 'adjust_bottom': 0, 'adjust_left': 0, 'adjust_right': 0, 'expire': None, 'key': None, 'widget': None, 'events_when_added': [], 'events_when_removed': [], 'bitmap_font': False, 'font_kerning': True, 'bold': False, 'italic': False, 'halign': 'center', 'valign': 'middle', 'rotation': 0, 'scale': 1.0, 'casing': None, 'outline_color': [1.0, 1.0, 1.0, 1.0], 'outline_width': 0, 'animations': None}, {'type': 'text', 'text': 'Player 2:', 'number_grouping': True, 'font_size': 50, 'y': '45%', 'x': '40%', 'font_name': 'ratcage', '_default_settings': ['type', 'text', 'number_grouping', 'font_size', 'y', 'x', 'font_name'], 'anchor_x': 'center', 'anchor_y': 'center', 'round_anchor_x': None, 'round_anchor_y': None, 'opacity': 1.0, 'z': 0, 'reset_animations_events': {}, 'color': [1.0, 1.0, 1.0, 1.0], 'style': [], 'adjust_top': 0, 'adjust_bottom': 0, 'adjust_left': 0, 'adjust_right': 0, 'expire': None, 'key': None, 'widget': None, 'events_when_added': [], 'events_when_removed': [], 'bitmap_font': False, 'font_kerning': True, 'bold': False, 'italic': False, 'min_digits': 0, 'halign': 'center', 'valign': 'middle', 'rotation': 0, 'scale': 1.0, 'casing': None, 'outline_color': [1.0, 1.0, 1.0, 1.0], 'outline_width': 0, 'animations': None}, {'type': 'text', 'text': '(machine|player2_score)', 'number_grouping': True, 'min_digits': 2, 'font_size': 60, 'y': '45%', 'x': '60%', 'font_name': 'ratcage', '_default_settings': ['type', 'text', 'number_grouping', 'min_digits', 'font_size', 'y', 'x', 'font_name'], 'anchor_x': 'center', 'anchor_y': 'center', 'round_anchor_x': None, 'round_anchor_y': None, 'opacity': 1.0, 'z': 0, 'reset_animations_events': {}, 'color': [1.0, 1.0, 1.0, 1.0], 'style': [], 'adjust_top': 0, 'adjust_bottom': 0, 'adjust_left': 0, 'adjust_right': 0, 'expire': None, 'key': None, 'widget': None, 'events_when_added': [], 'events_when_removed': [], 'bitmap_font': False, 'font_kerning': True, 'bold': False, 'italic': False, 'halign': 'center', 'valign': 'middle', 'rotation': 0, 'scale': 1.0, 'casing': None, 'outline_color': [1.0, 1.0, 1.0, 1.0], 'outline_width': 0, 'animations': None}, {'type': 'text', 'text': 'Player 3:', 'number_grouping': True, 'font_size': 50, 'y': '35%', 'x': '40%', 'font_name': 'ratcage', '_default_settings': ['type', 'text', 'number_grouping', 'font_size', 'y', 'x', 'font_name'], 'anchor_x': 'center', 'anchor_y': 'center', 'round_anchor_x': None, 'round_anchor_y': None, 'opacity': 1.0, 'z': 0, 'reset_animations_events': {}, 'color': [1.0, 1.0, 1.0, 1.0], 'style': [], 'adjust_top': 0, 'adjust_bottom': 0, 'adjust_left': 0, 'adjust_right': 0, 'expire': None, 'key': None, 'widget': None, 'events_when_added': [], 'events_when_removed': [], 'bitmap_font': False, 'font_kerning': True, 'bold': False, 'italic': False, 'min_digits': 0, 'halign': 'center', 'valign': 'middle', 'rotation': 0, 'scale': 1.0, 'casing': None, 'outline_color': [1.0, 1.0, 1.0, 1.0], 'outline_width': 0, 'animations': None}, {'type': 'text', 'text': '(machine|player3_score)', 'number_grouping': True, 'min_digits': 2, 'font_size': 60, 'y': '35%', 'x': '60%', 'font_name': 'ratcage', '_default_settings': ['type', 'text', 'number_grouping', 'min_digits', 'font_size', 'y', 'x', 'font_name'], 'anchor_x': 'center', 'anchor_y': 'center', 'round_anchor_x': None, 'round_anchor_y': None, 'opacity': 1.0, 'z': 0, 'reset_animations_events': {}, 'color': [1.0, 1.0, 1.0, 1.0], 'style': [], 'adjust_top': 0, 'adjust_bottom': 0, 'adjust_left': 0, 'adjust_right': 0, 'expire': None, 'key': None, 'widget': None, 'events_when_added': [], 'events_when_removed': [], 'bitmap_font': False, 'font_kerning': True, 'bold': False, 'italic': False, 'halign': 'center', 'valign': 'middle', 'rotation': 0, 'scale': 1.0, 'casing': None, 'outline_color': [1.0, 1.0, 1.0, 1.0], 'outline_width': 0, 'animations': None}, {'type': 'text', 'text': 'Player 4:', 'number_grouping': True, 'font_size': 50, 'y': '25%', 'x': '40%', 'font_name': 'ratcage', '_default_settings': ['type', 'text', 'number_grouping', 'font_size', 'y', 'x', 'font_name'], 'anchor_x': 'center', 'anchor_y': 'center', 'round_anchor_x': None, 'round_anchor_y': None, 'opacity': 1.0, 'z': 0, 'reset_animations_events': {}, 'color': [1.0, 1.0, 1.0, 1.0], 'style': [], 'adjust_top': 0, 'adjust_bottom': 0, 'adjust_left': 0, 'adjust_right': 0, 'expire': None, 'key': None, 'widget': None, 'events_when_added': [], 'events_when_removed': [], 'bitmap_font': False, 'font_kerning': True, 'bold': False, 'italic': False, 'min_digits': 0, 'halign': 'center', 'valign': 'middle', 'rotation': 0, 'scale': 1.0, 'casing': None, 'outline_color': [1.0, 1.0, 1.0, 1.0], 'outline_width': 0, 'animations': None}, {'type': 'text', 'text': '(machine|player4_score)', 'number_grouping': True, 'min_digits': 2, 'font_size': 60, 'y': '25%', 'x': '60%', 'font_name': 'ratcage', '_default_settings': ['type', 'text', 'number_grouping', 'min_digits', 'font_size', 'y', 'x', 'font_name'], 'anchor_x': 'center', 'anchor_y': 'center', 'round_anchor_x': None, 'round_anchor_y': None, 'opacity': 1.0, 'z': 0, 'reset_animations_events': {}, 'color': [1.0, 1.0, 1.0, 1.0], 'style': [], 'adjust_top': 0, 'adjust_bottom': 0, 'adjust_left': 0, 'adjust_right': 0, 'expire': None, 'key': None, 'widget': None, 'events_when_added': [], 'events_when_removed': [], 'bitmap_font': False, 'font_kerning': True, 'bold': False, 'italic': False, 'halign': 'center', 'valign': 'middle', 'rotation': 0, 'scale': 1.0, 'casing': None, 'outline_color': [1.0, 1.0, 1.0, 1.0], 'outline_width': 0, 'animations': None}], 'transition': {'type': 'move_in', 'duration': 1.0, 'direction': 'right', 'easing': 'out_quad'}, 'target': None, 'background_color': [0.0, 0.0, 0.0, 1.0], 'priority': None, 'show': True, 'force': False, 'expire': None, 'slide': None, 'tokens': {}, 'action': 'play'}}, 'context': 'show_1', 'calling_context': 1, 'priority': 10, 'show_tokens': {}, 'start_time': 64194.39}
2025-09-19 14:56:46,391 : EventManager : Event: ======'slide_last_game_score_slide_removed'====== Args={}
2025-09-19 14:56:46,403 : EventManager : Event: ======'slide_last_game_score_slide_created'====== Args={}
2025-09-19 14:56:46,404 : EventManager : Unordered handler for class <Text Widget text=> on event machine_var_player4_score with priority 1. Handlers: [RegisteredHandler(callback=<bound method Text._machine_var_change of <Text Widget text=>>, priority=1, kwargs={}, key=UUID('e9da6751-787b-4aa4-b141-1394e8b5c357'), condition=None, blocking_facility=None), RegisteredHandler(callback=<bound method Text._machine_var_change of <Text Widget text=>>, priority=1, kwargs={}, key=UUID('39f3e009-60c4-4837-a1bb-23963c0047a2'), condition=None, blocking_facility=None)]. The order of those handlers is not defined and they will be executed in random order. This might lead to race conditions and potential bugs.
2025-09-19 14:56:46,405 : EventManager : Unordered handler for class <Text Widget text=> on event machine_var_player3_score with priority 1. Handlers: [RegisteredHandler(callback=<bound method Text._machine_var_change of <Text Widget text=>>, priority=1, kwargs={}, key=UUID('e16864f7-b743-4574-84cd-a95808154c6e'), condition=None, blocking_facility=None), RegisteredHandler(callback=<bound method Text._machine_var_change of <Text Widget text=>>, priority=1, kwargs={}, key=UUID('a97b83cf-1899-401f-bf44-78543b273409'), condition=None, blocking_facility=None)]. The order of those handlers is not defined and they will be executed in random order. This might lead to race conditions and potential bugs.
2025-09-19 14:56:46,405 : EventManager : Unordered handler for class <Text Widget text=> on event machine_var_player2_score with priority 1. Handlers: [RegisteredHandler(callback=<bound method Text._machine_var_change of <Text Widget text=>>, priority=1, kwargs={}, key=UUID('0631ccb3-5a5e-482b-81fa-ef508c1ccd1b'), condition=None, blocking_facility=None), RegisteredHandler(callback=<bound method Text._machine_var_change of <Text Widget text=>>, priority=1, kwargs={}, key=UUID('6bd6f094-ed39-4ca4-af85-9011fa458d4c'), condition=None, blocking_facility=None)]. The order of those handlers is not defined and they will be executed in random order. This might lead to race conditions and potential bugs.
2025-09-19 14:56:46,407 : EventManager : Unordered handler for class <Text Widget text=140,190> on event machine_var_player1_score with priority 1. Handlers: [RegisteredHandler(callback=<bound method Text._machine_var_change of <Text Widget text=140,190>>, priority=1, kwargs={}, key=UUID('e7822523-dbfb-494c-81d3-7074fb2c61e3'), condition=None, blocking_facility=None), RegisteredHandler(callback=<bound method Text._machine_var_change of <Text Widget text=140,190>>, priority=1, kwargs={}, key=UUID('cc9ad121-afe9-4219-86a4-47057f2ad0ed'), condition=None, blocking_facility=None)]. The order of those handlers is not defined and they will be executed in random order. This might lead to race conditions and potential bugs.
2025-09-19 14:56:46,411 : EventManager : Event: ======'slide_last_game_score_slide_active'====== Args={}
2025-09-19 14:56:51,388 : EventManager : Event: ======'slides_play'====== Args={'settings': {'press_start_slide': {'widgets': [{'type': 'text', 'text': 'Press Start Button', 'font_size': 128, 'color': [0.0, 0.5019607843137255, 0.0, 1], 'font_name': 'ratcage', '_default_settings': ['type', 'text', 'font_size', 'color', 'font_name'], 'x': None, 'y': None, 'anchor_x': 'center', 'anchor_y': 'center', 'round_anchor_x': None, 'round_anchor_y': None, 'opacity': 1.0, 'z': 0, 'reset_animations_events': {}, 'style': [], 'adjust_top': 0, 'adjust_bottom': 0, 'adjust_left': 0, 'adjust_right': 0, 'expire': None, 'key': None, 'widget': None, 'events_when_added': [], 'events_when_removed': [], 'bitmap_font': False, 'font_kerning': True, 'bold': False, 'italic': False, 'number_grouping': False, 'min_digits': 0, 'halign': 'center', 'valign': 'middle', 'rotation': 0, 'scale': 1.0, 'casing': None, 'outline_color': [1.0, 1.0, 1.0, 1.0], 'outline_width': 0, 'animations': None}], 'transition': {'type': 'move_in', 'duration': 1.0, 'direction': 'right', 'easing': 'out_quad'}, 'target': None, 'background_color': [0.0, 0.0, 0.0, 1.0], 'priority': None, 'show': True, 'force': False, 'expire': None, 'slide': None, 'tokens': {}, 'action': 'play'}}, 'context': 'show_1', 'calling_context': 0, 'priority': 10, 'show_tokens': {}, 'start_time': 64199.39}
2025-09-19 14:56:51,388 : EventManager : Event: ======'slide_press_start_slide_removed'====== Args={}
2025-09-19 14:56:51,391 : EventManager : Event: ======'slide_press_start_slide_created'====== Args={}
2025-09-19 14:56:51,393 : EventManager : Event: ======'slide_press_start_slide_active'====== Args={}
2025-09-19 14:56:56,397 : EventManager : Event: ======'slides_play'====== Args={'settings': {'last_game_score_slide': {'widgets': [{'type': 'text', 'text': 'Last Game Scores', 'font_size': 50, 'y': '75%', 'font_name': 'ratcage', '_default_settings': ['type', 'text', 'font_size', 'y', 'font_name'], 'x': None, 'anchor_x': 'center', 'anchor_y': 'center', 'round_anchor_x': None, 'round_anchor_y': None, 'opacity': 1.0, 'z': 0, 'reset_animations_events': {}, 'color': [1.0, 1.0, 1.0, 1.0], 'style': [], 'adjust_top': 0, 'adjust_bottom': 0, 'adjust_left': 0, 'adjust_right': 0, 'expire': None, 'key': None, 'widget': None, 'events_when_added': [], 'events_when_removed': [], 'bitmap_font': False, 'font_kerning': True, 'bold': False, 'italic': False, 'number_grouping': False, 'min_digits': 0, 'halign': 'center', 'valign': 'middle', 'rotation': 0, 'scale': 1.0, 'casing': None, 'outline_color': [1.0, 1.0, 1.0, 1.0], 'outline_width': 0, 'animations': None}, {'type': 'text', 'text': 'Player 1:', 'number_grouping': True, 'font_size': 50, 'y': '55%', 'x': '40%', 'font_name': 'ratcage', '_default_settings': ['type', 'text', 'number_grouping', 'font_size', 'y', 'x', 'font_name'], 'anchor_x': 'center', 'anchor_y': 'center', 'round_anchor_x': None, 'round_anchor_y': None, 'opacity': 1.0, 'z': 0, 'reset_animations_events': {}, 'color': [1.0, 1.0, 1.0, 1.0], 'style': [], 'adjust_top': 0, 'adjust_bottom': 0, 'adjust_left': 0, 'adjust_right': 0, 'expire': None, 'key': None, 'widget': None, 'events_when_added': [], 'events_when_removed': [], 'bitmap_font': False, 'font_kerning': True, 'bold': False, 'italic': False, 'min_digits': 0, 'halign': 'center', 'valign': 'middle', 'rotation': 0, 'scale': 1.0, 'casing': None, 'outline_color': [1.0, 1.0, 1.0, 1.0], 'outline_width': 0, 'animations': None}, {'type': 'text', 'text': '(machine|player1_score)', 'number_grouping': True, 'min_digits': 2, 'font_size': 60, 'y': '55%', 'x': '60%', 'font_name': 'ratcage', '_default_settings': ['type', 'text', 'number_grouping', 'min_digits', 'font_size', 'y', 'x', 'font_name'], 'anchor_x': 'center', 'anchor_y': 'center', 'round_anchor_x': None, 'round_anchor_y': None, 'opacity': 1.0, 'z': 0, 'reset_animations_events': {}, 'color': [1.0, 1.0, 1.0, 1.0], 'style': [], 'adjust_top': 0, 'adjust_bottom': 0, 'adjust_left': 0, 'adjust_right': 0, 'expire': None, 'key': None, 'widget': None, 'events_when_added': [], 'events_when_removed': [], 'bitmap_font': False, 'font_kerning': True, 'bold': False, 'italic': False, 'halign': 'center', 'valign': 'middle', 'rotation': 0, 'scale': 1.0, 'casing': None, 'outline_color': [1.0, 1.0, 1.0, 1.0], 'outline_width': 0, 'animations': None}, {'type': 'text', 'text': 'Player 2:', 'number_grouping': True, 'font_size': 50, 'y': '45%', 'x': '40%', 'font_name': 'ratcage', '_default_settings': ['type', 'text', 'number_grouping', 'font_size', 'y', 'x', 'font_name'], 'anchor_x': 'center', 'anchor_y': 'center', 'round_anchor_x': None, 'round_anchor_y': None, 'opacity': 1.0, 'z': 0, 'reset_animations_events': {}, 'color': [1.0, 1.0, 1.0, 1.0], 'style': [], 'adjust_top': 0, 'adjust_bottom': 0, 'adjust_left': 0, 'adjust_right': 0, 'expire': None, 'key': None, 'widget': None, 'events_when_added': [], 'events_when_removed': [], 'bitmap_font': False, 'font_kerning': True, 'bold': False, 'italic': False, 'min_digits': 0, 'halign': 'center', 'valign': 'middle', 'rotation': 0, 'scale': 1.0, 'casing': None, 'outline_color': [1.0, 1.0, 1.0, 1.0], 'outline_width': 0, 'animations': None}, {'type': 'text', 'text': '(machine|player2_score)', 'number_grouping': True, 'min_digits': 2, 'font_size': 60, 'y': '45%', 'x': '60%', 'font_name': 'ratcage', '_default_settings': ['type', 'text', 'number_grouping', 'min_digits', 'font_size', 'y', 'x', 'font_name'], 'anchor_x': 'center', 'anchor_y': 'center', 'round_anchor_x': None, 'round_anchor_y': None, 'opacity': 1.0, 'z': 0, 'reset_animations_events': {}, 'color': [1.0, 1.0, 1.0, 1.0], 'style': [], 'adjust_top': 0, 'adjust_bottom': 0, 'adjust_left': 0, 'adjust_right': 0, 'expire': None, 'key': None, 'widget': None, 'events_when_added': [], 'events_when_removed': [], 'bitmap_font': False, 'font_kerning': True, 'bold': False, 'italic': False, 'halign': 'center', 'valign': 'middle', 'rotation': 0, 'scale': 1.0, 'casing': None, 'outline_color': [1.0, 1.0, 1.0, 1.0], 'outline_width': 0, 'animations': None}, {'type': 'text', 'text': 'Player 3:', 'number_grouping': True, 'font_size': 50, 'y': '35%', 'x': '40%', 'font_name': 'ratcage', '_default_settings': ['type', 'text', 'number_grouping', 'font_size', 'y', 'x', 'font_name'], 'anchor_x': 'center', 'anchor_y': 'center', 'round_anchor_x': None, 'round_anchor_y': None, 'opacity': 1.0, 'z': 0, 'reset_animations_events': {}, 'color': [1.0, 1.0, 1.0, 1.0], 'style': [], 'adjust_top': 0, 'adjust_bottom': 0, 'adjust_left': 0, 'adjust_right': 0, 'expire': None, 'key': None, 'widget': None, 'events_when_added': [], 'events_when_removed': [], 'bitmap_font': False, 'font_kerning': True, 'bold': False, 'italic': False, 'min_digits': 0, 'halign': 'center', 'valign': 'middle', 'rotation': 0, 'scale': 1.0, 'casing': None, 'outline_color': [1.0, 1.0, 1.0, 1.0], 'outline_width': 0, 'animations': None}, {'type': 'text', 'text': '(machine|player3_score)', 'number_grouping': True, 'min_digits': 2, 'font_size': 60, 'y': '35%', 'x': '60%', 'font_name': 'ratcage', '_default_settings': ['type', 'text', 'number_grouping', 'min_digits', 'font_size', 'y', 'x', 'font_name'], 'anchor_x': 'center', 'anchor_y': 'center', 'round_anchor_x': None, 'round_anchor_y': None, 'opacity': 1.0, 'z': 0, 'reset_animations_events': {}, 'color': [1.0, 1.0, 1.0, 1.0], 'style': [], 'adjust_top': 0, 'adjust_bottom': 0, 'adjust_left': 0, 'adjust_right': 0, 'expire': None, 'key': None, 'widget': None, 'events_when_added': [], 'events_when_removed': [], 'bitmap_font': False, 'font_kerning': True, 'bold': False, 'italic': False, 'halign': 'center', 'valign': 'middle', 'rotation': 0, 'scale': 1.0, 'casing': None, 'outline_color': [1.0, 1.0, 1.0, 1.0], 'outline_width': 0, 'animations': None}, {'type': 'text', 'text': 'Player 4:', 'number_grouping': True, 'font_size': 50, 'y': '25%', 'x': '40%', 'font_name': 'ratcage', '_default_settings': ['type', 'text', 'number_grouping', 'font_size', 'y', 'x', 'font_name'], 'anchor_x': 'center', 'anchor_y': 'center', 'round_anchor_x': None, 'round_anchor_y': None, 'opacity': 1.0, 'z': 0, 'reset_animations_events': {}, 'color': [1.0, 1.0, 1.0, 1.0], 'style': [], 'adjust_top': 0, 'adjust_bottom': 0, 'adjust_left': 0, 'adjust_right': 0, 'expire': None, 'key': None, 'widget': None, 'events_when_added': [], 'events_when_removed': [], 'bitmap_font': False, 'font_kerning': True, 'bold': False, 'italic': False, 'min_digits': 0, 'halign': 'center', 'valign': 'middle', 'rotation': 0, 'scale': 1.0, 'casing': None, 'outline_color': [1.0, 1.0, 1.0, 1.0], 'outline_width': 0, 'animations': None}, {'type': 'text', 'text': '(machine|player4_score)', 'number_grouping': True, 'min_digits': 2, 'font_size': 60, 'y': '25%', 'x': '60%', 'font_name': 'ratcage', '_default_settings': ['type', 'text', 'number_grouping', 'min_digits', 'font_size', 'y', 'x', 'font_name'], 'anchor_x': 'center', 'anchor_y': 'center', 'round_anchor_x': None, 'round_anchor_y': None, 'opacity': 1.0, 'z': 0, 'reset_animations_events': {}, 'color': [1.0, 1.0, 1.0, 1.0], 'style': [], 'adjust_top': 0, 'adjust_bottom': 0, 'adjust_left': 0, 'adjust_right': 0, 'expire': None, 'key': None, 'widget': None, 'events_when_added': [], 'events_when_removed': [], 'bitmap_font': False, 'font_kerning': True, 'bold': False, 'italic': False, 'halign': 'center', 'valign': 'middle', 'rotation': 0, 'scale': 1.0, 'casing': None, 'outline_color': [1.0, 1.0, 1.0, 1.0], 'outline_width': 0, 'animations': None}], 'transition': {'type': 'move_in', 'duration': 1.0, 'direction': 'right', 'easing': 'out_quad'}, 'target': None, 'background_color': [0.0, 0.0, 0.0, 1.0], 'priority': None, 'show': True, 'force': False, 'expire': None, 'slide': None, 'tokens': {}, 'action': 'play'}}, 'context': 'show_1', 'calling_context': 1, 'priority': 10, 'show_tokens': {}, 'start_time': 64204.39}
2025-09-19 14:56:56,398 : EventManager : Event: ======'slide_last_game_score_slide_removed'====== Args={}
2025-09-19 14:56:56,411 : EventManager : Event: ======'slide_last_game_score_slide_created'====== Args={}
2025-09-19 14:56:56,411 : EventManager : Unordered handler for class <Text Widget text=> on event machine_var_player4_score with priority 1. Handlers: [RegisteredHandler(callback=<bound method Text._machine_var_change of <Text Widget text=>>, priority=1, kwargs={}, key=UUID('422c1b82-2df8-4853-891d-fd5d14d9d9c0'), condition=None, blocking_facility=None), RegisteredHandler(callback=<bound method Text._machine_var_change of <Text Widget text=>>, priority=1, kwargs={}, key=UUID('bd67b8de-203e-469c-b288-d27ed8f60bcc'), condition=None, blocking_facility=None)]. The order of those handlers is not defined and they will be executed in random order. This might lead to race conditions and potential bugs.
2025-09-19 14:56:56,412 : EventManager : Unordered handler for class <Text Widget text=> on event machine_var_player3_score with priority 1. Handlers: [RegisteredHandler(callback=<bound method Text._machine_var_change of <Text Widget text=>>, priority=1, kwargs={}, key=UUID('c5c53e67-9f1f-4428-9bc1-949fe8397144'), condition=None, blocking_facility=None), RegisteredHandler(callback=<bound method Text._machine_var_change of <Text Widget text=>>, priority=1, kwargs={}, key=UUID('3018f61f-0505-4ecd-85da-8aac46f26ac3'), condition=None, blocking_facility=None)]. The order of those handlers is not defined and they will be executed in random order. This might lead to race conditions and potential bugs.
2025-09-19 14:56:56,413 : EventManager : Unordered handler for class <Text Widget text=> on event machine_var_player2_score with priority 1. Handlers: [RegisteredHandler(callback=<bound method Text._machine_var_change of <Text Widget text=>>, priority=1, kwargs={}, key=UUID('9378d9ea-0d16-4c1b-b3d8-63ce5837ec45'), condition=None, blocking_facility=None), RegisteredHandler(callback=<bound method Text._machine_var_change of <Text Widget text=>>, priority=1, kwargs={}, key=UUID('17e718b5-420c-4df8-8b7e-137aa79f43a7'), condition=None, blocking_facility=None)]. The order of those handlers is not defined and they will be executed in random order. This might lead to race conditions and potential bugs.
2025-09-19 14:56:56,413 : EventManager : Unordered handler for class <Text Widget text=140,190> on event machine_var_player1_score with priority 1. Handlers: [RegisteredHandler(callback=<bound method Text._machine_var_change of <Text Widget text=140,190>>, priority=1, kwargs={}, key=UUID('b5252df2-adaf-4ea5-881f-dc8a5c071ced'), condition=None, blocking_facility=None), RegisteredHandler(callback=<bound method Text._machine_var_change of <Text Widget text=140,190>>, priority=1, kwargs={}, key=UUID('383fb712-3847-4eac-984e-fd9640dc3424'), condition=None, blocking_facility=None)]. The order of those handlers is not defined and they will be executed in random order. This might lead to race conditions and potential bugs.
2025-09-19 14:56:56,417 : EventManager : Event: ======'slide_last_game_score_slide_active'====== Args={}
2025-09-19 14:57:01,397 : EventManager : Event: ======'slides_play'====== Args={'settings': {'press_start_slide': {'widgets': [{'type': 'text', 'text': 'Press Start Button', 'font_size': 128, 'color': [0.0, 0.5019607843137255, 0.0, 1], 'font_name': 'ratcage', '_default_settings': ['type', 'text', 'font_size', 'color', 'font_name'], 'x': None, 'y': None, 'anchor_x': 'center', 'anchor_y': 'center', 'round_anchor_x': None, 'round_anchor_y': None, 'opacity': 1.0, 'z': 0, 'reset_animations_events': {}, 'style': [], 'adjust_top': 0, 'adjust_bottom': 0, 'adjust_left': 0, 'adjust_right': 0, 'expire': None, 'key': None, 'widget': None, 'events_when_added': [], 'events_when_removed': [], 'bitmap_font': False, 'font_kerning': True, 'bold': False, 'italic': False, 'number_grouping': False, 'min_digits': 0, 'halign': 'center', 'valign': 'middle', 'rotation': 0, 'scale': 1.0, 'casing': None, 'outline_color': [1.0, 1.0, 1.0, 1.0], 'outline_width': 0, 'animations': None}], 'transition': {'type': 'move_in', 'duration': 1.0, 'direction': 'right', 'easing': 'out_quad'}, 'target': None, 'background_color': [0.0, 0.0, 0.0, 1.0], 'priority': None, 'show': True, 'force': False, 'expire': None, 'slide': None, 'tokens': {}, 'action': 'play'}}, 'context': 'show_1', 'calling_context': 0, 'priority': 10, 'show_tokens': {}, 'start_time': 64209.39}
2025-09-19 14:57:01,397 : EventManager : Event: ======'slide_press_start_slide_removed'====== Args={}
2025-09-19 14:57:01,399 : EventManager : Event: ======'slide_press_start_slide_created'====== Args={}
2025-09-19 14:57:01,401 : EventManager : Event: ======'slide_press_start_slide_active'====== Args={}
2025-09-19 14:57:06,375 : EventManager : Event: ======'slides_play'====== Args={'settings': {'last_game_score_slide': {'widgets': [{'type': 'text', 'text': 'Last Game Scores', 'font_size': 50, 'y': '75%', 'font_name': 'ratcage', '_default_settings': ['type', 'text', 'font_size', 'y', 'font_name'], 'x': None, 'anchor_x': 'center', 'anchor_y': 'center', 'round_anchor_x': None, 'round_anchor_y': None, 'opacity': 1.0, 'z': 0, 'reset_animations_events': {}, 'color': [1.0, 1.0, 1.0, 1.0], 'style': [], 'adjust_top': 0, 'adjust_bottom': 0, 'adjust_left': 0, 'adjust_right': 0, 'expire': None, 'key': None, 'widget': None, 'events_when_added': [], 'events_when_removed': [], 'bitmap_font': False, 'font_kerning': True, 'bold': False, 'italic': False, 'number_grouping': False, 'min_digits': 0, 'halign': 'center', 'valign': 'middle', 'rotation': 0, 'scale': 1.0, 'casing': None, 'outline_color': [1.0, 1.0, 1.0, 1.0], 'outline_width': 0, 'animations': None}, {'type': 'text', 'text': 'Player 1:', 'number_grouping': True, 'font_size': 50, 'y': '55%', 'x': '40%', 'font_name': 'ratcage', '_default_settings': ['type', 'text', 'number_grouping', 'font_size', 'y', 'x', 'font_name'], 'anchor_x': 'center', 'anchor_y': 'center', 'round_anchor_x': None, 'round_anchor_y': None, 'opacity': 1.0, 'z': 0, 'reset_animations_events': {}, 'color': [1.0, 1.0, 1.0, 1.0], 'style': [], 'adjust_top': 0, 'adjust_bottom': 0, 'adjust_left': 0, 'adjust_right': 0, 'expire': None, 'key': None, 'widget': None, 'events_when_added': [], 'events_when_removed': [], 'bitmap_font': False, 'font_kerning': True, 'bold': False, 'italic': False, 'min_digits': 0, 'halign': 'center', 'valign': 'middle', 'rotation': 0, 'scale': 1.0, 'casing': None, 'outline_color': [1.0, 1.0, 1.0, 1.0], 'outline_width': 0, 'animations': None}, {'type': 'text', 'text': '(machine|player1_score)', 'number_grouping': True, 'min_digits': 2, 'font_size': 60, 'y': '55%', 'x': '60%', 'font_name': 'ratcage', '_default_settings': ['type', 'text', 'number_grouping', 'min_digits', 'font_size', 'y', 'x', 'font_name'], 'anchor_x': 'center', 'anchor_y': 'center', 'round_anchor_x': None, 'round_anchor_y': None, 'opacity': 1.0, 'z': 0, 'reset_animations_events': {}, 'color': [1.0, 1.0, 1.0, 1.0], 'style': [], 'adjust_top': 0, 'adjust_bottom': 0, 'adjust_left': 0, 'adjust_right': 0, 'expire': None, 'key': None, 'widget': None, 'events_when_added': [], 'events_when_removed': [], 'bitmap_font': False, 'font_kerning': True, 'bold': False, 'italic': False, 'halign': 'center', 'valign': 'middle', 'rotation': 0, 'scale': 1.0, 'casing': None, 'outline_color': [1.0, 1.0, 1.0, 1.0], 'outline_width': 0, 'animations': None}, {'type': 'text', 'text': 'Player 2:', 'number_grouping': True, 'font_size': 50, 'y': '45%', 'x': '40%', 'font_name': 'ratcage', '_default_settings': ['type', 'text', 'number_grouping', 'font_size', 'y', 'x', 'font_name'], 'anchor_x': 'center', 'anchor_y': 'center', 'round_anchor_x': None, 'round_anchor_y': None, 'opacity': 1.0, 'z': 0, 'reset_animations_events': {}, 'color': [1.0, 1.0, 1.0, 1.0], 'style': [], 'adjust_top': 0, 'adjust_bottom': 0, 'adjust_left': 0, 'adjust_right': 0, 'expire': None, 'key': None, 'widget': None, 'events_when_added': [], 'events_when_removed': [], 'bitmap_font': False, 'font_kerning': True, 'bold': False, 'italic': False, 'min_digits': 0, 'halign': 'center', 'valign': 'middle', 'rotation': 0, 'scale': 1.0, 'casing': None, 'outline_color': [1.0, 1.0, 1.0, 1.0], 'outline_width': 0, 'animations': None}, {'type': 'text', 'text': '(machine|player2_score)', 'number_grouping': True, 'min_digits': 2, 'font_size': 60, 'y': '45%', 'x': '60%', 'font_name': 'ratcage', '_default_settings': ['type', 'text', 'number_grouping', 'min_digits', 'font_size', 'y', 'x', 'font_name'], 'anchor_x': 'center', 'anchor_y': 'center', 'round_anchor_x': None, 'round_anchor_y': None, 'opacity': 1.0, 'z': 0, 'reset_animations_events': {}, 'color': [1.0, 1.0, 1.0, 1.0], 'style': [], 'adjust_top': 0, 'adjust_bottom': 0, 'adjust_left': 0, 'adjust_right': 0, 'expire': None, 'key': None, 'widget': None, 'events_when_added': [], 'events_when_removed': [], 'bitmap_font': False, 'font_kerning': True, 'bold': False, 'italic': False, 'halign': 'center', 'valign': 'middle', 'rotation': 0, 'scale': 1.0, 'casing': None, 'outline_color': [1.0, 1.0, 1.0, 1.0], 'outline_width': 0, 'animations': None}, {'type': 'text', 'text': 'Player 3:', 'number_grouping': True, 'font_size': 50, 'y': '35%', 'x': '40%', 'font_name': 'ratcage', '_default_settings': ['type', 'text', 'number_grouping', 'font_size', 'y', 'x', 'font_name'], 'anchor_x': 'center', 'anchor_y': 'center', 'round_anchor_x': None, 'round_anchor_y': None, 'opacity': 1.0, 'z': 0, 'reset_animations_events': {}, 'color': [1.0, 1.0, 1.0, 1.0], 'style': [], 'adjust_top': 0, 'adjust_bottom': 0, 'adjust_left': 0, 'adjust_right': 0, 'expire': None, 'key': None, 'widget': None, 'events_when_added': [], 'events_when_removed': [], 'bitmap_font': False, 'font_kerning': True, 'bold': False, 'italic': False, 'min_digits': 0, 'halign': 'center', 'valign': 'middle', 'rotation': 0, 'scale': 1.0, 'casing': None, 'outline_color': [1.0, 1.0, 1.0, 1.0], 'outline_width': 0, 'animations': None}, {'type': 'text', 'text': '(machine|player3_score)', 'number_grouping': True, 'min_digits': 2, 'font_size': 60, 'y': '35%', 'x': '60%', 'font_name': 'ratcage', '_default_settings': ['type', 'text', 'number_grouping', 'min_digits', 'font_size', 'y', 'x', 'font_name'], 'anchor_x': 'center', 'anchor_y': 'center', 'round_anchor_x': None, 'round_anchor_y': None, 'opacity': 1.0, 'z': 0, 'reset_animations_events': {}, 'color': [1.0, 1.0, 1.0, 1.0], 'style': [], 'adjust_top': 0, 'adjust_bottom': 0, 'adjust_left': 0, 'adjust_right': 0, 'expire': None, 'key': None, 'widget': None, 'events_when_added': [], 'events_when_removed': [], 'bitmap_font': False, 'font_kerning': True, 'bold': False, 'italic': False, 'halign': 'center', 'valign': 'middle', 'rotation': 0, 'scale': 1.0, 'casing': None, 'outline_color': [1.0, 1.0, 1.0, 1.0], 'outline_width': 0, 'animations': None}, {'type': 'text', 'text': 'Player 4:', 'number_grouping': True, 'font_size': 50, 'y': '25%', 'x': '40%', 'font_name': 'ratcage', '_default_settings': ['type', 'text', 'number_grouping', 'font_size', 'y', 'x', 'font_name'], 'anchor_x': 'center', 'anchor_y': 'center', 'round_anchor_x': None, 'round_anchor_y': None, 'opacity': 1.0, 'z': 0, 'reset_animations_events': {}, 'color': [1.0, 1.0, 1.0, 1.0], 'style': [], 'adjust_top': 0, 'adjust_bottom': 0, 'adjust_left': 0, 'adjust_right': 0, 'expire': None, 'key': None, 'widget': None, 'events_when_added': [], 'events_when_removed': [], 'bitmap_font': False, 'font_kerning': True, 'bold': False, 'italic': False, 'min_digits': 0, 'halign': 'center', 'valign': 'middle', 'rotation': 0, 'scale': 1.0, 'casing': None, 'outline_color': [1.0, 1.0, 1.0, 1.0], 'outline_width': 0, 'animations': None}, {'type': 'text', 'text': '(machine|player4_score)', 'number_grouping': True, 'min_digits': 2, 'font_size': 60, 'y': '25%', 'x': '60%', 'font_name': 'ratcage', '_default_settings': ['type', 'text', 'number_grouping', 'min_digits', 'font_size', 'y', 'x', 'font_name'], 'anchor_x': 'center', 'anchor_y': 'center', 'round_anchor_x': None, 'round_anchor_y': None, 'opacity': 1.0, 'z': 0, 'reset_animations_events': {}, 'color': [1.0, 1.0, 1.0, 1.0], 'style': [], 'adjust_top': 0, 'adjust_bottom': 0, 'adjust_left': 0, 'adjust_right': 0, 'expire': None, 'key': None, 'widget': None, 'events_when_added': [], 'events_when_removed': [], 'bitmap_font': False, 'font_kerning': True, 'bold': False, 'italic': False, 'halign': 'center', 'valign': 'middle', 'rotation': 0, 'scale': 1.0, 'casing': None, 'outline_color': [1.0, 1.0, 1.0, 1.0], 'outline_width': 0, 'animations': None}], 'transition': {'type': 'move_in', 'duration': 1.0, 'direction': 'right', 'easing': 'out_quad'}, 'target': None, 'background_color': [0.0, 0.0, 0.0, 1.0], 'priority': None, 'show': True, 'force': False, 'expire': None, 'slide': None, 'tokens': {}, 'action': 'play'}}, 'context': 'show_1', 'calling_context': 1, 'priority': 10, 'show_tokens': {}, 'start_time': 64214.39}
2025-09-19 14:57:06,376 : EventManager : Event: ======'slide_last_game_score_slide_removed'====== Args={}
2025-09-19 14:57:06,390 : EventManager : Event: ======'slide_last_game_score_slide_created'====== Args={}
2025-09-19 14:57:06,390 : EventManager : Unordered handler for class <Text Widget text=> on event machine_var_player4_score with priority 1. Handlers: [RegisteredHandler(callback=<bound method Text._machine_var_change of <Text Widget text=>>, priority=1, kwargs={}, key=UUID('154ff4eb-300d-4552-81e0-364140695b0d'), condition=None, blocking_facility=None), RegisteredHandler(callback=<bound method Text._machine_var_change of <Text Widget text=>>, priority=1, kwargs={}, key=UUID('c89f302e-6770-49df-aa55-2f68cf61375c'), condition=None, blocking_facility=None)]. The order of those handlers is not defined and they will be executed in random order. This might lead to race conditions and potential bugs.
2025-09-19 14:57:06,391 : EventManager : Unordered handler for class <Text Widget text=> on event machine_var_player3_score with priority 1. Handlers: [RegisteredHandler(callback=<bound method Text._machine_var_change of <Text Widget text=>>, priority=1, kwargs={}, key=UUID('95f94dd1-e4c7-4fbd-9f8d-df2192323c0e'), condition=None, blocking_facility=None), RegisteredHandler(callback=<bound method Text._machine_var_change of <Text Widget text=>>, priority=1, kwargs={}, key=UUID('28c05903-fea8-4eac-8333-1a92af81c6f1'), condition=None, blocking_facility=None)]. The order of those handlers is not defined and they will be executed in random order. This might lead to race conditions and potential bugs.
2025-09-19 14:57:06,392 : EventManager : Unordered handler for class <Text Widget text=> on event machine_var_player2_score with priority 1. Handlers: [RegisteredHandler(callback=<bound method Text._machine_var_change of <Text Widget text=>>, priority=1, kwargs={}, key=UUID('694841da-81f0-4ec7-bf4e-9da8190efb91'), condition=None, blocking_facility=None), RegisteredHandler(callback=<bound method Text._machine_var_change of <Text Widget text=>>, priority=1, kwargs={}, key=UUID('c0c8e312-d59f-45d3-b57f-78d1f412c110'), condition=None, blocking_facility=None)]. The order of those handlers is not defined and they will be executed in random order. This might lead to race conditions and potential bugs.
2025-09-19 14:57:06,392 : EventManager : Unordered handler for class <Text Widget text=140,190> on event machine_var_player1_score with priority 1. Handlers: [RegisteredHandler(callback=<bound method Text._machine_var_change of <Text Widget text=140,190>>, priority=1, kwargs={}, key=UUID('5698e870-0c33-4ebd-9e6f-2e850f489bba'), condition=None, blocking_facility=None), RegisteredHandler(callback=<bound method Text._machine_var_change of <Text Widget text=140,190>>, priority=1, kwargs={}, key=UUID('caf0fa23-1355-4f25-9d25-a75f3fbd9d99'), condition=None, blocking_facility=None)]. The order of those handlers is not defined and they will be executed in random order. This might lead to race conditions and potential bugs.
2025-09-19 14:57:06,396 : EventManager : Event: ======'slide_last_game_score_slide_active'====== Args={}
2025-09-19 14:57:11,387 : EventManager : Event: ======'slides_play'====== Args={'settings': {'press_start_slide': {'widgets': [{'type': 'text', 'text': 'Press Start Button', 'font_size': 128, 'color': [0.0, 0.5019607843137255, 0.0, 1], 'font_name': 'ratcage', '_default_settings': ['type', 'text', 'font_size', 'color', 'font_name'], 'x': None, 'y': None, 'anchor_x': 'center', 'anchor_y': 'center', 'round_anchor_x': None, 'round_anchor_y': None, 'opacity': 1.0, 'z': 0, 'reset_animations_events': {}, 'style': [], 'adjust_top': 0, 'adjust_bottom': 0, 'adjust_left': 0, 'adjust_right': 0, 'expire': None, 'key': None, 'widget': None, 'events_when_added': [], 'events_when_removed': [], 'bitmap_font': False, 'font_kerning': True, 'bold': False, 'italic': False, 'number_grouping': False, 'min_digits': 0, 'halign': 'center', 'valign': 'middle', 'rotation': 0, 'scale': 1.0, 'casing': None, 'outline_color': [1.0, 1.0, 1.0, 1.0], 'outline_width': 0, 'animations': None}], 'transition': {'type': 'move_in', 'duration': 1.0, 'direction': 'right', 'easing': 'out_quad'}, 'target': None, 'background_color': [0.0, 0.0, 0.0, 1.0], 'priority': None, 'show': True, 'force': False, 'expire': None, 'slide': None, 'tokens': {}, 'action': 'play'}}, 'context': 'show_1', 'calling_context': 0, 'priority': 10, 'show_tokens': {}, 'start_time': 64219.39}
2025-09-19 14:57:11,387 : EventManager : Event: ======'slide_press_start_slide_removed'====== Args={}
2025-09-19 14:57:11,389 : EventManager : Event: ======'slide_press_start_slide_created'====== Args={}
2025-09-19 14:57:11,391 : EventManager : Event: ======'slide_press_start_slide_active'====== Args={}
2025-09-19 14:57:16,397 : EventManager : Event: ======'slides_play'====== Args={'settings': {'last_game_score_slide': {'widgets': [{'type': 'text', 'text': 'Last Game Scores', 'font_size': 50, 'y': '75%', 'font_name': 'ratcage', '_default_settings': ['type', 'text', 'font_size', 'y', 'font_name'], 'x': None, 'anchor_x': 'center', 'anchor_y': 'center', 'round_anchor_x': None, 'round_anchor_y': None, 'opacity': 1.0, 'z': 0, 'reset_animations_events': {}, 'color': [1.0, 1.0, 1.0, 1.0], 'style': [], 'adjust_top': 0, 'adjust_bottom': 0, 'adjust_left': 0, 'adjust_right': 0, 'expire': None, 'key': None, 'widget': None, 'events_when_added': [], 'events_when_removed': [], 'bitmap_font': False, 'font_kerning': True, 'bold': False, 'italic': False, 'number_grouping': False, 'min_digits': 0, 'halign': 'center', 'valign': 'middle', 'rotation': 0, 'scale': 1.0, 'casing': None, 'outline_color': [1.0, 1.0, 1.0, 1.0], 'outline_width': 0, 'animations': None}, {'type': 'text', 'text': 'Player 1:', 'number_grouping': True, 'font_size': 50, 'y': '55%', 'x': '40%', 'font_name': 'ratcage', '_default_settings': ['type', 'text', 'number_grouping', 'font_size', 'y', 'x', 'font_name'], 'anchor_x': 'center', 'anchor_y': 'center', 'round_anchor_x': None, 'round_anchor_y': None, 'opacity': 1.0, 'z': 0, 'reset_animations_events': {}, 'color': [1.0, 1.0, 1.0, 1.0], 'style': [], 'adjust_top': 0, 'adjust_bottom': 0, 'adjust_left': 0, 'adjust_right': 0, 'expire': None, 'key': None, 'widget': None, 'events_when_added': [], 'events_when_removed': [], 'bitmap_font': False, 'font_kerning': True, 'bold': False, 'italic': False, 'min_digits': 0, 'halign': 'center', 'valign': 'middle', 'rotation': 0, 'scale': 1.0, 'casing': None, 'outline_color': [1.0, 1.0, 1.0, 1.0], 'outline_width': 0, 'animations': None}, {'type': 'text', 'text': '(machine|player1_score)', 'number_grouping': True, 'min_digits': 2, 'font_size': 60, 'y': '55%', 'x': '60%', 'font_name': 'ratcage', '_default_settings': ['type', 'text', 'number_grouping', 'min_digits', 'font_size', 'y', 'x', 'font_name'], 'anchor_x': 'center', 'anchor_y': 'center', 'round_anchor_x': None, 'round_anchor_y': None, 'opacity': 1.0, 'z': 0, 'reset_animations_events': {}, 'color': [1.0, 1.0, 1.0, 1.0], 'style': [], 'adjust_top': 0, 'adjust_bottom': 0, 'adjust_left': 0, 'adjust_right': 0, 'expire': None, 'key': None, 'widget': None, 'events_when_added': [], 'events_when_removed': [], 'bitmap_font': False, 'font_kerning': True, 'bold': False, 'italic': False, 'halign': 'center', 'valign': 'middle', 'rotation': 0, 'scale': 1.0, 'casing': None, 'outline_color': [1.0, 1.0, 1.0, 1.0], 'outline_width': 0, 'animations': None}, {'type': 'text', 'text': 'Player 2:', 'number_grouping': True, 'font_size': 50, 'y': '45%', 'x': '40%', 'font_name': 'ratcage', '_default_settings': ['type', 'text', 'number_grouping', 'font_size', 'y', 'x', 'font_name'], 'anchor_x': 'center', 'anchor_y': 'center', 'round_anchor_x': None, 'round_anchor_y': None, 'opacity': 1.0, 'z': 0, 'reset_animations_events': {}, 'color': [1.0, 1.0, 1.0, 1.0], 'style': [], 'adjust_top': 0, 'adjust_bottom': 0, 'adjust_left': 0, 'adjust_right': 0, 'expire': None, 'key': None, 'widget': None, 'events_when_added': [], 'events_when_removed': [], 'bitmap_font': False, 'font_kerning': True, 'bold': False, 'italic': False, 'min_digits': 0, 'halign': 'center', 'valign': 'middle', 'rotation': 0, 'scale': 1.0, 'casing': None, 'outline_color': [1.0, 1.0, 1.0, 1.0], 'outline_width': 0, 'animations': None}, {'type': 'text', 'text': '(machine|player2_score)', 'number_grouping': True, 'min_digits': 2, 'font_size': 60, 'y': '45%', 'x': '60%', 'font_name': 'ratcage', '_default_settings': ['type', 'text', 'number_grouping', 'min_digits', 'font_size', 'y', 'x', 'font_name'], 'anchor_x': 'center', 'anchor_y': 'center', 'round_anchor_x': None, 'round_anchor_y': None, 'opacity': 1.0, 'z': 0, 'reset_animations_events': {}, 'color': [1.0, 1.0, 1.0, 1.0], 'style': [], 'adjust_top': 0, 'adjust_bottom': 0, 'adjust_left': 0, 'adjust_right': 0, 'expire': None, 'key': None, 'widget': None, 'events_when_added': [], 'events_when_removed': [], 'bitmap_font': False, 'font_kerning': True, 'bold': False, 'italic': False, 'halign': 'center', 'valign': 'middle', 'rotation': 0, 'scale': 1.0, 'casing': None, 'outline_color': [1.0, 1.0, 1.0, 1.0], 'outline_width': 0, 'animations': None}, {'type': 'text', 'text': 'Player 3:', 'number_grouping': True, 'font_size': 50, 'y': '35%', 'x': '40%', 'font_name': 'ratcage', '_default_settings': ['type', 'text', 'number_grouping', 'font_size', 'y', 'x', 'font_name'], 'anchor_x': 'center', 'anchor_y': 'center', 'round_anchor_x': None, 'round_anchor_y': None, 'opacity': 1.0, 'z': 0, 'reset_animations_events': {}, 'color': [1.0, 1.0, 1.0, 1.0], 'style': [], 'adjust_top': 0, 'adjust_bottom': 0, 'adjust_left': 0, 'adjust_right': 0, 'expire': None, 'key': None, 'widget': None, 'events_when_added': [], 'events_when_removed': [], 'bitmap_font': False, 'font_kerning': True, 'bold': False, 'italic': False, 'min_digits': 0, 'halign': 'center', 'valign': 'middle', 'rotation': 0, 'scale': 1.0, 'casing': None, 'outline_color': [1.0, 1.0, 1.0, 1.0], 'outline_width': 0, 'animations': None}, {'type': 'text', 'text': '(machine|player3_score)', 'number_grouping': True, 'min_digits': 2, 'font_size': 60, 'y': '35%', 'x': '60%', 'font_name': 'ratcage', '_default_settings': ['type', 'text', 'number_grouping', 'min_digits', 'font_size', 'y', 'x', 'font_name'], 'anchor_x': 'center', 'anchor_y': 'center', 'round_anchor_x': None, 'round_anchor_y': None, 'opacity': 1.0, 'z': 0, 'reset_animations_events': {}, 'color': [1.0, 1.0, 1.0, 1.0], 'style': [], 'adjust_top': 0, 'adjust_bottom': 0, 'adjust_left': 0, 'adjust_right': 0, 'expire': None, 'key': None, 'widget': None, 'events_when_added': [], 'events_when_removed': [], 'bitmap_font': False, 'font_kerning': True, 'bold': False, 'italic': False, 'halign': 'center', 'valign': 'middle', 'rotation': 0, 'scale': 1.0, 'casing': None, 'outline_color': [1.0, 1.0, 1.0, 1.0], 'outline_width': 0, 'animations': None}, {'type': 'text', 'text': 'Player 4:', 'number_grouping': True, 'font_size': 50, 'y': '25%', 'x': '40%', 'font_name': 'ratcage', '_default_settings': ['type', 'text', 'number_grouping', 'font_size', 'y', 'x', 'font_name'], 'anchor_x': 'center', 'anchor_y': 'center', 'round_anchor_x': None, 'round_anchor_y': None, 'opacity': 1.0, 'z': 0, 'reset_animations_events': {}, 'color': [1.0, 1.0, 1.0, 1.0], 'style': [], 'adjust_top': 0, 'adjust_bottom': 0, 'adjust_left': 0, 'adjust_right': 0, 'expire': None, 'key': None, 'widget': None, 'events_when_added': [], 'events_when_removed': [], 'bitmap_font': False, 'font_kerning': True, 'bold': False, 'italic': False, 'min_digits': 0, 'halign': 'center', 'valign': 'middle', 'rotation': 0, 'scale': 1.0, 'casing': None, 'outline_color': [1.0, 1.0, 1.0, 1.0], 'outline_width': 0, 'animations': None}, {'type': 'text', 'text': '(machine|player4_score)', 'number_grouping': True, 'min_digits': 2, 'font_size': 60, 'y': '25%', 'x': '60%', 'font_name': 'ratcage', '_default_settings': ['type', 'text', 'number_grouping', 'min_digits', 'font_size', 'y', 'x', 'font_name'], 'anchor_x': 'center', 'anchor_y': 'center', 'round_anchor_x': None, 'round_anchor_y': None, 'opacity': 1.0, 'z': 0, 'reset_animations_events': {}, 'color': [1.0, 1.0, 1.0, 1.0], 'style': [], 'adjust_top': 0, 'adjust_bottom': 0, 'adjust_left': 0, 'adjust_right': 0, 'expire': None, 'key': None, 'widget': None, 'events_when_added': [], 'events_when_removed': [], 'bitmap_font': False, 'font_kerning': True, 'bold': False, 'italic': False, 'halign': 'center', 'valign': 'middle', 'rotation': 0, 'scale': 1.0, 'casing': None, 'outline_color': [1.0, 1.0, 1.0, 1.0], 'outline_width': 0, 'animations': None}], 'transition': {'type': 'move_in', 'duration': 1.0, 'direction': 'right', 'easing': 'out_quad'}, 'target': None, 'background_color': [0.0, 0.0, 0.0, 1.0], 'priority': None, 'show': True, 'force': False, 'expire': None, 'slide': None, 'tokens': {}, 'action': 'play'}}, 'context': 'show_1', 'calling_context': 1, 'priority': 10, 'show_tokens': {}, 'start_time': 64224.39}
2025-09-19 14:57:16,398 : EventManager : Event: ======'slide_last_game_score_slide_removed'====== Args={}
2025-09-19 14:57:16,410 : EventManager : Event: ======'slide_last_game_score_slide_created'====== Args={}
2025-09-19 14:57:16,411 : EventManager : Unordered handler for class <Text Widget text=> on event machine_var_player4_score with priority 1. Handlers: [RegisteredHandler(callback=<bound method Text._machine_var_change of <Text Widget text=>>, priority=1, kwargs={}, key=UUID('910d5f87-3ab4-43e1-a2cc-3dd9cbf44f91'), condition=None, blocking_facility=None), RegisteredHandler(callback=<bound method Text._machine_var_change of <Text Widget text=>>, priority=1, kwargs={}, key=UUID('fb95032a-10ba-483c-8de7-d9a115607aa7'), condition=None, blocking_facility=None)]. The order of those handlers is not defined and they will be executed in random order. This might lead to race conditions and potential bugs.
2025-09-19 14:57:16,412 : EventManager : Unordered handler for class <Text Widget text=> on event machine_var_player3_score with priority 1. Handlers: [RegisteredHandler(callback=<bound method Text._machine_var_change of <Text Widget text=>>, priority=1, kwargs={}, key=UUID('634df6d1-a82d-4e66-81d8-c2a71c2acd9f'), condition=None, blocking_facility=None), RegisteredHandler(callback=<bound method Text._machine_var_change of <Text Widget text=>>, priority=1, kwargs={}, key=UUID('2a62249d-f445-4614-bf00-81269da897ad'), condition=None, blocking_facility=None)]. The order of those handlers is not defined and they will be executed in random order. This might lead to race conditions and potential bugs.
2025-09-19 14:57:16,412 : EventManager : Unordered handler for class <Text Widget text=> on event machine_var_player2_score with priority 1. Handlers: [RegisteredHandler(callback=<bound method Text._machine_var_change of <Text Widget text=>>, priority=1, kwargs={}, key=UUID('395ea4b4-a2db-406c-ad80-7f52e617baac'), condition=None, blocking_facility=None), RegisteredHandler(callback=<bound method Text._machine_var_change of <Text Widget text=>>, priority=1, kwargs={}, key=UUID('eb3f6c6a-d725-4429-b513-17ef2036d95d'), condition=None, blocking_facility=None)]. The order of those handlers is not defined and they will be executed in random order. This might lead to race conditions and potential bugs.
2025-09-19 14:57:16,413 : EventManager : Unordered handler for class <Text Widget text=140,190> on event machine_var_player1_score with priority 1. Handlers: [RegisteredHandler(callback=<bound method Text._machine_var_change of <Text Widget text=140,190>>, priority=1, kwargs={}, key=UUID('109f2e76-8690-44db-9024-6f9de0d609de'), condition=None, blocking_facility=None), RegisteredHandler(callback=<bound method Text._machine_var_change of <Text Widget text=140,190>>, priority=1, kwargs={}, key=UUID('c4771500-137b-4ad0-986d-6be12243e386'), condition=None, blocking_facility=None)]. The order of those handlers is not defined and they will be executed in random order. This might lead to race conditions and potential bugs.
2025-09-19 14:57:16,416 : EventManager : Event: ======'slide_last_game_score_slide_active'====== Args={}
2025-09-19 14:57:21,375 : EventManager : Event: ======'slides_play'====== Args={'settings': {'press_start_slide': {'widgets': [{'type': 'text', 'text': 'Press Start Button', 'font_size': 128, 'color': [0.0, 0.5019607843137255, 0.0, 1], 'font_name': 'ratcage', '_default_settings': ['type', 'text', 'font_size', 'color', 'font_name'], 'x': None, 'y': None, 'anchor_x': 'center', 'anchor_y': 'center', 'round_anchor_x': None, 'round_anchor_y': None, 'opacity': 1.0, 'z': 0, 'reset_animations_events': {}, 'style': [], 'adjust_top': 0, 'adjust_bottom': 0, 'adjust_left': 0, 'adjust_right': 0, 'expire': None, 'key': None, 'widget': None, 'events_when_added': [], 'events_when_removed': [], 'bitmap_font': False, 'font_kerning': True, 'bold': False, 'italic': False, 'number_grouping': False, 'min_digits': 0, 'halign': 'center', 'valign': 'middle', 'rotation': 0, 'scale': 1.0, 'casing': None, 'outline_color': [1.0, 1.0, 1.0, 1.0], 'outline_width': 0, 'animations': None}], 'transition': {'type': 'move_in', 'duration': 1.0, 'direction': 'right', 'easing': 'out_quad'}, 'target': None, 'background_color': [0.0, 0.0, 0.0, 1.0], 'priority': None, 'show': True, 'force': False, 'expire': None, 'slide': None, 'tokens': {}, 'action': 'play'}}, 'context': 'show_1', 'calling_context': 0, 'priority': 10, 'show_tokens': {}, 'start_time': 64229.39}
2025-09-19 14:57:21,375 : EventManager : Event: ======'slide_press_start_slide_removed'====== Args={}
2025-09-19 14:57:21,378 : EventManager : Event: ======'slide_press_start_slide_created'====== Args={}
2025-09-19 14:57:21,380 : EventManager : Event: ======'slide_press_start_slide_active'====== Args={}
2025-09-19 14:57:26,384 : EventManager : Event: ======'slides_play'====== Args={'settings': {'last_game_score_slide': {'widgets': [{'type': 'text', 'text': 'Last Game Scores', 'font_size': 50, 'y': '75%', 'font_name': 'ratcage', '_default_settings': ['type', 'text', 'font_size', 'y', 'font_name'], 'x': None, 'anchor_x': 'center', 'anchor_y': 'center', 'round_anchor_x': None, 'round_anchor_y': None, 'opacity': 1.0, 'z': 0, 'reset_animations_events': {}, 'color': [1.0, 1.0, 1.0, 1.0], 'style': [], 'adjust_top': 0, 'adjust_bottom': 0, 'adjust_left': 0, 'adjust_right': 0, 'expire': None, 'key': None, 'widget': None, 'events_when_added': [], 'events_when_removed': [], 'bitmap_font': False, 'font_kerning': True, 'bold': False, 'italic': False, 'number_grouping': False, 'min_digits': 0, 'halign': 'center', 'valign': 'middle', 'rotation': 0, 'scale': 1.0, 'casing': None, 'outline_color': [1.0, 1.0, 1.0, 1.0], 'outline_width': 0, 'animations': None}, {'type': 'text', 'text': 'Player 1:', 'number_grouping': True, 'font_size': 50, 'y': '55%', 'x': '40%', 'font_name': 'ratcage', '_default_settings': ['type', 'text', 'number_grouping', 'font_size', 'y', 'x', 'font_name'], 'anchor_x': 'center', 'anchor_y': 'center', 'round_anchor_x': None, 'round_anchor_y': None, 'opacity': 1.0, 'z': 0, 'reset_animations_events': {}, 'color': [1.0, 1.0, 1.0, 1.0], 'style': [], 'adjust_top': 0, 'adjust_bottom': 0, 'adjust_left': 0, 'adjust_right': 0, 'expire': None, 'key': None, 'widget': None, 'events_when_added': [], 'events_when_removed': [], 'bitmap_font': False, 'font_kerning': True, 'bold': False, 'italic': False, 'min_digits': 0, 'halign': 'center', 'valign': 'middle', 'rotation': 0, 'scale': 1.0, 'casing': None, 'outline_color': [1.0, 1.0, 1.0, 1.0], 'outline_width': 0, 'animations': None}, {'type': 'text', 'text': '(machine|player1_score)', 'number_grouping': True, 'min_digits': 2, 'font_size': 60, 'y': '55%', 'x': '60%', 'font_name': 'ratcage', '_default_settings': ['type', 'text', 'number_grouping', 'min_digits', 'font_size', 'y', 'x', 'font_name'], 'anchor_x': 'center', 'anchor_y': 'center', 'round_anchor_x': None, 'round_anchor_y': None, 'opacity': 1.0, 'z': 0, 'reset_animations_events': {}, 'color': [1.0, 1.0, 1.0, 1.0], 'style': [], 'adjust_top': 0, 'adjust_bottom': 0, 'adjust_left': 0, 'adjust_right': 0, 'expire': None, 'key': None, 'widget': None, 'events_when_added': [], 'events_when_removed': [], 'bitmap_font': False, 'font_kerning': True, 'bold': False, 'italic': False, 'halign': 'center', 'valign': 'middle', 'rotation': 0, 'scale': 1.0, 'casing': None, 'outline_color': [1.0, 1.0, 1.0, 1.0], 'outline_width': 0, 'animations': None}, {'type': 'text', 'text': 'Player 2:', 'number_grouping': True, 'font_size': 50, 'y': '45%', 'x': '40%', 'font_name': 'ratcage', '_default_settings': ['type', 'text', 'number_grouping', 'font_size', 'y', 'x', 'font_name'], 'anchor_x': 'center', 'anchor_y': 'center', 'round_anchor_x': None, 'round_anchor_y': None, 'opacity': 1.0, 'z': 0, 'reset_animations_events': {}, 'color': [1.0, 1.0, 1.0, 1.0], 'style': [], 'adjust_top': 0, 'adjust_bottom': 0, 'adjust_left': 0, 'adjust_right': 0, 'expire': None, 'key': None, 'widget': None, 'events_when_added': [], 'events_when_removed': [], 'bitmap_font': False, 'font_kerning': True, 'bold': False, 'italic': False, 'min_digits': 0, 'halign': 'center', 'valign': 'middle', 'rotation': 0, 'scale': 1.0, 'casing': None, 'outline_color': [1.0, 1.0, 1.0, 1.0], 'outline_width': 0, 'animations': None}, {'type': 'text', 'text': '(machine|player2_score)', 'number_grouping': True, 'min_digits': 2, 'font_size': 60, 'y': '45%', 'x': '60%', 'font_name': 'ratcage', '_default_settings': ['type', 'text', 'number_grouping', 'min_digits', 'font_size', 'y', 'x', 'font_name'], 'anchor_x': 'center', 'anchor_y': 'center', 'round_anchor_x': None, 'round_anchor_y': None, 'opacity': 1.0, 'z': 0, 'reset_animations_events': {}, 'color': [1.0, 1.0, 1.0, 1.0], 'style': [], 'adjust_top': 0, 'adjust_bottom': 0, 'adjust_left': 0, 'adjust_right': 0, 'expire': None, 'key': None, 'widget': None, 'events_when_added': [], 'events_when_removed': [], 'bitmap_font': False, 'font_kerning': True, 'bold': False, 'italic': False, 'halign': 'center', 'valign': 'middle', 'rotation': 0, 'scale': 1.0, 'casing': None, 'outline_color': [1.0, 1.0, 1.0, 1.0], 'outline_width': 0, 'animations': None}, {'type': 'text', 'text': 'Player 3:', 'number_grouping': True, 'font_size': 50, 'y': '35%', 'x': '40%', 'font_name': 'ratcage', '_default_settings': ['type', 'text', 'number_grouping', 'font_size', 'y', 'x', 'font_name'], 'anchor_x': 'center', 'anchor_y': 'center', 'round_anchor_x': None, 'round_anchor_y': None, 'opacity': 1.0, 'z': 0, 'reset_animations_events': {}, 'color': [1.0, 1.0, 1.0, 1.0], 'style': [], 'adjust_top': 0, 'adjust_bottom': 0, 'adjust_left': 0, 'adjust_right': 0, 'expire': None, 'key': None, 'widget': None, 'events_when_added': [], 'events_when_removed': [], 'bitmap_font': False, 'font_kerning': True, 'bold': False, 'italic': False, 'min_digits': 0, 'halign': 'center', 'valign': 'middle', 'rotation': 0, 'scale': 1.0, 'casing': None, 'outline_color': [1.0, 1.0, 1.0, 1.0], 'outline_width': 0, 'animations': None}, {'type': 'text', 'text': '(machine|player3_score)', 'number_grouping': True, 'min_digits': 2, 'font_size': 60, 'y': '35%', 'x': '60%', 'font_name': 'ratcage', '_default_settings': ['type', 'text', 'number_grouping', 'min_digits', 'font_size', 'y', 'x', 'font_name'], 'anchor_x': 'center', 'anchor_y': 'center', 'round_anchor_x': None, 'round_anchor_y': None, 'opacity': 1.0, 'z': 0, 'reset_animations_events': {}, 'color': [1.0, 1.0, 1.0, 1.0], 'style': [], 'adjust_top': 0, 'adjust_bottom': 0, 'adjust_left': 0, 'adjust_right': 0, 'expire': None, 'key': None, 'widget': None, 'events_when_added': [], 'events_when_removed': [], 'bitmap_font': False, 'font_kerning': True, 'bold': False, 'italic': False, 'halign': 'center', 'valign': 'middle', 'rotation': 0, 'scale': 1.0, 'casing': None, 'outline_color': [1.0, 1.0, 1.0, 1.0], 'outline_width': 0, 'animations': None}, {'type': 'text', 'text': 'Player 4:', 'number_grouping': True, 'font_size': 50, 'y': '25%', 'x': '40%', 'font_name': 'ratcage', '_default_settings': ['type', 'text', 'number_grouping', 'font_size', 'y', 'x', 'font_name'], 'anchor_x': 'center', 'anchor_y': 'center', 'round_anchor_x': None, 'round_anchor_y': None, 'opacity': 1.0, 'z': 0, 'reset_animations_events': {}, 'color': [1.0, 1.0, 1.0, 1.0], 'style': [], 'adjust_top': 0, 'adjust_bottom': 0, 'adjust_left': 0, 'adjust_right': 0, 'expire': None, 'key': None, 'widget': None, 'events_when_added': [], 'events_when_removed': [], 'bitmap_font': False, 'font_kerning': True, 'bold': False, 'italic': False, 'min_digits': 0, 'halign': 'center', 'valign': 'middle', 'rotation': 0, 'scale': 1.0, 'casing': None, 'outline_color': [1.0, 1.0, 1.0, 1.0], 'outline_width': 0, 'animations': None}, {'type': 'text', 'text': '(machine|player4_score)', 'number_grouping': True, 'min_digits': 2, 'font_size': 60, 'y': '25%', 'x': '60%', 'font_name': 'ratcage', '_default_settings': ['type', 'text', 'number_grouping', 'min_digits', 'font_size', 'y', 'x', 'font_name'], 'anchor_x': 'center', 'anchor_y': 'center', 'round_anchor_x': None, 'round_anchor_y': None, 'opacity': 1.0, 'z': 0, 'reset_animations_events': {}, 'color': [1.0, 1.0, 1.0, 1.0], 'style': [], 'adjust_top': 0, 'adjust_bottom': 0, 'adjust_left': 0, 'adjust_right': 0, 'expire': None, 'key': None, 'widget': None, 'events_when_added': [], 'events_when_removed': [], 'bitmap_font': False, 'font_kerning': True, 'bold': False, 'italic': False, 'halign': 'center', 'valign': 'middle', 'rotation': 0, 'scale': 1.0, 'casing': None, 'outline_color': [1.0, 1.0, 1.0, 1.0], 'outline_width': 0, 'animations': None}], 'transition': {'type': 'move_in', 'duration': 1.0, 'direction': 'right', 'easing': 'out_quad'}, 'target': None, 'background_color': [0.0, 0.0, 0.0, 1.0], 'priority': None, 'show': True, 'force': False, 'expire': None, 'slide': None, 'tokens': {}, 'action': 'play'}}, 'context': 'show_1', 'calling_context': 1, 'priority': 10, 'show_tokens': {}, 'start_time': 64234.39}
2025-09-19 14:57:26,385 : EventManager : Event: ======'slide_last_game_score_slide_removed'====== Args={}
2025-09-19 14:57:26,397 : EventManager : Event: ======'slide_last_game_score_slide_created'====== Args={}
2025-09-19 14:57:26,397 : EventManager : Unordered handler for class <Text Widget text=> on event machine_var_player4_score with priority 1. Handlers: [RegisteredHandler(callback=<bound method Text._machine_var_change of <Text Widget text=>>, priority=1, kwargs={}, key=UUID('84f5afc7-c833-42ba-ae81-8dda34356b45'), condition=None, blocking_facility=None), RegisteredHandler(callback=<bound method Text._machine_var_change of <Text Widget text=>>, priority=1, kwargs={}, key=UUID('34f1ec4d-a2ca-49af-b0cd-98a76e84a0de'), condition=None, blocking_facility=None)]. The order of those handlers is not defined and they will be executed in random order. This might lead to race conditions and potential bugs.
2025-09-19 14:57:26,398 : EventManager : Unordered handler for class <Text Widget text=> on event machine_var_player3_score with priority 1. Handlers: [RegisteredHandler(callback=<bound method Text._machine_var_change of <Text Widget text=>>, priority=1, kwargs={}, key=UUID('36bea230-b3dd-4ce1-84f9-b80afb97bc50'), condition=None, blocking_facility=None), RegisteredHandler(callback=<bound method Text._machine_var_change of <Text Widget text=>>, priority=1, kwargs={}, key=UUID('dfedafb8-43d2-47a7-90a7-95212aabe5f8'), condition=None, blocking_facility=None)]. The order of those handlers is not defined and they will be executed in random order. This might lead to race conditions and potential bugs.
2025-09-19 14:57:26,399 : EventManager : Unordered handler for class <Text Widget text=> on event machine_var_player2_score with priority 1. Handlers: [RegisteredHandler(callback=<bound method Text._machine_var_change of <Text Widget text=>>, priority=1, kwargs={}, key=UUID('f72573d0-903a-4037-a0c9-f913d82cb202'), condition=None, blocking_facility=None), RegisteredHandler(callback=<bound method Text._machine_var_change of <Text Widget text=>>, priority=1, kwargs={}, key=UUID('30f6a556-3ae8-43ea-ae81-7b8f27e6fb77'), condition=None, blocking_facility=None)]. The order of those handlers is not defined and they will be executed in random order. This might lead to race conditions and potential bugs.
2025-09-19 14:57:26,400 : EventManager : Unordered handler for class <Text Widget text=140,190> on event machine_var_player1_score with priority 1. Handlers: [RegisteredHandler(callback=<bound method Text._machine_var_change of <Text Widget text=140,190>>, priority=1, kwargs={}, key=UUID('451d2f2f-bd23-4ecc-9458-dd3fe0c9d752'), condition=None, blocking_facility=None), RegisteredHandler(callback=<bound method Text._machine_var_change of <Text Widget text=140,190>>, priority=1, kwargs={}, key=UUID('8e54826a-03fb-406e-bca3-ba4a603a53fa'), condition=None, blocking_facility=None)]. The order of those handlers is not defined and they will be executed in random order. This might lead to race conditions and potential bugs.
2025-09-19 14:57:26,403 : EventManager : Event: ======'slide_last_game_score_slide_active'====== Args={}
2025-09-19 14:57:31,388 : EventManager : Event: ======'slides_play'====== Args={'settings': {'press_start_slide': {'widgets': [{'type': 'text', 'text': 'Press Start Button', 'font_size': 128, 'color': [0.0, 0.5019607843137255, 0.0, 1], 'font_name': 'ratcage', '_default_settings': ['type', 'text', 'font_size', 'color', 'font_name'], 'x': None, 'y': None, 'anchor_x': 'center', 'anchor_y': 'center', 'round_anchor_x': None, 'round_anchor_y': None, 'opacity': 1.0, 'z': 0, 'reset_animations_events': {}, 'style': [], 'adjust_top': 0, 'adjust_bottom': 0, 'adjust_left': 0, 'adjust_right': 0, 'expire': None, 'key': None, 'widget': None, 'events_when_added': [], 'events_when_removed': [], 'bitmap_font': False, 'font_kerning': True, 'bold': False, 'italic': False, 'number_grouping': False, 'min_digits': 0, 'halign': 'center', 'valign': 'middle', 'rotation': 0, 'scale': 1.0, 'casing': None, 'outline_color': [1.0, 1.0, 1.0, 1.0], 'outline_width': 0, 'animations': None}], 'transition': {'type': 'move_in', 'duration': 1.0, 'direction': 'right', 'easing': 'out_quad'}, 'target': None, 'background_color': [0.0, 0.0, 0.0, 1.0], 'priority': None, 'show': True, 'force': False, 'expire': None, 'slide': None, 'tokens': {}, 'action': 'play'}}, 'context': 'show_1', 'calling_context': 0, 'priority': 10, 'show_tokens': {}, 'start_time': 64239.39}
2025-09-19 14:57:31,388 : EventManager : Event: ======'slide_press_start_slide_removed'====== Args={}
2025-09-19 14:57:31,456 : EventManager : Event: ======'slide_press_start_slide_created'====== Args={}
2025-09-19 14:57:31,459 : EventManager : Event: ======'slide_press_start_slide_active'====== Args={}
2025-09-19 14:57:36,388 : EventManager : Event: ======'slides_play'====== Args={'settings': {'last_game_score_slide': {'widgets': [{'type': 'text', 'text': 'Last Game Scores', 'font_size': 50, 'y': '75%', 'font_name': 'ratcage', '_default_settings': ['type', 'text', 'font_size', 'y', 'font_name'], 'x': None, 'anchor_x': 'center', 'anchor_y': 'center', 'round_anchor_x': None, 'round_anchor_y': None, 'opacity': 1.0, 'z': 0, 'reset_animations_events': {}, 'color': [1.0, 1.0, 1.0, 1.0], 'style': [], 'adjust_top': 0, 'adjust_bottom': 0, 'adjust_left': 0, 'adjust_right': 0, 'expire': None, 'key': None, 'widget': None, 'events_when_added': [], 'events_when_removed': [], 'bitmap_font': False, 'font_kerning': True, 'bold': False, 'italic': False, 'number_grouping': False, 'min_digits': 0, 'halign': 'center', 'valign': 'middle', 'rotation': 0, 'scale': 1.0, 'casing': None, 'outline_color': [1.0, 1.0, 1.0, 1.0], 'outline_width': 0, 'animations': None}, {'type': 'text', 'text': 'Player 1:', 'number_grouping': True, 'font_size': 50, 'y': '55%', 'x': '40%', 'font_name': 'ratcage', '_default_settings': ['type', 'text', 'number_grouping', 'font_size', 'y', 'x', 'font_name'], 'anchor_x': 'center', 'anchor_y': 'center', 'round_anchor_x': None, 'round_anchor_y': None, 'opacity': 1.0, 'z': 0, 'reset_animations_events': {}, 'color': [1.0, 1.0, 1.0, 1.0], 'style': [], 'adjust_top': 0, 'adjust_bottom': 0, 'adjust_left': 0, 'adjust_right': 0, 'expire': None, 'key': None, 'widget': None, 'events_when_added': [], 'events_when_removed': [], 'bitmap_font': False, 'font_kerning': True, 'bold': False, 'italic': False, 'min_digits': 0, 'halign': 'center', 'valign': 'middle', 'rotation': 0, 'scale': 1.0, 'casing': None, 'outline_color': [1.0, 1.0, 1.0, 1.0], 'outline_width': 0, 'animations': None}, {'type': 'text', 'text': '(machine|player1_score)', 'number_grouping': True, 'min_digits': 2, 'font_size': 60, 'y': '55%', 'x': '60%', 'font_name': 'ratcage', '_default_settings': ['type', 'text', 'number_grouping', 'min_digits', 'font_size', 'y', 'x', 'font_name'], 'anchor_x': 'center', 'anchor_y': 'center', 'round_anchor_x': None, 'round_anchor_y': None, 'opacity': 1.0, 'z': 0, 'reset_animations_events': {}, 'color': [1.0, 1.0, 1.0, 1.0], 'style': [], 'adjust_top': 0, 'adjust_bottom': 0, 'adjust_left': 0, 'adjust_right': 0, 'expire': None, 'key': None, 'widget': None, 'events_when_added': [], 'events_when_removed': [], 'bitmap_font': False, 'font_kerning': True, 'bold': False, 'italic': False, 'halign': 'center', 'valign': 'middle', 'rotation': 0, 'scale': 1.0, 'casing': None, 'outline_color': [1.0, 1.0, 1.0, 1.0], 'outline_width': 0, 'animations': None}, {'type': 'text', 'text': 'Player 2:', 'number_grouping': True, 'font_size': 50, 'y': '45%', 'x': '40%', 'font_name': 'ratcage', '_default_settings': ['type', 'text', 'number_grouping', 'font_size', 'y', 'x', 'font_name'], 'anchor_x': 'center', 'anchor_y': 'center', 'round_anchor_x': None, 'round_anchor_y': None, 'opacity': 1.0, 'z': 0, 'reset_animations_events': {}, 'color': [1.0, 1.0, 1.0, 1.0], 'style': [], 'adjust_top': 0, 'adjust_bottom': 0, 'adjust_left': 0, 'adjust_right': 0, 'expire': None, 'key': None, 'widget': None, 'events_when_added': [], 'events_when_removed': [], 'bitmap_font': False, 'font_kerning': True, 'bold': False, 'italic': False, 'min_digits': 0, 'halign': 'center', 'valign': 'middle', 'rotation': 0, 'scale': 1.0, 'casing': None, 'outline_color': [1.0, 1.0, 1.0, 1.0], 'outline_width': 0, 'animations': None}, {'type': 'text', 'text': '(machine|player2_score)', 'number_grouping': True, 'min_digits': 2, 'font_size': 60, 'y': '45%', 'x': '60%', 'font_name': 'ratcage', '_default_settings': ['type', 'text', 'number_grouping', 'min_digits', 'font_size', 'y', 'x', 'font_name'], 'anchor_x': 'center', 'anchor_y': 'center', 'round_anchor_x': None, 'round_anchor_y': None, 'opacity': 1.0, 'z': 0, 'reset_animations_events': {}, 'color': [1.0, 1.0, 1.0, 1.0], 'style': [], 'adjust_top': 0, 'adjust_bottom': 0, 'adjust_left': 0, 'adjust_right': 0, 'expire': None, 'key': None, 'widget': None, 'events_when_added': [], 'events_when_removed': [], 'bitmap_font': False, 'font_kerning': True, 'bold': False, 'italic': False, 'halign': 'center', 'valign': 'middle', 'rotation': 0, 'scale': 1.0, 'casing': None, 'outline_color': [1.0, 1.0, 1.0, 1.0], 'outline_width': 0, 'animations': None}, {'type': 'text', 'text': 'Player 3:', 'number_grouping': True, 'font_size': 50, 'y': '35%', 'x': '40%', 'font_name': 'ratcage', '_default_settings': ['type', 'text', 'number_grouping', 'font_size', 'y', 'x', 'font_name'], 'anchor_x': 'center', 'anchor_y': 'center', 'round_anchor_x': None, 'round_anchor_y': None, 'opacity': 1.0, 'z': 0, 'reset_animations_events': {}, 'color': [1.0, 1.0, 1.0, 1.0], 'style': [], 'adjust_top': 0, 'adjust_bottom': 0, 'adjust_left': 0, 'adjust_right': 0, 'expire': None, 'key': None, 'widget': None, 'events_when_added': [], 'events_when_removed': [], 'bitmap_font': False, 'font_kerning': True, 'bold': False, 'italic': False, 'min_digits': 0, 'halign': 'center', 'valign': 'middle', 'rotation': 0, 'scale': 1.0, 'casing': None, 'outline_color': [1.0, 1.0, 1.0, 1.0], 'outline_width': 0, 'animations': None}, {'type': 'text', 'text': '(machine|player3_score)', 'number_grouping': True, 'min_digits': 2, 'font_size': 60, 'y': '35%', 'x': '60%', 'font_name': 'ratcage', '_default_settings': ['type', 'text', 'number_grouping', 'min_digits', 'font_size', 'y', 'x', 'font_name'], 'anchor_x': 'center', 'anchor_y': 'center', 'round_anchor_x': None, 'round_anchor_y': None, 'opacity': 1.0, 'z': 0, 'reset_animations_events': {}, 'color': [1.0, 1.0, 1.0, 1.0], 'style': [], 'adjust_top': 0, 'adjust_bottom': 0, 'adjust_left': 0, 'adjust_right': 0, 'expire': None, 'key': None, 'widget': None, 'events_when_added': [], 'events_when_removed': [], 'bitmap_font': False, 'font_kerning': True, 'bold': False, 'italic': False, 'halign': 'center', 'valign': 'middle', 'rotation': 0, 'scale': 1.0, 'casing': None, 'outline_color': [1.0, 1.0, 1.0, 1.0], 'outline_width': 0, 'animations': None}, {'type': 'text', 'text': 'Player 4:', 'number_grouping': True, 'font_size': 50, 'y': '25%', 'x': '40%', 'font_name': 'ratcage', '_default_settings': ['type', 'text', 'number_grouping', 'font_size', 'y', 'x', 'font_name'], 'anchor_x': 'center', 'anchor_y': 'center', 'round_anchor_x': None, 'round_anchor_y': None, 'opacity': 1.0, 'z': 0, 'reset_animations_events': {}, 'color': [1.0, 1.0, 1.0, 1.0], 'style': [], 'adjust_top': 0, 'adjust_bottom': 0, 'adjust_left': 0, 'adjust_right': 0, 'expire': None, 'key': None, 'widget': None, 'events_when_added': [], 'events_when_removed': [], 'bitmap_font': False, 'font_kerning': True, 'bold': False, 'italic': False, 'min_digits': 0, 'halign': 'center', 'valign': 'middle', 'rotation': 0, 'scale': 1.0, 'casing': None, 'outline_color': [1.0, 1.0, 1.0, 1.0], 'outline_width': 0, 'animations': None}, {'type': 'text', 'text': '(machine|player4_score)', 'number_grouping': True, 'min_digits': 2, 'font_size': 60, 'y': '25%', 'x': '60%', 'font_name': 'ratcage', '_default_settings': ['type', 'text', 'number_grouping', 'min_digits', 'font_size', 'y', 'x', 'font_name'], 'anchor_x': 'center', 'anchor_y': 'center', 'round_anchor_x': None, 'round_anchor_y': None, 'opacity': 1.0, 'z': 0, 'reset_animations_events': {}, 'color': [1.0, 1.0, 1.0, 1.0], 'style': [], 'adjust_top': 0, 'adjust_bottom': 0, 'adjust_left': 0, 'adjust_right': 0, 'expire': None, 'key': None, 'widget': None, 'events_when_added': [], 'events_when_removed': [], 'bitmap_font': False, 'font_kerning': True, 'bold': False, 'italic': False, 'halign': 'center', 'valign': 'middle', 'rotation': 0, 'scale': 1.0, 'casing': None, 'outline_color': [1.0, 1.0, 1.0, 1.0], 'outline_width': 0, 'animations': None}], 'transition': {'type': 'move_in', 'duration': 1.0, 'direction': 'right', 'easing': 'out_quad'}, 'target': None, 'background_color': [0.0, 0.0, 0.0, 1.0], 'priority': None, 'show': True, 'force': False, 'expire': None, 'slide': None, 'tokens': {}, 'action': 'play'}}, 'context': 'show_1', 'calling_context': 1, 'priority': 10, 'show_tokens': {}, 'start_time': 64244.39}
2025-09-19 14:57:36,390 : EventManager : Event: ======'slide_last_game_score_slide_removed'====== Args={}
2025-09-19 14:57:36,401 : EventManager : Event: ======'slide_last_game_score_slide_created'====== Args={}
2025-09-19 14:57:36,402 : EventManager : Unordered handler for class <Text Widget text=> on event machine_var_player4_score with priority 1. Handlers: [RegisteredHandler(callback=<bound method Text._machine_var_change of <Text Widget text=>>, priority=1, kwargs={}, key=UUID('058a183a-5809-4c33-970c-bf55f1c4a663'), condition=None, blocking_facility=None), RegisteredHandler(callback=<bound method Text._machine_var_change of <Text Widget text=>>, priority=1, kwargs={}, key=UUID('4d0da436-7533-44da-91dc-47e2bff63c64'), condition=None, blocking_facility=None)]. The order of those handlers is not defined and they will be executed in random order. This might lead to race conditions and potential bugs.
2025-09-19 14:57:36,403 : EventManager : Unordered handler for class <Text Widget text=> on event machine_var_player3_score with priority 1. Handlers: [RegisteredHandler(callback=<bound method Text._machine_var_change of <Text Widget text=>>, priority=1, kwargs={}, key=UUID('7afcd20d-3b85-4674-a37b-2baf3f747414'), condition=None, blocking_facility=None), RegisteredHandler(callback=<bound method Text._machine_var_change of <Text Widget text=>>, priority=1, kwargs={}, key=UUID('228e8d8e-75da-4af8-bc5b-051e22d11d76'), condition=None, blocking_facility=None)]. The order of those handlers is not defined and they will be executed in random order. This might lead to race conditions and potential bugs.
2025-09-19 14:57:36,404 : EventManager : Unordered handler for class <Text Widget text=> on event machine_var_player2_score with priority 1. Handlers: [RegisteredHandler(callback=<bound method Text._machine_var_change of <Text Widget text=>>, priority=1, kwargs={}, key=UUID('8d8dc1a0-4ed1-4a73-a46a-da4f2e44f92c'), condition=None, blocking_facility=None), RegisteredHandler(callback=<bound method Text._machine_var_change of <Text Widget text=>>, priority=1, kwargs={}, key=UUID('c00a413c-c1d7-4bc0-bb49-11538c6cacb1'), condition=None, blocking_facility=None)]. The order of those handlers is not defined and they will be executed in random order. This might lead to race conditions and potential bugs.
2025-09-19 14:57:36,404 : EventManager : Unordered handler for class <Text Widget text=140,190> on event machine_var_player1_score with priority 1. Handlers: [RegisteredHandler(callback=<bound method Text._machine_var_change of <Text Widget text=140,190>>, priority=1, kwargs={}, key=UUID('914b22b2-627b-483f-8989-151b2216c844'), condition=None, blocking_facility=None), RegisteredHandler(callback=<bound method Text._machine_var_change of <Text Widget text=140,190>>, priority=1, kwargs={}, key=UUID('d79b536e-adfb-4bb1-a454-217d79bc27ac'), condition=None, blocking_facility=None)]. The order of those handlers is not defined and they will be executed in random order. This might lead to race conditions and potential bugs.
2025-09-19 14:57:36,408 : EventManager : Event: ======'slide_last_game_score_slide_active'====== Args={}
2025-09-19 14:57:41,391 : EventManager : Event: ======'slides_play'====== Args={'settings': {'press_start_slide': {'widgets': [{'type': 'text', 'text': 'Press Start Button', 'font_size': 128, 'color': [0.0, 0.5019607843137255, 0.0, 1], 'font_name': 'ratcage', '_default_settings': ['type', 'text', 'font_size', 'color', 'font_name'], 'x': None, 'y': None, 'anchor_x': 'center', 'anchor_y': 'center', 'round_anchor_x': None, 'round_anchor_y': None, 'opacity': 1.0, 'z': 0, 'reset_animations_events': {}, 'style': [], 'adjust_top': 0, 'adjust_bottom': 0, 'adjust_left': 0, 'adjust_right': 0, 'expire': None, 'key': None, 'widget': None, 'events_when_added': [], 'events_when_removed': [], 'bitmap_font': False, 'font_kerning': True, 'bold': False, 'italic': False, 'number_grouping': False, 'min_digits': 0, 'halign': 'center', 'valign': 'middle', 'rotation': 0, 'scale': 1.0, 'casing': None, 'outline_color': [1.0, 1.0, 1.0, 1.0], 'outline_width': 0, 'animations': None}], 'transition': {'type': 'move_in', 'duration': 1.0, 'direction': 'right', 'easing': 'out_quad'}, 'target': None, 'background_color': [0.0, 0.0, 0.0, 1.0], 'priority': None, 'show': True, 'force': False, 'expire': None, 'slide': None, 'tokens': {}, 'action': 'play'}}, 'context': 'show_1', 'calling_context': 0, 'priority': 10, 'show_tokens': {}, 'start_time': 64249.39}
2025-09-19 14:57:41,391 : EventManager : Event: ======'slide_press_start_slide_removed'====== Args={}
2025-09-19 14:57:41,394 : EventManager : Event: ======'slide_press_start_slide_created'====== Args={}
2025-09-19 14:57:41,395 : EventManager : Event: ======'slide_press_start_slide_active'====== Args={}
2025-09-19 14:57:46,376 : EventManager : Event: ======'slides_play'====== Args={'settings': {'last_game_score_slide': {'widgets': [{'type': 'text', 'text': 'Last Game Scores', 'font_size': 50, 'y': '75%', 'font_name': 'ratcage', '_default_settings': ['type', 'text', 'font_size', 'y', 'font_name'], 'x': None, 'anchor_x': 'center', 'anchor_y': 'center', 'round_anchor_x': None, 'round_anchor_y': None, 'opacity': 1.0, 'z': 0, 'reset_animations_events': {}, 'color': [1.0, 1.0, 1.0, 1.0], 'style': [], 'adjust_top': 0, 'adjust_bottom': 0, 'adjust_left': 0, 'adjust_right': 0, 'expire': None, 'key': None, 'widget': None, 'events_when_added': [], 'events_when_removed': [], 'bitmap_font': False, 'font_kerning': True, 'bold': False, 'italic': False, 'number_grouping': False, 'min_digits': 0, 'halign': 'center', 'valign': 'middle', 'rotation': 0, 'scale': 1.0, 'casing': None, 'outline_color': [1.0, 1.0, 1.0, 1.0], 'outline_width': 0, 'animations': None}, {'type': 'text', 'text': 'Player 1:', 'number_grouping': True, 'font_size': 50, 'y': '55%', 'x': '40%', 'font_name': 'ratcage', '_default_settings': ['type', 'text', 'number_grouping', 'font_size', 'y', 'x', 'font_name'], 'anchor_x': 'center', 'anchor_y': 'center', 'round_anchor_x': None, 'round_anchor_y': None, 'opacity': 1.0, 'z': 0, 'reset_animations_events': {}, 'color': [1.0, 1.0, 1.0, 1.0], 'style': [], 'adjust_top': 0, 'adjust_bottom': 0, 'adjust_left': 0, 'adjust_right': 0, 'expire': None, 'key': None, 'widget': None, 'events_when_added': [], 'events_when_removed': [], 'bitmap_font': False, 'font_kerning': True, 'bold': False, 'italic': False, 'min_digits': 0, 'halign': 'center', 'valign': 'middle', 'rotation': 0, 'scale': 1.0, 'casing': None, 'outline_color': [1.0, 1.0, 1.0, 1.0], 'outline_width': 0, 'animations': None}, {'type': 'text', 'text': '(machine|player1_score)', 'number_grouping': True, 'min_digits': 2, 'font_size': 60, 'y': '55%', 'x': '60%', 'font_name': 'ratcage', '_default_settings': ['type', 'text', 'number_grouping', 'min_digits', 'font_size', 'y', 'x', 'font_name'], 'anchor_x': 'center', 'anchor_y': 'center', 'round_anchor_x': None, 'round_anchor_y': None, 'opacity': 1.0, 'z': 0, 'reset_animations_events': {}, 'color': [1.0, 1.0, 1.0, 1.0], 'style': [], 'adjust_top': 0, 'adjust_bottom': 0, 'adjust_left': 0, 'adjust_right': 0, 'expire': None, 'key': None, 'widget': None, 'events_when_added': [], 'events_when_removed': [], 'bitmap_font': False, 'font_kerning': True, 'bold': False, 'italic': False, 'halign': 'center', 'valign': 'middle', 'rotation': 0, 'scale': 1.0, 'casing': None, 'outline_color': [1.0, 1.0, 1.0, 1.0], 'outline_width': 0, 'animations': None}, {'type': 'text', 'text': 'Player 2:', 'number_grouping': True, 'font_size': 50, 'y': '45%', 'x': '40%', 'font_name': 'ratcage', '_default_settings': ['type', 'text', 'number_grouping', 'font_size', 'y', 'x', 'font_name'], 'anchor_x': 'center', 'anchor_y': 'center', 'round_anchor_x': None, 'round_anchor_y': None, 'opacity': 1.0, 'z': 0, 'reset_animations_events': {}, 'color': [1.0, 1.0, 1.0, 1.0], 'style': [], 'adjust_top': 0, 'adjust_bottom': 0, 'adjust_left': 0, 'adjust_right': 0, 'expire': None, 'key': None, 'widget': None, 'events_when_added': [], 'events_when_removed': [], 'bitmap_font': False, 'font_kerning': True, 'bold': False, 'italic': False, 'min_digits': 0, 'halign': 'center', 'valign': 'middle', 'rotation': 0, 'scale': 1.0, 'casing': None, 'outline_color': [1.0, 1.0, 1.0, 1.0], 'outline_width': 0, 'animations': None}, {'type': 'text', 'text': '(machine|player2_score)', 'number_grouping': True, 'min_digits': 2, 'font_size': 60, 'y': '45%', 'x': '60%', 'font_name': 'ratcage', '_default_settings': ['type', 'text', 'number_grouping', 'min_digits', 'font_size', 'y', 'x', 'font_name'], 'anchor_x': 'center', 'anchor_y': 'center', 'round_anchor_x': None, 'round_anchor_y': None, 'opacity': 1.0, 'z': 0, 'reset_animations_events': {}, 'color': [1.0, 1.0, 1.0, 1.0], 'style': [], 'adjust_top': 0, 'adjust_bottom': 0, 'adjust_left': 0, 'adjust_right': 0, 'expire': None, 'key': None, 'widget': None, 'events_when_added': [], 'events_when_removed': [], 'bitmap_font': False, 'font_kerning': True, 'bold': False, 'italic': False, 'halign': 'center', 'valign': 'middle', 'rotation': 0, 'scale': 1.0, 'casing': None, 'outline_color': [1.0, 1.0, 1.0, 1.0], 'outline_width': 0, 'animations': None}, {'type': 'text', 'text': 'Player 3:', 'number_grouping': True, 'font_size': 50, 'y': '35%', 'x': '40%', 'font_name': 'ratcage', '_default_settings': ['type', 'text', 'number_grouping', 'font_size', 'y', 'x', 'font_name'], 'anchor_x': 'center', 'anchor_y': 'center', 'round_anchor_x': None, 'round_anchor_y': None, 'opacity': 1.0, 'z': 0, 'reset_animations_events': {}, 'color': [1.0, 1.0, 1.0, 1.0], 'style': [], 'adjust_top': 0, 'adjust_bottom': 0, 'adjust_left': 0, 'adjust_right': 0, 'expire': None, 'key': None, 'widget': None, 'events_when_added': [], 'events_when_removed': [], 'bitmap_font': False, 'font_kerning': True, 'bold': False, 'italic': False, 'min_digits': 0, 'halign': 'center', 'valign': 'middle', 'rotation': 0, 'scale': 1.0, 'casing': None, 'outline_color': [1.0, 1.0, 1.0, 1.0], 'outline_width': 0, 'animations': None}, {'type': 'text', 'text': '(machine|player3_score)', 'number_grouping': True, 'min_digits': 2, 'font_size': 60, 'y': '35%', 'x': '60%', 'font_name': 'ratcage', '_default_settings': ['type', 'text', 'number_grouping', 'min_digits', 'font_size', 'y', 'x', 'font_name'], 'anchor_x': 'center', 'anchor_y': 'center', 'round_anchor_x': None, 'round_anchor_y': None, 'opacity': 1.0, 'z': 0, 'reset_animations_events': {}, 'color': [1.0, 1.0, 1.0, 1.0], 'style': [], 'adjust_top': 0, 'adjust_bottom': 0, 'adjust_left': 0, 'adjust_right': 0, 'expire': None, 'key': None, 'widget': None, 'events_when_added': [], 'events_when_removed': [], 'bitmap_font': False, 'font_kerning': True, 'bold': False, 'italic': False, 'halign': 'center', 'valign': 'middle', 'rotation': 0, 'scale': 1.0, 'casing': None, 'outline_color': [1.0, 1.0, 1.0, 1.0], 'outline_width': 0, 'animations': None}, {'type': 'text', 'text': 'Player 4:', 'number_grouping': True, 'font_size': 50, 'y': '25%', 'x': '40%', 'font_name': 'ratcage', '_default_settings': ['type', 'text', 'number_grouping', 'font_size', 'y', 'x', 'font_name'], 'anchor_x': 'center', 'anchor_y': 'center', 'round_anchor_x': None, 'round_anchor_y': None, 'opacity': 1.0, 'z': 0, 'reset_animations_events': {}, 'color': [1.0, 1.0, 1.0, 1.0], 'style': [], 'adjust_top': 0, 'adjust_bottom': 0, 'adjust_left': 0, 'adjust_right': 0, 'expire': None, 'key': None, 'widget': None, 'events_when_added': [], 'events_when_removed': [], 'bitmap_font': False, 'font_kerning': True, 'bold': False, 'italic': False, 'min_digits': 0, 'halign': 'center', 'valign': 'middle', 'rotation': 0, 'scale': 1.0, 'casing': None, 'outline_color': [1.0, 1.0, 1.0, 1.0], 'outline_width': 0, 'animations': None}, {'type': 'text', 'text': '(machine|player4_score)', 'number_grouping': True, 'min_digits': 2, 'font_size': 60, 'y': '25%', 'x': '60%', 'font_name': 'ratcage', '_default_settings': ['type', 'text', 'number_grouping', 'min_digits', 'font_size', 'y', 'x', 'font_name'], 'anchor_x': 'center', 'anchor_y': 'center', 'round_anchor_x': None, 'round_anchor_y': None, 'opacity': 1.0, 'z': 0, 'reset_animations_events': {}, 'color': [1.0, 1.0, 1.0, 1.0], 'style': [], 'adjust_top': 0, 'adjust_bottom': 0, 'adjust_left': 0, 'adjust_right': 0, 'expire': None, 'key': None, 'widget': None, 'events_when_added': [], 'events_when_removed': [], 'bitmap_font': False, 'font_kerning': True, 'bold': False, 'italic': False, 'halign': 'center', 'valign': 'middle', 'rotation': 0, 'scale': 1.0, 'casing': None, 'outline_color': [1.0, 1.0, 1.0, 1.0], 'outline_width': 0, 'animations': None}], 'transition': {'type': 'move_in', 'duration': 1.0, 'direction': 'right', 'easing': 'out_quad'}, 'target': None, 'background_color': [0.0, 0.0, 0.0, 1.0], 'priority': None, 'show': True, 'force': False, 'expire': None, 'slide': None, 'tokens': {}, 'action': 'play'}}, 'context': 'show_1', 'calling_context': 1, 'priority': 10, 'show_tokens': {}, 'start_time': 64254.39}
2025-09-19 14:57:46,377 : EventManager : Event: ======'slide_last_game_score_slide_removed'====== Args={}
2025-09-19 14:57:46,391 : EventManager : Event: ======'slide_last_game_score_slide_created'====== Args={}
2025-09-19 14:57:46,392 : EventManager : Unordered handler for class <Text Widget text=> on event machine_var_player4_score with priority 1. Handlers: [RegisteredHandler(callback=<bound method Text._machine_var_change of <Text Widget text=>>, priority=1, kwargs={}, key=UUID('819f80f1-632b-4e94-814f-5c32ff296d6a'), condition=None, blocking_facility=None), RegisteredHandler(callback=<bound method Text._machine_var_change of <Text Widget text=>>, priority=1, kwargs={}, key=UUID('c1a3d32f-c368-44b6-b42f-9ccb827d74ca'), condition=None, blocking_facility=None)]. The order of those handlers is not defined and they will be executed in random order. This might lead to race conditions and potential bugs.
2025-09-19 14:57:46,393 : EventManager : Unordered handler for class <Text Widget text=> on event machine_var_player3_score with priority 1. Handlers: [RegisteredHandler(callback=<bound method Text._machine_var_change of <Text Widget text=>>, priority=1, kwargs={}, key=UUID('072813ce-3c8a-4dea-9d93-a3b23f10940a'), condition=None, blocking_facility=None), RegisteredHandler(callback=<bound method Text._machine_var_change of <Text Widget text=>>, priority=1, kwargs={}, key=UUID('bbdd26f2-3a7c-4c89-9ce7-bf041c6a5b67'), condition=None, blocking_facility=None)]. The order of those handlers is not defined and they will be executed in random order. This might lead to race conditions and potential bugs.
2025-09-19 14:57:46,394 : EventManager : Unordered handler for class <Text Widget text=> on event machine_var_player2_score with priority 1. Handlers: [RegisteredHandler(callback=<bound method Text._machine_var_change of <Text Widget text=>>, priority=1, kwargs={}, key=UUID('f0c55d0a-bdbf-4c11-b104-9275d25e2eba'), condition=None, blocking_facility=None), RegisteredHandler(callback=<bound method Text._machine_var_change of <Text Widget text=>>, priority=1, kwargs={}, key=UUID('006ca8a4-31d1-46bb-a74f-2d1f97f134de'), condition=None, blocking_facility=None)]. The order of those handlers is not defined and they will be executed in random order. This might lead to race conditions and potential bugs.
2025-09-19 14:57:46,395 : EventManager : Unordered handler for class <Text Widget text=140,190> on event machine_var_player1_score with priority 1. Handlers: [RegisteredHandler(callback=<bound method Text._machine_var_change of <Text Widget text=140,190>>, priority=1, kwargs={}, key=UUID('5ada662f-3448-4a4b-a61f-ebe55a4684ff'), condition=None, blocking_facility=None), RegisteredHandler(callback=<bound method Text._machine_var_change of <Text Widget text=140,190>>, priority=1, kwargs={}, key=UUID('87561b85-4056-4d50-afb5-1cf04e3d3dc7'), condition=None, blocking_facility=None)]. The order of those handlers is not defined and they will be executed in random order. This might lead to race conditions and potential bugs.
2025-09-19 14:57:46,399 : EventManager : Event: ======'slide_last_game_score_slide_active'====== Args={}
2025-09-19 14:57:51,396 : EventManager : Event: ======'slides_play'====== Args={'settings': {'press_start_slide': {'widgets': [{'type': 'text', 'text': 'Press Start Button', 'font_size': 128, 'color': [0.0, 0.5019607843137255, 0.0, 1], 'font_name': 'ratcage', '_default_settings': ['type', 'text', 'font_size', 'color', 'font_name'], 'x': None, 'y': None, 'anchor_x': 'center', 'anchor_y': 'center', 'round_anchor_x': None, 'round_anchor_y': None, 'opacity': 1.0, 'z': 0, 'reset_animations_events': {}, 'style': [], 'adjust_top': 0, 'adjust_bottom': 0, 'adjust_left': 0, 'adjust_right': 0, 'expire': None, 'key': None, 'widget': None, 'events_when_added': [], 'events_when_removed': [], 'bitmap_font': False, 'font_kerning': True, 'bold': False, 'italic': False, 'number_grouping': False, 'min_digits': 0, 'halign': 'center', 'valign': 'middle', 'rotation': 0, 'scale': 1.0, 'casing': None, 'outline_color': [1.0, 1.0, 1.0, 1.0], 'outline_width': 0, 'animations': None}], 'transition': {'type': 'move_in', 'duration': 1.0, 'direction': 'right', 'easing': 'out_quad'}, 'target': None, 'background_color': [0.0, 0.0, 0.0, 1.0], 'priority': None, 'show': True, 'force': False, 'expire': None, 'slide': None, 'tokens': {}, 'action': 'play'}}, 'context': 'show_1', 'calling_context': 0, 'priority': 10, 'show_tokens': {}, 'start_time': 64259.39}
2025-09-19 14:57:51,396 : EventManager : Event: ======'slide_press_start_slide_removed'====== Args={}
2025-09-19 14:57:51,398 : EventManager : Event: ======'slide_press_start_slide_created'====== Args={}
2025-09-19 14:57:51,400 : EventManager : Event: ======'slide_press_start_slide_active'====== Args={}
2025-09-19 14:57:56,388 : EventManager : Event: ======'slides_play'====== Args={'settings': {'last_game_score_slide': {'widgets': [{'type': 'text', 'text': 'Last Game Scores', 'font_size': 50, 'y': '75%', 'font_name': 'ratcage', '_default_settings': ['type', 'text', 'font_size', 'y', 'font_name'], 'x': None, 'anchor_x': 'center', 'anchor_y': 'center', 'round_anchor_x': None, 'round_anchor_y': None, 'opacity': 1.0, 'z': 0, 'reset_animations_events': {}, 'color': [1.0, 1.0, 1.0, 1.0], 'style': [], 'adjust_top': 0, 'adjust_bottom': 0, 'adjust_left': 0, 'adjust_right': 0, 'expire': None, 'key': None, 'widget': None, 'events_when_added': [], 'events_when_removed': [], 'bitmap_font': False, 'font_kerning': True, 'bold': False, 'italic': False, 'number_grouping': False, 'min_digits': 0, 'halign': 'center', 'valign': 'middle', 'rotation': 0, 'scale': 1.0, 'casing': None, 'outline_color': [1.0, 1.0, 1.0, 1.0], 'outline_width': 0, 'animations': None}, {'type': 'text', 'text': 'Player 1:', 'number_grouping': True, 'font_size': 50, 'y': '55%', 'x': '40%', 'font_name': 'ratcage', '_default_settings': ['type', 'text', 'number_grouping', 'font_size', 'y', 'x', 'font_name'], 'anchor_x': 'center', 'anchor_y': 'center', 'round_anchor_x': None, 'round_anchor_y': None, 'opacity': 1.0, 'z': 0, 'reset_animations_events': {}, 'color': [1.0, 1.0, 1.0, 1.0], 'style': [], 'adjust_top': 0, 'adjust_bottom': 0, 'adjust_left': 0, 'adjust_right': 0, 'expire': None, 'key': None, 'widget': None, 'events_when_added': [], 'events_when_removed': [], 'bitmap_font': False, 'font_kerning': True, 'bold': False, 'italic': False, 'min_digits': 0, 'halign': 'center', 'valign': 'middle', 'rotation': 0, 'scale': 1.0, 'casing': None, 'outline_color': [1.0, 1.0, 1.0, 1.0], 'outline_width': 0, 'animations': None}, {'type': 'text', 'text': '(machine|player1_score)', 'number_grouping': True, 'min_digits': 2, 'font_size': 60, 'y': '55%', 'x': '60%', 'font_name': 'ratcage', '_default_settings': ['type', 'text', 'number_grouping', 'min_digits', 'font_size', 'y', 'x', 'font_name'], 'anchor_x': 'center', 'anchor_y': 'center', 'round_anchor_x': None, 'round_anchor_y': None, 'opacity': 1.0, 'z': 0, 'reset_animations_events': {}, 'color': [1.0, 1.0, 1.0, 1.0], 'style': [], 'adjust_top': 0, 'adjust_bottom': 0, 'adjust_left': 0, 'adjust_right': 0, 'expire': None, 'key': None, 'widget': None, 'events_when_added': [], 'events_when_removed': [], 'bitmap_font': False, 'font_kerning': True, 'bold': False, 'italic': False, 'halign': 'center', 'valign': 'middle', 'rotation': 0, 'scale': 1.0, 'casing': None, 'outline_color': [1.0, 1.0, 1.0, 1.0], 'outline_width': 0, 'animations': None}, {'type': 'text', 'text': 'Player 2:', 'number_grouping': True, 'font_size': 50, 'y': '45%', 'x': '40%', 'font_name': 'ratcage', '_default_settings': ['type', 'text', 'number_grouping', 'font_size', 'y', 'x', 'font_name'], 'anchor_x': 'center', 'anchor_y': 'center', 'round_anchor_x': None, 'round_anchor_y': None, 'opacity': 1.0, 'z': 0, 'reset_animations_events': {}, 'color': [1.0, 1.0, 1.0, 1.0], 'style': [], 'adjust_top': 0, 'adjust_bottom': 0, 'adjust_left': 0, 'adjust_right': 0, 'expire': None, 'key': None, 'widget': None, 'events_when_added': [], 'events_when_removed': [], 'bitmap_font': False, 'font_kerning': True, 'bold': False, 'italic': False, 'min_digits': 0, 'halign': 'center', 'valign': 'middle', 'rotation': 0, 'scale': 1.0, 'casing': None, 'outline_color': [1.0, 1.0, 1.0, 1.0], 'outline_width': 0, 'animations': None}, {'type': 'text', 'text': '(machine|player2_score)', 'number_grouping': True, 'min_digits': 2, 'font_size': 60, 'y': '45%', 'x': '60%', 'font_name': 'ratcage', '_default_settings': ['type', 'text', 'number_grouping', 'min_digits', 'font_size', 'y', 'x', 'font_name'], 'anchor_x': 'center', 'anchor_y': 'center', 'round_anchor_x': None, 'round_anchor_y': None, 'opacity': 1.0, 'z': 0, 'reset_animations_events': {}, 'color': [1.0, 1.0, 1.0, 1.0], 'style': [], 'adjust_top': 0, 'adjust_bottom': 0, 'adjust_left': 0, 'adjust_right': 0, 'expire': None, 'key': None, 'widget': None, 'events_when_added': [], 'events_when_removed': [], 'bitmap_font': False, 'font_kerning': True, 'bold': False, 'italic': False, 'halign': 'center', 'valign': 'middle', 'rotation': 0, 'scale': 1.0, 'casing': None, 'outline_color': [1.0, 1.0, 1.0, 1.0], 'outline_width': 0, 'animations': None}, {'type': 'text', 'text': 'Player 3:', 'number_grouping': True, 'font_size': 50, 'y': '35%', 'x': '40%', 'font_name': 'ratcage', '_default_settings': ['type', 'text', 'number_grouping', 'font_size', 'y', 'x', 'font_name'], 'anchor_x': 'center', 'anchor_y': 'center', 'round_anchor_x': None, 'round_anchor_y': None, 'opacity': 1.0, 'z': 0, 'reset_animations_events': {}, 'color': [1.0, 1.0, 1.0, 1.0], 'style': [], 'adjust_top': 0, 'adjust_bottom': 0, 'adjust_left': 0, 'adjust_right': 0, 'expire': None, 'key': None, 'widget': None, 'events_when_added': [], 'events_when_removed': [], 'bitmap_font': False, 'font_kerning': True, 'bold': False, 'italic': False, 'min_digits': 0, 'halign': 'center', 'valign': 'middle', 'rotation': 0, 'scale': 1.0, 'casing': None, 'outline_color': [1.0, 1.0, 1.0, 1.0], 'outline_width': 0, 'animations': None}, {'type': 'text', 'text': '(machine|player3_score)', 'number_grouping': True, 'min_digits': 2, 'font_size': 60, 'y': '35%', 'x': '60%', 'font_name': 'ratcage', '_default_settings': ['type', 'text', 'number_grouping', 'min_digits', 'font_size', 'y', 'x', 'font_name'], 'anchor_x': 'center', 'anchor_y': 'center', 'round_anchor_x': None, 'round_anchor_y': None, 'opacity': 1.0, 'z': 0, 'reset_animations_events': {}, 'color': [1.0, 1.0, 1.0, 1.0], 'style': [], 'adjust_top': 0, 'adjust_bottom': 0, 'adjust_left': 0, 'adjust_right': 0, 'expire': None, 'key': None, 'widget': None, 'events_when_added': [], 'events_when_removed': [], 'bitmap_font': False, 'font_kerning': True, 'bold': False, 'italic': False, 'halign': 'center', 'valign': 'middle', 'rotation': 0, 'scale': 1.0, 'casing': None, 'outline_color': [1.0, 1.0, 1.0, 1.0], 'outline_width': 0, 'animations': None}, {'type': 'text', 'text': 'Player 4:', 'number_grouping': True, 'font_size': 50, 'y': '25%', 'x': '40%', 'font_name': 'ratcage', '_default_settings': ['type', 'text', 'number_grouping', 'font_size', 'y', 'x', 'font_name'], 'anchor_x': 'center', 'anchor_y': 'center', 'round_anchor_x': None, 'round_anchor_y': None, 'opacity': 1.0, 'z': 0, 'reset_animations_events': {}, 'color': [1.0, 1.0, 1.0, 1.0], 'style': [], 'adjust_top': 0, 'adjust_bottom': 0, 'adjust_left': 0, 'adjust_right': 0, 'expire': None, 'key': None, 'widget': None, 'events_when_added': [], 'events_when_removed': [], 'bitmap_font': False, 'font_kerning': True, 'bold': False, 'italic': False, 'min_digits': 0, 'halign': 'center', 'valign': 'middle', 'rotation': 0, 'scale': 1.0, 'casing': None, 'outline_color': [1.0, 1.0, 1.0, 1.0], 'outline_width': 0, 'animations': None}, {'type': 'text', 'text': '(machine|player4_score)', 'number_grouping': True, 'min_digits': 2, 'font_size': 60, 'y': '25%', 'x': '60%', 'font_name': 'ratcage', '_default_settings': ['type', 'text', 'number_grouping', 'min_digits', 'font_size', 'y', 'x', 'font_name'], 'anchor_x': 'center', 'anchor_y': 'center', 'round_anchor_x': None, 'round_anchor_y': None, 'opacity': 1.0, 'z': 0, 'reset_animations_events': {}, 'color': [1.0, 1.0, 1.0, 1.0], 'style': [], 'adjust_top': 0, 'adjust_bottom': 0, 'adjust_left': 0, 'adjust_right': 0, 'expire': None, 'key': None, 'widget': None, 'events_when_added': [], 'events_when_removed': [], 'bitmap_font': False, 'font_kerning': True, 'bold': False, 'italic': False, 'halign': 'center', 'valign': 'middle', 'rotation': 0, 'scale': 1.0, 'casing': None, 'outline_color': [1.0, 1.0, 1.0, 1.0], 'outline_width': 0, 'animations': None}], 'transition': {'type': 'move_in', 'duration': 1.0, 'direction': 'right', 'easing': 'out_quad'}, 'target': None, 'background_color': [0.0, 0.0, 0.0, 1.0], 'priority': None, 'show': True, 'force': False, 'expire': None, 'slide': None, 'tokens': {}, 'action': 'play'}}, 'context': 'show_1', 'calling_context': 1, 'priority': 10, 'show_tokens': {}, 'start_time': 64264.39}
2025-09-19 14:57:56,389 : EventManager : Event: ======'slide_last_game_score_slide_removed'====== Args={}
2025-09-19 14:57:56,403 : EventManager : Event: ======'slide_last_game_score_slide_created'====== Args={}
2025-09-19 14:57:56,403 : EventManager : Unordered handler for class <Text Widget text=> on event machine_var_player4_score with priority 1. Handlers: [RegisteredHandler(callback=<bound method Text._machine_var_change of <Text Widget text=>>, priority=1, kwargs={}, key=UUID('7f9eae21-4e52-42a1-a6a7-a077f2c4f2cb'), condition=None, blocking_facility=None), RegisteredHandler(callback=<bound method Text._machine_var_change of <Text Widget text=>>, priority=1, kwargs={}, key=UUID('0ca81791-f25b-4a29-933d-2e4761fdcb40'), condition=None, blocking_facility=None)]. The order of those handlers is not defined and they will be executed in random order. This might lead to race conditions and potential bugs.
2025-09-19 14:57:56,405 : EventManager : Unordered handler for class <Text Widget text=> on event machine_var_player3_score with priority 1. Handlers: [RegisteredHandler(callback=<bound method Text._machine_var_change of <Text Widget text=>>, priority=1, kwargs={}, key=UUID('e14b5caf-b6e2-4b22-9d52-d314b8577ba1'), condition=None, blocking_facility=None), RegisteredHandler(callback=<bound method Text._machine_var_change of <Text Widget text=>>, priority=1, kwargs={}, key=UUID('03320188-b8d9-4592-8d32-1b0b42ca805a'), condition=None, blocking_facility=None)]. The order of those handlers is not defined and they will be executed in random order. This might lead to race conditions and potential bugs.
2025-09-19 14:57:56,406 : EventManager : Unordered handler for class <Text Widget text=> on event machine_var_player2_score with priority 1. Handlers: [RegisteredHandler(callback=<bound method Text._machine_var_change of <Text Widget text=>>, priority=1, kwargs={}, key=UUID('c1b39c73-fecb-43ff-8cb2-e4a7d0f9c50a'), condition=None, blocking_facility=None), RegisteredHandler(callback=<bound method Text._machine_var_change of <Text Widget text=>>, priority=1, kwargs={}, key=UUID('5bef78ee-f68b-4912-b63f-069eeb3f787b'), condition=None, blocking_facility=None)]. The order of those handlers is not defined and they will be executed in random order. This might lead to race conditions and potential bugs.
2025-09-19 14:57:56,407 : EventManager : Unordered handler for class <Text Widget text=140,190> on event machine_var_player1_score with priority 1. Handlers: [RegisteredHandler(callback=<bound method Text._machine_var_change of <Text Widget text=140,190>>, priority=1, kwargs={}, key=UUID('37785ac6-18c9-4da5-9ea8-b52a2e7e5298'), condition=None, blocking_facility=None), RegisteredHandler(callback=<bound method Text._machine_var_change of <Text Widget text=140,190>>, priority=1, kwargs={}, key=UUID('1178f9a0-1680-4517-a723-3788f8136d1d'), condition=None, blocking_facility=None)]. The order of those handlers is not defined and they will be executed in random order. This might lead to race conditions and potential bugs.
2025-09-19 14:57:56,412 : EventManager : Event: ======'slide_last_game_score_slide_active'====== Args={}
2025-09-19 14:58:01,380 : EventManager : Event: ======'slides_play'====== Args={'settings': {'press_start_slide': {'widgets': [{'type': 'text', 'text': 'Press Start Button', 'font_size': 128, 'color': [0.0, 0.5019607843137255, 0.0, 1], 'font_name': 'ratcage', '_default_settings': ['type', 'text', 'font_size', 'color', 'font_name'], 'x': None, 'y': None, 'anchor_x': 'center', 'anchor_y': 'center', 'round_anchor_x': None, 'round_anchor_y': None, 'opacity': 1.0, 'z': 0, 'reset_animations_events': {}, 'style': [], 'adjust_top': 0, 'adjust_bottom': 0, 'adjust_left': 0, 'adjust_right': 0, 'expire': None, 'key': None, 'widget': None, 'events_when_added': [], 'events_when_removed': [], 'bitmap_font': False, 'font_kerning': True, 'bold': False, 'italic': False, 'number_grouping': False, 'min_digits': 0, 'halign': 'center', 'valign': 'middle', 'rotation': 0, 'scale': 1.0, 'casing': None, 'outline_color': [1.0, 1.0, 1.0, 1.0], 'outline_width': 0, 'animations': None}], 'transition': {'type': 'move_in', 'duration': 1.0, 'direction': 'right', 'easing': 'out_quad'}, 'target': None, 'background_color': [0.0, 0.0, 0.0, 1.0], 'priority': None, 'show': True, 'force': False, 'expire': None, 'slide': None, 'tokens': {}, 'action': 'play'}}, 'context': 'show_1', 'calling_context': 0, 'priority': 10, 'show_tokens': {}, 'start_time': 64269.39}
2025-09-19 14:58:01,380 : EventManager : Event: ======'slide_press_start_slide_removed'====== Args={}
2025-09-19 14:58:01,383 : EventManager : Event: ======'slide_press_start_slide_created'====== Args={}
2025-09-19 14:58:01,385 : EventManager : Event: ======'slide_press_start_slide_active'====== Args={}
2025-09-19 14:58:06,397 : EventManager : Event: ======'slides_play'====== Args={'settings': {'last_game_score_slide': {'widgets': [{'type': 'text', 'text': 'Last Game Scores', 'font_size': 50, 'y': '75%', 'font_name': 'ratcage', '_default_settings': ['type', 'text', 'font_size', 'y', 'font_name'], 'x': None, 'anchor_x': 'center', 'anchor_y': 'center', 'round_anchor_x': None, 'round_anchor_y': None, 'opacity': 1.0, 'z': 0, 'reset_animations_events': {}, 'color': [1.0, 1.0, 1.0, 1.0], 'style': [], 'adjust_top': 0, 'adjust_bottom': 0, 'adjust_left': 0, 'adjust_right': 0, 'expire': None, 'key': None, 'widget': None, 'events_when_added': [], 'events_when_removed': [], 'bitmap_font': False, 'font_kerning': True, 'bold': False, 'italic': False, 'number_grouping': False, 'min_digits': 0, 'halign': 'center', 'valign': 'middle', 'rotation': 0, 'scale': 1.0, 'casing': None, 'outline_color': [1.0, 1.0, 1.0, 1.0], 'outline_width': 0, 'animations': None}, {'type': 'text', 'text': 'Player 1:', 'number_grouping': True, 'font_size': 50, 'y': '55%', 'x': '40%', 'font_name': 'ratcage', '_default_settings': ['type', 'text', 'number_grouping', 'font_size', 'y', 'x', 'font_name'], 'anchor_x': 'center', 'anchor_y': 'center', 'round_anchor_x': None, 'round_anchor_y': None, 'opacity': 1.0, 'z': 0, 'reset_animations_events': {}, 'color': [1.0, 1.0, 1.0, 1.0], 'style': [], 'adjust_top': 0, 'adjust_bottom': 0, 'adjust_left': 0, 'adjust_right': 0, 'expire': None, 'key': None, 'widget': None, 'events_when_added': [], 'events_when_removed': [], 'bitmap_font': False, 'font_kerning': True, 'bold': False, 'italic': False, 'min_digits': 0, 'halign': 'center', 'valign': 'middle', 'rotation': 0, 'scale': 1.0, 'casing': None, 'outline_color': [1.0, 1.0, 1.0, 1.0], 'outline_width': 0, 'animations': None}, {'type': 'text', 'text': '(machine|player1_score)', 'number_grouping': True, 'min_digits': 2, 'font_size': 60, 'y': '55%', 'x': '60%', 'font_name': 'ratcage', '_default_settings': ['type', 'text', 'number_grouping', 'min_digits', 'font_size', 'y', 'x', 'font_name'], 'anchor_x': 'center', 'anchor_y': 'center', 'round_anchor_x': None, 'round_anchor_y': None, 'opacity': 1.0, 'z': 0, 'reset_animations_events': {}, 'color': [1.0, 1.0, 1.0, 1.0], 'style': [], 'adjust_top': 0, 'adjust_bottom': 0, 'adjust_left': 0, 'adjust_right': 0, 'expire': None, 'key': None, 'widget': None, 'events_when_added': [], 'events_when_removed': [], 'bitmap_font': False, 'font_kerning': True, 'bold': False, 'italic': False, 'halign': 'center', 'valign': 'middle', 'rotation': 0, 'scale': 1.0, 'casing': None, 'outline_color': [1.0, 1.0, 1.0, 1.0], 'outline_width': 0, 'animations': None}, {'type': 'text', 'text': 'Player 2:', 'number_grouping': True, 'font_size': 50, 'y': '45%', 'x': '40%', 'font_name': 'ratcage', '_default_settings': ['type', 'text', 'number_grouping', 'font_size', 'y', 'x', 'font_name'], 'anchor_x': 'center', 'anchor_y': 'center', 'round_anchor_x': None, 'round_anchor_y': None, 'opacity': 1.0, 'z': 0, 'reset_animations_events': {}, 'color': [1.0, 1.0, 1.0, 1.0], 'style': [], 'adjust_top': 0, 'adjust_bottom': 0, 'adjust_left': 0, 'adjust_right': 0, 'expire': None, 'key': None, 'widget': None, 'events_when_added': [], 'events_when_removed': [], 'bitmap_font': False, 'font_kerning': True, 'bold': False, 'italic': False, 'min_digits': 0, 'halign': 'center', 'valign': 'middle', 'rotation': 0, 'scale': 1.0, 'casing': None, 'outline_color': [1.0, 1.0, 1.0, 1.0], 'outline_width': 0, 'animations': None}, {'type': 'text', 'text': '(machine|player2_score)', 'number_grouping': True, 'min_digits': 2, 'font_size': 60, 'y': '45%', 'x': '60%', 'font_name': 'ratcage', '_default_settings': ['type', 'text', 'number_grouping', 'min_digits', 'font_size', 'y', 'x', 'font_name'], 'anchor_x': 'center', 'anchor_y': 'center', 'round_anchor_x': None, 'round_anchor_y': None, 'opacity': 1.0, 'z': 0, 'reset_animations_events': {}, 'color': [1.0, 1.0, 1.0, 1.0], 'style': [], 'adjust_top': 0, 'adjust_bottom': 0, 'adjust_left': 0, 'adjust_right': 0, 'expire': None, 'key': None, 'widget': None, 'events_when_added': [], 'events_when_removed': [], 'bitmap_font': False, 'font_kerning': True, 'bold': False, 'italic': False, 'halign': 'center', 'valign': 'middle', 'rotation': 0, 'scale': 1.0, 'casing': None, 'outline_color': [1.0, 1.0, 1.0, 1.0], 'outline_width': 0, 'animations': None}, {'type': 'text', 'text': 'Player 3:', 'number_grouping': True, 'font_size': 50, 'y': '35%', 'x': '40%', 'font_name': 'ratcage', '_default_settings': ['type', 'text', 'number_grouping', 'font_size', 'y', 'x', 'font_name'], 'anchor_x': 'center', 'anchor_y': 'center', 'round_anchor_x': None, 'round_anchor_y': None, 'opacity': 1.0, 'z': 0, 'reset_animations_events': {}, 'color': [1.0, 1.0, 1.0, 1.0], 'style': [], 'adjust_top': 0, 'adjust_bottom': 0, 'adjust_left': 0, 'adjust_right': 0, 'expire': None, 'key': None, 'widget': None, 'events_when_added': [], 'events_when_removed': [], 'bitmap_font': False, 'font_kerning': True, 'bold': False, 'italic': False, 'min_digits': 0, 'halign': 'center', 'valign': 'middle', 'rotation': 0, 'scale': 1.0, 'casing': None, 'outline_color': [1.0, 1.0, 1.0, 1.0], 'outline_width': 0, 'animations': None}, {'type': 'text', 'text': '(machine|player3_score)', 'number_grouping': True, 'min_digits': 2, 'font_size': 60, 'y': '35%', 'x': '60%', 'font_name': 'ratcage', '_default_settings': ['type', 'text', 'number_grouping', 'min_digits', 'font_size', 'y', 'x', 'font_name'], 'anchor_x': 'center', 'anchor_y': 'center', 'round_anchor_x': None, 'round_anchor_y': None, 'opacity': 1.0, 'z': 0, 'reset_animations_events': {}, 'color': [1.0, 1.0, 1.0, 1.0], 'style': [], 'adjust_top': 0, 'adjust_bottom': 0, 'adjust_left': 0, 'adjust_right': 0, 'expire': None, 'key': None, 'widget': None, 'events_when_added': [], 'events_when_removed': [], 'bitmap_font': False, 'font_kerning': True, 'bold': False, 'italic': False, 'halign': 'center', 'valign': 'middle', 'rotation': 0, 'scale': 1.0, 'casing': None, 'outline_color': [1.0, 1.0, 1.0, 1.0], 'outline_width': 0, 'animations': None}, {'type': 'text', 'text': 'Player 4:', 'number_grouping': True, 'font_size': 50, 'y': '25%', 'x': '40%', 'font_name': 'ratcage', '_default_settings': ['type', 'text', 'number_grouping', 'font_size', 'y', 'x', 'font_name'], 'anchor_x': 'center', 'anchor_y': 'center', 'round_anchor_x': None, 'round_anchor_y': None, 'opacity': 1.0, 'z': 0, 'reset_animations_events': {}, 'color': [1.0, 1.0, 1.0, 1.0], 'style': [], 'adjust_top': 0, 'adjust_bottom': 0, 'adjust_left': 0, 'adjust_right': 0, 'expire': None, 'key': None, 'widget': None, 'events_when_added': [], 'events_when_removed': [], 'bitmap_font': False, 'font_kerning': True, 'bold': False, 'italic': False, 'min_digits': 0, 'halign': 'center', 'valign': 'middle', 'rotation': 0, 'scale': 1.0, 'casing': None, 'outline_color': [1.0, 1.0, 1.0, 1.0], 'outline_width': 0, 'animations': None}, {'type': 'text', 'text': '(machine|player4_score)', 'number_grouping': True, 'min_digits': 2, 'font_size': 60, 'y': '25%', 'x': '60%', 'font_name': 'ratcage', '_default_settings': ['type', 'text', 'number_grouping', 'min_digits', 'font_size', 'y', 'x', 'font_name'], 'anchor_x': 'center', 'anchor_y': 'center', 'round_anchor_x': None, 'round_anchor_y': None, 'opacity': 1.0, 'z': 0, 'reset_animations_events': {}, 'color': [1.0, 1.0, 1.0, 1.0], 'style': [], 'adjust_top': 0, 'adjust_bottom': 0, 'adjust_left': 0, 'adjust_right': 0, 'expire': None, 'key': None, 'widget': None, 'events_when_added': [], 'events_when_removed': [], 'bitmap_font': False, 'font_kerning': True, 'bold': False, 'italic': False, 'halign': 'center', 'valign': 'middle', 'rotation': 0, 'scale': 1.0, 'casing': None, 'outline_color': [1.0, 1.0, 1.0, 1.0], 'outline_width': 0, 'animations': None}], 'transition': {'type': 'move_in', 'duration': 1.0, 'direction': 'right', 'easing': 'out_quad'}, 'target': None, 'background_color': [0.0, 0.0, 0.0, 1.0], 'priority': None, 'show': True, 'force': False, 'expire': None, 'slide': None, 'tokens': {}, 'action': 'play'}}, 'context': 'show_1', 'calling_context': 1, 'priority': 10, 'show_tokens': {}, 'start_time': 64274.39}
2025-09-19 14:58:06,398 : EventManager : Event: ======'slide_last_game_score_slide_removed'====== Args={}
2025-09-19 14:58:06,410 : EventManager : Event: ======'slide_last_game_score_slide_created'====== Args={}
2025-09-19 14:58:06,410 : EventManager : Unordered handler for class <Text Widget text=> on event machine_var_player4_score with priority 1. Handlers: [RegisteredHandler(callback=<bound method Text._machine_var_change of <Text Widget text=>>, priority=1, kwargs={}, key=UUID('84ef2a11-7cf8-4c64-9337-fa40f74382c5'), condition=None, blocking_facility=None), RegisteredHandler(callback=<bound method Text._machine_var_change of <Text Widget text=>>, priority=1, kwargs={}, key=UUID('bfed480d-0caa-44d1-9edf-e34916349471'), condition=None, blocking_facility=None)]. The order of those handlers is not defined and they will be executed in random order. This might lead to race conditions and potential bugs.
2025-09-19 14:58:06,411 : EventManager : Unordered handler for class <Text Widget text=> on event machine_var_player3_score with priority 1. Handlers: [RegisteredHandler(callback=<bound method Text._machine_var_change of <Text Widget text=>>, priority=1, kwargs={}, key=UUID('43a84e32-c62d-43f0-9773-924a1bd6107d'), condition=None, blocking_facility=None), RegisteredHandler(callback=<bound method Text._machine_var_change of <Text Widget text=>>, priority=1, kwargs={}, key=UUID('9cc289fe-c88f-4270-ae3d-8ad93d63ae31'), condition=None, blocking_facility=None)]. The order of those handlers is not defined and they will be executed in random order. This might lead to race conditions and potential bugs.
2025-09-19 14:58:06,412 : EventManager : Unordered handler for class <Text Widget text=> on event machine_var_player2_score with priority 1. Handlers: [RegisteredHandler(callback=<bound method Text._machine_var_change of <Text Widget text=>>, priority=1, kwargs={}, key=UUID('fc2b37e1-aa40-419b-949f-6dd6dc4f2dea'), condition=None, blocking_facility=None), RegisteredHandler(callback=<bound method Text._machine_var_change of <Text Widget text=>>, priority=1, kwargs={}, key=UUID('6df58c77-2173-4411-a284-7387e83e986d'), condition=None, blocking_facility=None)]. The order of those handlers is not defined and they will be executed in random order. This might lead to race conditions and potential bugs.
2025-09-19 14:58:06,414 : EventManager : Unordered handler for class <Text Widget text=140,190> on event machine_var_player1_score with priority 1. Handlers: [RegisteredHandler(callback=<bound method Text._machine_var_change of <Text Widget text=140,190>>, priority=1, kwargs={}, key=UUID('ea3d8091-4fda-4f93-ad6e-c043c1dcdf3b'), condition=None, blocking_facility=None), RegisteredHandler(callback=<bound method Text._machine_var_change of <Text Widget text=140,190>>, priority=1, kwargs={}, key=UUID('d4605940-7984-474e-994d-4ab717dce6ac'), condition=None, blocking_facility=None)]. The order of those handlers is not defined and they will be executed in random order. This might lead to race conditions and potential bugs.
2025-09-19 14:58:06,417 : EventManager : Event: ======'slide_last_game_score_slide_active'====== Args={}
2025-09-19 14:58:11,384 : EventManager : Event: ======'slides_play'====== Args={'settings': {'press_start_slide': {'widgets': [{'type': 'text', 'text': 'Press Start Button', 'font_size': 128, 'color': [0.0, 0.5019607843137255, 0.0, 1], 'font_name': 'ratcage', '_default_settings': ['type', 'text', 'font_size', 'color', 'font_name'], 'x': None, 'y': None, 'anchor_x': 'center', 'anchor_y': 'center', 'round_anchor_x': None, 'round_anchor_y': None, 'opacity': 1.0, 'z': 0, 'reset_animations_events': {}, 'style': [], 'adjust_top': 0, 'adjust_bottom': 0, 'adjust_left': 0, 'adjust_right': 0, 'expire': None, 'key': None, 'widget': None, 'events_when_added': [], 'events_when_removed': [], 'bitmap_font': False, 'font_kerning': True, 'bold': False, 'italic': False, 'number_grouping': False, 'min_digits': 0, 'halign': 'center', 'valign': 'middle', 'rotation': 0, 'scale': 1.0, 'casing': None, 'outline_color': [1.0, 1.0, 1.0, 1.0], 'outline_width': 0, 'animations': None}], 'transition': {'type': 'move_in', 'duration': 1.0, 'direction': 'right', 'easing': 'out_quad'}, 'target': None, 'background_color': [0.0, 0.0, 0.0, 1.0], 'priority': None, 'show': True, 'force': False, 'expire': None, 'slide': None, 'tokens': {}, 'action': 'play'}}, 'context': 'show_1', 'calling_context': 0, 'priority': 10, 'show_tokens': {}, 'start_time': 64279.39}
2025-09-19 14:58:11,384 : EventManager : Event: ======'slide_press_start_slide_removed'====== Args={}
2025-09-19 14:58:11,387 : EventManager : Event: ======'slide_press_start_slide_created'====== Args={}
2025-09-19 14:58:11,389 : EventManager : Event: ======'slide_press_start_slide_active'====== Args={}
2025-09-19 14:58:16,380 : EventManager : Event: ======'slides_play'====== Args={'settings': {'last_game_score_slide': {'widgets': [{'type': 'text', 'text': 'Last Game Scores', 'font_size': 50, 'y': '75%', 'font_name': 'ratcage', '_default_settings': ['type', 'text', 'font_size', 'y', 'font_name'], 'x': None, 'anchor_x': 'center', 'anchor_y': 'center', 'round_anchor_x': None, 'round_anchor_y': None, 'opacity': 1.0, 'z': 0, 'reset_animations_events': {}, 'color': [1.0, 1.0, 1.0, 1.0], 'style': [], 'adjust_top': 0, 'adjust_bottom': 0, 'adjust_left': 0, 'adjust_right': 0, 'expire': None, 'key': None, 'widget': None, 'events_when_added': [], 'events_when_removed': [], 'bitmap_font': False, 'font_kerning': True, 'bold': False, 'italic': False, 'number_grouping': False, 'min_digits': 0, 'halign': 'center', 'valign': 'middle', 'rotation': 0, 'scale': 1.0, 'casing': None, 'outline_color': [1.0, 1.0, 1.0, 1.0], 'outline_width': 0, 'animations': None}, {'type': 'text', 'text': 'Player 1:', 'number_grouping': True, 'font_size': 50, 'y': '55%', 'x': '40%', 'font_name': 'ratcage', '_default_settings': ['type', 'text', 'number_grouping', 'font_size', 'y', 'x', 'font_name'], 'anchor_x': 'center', 'anchor_y': 'center', 'round_anchor_x': None, 'round_anchor_y': None, 'opacity': 1.0, 'z': 0, 'reset_animations_events': {}, 'color': [1.0, 1.0, 1.0, 1.0], 'style': [], 'adjust_top': 0, 'adjust_bottom': 0, 'adjust_left': 0, 'adjust_right': 0, 'expire': None, 'key': None, 'widget': None, 'events_when_added': [], 'events_when_removed': [], 'bitmap_font': False, 'font_kerning': True, 'bold': False, 'italic': False, 'min_digits': 0, 'halign': 'center', 'valign': 'middle', 'rotation': 0, 'scale': 1.0, 'casing': None, 'outline_color': [1.0, 1.0, 1.0, 1.0], 'outline_width': 0, 'animations': None}, {'type': 'text', 'text': '(machine|player1_score)', 'number_grouping': True, 'min_digits': 2, 'font_size': 60, 'y': '55%', 'x': '60%', 'font_name': 'ratcage', '_default_settings': ['type', 'text', 'number_grouping', 'min_digits', 'font_size', 'y', 'x', 'font_name'], 'anchor_x': 'center', 'anchor_y': 'center', 'round_anchor_x': None, 'round_anchor_y': None, 'opacity': 1.0, 'z': 0, 'reset_animations_events': {}, 'color': [1.0, 1.0, 1.0, 1.0], 'style': [], 'adjust_top': 0, 'adjust_bottom': 0, 'adjust_left': 0, 'adjust_right': 0, 'expire': None, 'key': None, 'widget': None, 'events_when_added': [], 'events_when_removed': [], 'bitmap_font': False, 'font_kerning': True, 'bold': False, 'italic': False, 'halign': 'center', 'valign': 'middle', 'rotation': 0, 'scale': 1.0, 'casing': None, 'outline_color': [1.0, 1.0, 1.0, 1.0], 'outline_width': 0, 'animations': None}, {'type': 'text', 'text': 'Player 2:', 'number_grouping': True, 'font_size': 50, 'y': '45%', 'x': '40%', 'font_name': 'ratcage', '_default_settings': ['type', 'text', 'number_grouping', 'font_size', 'y', 'x', 'font_name'], 'anchor_x': 'center', 'anchor_y': 'center', 'round_anchor_x': None, 'round_anchor_y': None, 'opacity': 1.0, 'z': 0, 'reset_animations_events': {}, 'color': [1.0, 1.0, 1.0, 1.0], 'style': [], 'adjust_top': 0, 'adjust_bottom': 0, 'adjust_left': 0, 'adjust_right': 0, 'expire': None, 'key': None, 'widget': None, 'events_when_added': [], 'events_when_removed': [], 'bitmap_font': False, 'font_kerning': True, 'bold': False, 'italic': False, 'min_digits': 0, 'halign': 'center', 'valign': 'middle', 'rotation': 0, 'scale': 1.0, 'casing': None, 'outline_color': [1.0, 1.0, 1.0, 1.0], 'outline_width': 0, 'animations': None}, {'type': 'text', 'text': '(machine|player2_score)', 'number_grouping': True, 'min_digits': 2, 'font_size': 60, 'y': '45%', 'x': '60%', 'font_name': 'ratcage', '_default_settings': ['type', 'text', 'number_grouping', 'min_digits', 'font_size', 'y', 'x', 'font_name'], 'anchor_x': 'center', 'anchor_y': 'center', 'round_anchor_x': None, 'round_anchor_y': None, 'opacity': 1.0, 'z': 0, 'reset_animations_events': {}, 'color': [1.0, 1.0, 1.0, 1.0], 'style': [], 'adjust_top': 0, 'adjust_bottom': 0, 'adjust_left': 0, 'adjust_right': 0, 'expire': None, 'key': None, 'widget': None, 'events_when_added': [], 'events_when_removed': [], 'bitmap_font': False, 'font_kerning': True, 'bold': False, 'italic': False, 'halign': 'center', 'valign': 'middle', 'rotation': 0, 'scale': 1.0, 'casing': None, 'outline_color': [1.0, 1.0, 1.0, 1.0], 'outline_width': 0, 'animations': None}, {'type': 'text', 'text': 'Player 3:', 'number_grouping': True, 'font_size': 50, 'y': '35%', 'x': '40%', 'font_name': 'ratcage', '_default_settings': ['type', 'text', 'number_grouping', 'font_size', 'y', 'x', 'font_name'], 'anchor_x': 'center', 'anchor_y': 'center', 'round_anchor_x': None, 'round_anchor_y': None, 'opacity': 1.0, 'z': 0, 'reset_animations_events': {}, 'color': [1.0, 1.0, 1.0, 1.0], 'style': [], 'adjust_top': 0, 'adjust_bottom': 0, 'adjust_left': 0, 'adjust_right': 0, 'expire': None, 'key': None, 'widget': None, 'events_when_added': [], 'events_when_removed': [], 'bitmap_font': False, 'font_kerning': True, 'bold': False, 'italic': False, 'min_digits': 0, 'halign': 'center', 'valign': 'middle', 'rotation': 0, 'scale': 1.0, 'casing': None, 'outline_color': [1.0, 1.0, 1.0, 1.0], 'outline_width': 0, 'animations': None}, {'type': 'text', 'text': '(machine|player3_score)', 'number_grouping': True, 'min_digits': 2, 'font_size': 60, 'y': '35%', 'x': '60%', 'font_name': 'ratcage', '_default_settings': ['type', 'text', 'number_grouping', 'min_digits', 'font_size', 'y', 'x', 'font_name'], 'anchor_x': 'center', 'anchor_y': 'center', 'round_anchor_x': None, 'round_anchor_y': None, 'opacity': 1.0, 'z': 0, 'reset_animations_events': {}, 'color': [1.0, 1.0, 1.0, 1.0], 'style': [], 'adjust_top': 0, 'adjust_bottom': 0, 'adjust_left': 0, 'adjust_right': 0, 'expire': None, 'key': None, 'widget': None, 'events_when_added': [], 'events_when_removed': [], 'bitmap_font': False, 'font_kerning': True, 'bold': False, 'italic': False, 'halign': 'center', 'valign': 'middle', 'rotation': 0, 'scale': 1.0, 'casing': None, 'outline_color': [1.0, 1.0, 1.0, 1.0], 'outline_width': 0, 'animations': None}, {'type': 'text', 'text': 'Player 4:', 'number_grouping': True, 'font_size': 50, 'y': '25%', 'x': '40%', 'font_name': 'ratcage', '_default_settings': ['type', 'text', 'number_grouping', 'font_size', 'y', 'x', 'font_name'], 'anchor_x': 'center', 'anchor_y': 'center', 'round_anchor_x': None, 'round_anchor_y': None, 'opacity': 1.0, 'z': 0, 'reset_animations_events': {}, 'color': [1.0, 1.0, 1.0, 1.0], 'style': [], 'adjust_top': 0, 'adjust_bottom': 0, 'adjust_left': 0, 'adjust_right': 0, 'expire': None, 'key': None, 'widget': None, 'events_when_added': [], 'events_when_removed': [], 'bitmap_font': False, 'font_kerning': True, 'bold': False, 'italic': False, 'min_digits': 0, 'halign': 'center', 'valign': 'middle', 'rotation': 0, 'scale': 1.0, 'casing': None, 'outline_color': [1.0, 1.0, 1.0, 1.0], 'outline_width': 0, 'animations': None}, {'type': 'text', 'text': '(machine|player4_score)', 'number_grouping': True, 'min_digits': 2, 'font_size': 60, 'y': '25%', 'x': '60%', 'font_name': 'ratcage', '_default_settings': ['type', 'text', 'number_grouping', 'min_digits', 'font_size', 'y', 'x', 'font_name'], 'anchor_x': 'center', 'anchor_y': 'center', 'round_anchor_x': None, 'round_anchor_y': None, 'opacity': 1.0, 'z': 0, 'reset_animations_events': {}, 'color': [1.0, 1.0, 1.0, 1.0], 'style': [], 'adjust_top': 0, 'adjust_bottom': 0, 'adjust_left': 0, 'adjust_right': 0, 'expire': None, 'key': None, 'widget': None, 'events_when_added': [], 'events_when_removed': [], 'bitmap_font': False, 'font_kerning': True, 'bold': False, 'italic': False, 'halign': 'center', 'valign': 'middle', 'rotation': 0, 'scale': 1.0, 'casing': None, 'outline_color': [1.0, 1.0, 1.0, 1.0], 'outline_width': 0, 'animations': None}], 'transition': {'type': 'move_in', 'duration': 1.0, 'direction': 'right', 'easing': 'out_quad'}, 'target': None, 'background_color': [0.0, 0.0, 0.0, 1.0], 'priority': None, 'show': True, 'force': False, 'expire': None, 'slide': None, 'tokens': {}, 'action': 'play'}}, 'context': 'show_1', 'calling_context': 1, 'priority': 10, 'show_tokens': {}, 'start_time': 64284.39}
2025-09-19 14:58:16,381 : EventManager : Event: ======'slide_last_game_score_slide_removed'====== Args={}
2025-09-19 14:58:16,393 : EventManager : Event: ======'slide_last_game_score_slide_created'====== Args={}
2025-09-19 14:58:16,394 : EventManager : Unordered handler for class <Text Widget text=> on event machine_var_player4_score with priority 1. Handlers: [RegisteredHandler(callback=<bound method Text._machine_var_change of <Text Widget text=>>, priority=1, kwargs={}, key=UUID('af271320-83b8-41db-b93d-dab59ff93244'), condition=None, blocking_facility=None), RegisteredHandler(callback=<bound method Text._machine_var_change of <Text Widget text=>>, priority=1, kwargs={}, key=UUID('b9f83bcf-4a66-4230-af5f-72f3f37f14e8'), condition=None, blocking_facility=None)]. The order of those handlers is not defined and they will be executed in random order. This might lead to race conditions and potential bugs.
2025-09-19 14:58:16,394 : EventManager : Unordered handler for class <Text Widget text=> on event machine_var_player3_score with priority 1. Handlers: [RegisteredHandler(callback=<bound method Text._machine_var_change of <Text Widget text=>>, priority=1, kwargs={}, key=UUID('6f81c425-5a54-4818-b71b-a74e0f8d2c41'), condition=None, blocking_facility=None), RegisteredHandler(callback=<bound method Text._machine_var_change of <Text Widget text=>>, priority=1, kwargs={}, key=UUID('54e6cabd-0866-4835-a169-200f60462ca8'), condition=None, blocking_facility=None)]. The order of those handlers is not defined and they will be executed in random order. This might lead to race conditions and potential bugs.
2025-09-19 14:58:16,395 : EventManager : Unordered handler for class <Text Widget text=> on event machine_var_player2_score with priority 1. Handlers: [RegisteredHandler(callback=<bound method Text._machine_var_change of <Text Widget text=>>, priority=1, kwargs={}, key=UUID('68f5a5e2-ea68-4cfe-9a35-d2078565f02c'), condition=None, blocking_facility=None), RegisteredHandler(callback=<bound method Text._machine_var_change of <Text Widget text=>>, priority=1, kwargs={}, key=UUID('32da934e-82fc-4b94-8d7f-ef57a1b71c6d'), condition=None, blocking_facility=None)]. The order of those handlers is not defined and they will be executed in random order. This might lead to race conditions and potential bugs.
2025-09-19 14:58:16,396 : EventManager : Unordered handler for class <Text Widget text=140,190> on event machine_var_player1_score with priority 1. Handlers: [RegisteredHandler(callback=<bound method Text._machine_var_change of <Text Widget text=140,190>>, priority=1, kwargs={}, key=UUID('84b95898-cf78-444d-a579-97c2878d7166'), condition=None, blocking_facility=None), RegisteredHandler(callback=<bound method Text._machine_var_change of <Text Widget text=140,190>>, priority=1, kwargs={}, key=UUID('8709af2f-8faf-4cdd-8ebe-b2e42ef349b7'), condition=None, blocking_facility=None)]. The order of those handlers is not defined and they will be executed in random order. This might lead to race conditions and potential bugs.
2025-09-19 14:58:16,400 : EventManager : Event: ======'slide_last_game_score_slide_active'====== Args={}
2025-09-19 14:58:21,390 : EventManager : Event: ======'slides_play'====== Args={'settings': {'press_start_slide': {'widgets': [{'type': 'text', 'text': 'Press Start Button', 'font_size': 128, 'color': [0.0, 0.5019607843137255, 0.0, 1], 'font_name': 'ratcage', '_default_settings': ['type', 'text', 'font_size', 'color', 'font_name'], 'x': None, 'y': None, 'anchor_x': 'center', 'anchor_y': 'center', 'round_anchor_x': None, 'round_anchor_y': None, 'opacity': 1.0, 'z': 0, 'reset_animations_events': {}, 'style': [], 'adjust_top': 0, 'adjust_bottom': 0, 'adjust_left': 0, 'adjust_right': 0, 'expire': None, 'key': None, 'widget': None, 'events_when_added': [], 'events_when_removed': [], 'bitmap_font': False, 'font_kerning': True, 'bold': False, 'italic': False, 'number_grouping': False, 'min_digits': 0, 'halign': 'center', 'valign': 'middle', 'rotation': 0, 'scale': 1.0, 'casing': None, 'outline_color': [1.0, 1.0, 1.0, 1.0], 'outline_width': 0, 'animations': None}], 'transition': {'type': 'move_in', 'duration': 1.0, 'direction': 'right', 'easing': 'out_quad'}, 'target': None, 'background_color': [0.0, 0.0, 0.0, 1.0], 'priority': None, 'show': True, 'force': False, 'expire': None, 'slide': None, 'tokens': {}, 'action': 'play'}}, 'context': 'show_1', 'calling_context': 0, 'priority': 10, 'show_tokens': {}, 'start_time': 64289.39}
2025-09-19 14:58:21,391 : EventManager : Event: ======'slide_press_start_slide_removed'====== Args={}
2025-09-19 14:58:21,394 : EventManager : Event: ======'slide_press_start_slide_created'====== Args={}
2025-09-19 14:58:21,395 : EventManager : Event: ======'slide_press_start_slide_active'====== Args={}
2025-09-19 14:58:24,205 : EventManager : Event: ======'game_started'====== Args={}
2025-09-19 14:58:24,205 : EventManager : Event: ======'slides_clear'====== Args={'context': 'show_1'}
2025-09-19 14:58:24,205 : EventManager : Event: ======'player_added'====== Args={'player': <Player 1>, 'num': 1}
2025-09-19 14:58:24,205 : EventManager : Event: ======'player_index'====== Args={'value': 0, 'prev_value': 0, 'change': 0, 'player_num': 1}
2025-09-19 14:58:24,205 : EventManager : Event: ======'player_number'====== Args={'value': 1, 'prev_value': 1, 'change': 0, 'player_num': 1}
2025-09-19 14:58:24,205 : EventManager : Event: ======'player_score'====== Args={'value': 0, 'prev_value': 0, 'change': 0, 'player_num': 1}
2025-09-19 14:58:24,206 : EventManager : Event: ======'slide_last_game_score_slide_removed'====== Args={}
2025-09-19 14:58:24,208 : EventManager : Event: ======'slide_press_start_slide_removed'====== Args={}
2025-09-19 14:58:24,208 : EventManager : Event: ======'slide_welcome_slide_active'====== Args={}
2025-09-19 14:58:24,217 : EventManager : Event: ======'player_ball'====== Args={'value': 1, 'prev_value': 0, 'change': 1, 'player_num': 1}
2025-09-19 14:58:24,229 : EventManager : Event: ======'player_turn_start'====== Args={'number': 1, 'player': <Player 1>}
2025-09-19 14:58:24,229 : EventManager : Event: ======'slides_play'====== Args={'settings': {'widgets': {'widgets': [{'type': 'text', 'text': '(score)', 'number_grouping': True, 'min_digits': 2, 'font_size': 100, 'y': '50', 'font_name': 'ratcage', '_default_settings': ['type', 'text', 'number_grouping', 'min_digits', 'font_size', 'y', 'font_name'], 'x': None, 'anchor_x': 'center', 'anchor_y': 'center', 'round_anchor_x': None, 'round_anchor_y': None, 'opacity': 1.0, 'z': 0, 'reset_animations_events': {}, 'color': [1.0, 1.0, 1.0, 1.0], 'style': [], 'adjust_top': 0, 'adjust_bottom': 0, 'adjust_left': 0, 'adjust_right': 0, 'expire': None, 'key': None, 'widget': None, 'events_when_added': [], 'events_when_removed': [], 'bitmap_font': False, 'font_kerning': True, 'bold': False, 'italic': False, 'halign': 'center', 'valign': 'middle', 'rotation': 0, 'scale': 1.0, 'casing': None, 'outline_color': [1.0, 1.0, 1.0, 1.0], 'outline_width': 0, 'animations': None}, {'type': 'text', 'text': 'PLAYER (number)', 'y': '10', 'x': '10', 'font_size': 50, 'anchor_x': 'left', 'anchor_y': 'bottom', 'font_name': 'ratcage', '_default_settings': ['type', 'text', 'y', 'x', 'font_size', 'anchor_x', 'anchor_y', 'font_name'], 'round_anchor_x': None, 'round_anchor_y': None, 'opacity': 1.0, 'z': 0, 'reset_animations_events': {}, 'color': [1.0, 1.0, 1.0, 1.0], 'style': [], 'adjust_top': 0, 'adjust_bottom': 0, 'adjust_left': 0, 'adjust_right': 0, 'expire': None, 'key': None, 'widget': None, 'events_when_added': [], 'events_when_removed': [], 'bitmap_font': False, 'font_kerning': True, 'bold': False, 'italic': False, 'number_grouping': False, 'min_digits': 0, 'halign': 'center', 'valign': 'middle', 'rotation': 0, 'scale': 1.0, 'casing': None, 'outline_color': [1.0, 1.0, 1.0, 1.0], 'outline_width': 0, 'animations': None}, {'type': 'text', 'text': 'BALL (ball)', 'y': '10', 'x': 'right-10', 'anchor_x': 'right', 'anchor_y': 'bottom', 'font_size': 50, 'font_name': 'ratcage', '_default_settings': ['type', 'text', 'y', 'x', 'anchor_x', 'anchor_y', 'font_size', 'font_name'], 'round_anchor_x': None, 'round_anchor_y': None, 'opacity': 1.0, 'z': 0, 'reset_animations_events': {}, 'color': [1.0, 1.0, 1.0, 1.0], 'style': [], 'adjust_top': 0, 'adjust_bottom': 0, 'adjust_left': 0, 'adjust_right': 0, 'expire': None, 'key': None, 'widget': None, 'events_when_added': [], 'events_when_removed': [], 'bitmap_font': False, 'font_kerning': True, 'bold': False, 'italic': False, 'number_grouping': False, 'min_digits': 0, 'halign': 'center', 'valign': 'middle', 'rotation': 0, 'scale': 1.0, 'casing': None, 'outline_color': [1.0, 1.0, 1.0, 1.0], 'outline_width': 0, 'animations': None}], 'target': None, 'background_color': [0.0, 0.0, 0.0, 1.0], 'priority': None, 'show': True, 'force': False, 'expire': None, 'slide': None, 'tokens': {}, 'action': 'play'}}, 'context': 'base', 'calling_context': 'mode_base_started', 'priority': 100, 'queue': '<QueuedEvent>', 'player': 1, 'ball': 1, 'balls_remaining': 2, 'is_extra_ball': False}
2025-09-19 14:58:24,238 : EventManager : Event: ======'slide_base.slide_player-mode_base_started_created'====== Args={}
2025-09-19 14:58:24,243 : EventManager : Event: ======'slide_base.slide_player-mode_base_started_active'====== Args={}
2025-09-19 14:58:24,357 : EventManager : Event: ======'machine_var_audits_switches_s_plunger'====== Args={'value': 459, 'prev_value': 458, 'change': 1}
2025-09-19 14:58:29,387 : EventManager : Event: ======'machine_var_audits_switches_s_right_lower_pop'====== Args={'value': 285, 'prev_value': 284, 'change': 1}
2025-09-19 14:58:29,387 : EventManager : Event: ======'player_score'====== Args={'value': 1110, 'prev_value': 0, 'change': 1110, 'player_num': 1}
2025-09-19 14:58:31,918 : EventManager : Event: ======'machine_var_audits_switches_s_three_bank_bottom'====== Args={'value': 68, 'prev_value': 67, 'change': 1}
2025-09-19 14:58:31,918 : EventManager : Event: ======'player_score'====== Args={'value': 3330, 'prev_value': 1110, 'change': 2220, 'player_num': 1}
2025-09-19 14:58:33,123 : EventManager : Event: ======'machine_var_audits_switches_s_three_bank_middle'====== Args={'value': 66, 'prev_value': 65, 'change': 1}
2025-09-19 14:58:33,123 : EventManager : Event: ======'player_score'====== Args={'value': 5550, 'prev_value': 3330, 'change': 2220, 'player_num': 1}
2025-09-19 14:58:34,578 : EventManager : Event: ======'machine_var_audits_switches_s_three_bank_top'====== Args={'value': 62, 'prev_value': 61, 'change': 1}
2025-09-19 14:58:34,578 : EventManager : Event: ======'player_score'====== Args={'value': 7770, 'prev_value': 5550, 'change': 2220, 'player_num': 1}
2025-09-19 14:58:36,876 : EventManager : Event: ======'machine_var_audits_switches_s_three_bank_bottom'====== Args={'value': 69, 'prev_value': 68, 'change': 1}
2025-09-19 14:58:36,876 : EventManager : Event: ======'player_score'====== Args={'value': 9990, 'prev_value': 7770, 'change': 2220, 'player_num': 1}
2025-09-19 14:58:38,059 : EventManager : Event: ======'machine_var_audits_switches_s_three_bank_middle'====== Args={'value': 67, 'prev_value': 66, 'change': 1}
2025-09-19 14:58:38,059 : EventManager : Event: ======'player_score'====== Args={'value': 12210, 'prev_value': 9990, 'change': 2220, 'player_num': 1}
2025-09-19 14:58:39,478 : EventManager : Event: ======'machine_var_audits_switches_s_three_bank_top'====== Args={'value': 63, 'prev_value': 62, 'change': 1}
2025-09-19 14:58:39,478 : EventManager : Event: ======'player_score'====== Args={'value': 14430, 'prev_value': 12210, 'change': 2220, 'player_num': 1}
2025-09-19 14:58:46,104 : EventManager : Event: ======'machine_var_audits_switches_s_trough1'====== Args={'value': 219, 'prev_value': 218, 'change': 1}
2025-09-19 14:58:46,594 : EventManager : Event: ======'slides_clear'====== Args={'context': 'base'}
2025-09-19 14:58:46,594 : EventManager : Event: ======'slide_base.slide_player-mode_base_started_removed'====== Args={}
2025-09-19 14:58:46,594 : EventManager : Event: ======'slide_welcome_slide_active'====== Args={}
2025-09-19 14:58:46,617 : EventManager : Event: ======'player_ball'====== Args={'value': 2, 'prev_value': 1, 'change': 1, 'player_num': 1}
2025-09-19 14:58:46,629 : EventManager : Event: ======'slides_play'====== Args={'settings': {'widgets': {'widgets': [{'type': 'text', 'text': '(score)', 'number_grouping': True, 'min_digits': 2, 'font_size': 100, 'y': '50', 'font_name': 'ratcage', '_default_settings': ['type', 'text', 'number_grouping', 'min_digits', 'font_size', 'y', 'font_name'], 'x': None, 'anchor_x': 'center', 'anchor_y': 'center', 'round_anchor_x': None, 'round_anchor_y': None, 'opacity': 1.0, 'z': 0, 'reset_animations_events': {}, 'color': [1.0, 1.0, 1.0, 1.0], 'style': [], 'adjust_top': 0, 'adjust_bottom': 0, 'adjust_left': 0, 'adjust_right': 0, 'expire': None, 'key': None, 'widget': None, 'events_when_added': [], 'events_when_removed': [], 'bitmap_font': False, 'font_kerning': True, 'bold': False, 'italic': False, 'halign': 'center', 'valign': 'middle', 'rotation': 0, 'scale': 1.0, 'casing': None, 'outline_color': [1.0, 1.0, 1.0, 1.0], 'outline_width': 0, 'animations': None}, {'type': 'text', 'text': 'PLAYER (number)', 'y': '10', 'x': '10', 'font_size': 50, 'anchor_x': 'left', 'anchor_y': 'bottom', 'font_name': 'ratcage', '_default_settings': ['type', 'text', 'y', 'x', 'font_size', 'anchor_x', 'anchor_y', 'font_name'], 'round_anchor_x': None, 'round_anchor_y': None, 'opacity': 1.0, 'z': 0, 'reset_animations_events': {}, 'color': [1.0, 1.0, 1.0, 1.0], 'style': [], 'adjust_top': 0, 'adjust_bottom': 0, 'adjust_left': 0, 'adjust_right': 0, 'expire': None, 'key': None, 'widget': None, 'events_when_added': [], 'events_when_removed': [], 'bitmap_font': False, 'font_kerning': True, 'bold': False, 'italic': False, 'number_grouping': False, 'min_digits': 0, 'halign': 'center', 'valign': 'middle', 'rotation': 0, 'scale': 1.0, 'casing': None, 'outline_color': [1.0, 1.0, 1.0, 1.0], 'outline_width': 0, 'animations': None}, {'type': 'text', 'text': 'BALL (ball)', 'y': '10', 'x': 'right-10', 'anchor_x': 'right', 'anchor_y': 'bottom', 'font_size': 50, 'font_name': 'ratcage', '_default_settings': ['type', 'text', 'y', 'x', 'anchor_x', 'anchor_y', 'font_size', 'font_name'], 'round_anchor_x': None, 'round_anchor_y': None, 'opacity': 1.0, 'z': 0, 'reset_animations_events': {}, 'color': [1.0, 1.0, 1.0, 1.0], 'style': [], 'adjust_top': 0, 'adjust_bottom': 0, 'adjust_left': 0, 'adjust_right': 0, 'expire': None, 'key': None, 'widget': None, 'events_when_added': [], 'events_when_removed': [], 'bitmap_font': False, 'font_kerning': True, 'bold': False, 'italic': False, 'number_grouping': False, 'min_digits': 0, 'halign': 'center', 'valign': 'middle', 'rotation': 0, 'scale': 1.0, 'casing': None, 'outline_color': [1.0, 1.0, 1.0, 1.0], 'outline_width': 0, 'animations': None}], 'target': None, 'background_color': [0.0, 0.0, 0.0, 1.0], 'priority': None, 'show': True, 'force': False, 'expire': None, 'slide': None, 'tokens': {}, 'action': 'play'}}, 'context': 'base', 'calling_context': 'mode_base_started', 'priority': 100, 'queue': '<QueuedEvent>', 'player': 1, 'ball': 2, 'balls_remaining': 1, 'is_extra_ball': False}
2025-09-19 14:58:46,635 : EventManager : Event: ======'slide_base.slide_player-mode_base_started_created'====== Args={}
2025-09-19 14:58:46,640 : EventManager : Event: ======'slide_base.slide_player-mode_base_started_active'====== Args={}
2025-09-19 14:58:46,754 : EventManager : Event: ======'machine_var_audits_switches_s_plunger'====== Args={'value': 460, 'prev_value': 459, 'change': 1}
2025-09-19 14:58:52,261 : kivy : Base: Leaving application in progress...
2025-09-19 14:58:52,531 : mpfmc : Stopping...
2025-09-19 14:58:52,531 : EventManager : Event: ======'shutdown'====== Args={}
2025-09-19 14:58:52,531 : AudioInterface : Disabling audio playback
2025-09-19 14:58:52,531 : mpfmc : Loop rate 78.0 Hz
2025-09-19 14:58:52,531 : root : MC run loop ended.
2025-09-19 14:58:52,531 : root : Stopping child threads... (3 remaining)
2025-09-19 14:58:53,445 : mpfmc : Stopping...
2025-09-19 14:58:53,446 : EventManager : Event: ======'shutdown'====== Args={}
2025-09-19 14:58:53,446 : mpfmc : Loop rate 77.6 Hz
2025-09-19 14:58:53,500 : MPF-MC BCP Server : Stopping BCP sending thread
2025-09-19 14:58:53,535 : root : All child threads stopped.
