2025-10-19 20:47:21,074 : INFO : root : Loading config.
2025-10-19 20:47:21,079 : INFO : YamlMultifileConfigLoader : Machine config file #1: config.yaml
2025-10-19 20:47:21,080 : INFO : ConfigProcessor : Loading config from cache: C:\Users\sdona\AppData\Local\Temp\19f6d0d7953982fda9d956182316b8e5.mpf_cache
2025-10-19 20:47:21,192 : INFO : ConfigProcessor : Loading config from cache: C:\Users\sdona\AppData\Local\Temp\835b5bfea4be8b279a05e96caaaffbbb.mpf_cache
2025-10-19 20:47:21,194 : INFO : ConfigProcessor : Loading config from cache: C:\Users\sdona\AppData\Local\Temp\9b0a7575388f9d9bd2f6ab87bf9fd2f7.mpf_cache
2025-10-19 20:47:21,194 : WARNING : ConfigProcessor : Config file in cache changed: C:\venv\mpf\mmmdrop\modes\base\config\base.yaml
2025-10-19 20:47:21,194 : INFO : ConfigProcessor : Loading config from file C:\venv\mpf\mmmdrop\modes\base\config\base.yaml.
2025-10-19 20:47:21,207 : INFO : ConfigProcessor : Loading config: C:\venv\mpf\mmmdrop\modes\base\config\base.yaml
2025-10-19 20:47:21,209 : INFO : ConfigProcessor : Config file cache created: C:\Users\sdona\AppData\Local\Temp\c340ec0033d1055cd797ffd5447ef414.mpf_cache
2025-10-19 20:47:21,210 : INFO : ConfigProcessor : Loading config from cache: C:\Users\sdona\AppData\Local\Temp\835b5bfea4be8b279a05e96caaaffbbb.mpf_cache
2025-10-19 20:47:21,210 : INFO : ConfigProcessor : Loading config from cache: C:\Users\sdona\AppData\Local\Temp\8c11a28e3c38d4ad47947b6a126f2ee9.mpf_cache
2025-10-19 20:47:21,211 : INFO : ConfigProcessor : Loading config from cache: C:\Users\sdona\AppData\Local\Temp\e391083cdc9e667060411fe5838e93f2.mpf_cache
2025-10-19 20:47:21,212 : INFO : ConfigProcessor : Loading config from cache: C:\Users\sdona\AppData\Local\Temp\f0c219a993d891ee86dcb7eae47dde67.mpf_cache
2025-10-19 20:47:21,213 : INFO : ConfigProcessor : Loading config from cache: C:\Users\sdona\AppData\Local\Temp\96aa58108928490b129531848cd9b506.mpf_cache
2025-10-19 20:47:21,232 : INFO : ConfigProcessor : Loading config from cache: C:\Users\sdona\AppData\Local\Temp\567636b9d9766e3361204e954a8382da.mpf_cache
2025-10-19 20:47:21,245 : INFO : ConfigProcessor : Loading config from cache: C:\Users\sdona\AppData\Local\Temp\d5ead8dff868c6c4b1faf37537a19bc2.mpf_cache
2025-10-19 20:47:21,245 : INFO : ConfigProcessor : Loading config from cache: C:\Users\sdona\AppData\Local\Temp\112f935d1c2002cb40d3e6e497be9e7c.mpf_cache
2025-10-19 20:47:21,246 : INFO : ConfigProcessor : Loading config from cache: C:\Users\sdona\AppData\Local\Temp\aba0711976820dea629bb4c00b006efc.mpf_cache
2025-10-19 20:47:21,247 : INFO : ConfigProcessor : Loading config from cache: C:\Users\sdona\AppData\Local\Temp\de8ed6c6d4c48d1b5b054ff74222cb35.mpf_cache
2025-10-19 20:47:21,248 : INFO : ConfigProcessor : Loading config from cache: C:\Users\sdona\AppData\Local\Temp\e6b55d6a1c06b0dd6369c964181bf8d3.mpf_cache
2025-10-19 20:47:21,249 : INFO : ConfigProcessor : Loading config from cache: C:\Users\sdona\AppData\Local\Temp\64b6da5876f56fc970400d85dfe882ec.mpf_cache
2025-10-19 20:47:21,250 : INFO : ConfigProcessor : Loading config from cache: C:\Users\sdona\AppData\Local\Temp\b0b8ed4dbd306ac2f063788d81ec6bc4.mpf_cache
2025-10-19 20:47:21,251 : INFO : ConfigProcessor : Loading config from cache: C:\Users\sdona\AppData\Local\Temp\c25e7c71bc90546538d4e68911be6658.mpf_cache
2025-10-19 20:47:21,252 : INFO : ConfigProcessor : Loading config from cache: C:\Users\sdona\AppData\Local\Temp\b7a51086f1e3c926b3977a0d025a1faa.mpf_cache
2025-10-19 20:47:21,253 : INFO : ConfigProcessor : Loading config from cache: C:\Users\sdona\AppData\Local\Temp\479eb3ca656e084fa2e092204a5b8039.mpf_cache
2025-10-19 20:47:21,254 : INFO : ConfigProcessor : Loading config from cache: C:\Users\sdona\AppData\Local\Temp\bdb81eccbf19551abd8bea5fafeca7c0.mpf_cache
2025-10-19 20:47:21,254 : INFO : ConfigProcessor : Loading config from cache: C:\Users\sdona\AppData\Local\Temp\8f065719b93e886777277178babee650.mpf_cache
2025-10-19 20:47:21,256 : INFO : ConfigProcessor : Loading config from cache: C:\Users\sdona\AppData\Local\Temp\7fef0463a0df344c3146c845257ec616.mpf_cache
2025-10-19 20:47:21,256 : INFO : ConfigProcessor : Loading config from cache: C:\Users\sdona\AppData\Local\Temp\a4f333ad36a077996c49298642b6bdcf.mpf_cache
2025-10-19 20:47:21,257 : INFO : ConfigProcessor : Loading config from cache: C:\Users\sdona\AppData\Local\Temp\e8d69d74f27089cda2650299e9916804.mpf_cache
2025-10-19 20:47:21,257 : INFO : ConfigProcessor : Loading config from cache: C:\Users\sdona\AppData\Local\Temp\05530f35bd950f18d27d3fd571d96823.mpf_cache
2025-10-19 20:47:21,259 : INFO : Machine : Mission Pinball Framework Core Engine v0.80.0.dev9
2025-10-19 20:47:21,259 : INFO : Machine : Command line arguments: {'no_load_cache': False, 'create_config_cache': True, 'bcp': True, 'configfile': ['config.yaml'], 'force_assets_load': False, 'platform_integration_test': False, 'jsonlogging': False, 'logfile': 'logs\\2025-10-19-20-47-21-mpf-PinballLaptop.log', 'pause': False, 'production': False, 'text_ui': True, 'loglevel': 15, 'consoleloglevel': 20, 'force_platform': 'smart_virtual', 'syslog_address': None, 'full_logfile_path': 'C:\\venv\\mpf\\mmmdrop\\logs\\2025-10-19-20-47-21-mpf-PinballLaptop.log'}
2025-10-19 20:47:21,259 : INFO : Machine : MPF path: c:\venv\mpf\lib\site-packages\mpf
2025-10-19 20:47:21,259 : INFO : Machine : Machine path: C:\venv\mpf\mmmdrop
2025-10-19 20:47:21,259 : INFO : Machine : Platform: win32
2025-10-19 20:47:21,259 : INFO : Machine : Python executable location: c:\venv\mpf\Scripts\python.exe
2025-10-19 20:47:21,259 : INFO : Machine : Python version: 3.9.13 (64-bit)
2025-10-19 20:47:21,261 : INFO : Machine : Initializing MPF...
2025-10-19 20:47:21,495 : INFO : EventManager : Event: ======'machine_var_credits_string'====== Args={'value': 'FREE PLAY', 'prev_value': None, 'change': True}
2025-10-19 20:47:21,526 : INFO : EventManager : Event: ======'machine_var_fast_audio_headphones_volume'====== Args={'value': 10, 'prev_value': None, 'change': True}
2025-10-19 20:47:21,526 : INFO : EventManager : Event: ======'machine_var_fast_audio_main_volume'====== Args={'value': 44, 'prev_value': None, 'change': True}
2025-10-19 20:47:21,526 : INFO : EventManager : Event: ======'machine_var_master_volume'====== Args={'value': 0.55, 'prev_value': None, 'change': True}
2025-10-19 20:47:21,526 : INFO : EventManager : Event: ======'machine_var_player1_score'====== Args={'value': 4013890, 'prev_value': None, 'change': True}
2025-10-19 20:47:21,527 : INFO : EventManager : Event: ======'machine_var_game_just_played'====== Args={'value': 0, 'prev_value': None, 'change': True}
2025-10-19 20:47:21,527 : INFO : EventManager : Event: ======'machine_var_mpf_version'====== Args={'value': 'Mission Pinball Framework v0.80.0.dev9', 'prev_value': None, 'change': True}
2025-10-19 20:47:21,527 : INFO : EventManager : Event: ======'machine_var_mpf_extended_version'====== Args={'value': 'Mission Pinball Framework v0.80.0.dev9, Config version:6, Show version: 6, BCP version:1.1', 'prev_value': None, 'change': True}
2025-10-19 20:47:21,527 : INFO : EventManager : Event: ======'machine_var_python_version'====== Args={'value': '3.9.13', 'prev_value': None, 'change': True}
2025-10-19 20:47:21,556 : INFO : EventManager : Event: ======'machine_var_platform'====== Args={'value': 'Windows-10-10.0.26100-SP0', 'prev_value': None, 'change': True}
2025-10-19 20:47:21,557 : INFO : EventManager : Event: ======'machine_var_platform_system'====== Args={'value': 'Windows', 'prev_value': None, 'change': True}
2025-10-19 20:47:21,557 : INFO : EventManager : Event: ======'machine_var_platform_release'====== Args={'value': '10', 'prev_value': None, 'change': True}
2025-10-19 20:47:21,557 : INFO : EventManager : Event: ======'machine_var_platform_version'====== Args={'value': '10.0.26100', 'prev_value': None, 'change': True}
2025-10-19 20:47:21,557 : INFO : EventManager : Event: ======'machine_var_platform_machine'====== Args={'value': 'AMD64', 'prev_value': None, 'change': True}
2025-10-19 20:47:21,557 : INFO : EventManager : Event: ======'machine_var_log_file_path'====== Args={'value': 'C:\\venv\\mpf\\mmmdrop\\logs\\2025-10-19-20-47-21-mpf-PinballLaptop.log', 'prev_value': None, 'change': True}
2025-10-19 20:47:21,557 : INFO : EventManager : Event: ======'init_phase_1'====== Args={}
2025-10-19 20:47:21,605 : INFO : EventManager : Event: ======'drop_target_bank_three_bank_up'====== Args={}
2025-10-19 20:47:21,607 : INFO : EventManager : Event: ======'init_phase_2'====== Args={}
2025-10-19 20:47:21,608 : INFO : SwitchController : Found active switch: ('3208-0', <Platform.SmartVirtual>) <switch.s_trough1>
2025-10-19 20:47:21,608 : INFO : SwitchController : Found active switch: ('3208-1', <Platform.SmartVirtual>) <switch.s_trough2>
2025-10-19 20:47:21,608 : INFO : SwitchController : Found active switch: ('3208-2', <Platform.SmartVirtual>) <switch.s_trough3>
2025-10-19 20:47:21,608 : INFO : SwitchController : Found active switch: ('3208-3', <Platform.SmartVirtual>) <switch.s_trough4>
2025-10-19 20:47:21,608 : INFO : SwitchController : Found active switch: ('3208-4', <Platform.SmartVirtual>) <switch.s_trough5>
2025-10-19 20:47:21,608 : INFO : SwitchController : Found active switch: ('3208-5', <Platform.SmartVirtual>) <switch.s_trough6>
2025-10-19 20:47:21,622 : INFO : EventManager : Event: ======'bcp_connection_attempt'====== Args={'name': 'local_display', 'host': 'localhost', 'port': 5050}
2025-10-19 20:47:21,624 : INFO : BCPClientSocket : Connecting BCP to 'local_display' at localhost:5050...
2025-10-19 20:47:25,214 : INFO : BCPClientSocket : Connected BCP to 'local_display' localhost:5050
2025-10-19 20:47:25,215 : INFO : EventManager : Event: ======'bcp_clients_connected'====== Args={}
2025-10-19 20:47:25,368 : INFO : ball_device.bd_trough : BCH: Initial count: 6
2025-10-19 20:47:25,424 : INFO : ball_device.bd_trough : State: idle
2025-10-19 20:47:25,425 : INFO : ball_device.bd_plunger : BCH: Initial count: 0
2025-10-19 20:47:25,425 : INFO : ball_device.bd_plunger : State: idle
2025-10-19 20:47:25,425 : INFO : ball_device.bd_scoop : BCH: Initial count: 0
2025-10-19 20:47:25,426 : INFO : ball_device.bd_scoop : State: idle
2025-10-19 20:47:25,445 : INFO : EventManager : Event: ======'init_phase_3'====== Args={}
2025-10-19 20:47:25,457 : INFO : EventManager : Event: ======'init_phase_4'====== Args={}
2025-10-19 20:47:25,457 : INFO : BallController : Initial balls found: 6
2025-10-19 20:47:25,459 : INFO : EventManager : Event: ======'machine_var_audits_events_game_ended'====== Args={'value': 56, 'prev_value': None, 'change': True}
2025-10-19 20:47:25,459 : INFO : EventManager : Event: ======'machine_var_audits_events_game_started'====== Args={'value': 434, 'prev_value': None, 'change': True}
2025-10-19 20:47:25,459 : INFO : EventManager : Event: ======'machine_var_audits_missing_switches_s_captive_ball'====== Args={'value': 1, 'prev_value': None, 'change': True}
2025-10-19 20:47:25,459 : INFO : EventManager : Event: ======'machine_var_audits_missing_switches_s_center_upper_pop'====== Args={'value': 18, 'prev_value': None, 'change': True}
2025-10-19 20:47:25,459 : INFO : EventManager : Event: ======'machine_var_audits_missing_switches_s_inner_orbit'====== Args={'value': 90, 'prev_value': None, 'change': True}
2025-10-19 20:47:25,459 : INFO : EventManager : Event: ======'machine_var_audits_missing_switches_s_left_inlane'====== Args={'value': 90, 'prev_value': None, 'change': True}
2025-10-19 20:47:25,460 : INFO : EventManager : Event: ======'machine_var_audits_missing_switches_s_left_outlane'====== Args={'value': 178, 'prev_value': None, 'change': True}
2025-10-19 20:47:25,460 : INFO : EventManager : Event: ======'machine_var_audits_missing_switches_s_left_slingshot'====== Args={'value': 360, 'prev_value': None, 'change': True}
2025-10-19 20:47:25,460 : INFO : EventManager : Event: ======'machine_var_audits_missing_switches_s_left_upper_pop'====== Args={'value': 18, 'prev_value': None, 'change': True}
2025-10-19 20:47:25,460 : INFO : EventManager : Event: ======'machine_var_audits_missing_switches_s_right_inlane'====== Args={'value': 90, 'prev_value': None, 'change': True}
2025-10-19 20:47:25,460 : INFO : EventManager : Event: ======'machine_var_audits_missing_switches_s_right_lower_pop'====== Args={'value': 1, 'prev_value': None, 'change': True}
2025-10-19 20:47:25,460 : INFO : EventManager : Event: ======'machine_var_audits_missing_switches_s_right_outlane'====== Args={'value': 245, 'prev_value': None, 'change': True}
2025-10-19 20:47:25,460 : INFO : EventManager : Event: ======'machine_var_audits_missing_switches_s_right_slingshot'====== Args={'value': 210, 'prev_value': None, 'change': True}
2025-10-19 20:47:25,460 : INFO : EventManager : Event: ======'machine_var_audits_missing_switches_s_service_down'====== Args={'value': 79, 'prev_value': None, 'change': True}
2025-10-19 20:47:25,461 : INFO : EventManager : Event: ======'machine_var_audits_missing_switches_s_service_enter'====== Args={'value': 79, 'prev_value': None, 'change': True}
2025-10-19 20:47:25,461 : INFO : EventManager : Event: ======'machine_var_audits_missing_switches_s_service_esc'====== Args={'value': 79, 'prev_value': None, 'change': True}
2025-10-19 20:47:25,461 : INFO : EventManager : Event: ======'machine_var_audits_missing_switches_s_service_up'====== Args={'value': 52, 'prev_value': None, 'change': True}
2025-10-19 20:47:25,461 : INFO : EventManager : Event: ======'machine_var_audits_missing_switches_s_spinner'====== Args={'value': 23, 'prev_value': None, 'change': True}
2025-10-19 20:47:25,461 : INFO : EventManager : Event: ======'machine_var_audits_missing_switches_s_start'====== Args={'value': 18, 'prev_value': None, 'change': True}
2025-10-19 20:47:25,461 : INFO : EventManager : Event: ======'machine_var_audits_missing_switches_s_three_bank_middle'====== Args={'value': 5, 'prev_value': None, 'change': True}
2025-10-19 20:47:25,461 : INFO : EventManager : Event: ======'machine_var_audits_missing_switches_s_three_bank_standup'====== Args={'value': 18, 'prev_value': None, 'change': True}
2025-10-19 20:47:25,461 : INFO : EventManager : Event: ======'machine_var_audits_missing_switches_s_three_bank_top'====== Args={'value': 2, 'prev_value': None, 'change': True}
2025-10-19 20:47:25,461 : INFO : EventManager : Event: ======'machine_var_audits_missing_switches_s_tilt_bob'====== Args={'value': 43, 'prev_value': None, 'change': True}
2025-10-19 20:47:25,461 : INFO : EventManager : Event: ======'machine_var_audits_missing_switches_s_top_right_flipper'====== Args={'value': 360, 'prev_value': None, 'change': True}
2025-10-19 20:47:25,461 : INFO : EventManager : Event: ======'machine_var_audits_missing_switches_s_trough1'====== Args={'value': 8, 'prev_value': None, 'change': True}
2025-10-19 20:47:25,462 : INFO : EventManager : Event: ======'machine_var_audits_missing_switches_s_trough2'====== Args={'value': 18, 'prev_value': None, 'change': True}
2025-10-19 20:47:25,462 : INFO : EventManager : Event: ======'machine_var_audits_missing_switches_s_trough3'====== Args={'value': 18, 'prev_value': None, 'change': True}
2025-10-19 20:47:25,462 : INFO : EventManager : Event: ======'machine_var_audits_missing_switches_s_trough4'====== Args={'value': 359, 'prev_value': None, 'change': True}
2025-10-19 20:47:25,462 : INFO : EventManager : Event: ======'machine_var_audits_missing_switches_s_trough5'====== Args={'value': 359, 'prev_value': None, 'change': True}
2025-10-19 20:47:25,462 : INFO : EventManager : Event: ======'machine_var_audits_missing_switches_s_trough6'====== Args={'value': 209, 'prev_value': None, 'change': True}
2025-10-19 20:47:25,462 : INFO : EventManager : Event: ======'machine_var_audits_missing_switches_s_trough_jam'====== Args={'value': 360, 'prev_value': None, 'change': True}
2025-10-19 20:47:25,462 : INFO : EventManager : Event: ======'machine_var_audits_missing_switches_s_tshirt_bottom_standup'====== Args={'value': 9, 'prev_value': None, 'change': True}
2025-10-19 20:47:25,462 : INFO : EventManager : Event: ======'machine_var_audits_missing_switches_s_tshirt_top_standup'====== Args={'value': 1, 'prev_value': None, 'change': True}
2025-10-19 20:47:25,463 : INFO : EventManager : Event: ======'machine_var_audits_missing_switches_s_upper_pop_standup'====== Args={'value': 18, 'prev_value': None, 'change': True}
2025-10-19 20:47:25,463 : INFO : EventManager : Event: ======'machine_var_audits_missing_switches_service_esc'====== Args={'value': 1, 'prev_value': None, 'change': True}
2025-10-19 20:47:25,463 : INFO : EventManager : Event: ======'machine_var_audits_player_score'====== Args={'value': {'average': 7545720, 'top': [147275560, 142237180, 38155360, 32035610, 6038970, 6022290, 6019980, 6019980, 6019980, 6019980], 'total': 60}, 'prev_value': None, 'change': True}
2025-10-19 20:47:25,463 : INFO : EventManager : Event: ======'machine_var_audits_shots_bottom_drop'====== Args={'value': 3, 'prev_value': None, 'change': True}
2025-10-19 20:47:25,463 : INFO : EventManager : Event: ======'machine_var_audits_shots_captive_ball'====== Args={'value': 1, 'prev_value': None, 'change': True}
2025-10-19 20:47:25,463 : INFO : EventManager : Event: ======'machine_var_audits_shots_left_orbit'====== Args={'value': 3, 'prev_value': None, 'change': True}
2025-10-19 20:47:25,464 : INFO : EventManager : Event: ======'machine_var_audits_shots_left_ramp'====== Args={'value': 7, 'prev_value': None, 'change': True}
2025-10-19 20:47:25,464 : INFO : EventManager : Event: ======'machine_var_audits_shots_middle_drop'====== Args={'value': 1, 'prev_value': None, 'change': True}
2025-10-19 20:47:25,464 : INFO : EventManager : Event: ======'machine_var_audits_shots_pop3'====== Args={'value': 6, 'prev_value': None, 'change': True}
2025-10-19 20:47:25,464 : INFO : EventManager : Event: ======'machine_var_audits_shots_pop_standup'====== Args={'value': 4, 'prev_value': None, 'change': True}
2025-10-19 20:47:25,464 : INFO : EventManager : Event: ======'machine_var_audits_shots_right_orbit'====== Args={'value': 3, 'prev_value': None, 'change': True}
2025-10-19 20:47:25,464 : INFO : EventManager : Event: ======'machine_var_audits_shots_right_ramp'====== Args={'value': 8, 'prev_value': None, 'change': True}
2025-10-19 20:47:25,464 : INFO : EventManager : Event: ======'machine_var_audits_shots_scoop'====== Args={'value': 10, 'prev_value': None, 'change': True}
2025-10-19 20:47:25,464 : INFO : EventManager : Event: ======'machine_var_audits_shots_skill_captive'====== Args={'value': 16, 'prev_value': None, 'change': True}
2025-10-19 20:47:25,464 : INFO : EventManager : Event: ======'machine_var_audits_shots_skill_drop_targets'====== Args={'value': 240, 'prev_value': None, 'change': True}
2025-10-19 20:47:25,464 : INFO : EventManager : Event: ======'machine_var_audits_shots_skill_side_targets'====== Args={'value': 27, 'prev_value': None, 'change': True}
2025-10-19 20:47:25,464 : INFO : EventManager : Event: ======'machine_var_audits_shots_skillshot_drop_targets'====== Args={'value': 12, 'prev_value': None, 'change': True}
2025-10-19 20:47:25,464 : INFO : EventManager : Event: ======'machine_var_audits_shots_skillshot_side_targets'====== Args={'value': 5, 'prev_value': None, 'change': True}
2025-10-19 20:47:25,464 : INFO : EventManager : Event: ======'machine_var_audits_shots_top_drop'====== Args={'value': 4, 'prev_value': None, 'change': True}
2025-10-19 20:47:25,464 : INFO : EventManager : Event: ======'machine_var_audits_shots_tshirt_top_standup'====== Args={'value': 1, 'prev_value': None, 'change': True}
2025-10-19 20:47:25,466 : INFO : EventManager : Event: ======'machine_var_audits_switches_s_captive_ball'====== Args={'value': 193, 'prev_value': None, 'change': True}
2025-10-19 20:47:25,466 : INFO : EventManager : Event: ======'machine_var_audits_switches_s_center_upper_pop'====== Args={'value': 220, 'prev_value': None, 'change': True}
2025-10-19 20:47:25,466 : INFO : EventManager : Event: ======'machine_var_audits_switches_s_inner_orbit'====== Args={'value': 1, 'prev_value': None, 'change': True}
2025-10-19 20:47:25,466 : INFO : EventManager : Event: ======'machine_var_audits_switches_s_left_flipper'====== Args={'value': 1280, 'prev_value': None, 'change': True}
2025-10-19 20:47:25,466 : INFO : EventManager : Event: ======'machine_var_audits_switches_s_left_inlane'====== Args={'value': 111, 'prev_value': None, 'change': True}
2025-10-19 20:47:25,466 : INFO : EventManager : Event: ======'machine_var_audits_switches_s_left_orbit'====== Args={'value': 77, 'prev_value': None, 'change': True}
2025-10-19 20:47:25,466 : INFO : EventManager : Event: ======'machine_var_audits_switches_s_left_outlane'====== Args={'value': 56, 'prev_value': None, 'change': True}
2025-10-19 20:47:25,466 : INFO : EventManager : Event: ======'machine_var_audits_switches_s_left_ramp'====== Args={'value': 141, 'prev_value': None, 'change': True}
2025-10-19 20:47:25,466 : INFO : EventManager : Event: ======'machine_var_audits_switches_s_left_slingshot'====== Args={'value': 259, 'prev_value': None, 'change': True}
2025-10-19 20:47:25,467 : INFO : EventManager : Event: ======'machine_var_audits_switches_s_left_upper_pop'====== Args={'value': 161, 'prev_value': None, 'change': True}
2025-10-19 20:47:25,467 : INFO : EventManager : Event: ======'machine_var_audits_switches_s_plunger'====== Args={'value': 1160, 'prev_value': None, 'change': True}
2025-10-19 20:47:25,467 : INFO : EventManager : Event: ======'machine_var_audits_switches_s_pop_standup'====== Args={'value': 125, 'prev_value': None, 'change': True}
2025-10-19 20:47:25,467 : INFO : EventManager : Event: ======'machine_var_audits_switches_s_right_flipper'====== Args={'value': 1614, 'prev_value': None, 'change': True}
2025-10-19 20:47:25,467 : INFO : EventManager : Event: ======'machine_var_audits_switches_s_right_inlane'====== Args={'value': 107, 'prev_value': None, 'change': True}
2025-10-19 20:47:25,467 : INFO : EventManager : Event: ======'machine_var_audits_switches_s_right_lower_pop'====== Args={'value': 754, 'prev_value': None, 'change': True}
2025-10-19 20:47:25,467 : INFO : EventManager : Event: ======'machine_var_audits_switches_s_right_orbit'====== Args={'value': 79, 'prev_value': None, 'change': True}
2025-10-19 20:47:25,467 : INFO : EventManager : Event: ======'machine_var_audits_switches_s_right_outlane'====== Args={'value': 53, 'prev_value': None, 'change': True}
2025-10-19 20:47:25,467 : INFO : EventManager : Event: ======'machine_var_audits_switches_s_right_ramp'====== Args={'value': 156, 'prev_value': None, 'change': True}
2025-10-19 20:47:25,467 : INFO : EventManager : Event: ======'machine_var_audits_switches_s_right_slingshot'====== Args={'value': 366, 'prev_value': None, 'change': True}
2025-10-19 20:47:25,467 : INFO : EventManager : Event: ======'machine_var_audits_switches_s_scoop'====== Args={'value': 353, 'prev_value': None, 'change': True}
2025-10-19 20:47:25,468 : INFO : EventManager : Event: ======'machine_var_audits_switches_s_service_down'====== Args={'value': 0, 'prev_value': None, 'change': True}
2025-10-19 20:47:25,468 : INFO : EventManager : Event: ======'machine_var_audits_switches_s_service_enter'====== Args={'value': 0, 'prev_value': None, 'change': True}
2025-10-19 20:47:25,468 : INFO : EventManager : Event: ======'machine_var_audits_switches_s_service_esc'====== Args={'value': 0, 'prev_value': None, 'change': True}
2025-10-19 20:47:25,468 : INFO : EventManager : Event: ======'machine_var_audits_switches_s_service_up'====== Args={'value': 1, 'prev_value': None, 'change': True}
2025-10-19 20:47:25,468 : INFO : EventManager : Event: ======'machine_var_audits_switches_s_spinner'====== Args={'value': 2058, 'prev_value': None, 'change': True}
2025-10-19 20:47:25,468 : INFO : EventManager : Event: ======'machine_var_audits_switches_s_start'====== Args={'value': 67, 'prev_value': None, 'change': True}
2025-10-19 20:47:25,468 : INFO : EventManager : Event: ======'machine_var_audits_switches_s_three_bank_bottom'====== Args={'value': 496, 'prev_value': None, 'change': True}
2025-10-19 20:47:25,468 : INFO : EventManager : Event: ======'machine_var_audits_switches_s_three_bank_middle'====== Args={'value': 532, 'prev_value': None, 'change': True}
2025-10-19 20:47:25,468 : INFO : EventManager : Event: ======'machine_var_audits_switches_s_three_bank_standup'====== Args={'value': 241, 'prev_value': None, 'change': True}
2025-10-19 20:47:25,468 : INFO : EventManager : Event: ======'machine_var_audits_switches_s_three_bank_top'====== Args={'value': 542, 'prev_value': None, 'change': True}
2025-10-19 20:47:25,468 : INFO : EventManager : Event: ======'machine_var_audits_switches_s_tilt_bob'====== Args={'value': 45, 'prev_value': None, 'change': True}
2025-10-19 20:47:25,469 : INFO : EventManager : Event: ======'machine_var_audits_switches_s_top_right_flipper'====== Args={'value': 1294, 'prev_value': None, 'change': True}
2025-10-19 20:47:25,469 : INFO : EventManager : Event: ======'machine_var_audits_switches_s_trough1'====== Args={'value': 381, 'prev_value': None, 'change': True}
2025-10-19 20:47:25,469 : INFO : EventManager : Event: ======'machine_var_audits_switches_s_trough2'====== Args={'value': 303, 'prev_value': None, 'change': True}
2025-10-19 20:47:25,469 : INFO : EventManager : Event: ======'machine_var_audits_switches_s_trough3'====== Args={'value': 228, 'prev_value': None, 'change': True}
2025-10-19 20:47:25,469 : INFO : EventManager : Event: ======'machine_var_audits_switches_s_trough4'====== Args={'value': 160, 'prev_value': None, 'change': True}
2025-10-19 20:47:25,469 : INFO : EventManager : Event: ======'machine_var_audits_switches_s_trough5'====== Args={'value': 160, 'prev_value': None, 'change': True}
2025-10-19 20:47:25,469 : INFO : EventManager : Event: ======'machine_var_audits_switches_s_trough6'====== Args={'value': 161, 'prev_value': None, 'change': True}
2025-10-19 20:47:25,469 : INFO : EventManager : Event: ======'machine_var_audits_switches_s_trough_jam'====== Args={'value': 206, 'prev_value': None, 'change': True}
2025-10-19 20:47:25,470 : INFO : EventManager : Event: ======'machine_var_audits_switches_s_tshirt_bottom_standup'====== Args={'value': 40, 'prev_value': None, 'change': True}
2025-10-19 20:47:25,470 : INFO : EventManager : Event: ======'machine_var_audits_switches_s_tshirt_top_standup'====== Args={'value': 68, 'prev_value': None, 'change': True}
2025-10-19 20:47:25,470 : INFO : EventManager : Event: ======'machine_var_audits_switches_s_upper_pop_standup'====== Args={'value': 174, 'prev_value': None, 'change': True}
2025-10-19 20:47:25,470 : INFO : EventManager : Event: ======'machine_var_audits_switches_service_down'====== Args={'value': 1, 'prev_value': None, 'change': True}
2025-10-19 20:47:25,470 : INFO : EventManager : Event: ======'machine_var_audits_switches_service_enter'====== Args={'value': 2, 'prev_value': None, 'change': True}
2025-10-19 20:47:25,470 : INFO : EventManager : Event: ======'machine_var_audits_switches_service_esc'====== Args={'value': 0, 'prev_value': None, 'change': True}
2025-10-19 20:47:25,470 : INFO : EventManager : Event: ======'machine_var_audits_switches_service_up'====== Args={'value': 2, 'prev_value': None, 'change': True}
2025-10-19 20:47:25,471 : INFO : EventManager : Event: ======'init_phase_5'====== Args={}
2025-10-19 20:47:25,488 : INFO : EventManager : Event: ======'init_done'====== Args={}
2025-10-19 20:47:25,489 : INFO : EventManager : Event: ======'machine_reset_phase_1'====== Args={}
2025-10-19 20:47:25,499 : INFO : EventManager : Event: ======'machine_reset_phase_2'====== Args={}
2025-10-19 20:47:25,500 : INFO : EventManager : Event: ======'game_just_played'====== Args={'priority': 0, 'action': 'set_machine', 'int': 0}
2025-10-19 20:47:25,500 : INFO : EventManager : Event: ======'machine_reset_phase_3'====== Args={}
2025-10-19 20:47:25,500 : INFO : EventManager : Event: ======'mode_tilt_will_start'====== Args={'queue': <QueuedEvent>}
2025-10-19 20:47:25,502 : INFO : EventManager : Event: ======'mode_tilt_starting'====== Args={'queue': <QueuedEvent>}
2025-10-19 20:47:25,502 : INFO : drop_target_bank.three_bank : All targets are already up. Will not reset bank.
2025-10-19 20:47:25,502 : INFO : Mode.tilt : Started. Priority: 1000000
2025-10-19 20:47:25,502 : INFO : EventManager : Event: ======'modes_active_modes_changed'====== Args={}
2025-10-19 20:47:25,502 : INFO : EventManager : Event: ======'mode_tilt_started'====== Args={'queue': <QueuedEvent>}
2025-10-19 20:47:25,502 : INFO : EventManager : Event: ======'reset_complete'====== Args={}
2025-10-19 20:47:25,504 : INFO : EventManager : Event: ======'mode_service_will_start'====== Args={}
2025-10-19 20:47:25,504 : INFO : EventManager : Event: ======'mode_service_starting'====== Args={}
2025-10-19 20:47:25,505 : INFO : EventManager : Event: ======'mode_attract_will_start'====== Args={}
2025-10-19 20:47:25,505 : INFO : Timer.attract_intro_timer : Starting Timer.
2025-10-19 20:47:25,505 : INFO : EventManager : Event: ======'timer_attract_intro_timer_started'====== Args={'ticks': 0, 'ticks_remaining': 16}
2025-10-19 20:47:25,505 : INFO : EventManager : Event: ======'timer_attract_intro_timer_tick'====== Args={'ticks': 0, 'ticks_remaining': 16}
2025-10-19 20:47:25,508 : INFO : EventManager : Event: ======'mode_attract_starting'====== Args={}
2025-10-19 20:47:25,508 : INFO : Mode.attract : Started. Priority: 10
2025-10-19 20:47:25,508 : INFO : EventManager : Event: ======'modes_active_modes_changed'====== Args={}
2025-10-19 20:47:25,508 : INFO : EventManager : Event: ======'mode_attract_started'====== Args={}
2025-10-19 20:47:25,509 : INFO : EventManager : Event: ======'timer_attract_intro_timer_tick'====== Args={'ticks': 0, 'ticks_remaining': 16}
2025-10-19 20:47:25,510 : INFO : EventManager : Event: ======'collecting_balls_complete'====== Args={}
2025-10-19 20:47:25,511 : INFO : EventManager : Event: ======'item_highlighted'====== Args={'carousel': 'attract', 'direction': None, 'item': 'mpf_logo'}
2025-10-19 20:47:25,512 : INFO : Timer.attract_carousel_timer : Starting Timer.
2025-10-19 20:47:25,512 : INFO : EventManager : Event: ======'timer_attract_carousel_timer_started'====== Args={'ticks': 0, 'ticks_remaining': 1}
2025-10-19 20:47:25,512 : INFO : EventManager : Event: ======'timer_attract_carousel_timer_tick'====== Args={'ticks': 0, 'ticks_remaining': 1}
2025-10-19 20:47:25,512 : INFO : Mode.service : Started. Priority: 100000
2025-10-19 20:47:25,512 : INFO : EventManager : Event: ======'modes_active_modes_changed'====== Args={}
2025-10-19 20:47:25,512 : INFO : EventManager : Event: ======'mode_service_started'====== Args={}
2025-10-19 20:47:25,535 : INFO : EventManager : Event: ======'slide_loading_created'====== Args={'_from_bcp': True}
2025-10-19 20:47:25,535 : INFO : EventManager : Event: ======'slide__removed'====== Args={'_from_bcp': True}
2025-10-19 20:47:25,535 : INFO : EventManager : Event: ======'slide_loading_active'====== Args={'original_context': '_global', 'original_calling_context': 'init_done', 'priority': 0.0, 'cmd': 'slides_play', '_from_bcp': True}
2025-10-19 20:47:25,537 : INFO : BcpServer : New client connected.
2025-10-19 20:47:25,545 : INFO : Machine : Starting the main run loop with active modes: [<Mode.tilt>, <Mode.service>, <Mode.attract>]
2025-10-19 20:47:25,578 : INFO : EventManager : Event: ======'slide_attract_load_created'====== Args={'_from_bcp': True}
2025-10-19 20:47:25,579 : INFO : EventManager : Event: ======'slide_loading_inactive'====== Args={'is_removing': True, '_from_bcp': True}
2025-10-19 20:47:25,580 : INFO : EventManager : Event: ======'slide_attract_load_active'====== Args={'original_context': 'attract', 'original_calling_context': 'mode_attract_started{machine.game_just_played==0}', 'priority': 10.0, 'cmd': 'slides_play', '_from_bcp': True}
2025-10-19 20:47:25,580 : INFO : EventManager : Event: ======'slide_loading_removed'====== Args={'_from_bcp': True}
2025-10-19 20:47:26,519 : INFO : EventManager : Event: ======'timer_attract_intro_timer_tick'====== Args={'ticks': 1, 'ticks_remaining': 15}
2025-10-19 20:47:27,515 : INFO : EventManager : Event: ======'timer_attract_intro_timer_tick'====== Args={'ticks': 2, 'ticks_remaining': 14}
2025-10-19 20:47:28,521 : INFO : EventManager : Event: ======'timer_attract_intro_timer_tick'====== Args={'ticks': 3, 'ticks_remaining': 13}
2025-10-19 20:47:29,531 : INFO : EventManager : Event: ======'timer_attract_intro_timer_tick'====== Args={'ticks': 4, 'ticks_remaining': 12}
2025-10-19 20:47:30,518 : INFO : EventManager : Event: ======'timer_attract_intro_timer_tick'====== Args={'ticks': 5, 'ticks_remaining': 11}
2025-10-19 20:47:30,519 : INFO : Timer.attract_carousel_timer : Timer Complete
2025-10-19 20:47:30,519 : INFO : Timer.attract_carousel_timer : Stopping Timer
2025-10-19 20:47:30,519 : INFO : EventManager : Event: ======'timer_attract_carousel_timer_stopped'====== Args={'ticks': 1, 'ticks_remaining': 1}
2025-10-19 20:47:30,519 : INFO : EventManager : Event: ======'timer_attract_carousel_timer_complete'====== Args={'ticks': 1, 'ticks_remaining': 1}
2025-10-19 20:47:30,519 : INFO : EventManager : Event: ======'item_highlighted'====== Args={'carousel': 'attract', 'direction': 'forwards', 'item': 'fast_logo'}
2025-10-19 20:47:30,522 : INFO : Timer.attract_carousel_timer : Starting Timer.
2025-10-19 20:47:30,523 : INFO : EventManager : Event: ======'timer_attract_carousel_timer_started'====== Args={'ticks': 0, 'ticks_remaining': 1}
2025-10-19 20:47:30,523 : INFO : EventManager : Event: ======'timer_attract_carousel_timer_tick'====== Args={'ticks': 0, 'ticks_remaining': 1}
2025-10-19 20:47:30,653 : INFO : SwitchController : <<<<<<< 's_start' active >>>>>>>
2025-10-19 20:47:30,784 : INFO : SwitchController : <<<<<<< 's_start' inactive >>>>>>>
2025-10-19 20:47:30,784 : INFO : EventManager : Event: ======'sw_start_inactive'====== Args={}
2025-10-19 20:47:30,784 : INFO : EventManager : Event: ======'request_to_start_game'====== Args={}
2025-10-19 20:47:30,785 : INFO : EventManager : Event: ======'game_start'====== Args={'buttons': [], 'hold_time': 0.14100000000325963}
2025-10-19 20:47:30,785 : INFO : EventManager : Event: ======'mode_game_will_start'====== Args={'buttons': [], 'hold_time': 0.14100000000325963}
2025-10-19 20:47:30,787 : INFO : EventManager : Event: ======'mode_game_starting'====== Args={'buttons': [], 'hold_time': 0.14100000000325963}
2025-10-19 20:47:30,788 : INFO : EventManager : Event: ======'mode_attract_will_stop'====== Args={}
2025-10-19 20:47:30,788 : INFO : EventManager : Event: ======'mode_attract_stopping'====== Args={}
2025-10-19 20:47:30,788 : INFO : Mode.game : Started. Priority: 20
2025-10-19 20:47:30,788 : INFO : EventManager : Event: ======'modes_active_modes_changed'====== Args={}
2025-10-19 20:47:30,788 : INFO : EventManager : Event: ======'mode_game_started'====== Args={'buttons': [], 'hold_time': 0.14100000000325963}
2025-10-19 20:47:30,800 : INFO : Mode.attract : Stopped.
2025-10-19 20:47:30,801 : INFO : EventManager : Event: ======'modes_active_modes_changed'====== Args={}
2025-10-19 20:47:30,801 : INFO : EventManager : Event: ======'mode_attract_stopped'====== Args={}
2025-10-19 20:47:30,801 : INFO : EventManager : Event: ======'clear'====== Args={'key': 'attract'}
2025-10-19 20:47:30,802 : INFO : Timer.attract_intro_timer : Stopping Timer
2025-10-19 20:47:30,802 : INFO : EventManager : Event: ======'timer_attract_intro_timer_stopped'====== Args={'ticks': 5, 'ticks_remaining': 11}
2025-10-19 20:47:30,802 : INFO : Timer.attract_carousel_timer : Stopping Timer
2025-10-19 20:47:30,802 : INFO : EventManager : Event: ======'timer_attract_carousel_timer_stopped'====== Args={'ticks': 0, 'ticks_remaining': 1}
2025-10-19 20:47:30,802 : INFO : EventManager : Event: ======'game_will_start'====== Args={}
2025-10-19 20:47:30,816 : INFO : EventManager : Event: ======'game_starting'====== Args={'game': <Mode.game>}
2025-10-19 20:47:30,819 : INFO : EventManager : Unordered handler for class <Auditor> on event game_ended with priority 1. Handlers: [RegisteredHandler(callback=<bound method Auditor.disable of <Auditor>>, priority=1, kwargs={}, key=UUID('4d7cadaf-f4f9-4d17-9023-6b12762b81cd'), condition=None, blocking_facility=None), RegisteredHandler(callback=<bound method Auditor._save_audits of <Auditor>>, priority=1, kwargs={}, key=UUID('eb74b3ea-6a1e-4210-89eb-ec0b4600dde1'), condition=None, blocking_facility=None)]. The order of those handlers is not defined and they will be executed in random order. This might lead to race conditions and potential bugs.
2025-10-19 20:47:30,819 : INFO : EventManager : Event: ======'player_add_request'====== Args={}
2025-10-19 20:47:30,820 : INFO : EventManager : Event: ======'player_will_add'====== Args={'number': 1}
2025-10-19 20:47:30,820 : INFO : EventManager : Event: ======'player_adding'====== Args={'player': <Player 1>, 'number': 1}
2025-10-19 20:47:30,820 : INFO : EventManager : Event: ======'player_added'====== Args={'player': <Player 1>, 'num': 1}
2025-10-19 20:47:30,820 : INFO : Mode.game : Player added successfully. Total players: 1
2025-10-19 20:47:30,821 : INFO : EventManager : Event: ======'player_index'====== Args={'value': 0, 'prev_value': 0, 'change': 0, 'player_num': 1}
2025-10-19 20:47:30,821 : INFO : EventManager : Event: ======'player_number'====== Args={'value': 1, 'prev_value': 1, 'change': 0, 'player_num': 1}
2025-10-19 20:47:30,822 : INFO : EventManager : Event: ======'player_score'====== Args={'value': 0, 'prev_value': 0, 'change': 0, 'player_num': 1}
2025-10-19 20:47:30,823 : INFO : EventManager : Event: ======'game_started'====== Args={}
2025-10-19 20:47:30,824 : INFO : EventManager : Event: ======'machine_var_game_just_played'====== Args={'value': 1, 'prev_value': 0, 'change': 1}
2025-10-19 20:47:30,844 : INFO : EventManager : Event: ======'player_turn_will_start'====== Args={'player': <Player 1>, 'number': 1}
2025-10-19 20:47:30,845 : INFO : EventManager : Event: ======'player_turn_starting'====== Args={'player': <Player 1>, 'number': 1}
2025-10-19 20:47:30,845 : INFO : EventManager : Event: ======'player_ball'====== Args={'value': 1, 'prev_value': 0, 'change': 1, 'player_num': 1}
2025-10-19 20:47:30,846 : INFO : EventManager : Event: ======'player_turn_started'====== Args={'player': <Player 1>, 'number': 1}
2025-10-19 20:47:30,847 : INFO : EventManager : Event: ======'ball_will_start'====== Args={'player': 1, 'ball': 1, 'balls_remaining': 2, 'is_extra_ball': False}
2025-10-19 20:47:30,852 : INFO : EventManager : Event: ======'ball_starting'====== Args={'player': 1, 'ball': 1, 'balls_remaining': 2, 'is_extra_ball': False}
2025-10-19 20:47:30,854 : INFO : EventManager : Event: ======'mode_base_will_start'====== Args={'queue': <QueuedEvent>, 'player': 1, 'ball': 1, 'balls_remaining': 2, 'is_extra_ball': False}
2025-10-19 20:47:30,855 : INFO : EventManager : Event: ======'player_shot_left_orbit_enabled'====== Args={'value': True, 'prev_value': 0, 'change': 1, 'player_num': 1}
2025-10-19 20:47:30,856 : INFO : EventManager : Event: ======'player_shot_right_orbit_enabled'====== Args={'value': True, 'prev_value': 0, 'change': 1, 'player_num': 1}
2025-10-19 20:47:30,857 : INFO : EventManager : Event: ======'player_shot_inner_loop_enabled'====== Args={'value': True, 'prev_value': 0, 'change': 1, 'player_num': 1}
2025-10-19 20:47:30,858 : INFO : EventManager : Event: ======'player_shot_right_ramp_enabled'====== Args={'value': True, 'prev_value': 0, 'change': 1, 'player_num': 1}
2025-10-19 20:47:30,858 : INFO : EventManager : Event: ======'player_shot_left_ramp_enabled'====== Args={'value': True, 'prev_value': 0, 'change': 1, 'player_num': 1}
2025-10-19 20:47:30,859 : INFO : EventManager : Event: ======'player_shot_pop_standup_enabled'====== Args={'value': True, 'prev_value': 0, 'change': 1, 'player_num': 1}
2025-10-19 20:47:30,859 : INFO : EventManager : Event: ======'player_shot_upper_pop_standup_enabled'====== Args={'value': True, 'prev_value': 0, 'change': 1, 'player_num': 1}
2025-10-19 20:47:30,860 : INFO : EventManager : Event: ======'player_shot_scoop_enabled'====== Args={'value': True, 'prev_value': 0, 'change': 1, 'player_num': 1}
2025-10-19 20:47:30,860 : INFO : EventManager : Event: ======'player_shot_captive_ball_enabled'====== Args={'value': True, 'prev_value': 0, 'change': 1, 'player_num': 1}
2025-10-19 20:47:30,861 : INFO : EventManager : Event: ======'player_shot_three_bank_standup_enabled'====== Args={'value': True, 'prev_value': 0, 'change': 1, 'player_num': 1}
2025-10-19 20:47:30,861 : INFO : EventManager : Event: ======'player_shot_spinner_enabled'====== Args={'value': True, 'prev_value': 0, 'change': 1, 'player_num': 1}
2025-10-19 20:47:30,862 : INFO : EventManager : Event: ======'player_shot_pop1_enabled'====== Args={'value': True, 'prev_value': 0, 'change': 1, 'player_num': 1}
2025-10-19 20:47:30,862 : INFO : EventManager : Event: ======'player_shot_pop2_enabled'====== Args={'value': True, 'prev_value': 0, 'change': 1, 'player_num': 1}
2025-10-19 20:47:30,863 : INFO : EventManager : Event: ======'player_shot_pop3_enabled'====== Args={'value': True, 'prev_value': 0, 'change': 1, 'player_num': 1}
2025-10-19 20:47:30,863 : INFO : EventManager : Event: ======'player_shot_bottom_drop_enabled'====== Args={'value': True, 'prev_value': 0, 'change': 1, 'player_num': 1}
2025-10-19 20:47:30,864 : INFO : EventManager : Event: ======'player_shot_middle_drop_enabled'====== Args={'value': True, 'prev_value': 0, 'change': 1, 'player_num': 1}
2025-10-19 20:47:30,865 : INFO : EventManager : Event: ======'player_shot_top_drop_enabled'====== Args={'value': True, 'prev_value': 0, 'change': 1, 'player_num': 1}
2025-10-19 20:47:30,867 : INFO : EventManager : Event: ======'player_shot_tshirt_top_standup_enabled'====== Args={'value': True, 'prev_value': 0, 'change': 1, 'player_num': 1}
2025-10-19 20:47:30,868 : INFO : EventManager : Event: ======'player_shot_tshirt_bottom_standup_enabled'====== Args={'value': True, 'prev_value': 0, 'change': 1, 'player_num': 1}
2025-10-19 20:47:30,874 : INFO : EventManager : Unordered handler for class <Auditor> on event game_ended with priority 1. Handlers: [RegisteredHandler(callback=<bound method Auditor.disable of <Auditor>>, priority=1, kwargs={}, key=UUID('4d7cadaf-f4f9-4d17-9023-6b12762b81cd'), condition=None, blocking_facility=None), RegisteredHandler(callback=<bound method Auditor._save_audits of <Auditor>>, priority=1, kwargs={}, key=UUID('eb74b3ea-6a1e-4210-89eb-ec0b4600dde1'), condition=None, blocking_facility=None)]. The order of those handlers is not defined and they will be executed in random order. This might lead to race conditions and potential bugs.
2025-10-19 20:47:30,878 : INFO : EventManager : Event: ======'mode_base_starting'====== Args={'queue': <QueuedEvent>, 'player': 1, 'ball': 1, 'balls_remaining': 2, 'is_extra_ball': False}
2025-10-19 20:47:30,879 : INFO : drop_target_bank.three_bank : All targets are already up. Will not reset bank.
2025-10-19 20:47:30,880 : INFO : EventManager : Event: ======'balls_in_play'====== Args={'balls': 1}
2025-10-19 20:47:30,881 : INFO : EventManager : Event: ======'ball_started'====== Args={'player': 1, 'ball': 1, 'balls_remaining': 2, 'is_extra_ball': False}
2025-10-19 20:47:30,882 : INFO : EventManager : Event: ======'logicblock_qualify_chcheckitout_multiball_updated'====== Args={'value': 0, 'enabled': True}
2025-10-19 20:47:30,882 : INFO : EventManager : Event: ======'logicblock_qualify_chcheckitout_multiball_updated'====== Args={'value': 0, 'enabled': True}
2025-10-19 20:47:30,882 : INFO : EventManager : Event: ======'logicblock_chcheckitout_multiball_ready_updated'====== Args={'value': 0, 'enabled': False}
2025-10-19 20:47:30,882 : INFO : EventManager : Event: ======'logicblock_drop_target_bank_counter_updated'====== Args={'value': 0, 'enabled': False}
2025-10-19 20:47:30,882 : INFO : Mode.base : Started. Priority: 100
2025-10-19 20:47:30,882 : INFO : EventManager : Event: ======'modes_active_modes_changed'====== Args={}
2025-10-19 20:47:30,882 : INFO : EventManager : Event: ======'mode_base_started'====== Args={'queue': <QueuedEvent>, 'player': 1, 'ball': 1, 'balls_remaining': 2, 'is_extra_ball': False}
2025-10-19 20:47:30,883 : INFO : EventManager : Event: ======'mode_skill_shot_will_start'====== Args={'player': 1, 'ball': 1, 'balls_remaining': 2, 'is_extra_ball': False}
2025-10-19 20:47:30,884 : INFO : EventManager : Event: ======'player_shot_skillshot_side_targets_enabled'====== Args={'value': True, 'prev_value': 0, 'change': 1, 'player_num': 1}
2025-10-19 20:47:30,884 : INFO : EventManager : Event: ======'player_shot_skillshot_drop_targets_enabled'====== Args={'value': True, 'prev_value': 0, 'change': 1, 'player_num': 1}
2025-10-19 20:47:30,886 : INFO : EventManager : Event: ======'skillshot_complete'====== Args={'state': 'off'}
2025-10-19 20:47:30,886 : INFO : EventManager : Event: ======'skillshot_off_complete'====== Args={}
2025-10-19 20:47:30,887 : INFO : EventManager : Event: ======'player_skill_shot_skill_shot_timeout_tick'====== Args={'value': 0, 'prev_value': 0, 'change': 0, 'player_num': 1}
2025-10-19 20:47:30,887 : INFO : EventManager : Unordered handler for class <timer.skill_shot_timeout> on event ball_starting with priority 1. Handlers: [RegisteredHandler(callback=<bound method Timer.reset of <timer.skill_shot_timeout>>, priority=1, kwargs={}, key=UUID('10531705-76a7-4b2e-b51d-f08198b2a5e4'), condition=None, blocking_facility=None), RegisteredHandler(callback=<bound method Timer.pause of <timer.skill_shot_timeout>>, priority=1, kwargs={'timer_value': None}, key=UUID('ddc9c9e2-ff26-4b4c-904d-d22530caf2b6'), condition=None, blocking_facility=None)]. The order of those handlers is not defined and they will be executed in random order. This might lead to race conditions and potential bugs.
2025-10-19 20:47:30,889 : INFO : EventManager : Event: ======'mode_skill_shot_starting'====== Args={'player': 1, 'ball': 1, 'balls_remaining': 2, 'is_extra_ball': False}
2025-10-19 20:47:30,889 : INFO : EventManager : Event: ======'logicblock_drop_target_bank_counter_updated'====== Args={'value': 0, 'enabled': True}
2025-10-19 20:47:30,889 : INFO : EventManager : Event: ======'logicblock_qualify_chcheckitout_multiball_updated'====== Args={'value': 0, 'enabled': True}
2025-10-19 20:47:30,889 : INFO : EventManager : Event: ======'logicblock_chcheckitout_multiball_ready_updated'====== Args={'value': 0, 'enabled': False}
2025-10-19 20:47:30,889 : INFO : EventManager : Event: ======'player_multiball_blocking_flag'====== Args={'value': 0, 'prev_value': 0, 'change': 0, 'player_num': 1, 'source': 'base'}
2025-10-19 20:47:30,890 : INFO : EventManager : Event: ======'player_mode_blocking_flag'====== Args={'value': 0, 'prev_value': 0, 'change': 0, 'player_num': 1, 'source': 'base'}
2025-10-19 20:47:30,890 : INFO : EventManager : Event: ======'player_player_drop_target_bank_counter_count'====== Args={'value': 0, 'prev_value': 0, 'change': 0, 'player_num': 1, 'source': 'base'}
2025-10-19 20:47:30,891 : INFO : EventManager : Event: ======'player_drop_target_bank_counter_count'====== Args={'value': 0, 'prev_value': 0, 'change': 0, 'player_num': 1, 'source': 'base'}
2025-10-19 20:47:30,891 : INFO : EventManager : Event: ======'mode_multiball_will_start'====== Args={'queue': <QueuedEvent>, 'player': 1, 'ball': 1, 'balls_remaining': 2, 'is_extra_ball': False}
2025-10-19 20:47:30,893 : INFO : EventManager : Event: ======'mode_multiball_starting'====== Args={'queue': <QueuedEvent>, 'player': 1, 'ball': 1, 'balls_remaining': 2, 'is_extra_ball': False}
2025-10-19 20:47:30,893 : INFO : EventManager : Event: ======'mode_carousel_will_start'====== Args={'queue': <QueuedEvent>, 'player': 1, 'ball': 1, 'balls_remaining': 2, 'is_extra_ball': False}
2025-10-19 20:47:30,894 : INFO : EventManager : Event: ======'mode_carousel_starting'====== Args={'queue': <QueuedEvent>, 'player': 1, 'ball': 1, 'balls_remaining': 2, 'is_extra_ball': False}
2025-10-19 20:47:30,894 : INFO : EventManager : Event: ======'ball_save_default_enabled'====== Args={}
2025-10-19 20:47:30,895 : INFO : Mode.carousel : Started. Priority: 200
2025-10-19 20:47:30,895 : INFO : EventManager : Event: ======'modes_active_modes_changed'====== Args={}
2025-10-19 20:47:30,895 : INFO : EventManager : Event: ======'mode_carousel_started'====== Args={'queue': <QueuedEvent>, 'player': 1, 'ball': 1, 'balls_remaining': 2, 'is_extra_ball': False}
2025-10-19 20:47:30,895 : INFO : EventManager : Event: ======'item_highlighted'====== Args={'carousel': 'carousel', 'direction': None, 'item': 'intergalactic'}
2025-10-19 20:47:30,895 : INFO : Mode.multiball : Started. Priority: 1000
2025-10-19 20:47:30,897 : INFO : EventManager : Event: ======'modes_active_modes_changed'====== Args={}
2025-10-19 20:47:30,898 : INFO : EventManager : Event: ======'mode_multiball_started'====== Args={'queue': <QueuedEvent>, 'player': 1, 'ball': 1, 'balls_remaining': 2, 'is_extra_ball': False}
2025-10-19 20:47:30,898 : INFO : Mode.skill_shot : Started. Priority: 500
2025-10-19 20:47:30,898 : INFO : EventManager : Event: ======'modes_active_modes_changed'====== Args={}
2025-10-19 20:47:30,898 : INFO : EventManager : Event: ======'mode_skill_shot_started'====== Args={'player': 1, 'ball': 1, 'balls_remaining': 2, 'is_extra_ball': False}
2025-10-19 20:47:30,899 : INFO : EventManager : Event: ======'advance_skill_side_targets'====== Args={'player': 1, 'ball': 1, 'balls_remaining': 2, 'is_extra_ball': False}
2025-10-19 20:47:30,900 : INFO : EventManager : Event: ======'player_shot_skillshot_side_targets'====== Args={'value': 1, 'prev_value': 0, 'change': 1, 'player_num': 1}
2025-10-19 20:47:30,902 : INFO : EventManager : Event: ======'single_player_ball_started'====== Args={}
2025-10-19 20:47:30,924 : INFO : EventManager : Event: ======'ball_start_target'====== Args={'target': 'playfield'}
2025-10-19 20:47:30,925 : INFO : EventManager : Event: ======'slide_base_created'====== Args={'_from_bcp': True}
2025-10-19 20:47:30,925 : INFO : EventManager : Event: ======'slide_score_overlay_created'====== Args={'_from_bcp': True}
2025-10-19 20:47:30,927 : INFO : EventManager : Event: ======'slide_attract_load_inactive'====== Args={'is_removing': True, '_from_bcp': True}
2025-10-19 20:47:30,927 : INFO : EventManager : Event: ======'slide_score_overlay_active'====== Args={'original_context': 'base', 'original_calling_context': 'mode_base_started', 'priority': 100.0, 'queue': '<QueuedEvent>', 'player': 1.0, 'ball': 1.0, 'balls_remaining': 2.0, 'is_extra_ball': False, 'cmd': 'slides_play', '_from_bcp': True}
2025-10-19 20:47:30,927 : INFO : EventManager : Event: ======'slide_attract_load_removed'====== Args={'_from_bcp': True}
2025-10-19 20:47:30,928 : INFO : ball_device.bd_plunger : Setting up player-controlled eject. Balls: 1, Target: <playfield.playfield>, player_controlled_eject_event: None
2025-10-19 20:47:30,929 : INFO : EventManager : Event: ======'balldevice_balls_available'====== Args={}
2025-10-19 20:47:30,929 : INFO : EventManager : Event: ======'play_base_video1'====== Args={'_from_bcp': True}
2025-10-19 20:47:30,932 : INFO : ball_device.bd_trough : State: waiting_for_target_ready
2025-10-19 20:47:30,932 : INFO : EventManager : Event: ======'balldevice_bd_trough_ball_eject_attempt'====== Args={'balls': 1, 'target': <ball_device.bd_plunger>, 'source': <ball_device.bd_trough>, 'mechanical_eject': True, 'num_attempts': 0}
2025-10-19 20:47:30,933 : INFO : ball_device.bd_plunger : State: waiting_for_ball
2025-10-19 20:47:30,934 : INFO : ball_device.bd_trough : State: ejecting
2025-10-19 20:47:30,935 : INFO : ball_device.bd_trough : Ejecting ball to <ball_device.bd_plunger>
2025-10-19 20:47:30,935 : INFO : EventManager : Event: ======'balldevice_bd_trough_ejecting_ball'====== Args={'balls': 1, 'target': <ball_device.bd_plunger>, 'source': <ball_device.bd_trough>, 'mechanical_eject': True, 'num_attempts': 0}
2025-10-19 20:47:30,936 : INFO : EventManager : Event: ======'slide_current_mode_highlighted_created'====== Args={'_from_bcp': True}
2025-10-19 20:47:30,937 : INFO : ball_device.bd_trough : Wait for ball to leave device
2025-10-19 20:47:30,937 : INFO : coil.c_trough_eject : Pulsing Driver for 20ms (1.0 pulse_power)
2025-10-19 20:47:30,938 : INFO : SwitchController : <<<<<<< 's_trough1' inactive >>>>>>>
2025-10-19 20:47:30,943 : INFO : ball_device.bd_trough : State: ball_left
2025-10-19 20:47:30,943 : INFO : ball_device.bd_trough : Ball left
2025-10-19 20:47:30,943 : INFO : ball_device.bd_trough : Wait for confirm with timeout 3.0
2025-10-19 20:47:31,037 : INFO : SwitchController : <<<<<<< 's_plunger' active >>>>>>>
2025-10-19 20:47:31,038 : INFO : EventManager : Event: ======'machine_var_audits_switches_s_plunger'====== Args={'value': 1161, 'prev_value': 1160, 'change': 1}
2025-10-19 20:47:31,146 : INFO : EventManager : Event: ======'slide_skillshot_overlay_created'====== Args={'_from_bcp': True}
2025-10-19 20:47:31,168 : INFO : EventManager : Event: ======'slide_basevideo1_created'====== Args={'_from_bcp': True}
2025-10-19 20:47:31,535 : INFO : ball_device.bd_plunger : Received ball from <ball_device.bd_trough>
2025-10-19 20:47:31,535 : INFO : EventManager : Event: ======'balldevice_bd_plunger_ball_enter'====== Args={'new_balls': 1, 'unclaimed_balls': 0, 'new_available_balls': 0, 'device': <ball_device.bd_plunger>}
2025-10-19 20:47:31,536 : INFO : EventManager : Event: ======'balldevice_bd_plunger_ball_entered'====== Args={'new_balls': 0, 'device': <ball_device.bd_plunger>}
2025-10-19 20:47:31,536 : INFO : EventManager : Event: ======'balldevice_bd_plunger_ball_count_changed'====== Args={'balls': 1}
2025-10-19 20:47:31,537 : INFO : ball_device.bd_trough : Got eject confirm
2025-10-19 20:47:31,537 : INFO : ball_device.bd_trough : Eject successful
2025-10-19 20:47:31,537 : INFO : EventManager : Event: ======'balldevice_bd_trough_ball_eject_success'====== Args={'balls': 1, 'target': <ball_device.bd_plunger>}
2025-10-19 20:47:31,538 : INFO : EventManager : Event: ======'balldevice_bd_trough_ball_count_changed'====== Args={'balls': 5}
2025-10-19 20:47:31,538 : INFO : ball_device.bd_trough : State: idle
2025-10-19 20:47:31,538 : INFO : ball_device.bd_plunger : State: waiting_for_target_ready
2025-10-19 20:47:31,539 : INFO : EventManager : Event: ======'balldevice_bd_plunger_ball_eject_attempt'====== Args={'balls': 1, 'target': <playfield.playfield>, 'source': <ball_device.bd_plunger>, 'mechanical_eject': True, 'num_attempts': 0}
2025-10-19 20:47:31,540 : INFO : ball_device.bd_plunger : State: ejecting
2025-10-19 20:47:31,540 : INFO : ball_device.bd_plunger : Ejecting ball to <playfield.playfield>
2025-10-19 20:47:31,540 : INFO : EventManager : Event: ======'balldevice_bd_plunger_ejecting_ball'====== Args={'balls': 1, 'target': <playfield.playfield>, 'source': <ball_device.bd_plunger>, 'mechanical_eject': True, 'num_attempts': 0}
2025-10-19 20:47:31,542 : INFO : ball_device.bd_plunger : Wait for ball to leave device
2025-10-19 20:47:34,815 : INFO : SwitchController : <<<<<<< 's_plunger' inactive >>>>>>>
2025-10-19 20:47:34,815 : INFO : EventManager : Event: ======'ball_out'====== Args={}
2025-10-19 20:47:34,816 : INFO : EventManager : Event: ======'ball_save_default_timer_start'====== Args={}
2025-10-19 20:47:34,820 : INFO : ball_device.bd_plunger : State: ball_left
2025-10-19 20:47:34,820 : INFO : ball_device.bd_plunger : Ball left
2025-10-19 20:47:34,821 : INFO : ball_device.bd_plunger : Wait for confirm with timeout 3.0
2025-10-19 20:47:35,547 : INFO : SwitchController : <<<<<<< 's_three_bank_bottom' active >>>>>>>
2025-10-19 20:47:35,548 : INFO : EventManager : Event: ======'playfield_active'====== Args={'source': 'skillshot_drop_targets'}
2025-10-19 20:47:35,548 : INFO : EventManager : Event: ======'playfield_active'====== Args={'source': 'bottom_drop'}
2025-10-19 20:47:35,548 : INFO : EventManager : Event: ======'s_three_bank_bottom_active'====== Args={}
2025-10-19 20:47:35,548 : INFO : EventManager : Event: ======'playfield_active'====== Args={'source': 'bottom'}
2025-10-19 20:47:35,548 : INFO : EventManager : Event: ======'drop_target_bottom_down'====== Args={'device': <drop_target.bottom>}
2025-10-19 20:47:35,549 : INFO : EventManager : Event: ======'drop_target_bank_three_bank_mixed'====== Args={'prev_value': <DropTargetBankState.UP: 'up'>, 'down': 1}
2025-10-19 20:47:35,549 : INFO : EventManager : Event: ======'machine_var_audits_switches_s_three_bank_bottom'====== Args={'value': 497, 'prev_value': 496, 'change': 1}
2025-10-19 20:47:35,550 : INFO : EventManager : Event: ======'machine_var_audits_shots_skillshot_drop_targets'====== Args={'value': 13, 'prev_value': 12, 'change': 1}
2025-10-19 20:47:35,550 : INFO : EventManager : Event: ======'skillshot_drop_targets_hit'====== Args={'profile': 'skill_shot_profile', 'state': 'off', 'advancing': False}
2025-10-19 20:47:35,552 : INFO : EventManager : Event: ======'skillshot_drop_targets_skill_shot_profile_hit'====== Args={'profile': 'skill_shot_profile', 'state': 'off', 'advancing': False}
2025-10-19 20:47:35,552 : INFO : EventManager : Event: ======'skillshot_drop_targets_skill_shot_profile_off_hit'====== Args={'profile': 'skill_shot_profile', 'state': 'off', 'advancing': False}
2025-10-19 20:47:35,552 : INFO : EventManager : Event: ======'skillshot_drop_targets_off_hit'====== Args={'profile': 'skill_shot_profile', 'state': 'off', 'advancing': False}
2025-10-19 20:47:35,552 : INFO : EventManager : Event: ======'machine_var_audits_shots_bottom_drop'====== Args={'value': 4, 'prev_value': 3, 'change': 1}
2025-10-19 20:47:35,552 : INFO : EventManager : Event: ======'bottom_drop_hit'====== Args={'profile': 'base_shot_profile', 'state': 'off', 'advancing': False}
2025-10-19 20:47:35,552 : INFO : EventManager : Event: ======'bottom_drop_base_shot_profile_hit'====== Args={'profile': 'base_shot_profile', 'state': 'off', 'advancing': False}
2025-10-19 20:47:35,552 : INFO : EventManager : Event: ======'bottom_drop_base_shot_profile_off_hit'====== Args={'profile': 'base_shot_profile', 'state': 'off', 'advancing': False}
2025-10-19 20:47:35,552 : INFO : EventManager : Event: ======'bottom_drop_off_hit'====== Args={'profile': 'base_shot_profile', 'state': 'off', 'advancing': False}
2025-10-19 20:47:35,552 : INFO : EventManager : Event: ======'player_score'====== Args={'value': 2220, 'prev_value': 0, 'change': 2220, 'player_num': 1, 'source': 'base'}
2025-10-19 20:47:35,553 : INFO : EventManager : Event: ======'skillshot_hit'====== Args={'shot': 'skillshot_drop_targets'}
2025-10-19 20:47:35,553 : INFO : EventManager : Event: ======'skillshot_off_hit'====== Args={'shot': 'skillshot_drop_targets'}
2025-10-19 20:47:35,553 : INFO : EventManager : Event: ======'mode_skill_shot_will_stop'====== Args={}
2025-10-19 20:47:35,553 : INFO : EventManager : Event: ======'mode_skill_shot_stopping'====== Args={}
2025-10-19 20:47:35,554 : INFO : Mode.skill_shot : Stopped.
2025-10-19 20:47:35,554 : INFO : EventManager : Event: ======'modes_active_modes_changed'====== Args={}
2025-10-19 20:47:35,554 : INFO : EventManager : Event: ======'mode_skill_shot_stopped'====== Args={}
2025-10-19 20:47:35,554 : INFO : EventManager : Event: ======'clear'====== Args={'key': 'skill_shot'}
2025-10-19 20:47:35,555 : INFO : Timer.skill_shot_timeout : Stopping Timer
2025-10-19 20:47:35,555 : INFO : EventManager : Event: ======'timer_skill_shot_timeout_stopped'====== Args={'ticks': 0, 'ticks_remaining': 0}
2025-10-19 20:47:35,599 : INFO : ball_device.bd_plunger : Got eject confirm
2025-10-19 20:47:35,599 : INFO : ball_device.bd_plunger : Eject successful
2025-10-19 20:47:35,599 : INFO : EventManager : Event: ======'balldevice_bd_plunger_ball_eject_success'====== Args={'balls': 1, 'target': <playfield.playfield>}
2025-10-19 20:47:35,599 : INFO : EventManager : Event: ======'slide_skillshot_overlay_removed'====== Args={'_from_bcp': True}
2025-10-19 20:47:35,600 : INFO : EventManager : Event: ======'balldevice_playfield_ball_enter'====== Args={'new_balls': 1, 'unclaimed_balls': 1, 'device': <playfield.playfield>}
2025-10-19 20:47:35,600 : INFO : EventManager : Event: ======'playfield_ball_count_change'====== Args={'balls': 1, 'change': 1}
2025-10-19 20:47:35,600 : INFO : EventManager : Event: ======'balldevice_bd_plunger_ball_count_changed'====== Args={'balls': 0}
2025-10-19 20:47:35,600 : INFO : ball_device.bd_plunger : State: idle
2025-10-19 20:47:37,825 : INFO : EventManager : Event: ======'ball_save_default_hurry_up'====== Args={}
2025-10-19 20:47:39,394 : INFO : SwitchController : <<<<<<< 's_right_lower_pop' active >>>>>>>
2025-10-19 20:47:39,394 : INFO : EventManager : Event: ======'s_right_lower_pop_active'====== Args={}
2025-10-19 20:47:39,394 : INFO : EventManager : Event: ======'machine_var_audits_switches_s_right_lower_pop'====== Args={'value': 755, 'prev_value': 754, 'change': 1}
2025-10-19 20:47:39,396 : INFO : EventManager : Event: ======'item_highlighted'====== Args={'carousel': 'carousel', 'direction': 'backwards', 'item': 'tripletrouble'}
2025-10-19 20:47:39,396 : INFO : EventManager : Event: ======'machine_var_audits_shots_pop3'====== Args={'value': 7, 'prev_value': 6, 'change': 1}
2025-10-19 20:47:39,396 : INFO : EventManager : Event: ======'pop3_hit'====== Args={'profile': 'base_shot_profile', 'state': 'off', 'advancing': False}
2025-10-19 20:47:39,396 : INFO : EventManager : Event: ======'pop3_base_shot_profile_hit'====== Args={'profile': 'base_shot_profile', 'state': 'off', 'advancing': False}
2025-10-19 20:47:39,396 : INFO : EventManager : Event: ======'pop3_base_shot_profile_off_hit'====== Args={'profile': 'base_shot_profile', 'state': 'off', 'advancing': False}
2025-10-19 20:47:39,396 : INFO : EventManager : Event: ======'pop3_off_hit'====== Args={'profile': 'base_shot_profile', 'state': 'off', 'advancing': False}
2025-10-19 20:47:39,396 : INFO : EventManager : Event: ======'player_score'====== Args={'value': 3330, 'prev_value': 2220, 'change': 1110, 'player_num': 1, 'source': 'base'}
2025-10-19 20:47:39,512 : INFO : SwitchController : <<<<<<< 's_right_lower_pop' inactive >>>>>>>
2025-10-19 20:47:39,819 : INFO : EventManager : Event: ======'ball_save_default_grace_period'====== Args={}
2025-10-19 20:47:40,776 : INFO : SwitchController : <<<<<<< 's_right_lower_pop' active >>>>>>>
2025-10-19 20:47:40,776 : INFO : EventManager : Event: ======'s_right_lower_pop_active'====== Args={}
2025-10-19 20:47:40,776 : INFO : EventManager : Event: ======'machine_var_audits_switches_s_right_lower_pop'====== Args={'value': 756, 'prev_value': 755, 'change': 1}
2025-10-19 20:47:40,776 : INFO : EventManager : Event: ======'item_highlighted'====== Args={'carousel': 'carousel', 'direction': 'backwards', 'item': 'makesomenoise'}
2025-10-19 20:47:40,778 : INFO : EventManager : Event: ======'machine_var_audits_shots_pop3'====== Args={'value': 8, 'prev_value': 7, 'change': 1}
2025-10-19 20:47:40,778 : INFO : EventManager : Event: ======'pop3_hit'====== Args={'profile': 'base_shot_profile', 'state': 'off', 'advancing': False}
2025-10-19 20:47:40,778 : INFO : EventManager : Event: ======'pop3_base_shot_profile_hit'====== Args={'profile': 'base_shot_profile', 'state': 'off', 'advancing': False}
2025-10-19 20:47:40,778 : INFO : EventManager : Event: ======'pop3_base_shot_profile_off_hit'====== Args={'profile': 'base_shot_profile', 'state': 'off', 'advancing': False}
2025-10-19 20:47:40,779 : INFO : EventManager : Event: ======'pop3_off_hit'====== Args={'profile': 'base_shot_profile', 'state': 'off', 'advancing': False}
2025-10-19 20:47:40,779 : INFO : EventManager : Event: ======'player_score'====== Args={'value': 4440, 'prev_value': 3330, 'change': 1110, 'player_num': 1, 'source': 'base'}
2025-10-19 20:47:40,925 : INFO : SwitchController : <<<<<<< 's_right_lower_pop' inactive >>>>>>>
2025-10-19 20:47:41,509 : INFO : SwitchController : <<<<<<< 's_right_lower_pop' active >>>>>>>
2025-10-19 20:47:41,509 : INFO : EventManager : Event: ======'s_right_lower_pop_active'====== Args={}
2025-10-19 20:47:41,510 : INFO : EventManager : Event: ======'machine_var_audits_switches_s_right_lower_pop'====== Args={'value': 757, 'prev_value': 756, 'change': 1}
2025-10-19 20:47:41,510 : INFO : EventManager : Event: ======'item_highlighted'====== Args={'carousel': 'carousel', 'direction': 'backwards', 'item': 'paulrevere'}
2025-10-19 20:47:41,511 : INFO : EventManager : Event: ======'machine_var_audits_shots_pop3'====== Args={'value': 9, 'prev_value': 8, 'change': 1}
2025-10-19 20:47:41,511 : INFO : EventManager : Event: ======'pop3_hit'====== Args={'profile': 'base_shot_profile', 'state': 'off', 'advancing': False}
2025-10-19 20:47:41,511 : INFO : EventManager : Event: ======'pop3_base_shot_profile_hit'====== Args={'profile': 'base_shot_profile', 'state': 'off', 'advancing': False}
2025-10-19 20:47:41,511 : INFO : EventManager : Event: ======'pop3_base_shot_profile_off_hit'====== Args={'profile': 'base_shot_profile', 'state': 'off', 'advancing': False}
2025-10-19 20:47:41,512 : INFO : EventManager : Event: ======'pop3_off_hit'====== Args={'profile': 'base_shot_profile', 'state': 'off', 'advancing': False}
2025-10-19 20:47:41,512 : INFO : EventManager : Event: ======'player_score'====== Args={'value': 5550, 'prev_value': 4440, 'change': 1110, 'player_num': 1, 'source': 'base'}
2025-10-19 20:47:41,626 : INFO : SwitchController : <<<<<<< 's_right_lower_pop' inactive >>>>>>>
2025-10-19 20:47:41,812 : INFO : EventManager : Event: ======'ball_save_default_disabled'====== Args={}
2025-10-19 20:47:42,125 : INFO : SwitchController : <<<<<<< 's_scoop' active >>>>>>>
2025-10-19 20:47:42,125 : INFO : EventManager : Event: ======'s_scoop_active'====== Args={}
2025-10-19 20:47:42,125 : INFO : EventManager : Event: ======'machine_var_audits_switches_s_scoop'====== Args={'value': 354, 'prev_value': 353, 'change': 1}
2025-10-19 20:47:42,126 : INFO : EventManager : Event: ======'machine_var_audits_shots_scoop'====== Args={'value': 11, 'prev_value': 10, 'change': 1}
2025-10-19 20:47:42,126 : INFO : EventManager : Event: ======'scoop_hit'====== Args={'profile': 'base_shot_profile', 'state': 'off', 'advancing': False}
2025-10-19 20:47:42,126 : INFO : EventManager : Event: ======'scoop_base_shot_profile_hit'====== Args={'profile': 'base_shot_profile', 'state': 'off', 'advancing': False}
2025-10-19 20:47:42,127 : INFO : EventManager : Event: ======'scoop_base_shot_profile_off_hit'====== Args={'profile': 'base_shot_profile', 'state': 'off', 'advancing': False}
2025-10-19 20:47:42,127 : INFO : EventManager : Event: ======'scoop_off_hit'====== Args={'profile': 'base_shot_profile', 'state': 'off', 'advancing': False}
2025-10-19 20:47:42,127 : INFO : EventManager : Event: ======'carousel_paulrevere_selected'====== Args={}
2025-10-19 20:47:42,127 : INFO : EventManager : Event: ======'carousel_item_selected'====== Args={}
2025-10-19 20:47:42,127 : INFO : EventManager : Event: ======'player_score'====== Args={'value': 7860, 'prev_value': 5550, 'change': 2310, 'player_num': 1, 'source': 'base'}
2025-10-19 20:47:42,127 : INFO : EventManager : Event: ======'mode_paulrevere_will_start'====== Args={}
2025-10-19 20:47:42,128 : INFO : EventManager : Event: ======'player_paulrevere_paulrevere_intro_show_tick'====== Args={'value': 0, 'prev_value': 0, 'change': 0, 'player_num': 1}
2025-10-19 20:47:42,128 : INFO : EventManager : Event: ======'player_paulrevere_paulrevere_time_remaining_tick'====== Args={'value': 60, 'prev_value': 0, 'change': 60, 'player_num': 1}
2025-10-19 20:47:42,132 : INFO : EventManager : Event: ======'mode_paulrevere_starting'====== Args={}
2025-10-19 20:47:42,132 : INFO : EventManager : Event: ======'player_selected_mode'====== Args={'value': 'Paul Revere', 'prev_value': 0, 'change': True, 'player_num': 1, 'source': 'carousel'}
2025-10-19 20:47:42,132 : INFO : EventManager : Event: ======'mode_carousel_will_stop'====== Args={}
2025-10-19 20:47:42,132 : INFO : EventManager : Event: ======'mode_carousel_stopping'====== Args={}
2025-10-19 20:47:42,134 : INFO : Mode.carousel : Stopped.
2025-10-19 20:47:42,134 : INFO : EventManager : Event: ======'modes_active_modes_changed'====== Args={}
2025-10-19 20:47:42,135 : INFO : EventManager : Event: ======'mode_carousel_stopped'====== Args={}
2025-10-19 20:47:42,135 : INFO : EventManager : Event: ======'clear'====== Args={'key': 'carousel'}
2025-10-19 20:47:42,154 : INFO : EventManager : Event: ======'logicblock_paulrevere_shot_1_updated'====== Args={'value': 0, 'enabled': True}
2025-10-19 20:47:42,154 : INFO : EventManager : Event: ======'logicblock_paulrevere_shot_1_updated'====== Args={'value': 0, 'enabled': True}
2025-10-19 20:47:42,155 : INFO : EventManager : Event: ======'logicblock_paulrevere_shot_2_updated'====== Args={'value': 0, 'enabled': False}
2025-10-19 20:47:42,155 : INFO : EventManager : Event: ======'logicblock_paulrevere_shot_3_updated'====== Args={'value': 0, 'enabled': False}
2025-10-19 20:47:42,155 : INFO : EventManager : Event: ======'logicblock_paulrevere_shot_4_updated'====== Args={'value': 0, 'enabled': False}
2025-10-19 20:47:42,156 : INFO : EventManager : Event: ======'logicblock_paulrevere_shot_5_updated'====== Args={'value': 0, 'enabled': False}
2025-10-19 20:47:42,156 : INFO : EventManager : Event: ======'logicblock_paulrevere_shot_6_updated'====== Args={'value': 0, 'enabled': False}
2025-10-19 20:47:42,156 : INFO : Mode.paulrevere : Started. Priority: 1000
2025-10-19 20:47:42,156 : INFO : EventManager : Event: ======'modes_active_modes_changed'====== Args={}
2025-10-19 20:47:42,156 : INFO : EventManager : Event: ======'mode_paulrevere_started'====== Args={}
2025-10-19 20:47:42,157 : INFO : EventManager : Event: ======'player_mode_blocking_flag'====== Args={'value': 1, 'prev_value': 0, 'change': 1, 'player_num': 1, 'source': 'paulrevere'}
2025-10-19 20:47:42,157 : INFO : EventManager : Event: ======'player_mode_paulrevere_score'====== Args={'value': 0, 'prev_value': 0, 'change': 0, 'player_num': 1, 'source': 'base'}
2025-10-19 20:47:42,158 : INFO : Timer.paulrevere_intro_show : Starting Timer.
2025-10-19 20:47:42,158 : INFO : EventManager : Event: ======'timer_paulrevere_intro_show_started'====== Args={'ticks': 0, 'ticks_remaining': 6}
2025-10-19 20:47:42,158 : INFO : EventManager : Event: ======'timer_paulrevere_intro_show_tick'====== Args={'ticks': 0, 'ticks_remaining': 6}
2025-10-19 20:47:42,161 : INFO : EventManager : Event: ======'player_paulrevere_intro_show_variable_times_100'====== Args={'value': 0, 'prev_value': 0, 'change': 0, 'player_num': 1, 'source': 'paulrevere'}
2025-10-19 20:47:42,163 : INFO : EventManager : Event: ======'slide_current_mode_highlighted_removed'====== Args={'_from_bcp': True}
2025-10-19 20:47:42,182 : INFO : EventManager : Event: ======'slide_base_removed'====== Args={'_from_bcp': True}
2025-10-19 20:47:42,183 : INFO : EventManager : Event: ======'slide_basevideo1_removed'====== Args={'_from_bcp': True}
2025-10-19 20:47:42,188 : INFO : EventManager : Event: ======'slide_paulrevere_created'====== Args={'_from_bcp': True}
2025-10-19 20:47:42,192 : INFO : EventManager : Event: ======'slide_paulrevere_instructions_created'====== Args={'_from_bcp': True}
2025-10-19 20:47:42,621 : INFO : EventManager : Event: ======'balldevice_bd_scoop_ball_count_changed'====== Args={'balls': 1}
2025-10-19 20:47:42,621 : INFO : ball_device.bd_scoop : Received unexpected ball
2025-10-19 20:47:42,622 : INFO : EventManager : Event: ======'balldevice_captured_from_playfield'====== Args={'balls': 1}
2025-10-19 20:47:42,622 : INFO : EventManager : Event: ======'sw_playfield_active'====== Args={'balls': 1}
2025-10-19 20:47:42,622 : INFO : EventManager : Event: ======'playfield_ball_count_change'====== Args={'balls': 0, 'change': -1}
2025-10-19 20:47:42,624 : INFO : EventManager : Event: ======'balldevice_bd_scoop_ball_enter'====== Args={'new_balls': 1, 'unclaimed_balls': 1, 'new_available_balls': 1, 'device': <ball_device.bd_scoop>}
2025-10-19 20:47:42,626 : INFO : EventManager : Event: ======'ball_hold_paulrevere_scoop_hold_held_ball'====== Args={'balls_held': 1, 'total_balls_held': 1}
2025-10-19 20:47:42,626 : INFO : EventManager : Event: ======'ball_hold_paulrevere_scoop_hold_full'====== Args={'balls': 1}
2025-10-19 20:47:42,626 : INFO : EventManager : Event: ======'balldevice_balls_available'====== Args={}
2025-10-19 20:47:42,627 : INFO : EventManager : Event: ======'balldevice_bd_scoop_ball_entered'====== Args={'new_balls': 1, 'device': <ball_device.bd_scoop>}
2025-10-19 20:47:43,185 : INFO : EventManager : Event: ======'player_paulrevere_paulrevere_intro_show_tick'====== Args={'value': 1, 'prev_value': 0, 'change': 1, 'player_num': 1}
2025-10-19 20:47:43,186 : INFO : EventManager : Event: ======'timer_paulrevere_intro_show_tick'====== Args={'ticks': 1, 'ticks_remaining': 5}
2025-10-19 20:47:43,189 : INFO : EventManager : Event: ======'player_paulrevere_intro_show_variable_times_100'====== Args={'value': 100, 'prev_value': 0, 'change': 100, 'player_num': 1, 'source': 'paulrevere'}
2025-10-19 20:47:44,184 : INFO : EventManager : Event: ======'player_paulrevere_paulrevere_intro_show_tick'====== Args={'value': 2, 'prev_value': 1, 'change': 1, 'player_num': 1}
2025-10-19 20:47:44,186 : INFO : EventManager : Event: ======'timer_paulrevere_intro_show_tick'====== Args={'ticks': 2, 'ticks_remaining': 4}
2025-10-19 20:47:44,188 : INFO : EventManager : Event: ======'player_paulrevere_intro_show_variable_times_100'====== Args={'value': 200, 'prev_value': 100, 'change': 100, 'player_num': 1, 'source': 'paulrevere'}
2025-10-19 20:47:45,161 : INFO : EventManager : Event: ======'player_paulrevere_paulrevere_intro_show_tick'====== Args={'value': 3, 'prev_value': 2, 'change': 1, 'player_num': 1}
2025-10-19 20:47:45,162 : INFO : EventManager : Event: ======'timer_paulrevere_intro_show_tick'====== Args={'ticks': 3, 'ticks_remaining': 3}
2025-10-19 20:47:45,165 : INFO : EventManager : Event: ======'player_paulrevere_intro_show_variable_times_100'====== Args={'value': 300, 'prev_value': 200, 'change': 100, 'player_num': 1, 'source': 'paulrevere'}
2025-10-19 20:47:46,169 : INFO : EventManager : Event: ======'player_paulrevere_paulrevere_intro_show_tick'====== Args={'value': 4, 'prev_value': 3, 'change': 1, 'player_num': 1}
2025-10-19 20:47:46,170 : INFO : EventManager : Event: ======'timer_paulrevere_intro_show_tick'====== Args={'ticks': 4, 'ticks_remaining': 2}
2025-10-19 20:47:46,172 : INFO : EventManager : Event: ======'player_paulrevere_intro_show_variable_times_100'====== Args={'value': 400, 'prev_value': 300, 'change': 100, 'player_num': 1, 'source': 'paulrevere'}
2025-10-19 20:47:47,180 : INFO : EventManager : Event: ======'player_paulrevere_paulrevere_intro_show_tick'====== Args={'value': 5, 'prev_value': 4, 'change': 1, 'player_num': 1}
2025-10-19 20:47:47,181 : INFO : EventManager : Event: ======'timer_paulrevere_intro_show_tick'====== Args={'ticks': 5, 'ticks_remaining': 1}
2025-10-19 20:47:47,183 : INFO : EventManager : Event: ======'player_paulrevere_intro_show_variable_times_100'====== Args={'value': 500, 'prev_value': 400, 'change': 100, 'player_num': 1, 'source': 'paulrevere'}
2025-10-19 20:47:48,170 : INFO : EventManager : Event: ======'player_paulrevere_paulrevere_intro_show_tick'====== Args={'value': 6, 'prev_value': 5, 'change': 1, 'player_num': 1}
2025-10-19 20:47:48,170 : INFO : Timer.paulrevere_intro_show : Timer Complete
2025-10-19 20:47:48,170 : INFO : Timer.paulrevere_intro_show : Stopping Timer
2025-10-19 20:47:48,171 : INFO : EventManager : Event: ======'timer_paulrevere_intro_show_stopped'====== Args={'ticks': 6, 'ticks_remaining': 1}
2025-10-19 20:47:48,171 : INFO : EventManager : Event: ======'timer_paulrevere_intro_show_complete'====== Args={'ticks': 6, 'ticks_remaining': 1}
2025-10-19 20:47:48,171 : INFO : EventManager : Event: ======'slide_paulrevere_instructions_removed'====== Args={'_from_bcp': True}
2025-10-19 20:47:48,173 : INFO : ball_device.bd_scoop : Adding 1 ball(s) to the eject_queue with target <playfield.playfield>.
2025-10-19 20:47:48,173 : INFO : EventManager : Event: ======'balldevice_balls_available'====== Args={}
2025-10-19 20:47:48,173 : INFO : EventManager : Event: ======'ball_hold_paulrevere_scoop_hold_balls_released'====== Args={'balls_released': 1}
2025-10-19 20:47:48,174 : INFO : Timer.paulrevere_time_remaining : Starting Timer.
2025-10-19 20:47:48,176 : INFO : EventManager : Event: ======'timer_paulrevere_time_remaining_started'====== Args={'ticks': 60, 'ticks_remaining': 60}
2025-10-19 20:47:48,176 : INFO : EventManager : Event: ======'timer_paulrevere_time_remaining_tick'====== Args={'ticks': 60, 'ticks_remaining': 60}
2025-10-19 20:47:48,176 : INFO : EventManager : Event: ======'player_paulrevere_time_remaining_variable_times_1'====== Args={'value': 60, 'prev_value': 0, 'change': 60, 'player_num': 1, 'source': 'paulrevere'}
2025-10-19 20:47:48,180 : INFO : ball_device.bd_scoop : State: waiting_for_target_ready
2025-10-19 20:47:48,181 : INFO : EventManager : Event: ======'balldevice_bd_scoop_ball_eject_attempt'====== Args={'balls': 1, 'target': <playfield.playfield>, 'source': <ball_device.bd_scoop>, 'mechanical_eject': False, 'num_attempts': 0}
2025-10-19 20:47:48,181 : INFO : ball_device.bd_scoop : State: ejecting
2025-10-19 20:47:48,182 : INFO : ball_device.bd_scoop : Ejecting ball to <playfield.playfield>
2025-10-19 20:47:48,183 : INFO : EventManager : Event: ======'balldevice_bd_scoop_ejecting_ball'====== Args={'balls': 1, 'target': <playfield.playfield>, 'source': <ball_device.bd_scoop>, 'mechanical_eject': False, 'num_attempts': 0}
2025-10-19 20:47:48,184 : INFO : ball_device.bd_scoop : Wait for ball to leave device
2025-10-19 20:47:48,184 : INFO : coil.c_scoop_eject : Pulsing Driver for 25ms (1.0 pulse_power)
2025-10-19 20:47:48,185 : INFO : SwitchController : <<<<<<< 's_scoop' inactive >>>>>>>
2025-10-19 20:47:48,190 : INFO : EventManager : Event: ======'slide_paulrevere_left_orbit_lit_created'====== Args={'_from_bcp': True}
2025-10-19 20:47:48,192 : INFO : EventManager : Event: ======'slide_paulrevere_display_timer_created'====== Args={'_from_bcp': True}
2025-10-19 20:47:48,193 : INFO : ball_device.bd_scoop : State: ball_left
2025-10-19 20:47:48,193 : INFO : ball_device.bd_scoop : Ball left
2025-10-19 20:47:48,194 : INFO : ball_device.bd_scoop : Wait for confirm with timeout 3.0
2025-10-19 20:47:49,192 : INFO : EventManager : Event: ======'player_paulrevere_paulrevere_time_remaining_tick'====== Args={'value': 59, 'prev_value': 60, 'change': -1, 'player_num': 1}
2025-10-19 20:47:49,194 : INFO : EventManager : Event: ======'timer_paulrevere_time_remaining_tick'====== Args={'ticks': 59, 'ticks_remaining': 59}
2025-10-19 20:47:49,197 : INFO : EventManager : Event: ======'player_paulrevere_time_remaining_variable_times_1'====== Args={'value': 59, 'prev_value': 60, 'change': -1, 'player_num': 1, 'source': 'paulrevere'}
2025-10-19 20:47:49,651 : INFO : SwitchController : <<<<<<< 's_left_orbit' active >>>>>>>
2025-10-19 20:47:49,651 : INFO : EventManager : Event: ======'s_left_orbit_active'====== Args={}
2025-10-19 20:47:49,651 : INFO : EventManager : Event: ======'machine_var_audits_switches_s_left_orbit'====== Args={'value': 78, 'prev_value': 77, 'change': 1}
2025-10-19 20:47:49,653 : INFO : EventManager : Event: ======'player_score'====== Args={'value': 7970, 'prev_value': 7860, 'change': 110, 'player_num': 1, 'source': 'base'}
2025-10-19 20:47:49,700 : INFO : SwitchController : <<<<<<< 's_left_orbit' inactive >>>>>>>
2025-10-19 20:47:50,185 : INFO : EventManager : Event: ======'player_paulrevere_paulrevere_time_remaining_tick'====== Args={'value': 58, 'prev_value': 59, 'change': -1, 'player_num': 1}
2025-10-19 20:47:50,186 : INFO : EventManager : Event: ======'timer_paulrevere_time_remaining_tick'====== Args={'ticks': 58, 'ticks_remaining': 58}
2025-10-19 20:47:50,189 : INFO : EventManager : Event: ======'player_paulrevere_time_remaining_variable_times_1'====== Args={'value': 58, 'prev_value': 59, 'change': -1, 'player_num': 1, 'source': 'paulrevere'}
2025-10-19 20:47:50,543 : INFO : SwitchController : <<<<<<< 's_right_orbit' active >>>>>>>
2025-10-19 20:47:50,543 : INFO : EventManager : Event: ======'s_right_orbit_active'====== Args={}
2025-10-19 20:47:50,543 : INFO : EventManager : Event: ======'machine_var_audits_switches_s_right_orbit'====== Args={'value': 80, 'prev_value': 79, 'change': 1}
2025-10-19 20:47:50,544 : INFO : EventManager : Event: ======'player_score'====== Args={'value': 8080, 'prev_value': 7970, 'change': 110, 'player_num': 1, 'source': 'base'}
2025-10-19 20:47:50,545 : INFO : EventManager : Event: ======'left_orbit_sequence_hit'====== Args={'elapsed': 0.8910000000032596}
2025-10-19 20:47:50,547 : INFO : EventManager : Event: ======'machine_var_audits_shots_left_orbit'====== Args={'value': 4, 'prev_value': 3, 'change': 1}
2025-10-19 20:47:50,547 : INFO : EventManager : Event: ======'left_orbit_hit'====== Args={'profile': 'base_shot_profile', 'state': 'off', 'advancing': False}
2025-10-19 20:47:50,547 : INFO : EventManager : Event: ======'left_orbit_base_shot_profile_hit'====== Args={'profile': 'base_shot_profile', 'state': 'off', 'advancing': False}
2025-10-19 20:47:50,547 : INFO : EventManager : Event: ======'left_orbit_base_shot_profile_off_hit'====== Args={'profile': 'base_shot_profile', 'state': 'off', 'advancing': False}
2025-10-19 20:47:50,547 : INFO : EventManager : Event: ======'left_orbit_off_hit'====== Args={'profile': 'base_shot_profile', 'state': 'off', 'advancing': False}
2025-10-19 20:47:50,548 : INFO : EventManager : Event: ======'logicblock_paulrevere_shot_1_updated'====== Args={'value': 1, 'enabled': True}
2025-10-19 20:47:50,548 : INFO : EventManager : Event: ======'logicblock_paulrevere_shot_1_hit'====== Args={'step': 1}
2025-10-19 20:47:50,548 : INFO : EventManager : Event: ======'paulrevere_shot_1_done'====== Args={}
2025-10-19 20:47:50,549 : INFO : EventManager : Event: ======'logicblock_paulrevere_shot_1_updated'====== Args={'value': 1, 'enabled': False}
2025-10-19 20:47:50,549 : INFO : EventManager : Event: ======'logicblock_paulrevere_shot_2_updated'====== Args={'value': 0, 'enabled': True}
2025-10-19 20:47:50,550 : INFO : EventManager : Event: ======'player_score'====== Args={'value': 1008080, 'prev_value': 8080, 'change': 1000000, 'player_num': 1, 'source': 'paulrevere'}
2025-10-19 20:47:50,550 : INFO : EventManager : Event: ======'player_mode_paulrevere_score'====== Args={'value': 1000000, 'prev_value': 0, 'change': 1000000, 'player_num': 1, 'source': 'paulrevere'}
2025-10-19 20:47:50,567 : INFO : EventManager : Event: ======'slide_paulrevere_left_orbit_lit_removed'====== Args={'_from_bcp': True}
2025-10-19 20:47:50,568 : INFO : EventManager : Event: ======'slide_paulrevere_left_ramp_lit_created'====== Args={'_from_bcp': True}
2025-10-19 20:47:50,622 : INFO : SwitchController : <<<<<<< 's_right_orbit' inactive >>>>>>>
2025-10-19 20:47:51,181 : INFO : EventManager : Event: ======'player_paulrevere_paulrevere_time_remaining_tick'====== Args={'value': 57, 'prev_value': 58, 'change': -1, 'player_num': 1}
2025-10-19 20:47:51,182 : INFO : EventManager : Event: ======'timer_paulrevere_time_remaining_tick'====== Args={'ticks': 57, 'ticks_remaining': 57}
2025-10-19 20:47:51,185 : INFO : EventManager : Event: ======'player_paulrevere_time_remaining_variable_times_1'====== Args={'value': 57, 'prev_value': 58, 'change': -1, 'player_num': 1, 'source': 'paulrevere'}
2025-10-19 20:47:51,188 : INFO : ball_device.bd_scoop : State: failed_confirm
2025-10-19 20:47:51,188 : INFO : ball_device.bd_scoop : Got timeout (3.0s) before confirm from <playfield.playfield>
2025-10-19 20:47:51,287 : INFO : ball_device.bd_scoop : Confirming eject because target is playfield and ball did not return.
2025-10-19 20:47:51,287 : INFO : ball_device.bd_scoop : Eject successful
2025-10-19 20:47:51,287 : INFO : EventManager : Event: ======'balldevice_bd_scoop_ball_eject_success'====== Args={'balls': 1, 'target': <playfield.playfield>}
2025-10-19 20:47:51,288 : INFO : EventManager : Event: ======'balldevice_playfield_ball_enter'====== Args={'new_balls': 1, 'unclaimed_balls': 1, 'device': <playfield.playfield>}
2025-10-19 20:47:51,288 : INFO : EventManager : Event: ======'playfield_ball_count_change'====== Args={'balls': 1, 'change': 1}
2025-10-19 20:47:51,288 : INFO : EventManager : Event: ======'balldevice_bd_scoop_ball_count_changed'====== Args={'balls': 0}
2025-10-19 20:47:51,289 : INFO : ball_device.bd_scoop : State: idle
2025-10-19 20:47:51,967 : INFO : SwitchController : <<<<<<< 's_left_ramp' active >>>>>>>
2025-10-19 20:47:51,967 : INFO : EventManager : Event: ======'s_left_ramp_active'====== Args={}
2025-10-19 20:47:51,967 : INFO : EventManager : Event: ======'machine_var_audits_switches_s_left_ramp'====== Args={'value': 142, 'prev_value': 141, 'change': 1}
2025-10-19 20:47:51,969 : INFO : EventManager : Event: ======'machine_var_audits_shots_left_ramp'====== Args={'value': 8, 'prev_value': 7, 'change': 1}
2025-10-19 20:47:51,970 : INFO : EventManager : Event: ======'left_ramp_hit'====== Args={'profile': 'base_shot_profile', 'state': 'off', 'advancing': False}
2025-10-19 20:47:51,970 : INFO : EventManager : Event: ======'left_ramp_base_shot_profile_hit'====== Args={'profile': 'base_shot_profile', 'state': 'off', 'advancing': False}
2025-10-19 20:47:51,970 : INFO : EventManager : Event: ======'left_ramp_base_shot_profile_off_hit'====== Args={'profile': 'base_shot_profile', 'state': 'off', 'advancing': False}
2025-10-19 20:47:51,971 : INFO : EventManager : Event: ======'left_ramp_off_hit'====== Args={'profile': 'base_shot_profile', 'state': 'off', 'advancing': False}
2025-10-19 20:47:51,971 : INFO : EventManager : Event: ======'player_score'====== Args={'value': 1011090, 'prev_value': 1008080, 'change': 3010, 'player_num': 1, 'source': 'base'}
2025-10-19 20:47:51,971 : INFO : EventManager : Event: ======'logicblock_paulrevere_shot_2_updated'====== Args={'value': 1, 'enabled': True}
2025-10-19 20:47:51,971 : INFO : EventManager : Event: ======'logicblock_paulrevere_shot_2_hit'====== Args={'step': 1}
2025-10-19 20:47:51,971 : INFO : EventManager : Event: ======'paulrevere_shot_2_done'====== Args={}
2025-10-19 20:47:51,972 : INFO : EventManager : Event: ======'logicblock_paulrevere_shot_2_updated'====== Args={'value': 1, 'enabled': False}
2025-10-19 20:47:51,974 : INFO : EventManager : Event: ======'logicblock_paulrevere_shot_3_updated'====== Args={'value': 0, 'enabled': True}
2025-10-19 20:47:51,974 : INFO : EventManager : Event: ======'player_score'====== Args={'value': 3011090, 'prev_value': 1011090, 'change': 2000000, 'player_num': 1, 'source': 'paulrevere'}
2025-10-19 20:47:51,975 : INFO : EventManager : Event: ======'player_mode_paulrevere_score'====== Args={'value': 3000000, 'prev_value': 1000000, 'change': 2000000, 'player_num': 1, 'source': 'paulrevere'}
2025-10-19 20:47:52,000 : INFO : EventManager : Event: ======'slide_paulrevere_left_ramp_lit_removed'====== Args={'_from_bcp': True}
2025-10-19 20:47:52,001 : INFO : EventManager : Event: ======'slide_paulrevere_captive_ball_lit_created'====== Args={'_from_bcp': True}
2025-10-19 20:47:52,029 : INFO : SwitchController : <<<<<<< 's_left_ramp' inactive >>>>>>>
2025-10-19 20:47:52,175 : INFO : EventManager : Event: ======'player_paulrevere_paulrevere_time_remaining_tick'====== Args={'value': 56, 'prev_value': 57, 'change': -1, 'player_num': 1}
2025-10-19 20:47:52,176 : INFO : EventManager : Event: ======'timer_paulrevere_time_remaining_tick'====== Args={'ticks': 56, 'ticks_remaining': 56}
2025-10-19 20:47:52,178 : INFO : EventManager : Event: ======'player_paulrevere_time_remaining_variable_times_1'====== Args={'value': 56, 'prev_value': 57, 'change': -1, 'player_num': 1, 'source': 'paulrevere'}
2025-10-19 20:47:52,777 : INFO : SwitchController : <<<<<<< 's_captive_ball' active >>>>>>>
2025-10-19 20:47:52,777 : INFO : EventManager : Event: ======'s_captive_ball_active'====== Args={}
2025-10-19 20:47:52,777 : INFO : EventManager : Event: ======'machine_var_audits_switches_s_captive_ball'====== Args={'value': 194, 'prev_value': 193, 'change': 1}
2025-10-19 20:47:52,778 : INFO : EventManager : Event: ======'machine_var_audits_shots_captive_ball'====== Args={'value': 2, 'prev_value': 1, 'change': 1}
2025-10-19 20:47:52,779 : INFO : EventManager : Event: ======'captive_ball_hit'====== Args={'profile': 'base_shot_profile', 'state': 'off', 'advancing': False}
2025-10-19 20:47:52,779 : INFO : EventManager : Event: ======'captive_ball_base_shot_profile_hit'====== Args={'profile': 'base_shot_profile', 'state': 'off', 'advancing': False}
2025-10-19 20:47:52,779 : INFO : EventManager : Event: ======'captive_ball_base_shot_profile_off_hit'====== Args={'profile': 'base_shot_profile', 'state': 'off', 'advancing': False}
2025-10-19 20:47:52,779 : INFO : EventManager : Event: ======'captive_ball_off_hit'====== Args={'profile': 'base_shot_profile', 'state': 'off', 'advancing': False}
2025-10-19 20:47:52,779 : INFO : EventManager : Event: ======'player_score'====== Args={'value': 3021100, 'prev_value': 3011090, 'change': 10010, 'player_num': 1, 'source': 'base'}
2025-10-19 20:47:52,781 : INFO : EventManager : Event: ======'logicblock_paulrevere_shot_3_updated'====== Args={'value': 1, 'enabled': True}
2025-10-19 20:47:52,781 : INFO : EventManager : Event: ======'logicblock_paulrevere_shot_3_hit'====== Args={'step': 1}
2025-10-19 20:47:52,781 : INFO : EventManager : Event: ======'paulrevere_shot_3_done'====== Args={}
2025-10-19 20:47:52,781 : INFO : EventManager : Event: ======'logicblock_paulrevere_shot_3_updated'====== Args={'value': 1, 'enabled': False}
2025-10-19 20:47:52,783 : INFO : EventManager : Event: ======'logicblock_paulrevere_shot_4_updated'====== Args={'value': 0, 'enabled': True}
2025-10-19 20:47:52,784 : INFO : EventManager : Event: ======'player_score'====== Args={'value': 8021100, 'prev_value': 3021100, 'change': 5000000, 'player_num': 1, 'source': 'paulrevere'}
2025-10-19 20:47:52,784 : INFO : EventManager : Event: ======'player_mode_paulrevere_score'====== Args={'value': 8000000, 'prev_value': 3000000, 'change': 5000000, 'player_num': 1, 'source': 'paulrevere'}
2025-10-19 20:47:52,799 : INFO : EventManager : Event: ======'slide_paulrevere_captive_ball_lit_removed'====== Args={'_from_bcp': True}
2025-10-19 20:47:52,800 : INFO : EventManager : Event: ======'slide_paulrevere_right_ramp_lit_created'====== Args={'_from_bcp': True}
2025-10-19 20:47:52,868 : INFO : SwitchController : <<<<<<< 's_captive_ball' inactive >>>>>>>
2025-10-19 20:47:53,181 : INFO : EventManager : Event: ======'player_paulrevere_paulrevere_time_remaining_tick'====== Args={'value': 55, 'prev_value': 56, 'change': -1, 'player_num': 1}
2025-10-19 20:47:53,182 : INFO : EventManager : Event: ======'timer_paulrevere_time_remaining_tick'====== Args={'ticks': 55, 'ticks_remaining': 55}
2025-10-19 20:47:53,185 : INFO : EventManager : Event: ======'player_paulrevere_time_remaining_variable_times_1'====== Args={'value': 55, 'prev_value': 56, 'change': -1, 'player_num': 1, 'source': 'paulrevere'}
2025-10-19 20:47:53,554 : INFO : EventManager : Event: ======'right_orbit_sequence_timeout'====== Args={}
2025-10-19 20:47:53,728 : INFO : SwitchController : <<<<<<< 's_right_ramp' active >>>>>>>
2025-10-19 20:47:53,728 : INFO : EventManager : Event: ======'s_right_ramp_active'====== Args={}
2025-10-19 20:47:53,728 : INFO : EventManager : Event: ======'machine_var_audits_switches_s_right_ramp'====== Args={'value': 157, 'prev_value': 156, 'change': 1}
2025-10-19 20:47:53,729 : INFO : EventManager : Event: ======'machine_var_audits_shots_right_ramp'====== Args={'value': 9, 'prev_value': 8, 'change': 1}
2025-10-19 20:47:53,729 : INFO : EventManager : Event: ======'right_ramp_hit'====== Args={'profile': 'base_shot_profile', 'state': 'off', 'advancing': False}
2025-10-19 20:47:53,729 : INFO : EventManager : Event: ======'right_ramp_base_shot_profile_hit'====== Args={'profile': 'base_shot_profile', 'state': 'off', 'advancing': False}
2025-10-19 20:47:53,729 : INFO : EventManager : Event: ======'right_ramp_base_shot_profile_off_hit'====== Args={'profile': 'base_shot_profile', 'state': 'off', 'advancing': False}
2025-10-19 20:47:53,729 : INFO : EventManager : Event: ======'right_ramp_off_hit'====== Args={'profile': 'base_shot_profile', 'state': 'off', 'advancing': False}
2025-10-19 20:47:53,730 : INFO : EventManager : Event: ======'player_score'====== Args={'value': 8024110, 'prev_value': 8021100, 'change': 3010, 'player_num': 1, 'source': 'base'}
2025-10-19 20:47:53,730 : INFO : EventManager : Event: ======'logicblock_paulrevere_shot_4_updated'====== Args={'value': 1, 'enabled': True}
2025-10-19 20:47:53,730 : INFO : EventManager : Event: ======'logicblock_paulrevere_shot_4_hit'====== Args={'step': 1}
2025-10-19 20:47:53,730 : INFO : EventManager : Event: ======'paulrevere_shot_4_done'====== Args={}
2025-10-19 20:47:53,731 : INFO : EventManager : Event: ======'logicblock_paulrevere_shot_4_updated'====== Args={'value': 1, 'enabled': False}
2025-10-19 20:47:53,734 : INFO : EventManager : Event: ======'logicblock_paulrevere_shot_5_updated'====== Args={'value': 0, 'enabled': True}
2025-10-19 20:47:53,734 : INFO : EventManager : Event: ======'player_score'====== Args={'value': 11024110, 'prev_value': 8024110, 'change': 3000000, 'player_num': 1, 'source': 'paulrevere'}
2025-10-19 20:47:53,735 : INFO : EventManager : Event: ======'player_mode_paulrevere_score'====== Args={'value': 11000000, 'prev_value': 8000000, 'change': 3000000, 'player_num': 1, 'source': 'paulrevere'}
2025-10-19 20:47:53,747 : INFO : EventManager : Event: ======'slide_paulrevere_right_ramp_lit_removed'====== Args={'_from_bcp': True}
2025-10-19 20:47:53,749 : INFO : EventManager : Event: ======'slide_paulrevere_right_orbit_lit_created'====== Args={'_from_bcp': True}
2025-10-19 20:47:53,809 : INFO : SwitchController : <<<<<<< 's_right_ramp' inactive >>>>>>>
2025-10-19 20:47:54,179 : INFO : EventManager : Event: ======'player_paulrevere_paulrevere_time_remaining_tick'====== Args={'value': 54, 'prev_value': 55, 'change': -1, 'player_num': 1}
2025-10-19 20:47:54,180 : INFO : EventManager : Event: ======'timer_paulrevere_time_remaining_tick'====== Args={'ticks': 54, 'ticks_remaining': 54}
2025-10-19 20:47:54,183 : INFO : EventManager : Event: ======'player_paulrevere_time_remaining_variable_times_1'====== Args={'value': 54, 'prev_value': 55, 'change': -1, 'player_num': 1, 'source': 'paulrevere'}
2025-10-19 20:47:54,430 : INFO : SwitchController : <<<<<<< 's_right_orbit' active >>>>>>>
2025-10-19 20:47:54,430 : INFO : EventManager : Event: ======'s_right_orbit_active'====== Args={}
2025-10-19 20:47:54,430 : INFO : EventManager : Event: ======'machine_var_audits_switches_s_right_orbit'====== Args={'value': 81, 'prev_value': 80, 'change': 1}
2025-10-19 20:47:54,431 : INFO : EventManager : Event: ======'player_score'====== Args={'value': 11024220, 'prev_value': 11024110, 'change': 110, 'player_num': 1, 'source': 'base'}
2025-10-19 20:47:54,514 : INFO : SwitchController : <<<<<<< 's_right_orbit' inactive >>>>>>>
2025-10-19 20:47:55,189 : INFO : EventManager : Event: ======'player_paulrevere_paulrevere_time_remaining_tick'====== Args={'value': 53, 'prev_value': 54, 'change': -1, 'player_num': 1}
2025-10-19 20:47:55,190 : INFO : EventManager : Event: ======'timer_paulrevere_time_remaining_tick'====== Args={'ticks': 53, 'ticks_remaining': 53}
2025-10-19 20:47:55,193 : INFO : EventManager : Event: ======'player_paulrevere_time_remaining_variable_times_1'====== Args={'value': 53, 'prev_value': 54, 'change': -1, 'player_num': 1, 'source': 'paulrevere'}
2025-10-19 20:47:55,247 : INFO : SwitchController : <<<<<<< 's_left_orbit' active >>>>>>>
2025-10-19 20:47:55,247 : INFO : EventManager : Event: ======'s_left_orbit_active'====== Args={}
2025-10-19 20:47:55,247 : INFO : EventManager : Event: ======'machine_var_audits_switches_s_left_orbit'====== Args={'value': 79, 'prev_value': 78, 'change': 1}
2025-10-19 20:47:55,249 : INFO : EventManager : Event: ======'player_score'====== Args={'value': 11024330, 'prev_value': 11024220, 'change': 110, 'player_num': 1, 'source': 'base'}
2025-10-19 20:47:55,250 : INFO : EventManager : Event: ======'right_orbit_sequence_hit'====== Args={'elapsed': 0.8279999999977008}
2025-10-19 20:47:55,252 : INFO : EventManager : Event: ======'machine_var_audits_shots_right_orbit'====== Args={'value': 4, 'prev_value': 3, 'change': 1}
2025-10-19 20:47:55,253 : INFO : EventManager : Event: ======'right_orbit_hit'====== Args={'profile': 'base_shot_profile', 'state': 'off', 'advancing': False}
2025-10-19 20:47:55,253 : INFO : EventManager : Event: ======'right_orbit_base_shot_profile_hit'====== Args={'profile': 'base_shot_profile', 'state': 'off', 'advancing': False}
2025-10-19 20:47:55,253 : INFO : EventManager : Event: ======'right_orbit_base_shot_profile_off_hit'====== Args={'profile': 'base_shot_profile', 'state': 'off', 'advancing': False}
2025-10-19 20:47:55,253 : INFO : EventManager : Event: ======'right_orbit_off_hit'====== Args={'profile': 'base_shot_profile', 'state': 'off', 'advancing': False}
2025-10-19 20:47:55,254 : INFO : EventManager : Event: ======'logicblock_paulrevere_shot_5_updated'====== Args={'value': 1, 'enabled': True}
2025-10-19 20:47:55,254 : INFO : EventManager : Event: ======'logicblock_paulrevere_shot_5_hit'====== Args={'step': 1}
2025-10-19 20:47:55,254 : INFO : EventManager : Event: ======'paulrevere_shot_5_done'====== Args={}
2025-10-19 20:47:55,255 : INFO : EventManager : Event: ======'logicblock_paulrevere_shot_5_updated'====== Args={'value': 1, 'enabled': False}
2025-10-19 20:47:55,255 : INFO : EventManager : Event: ======'logicblock_paulrevere_shot_6_updated'====== Args={'value': 0, 'enabled': True}
2025-10-19 20:47:55,255 : INFO : EventManager : Event: ======'player_score'====== Args={'value': 16024330, 'prev_value': 11024330, 'change': 5000000, 'player_num': 1, 'source': 'paulrevere'}
2025-10-19 20:47:55,255 : INFO : EventManager : Event: ======'player_mode_paulrevere_score'====== Args={'value': 16000000, 'prev_value': 11000000, 'change': 5000000, 'player_num': 1, 'source': 'paulrevere'}
2025-10-19 20:47:55,266 : INFO : EventManager : Event: ======'slide_paulrevere_right_orbit_lit_removed'====== Args={'_from_bcp': True}
2025-10-19 20:47:55,267 : INFO : EventManager : Event: ======'slide_paulrevere_final_shot_lit_created'====== Args={'_from_bcp': True}
2025-10-19 20:47:55,317 : INFO : SwitchController : <<<<<<< 's_left_orbit' inactive >>>>>>>
2025-10-19 20:47:56,195 : INFO : EventManager : Event: ======'player_paulrevere_paulrevere_time_remaining_tick'====== Args={'value': 52, 'prev_value': 53, 'change': -1, 'player_num': 1}
2025-10-19 20:47:56,196 : INFO : EventManager : Event: ======'timer_paulrevere_time_remaining_tick'====== Args={'ticks': 52, 'ticks_remaining': 52}
2025-10-19 20:47:56,198 : INFO : EventManager : Event: ======'player_paulrevere_time_remaining_variable_times_1'====== Args={'value': 52, 'prev_value': 53, 'change': -1, 'player_num': 1, 'source': 'paulrevere'}
2025-10-19 20:47:57,190 : INFO : EventManager : Event: ======'player_paulrevere_paulrevere_time_remaining_tick'====== Args={'value': 51, 'prev_value': 52, 'change': -1, 'player_num': 1}
2025-10-19 20:47:57,191 : INFO : EventManager : Event: ======'timer_paulrevere_time_remaining_tick'====== Args={'ticks': 51, 'ticks_remaining': 51}
2025-10-19 20:47:57,193 : INFO : EventManager : Event: ======'player_paulrevere_time_remaining_variable_times_1'====== Args={'value': 51, 'prev_value': 52, 'change': -1, 'player_num': 1, 'source': 'paulrevere'}
2025-10-19 20:47:58,203 : INFO : EventManager : Event: ======'player_paulrevere_paulrevere_time_remaining_tick'====== Args={'value': 50, 'prev_value': 51, 'change': -1, 'player_num': 1}
2025-10-19 20:47:58,204 : INFO : EventManager : Event: ======'timer_paulrevere_time_remaining_tick'====== Args={'ticks': 50, 'ticks_remaining': 50}
2025-10-19 20:47:58,206 : INFO : EventManager : Event: ======'player_paulrevere_time_remaining_variable_times_1'====== Args={'value': 50, 'prev_value': 51, 'change': -1, 'player_num': 1, 'source': 'paulrevere'}
2025-10-19 20:47:58,280 : INFO : EventManager : Event: ======'left_orbit_sequence_timeout'====== Args={}
2025-10-19 20:47:58,461 : INFO : SwitchController : <<<<<<< 's_scoop' active >>>>>>>
2025-10-19 20:47:58,461 : INFO : EventManager : Event: ======'s_scoop_active'====== Args={}
2025-10-19 20:47:58,462 : INFO : EventManager : Event: ======'machine_var_audits_switches_s_scoop'====== Args={'value': 355, 'prev_value': 354, 'change': 1}
2025-10-19 20:47:58,463 : INFO : EventManager : Event: ======'machine_var_audits_shots_scoop'====== Args={'value': 12, 'prev_value': 11, 'change': 1}
2025-10-19 20:47:58,463 : INFO : EventManager : Event: ======'scoop_hit'====== Args={'profile': 'base_shot_profile', 'state': 'off', 'advancing': False}
2025-10-19 20:47:58,464 : INFO : EventManager : Event: ======'scoop_base_shot_profile_hit'====== Args={'profile': 'base_shot_profile', 'state': 'off', 'advancing': False}
2025-10-19 20:47:58,464 : INFO : EventManager : Event: ======'scoop_base_shot_profile_off_hit'====== Args={'profile': 'base_shot_profile', 'state': 'off', 'advancing': False}
2025-10-19 20:47:58,464 : INFO : EventManager : Event: ======'scoop_off_hit'====== Args={'profile': 'base_shot_profile', 'state': 'off', 'advancing': False}
2025-10-19 20:47:58,464 : INFO : EventManager : Event: ======'player_score'====== Args={'value': 16026640, 'prev_value': 16024330, 'change': 2310, 'player_num': 1, 'source': 'base'}
2025-10-19 20:47:58,465 : INFO : EventManager : Event: ======'logicblock_paulrevere_shot_6_updated'====== Args={'value': 1, 'enabled': True}
2025-10-19 20:47:58,465 : INFO : EventManager : Event: ======'logicblock_paulrevere_shot_6_hit'====== Args={'step': 1}
2025-10-19 20:47:58,465 : INFO : EventManager : Event: ======'paulrevere_shot_6_done'====== Args={}
2025-10-19 20:47:58,465 : INFO : EventManager : Event: ======'mode_paulrevere_stop'====== Args={}
2025-10-19 20:47:58,465 : INFO : EventManager : Event: ======'logicblock_paulrevere_shot_6_updated'====== Args={'value': 1, 'enabled': False}
2025-10-19 20:47:58,467 : INFO : EventManager : Event: ======'mode_paulrevere_success'====== Args={'priority': 0}
2025-10-19 20:47:58,469 : INFO : EventManager : Event: ======'player_score'====== Args={'value': 26026640, 'prev_value': 16026640, 'change': 10000000, 'player_num': 1, 'source': 'paulrevere'}
2025-10-19 20:47:58,470 : INFO : EventManager : Event: ======'player_mode_paulrevere_score'====== Args={'value': 26000000, 'prev_value': 16000000, 'change': 10000000, 'player_num': 1, 'source': 'paulrevere'}
2025-10-19 20:47:58,470 : INFO : Timer.paulrevere_time_remaining : Pausing Timer for 0 ms
2025-10-19 20:47:58,470 : INFO : EventManager : Event: ======'timer_paulrevere_time_remaining_paused'====== Args={'ticks': 50, 'ticks_remaining': 50}
2025-10-19 20:47:58,470 : INFO : EventManager : Event: ======'mode_carousel_will_start'====== Args={'priority': 0}
2025-10-19 20:47:58,471 : INFO : EventManager : Event: ======'mode_carousel_starting'====== Args={'priority': 0}
2025-10-19 20:47:58,476 : INFO : EventManager : Event: ======'mode_paulrevere_will_stop'====== Args={}
2025-10-19 20:47:58,476 : INFO : EventManager : Event: ======'mode_paulrevere_stopping'====== Args={}
2025-10-19 20:47:58,477 : INFO : Mode.paulrevere : Stopped.
2025-10-19 20:47:58,477 : INFO : EventManager : Event: ======'modes_active_modes_changed'====== Args={}
2025-10-19 20:47:58,477 : INFO : EventManager : Event: ======'mode_paulrevere_stopped'====== Args={}
2025-10-19 20:47:58,478 : INFO : EventManager : Event: ======'clear'====== Args={'key': 'paulrevere'}
2025-10-19 20:47:58,478 : INFO : EventManager : Event: ======'player_mode_blocking_flag'====== Args={'value': 0, 'prev_value': 1, 'change': -1, 'player_num': 1, 'source': 'base'}
2025-10-19 20:47:58,480 : INFO : Timer.paulrevere_time_remaining : Stopping Timer
2025-10-19 20:47:58,480 : INFO : EventManager : Event: ======'timer_paulrevere_time_remaining_stopped'====== Args={'ticks': 50, 'ticks_remaining': 50}
2025-10-19 20:47:58,481 : INFO : Timer.paulrevere_intro_show : Stopping Timer
2025-10-19 20:47:58,481 : INFO : EventManager : Event: ======'timer_paulrevere_intro_show_stopped'====== Args={'ticks': 6, 'ticks_remaining': 1}
2025-10-19 20:47:58,481 : INFO : Mode.carousel : Started. Priority: 200
2025-10-19 20:47:58,481 : INFO : EventManager : Event: ======'modes_active_modes_changed'====== Args={}
2025-10-19 20:47:58,481 : INFO : EventManager : Event: ======'mode_carousel_started'====== Args={'priority': 0}
2025-10-19 20:47:58,482 : INFO : EventManager : Event: ======'item_highlighted'====== Args={'carousel': 'carousel', 'direction': None, 'item': 'intergalactic'}
2025-10-19 20:47:58,497 : INFO : EventManager : Event: ======'slide_paulrevere_final_shot_lit_removed'====== Args={'_from_bcp': True}
2025-10-19 20:47:58,499 : INFO : EventManager : Event: ======'slide_paulrevere_removed'====== Args={'_from_bcp': True}
2025-10-19 20:47:58,501 : INFO : EventManager : Event: ======'slide_base_created'====== Args={'_from_bcp': True}
2025-10-19 20:47:58,502 : INFO : EventManager : Event: ======'play_base_video4'====== Args={'_from_bcp': True}
2025-10-19 20:47:58,504 : INFO : EventManager : Event: ======'slide_paulrevere_success_created'====== Args={'_from_bcp': True}
2025-10-19 20:47:58,504 : INFO : EventManager : Event: ======'slide_paulrevere_display_timer_removed'====== Args={'_from_bcp': True}
2025-10-19 20:47:58,505 : INFO : EventManager : Event: ======'slide_current_mode_highlighted_created'====== Args={'_from_bcp': True}
2025-10-19 20:47:58,524 : INFO : EventManager : Event: ======'slide_basevideo4_created'====== Args={'_from_bcp': True}
2025-10-19 20:47:58,984 : INFO : EventManager : Event: ======'balldevice_bd_scoop_ball_count_changed'====== Args={'balls': 1}
2025-10-19 20:47:58,984 : INFO : ball_device.bd_scoop : Received unexpected ball
2025-10-19 20:47:58,984 : INFO : EventManager : Event: ======'balldevice_captured_from_playfield'====== Args={'balls': 1}
2025-10-19 20:47:58,985 : INFO : EventManager : Event: ======'sw_playfield_active'====== Args={'balls': 1}
2025-10-19 20:47:58,985 : INFO : EventManager : Event: ======'playfield_ball_count_change'====== Args={'balls': 0, 'change': -1}
2025-10-19 20:47:58,986 : INFO : EventManager : Event: ======'balldevice_bd_scoop_ball_enter'====== Args={'new_balls': 1, 'unclaimed_balls': 1, 'new_available_balls': 1, 'device': <ball_device.bd_scoop>}
2025-10-19 20:47:58,987 : INFO : ball_device.bd_scoop : Ejecting 1 unexpected balls using path deque([<ball_device.bd_scoop>, <playfield.playfield>])
2025-10-19 20:47:58,987 : INFO : EventManager : Event: ======'balldevice_balls_available'====== Args={}
2025-10-19 20:47:58,987 : INFO : EventManager : Event: ======'balldevice_balls_available'====== Args={}
2025-10-19 20:47:58,989 : INFO : EventManager : Event: ======'balldevice_bd_scoop_ball_entered'====== Args={'new_balls': 1, 'device': <ball_device.bd_scoop>}
2025-10-19 20:47:58,990 : INFO : ball_device.bd_scoop : State: waiting_for_target_ready
2025-10-19 20:47:58,990 : INFO : EventManager : Event: ======'balldevice_bd_scoop_ball_eject_attempt'====== Args={'balls': 1, 'target': <playfield.playfield>, 'source': <ball_device.bd_scoop>, 'mechanical_eject': False, 'num_attempts': 0}
2025-10-19 20:47:58,991 : INFO : ball_device.bd_scoop : State: ejecting
2025-10-19 20:47:58,992 : INFO : ball_device.bd_scoop : Ejecting ball to <playfield.playfield>
2025-10-19 20:47:58,992 : INFO : EventManager : Event: ======'balldevice_bd_scoop_ejecting_ball'====== Args={'balls': 1, 'target': <playfield.playfield>, 'source': <ball_device.bd_scoop>, 'mechanical_eject': False, 'num_attempts': 0}
2025-10-19 20:47:58,993 : INFO : ball_device.bd_scoop : Wait for ball to leave device
2025-10-19 20:47:58,994 : INFO : coil.c_scoop_eject : Pulsing Driver for 25ms (1.0 pulse_power)
2025-10-19 20:47:58,994 : INFO : SwitchController : <<<<<<< 's_scoop' inactive >>>>>>>
2025-10-19 20:47:59,000 : INFO : ball_device.bd_scoop : State: ball_left
2025-10-19 20:47:59,001 : INFO : ball_device.bd_scoop : Ball left
2025-10-19 20:47:59,001 : INFO : ball_device.bd_scoop : Wait for confirm with timeout 3.0
2025-10-19 20:48:01,545 : INFO : EventManager : Event: ======'slide_paulrevere_success_removed'====== Args={'_from_bcp': True}
2025-10-19 20:48:02,012 : INFO : ball_device.bd_scoop : State: failed_confirm
2025-10-19 20:48:02,013 : INFO : ball_device.bd_scoop : Got timeout (3.0s) before confirm from <playfield.playfield>
2025-10-19 20:48:02,105 : INFO : ball_device.bd_scoop : Confirming eject because target is playfield and ball did not return.
2025-10-19 20:48:02,105 : INFO : ball_device.bd_scoop : Eject successful
2025-10-19 20:48:02,105 : INFO : EventManager : Event: ======'balldevice_bd_scoop_ball_eject_success'====== Args={'balls': 1, 'target': <playfield.playfield>}
2025-10-19 20:48:02,106 : INFO : EventManager : Event: ======'balldevice_playfield_ball_enter'====== Args={'new_balls': 1, 'unclaimed_balls': 1, 'device': <playfield.playfield>}
2025-10-19 20:48:02,106 : INFO : EventManager : Event: ======'playfield_ball_count_change'====== Args={'balls': 1, 'change': 1}
2025-10-19 20:48:02,107 : INFO : EventManager : Event: ======'balldevice_bd_scoop_ball_count_changed'====== Args={'balls': 0}
2025-10-19 20:48:02,107 : INFO : ball_device.bd_scoop : State: idle
2025-10-19 20:48:07,393 : INFO : Machine : Shutting down...
2025-10-19 20:48:07,394 : INFO : EventManager : Event: ======'shutdown'====== Args={}
2025-10-19 20:48:07,394 : INFO : EventManager : Event: ======'mode_service_will_stop'====== Args={}
2025-10-19 20:48:07,394 : INFO : EventManager : Event: ======'mode_service_stopping'====== Args={}
2025-10-19 20:48:07,395 : INFO : Mode.service : Stopped.
2025-10-19 20:48:07,395 : INFO : EventManager : Event: ======'modes_active_modes_changed'====== Args={}
2025-10-19 20:48:07,396 : INFO : EventManager : Event: ======'mode_service_stopped'====== Args={}
2025-10-19 20:48:07,396 : INFO : EventManager : Event: ======'clear'====== Args={'key': 'service'}
2025-10-19 20:48:07,397 : INFO : EventManager : Event: ======'mode_game_will_stop'====== Args={}
2025-10-19 20:48:07,397 : INFO : EventManager : Event: ======'mode_game_stopping'====== Args={}
2025-10-19 20:48:07,398 : INFO : EventManager : Event: ======'mode_multiball_will_stop'====== Args={}
2025-10-19 20:48:07,398 : INFO : EventManager : Event: ======'mode_multiball_stopping'====== Args={}
2025-10-19 20:48:07,398 : INFO : EventManager : Event: ======'mode_base_will_stop'====== Args={}
2025-10-19 20:48:07,398 : INFO : EventManager : Event: ======'mode_base_stopping'====== Args={}
2025-10-19 20:48:07,398 : INFO : EventManager : Event: ======'mode_carousel_will_stop'====== Args={}
2025-10-19 20:48:07,398 : INFO : EventManager : Event: ======'mode_carousel_stopping'====== Args={}
2025-10-19 20:48:07,398 : INFO : Mode.carousel : Stopped.
2025-10-19 20:48:07,398 : INFO : EventManager : Event: ======'modes_active_modes_changed'====== Args={}
2025-10-19 20:48:07,399 : INFO : EventManager : Event: ======'mode_carousel_stopped'====== Args={}
2025-10-19 20:48:07,399 : INFO : EventManager : Event: ======'clear'====== Args={'key': 'carousel'}
2025-10-19 20:48:07,400 : INFO : Mode.base : Stopped.
2025-10-19 20:48:07,400 : INFO : EventManager : Event: ======'modes_active_modes_changed'====== Args={}
2025-10-19 20:48:07,400 : INFO : EventManager : Event: ======'mode_base_stopped'====== Args={}
2025-10-19 20:48:07,400 : INFO : EventManager : Event: ======'clear'====== Args={'key': 'base'}
2025-10-19 20:48:07,403 : INFO : Mode.multiball : Stopped.
2025-10-19 20:48:07,404 : INFO : EventManager : Event: ======'modes_active_modes_changed'====== Args={}
2025-10-19 20:48:07,404 : INFO : EventManager : Event: ======'mode_multiball_stopped'====== Args={}
2025-10-19 20:48:07,404 : INFO : EventManager : Event: ======'clear'====== Args={'key': 'multiball'}
2025-10-19 20:48:07,405 : INFO : Mode.game : Stopped.
2025-10-19 20:48:07,405 : INFO : EventManager : Event: ======'modes_active_modes_changed'====== Args={}
2025-10-19 20:48:07,405 : INFO : EventManager : Event: ======'mode_game_stopped'====== Args={}
2025-10-19 20:48:07,405 : INFO : EventManager : Event: ======'clear'====== Args={'key': 'game'}
2025-10-19 20:48:07,410 : INFO : root : MPF run loop ended.
