2025-11-06 16:21:45,651 : INFO : root : Loading config.
2025-11-06 16:21:45,663 : INFO : YamlMultifileConfigLoader : Machine config file #1: config.yaml
2025-11-06 16:21:45,664 : INFO : ConfigProcessor : Loading config from cache: C:\Users\sdona\AppData\Local\Temp\19f6d0d7953982fda9d956182316b8e5.mpf_cache
2025-11-06 16:21:46,872 : INFO : ConfigProcessor : Loading config from cache: C:\Users\sdona\AppData\Local\Temp\835b5bfea4be8b279a05e96caaaffbbb.mpf_cache
2025-11-06 16:21:46,874 : INFO : ConfigProcessor : Loading config from cache: C:\Users\sdona\AppData\Local\Temp\9b0a7575388f9d9bd2f6ab87bf9fd2f7.mpf_cache
2025-11-06 16:21:46,875 : INFO : ConfigProcessor : Loading config from cache: C:\Users\sdona\AppData\Local\Temp\c340ec0033d1055cd797ffd5447ef414.mpf_cache
2025-11-06 16:21:46,877 : INFO : ConfigProcessor : Loading config from cache: C:\Users\sdona\AppData\Local\Temp\835b5bfea4be8b279a05e96caaaffbbb.mpf_cache
2025-11-06 16:21:46,879 : WARNING : ConfigProcessor : Config file in cache changed: C:\venv\mpf\mmmdrop\modes\skill_shot\config\skill_shot.yaml
2025-11-06 16:21:46,879 : INFO : ConfigProcessor : Loading config from file C:\venv\mpf\mmmdrop\modes\skill_shot\config\skill_shot.yaml.
2025-11-06 16:21:46,919 : INFO : ConfigProcessor : Loading config: C:\venv\mpf\mmmdrop\modes\skill_shot\config\skill_shot.yaml
2025-11-06 16:21:46,921 : INFO : ConfigProcessor : Config file cache created: C:\Users\sdona\AppData\Local\Temp\8c11a28e3c38d4ad47947b6a126f2ee9.mpf_cache
2025-11-06 16:21:46,958 : INFO : ConfigProcessor : Loading config from cache: C:\Users\sdona\AppData\Local\Temp\e391083cdc9e667060411fe5838e93f2.mpf_cache
2025-11-06 16:21:46,959 : INFO : ConfigProcessor : Loading config from cache: C:\Users\sdona\AppData\Local\Temp\f0c219a993d891ee86dcb7eae47dde67.mpf_cache
2025-11-06 16:21:46,961 : INFO : ConfigProcessor : Loading config from cache: C:\Users\sdona\AppData\Local\Temp\96aa58108928490b129531848cd9b506.mpf_cache
2025-11-06 16:21:46,963 : INFO : ConfigProcessor : Loading config from cache: C:\Users\sdona\AppData\Local\Temp\567636b9d9766e3361204e954a8382da.mpf_cache
2025-11-06 16:21:46,965 : INFO : ConfigProcessor : Loading config from cache: C:\Users\sdona\AppData\Local\Temp\d5ead8dff868c6c4b1faf37537a19bc2.mpf_cache
2025-11-06 16:21:46,966 : INFO : ConfigProcessor : Loading config from cache: C:\Users\sdona\AppData\Local\Temp\112f935d1c2002cb40d3e6e497be9e7c.mpf_cache
2025-11-06 16:21:46,969 : INFO : ConfigProcessor : Loading config from cache: C:\Users\sdona\AppData\Local\Temp\aba0711976820dea629bb4c00b006efc.mpf_cache
2025-11-06 16:21:46,972 : INFO : ConfigProcessor : Loading config from cache: C:\Users\sdona\AppData\Local\Temp\de8ed6c6d4c48d1b5b054ff74222cb35.mpf_cache
2025-11-06 16:21:46,973 : INFO : ConfigProcessor : Loading config from cache: C:\Users\sdona\AppData\Local\Temp\5db6c64b0c3bca58d6bbb0f959e933ad.mpf_cache
2025-11-06 16:21:46,974 : INFO : ConfigProcessor : Loading config from cache: C:\Users\sdona\AppData\Local\Temp\3eebd8fc985a6907aa555c0256177d6c.mpf_cache
2025-11-06 16:21:46,984 : INFO : ConfigProcessor : Loading config from cache: C:\Users\sdona\AppData\Local\Temp\7f047f20ee2604e573d0056474eb225c.mpf_cache
2025-11-06 16:21:46,986 : INFO : ConfigProcessor : Loading config from cache: C:\Users\sdona\AppData\Local\Temp\7cbf965458447bfe6339fd0c6d804285.mpf_cache
2025-11-06 16:21:46,995 : INFO : ConfigProcessor : Loading config from cache: C:\Users\sdona\AppData\Local\Temp\c09cbc2eb967f07064f0c7aeb253df93.mpf_cache
2025-11-06 16:21:46,996 : INFO : ConfigProcessor : Loading config from cache: C:\Users\sdona\AppData\Local\Temp\3e3e819377c518a390ee259f491dfb06.mpf_cache
2025-11-06 16:21:46,998 : INFO : ConfigProcessor : Loading config from cache: C:\Users\sdona\AppData\Local\Temp\1bbdf2c973c297bc3add8824c296f9ca.mpf_cache
2025-11-06 16:21:46,999 : INFO : ConfigProcessor : Loading config from cache: C:\Users\sdona\AppData\Local\Temp\e6b55d6a1c06b0dd6369c964181bf8d3.mpf_cache
2025-11-06 16:21:47,001 : INFO : ConfigProcessor : Loading config from cache: C:\Users\sdona\AppData\Local\Temp\c400bf69dd848f9ec4f3356496b25a78.mpf_cache
2025-11-06 16:21:47,003 : INFO : ConfigProcessor : Loading config from cache: C:\Users\sdona\AppData\Local\Temp\b5a54abfbba58cd6005650aabe85cb35.mpf_cache
2025-11-06 16:21:47,005 : INFO : ConfigProcessor : Loading config from cache: C:\Users\sdona\AppData\Local\Temp\2eef6648f7190b215d7c16d8157b8208.mpf_cache
2025-11-06 16:21:47,007 : INFO : ConfigProcessor : Loading config from cache: C:\Users\sdona\AppData\Local\Temp\5a7ad07f75832c2fa569d8508186f943.mpf_cache
2025-11-06 16:21:47,007 : INFO : ConfigProcessor : Loading config from cache: C:\Users\sdona\AppData\Local\Temp\711653a87803a851864824c720cfa295.mpf_cache
2025-11-06 16:21:47,010 : INFO : ConfigProcessor : Loading config from cache: C:\Users\sdona\AppData\Local\Temp\b049f3bb793752455511c0ce4851dcec.mpf_cache
2025-11-06 16:21:47,012 : INFO : ConfigProcessor : Loading config from cache: C:\Users\sdona\AppData\Local\Temp\67d6cae7afaea6fe987e87f8d3a3ea21.mpf_cache
2025-11-06 16:21:47,013 : INFO : ConfigProcessor : Loading config from cache: C:\Users\sdona\AppData\Local\Temp\141b19e6c0168c485bbb38b6543175a8.mpf_cache
2025-11-06 16:21:47,014 : INFO : ConfigProcessor : Loading config from cache: C:\Users\sdona\AppData\Local\Temp\4e6dd3b0a361d042ad5ab93a8cc8b437.mpf_cache
2025-11-06 16:21:47,016 : INFO : ConfigProcessor : Loading config from cache: C:\Users\sdona\AppData\Local\Temp\e97c871403fe82070ff249d62d7cfe22.mpf_cache
2025-11-06 16:21:47,017 : INFO : ConfigProcessor : Loading config from cache: C:\Users\sdona\AppData\Local\Temp\64b6da5876f56fc970400d85dfe882ec.mpf_cache
2025-11-06 16:21:47,018 : INFO : ConfigProcessor : Loading config from cache: C:\Users\sdona\AppData\Local\Temp\c5a11fc9367393a964e333a780e846f7.mpf_cache
2025-11-06 16:21:47,020 : INFO : ConfigProcessor : Loading config from cache: C:\Users\sdona\AppData\Local\Temp\2816335dd466496617c9461f091e66f7.mpf_cache
2025-11-06 16:21:47,021 : INFO : ConfigProcessor : Loading config from cache: C:\Users\sdona\AppData\Local\Temp\6359f7257429add2d261e94bcafd60d5.mpf_cache
2025-11-06 16:21:47,022 : INFO : ConfigProcessor : Loading config from cache: C:\Users\sdona\AppData\Local\Temp\e1f034e230342bd5fff9d9c9df707a6d.mpf_cache
2025-11-06 16:21:47,023 : INFO : ConfigProcessor : Loading config from cache: C:\Users\sdona\AppData\Local\Temp\bed2bac5ea254e8ca98f6dd45e865fd8.mpf_cache
2025-11-06 16:21:47,024 : INFO : ConfigProcessor : Loading config from cache: C:\Users\sdona\AppData\Local\Temp\48e8797b77339ec89f8005d20046fbbb.mpf_cache
2025-11-06 16:21:47,026 : INFO : ConfigProcessor : Loading config from cache: C:\Users\sdona\AppData\Local\Temp\b0b8ed4dbd306ac2f063788d81ec6bc4.mpf_cache
2025-11-06 16:21:47,027 : INFO : ConfigProcessor : Loading config from cache: C:\Users\sdona\AppData\Local\Temp\98b42cbd2eba7845afea8d7862634639.mpf_cache
2025-11-06 16:21:47,029 : INFO : ConfigProcessor : Loading config from cache: C:\Users\sdona\AppData\Local\Temp\44893055a228bb5e0381bfc6f9c0abd7.mpf_cache
2025-11-06 16:21:47,031 : INFO : ConfigProcessor : Loading config from cache: C:\Users\sdona\AppData\Local\Temp\2042660f443afc84f0703d0905ba54ee.mpf_cache
2025-11-06 16:21:47,047 : INFO : ConfigProcessor : Loading config from cache: C:\Users\sdona\AppData\Local\Temp\ecb35127b61fe2c3f803378f52b53af8.mpf_cache
2025-11-06 16:21:47,075 : INFO : ConfigProcessor : Loading config from cache: C:\Users\sdona\AppData\Local\Temp\a453bc519324a010fc5f97d23b1d6283.mpf_cache
2025-11-06 16:21:47,076 : INFO : ConfigProcessor : Loading config from cache: C:\Users\sdona\AppData\Local\Temp\e134e8f85ba8fa9c3d7f1500ca292437.mpf_cache
2025-11-06 16:21:47,077 : INFO : ConfigProcessor : Loading config from cache: C:\Users\sdona\AppData\Local\Temp\b24b6909ee6e0520126bbce60d1ed210.mpf_cache
2025-11-06 16:21:47,079 : INFO : ConfigProcessor : Loading config from cache: C:\Users\sdona\AppData\Local\Temp\cba807ea4a81180f6dd01afffacec8ed.mpf_cache
2025-11-06 16:21:47,082 : INFO : ConfigProcessor : Loading config from cache: C:\Users\sdona\AppData\Local\Temp\53e749a0c04d997040a6edc556572299.mpf_cache
2025-11-06 16:21:47,083 : INFO : ConfigProcessor : Loading config from cache: C:\Users\sdona\AppData\Local\Temp\f4dd4d2b5212b72c6e9e67ac9e704e63.mpf_cache
2025-11-06 16:21:47,084 : INFO : ConfigProcessor : Loading config from cache: C:\Users\sdona\AppData\Local\Temp\b47d9bb1214e11383bf30352af24a7d5.mpf_cache
2025-11-06 16:21:47,085 : INFO : ConfigProcessor : Loading config from cache: C:\Users\sdona\AppData\Local\Temp\23d7d59c131357e53b11dbd4a18e6a94.mpf_cache
2025-11-06 16:21:47,087 : INFO : ConfigProcessor : Loading config from cache: C:\Users\sdona\AppData\Local\Temp\4233704904419fdd214152084a83fec1.mpf_cache
2025-11-06 16:21:47,088 : INFO : ConfigProcessor : Loading config from cache: C:\Users\sdona\AppData\Local\Temp\989ee664052248e9552213e43037a565.mpf_cache
2025-11-06 16:21:47,089 : INFO : ConfigProcessor : Loading config from cache: C:\Users\sdona\AppData\Local\Temp\428bc1fa3c6dcaec1d63d9276cdb6405.mpf_cache
2025-11-06 16:21:47,091 : INFO : ConfigProcessor : Loading config from cache: C:\Users\sdona\AppData\Local\Temp\1ea2aa0876194c7260510f0845fe4bfe.mpf_cache
2025-11-06 16:21:47,092 : INFO : ConfigProcessor : Loading config from cache: C:\Users\sdona\AppData\Local\Temp\f071e720e1ef2a753ced60502153911a.mpf_cache
2025-11-06 16:21:47,093 : INFO : ConfigProcessor : Loading config from cache: C:\Users\sdona\AppData\Local\Temp\a464c65b0880a71dbe3e02b1f7271abd.mpf_cache
2025-11-06 16:21:47,094 : INFO : ConfigProcessor : Loading config from cache: C:\Users\sdona\AppData\Local\Temp\b4bf5fa77bdb26872f42159f572a3499.mpf_cache
2025-11-06 16:21:47,095 : INFO : ConfigProcessor : Loading config from cache: C:\Users\sdona\AppData\Local\Temp\cd6f6abb19272a94675a232f8f899ac9.mpf_cache
2025-11-06 16:21:47,096 : INFO : ConfigProcessor : Loading config from cache: C:\Users\sdona\AppData\Local\Temp\5c997126cef538283363f6706780c8e5.mpf_cache
2025-11-06 16:21:47,096 : INFO : ConfigProcessor : Loading config from cache: C:\Users\sdona\AppData\Local\Temp\51c405745738281c3f5e2edc082329f1.mpf_cache
2025-11-06 16:21:47,098 : INFO : ConfigProcessor : Loading config from cache: C:\Users\sdona\AppData\Local\Temp\cbc61a9ec21d345237ebbced62572970.mpf_cache
2025-11-06 16:21:47,100 : INFO : ConfigProcessor : Loading config from cache: C:\Users\sdona\AppData\Local\Temp\c25e7c71bc90546538d4e68911be6658.mpf_cache
2025-11-06 16:21:47,101 : INFO : ConfigProcessor : Loading config from cache: C:\Users\sdona\AppData\Local\Temp\b7a51086f1e3c926b3977a0d025a1faa.mpf_cache
2025-11-06 16:21:47,102 : INFO : ConfigProcessor : Loading config from cache: C:\Users\sdona\AppData\Local\Temp\479eb3ca656e084fa2e092204a5b8039.mpf_cache
2025-11-06 16:21:47,105 : INFO : ConfigProcessor : Loading config from cache: C:\Users\sdona\AppData\Local\Temp\bdb81eccbf19551abd8bea5fafeca7c0.mpf_cache
2025-11-06 16:21:47,106 : INFO : ConfigProcessor : Loading config from cache: C:\Users\sdona\AppData\Local\Temp\8f065719b93e886777277178babee650.mpf_cache
2025-11-06 16:21:47,107 : INFO : ConfigProcessor : Loading config from cache: C:\Users\sdona\AppData\Local\Temp\7fef0463a0df344c3146c845257ec616.mpf_cache
2025-11-06 16:21:47,110 : INFO : ConfigProcessor : Loading config from cache: C:\Users\sdona\AppData\Local\Temp\a4f333ad36a077996c49298642b6bdcf.mpf_cache
2025-11-06 16:21:47,126 : INFO : ConfigProcessor : Loading config from cache: C:\Users\sdona\AppData\Local\Temp\e8d69d74f27089cda2650299e9916804.mpf_cache
2025-11-06 16:21:47,127 : INFO : ConfigProcessor : Loading config from cache: C:\Users\sdona\AppData\Local\Temp\05530f35bd950f18d27d3fd571d96823.mpf_cache
2025-11-06 16:21:47,130 : INFO : ConfigProcessor : Loading config from cache: C:\Users\sdona\AppData\Local\Temp\fc1e3f85304c911eb844eb65d36e61be.mpf_cache
2025-11-06 16:21:47,131 : INFO : ConfigProcessor : Loading config from cache: C:\Users\sdona\AppData\Local\Temp\53223d3922288729ee504c1b2a98bb55.mpf_cache
2025-11-06 16:21:47,133 : INFO : ConfigProcessor : Loading config from cache: C:\Users\sdona\AppData\Local\Temp\8d20136ddb274338050d1d1ccc1a5e4f.mpf_cache
2025-11-06 16:21:47,135 : INFO : ConfigProcessor : Loading config from cache: C:\Users\sdona\AppData\Local\Temp\1254d50720d6d5d0da0e84e29cdbaa7a.mpf_cache
2025-11-06 16:21:47,137 : INFO : ConfigProcessor : Loading config from cache: C:\Users\sdona\AppData\Local\Temp\1a7ae31e9f779b1261e3d1eee1831b27.mpf_cache
2025-11-06 16:21:47,139 : INFO : ConfigProcessor : Loading config from cache: C:\Users\sdona\AppData\Local\Temp\8e3ea42c38f2105e0d9462648474c540.mpf_cache
2025-11-06 16:21:47,139 : INFO : ConfigProcessor : Loading config from cache: C:\Users\sdona\AppData\Local\Temp\a61b86d39bcc5a5ea0a5885549542355.mpf_cache
2025-11-06 16:21:47,141 : INFO : ConfigProcessor : Loading config from cache: C:\Users\sdona\AppData\Local\Temp\0be197154604f4b199c224fe0066296a.mpf_cache
2025-11-06 16:21:47,142 : INFO : ConfigProcessor : Loading config from cache: C:\Users\sdona\AppData\Local\Temp\8be1835d379617cb3def36e5084020f6.mpf_cache
2025-11-06 16:21:47,143 : INFO : ConfigProcessor : Loading config from cache: C:\Users\sdona\AppData\Local\Temp\600d86d9f0ce58b92a4c456466b707cc.mpf_cache
2025-11-06 16:21:47,145 : INFO : ConfigProcessor : Loading config from cache: C:\Users\sdona\AppData\Local\Temp\3b8a30babd008550b0699281f52ed27a.mpf_cache
2025-11-06 16:21:47,146 : INFO : ConfigProcessor : Loading config from cache: C:\Users\sdona\AppData\Local\Temp\1605f6efa0d082cac196fbacc374bc42.mpf_cache
2025-11-06 16:21:47,149 : INFO : ConfigProcessor : Loading config from cache: C:\Users\sdona\AppData\Local\Temp\7e2767447a32b13b699b93d64e0ad4e1.mpf_cache
2025-11-06 16:21:47,150 : INFO : ConfigProcessor : Loading config from cache: C:\Users\sdona\AppData\Local\Temp\2afc3d032f598172139245ac02c70f84.mpf_cache
2025-11-06 16:21:47,152 : INFO : ConfigProcessor : Loading config from cache: C:\Users\sdona\AppData\Local\Temp\ec387031d703ca01cd1e512f54ea45a6.mpf_cache
2025-11-06 16:21:47,153 : INFO : ConfigProcessor : Loading config from cache: C:\Users\sdona\AppData\Local\Temp\6060c5cf25a8bbaedfcd18b580aef368.mpf_cache
2025-11-06 16:21:47,155 : INFO : ConfigProcessor : Loading config from cache: C:\Users\sdona\AppData\Local\Temp\62ef5d872b70fca48f955a2e25312807.mpf_cache
2025-11-06 16:21:47,156 : INFO : ConfigProcessor : Loading config from cache: C:\Users\sdona\AppData\Local\Temp\c52aca253ccfb6abe708ff6ee9d67c14.mpf_cache
2025-11-06 16:21:47,157 : INFO : ConfigProcessor : Loading config from cache: C:\Users\sdona\AppData\Local\Temp\f4a78d1a7bce952f8a932d586083fdd8.mpf_cache
2025-11-06 16:21:47,158 : INFO : ConfigProcessor : Loading config from cache: C:\Users\sdona\AppData\Local\Temp\bb94c9c1e15d87765c90f1ffc77705c9.mpf_cache
2025-11-06 16:21:47,160 : INFO : ConfigProcessor : Loading config from cache: C:\Users\sdona\AppData\Local\Temp\9d4ee1bead7c17d1b5b361b9a86c5113.mpf_cache
2025-11-06 16:21:47,163 : INFO : ConfigProcessor : Loading config from cache: C:\Users\sdona\AppData\Local\Temp\9eeb681ca391f55fc1b328483a35afc6.mpf_cache
2025-11-06 16:21:47,169 : INFO : ConfigProcessor : Loading config from cache: C:\Users\sdona\AppData\Local\Temp\019a5133c8eb0a0be84c7200575a8bf2.mpf_cache
2025-11-06 16:21:47,190 : INFO : ConfigProcessor : Loading config from cache: C:\Users\sdona\AppData\Local\Temp\ce0801e7c3c55e24fe9cf2e243ba629e.mpf_cache
2025-11-06 16:21:47,196 : INFO : ConfigProcessor : Loading config from cache: C:\Users\sdona\AppData\Local\Temp\1ecbcaf9f778e10bebb5864384a052b1.mpf_cache
2025-11-06 16:21:47,202 : INFO : Machine : Mission Pinball Framework Core Engine v0.80.0.dev9
2025-11-06 16:21:47,202 : INFO : Machine : Command line arguments: {'no_load_cache': False, 'create_config_cache': True, 'bcp': True, 'configfile': ['config.yaml'], 'force_assets_load': False, 'platform_integration_test': False, 'jsonlogging': False, 'logfile': 'logs\\2025-11-06-16-21-45-mpf-PinballLaptop.log', 'pause': False, 'production': False, 'text_ui': True, 'loglevel': 15, 'consoleloglevel': 20, 'force_platform': 'smart_virtual', 'syslog_address': None, 'full_logfile_path': 'C:\\venv\\mpf\\mmmdrop\\logs\\2025-11-06-16-21-45-mpf-PinballLaptop.log'}
2025-11-06 16:21:47,202 : INFO : Machine : MPF path: c:\venv\mpf\lib\site-packages\mpf
2025-11-06 16:21:47,202 : INFO : Machine : Machine path: C:\venv\mpf\mmmdrop
2025-11-06 16:21:47,202 : INFO : Machine : Platform: win32
2025-11-06 16:21:47,202 : INFO : Machine : Python executable location: c:\venv\mpf\Scripts\python.exe
2025-11-06 16:21:47,202 : INFO : Machine : Python version: 3.9.13 (64-bit)
2025-11-06 16:21:47,206 : INFO : Machine : Initializing MPF...
2025-11-06 16:21:49,248 : INFO : EventManager : Event: ======'machine_var_credits_string'====== Args={'value': 'FREE PLAY', 'prev_value': None, 'change': True}
2025-11-06 16:21:49,371 : INFO : EventManager : Event: ======'machine_var_fast_audio_headphones_volume'====== Args={'value': 10, 'prev_value': None, 'change': True}
2025-11-06 16:21:49,374 : INFO : EventManager : Event: ======'machine_var_fast_audio_main_volume'====== Args={'value': 44, 'prev_value': None, 'change': True}
2025-11-06 16:21:49,374 : INFO : EventManager : Event: ======'machine_var_master_volume'====== Args={'value': 0.6, 'prev_value': None, 'change': True}
2025-11-06 16:21:49,375 : INFO : EventManager : Event: ======'machine_var_player1_score'====== Args={'value': 179589170, 'prev_value': None, 'change': True}
2025-11-06 16:21:49,375 : INFO : EventManager : Event: ======'machine_var_game_just_played'====== Args={'value': 0, 'prev_value': None, 'change': True}
2025-11-06 16:21:49,375 : INFO : EventManager : Event: ======'machine_var_mpf_version'====== Args={'value': 'Mission Pinball Framework v0.80.0.dev9', 'prev_value': None, 'change': True}
2025-11-06 16:21:49,375 : INFO : EventManager : Event: ======'machine_var_mpf_extended_version'====== Args={'value': 'Mission Pinball Framework v0.80.0.dev9, Config version:6, Show version: 6, BCP version:1.1', 'prev_value': None, 'change': True}
2025-11-06 16:21:49,375 : INFO : EventManager : Event: ======'machine_var_python_version'====== Args={'value': '3.9.13', 'prev_value': None, 'change': True}
2025-11-06 16:21:49,581 : INFO : EventManager : Event: ======'machine_var_platform'====== Args={'value': 'Windows-10-10.0.26200-SP0', 'prev_value': None, 'change': True}
2025-11-06 16:21:49,581 : INFO : EventManager : Event: ======'machine_var_platform_system'====== Args={'value': 'Windows', 'prev_value': None, 'change': True}
2025-11-06 16:21:49,581 : INFO : EventManager : Event: ======'machine_var_platform_release'====== Args={'value': '10', 'prev_value': None, 'change': True}
2025-11-06 16:21:49,581 : INFO : EventManager : Event: ======'machine_var_platform_version'====== Args={'value': '10.0.26200', 'prev_value': None, 'change': True}
2025-11-06 16:21:49,581 : INFO : EventManager : Event: ======'machine_var_platform_machine'====== Args={'value': 'AMD64', 'prev_value': None, 'change': True}
2025-11-06 16:21:49,581 : INFO : EventManager : Event: ======'machine_var_log_file_path'====== Args={'value': 'C:\\venv\\mpf\\mmmdrop\\logs\\2025-11-06-16-21-45-mpf-PinballLaptop.log', 'prev_value': None, 'change': True}
2025-11-06 16:21:49,581 : INFO : EventManager : Event: ======'init_phase_1'====== Args={}
2025-11-06 16:21:49,813 : INFO : EventManager : Event: ======'drop_target_bank_three_bank_up'====== Args={}
2025-11-06 16:21:49,912 : INFO : EventManager : Event: ======'init_phase_2'====== Args={}
2025-11-06 16:21:49,913 : INFO : SwitchController : Found active switch: ('3208-0', <Platform.SmartVirtual>) <switch.s_trough1>
2025-11-06 16:21:49,914 : INFO : SwitchController : Found active switch: ('3208-1', <Platform.SmartVirtual>) <switch.s_trough2>
2025-11-06 16:21:49,914 : INFO : SwitchController : Found active switch: ('3208-2', <Platform.SmartVirtual>) <switch.s_trough3>
2025-11-06 16:21:49,915 : INFO : SwitchController : Found active switch: ('3208-3', <Platform.SmartVirtual>) <switch.s_trough4>
2025-11-06 16:21:49,915 : INFO : SwitchController : Found active switch: ('3208-4', <Platform.SmartVirtual>) <switch.s_trough5>
2025-11-06 16:21:49,915 : INFO : SwitchController : Found active switch: ('3208-5', <Platform.SmartVirtual>) <switch.s_trough6>
2025-11-06 16:21:50,095 : INFO : EventManager : Event: ======'bcp_connection_attempt'====== Args={'name': 'local_display', 'host': 'localhost', 'port': 5050}
2025-11-06 16:21:50,099 : INFO : BCPClientSocket : Connecting BCP to 'local_display' at localhost:5050...
2025-11-06 16:22:02,142 : INFO : BCPClientSocket : Connected BCP to 'local_display' localhost:5050
2025-11-06 16:22:02,143 : INFO : EventManager : Event: ======'bcp_clients_connected'====== Args={}
2025-11-06 16:22:02,616 : INFO : ball_device.bd_trough : BCH: Initial count: 6
2025-11-06 16:22:02,618 : INFO : ball_device.bd_trough : State: idle
2025-11-06 16:22:02,621 : INFO : ball_device.bd_plunger : BCH: Initial count: 0
2025-11-06 16:22:02,622 : INFO : ball_device.bd_plunger : State: idle
2025-11-06 16:22:02,625 : INFO : ball_device.bd_scoop : BCH: Initial count: 0
2025-11-06 16:22:02,625 : INFO : ball_device.bd_scoop : State: idle
2025-11-06 16:22:02,769 : INFO : EventManager : Event: ======'init_phase_3'====== Args={}
2025-11-06 16:22:02,931 : INFO : EventManager : Event: ======'init_phase_4'====== Args={}
2025-11-06 16:22:02,932 : INFO : BallController : Initial balls found: 6
2025-11-06 16:22:02,935 : INFO : EventManager : Event: ======'machine_var_audits_events_game_ended'====== Args={'value': 61, 'prev_value': None, 'change': True}
2025-11-06 16:22:02,935 : INFO : EventManager : Event: ======'machine_var_audits_events_game_started'====== Args={'value': 736, 'prev_value': None, 'change': True}
2025-11-06 16:22:02,936 : INFO : EventManager : Event: ======'machine_var_audits_missing_switches_s_captive_ball'====== Args={'value': 5, 'prev_value': None, 'change': True}
2025-11-06 16:22:02,936 : INFO : EventManager : Event: ======'machine_var_audits_missing_switches_s_center_upper_pop'====== Args={'value': 5, 'prev_value': None, 'change': True}
2025-11-06 16:22:02,936 : INFO : EventManager : Event: ======'machine_var_audits_missing_switches_s_inner_orbit'====== Args={'value': 5, 'prev_value': None, 'change': True}
2025-11-06 16:22:02,936 : INFO : EventManager : Event: ======'machine_var_audits_missing_switches_s_left_flipper'====== Args={'value': 7, 'prev_value': None, 'change': True}
2025-11-06 16:22:02,936 : INFO : EventManager : Event: ======'machine_var_audits_missing_switches_s_left_inlane'====== Args={'value': 46, 'prev_value': None, 'change': True}
2025-11-06 16:22:02,936 : INFO : EventManager : Event: ======'machine_var_audits_missing_switches_s_left_orbit'====== Args={'value': 7, 'prev_value': None, 'change': True}
2025-11-06 16:22:02,937 : INFO : EventManager : Event: ======'machine_var_audits_missing_switches_s_left_outlane'====== Args={'value': 1, 'prev_value': None, 'change': True}
2025-11-06 16:22:02,937 : INFO : EventManager : Event: ======'machine_var_audits_missing_switches_s_left_ramp'====== Args={'value': 7, 'prev_value': None, 'change': True}
2025-11-06 16:22:02,937 : INFO : EventManager : Event: ======'machine_var_audits_missing_switches_s_left_slingshot'====== Args={'value': 662, 'prev_value': None, 'change': True}
2025-11-06 16:22:02,937 : INFO : EventManager : Event: ======'machine_var_audits_missing_switches_s_left_upper_pop'====== Args={'value': 6, 'prev_value': None, 'change': True}
2025-11-06 16:22:02,937 : INFO : EventManager : Event: ======'machine_var_audits_missing_switches_s_pop_standup'====== Args={'value': 8, 'prev_value': None, 'change': True}
2025-11-06 16:22:02,937 : INFO : EventManager : Event: ======'machine_var_audits_missing_switches_s_right_inlane'====== Args={'value': 46, 'prev_value': None, 'change': True}
2025-11-06 16:22:02,937 : INFO : EventManager : Event: ======'machine_var_audits_missing_switches_s_right_lower_pop'====== Args={'value': 5, 'prev_value': None, 'change': True}
2025-11-06 16:22:02,937 : INFO : EventManager : Event: ======'machine_var_audits_missing_switches_s_right_orbit'====== Args={'value': 5, 'prev_value': None, 'change': True}
2025-11-06 16:22:02,937 : INFO : EventManager : Event: ======'machine_var_audits_missing_switches_s_right_outlane'====== Args={'value': 46, 'prev_value': None, 'change': True}
2025-11-06 16:22:02,937 : INFO : EventManager : Event: ======'machine_var_audits_missing_switches_s_right_ramp'====== Args={'value': 7, 'prev_value': None, 'change': True}
2025-11-06 16:22:02,937 : INFO : EventManager : Event: ======'machine_var_audits_missing_switches_s_right_slingshot'====== Args={'value': 512, 'prev_value': None, 'change': True}
2025-11-06 16:22:02,938 : INFO : EventManager : Event: ======'machine_var_audits_missing_switches_s_scoop'====== Args={'value': 5, 'prev_value': None, 'change': True}
2025-11-06 16:22:02,938 : INFO : EventManager : Event: ======'machine_var_audits_missing_switches_s_service_down'====== Args={'value': 381, 'prev_value': None, 'change': True}
2025-11-06 16:22:02,938 : INFO : EventManager : Event: ======'machine_var_audits_missing_switches_s_service_enter'====== Args={'value': 130, 'prev_value': None, 'change': True}
2025-11-06 16:22:02,938 : INFO : EventManager : Event: ======'machine_var_audits_missing_switches_s_service_esc'====== Args={'value': 381, 'prev_value': None, 'change': True}
2025-11-06 16:22:02,938 : INFO : EventManager : Event: ======'machine_var_audits_missing_switches_s_service_up'====== Args={'value': 130, 'prev_value': None, 'change': True}
2025-11-06 16:22:02,938 : INFO : EventManager : Event: ======'machine_var_audits_missing_switches_s_spinner'====== Args={'value': 7, 'prev_value': None, 'change': True}
2025-11-06 16:22:02,938 : INFO : EventManager : Event: ======'machine_var_audits_missing_switches_s_start'====== Args={'value': 45, 'prev_value': None, 'change': True}
2025-11-06 16:22:02,938 : INFO : EventManager : Event: ======'machine_var_audits_missing_switches_s_three_bank_bottom'====== Args={'value': 10, 'prev_value': None, 'change': True}
2025-11-06 16:22:02,938 : INFO : EventManager : Event: ======'machine_var_audits_missing_switches_s_three_bank_middle'====== Args={'value': 10, 'prev_value': None, 'change': True}
2025-11-06 16:22:02,938 : INFO : EventManager : Event: ======'machine_var_audits_missing_switches_s_three_bank_standup'====== Args={'value': 10, 'prev_value': None, 'change': True}
2025-11-06 16:22:02,938 : INFO : EventManager : Event: ======'machine_var_audits_missing_switches_s_three_bank_top'====== Args={'value': 5, 'prev_value': None, 'change': True}
2025-11-06 16:22:02,938 : INFO : EventManager : Event: ======'machine_var_audits_missing_switches_s_tilt_bob'====== Args={'value': 299, 'prev_value': None, 'change': True}
2025-11-06 16:22:02,938 : INFO : EventManager : Event: ======'machine_var_audits_missing_switches_s_top_right_flipper'====== Args={'value': 662, 'prev_value': None, 'change': True}
2025-11-06 16:22:02,938 : INFO : EventManager : Event: ======'machine_var_audits_missing_switches_s_trough1'====== Args={'value': 5, 'prev_value': None, 'change': True}
2025-11-06 16:22:02,938 : INFO : EventManager : Event: ======'machine_var_audits_missing_switches_s_trough2'====== Args={'value': 10, 'prev_value': None, 'change': True}
2025-11-06 16:22:02,938 : INFO : EventManager : Event: ======'machine_var_audits_missing_switches_s_trough3'====== Args={'value': 10, 'prev_value': None, 'change': True}
2025-11-06 16:22:02,940 : INFO : EventManager : Event: ======'machine_var_audits_missing_switches_s_trough4'====== Args={'value': 18, 'prev_value': None, 'change': True}
2025-11-06 16:22:02,940 : INFO : EventManager : Event: ======'machine_var_audits_missing_switches_s_trough5'====== Args={'value': 661, 'prev_value': None, 'change': True}
2025-11-06 16:22:02,940 : INFO : EventManager : Event: ======'machine_var_audits_missing_switches_s_trough6'====== Args={'value': 511, 'prev_value': None, 'change': True}
2025-11-06 16:22:02,940 : INFO : EventManager : Event: ======'machine_var_audits_missing_switches_s_trough_jam'====== Args={'value': 662, 'prev_value': None, 'change': True}
2025-11-06 16:22:02,940 : INFO : EventManager : Event: ======'machine_var_audits_missing_switches_s_tshirt_bottom_standup'====== Args={'value': 10, 'prev_value': None, 'change': True}
2025-11-06 16:22:02,940 : INFO : EventManager : Event: ======'machine_var_audits_missing_switches_s_tshirt_top_standup'====== Args={'value': 10, 'prev_value': None, 'change': True}
2025-11-06 16:22:02,941 : INFO : EventManager : Event: ======'machine_var_audits_missing_switches_s_upper_pop_standup'====== Args={'value': 99, 'prev_value': None, 'change': True}
2025-11-06 16:22:02,941 : INFO : EventManager : Event: ======'machine_var_audits_missing_switches_service_esc'====== Args={'value': 1, 'prev_value': None, 'change': True}
2025-11-06 16:22:02,941 : INFO : EventManager : Event: ======'machine_var_audits_player_score'====== Args={'value': {'average': 11737095, 'top': [179589170, 147275560, 142237180, 85092890, 38155360, 32035610, 25030460, 20034230, 6038970, 6022290], 'total': 65}, 'prev_value': None, 'change': True}
2025-11-06 16:22:02,941 : INFO : EventManager : Event: ======'machine_var_audits_shots_bottom_drop'====== Args={'value': 100, 'prev_value': None, 'change': True}
2025-11-06 16:22:02,941 : INFO : EventManager : Event: ======'machine_var_audits_shots_captive_ball'====== Args={'value': 47, 'prev_value': None, 'change': True}
2025-11-06 16:22:02,941 : INFO : EventManager : Event: ======'machine_var_audits_shots_inner_loop'====== Args={'value': 30, 'prev_value': None, 'change': True}
2025-11-06 16:22:02,941 : INFO : EventManager : Event: ======'machine_var_audits_shots_inner_loop_backdoor'====== Args={'value': 1, 'prev_value': None, 'change': True}
2025-11-06 16:22:02,941 : INFO : EventManager : Event: ======'machine_var_audits_shots_left_inlane'====== Args={'value': 34, 'prev_value': None, 'change': True}
2025-11-06 16:22:02,941 : INFO : EventManager : Event: ======'machine_var_audits_shots_left_orbit'====== Args={'value': 36, 'prev_value': None, 'change': True}
2025-11-06 16:22:02,942 : INFO : EventManager : Event: ======'machine_var_audits_shots_left_orbit_backdoor'====== Args={'value': 9, 'prev_value': None, 'change': True}
2025-11-06 16:22:02,942 : INFO : EventManager : Event: ======'machine_var_audits_shots_left_outlane'====== Args={'value': 30, 'prev_value': None, 'change': True}
2025-11-06 16:22:02,942 : INFO : EventManager : Event: ======'machine_var_audits_shots_left_ramp'====== Args={'value': 270, 'prev_value': None, 'change': True}
2025-11-06 16:22:02,942 : INFO : EventManager : Event: ======'machine_var_audits_shots_middle_drop'====== Args={'value': 101, 'prev_value': None, 'change': True}
2025-11-06 16:22:02,942 : INFO : EventManager : Event: ======'machine_var_audits_shots_pop1'====== Args={'value': 12, 'prev_value': None, 'change': True}
2025-11-06 16:22:02,942 : INFO : EventManager : Event: ======'machine_var_audits_shots_pop2'====== Args={'value': 31, 'prev_value': None, 'change': True}
2025-11-06 16:22:02,942 : INFO : EventManager : Event: ======'machine_var_audits_shots_pop3'====== Args={'value': 772, 'prev_value': None, 'change': True}
2025-11-06 16:22:02,942 : INFO : EventManager : Event: ======'machine_var_audits_shots_pop_standup'====== Args={'value': 418, 'prev_value': None, 'change': True}
2025-11-06 16:22:02,942 : INFO : EventManager : Event: ======'machine_var_audits_shots_right_inlane'====== Args={'value': 33, 'prev_value': None, 'change': True}
2025-11-06 16:22:02,942 : INFO : EventManager : Event: ======'machine_var_audits_shots_right_orbit'====== Args={'value': 34, 'prev_value': None, 'change': True}
2025-11-06 16:22:02,943 : INFO : EventManager : Event: ======'machine_var_audits_shots_right_orbit_backdoor'====== Args={'value': 5, 'prev_value': None, 'change': True}
2025-11-06 16:22:02,943 : INFO : EventManager : Event: ======'machine_var_audits_shots_right_outlane'====== Args={'value': 22, 'prev_value': None, 'change': True}
2025-11-06 16:22:02,943 : INFO : EventManager : Event: ======'machine_var_audits_shots_right_ramp'====== Args={'value': 532, 'prev_value': None, 'change': True}
2025-11-06 16:22:02,943 : INFO : EventManager : Event: ======'machine_var_audits_shots_scoop'====== Args={'value': 412, 'prev_value': None, 'change': True}
2025-11-06 16:22:02,943 : INFO : EventManager : Event: ======'machine_var_audits_shots_skill_captive'====== Args={'value': 16, 'prev_value': None, 'change': True}
2025-11-06 16:22:02,943 : INFO : EventManager : Event: ======'machine_var_audits_shots_skill_drop_targets'====== Args={'value': 240, 'prev_value': None, 'change': True}
2025-11-06 16:22:02,943 : INFO : EventManager : Event: ======'machine_var_audits_shots_skill_side_targets'====== Args={'value': 27, 'prev_value': None, 'change': True}
2025-11-06 16:22:02,943 : INFO : EventManager : Event: ======'machine_var_audits_shots_skillshot_drop_targets'====== Args={'value': 315, 'prev_value': None, 'change': True}
2025-11-06 16:22:02,943 : INFO : EventManager : Event: ======'machine_var_audits_shots_skillshot_hideout_plunge'====== Args={'value': 1, 'prev_value': None, 'change': True}
2025-11-06 16:22:02,944 : INFO : EventManager : Event: ======'machine_var_audits_shots_skillshot_left_outlane'====== Args={'value': 3, 'prev_value': None, 'change': True}
2025-11-06 16:22:02,944 : INFO : EventManager : Event: ======'machine_var_audits_shots_skillshot_side_targets'====== Args={'value': 7, 'prev_value': None, 'change': True}
2025-11-06 16:22:02,944 : INFO : EventManager : Event: ======'machine_var_audits_shots_skillshot_super'====== Args={'value': 2, 'prev_value': None, 'change': True}
2025-11-06 16:22:02,944 : INFO : EventManager : Event: ======'machine_var_audits_shots_spinner'====== Args={'value': 1581, 'prev_value': None, 'change': True}
2025-11-06 16:22:02,944 : INFO : EventManager : Event: ======'machine_var_audits_shots_three_bank_standup'====== Args={'value': 36, 'prev_value': None, 'change': True}
2025-11-06 16:22:02,945 : INFO : EventManager : Event: ======'machine_var_audits_shots_toomanyrappers_captiveball'====== Args={'value': 3, 'prev_value': None, 'change': True}
2025-11-06 16:22:02,945 : INFO : EventManager : Event: ======'machine_var_audits_shots_toomanyrappers_leftramp'====== Args={'value': 1, 'prev_value': None, 'change': True}
2025-11-06 16:22:02,946 : INFO : EventManager : Event: ======'machine_var_audits_shots_toomanyrappers_rightorbit'====== Args={'value': 5, 'prev_value': None, 'change': True}
2025-11-06 16:22:02,946 : INFO : EventManager : Event: ======'machine_var_audits_shots_toomanyrappers_rightramp'====== Args={'value': 53, 'prev_value': None, 'change': True}
2025-11-06 16:22:02,946 : INFO : EventManager : Event: ======'machine_var_audits_shots_toomanyrappers_scoop'====== Args={'value': 6, 'prev_value': None, 'change': True}
2025-11-06 16:22:02,947 : INFO : EventManager : Event: ======'machine_var_audits_shots_top_drop'====== Args={'value': 342, 'prev_value': None, 'change': True}
2025-11-06 16:22:02,947 : INFO : EventManager : Event: ======'machine_var_audits_shots_tshirt_bottom_standup'====== Args={'value': 50, 'prev_value': None, 'change': True}
2025-11-06 16:22:02,947 : INFO : EventManager : Event: ======'machine_var_audits_shots_tshirt_top_standup'====== Args={'value': 52, 'prev_value': None, 'change': True}
2025-11-06 16:22:02,947 : INFO : EventManager : Event: ======'machine_var_audits_shots_upper_pop_standup'====== Args={'value': 34, 'prev_value': None, 'change': True}
2025-11-06 16:22:02,947 : INFO : EventManager : Event: ======'machine_var_audits_switches_s_captive_ball'====== Args={'value': 252, 'prev_value': None, 'change': True}
2025-11-06 16:22:02,947 : INFO : EventManager : Event: ======'machine_var_audits_switches_s_center_upper_pop'====== Args={'value': 251, 'prev_value': None, 'change': True}
2025-11-06 16:22:02,947 : INFO : EventManager : Event: ======'machine_var_audits_switches_s_inner_orbit'====== Args={'value': 39, 'prev_value': None, 'change': True}
2025-11-06 16:22:02,947 : INFO : EventManager : Event: ======'machine_var_audits_switches_s_left_flipper'====== Args={'value': 1501, 'prev_value': None, 'change': True}
2025-11-06 16:22:02,947 : INFO : EventManager : Event: ======'machine_var_audits_switches_s_left_inlane'====== Args={'value': 145, 'prev_value': None, 'change': True}
2025-11-06 16:22:02,948 : INFO : EventManager : Event: ======'machine_var_audits_switches_s_left_orbit'====== Args={'value': 141, 'prev_value': None, 'change': True}
2025-11-06 16:22:02,948 : INFO : EventManager : Event: ======'machine_var_audits_switches_s_left_outlane'====== Args={'value': 87, 'prev_value': None, 'change': True}
2025-11-06 16:22:02,948 : INFO : EventManager : Event: ======'machine_var_audits_switches_s_left_ramp'====== Args={'value': 404, 'prev_value': None, 'change': True}
2025-11-06 16:22:02,948 : INFO : EventManager : Event: ======'machine_var_audits_switches_s_left_slingshot'====== Args={'value': 259, 'prev_value': None, 'change': True}
2025-11-06 16:22:02,948 : INFO : EventManager : Event: ======'machine_var_audits_switches_s_left_upper_pop'====== Args={'value': 173, 'prev_value': None, 'change': True}
2025-11-06 16:22:02,949 : INFO : EventManager : Event: ======'machine_var_audits_switches_s_plunger'====== Args={'value': 1680, 'prev_value': None, 'change': True}
2025-11-06 16:22:02,949 : INFO : EventManager : Event: ======'machine_var_audits_switches_s_pop_standup'====== Args={'value': 542, 'prev_value': None, 'change': True}
2025-11-06 16:22:02,949 : INFO : EventManager : Event: ======'machine_var_audits_switches_s_right_flipper'====== Args={'value': 2300, 'prev_value': None, 'change': True}
2025-11-06 16:22:02,949 : INFO : EventManager : Event: ======'machine_var_audits_switches_s_right_inlane'====== Args={'value': 141, 'prev_value': None, 'change': True}
2025-11-06 16:22:02,949 : INFO : EventManager : Event: ======'machine_var_audits_switches_s_right_lower_pop'====== Args={'value': 1524, 'prev_value': None, 'change': True}
2025-11-06 16:22:02,949 : INFO : EventManager : Event: ======'machine_var_audits_switches_s_right_orbit'====== Args={'value': 177, 'prev_value': None, 'change': True}
2025-11-06 16:22:02,949 : INFO : EventManager : Event: ======'machine_var_audits_switches_s_right_outlane'====== Args={'value': 75, 'prev_value': None, 'change': True}
2025-11-06 16:22:02,950 : INFO : EventManager : Event: ======'machine_var_audits_switches_s_right_ramp'====== Args={'value': 680, 'prev_value': None, 'change': True}
2025-11-06 16:22:02,950 : INFO : EventManager : Event: ======'machine_var_audits_switches_s_right_slingshot'====== Args={'value': 366, 'prev_value': None, 'change': True}
2025-11-06 16:22:02,950 : INFO : EventManager : Event: ======'machine_var_audits_switches_s_scoop'====== Args={'value': 757, 'prev_value': None, 'change': True}
2025-11-06 16:22:02,950 : INFO : EventManager : Event: ======'machine_var_audits_switches_s_service_down'====== Args={'value': 0, 'prev_value': None, 'change': True}
2025-11-06 16:22:02,950 : INFO : EventManager : Event: ======'machine_var_audits_switches_s_service_enter'====== Args={'value': 1, 'prev_value': None, 'change': True}
2025-11-06 16:22:02,950 : INFO : EventManager : Event: ======'machine_var_audits_switches_s_service_esc'====== Args={'value': 0, 'prev_value': None, 'change': True}
2025-11-06 16:22:02,950 : INFO : EventManager : Event: ======'machine_var_audits_switches_s_service_up'====== Args={'value': 2, 'prev_value': None, 'change': True}
2025-11-06 16:22:02,950 : INFO : EventManager : Event: ======'machine_var_audits_switches_s_spinner'====== Args={'value': 3641, 'prev_value': None, 'change': True}
2025-11-06 16:22:02,950 : INFO : EventManager : Event: ======'machine_var_audits_switches_s_start'====== Args={'value': 70, 'prev_value': None, 'change': True}
2025-11-06 16:22:02,950 : INFO : EventManager : Event: ======'machine_var_audits_switches_s_three_bank_bottom'====== Args={'value': 593, 'prev_value': None, 'change': True}
2025-11-06 16:22:02,950 : INFO : EventManager : Event: ======'machine_var_audits_switches_s_three_bank_middle'====== Args={'value': 636, 'prev_value': None, 'change': True}
2025-11-06 16:22:02,950 : INFO : EventManager : Event: ======'machine_var_audits_switches_s_three_bank_standup'====== Args={'value': 278, 'prev_value': None, 'change': True}
2025-11-06 16:22:02,951 : INFO : EventManager : Event: ======'machine_var_audits_switches_s_three_bank_top'====== Args={'value': 880, 'prev_value': None, 'change': True}
2025-11-06 16:22:02,951 : INFO : EventManager : Event: ======'machine_var_audits_switches_s_tilt_bob'====== Args={'value': 51, 'prev_value': None, 'change': True}
2025-11-06 16:22:02,951 : INFO : EventManager : Event: ======'machine_var_audits_switches_s_top_right_flipper'====== Args={'value': 1294, 'prev_value': None, 'change': True}
2025-11-06 16:22:02,951 : INFO : EventManager : Event: ======'machine_var_audits_switches_s_trough1'====== Args={'value': 447, 'prev_value': None, 'change': True}
2025-11-06 16:22:02,951 : INFO : EventManager : Event: ======'machine_var_audits_switches_s_trough2'====== Args={'value': 355, 'prev_value': None, 'change': True}
2025-11-06 16:22:02,951 : INFO : EventManager : Event: ======'machine_var_audits_switches_s_trough3'====== Args={'value': 278, 'prev_value': None, 'change': True}
2025-11-06 16:22:02,951 : INFO : EventManager : Event: ======'machine_var_audits_switches_s_trough4'====== Args={'value': 183, 'prev_value': None, 'change': True}
2025-11-06 16:22:02,952 : INFO : EventManager : Event: ======'machine_var_audits_switches_s_trough5'====== Args={'value': 160, 'prev_value': None, 'change': True}
2025-11-06 16:22:02,952 : INFO : EventManager : Event: ======'machine_var_audits_switches_s_trough6'====== Args={'value': 161, 'prev_value': None, 'change': True}
2025-11-06 16:22:02,952 : INFO : EventManager : Event: ======'machine_var_audits_switches_s_trough_jam'====== Args={'value': 206, 'prev_value': None, 'change': True}
2025-11-06 16:22:02,952 : INFO : EventManager : Event: ======'machine_var_audits_switches_s_tshirt_bottom_standup'====== Args={'value': 99, 'prev_value': None, 'change': True}
2025-11-06 16:22:02,952 : INFO : EventManager : Event: ======'machine_var_audits_switches_s_tshirt_top_standup'====== Args={'value': 130, 'prev_value': None, 'change': True}
2025-11-06 16:22:02,952 : INFO : EventManager : Event: ======'machine_var_audits_switches_s_upper_pop_standup'====== Args={'value': 208, 'prev_value': None, 'change': True}
2025-11-06 16:22:02,952 : INFO : EventManager : Event: ======'machine_var_audits_switches_service_down'====== Args={'value': 1, 'prev_value': None, 'change': True}
2025-11-06 16:22:02,953 : INFO : EventManager : Event: ======'machine_var_audits_switches_service_enter'====== Args={'value': 2, 'prev_value': None, 'change': True}
2025-11-06 16:22:02,953 : INFO : EventManager : Event: ======'machine_var_audits_switches_service_esc'====== Args={'value': 0, 'prev_value': None, 'change': True}
2025-11-06 16:22:02,953 : INFO : EventManager : Event: ======'machine_var_audits_switches_service_up'====== Args={'value': 2, 'prev_value': None, 'change': True}
2025-11-06 16:22:02,954 : INFO : EventManager : Event: ======'init_phase_5'====== Args={}
2025-11-06 16:22:03,232 : INFO : EventManager : Event: ======'init_done'====== Args={}
2025-11-06 16:22:03,232 : INFO : EventManager : Event: ======'machine_reset_phase_1'====== Args={}
2025-11-06 16:22:03,242 : INFO : EventManager : Event: ======'machine_reset_phase_2'====== Args={}
2025-11-06 16:22:03,243 : INFO : EventManager : Event: ======'game_just_played'====== Args={'priority': 0, 'action': 'set_machine', 'int': 0}
2025-11-06 16:22:03,243 : INFO : EventManager : Event: ======'machine_reset_phase_3'====== Args={}
2025-11-06 16:22:03,243 : INFO : EventManager : Event: ======'mode_tilt_will_start'====== Args={'queue': <QueuedEvent>}
2025-11-06 16:22:03,245 : INFO : EventManager : Event: ======'mode_tilt_starting'====== Args={'queue': <QueuedEvent>}
2025-11-06 16:22:03,245 : INFO : drop_target_bank.three_bank : All targets are already up. Will not reset bank.
2025-11-06 16:22:03,245 : INFO : Mode.tilt : Started. Priority: 1000000
2025-11-06 16:22:03,246 : INFO : EventManager : Event: ======'modes_active_modes_changed'====== Args={}
2025-11-06 16:22:03,246 : INFO : EventManager : Event: ======'mode_tilt_started'====== Args={'queue': <QueuedEvent>}
2025-11-06 16:22:03,250 : INFO : EventManager : Event: ======'reset_complete'====== Args={}
2025-11-06 16:22:03,251 : INFO : EventManager : Event: ======'mode_service_will_start'====== Args={}
2025-11-06 16:22:03,253 : INFO : EventManager : Event: ======'mode_service_starting'====== Args={}
2025-11-06 16:22:03,254 : INFO : EventManager : Event: ======'mode_attract_will_start'====== Args={}
2025-11-06 16:22:03,258 : INFO : Timer.attract_intro_timer : Starting Timer.
2025-11-06 16:22:03,260 : INFO : EventManager : Event: ======'timer_attract_intro_timer_started'====== Args={'ticks': 0, 'ticks_remaining': 16}
2025-11-06 16:22:03,260 : INFO : EventManager : Event: ======'timer_attract_intro_timer_tick'====== Args={'ticks': 0, 'ticks_remaining': 16}
2025-11-06 16:22:03,265 : INFO : EventManager : Event: ======'mode_attract_starting'====== Args={}
2025-11-06 16:22:03,266 : INFO : Mode.service : Started. Priority: 100000
2025-11-06 16:22:03,266 : INFO : EventManager : Event: ======'modes_active_modes_changed'====== Args={}
2025-11-06 16:22:03,266 : INFO : EventManager : Event: ======'mode_service_started'====== Args={}
2025-11-06 16:22:03,362 : INFO : EventManager : Event: ======'logicblock_mca_sequence_updated'====== Args={'value': 0, 'enabled': True}
2025-11-06 16:22:03,362 : INFO : EventManager : Event: ======'logicblock_adr_sequence_updated'====== Args={'value': 0, 'enabled': True}
2025-11-06 16:22:03,362 : INFO : EventManager : Event: ======'logicblock_mca_sequence_updated'====== Args={'value': 0, 'enabled': True}
2025-11-06 16:22:03,362 : INFO : EventManager : Event: ======'logicblock_adr_sequence_updated'====== Args={'value': 0, 'enabled': True}
2025-11-06 16:22:03,362 : INFO : Mode.attract : Started. Priority: 10
2025-11-06 16:22:03,363 : INFO : EventManager : Event: ======'modes_active_modes_changed'====== Args={}
2025-11-06 16:22:03,363 : INFO : EventManager : Event: ======'mode_attract_started'====== Args={}
2025-11-06 16:22:03,363 : INFO : EventManager : Event: ======'logicblock_mca_sequence_updated'====== Args={'value': 0, 'enabled': True}
2025-11-06 16:22:03,364 : INFO : EventManager : Event: ======'logicblock_mca_sequence_updated'====== Args={'value': 0, 'enabled': True}
2025-11-06 16:22:03,364 : INFO : EventManager : Event: ======'logicblock_adr_sequence_updated'====== Args={'value': 0, 'enabled': True}
2025-11-06 16:22:03,364 : INFO : EventManager : Event: ======'logicblock_adr_sequence_updated'====== Args={'value': 0, 'enabled': True}
2025-11-06 16:22:03,366 : INFO : EventManager : Event: ======'timer_attract_intro_timer_tick'====== Args={'ticks': 0, 'ticks_remaining': 16}
2025-11-06 16:22:03,367 : INFO : EventManager : Event: ======'collecting_balls_complete'====== Args={}
2025-11-06 16:22:03,368 : INFO : EventManager : Event: ======'item_highlighted'====== Args={'carousel': 'attract', 'direction': None, 'item': 'mpf_logo'}
2025-11-06 16:22:03,368 : INFO : Timer.attract_carousel_timer : Starting Timer.
2025-11-06 16:22:03,370 : INFO : EventManager : Event: ======'timer_attract_carousel_timer_started'====== Args={'ticks': 0, 'ticks_remaining': 5}
2025-11-06 16:22:03,370 : INFO : EventManager : Event: ======'timer_attract_carousel_timer_tick'====== Args={'ticks': 0, 'ticks_remaining': 5}
2025-11-06 16:22:03,373 : INFO : EventManager : Event: ======'slide_loading_created'====== Args={'_from_bcp': True}
2025-11-06 16:22:03,374 : INFO : EventManager : Event: ======'slide__removed'====== Args={'_from_bcp': True}
2025-11-06 16:22:03,374 : INFO : EventManager : Event: ======'slide_loading_active'====== Args={'original_context': '_global', 'original_calling_context': 'init_done', 'priority': 0.0, 'cmd': 'slides_play', '_from_bcp': True}
2025-11-06 16:22:03,416 : INFO : BcpServer : New client connected.
2025-11-06 16:22:03,435 : INFO : Machine : Starting the main run loop with active modes: [<Mode.tilt>, <Mode.service>, <Mode.attract>]
2025-11-06 16:22:03,549 : INFO : EventManager : Event: ======'slide_attract_load_created'====== Args={'_from_bcp': True}
2025-11-06 16:22:03,550 : INFO : EventManager : Event: ======'slide_loading_inactive'====== Args={'is_removing': True, '_from_bcp': True}
2025-11-06 16:22:03,550 : INFO : EventManager : Event: ======'slide_attract_load_active'====== Args={'original_context': 'attract', 'original_calling_context': 'mode_attract_started{machine.game_just_played==0}', 'priority': 10.0, 'cmd': 'slides_play', '_from_bcp': True}
2025-11-06 16:22:03,550 : INFO : EventManager : Event: ======'slide_loading_removed'====== Args={'_from_bcp': True}
2025-11-06 16:22:04,382 : INFO : EventManager : Event: ======'timer_attract_intro_timer_tick'====== Args={'ticks': 1, 'ticks_remaining': 15}
2025-11-06 16:22:04,383 : INFO : EventManager : Event: ======'timer_attract_carousel_timer_tick'====== Args={'ticks': 1, 'ticks_remaining': 4}
2025-11-06 16:22:05,370 : INFO : EventManager : Event: ======'timer_attract_intro_timer_tick'====== Args={'ticks': 2, 'ticks_remaining': 14}
2025-11-06 16:22:05,372 : INFO : EventManager : Event: ======'timer_attract_carousel_timer_tick'====== Args={'ticks': 2, 'ticks_remaining': 3}
2025-11-06 16:22:06,358 : INFO : EventManager : Event: ======'timer_attract_carousel_timer_tick'====== Args={'ticks': 3, 'ticks_remaining': 2}
2025-11-06 16:22:06,360 : INFO : EventManager : Event: ======'timer_attract_intro_timer_tick'====== Args={'ticks': 3, 'ticks_remaining': 13}
2025-11-06 16:22:07,361 : INFO : EventManager : Event: ======'timer_attract_carousel_timer_tick'====== Args={'ticks': 4, 'ticks_remaining': 1}
2025-11-06 16:22:07,362 : INFO : EventManager : Event: ======'timer_attract_intro_timer_tick'====== Args={'ticks': 4, 'ticks_remaining': 12}
2025-11-06 16:22:08,365 : INFO : EventManager : Event: ======'timer_attract_intro_timer_tick'====== Args={'ticks': 5, 'ticks_remaining': 11}
2025-11-06 16:22:08,366 : INFO : Timer.attract_carousel_timer : Timer Complete
2025-11-06 16:22:08,366 : INFO : Timer.attract_carousel_timer : Stopping Timer
2025-11-06 16:22:08,366 : INFO : EventManager : Event: ======'timer_attract_carousel_timer_stopped'====== Args={'ticks': 5, 'ticks_remaining': 1}
2025-11-06 16:22:08,366 : INFO : EventManager : Event: ======'timer_attract_carousel_timer_complete'====== Args={'ticks': 5, 'ticks_remaining': 1}
2025-11-06 16:22:08,367 : INFO : EventManager : Event: ======'item_highlighted'====== Args={'carousel': 'attract', 'direction': 'forwards', 'item': 'fast_logo'}
2025-11-06 16:22:08,371 : INFO : Timer.attract_carousel_timer : Starting Timer.
2025-11-06 16:22:08,371 : INFO : EventManager : Event: ======'timer_attract_carousel_timer_started'====== Args={'ticks': 0, 'ticks_remaining': 5}
2025-11-06 16:22:08,371 : INFO : EventManager : Event: ======'timer_attract_carousel_timer_tick'====== Args={'ticks': 0, 'ticks_remaining': 5}
2025-11-06 16:22:09,369 : INFO : EventManager : Event: ======'timer_attract_intro_timer_tick'====== Args={'ticks': 6, 'ticks_remaining': 10}
2025-11-06 16:22:09,369 : INFO : EventManager : Event: ======'timer_attract_carousel_timer_tick'====== Args={'ticks': 1, 'ticks_remaining': 4}
2025-11-06 16:22:10,375 : INFO : EventManager : Event: ======'timer_attract_intro_timer_tick'====== Args={'ticks': 7, 'ticks_remaining': 9}
2025-11-06 16:22:10,375 : INFO : EventManager : Event: ======'timer_attract_carousel_timer_tick'====== Args={'ticks': 2, 'ticks_remaining': 3}
2025-11-06 16:22:11,380 : INFO : EventManager : Event: ======'timer_attract_intro_timer_tick'====== Args={'ticks': 8, 'ticks_remaining': 8}
2025-11-06 16:22:11,380 : INFO : EventManager : Event: ======'timer_attract_carousel_timer_tick'====== Args={'ticks': 3, 'ticks_remaining': 2}
2025-11-06 16:22:12,388 : INFO : EventManager : Event: ======'timer_attract_carousel_timer_tick'====== Args={'ticks': 4, 'ticks_remaining': 1}
2025-11-06 16:22:12,388 : INFO : EventManager : Event: ======'timer_attract_intro_timer_tick'====== Args={'ticks': 9, 'ticks_remaining': 7}
2025-11-06 16:22:13,369 : INFO : Timer.attract_carousel_timer : Timer Complete
2025-11-06 16:22:13,369 : INFO : Timer.attract_carousel_timer : Stopping Timer
2025-11-06 16:22:13,369 : INFO : EventManager : Event: ======'timer_attract_carousel_timer_stopped'====== Args={'ticks': 5, 'ticks_remaining': 1}
2025-11-06 16:22:13,370 : INFO : EventManager : Event: ======'timer_attract_carousel_timer_complete'====== Args={'ticks': 5, 'ticks_remaining': 1}
2025-11-06 16:22:13,370 : INFO : EventManager : Event: ======'timer_attract_intro_timer_tick'====== Args={'ticks': 10, 'ticks_remaining': 6}
2025-11-06 16:22:13,372 : INFO : EventManager : Event: ======'item_highlighted'====== Args={'carousel': 'attract', 'direction': 'forwards', 'item': 'specialthanks'}
2025-11-06 16:22:13,375 : INFO : Timer.attract_carousel_timer : Starting Timer.
2025-11-06 16:22:13,376 : INFO : EventManager : Event: ======'timer_attract_carousel_timer_started'====== Args={'ticks': 0, 'ticks_remaining': 5}
2025-11-06 16:22:13,376 : INFO : EventManager : Event: ======'timer_attract_carousel_timer_tick'====== Args={'ticks': 0, 'ticks_remaining': 5}
2025-11-06 16:22:14,386 : INFO : EventManager : Event: ======'timer_attract_intro_timer_tick'====== Args={'ticks': 11, 'ticks_remaining': 5}
2025-11-06 16:22:14,390 : INFO : EventManager : Event: ======'timer_attract_carousel_timer_tick'====== Args={'ticks': 1, 'ticks_remaining': 4}
2025-11-06 16:22:15,364 : INFO : EventManager : Event: ======'timer_attract_intro_timer_tick'====== Args={'ticks': 12, 'ticks_remaining': 4}
2025-11-06 16:22:15,365 : INFO : EventManager : Event: ======'timer_attract_carousel_timer_tick'====== Args={'ticks': 2, 'ticks_remaining': 3}
2025-11-06 16:22:16,368 : INFO : EventManager : Event: ======'timer_attract_intro_timer_tick'====== Args={'ticks': 13, 'ticks_remaining': 3}
2025-11-06 16:22:16,369 : INFO : EventManager : Event: ======'timer_attract_carousel_timer_tick'====== Args={'ticks': 3, 'ticks_remaining': 2}
2025-11-06 16:22:17,376 : INFO : EventManager : Event: ======'timer_attract_intro_timer_tick'====== Args={'ticks': 14, 'ticks_remaining': 2}
2025-11-06 16:22:17,382 : INFO : EventManager : Event: ======'timer_attract_carousel_timer_tick'====== Args={'ticks': 4, 'ticks_remaining': 1}
2025-11-06 16:22:18,382 : INFO : EventManager : Event: ======'timer_attract_intro_timer_tick'====== Args={'ticks': 15, 'ticks_remaining': 1}
2025-11-06 16:22:18,382 : INFO : Timer.attract_carousel_timer : Timer Complete
2025-11-06 16:22:18,382 : INFO : Timer.attract_carousel_timer : Stopping Timer
2025-11-06 16:22:18,383 : INFO : EventManager : Event: ======'timer_attract_carousel_timer_stopped'====== Args={'ticks': 5, 'ticks_remaining': 1}
2025-11-06 16:22:18,383 : INFO : EventManager : Event: ======'timer_attract_carousel_timer_complete'====== Args={'ticks': 5, 'ticks_remaining': 1}
2025-11-06 16:22:18,383 : INFO : EventManager : Event: ======'item_highlighted'====== Args={'carousel': 'attract', 'direction': 'forwards', 'item': 'credits'}
2025-11-06 16:22:18,386 : INFO : Timer.attract_carousel_timer : Starting Timer.
2025-11-06 16:22:18,386 : INFO : EventManager : Event: ======'timer_attract_carousel_timer_started'====== Args={'ticks': 0, 'ticks_remaining': 5}
2025-11-06 16:22:18,386 : INFO : EventManager : Event: ======'timer_attract_carousel_timer_tick'====== Args={'ticks': 0, 'ticks_remaining': 5}
2025-11-06 16:22:19,379 : INFO : Timer.attract_intro_timer : Timer Complete
2025-11-06 16:22:19,379 : INFO : Timer.attract_intro_timer : Stopping Timer
2025-11-06 16:22:19,379 : INFO : EventManager : Event: ======'timer_attract_intro_timer_stopped'====== Args={'ticks': 16, 'ticks_remaining': 1}
2025-11-06 16:22:19,379 : INFO : EventManager : Event: ======'timer_attract_intro_timer_complete'====== Args={'ticks': 16, 'ticks_remaining': 1}
2025-11-06 16:22:19,381 : INFO : EventManager : Event: ======'timer_attract_carousel_timer_tick'====== Args={'ticks': 1, 'ticks_remaining': 4}
2025-11-06 16:22:19,422 : INFO : EventManager : Event: ======'slide_attract_created'====== Args={'_from_bcp': True}
2025-11-06 16:22:19,423 : INFO : EventManager : Event: ======'slide_attract_load_inactive'====== Args={'is_removing': True, '_from_bcp': True}
2025-11-06 16:22:19,424 : INFO : EventManager : Event: ======'slide_attract_active'====== Args={'original_context': 'attract', 'original_calling_context': 'timer_attract_intro_timer_complete{machine.game_just_played==0}', 'priority': 10.0, 'ticks': 16.0, 'ticks_remaining': 1.0, 'cmd': 'slides_play', '_from_bcp': True}
2025-11-06 16:22:19,431 : INFO : EventManager : Event: ======'slide_attract_load_removed'====== Args={'_from_bcp': True}
2025-11-06 16:22:20,374 : INFO : EventManager : Event: ======'timer_attract_carousel_timer_tick'====== Args={'ticks': 2, 'ticks_remaining': 3}
2025-11-06 16:22:21,372 : INFO : EventManager : Event: ======'timer_attract_carousel_timer_tick'====== Args={'ticks': 3, 'ticks_remaining': 2}
2025-11-06 16:22:22,389 : INFO : EventManager : Event: ======'timer_attract_carousel_timer_tick'====== Args={'ticks': 4, 'ticks_remaining': 1}
2025-11-06 16:22:23,374 : INFO : Timer.attract_carousel_timer : Timer Complete
2025-11-06 16:22:23,374 : INFO : Timer.attract_carousel_timer : Stopping Timer
2025-11-06 16:22:23,374 : INFO : EventManager : Event: ======'timer_attract_carousel_timer_stopped'====== Args={'ticks': 5, 'ticks_remaining': 1}
2025-11-06 16:22:23,374 : INFO : EventManager : Event: ======'timer_attract_carousel_timer_complete'====== Args={'ticks': 5, 'ticks_remaining': 1}
2025-11-06 16:22:23,376 : INFO : EventManager : Event: ======'item_highlighted'====== Args={'carousel': 'attract', 'direction': 'forwards', 'item': 'pressstart'}
2025-11-06 16:22:23,378 : INFO : Timer.attract_carousel_timer : Starting Timer.
2025-11-06 16:22:23,378 : INFO : EventManager : Event: ======'timer_attract_carousel_timer_started'====== Args={'ticks': 0, 'ticks_remaining': 5}
2025-11-06 16:22:23,379 : INFO : EventManager : Event: ======'timer_attract_carousel_timer_tick'====== Args={'ticks': 0, 'ticks_remaining': 5}
2025-11-06 16:22:23,472 : INFO : EventManager : Event: ======'widget_attract_pressstart_active'====== Args={'original_context': 'attract', 'original_calling_context': 'item_highlighted{item=="pressstart"}', 'priority': 10.0, 'carousel': 'attract', 'direction': 'forwards', 'item': 'pressstart', 'cmd': 'widgets_play', '_from_bcp': True}
2025-11-06 16:22:24,369 : INFO : EventManager : Event: ======'timer_attract_carousel_timer_tick'====== Args={'ticks': 1, 'ticks_remaining': 4}
2025-11-06 16:22:25,366 : INFO : EventManager : Event: ======'timer_attract_carousel_timer_tick'====== Args={'ticks': 2, 'ticks_remaining': 3}
2025-11-06 16:22:26,364 : INFO : EventManager : Event: ======'timer_attract_carousel_timer_tick'====== Args={'ticks': 3, 'ticks_remaining': 2}
2025-11-06 16:22:27,367 : INFO : EventManager : Event: ======'timer_attract_carousel_timer_tick'====== Args={'ticks': 4, 'ticks_remaining': 1}
2025-11-06 16:22:28,385 : INFO : Timer.attract_carousel_timer : Timer Complete
2025-11-06 16:22:28,385 : INFO : Timer.attract_carousel_timer : Stopping Timer
2025-11-06 16:22:28,385 : INFO : EventManager : Event: ======'timer_attract_carousel_timer_stopped'====== Args={'ticks': 5, 'ticks_remaining': 1}
2025-11-06 16:22:28,386 : INFO : EventManager : Event: ======'timer_attract_carousel_timer_complete'====== Args={'ticks': 5, 'ticks_remaining': 1}
2025-11-06 16:22:28,387 : INFO : EventManager : Event: ======'item_highlighted'====== Args={'carousel': 'attract', 'direction': 'forwards', 'item': 'version'}
2025-11-06 16:22:28,390 : INFO : Timer.attract_carousel_timer : Starting Timer.
2025-11-06 16:22:28,391 : INFO : EventManager : Event: ======'timer_attract_carousel_timer_started'====== Args={'ticks': 0, 'ticks_remaining': 5}
2025-11-06 16:22:28,391 : INFO : EventManager : Event: ======'timer_attract_carousel_timer_tick'====== Args={'ticks': 0, 'ticks_remaining': 5}
2025-11-06 16:22:28,466 : INFO : EventManager : Event: ======'widget_attract_pressstart_removed'====== Args={'_from_bcp': True}
2025-11-06 16:22:28,478 : INFO : EventManager : Event: ======'widget_attract_version_active'====== Args={'original_context': 'attract', 'original_calling_context': 'item_highlighted{item=="version"}', 'priority': 10.0, 'carousel': 'attract', 'direction': 'forwards', 'item': 'version', 'cmd': 'widgets_play', '_from_bcp': True}
2025-11-06 16:22:29,406 : INFO : EventManager : Event: ======'timer_attract_carousel_timer_tick'====== Args={'ticks': 1, 'ticks_remaining': 4}
2025-11-06 16:22:30,405 : INFO : EventManager : Event: ======'timer_attract_carousel_timer_tick'====== Args={'ticks': 2, 'ticks_remaining': 3}
2025-11-06 16:22:31,409 : INFO : EventManager : Event: ======'timer_attract_carousel_timer_tick'====== Args={'ticks': 3, 'ticks_remaining': 2}
2025-11-06 16:22:32,390 : INFO : EventManager : Event: ======'timer_attract_carousel_timer_tick'====== Args={'ticks': 4, 'ticks_remaining': 1}
2025-11-06 16:22:33,416 : INFO : Timer.attract_carousel_timer : Timer Complete
2025-11-06 16:22:33,416 : INFO : Timer.attract_carousel_timer : Stopping Timer
2025-11-06 16:22:33,417 : INFO : EventManager : Event: ======'timer_attract_carousel_timer_stopped'====== Args={'ticks': 5, 'ticks_remaining': 1}
2025-11-06 16:22:33,417 : INFO : EventManager : Event: ======'timer_attract_carousel_timer_complete'====== Args={'ticks': 5, 'ticks_remaining': 1}
2025-11-06 16:22:33,417 : INFO : EventManager : Event: ======'item_highlighted'====== Args={'carousel': 'attract', 'direction': 'forwards', 'item': 'makercredits'}
2025-11-06 16:22:33,420 : INFO : Timer.attract_carousel_timer : Starting Timer.
2025-11-06 16:22:33,420 : INFO : EventManager : Event: ======'timer_attract_carousel_timer_started'====== Args={'ticks': 0, 'ticks_remaining': 5}
2025-11-06 16:22:33,420 : INFO : EventManager : Event: ======'timer_attract_carousel_timer_tick'====== Args={'ticks': 0, 'ticks_remaining': 5}
2025-11-06 16:22:33,425 : INFO : EventManager : Event: ======'widget_version_removed'====== Args={'_from_bcp': True}
2025-11-06 16:22:33,430 : INFO : EventManager : Event: ======'widget_attract_makercredits_active'====== Args={'original_context': 'attract', 'original_calling_context': 'item_highlighted{item=="makercredits"}', 'priority': 10.0, 'carousel': 'attract', 'direction': 'forwards', 'item': 'makercredits', 'cmd': 'widgets_play', '_from_bcp': True}
2025-11-06 16:22:34,413 : INFO : EventManager : Event: ======'timer_attract_carousel_timer_tick'====== Args={'ticks': 1, 'ticks_remaining': 4}
2025-11-06 16:22:35,412 : INFO : EventManager : Event: ======'timer_attract_carousel_timer_tick'====== Args={'ticks': 2, 'ticks_remaining': 3}
2025-11-06 16:22:36,425 : INFO : EventManager : Event: ======'timer_attract_carousel_timer_tick'====== Args={'ticks': 3, 'ticks_remaining': 2}
2025-11-06 16:22:37,421 : INFO : EventManager : Event: ======'timer_attract_carousel_timer_tick'====== Args={'ticks': 4, 'ticks_remaining': 1}
2025-11-06 16:22:38,405 : INFO : Timer.attract_carousel_timer : Timer Complete
2025-11-06 16:22:38,405 : INFO : Timer.attract_carousel_timer : Stopping Timer
2025-11-06 16:22:38,405 : INFO : EventManager : Event: ======'timer_attract_carousel_timer_stopped'====== Args={'ticks': 5, 'ticks_remaining': 1}
2025-11-06 16:22:38,407 : INFO : EventManager : Event: ======'timer_attract_carousel_timer_complete'====== Args={'ticks': 5, 'ticks_remaining': 1}
2025-11-06 16:22:38,407 : INFO : EventManager : Event: ======'item_highlighted'====== Args={'carousel': 'attract', 'direction': 'forwards', 'item': 'dedicated'}
2025-11-06 16:22:38,409 : INFO : Timer.attract_carousel_timer : Starting Timer.
2025-11-06 16:22:38,409 : INFO : EventManager : Event: ======'timer_attract_carousel_timer_started'====== Args={'ticks': 0, 'ticks_remaining': 5}
2025-11-06 16:22:38,409 : INFO : EventManager : Event: ======'timer_attract_carousel_timer_tick'====== Args={'ticks': 0, 'ticks_remaining': 5}
2025-11-06 16:22:38,421 : INFO : EventManager : Event: ======'widget_makercredits_removed'====== Args={'_from_bcp': True}
2025-11-06 16:22:38,435 : INFO : EventManager : Event: ======'widget_attract_dedicated_active'====== Args={'original_context': 'attract', 'original_calling_context': 'item_highlighted{item=="dedicated"}', 'priority': 10.0, 'carousel': 'attract', 'direction': 'forwards', 'item': 'dedicated', 'cmd': 'widgets_play', '_from_bcp': True}
2025-11-06 16:22:39,405 : INFO : EventManager : Event: ======'timer_attract_carousel_timer_tick'====== Args={'ticks': 1, 'ticks_remaining': 4}
2025-11-06 16:22:40,421 : INFO : EventManager : Event: ======'timer_attract_carousel_timer_tick'====== Args={'ticks': 2, 'ticks_remaining': 3}
2025-11-06 16:22:41,419 : INFO : EventManager : Event: ======'timer_attract_carousel_timer_tick'====== Args={'ticks': 3, 'ticks_remaining': 2}
2025-11-06 16:22:42,414 : INFO : EventManager : Event: ======'timer_attract_carousel_timer_tick'====== Args={'ticks': 4, 'ticks_remaining': 1}
2025-11-06 16:22:43,411 : INFO : Timer.attract_carousel_timer : Timer Complete
2025-11-06 16:22:43,411 : INFO : Timer.attract_carousel_timer : Stopping Timer
2025-11-06 16:22:43,412 : INFO : EventManager : Event: ======'timer_attract_carousel_timer_stopped'====== Args={'ticks': 5, 'ticks_remaining': 1}
2025-11-06 16:22:43,412 : INFO : EventManager : Event: ======'timer_attract_carousel_timer_complete'====== Args={'ticks': 5, 'ticks_remaining': 1}
2025-11-06 16:22:43,412 : INFO : EventManager : Event: ======'item_highlighted'====== Args={'carousel': 'attract', 'direction': 'forwards', 'item': 'mpf_logo'}
2025-11-06 16:22:43,415 : INFO : Timer.attract_carousel_timer : Starting Timer.
2025-11-06 16:22:43,415 : INFO : EventManager : Event: ======'timer_attract_carousel_timer_started'====== Args={'ticks': 0, 'ticks_remaining': 5}
2025-11-06 16:22:43,416 : INFO : EventManager : Event: ======'timer_attract_carousel_timer_tick'====== Args={'ticks': 0, 'ticks_remaining': 5}
2025-11-06 16:22:43,417 : INFO : EventManager : Event: ======'widget_dedicated_removed'====== Args={'_from_bcp': True}
2025-11-06 16:22:43,422 : INFO : EventManager : Event: ======'widget_attract_mpf_logo_active'====== Args={'original_context': 'attract', 'original_calling_context': 'item_highlighted{item=="mpf_logo"}', 'priority': 10.0, 'carousel': 'attract', 'direction': 'forwards', 'item': 'mpf_logo', 'cmd': 'widgets_play', '_from_bcp': True}
2025-11-06 16:22:44,424 : INFO : EventManager : Event: ======'timer_attract_carousel_timer_tick'====== Args={'ticks': 1, 'ticks_remaining': 4}
2025-11-06 16:22:45,419 : INFO : EventManager : Event: ======'timer_attract_carousel_timer_tick'====== Args={'ticks': 2, 'ticks_remaining': 3}
2025-11-06 16:22:46,418 : INFO : EventManager : Event: ======'timer_attract_carousel_timer_tick'====== Args={'ticks': 3, 'ticks_remaining': 2}
2025-11-06 16:22:47,417 : INFO : EventManager : Event: ======'timer_attract_carousel_timer_tick'====== Args={'ticks': 4, 'ticks_remaining': 1}
2025-11-06 16:22:48,415 : INFO : Timer.attract_carousel_timer : Timer Complete
2025-11-06 16:22:48,415 : INFO : Timer.attract_carousel_timer : Stopping Timer
2025-11-06 16:22:48,415 : INFO : EventManager : Event: ======'timer_attract_carousel_timer_stopped'====== Args={'ticks': 5, 'ticks_remaining': 1}
2025-11-06 16:22:48,416 : INFO : EventManager : Event: ======'timer_attract_carousel_timer_complete'====== Args={'ticks': 5, 'ticks_remaining': 1}
2025-11-06 16:22:48,416 : INFO : EventManager : Event: ======'item_highlighted'====== Args={'carousel': 'attract', 'direction': 'forwards', 'item': 'fast_logo'}
2025-11-06 16:22:48,417 : INFO : Timer.attract_carousel_timer : Starting Timer.
2025-11-06 16:22:48,417 : INFO : EventManager : Event: ======'timer_attract_carousel_timer_started'====== Args={'ticks': 0, 'ticks_remaining': 5}
2025-11-06 16:22:48,417 : INFO : EventManager : Event: ======'timer_attract_carousel_timer_tick'====== Args={'ticks': 0, 'ticks_remaining': 5}
2025-11-06 16:22:48,427 : INFO : EventManager : Event: ======'widget_attract_mpf_logo_removed'====== Args={'_from_bcp': True}
2025-11-06 16:22:48,433 : INFO : EventManager : Event: ======'widget_attract_fast_logo_active'====== Args={'original_context': 'attract', 'original_calling_context': 'item_highlighted{item=="fast_logo"}', 'priority': 10.0, 'carousel': 'attract', 'direction': 'forwards', 'item': 'fast_logo', 'cmd': 'widgets_play', '_from_bcp': True}
2025-11-06 16:22:49,430 : INFO : EventManager : Event: ======'timer_attract_carousel_timer_tick'====== Args={'ticks': 1, 'ticks_remaining': 4}
2025-11-06 16:22:50,432 : INFO : EventManager : Event: ======'timer_attract_carousel_timer_tick'====== Args={'ticks': 2, 'ticks_remaining': 3}
2025-11-06 16:22:51,426 : INFO : EventManager : Event: ======'timer_attract_carousel_timer_tick'====== Args={'ticks': 3, 'ticks_remaining': 2}
2025-11-06 16:22:52,426 : INFO : EventManager : Event: ======'timer_attract_carousel_timer_tick'====== Args={'ticks': 4, 'ticks_remaining': 1}
2025-11-06 16:22:53,422 : INFO : Timer.attract_carousel_timer : Timer Complete
2025-11-06 16:22:53,422 : INFO : Timer.attract_carousel_timer : Stopping Timer
2025-11-06 16:22:53,422 : INFO : EventManager : Event: ======'timer_attract_carousel_timer_stopped'====== Args={'ticks': 5, 'ticks_remaining': 1}
2025-11-06 16:22:53,422 : INFO : EventManager : Event: ======'timer_attract_carousel_timer_complete'====== Args={'ticks': 5, 'ticks_remaining': 1}
2025-11-06 16:22:53,423 : INFO : EventManager : Event: ======'item_highlighted'====== Args={'carousel': 'attract', 'direction': 'forwards', 'item': 'specialthanks'}
2025-11-06 16:22:53,424 : INFO : Timer.attract_carousel_timer : Starting Timer.
2025-11-06 16:22:53,424 : INFO : EventManager : Event: ======'timer_attract_carousel_timer_started'====== Args={'ticks': 0, 'ticks_remaining': 5}
2025-11-06 16:22:53,424 : INFO : EventManager : Event: ======'timer_attract_carousel_timer_tick'====== Args={'ticks': 0, 'ticks_remaining': 5}
2025-11-06 16:22:53,440 : INFO : EventManager : Event: ======'widget_fast_logo_removed'====== Args={'_from_bcp': True}
2025-11-06 16:22:53,443 : INFO : EventManager : Event: ======'widget_attract_specialthanks_active'====== Args={'original_context': 'attract', 'original_calling_context': 'item_highlighted{item=="specialthanks"}', 'priority': 10.0, 'carousel': 'attract', 'direction': 'forwards', 'item': 'specialthanks', 'cmd': 'widgets_play', '_from_bcp': True}
2025-11-06 16:22:54,407 : INFO : EventManager : Event: ======'timer_attract_carousel_timer_tick'====== Args={'ticks': 1, 'ticks_remaining': 4}
2025-11-06 16:22:55,406 : INFO : EventManager : Event: ======'timer_attract_carousel_timer_tick'====== Args={'ticks': 2, 'ticks_remaining': 3}
2025-11-06 16:22:56,005 : INFO : SwitchController : <<<<<<< 's_start' active >>>>>>>
2025-11-06 16:22:56,121 : INFO : SwitchController : <<<<<<< 's_start' inactive >>>>>>>
2025-11-06 16:22:56,121 : INFO : EventManager : Event: ======'sw_start_inactive'====== Args={}
2025-11-06 16:22:56,122 : INFO : EventManager : Event: ======'request_to_start_game'====== Args={}
2025-11-06 16:22:56,122 : INFO : EventManager : Event: ======'game_start'====== Args={'buttons': [], 'hold_time': 0.11000000000058208}
2025-11-06 16:22:56,122 : INFO : EventManager : Event: ======'mode_game_will_start'====== Args={'buttons': [], 'hold_time': 0.11000000000058208}
2025-11-06 16:22:56,123 : INFO : EventManager : Event: ======'mode_game_starting'====== Args={'buttons': [], 'hold_time': 0.11000000000058208}
2025-11-06 16:22:56,123 : INFO : EventManager : Event: ======'mode_attract_will_stop'====== Args={}
2025-11-06 16:22:56,123 : INFO : EventManager : Event: ======'mode_attract_stopping'====== Args={}
2025-11-06 16:22:56,123 : INFO : Mode.game : Started. Priority: 20
2025-11-06 16:22:56,123 : INFO : EventManager : Event: ======'modes_active_modes_changed'====== Args={}
2025-11-06 16:22:56,123 : INFO : EventManager : Event: ======'mode_game_started'====== Args={'buttons': [], 'hold_time': 0.11000000000058208}
2025-11-06 16:22:56,134 : INFO : Mode.attract : Stopped.
2025-11-06 16:22:56,134 : INFO : EventManager : Event: ======'modes_active_modes_changed'====== Args={}
2025-11-06 16:22:56,135 : INFO : EventManager : Event: ======'mode_attract_stopped'====== Args={}
2025-11-06 16:22:56,135 : INFO : EventManager : Event: ======'clear'====== Args={'key': 'attract'}
2025-11-06 16:22:56,135 : INFO : Timer.attract_carousel_timer : Stopping Timer
2025-11-06 16:22:56,136 : INFO : EventManager : Event: ======'timer_attract_carousel_timer_stopped'====== Args={'ticks': 2, 'ticks_remaining': 3}
2025-11-06 16:22:56,136 : INFO : Timer.attract_intro_timer : Stopping Timer
2025-11-06 16:22:56,136 : INFO : EventManager : Event: ======'timer_attract_intro_timer_stopped'====== Args={'ticks': 16, 'ticks_remaining': 1}
2025-11-06 16:22:56,136 : INFO : Timer.mca_attract_video_timer : Stopping Timer
2025-11-06 16:22:56,136 : INFO : EventManager : Event: ======'timer_mca_attract_video_timer_stopped'====== Args={'ticks': 0, 'ticks_remaining': 0}
2025-11-06 16:22:56,136 : INFO : Timer.adr_attract_video_timer : Stopping Timer
2025-11-06 16:22:56,136 : INFO : EventManager : Event: ======'timer_adr_attract_video_timer_stopped'====== Args={'ticks': 0, 'ticks_remaining': 0}
2025-11-06 16:22:56,137 : INFO : EventManager : Event: ======'game_will_start'====== Args={}
2025-11-06 16:22:56,149 : INFO : EventManager : Event: ======'game_starting'====== Args={'game': <Mode.game>}
2025-11-06 16:22:56,150 : INFO : EventManager : Unordered handler for class <Auditor> on event game_ended with priority 1. Handlers: [RegisteredHandler(callback=<bound method Auditor.disable of <Auditor>>, priority=1, kwargs={}, key=UUID('e3248548-c13c-48f5-b4c2-a2886d395f92'), condition=None, blocking_facility=None), RegisteredHandler(callback=<bound method Auditor._save_audits of <Auditor>>, priority=1, kwargs={}, key=UUID('757c8f42-859e-4c25-a8ac-e88dbbc91cf3'), condition=None, blocking_facility=None)]. The order of those handlers is not defined and they will be executed in random order. This might lead to race conditions and potential bugs.
2025-11-06 16:22:56,150 : INFO : EventManager : Event: ======'player_add_request'====== Args={}
2025-11-06 16:22:56,150 : INFO : EventManager : Event: ======'player_will_add'====== Args={'number': 1}
2025-11-06 16:22:56,150 : INFO : EventManager : Event: ======'player_adding'====== Args={'player': <Player 1>, 'number': 1}
2025-11-06 16:22:56,150 : INFO : EventManager : Event: ======'player_added'====== Args={'player': <Player 1>, 'num': 1}
2025-11-06 16:22:56,151 : INFO : Mode.game : Player added successfully. Total players: 1
2025-11-06 16:22:56,151 : INFO : EventManager : Event: ======'player_index'====== Args={'value': 0, 'prev_value': 0, 'change': 0, 'player_num': 1}
2025-11-06 16:22:56,151 : INFO : EventManager : Event: ======'player_number'====== Args={'value': 1, 'prev_value': 1, 'change': 0, 'player_num': 1}
2025-11-06 16:22:56,151 : INFO : EventManager : Event: ======'player_score'====== Args={'value': 0, 'prev_value': 0, 'change': 0, 'player_num': 1}
2025-11-06 16:22:56,153 : INFO : EventManager : Event: ======'game_started'====== Args={}
2025-11-06 16:22:56,153 : INFO : EventManager : Event: ======'machine_var_game_just_played'====== Args={'value': 1, 'prev_value': 0, 'change': 1}
2025-11-06 16:22:56,159 : INFO : EventManager : Event: ======'player_turn_will_start'====== Args={'player': <Player 1>, 'number': 1}
2025-11-06 16:22:56,166 : INFO : EventManager : Event: ======'player_turn_starting'====== Args={'player': <Player 1>, 'number': 1}
2025-11-06 16:22:56,167 : INFO : EventManager : Event: ======'player_ball'====== Args={'value': 1, 'prev_value': 0, 'change': 1, 'player_num': 1}
2025-11-06 16:22:56,167 : INFO : EventManager : Event: ======'player_turn_started'====== Args={'player': <Player 1>, 'number': 1}
2025-11-06 16:22:56,168 : INFO : EventManager : Event: ======'ball_will_start'====== Args={'player': 1, 'ball': 1, 'balls_remaining': 2, 'is_extra_ball': False}
2025-11-06 16:22:56,172 : INFO : EventManager : Event: ======'ball_starting'====== Args={'player': 1, 'ball': 1, 'balls_remaining': 2, 'is_extra_ball': False}
2025-11-06 16:22:56,173 : INFO : EventManager : Event: ======'mode_batterycharger_will_start'====== Args={'queue': <QueuedEvent>, 'player': 1, 'ball': 1, 'balls_remaining': 2, 'is_extra_ball': False}
2025-11-06 16:22:56,177 : INFO : EventManager : Event: ======'mode_batterycharger_starting'====== Args={'queue': <QueuedEvent>, 'player': 1, 'ball': 1, 'balls_remaining': 2, 'is_extra_ball': False}
2025-11-06 16:22:56,177 : INFO : EventManager : Event: ======'mode_base_will_start'====== Args={'queue': <QueuedEvent>, 'player': 1, 'ball': 1, 'balls_remaining': 2, 'is_extra_ball': False}
2025-11-06 16:22:56,177 : INFO : EventManager : Event: ======'player_shot_left_orbit_enabled'====== Args={'value': True, 'prev_value': 0, 'change': 1, 'player_num': 1}
2025-11-06 16:22:56,178 : INFO : EventManager : Event: ======'player_shot_right_orbit_enabled'====== Args={'value': True, 'prev_value': 0, 'change': 1, 'player_num': 1}
2025-11-06 16:22:56,178 : INFO : EventManager : Event: ======'player_shot_inner_loop_enabled'====== Args={'value': True, 'prev_value': 0, 'change': 1, 'player_num': 1}
2025-11-06 16:22:56,178 : INFO : EventManager : Event: ======'player_shot_left_orbit_backdoor_enabled'====== Args={'value': True, 'prev_value': 0, 'change': 1, 'player_num': 1}
2025-11-06 16:22:56,178 : INFO : EventManager : Event: ======'player_shot_right_orbit_backdoor_enabled'====== Args={'value': True, 'prev_value': 0, 'change': 1, 'player_num': 1}
2025-11-06 16:22:56,178 : INFO : EventManager : Event: ======'player_shot_inner_loop_backdoor_enabled'====== Args={'value': True, 'prev_value': 0, 'change': 1, 'player_num': 1}
2025-11-06 16:22:56,178 : INFO : EventManager : Event: ======'player_shot_right_ramp_enabled'====== Args={'value': True, 'prev_value': 0, 'change': 1, 'player_num': 1}
2025-11-06 16:22:56,179 : INFO : EventManager : Event: ======'player_shot_left_ramp_enabled'====== Args={'value': True, 'prev_value': 0, 'change': 1, 'player_num': 1}
2025-11-06 16:22:56,179 : INFO : EventManager : Event: ======'player_shot_pop_standup_enabled'====== Args={'value': True, 'prev_value': 0, 'change': 1, 'player_num': 1}
2025-11-06 16:22:56,179 : INFO : EventManager : Event: ======'player_shot_upper_pop_standup_enabled'====== Args={'value': True, 'prev_value': 0, 'change': 1, 'player_num': 1}
2025-11-06 16:22:56,179 : INFO : EventManager : Event: ======'player_shot_scoop_enabled'====== Args={'value': True, 'prev_value': 0, 'change': 1, 'player_num': 1}
2025-11-06 16:22:56,179 : INFO : EventManager : Event: ======'player_shot_captive_ball_enabled'====== Args={'value': True, 'prev_value': 0, 'change': 1, 'player_num': 1}
2025-11-06 16:22:56,180 : INFO : EventManager : Event: ======'player_shot_three_bank_standup_enabled'====== Args={'value': True, 'prev_value': 0, 'change': 1, 'player_num': 1}
2025-11-06 16:22:56,180 : INFO : EventManager : Event: ======'player_shot_spinner_enabled'====== Args={'value': True, 'prev_value': 0, 'change': 1, 'player_num': 1}
2025-11-06 16:22:56,181 : INFO : EventManager : Event: ======'player_shot_pop1_enabled'====== Args={'value': True, 'prev_value': 0, 'change': 1, 'player_num': 1}
2025-11-06 16:22:56,181 : INFO : EventManager : Event: ======'player_shot_pop2_enabled'====== Args={'value': True, 'prev_value': 0, 'change': 1, 'player_num': 1}
2025-11-06 16:22:56,181 : INFO : EventManager : Event: ======'player_shot_pop3_enabled'====== Args={'value': True, 'prev_value': 0, 'change': 1, 'player_num': 1}
2025-11-06 16:22:56,182 : INFO : EventManager : Event: ======'player_shot_bottom_drop_enabled'====== Args={'value': True, 'prev_value': 0, 'change': 1, 'player_num': 1}
2025-11-06 16:22:56,182 : INFO : EventManager : Event: ======'player_shot_middle_drop_enabled'====== Args={'value': True, 'prev_value': 0, 'change': 1, 'player_num': 1}
2025-11-06 16:22:56,182 : INFO : EventManager : Event: ======'player_shot_top_drop_enabled'====== Args={'value': True, 'prev_value': 0, 'change': 1, 'player_num': 1}
2025-11-06 16:22:56,183 : INFO : EventManager : Event: ======'player_shot_tshirt_top_standup_enabled'====== Args={'value': True, 'prev_value': 0, 'change': 1, 'player_num': 1}
2025-11-06 16:22:56,183 : INFO : EventManager : Event: ======'player_shot_tshirt_bottom_standup_enabled'====== Args={'value': True, 'prev_value': 0, 'change': 1, 'player_num': 1}
2025-11-06 16:22:56,184 : INFO : EventManager : Event: ======'player_shot_left_outlane_enabled'====== Args={'value': True, 'prev_value': 0, 'change': 1, 'player_num': 1}
2025-11-06 16:22:56,184 : INFO : EventManager : Event: ======'player_shot_left_inlane_enabled'====== Args={'value': True, 'prev_value': 0, 'change': 1, 'player_num': 1}
2025-11-06 16:22:56,184 : INFO : EventManager : Event: ======'player_shot_right_inlane_enabled'====== Args={'value': True, 'prev_value': 0, 'change': 1, 'player_num': 1}
2025-11-06 16:22:56,185 : INFO : EventManager : Event: ======'player_shot_right_outlane_enabled'====== Args={'value': True, 'prev_value': 0, 'change': 1, 'player_num': 1}
2025-11-06 16:22:56,185 : INFO : EventManager : Event: ======'sg_lanes_complete'====== Args={'state': 'unlit'}
2025-11-06 16:22:56,185 : INFO : EventManager : Event: ======'sg_lanes_unlit_complete'====== Args={}
2025-11-06 16:22:56,185 : INFO : EventManager : Event: ======'sg_tshirts_complete'====== Args={'state': 'flash'}
2025-11-06 16:22:56,185 : INFO : EventManager : Event: ======'sg_tshirts_flash_complete'====== Args={}
2025-11-06 16:22:56,188 : INFO : EventManager : Event: ======'player_base_chcheckitoutfinish_widget_timer_tick'====== Args={'value': 0, 'prev_value': 0, 'change': 0, 'player_num': 1}
2025-11-06 16:22:56,188 : INFO : EventManager : Event: ======'player_base_bodymovin_widget_timer_tick'====== Args={'value': 0, 'prev_value': 0, 'change': 0, 'player_num': 1}
2025-11-06 16:22:56,188 : INFO : EventManager : Event: ======'player_base_bodymovin_lock_enabled_widget_timer_tick'====== Args={'value': 0, 'prev_value': 0, 'change': 0, 'player_num': 1}
2025-11-06 16:22:56,188 : INFO : Timer.bodymovin_lock_enabled_widget_timer : Starting Timer.
2025-11-06 16:22:56,188 : INFO : EventManager : Event: ======'timer_bodymovin_lock_enabled_widget_timer_started'====== Args={'ticks': 0, 'ticks_remaining': 4}
2025-11-06 16:22:56,188 : INFO : EventManager : Event: ======'timer_bodymovin_lock_enabled_widget_timer_tick'====== Args={'ticks': 0, 'ticks_remaining': 4}
2025-11-06 16:22:56,190 : INFO : EventManager : Event: ======'player_base_bodymovin_ball_1_locked_widget_timer_tick'====== Args={'value': 0, 'prev_value': 0, 'change': 0, 'player_num': 1}
2025-11-06 16:22:56,190 : INFO : EventManager : Event: ======'player_base_bodymovin_ball_2_locked_widget_timer_tick'====== Args={'value': 0, 'prev_value': 0, 'change': 0, 'player_num': 1}
2025-11-06 16:22:56,190 : INFO : EventManager : Event: ======'achievement_wizard1_changed_state'====== Args={'restore': False, 'state': 'disabled', 'selected': False}
2025-11-06 16:22:56,190 : INFO : EventManager : Event: ======'achievement_wizard1_state_disabled'====== Args={'restore': False, 'state': 'disabled', 'selected': False}
2025-11-06 16:22:56,190 : INFO : EventManager : Event: ======'achievement_intergalactic_mode_changed_state'====== Args={'restore': False, 'state': 'enabled', 'selected': False}
2025-11-06 16:22:56,190 : INFO : EventManager : Event: ======'achievement_intergalactic_mode_state_enabled'====== Args={'restore': False, 'state': 'enabled', 'selected': False}
2025-11-06 16:22:56,190 : INFO : EventManager : Event: ======'achievement_paulrevere_mode_changed_state'====== Args={'restore': False, 'state': 'enabled', 'selected': False}
2025-11-06 16:22:56,190 : INFO : EventManager : Event: ======'achievement_paulrevere_mode_state_enabled'====== Args={'restore': False, 'state': 'enabled', 'selected': False}
2025-11-06 16:22:56,191 : INFO : EventManager : Event: ======'achievement_tripletrouble_mode_changed_state'====== Args={'restore': False, 'state': 'enabled', 'selected': False}
2025-11-06 16:22:56,191 : INFO : EventManager : Event: ======'achievement_tripletrouble_mode_state_enabled'====== Args={'restore': False, 'state': 'enabled', 'selected': False}
2025-11-06 16:22:56,191 : INFO : EventManager : Event: ======'achievement_sabotage_mode_changed_state'====== Args={'restore': False, 'state': 'enabled', 'selected': False}
2025-11-06 16:22:56,191 : INFO : EventManager : Event: ======'achievement_sabotage_mode_state_enabled'====== Args={'restore': False, 'state': 'enabled', 'selected': False}
2025-11-06 16:22:56,191 : INFO : EventManager : Event: ======'achievement_fingerlickingood_mode_changed_state'====== Args={'restore': False, 'state': 'enabled', 'selected': False}
2025-11-06 16:22:56,191 : INFO : EventManager : Event: ======'achievement_fingerlickingood_mode_state_enabled'====== Args={'restore': False, 'state': 'enabled', 'selected': False}
2025-11-06 16:22:56,191 : INFO : EventManager : Event: ======'achievement_toomanyrappers_mode_changed_state'====== Args={'restore': False, 'state': 'enabled', 'selected': False}
2025-11-06 16:22:56,191 : INFO : EventManager : Event: ======'achievement_toomanyrappers_mode_state_enabled'====== Args={'restore': False, 'state': 'enabled', 'selected': False}
2025-11-06 16:22:56,192 : INFO : EventManager : Event: ======'achievement_threemcsand1dj_mode_changed_state'====== Args={'restore': False, 'state': 'enabled', 'selected': False}
2025-11-06 16:22:56,192 : INFO : EventManager : Event: ======'achievement_threemcsand1dj_mode_state_enabled'====== Args={'restore': False, 'state': 'enabled', 'selected': False}
2025-11-06 16:22:56,192 : INFO : EventManager : Event: ======'achievement_chcheckitout_multiball_changed_state'====== Args={'restore': False, 'state': 'enabled', 'selected': False}
2025-11-06 16:22:56,192 : INFO : EventManager : Event: ======'achievement_chcheckitout_multiball_state_enabled'====== Args={'restore': False, 'state': 'enabled', 'selected': False}
2025-11-06 16:22:56,192 : INFO : EventManager : Event: ======'achievement_bodymovin_multiball_changed_state'====== Args={'restore': False, 'state': 'enabled', 'selected': False}
2025-11-06 16:22:56,192 : INFO : EventManager : Event: ======'achievement_bodymovin_multiball_state_enabled'====== Args={'restore': False, 'state': 'enabled', 'selected': False}
2025-11-06 16:22:56,194 : INFO : EventManager : Unordered handler for class <Auditor> on event game_ended with priority 1. Handlers: [RegisteredHandler(callback=<bound method Auditor.disable of <Auditor>>, priority=1, kwargs={}, key=UUID('e3248548-c13c-48f5-b4c2-a2886d395f92'), condition=None, blocking_facility=None), RegisteredHandler(callback=<bound method Auditor._save_audits of <Auditor>>, priority=1, kwargs={}, key=UUID('757c8f42-859e-4c25-a8ac-e88dbbc91cf3'), condition=None, blocking_facility=None)]. The order of those handlers is not defined and they will be executed in random order. This might lead to race conditions and potential bugs.
2025-11-06 16:22:56,207 : INFO : EventManager : Event: ======'mode_base_starting'====== Args={'queue': <QueuedEvent>, 'player': 1, 'ball': 1, 'balls_remaining': 2, 'is_extra_ball': False}
2025-11-06 16:22:56,208 : INFO : drop_target_bank.three_bank : All targets are already up. Will not reset bank.
2025-11-06 16:22:56,208 : INFO : EventManager : Event: ======'balls_in_play'====== Args={'balls': 1}
2025-11-06 16:22:56,208 : INFO : EventManager : Event: ======'ball_started'====== Args={'player': 1, 'ball': 1, 'balls_remaining': 2, 'is_extra_ball': False}
2025-11-06 16:22:56,209 : INFO : EventManager : Event: ======'logicblock_battery_charged_status_updated'====== Args={'value': 20, 'enabled': False}
2025-11-06 16:22:56,209 : INFO : Mode.batterycharger : Started. Priority: 11000
2025-11-06 16:22:56,209 : INFO : EventManager : Event: ======'modes_active_modes_changed'====== Args={}
2025-11-06 16:22:56,209 : INFO : EventManager : Event: ======'mode_batterycharger_started'====== Args={'queue': <QueuedEvent>, 'player': 1, 'ball': 1, 'balls_remaining': 2, 'is_extra_ball': False}
2025-11-06 16:22:56,209 : INFO : EventManager : Event: ======'logicblock_qualify_chcheckitout_multiball_updated'====== Args={'value': 0, 'enabled': True}
2025-11-06 16:22:56,209 : INFO : EventManager : Event: ======'logicblock_completed_modes_count_updated'====== Args={'value': 0, 'enabled': True}
2025-11-06 16:22:56,210 : INFO : EventManager : Event: ======'logicblock_played_modes_count_updated'====== Args={'value': 0, 'enabled': True}
2025-11-06 16:22:56,210 : INFO : EventManager : Event: ======'logicblock_combos_count_updated'====== Args={'value': 0, 'enabled': True}
2025-11-06 16:22:56,210 : INFO : EventManager : Event: ======'logicblock_qualify_chcheckitout_multiball_updated'====== Args={'value': 0, 'enabled': True}
2025-11-06 16:22:56,210 : INFO : EventManager : Event: ======'logicblock_chcheckitout_multiball_ready_updated'====== Args={'value': 0, 'enabled': False}
2025-11-06 16:22:56,210 : INFO : EventManager : Event: ======'logicblock_enable_bodymovin_lock_1_updated'====== Args={'value': 0, 'enabled': False}
2025-11-06 16:22:56,210 : INFO : EventManager : Event: ======'logicblock_bodymovin_lock_1_updated'====== Args={'value': 0, 'enabled': False}
2025-11-06 16:22:56,210 : INFO : EventManager : Event: ======'logicblock_enable_bodymovin_lock_2_updated'====== Args={'value': 0, 'enabled': False}
2025-11-06 16:22:56,210 : INFO : EventManager : Event: ======'logicblock_bodymovin_lock_2_updated'====== Args={'value': 0, 'enabled': False}
2025-11-06 16:22:56,210 : INFO : EventManager : Event: ======'logicblock_enable_bodymovin_lock_3_updated'====== Args={'value': 0, 'enabled': False}
2025-11-06 16:22:56,210 : INFO : EventManager : Event: ======'logicblock_bodymovin_multiball_ready_updated'====== Args={'value': 0, 'enabled': False}
2025-11-06 16:22:56,210 : INFO : EventManager : Event: ======'logicblock_drop_target_bank_counter_updated'====== Args={'value': 0, 'enabled': False}
2025-11-06 16:22:56,210 : INFO : EventManager : Event: ======'logicblock_completed_modes_count_updated'====== Args={'value': 0, 'enabled': True}
2025-11-06 16:22:56,210 : INFO : EventManager : Event: ======'logicblock_played_modes_count_updated'====== Args={'value': 0, 'enabled': True}
2025-11-06 16:22:56,210 : INFO : EventManager : Event: ======'logicblock_combos_count_updated'====== Args={'value': 0, 'enabled': True}
2025-11-06 16:22:56,211 : INFO : Mode.base : Started. Priority: 100
2025-11-06 16:22:56,211 : INFO : EventManager : Event: ======'modes_active_modes_changed'====== Args={}
2025-11-06 16:22:56,211 : INFO : EventManager : Event: ======'mode_base_started'====== Args={'queue': <QueuedEvent>, 'player': 1, 'ball': 1, 'balls_remaining': 2, 'is_extra_ball': False}
2025-11-06 16:22:56,211 : INFO : EventManager : Event: ======'logicblock_battery_charged_status_updated'====== Args={'value': 20, 'enabled': True}
2025-11-06 16:22:56,211 : INFO : EventManager : Event: ======'mode_combos_will_start'====== Args={'player': 1, 'ball': 1, 'balls_remaining': 2, 'is_extra_ball': False}
2025-11-06 16:22:56,219 : INFO : EventManager : Event: ======'mode_combos_starting'====== Args={'player': 1, 'ball': 1, 'balls_remaining': 2, 'is_extra_ball': False}
2025-11-06 16:22:56,219 : INFO : EventManager : Event: ======'mode_skill_shot_will_start'====== Args={'player': 1, 'ball': 1, 'balls_remaining': 2, 'is_extra_ball': False}
2025-11-06 16:22:56,221 : INFO : EventManager : Event: ======'player_shot_skillshot_side_targets_enabled'====== Args={'value': True, 'prev_value': 0, 'change': 1, 'player_num': 1}
2025-11-06 16:22:56,221 : INFO : EventManager : Event: ======'player_shot_skillshot_drop_targets_enabled'====== Args={'value': True, 'prev_value': 0, 'change': 1, 'player_num': 1}
2025-11-06 16:22:56,222 : INFO : EventManager : Event: ======'player_shot_skillshot_hideout_plunge_enabled'====== Args={'value': True, 'prev_value': 0, 'change': 1, 'player_num': 1}
2025-11-06 16:22:56,222 : INFO : EventManager : Event: ======'player_shot_skillshot_left_outlane_enabled'====== Args={'value': True, 'prev_value': 0, 'change': 1, 'player_num': 1}
2025-11-06 16:22:56,222 : INFO : EventManager : Event: ======'player_shot_skillshot_super_enabled'====== Args={'value': True, 'prev_value': 0, 'change': 1, 'player_num': 1}
2025-11-06 16:22:56,222 : INFO : EventManager : Event: ======'skillshot_complete'====== Args={'state': 'off'}
2025-11-06 16:22:56,222 : INFO : EventManager : Event: ======'skillshot_off_complete'====== Args={}
2025-11-06 16:22:56,223 : INFO : EventManager : Event: ======'player_skill_shot_skill_shot_timeout_tick'====== Args={'value': 0, 'prev_value': 0, 'change': 0, 'player_num': 1}
2025-11-06 16:22:56,223 : INFO : EventManager : Unordered handler for class <timer.skill_shot_timeout> on event ball_starting with priority 1. Handlers: [RegisteredHandler(callback=<bound method Timer.reset of <timer.skill_shot_timeout>>, priority=1, kwargs={}, key=UUID('47281660-0998-4731-96dd-68303043dd1b'), condition=None, blocking_facility=None), RegisteredHandler(callback=<bound method Timer.pause of <timer.skill_shot_timeout>>, priority=1, kwargs={'timer_value': None}, key=UUID('cfd4c306-5c63-45bc-bfcf-59012c08cdfd'), condition=None, blocking_facility=None)]. The order of those handlers is not defined and they will be executed in random order. This might lead to race conditions and potential bugs.
2025-11-06 16:22:56,224 : INFO : EventManager : Event: ======'mode_skill_shot_starting'====== Args={'player': 1, 'ball': 1, 'balls_remaining': 2, 'is_extra_ball': False}
2025-11-06 16:22:56,224 : INFO : EventManager : Event: ======'logicblock_drop_target_bank_counter_updated'====== Args={'value': 0, 'enabled': True}
2025-11-06 16:22:56,224 : INFO : EventManager : Event: ======'logicblock_combos_count_updated'====== Args={'value': 0, 'enabled': True}
2025-11-06 16:22:56,224 : INFO : EventManager : Event: ======'logicblock_combos_count_updated'====== Args={'value': 0, 'enabled': True}
2025-11-06 16:22:56,225 : INFO : EventManager : Event: ======'logicblock_enable_bodymovin_lock_1_updated'====== Args={'value': 0, 'enabled': False}
2025-11-06 16:22:56,225 : INFO : EventManager : Event: ======'logicblock_enable_bodymovin_lock_1_updated'====== Args={'value': 0, 'enabled': True}
2025-11-06 16:22:56,225 : INFO : EventManager : Event: ======'logicblock_qualify_chcheckitout_multiball_updated'====== Args={'value': 0, 'enabled': True}
2025-11-06 16:22:56,225 : INFO : EventManager : Event: ======'logicblock_chcheckitout_multiball_ready_updated'====== Args={'value': 0, 'enabled': False}
2025-11-06 16:22:56,225 : INFO : EventManager : Event: ======'player_chcheckitout_multiball_blocking_flag'====== Args={'value': 0, 'prev_value': 0, 'change': 0, 'player_num': 1, 'source': 'base'}
2025-11-06 16:22:56,225 : INFO : EventManager : Event: ======'player_bodymovin_multiball_blocking_flag'====== Args={'value': 0, 'prev_value': 0, 'change': 0, 'player_num': 1, 'source': 'base'}
2025-11-06 16:22:56,225 : INFO : EventManager : Event: ======'player_mode_blocking_flag'====== Args={'value': 0, 'prev_value': 0, 'change': 0, 'player_num': 1, 'source': 'base'}
2025-11-06 16:22:56,226 : INFO : EventManager : Event: ======'player_battery_charged_yesorno'====== Args={'value': 0, 'prev_value': 0, 'change': 0, 'player_num': 1, 'source': 'base'}
2025-11-06 16:22:56,226 : INFO : EventManager : Event: ======'player_combos'====== Args={'value': 0, 'prev_value': 0, 'change': 0, 'player_num': 1, 'source': 'base'}
2025-11-06 16:22:56,226 : INFO : EventManager : Event: ======'player_modes_played'====== Args={'value': 0, 'prev_value': 0, 'change': 0, 'player_num': 1, 'source': 'base'}
2025-11-06 16:22:56,226 : INFO : EventManager : Event: ======'player_modes_completed'====== Args={'value': 0, 'prev_value': 0, 'change': 0, 'player_num': 1, 'source': 'base'}
2025-11-06 16:22:56,226 : INFO : EventManager : Event: ======'player_chcheckitout_qualified_flag'====== Args={'value': 0, 'prev_value': 0, 'change': 0, 'player_num': 1, 'source': 'base'}
2025-11-06 16:22:56,226 : INFO : EventManager : Event: ======'player_bonus_multiplier'====== Args={'value': 1, 'prev_value': 0, 'change': 1, 'player_num': 1, 'source': 'base'}
2025-11-06 16:22:56,227 : INFO : EventManager : Event: ======'player_player_drop_target_bank_counter_count'====== Args={'value': 0, 'prev_value': 0, 'change': 0, 'player_num': 1, 'source': 'base'}
2025-11-06 16:22:56,228 : INFO : EventManager : Event: ======'player_drop_target_bank_counter_count'====== Args={'value': 0, 'prev_value': 0, 'change': 0, 'player_num': 1, 'source': 'base'}
2025-11-06 16:22:56,229 : INFO : EventManager : Event: ======'logicblock_battery_charged_status_updated'====== Args={'value': 0, 'enabled': True}
2025-11-06 16:22:56,229 : INFO : EventManager : Event: ======'battery_charged'====== Args={}
2025-11-06 16:22:56,229 : INFO : EventManager : Event: ======'logicblock_battery_charged_status_updated'====== Args={'value': 0, 'enabled': False}
2025-11-06 16:22:56,230 : INFO : EventManager : Event: ======'mode_carousel_will_start'====== Args={}
2025-11-06 16:22:56,235 : INFO : EventManager : Event: ======'mode_carousel_starting'====== Args={}
2025-11-06 16:22:56,235 : INFO : EventManager : Event: ======'player_battery_charged_yesorno'====== Args={'value': 1, 'prev_value': 0, 'change': 1, 'player_num': 1, 'source': 'base'}
2025-11-06 16:22:56,236 : INFO : EventManager : Event: ======'mode_multiball_will_start'====== Args={'queue': <QueuedEvent>, 'player': 1, 'ball': 1, 'balls_remaining': 2, 'is_extra_ball': False}
2025-11-06 16:22:56,241 : INFO : EventManager : Event: ======'mode_multiball_starting'====== Args={'queue': <QueuedEvent>, 'player': 1, 'ball': 1, 'balls_remaining': 2, 'is_extra_ball': False}
2025-11-06 16:22:56,242 : INFO : EventManager : Event: ======'ball_save_default_enabled'====== Args={}
2025-11-06 16:22:56,242 : INFO : Mode.carousel : Started. Priority: 200
2025-11-06 16:22:56,242 : INFO : EventManager : Event: ======'modes_active_modes_changed'====== Args={}
2025-11-06 16:22:56,242 : INFO : EventManager : Event: ======'mode_carousel_started'====== Args={}
2025-11-06 16:22:56,242 : INFO : blinkenlight.bl_scoop_arrow_led : Color (0, 131, 251) with key carousel added
2025-11-06 16:22:56,243 : INFO : EventManager : Event: ======'item_highlighted'====== Args={'carousel': 'carousel', 'direction': None, 'item': 'intergalactic'}
2025-11-06 16:22:56,243 : INFO : Mode.skill_shot : Started. Priority: 500
2025-11-06 16:22:56,243 : INFO : EventManager : Event: ======'modes_active_modes_changed'====== Args={}
2025-11-06 16:22:56,243 : INFO : EventManager : Event: ======'mode_skill_shot_started'====== Args={'player': 1, 'ball': 1, 'balls_remaining': 2, 'is_extra_ball': False}
2025-11-06 16:22:56,244 : INFO : EventManager : Event: ======'advance_skill_side_targets'====== Args={'player': 1, 'ball': 1, 'balls_remaining': 2, 'is_extra_ball': False}
2025-11-06 16:22:56,244 : INFO : EventManager : Event: ======'player_shot_skillshot_side_targets'====== Args={'value': 1, 'prev_value': 0, 'change': 1, 'player_num': 1}
2025-11-06 16:22:56,244 : INFO : Mode.combos : Started. Priority: 2000
2025-11-06 16:22:56,244 : INFO : EventManager : Event: ======'modes_active_modes_changed'====== Args={}
2025-11-06 16:22:56,245 : INFO : EventManager : Event: ======'mode_combos_started'====== Args={'player': 1, 'ball': 1, 'balls_remaining': 2, 'is_extra_ball': False}
2025-11-06 16:22:56,246 : INFO : EventManager : Event: ======'logicblock_completing_chcheckitout_jackpots_updated'====== Args={'value': [False, False, False, False], 'enabled': True}
2025-11-06 16:22:56,246 : INFO : EventManager : Event: ======'logicblock_completing_bodymovin_jackpots_updated'====== Args={'value': [False, False, False, False], 'enabled': True}
2025-11-06 16:22:56,246 : INFO : EventManager : Event: ======'logicblock_completing_chcheckitout_jackpots_updated'====== Args={'value': [False, False, False, False], 'enabled': True}
2025-11-06 16:22:56,246 : INFO : EventManager : Event: ======'logicblock_completing_bodymovin_jackpots_updated'====== Args={'value': [False, False, False, False], 'enabled': True}
2025-11-06 16:22:56,247 : INFO : EventManager : Event: ======'logicblock_chcheckitout_superjackpot_updated'====== Args={'value': 0, 'enabled': False}
2025-11-06 16:22:56,247 : INFO : EventManager : Event: ======'logicblock_chcheckitout_leftorbit_jackpot_updated'====== Args={'value': 0, 'enabled': False}
2025-11-06 16:22:56,247 : INFO : EventManager : Event: ======'logicblock_chcheckitout_leftramp_jackpot_updated'====== Args={'value': 0, 'enabled': False}
2025-11-06 16:22:56,247 : INFO : EventManager : Event: ======'logicblock_chcheckitout_rightramp_jackpot_updated'====== Args={'value': 0, 'enabled': False}
2025-11-06 16:22:56,247 : INFO : EventManager : Event: ======'logicblock_chcheckitout_rightorbit_jackpot_updated'====== Args={'value': 0, 'enabled': False}
2025-11-06 16:22:56,247 : INFO : EventManager : Event: ======'logicblock_bodymovin_superjackpot_updated'====== Args={'value': 0, 'enabled': False}
2025-11-06 16:22:56,247 : INFO : EventManager : Event: ======'logicblock_bodymovin_leftorbit_jackpot_updated'====== Args={'value': 0, 'enabled': False}
2025-11-06 16:22:56,247 : INFO : EventManager : Event: ======'logicblock_bodymovin_leftramp_jackpot_updated'====== Args={'value': 0, 'enabled': False}
2025-11-06 16:22:56,247 : INFO : EventManager : Event: ======'logicblock_bodymovin_rightramp_jackpot_updated'====== Args={'value': 0, 'enabled': False}
2025-11-06 16:22:56,247 : INFO : EventManager : Event: ======'logicblock_bodymovin_rightorbit_jackpot_updated'====== Args={'value': 0, 'enabled': False}
2025-11-06 16:22:56,247 : INFO : Mode.multiball : Started. Priority: 1000
2025-11-06 16:22:56,247 : INFO : EventManager : Event: ======'modes_active_modes_changed'====== Args={}
2025-11-06 16:22:56,248 : INFO : EventManager : Event: ======'mode_multiball_started'====== Args={'queue': <QueuedEvent>, 'player': 1, 'ball': 1, 'balls_remaining': 2, 'is_extra_ball': False}
2025-11-06 16:22:56,248 : INFO : EventManager : Event: ======'single_player_ball_started'====== Args={}
2025-11-06 16:22:56,262 : INFO : EventManager : Event: ======'ball_start_target'====== Args={'target': 'playfield'}
2025-11-06 16:22:56,263 : INFO : EventManager : Event: ======'slide_base_created'====== Args={'_from_bcp': True}
2025-11-06 16:22:56,263 : INFO : ball_device.bd_plunger : Setting up player-controlled eject. Balls: 1, Target: <playfield.playfield>, player_controlled_eject_event: None
2025-11-06 16:22:56,263 : INFO : EventManager : Event: ======'balldevice_balls_available'====== Args={}
2025-11-06 16:22:56,265 : INFO : EventManager : Event: ======'play_base_video4'====== Args={'_from_bcp': True}
2025-11-06 16:22:56,266 : INFO : ball_device.bd_trough : State: waiting_for_target_ready
2025-11-06 16:22:56,267 : INFO : EventManager : Event: ======'balldevice_bd_trough_ball_eject_attempt'====== Args={'balls': 1, 'target': <ball_device.bd_plunger>, 'source': <ball_device.bd_trough>, 'mechanical_eject': True, 'num_attempts': 0}
2025-11-06 16:22:56,268 : INFO : ball_device.bd_plunger : State: waiting_for_ball
2025-11-06 16:22:56,268 : INFO : ball_device.bd_trough : State: ejecting
2025-11-06 16:22:56,269 : INFO : ball_device.bd_trough : Ejecting ball to <ball_device.bd_plunger>
2025-11-06 16:22:56,269 : INFO : EventManager : Event: ======'balldevice_bd_trough_ejecting_ball'====== Args={'balls': 1, 'target': <ball_device.bd_plunger>, 'source': <ball_device.bd_trough>, 'mechanical_eject': True, 'num_attempts': 0}
2025-11-06 16:22:56,270 : INFO : EventManager : Event: ======'slide_score_overlay_created'====== Args={'_from_bcp': True}
2025-11-06 16:22:56,270 : INFO : EventManager : Event: ======'slide_attract_inactive'====== Args={'is_removing': True, '_from_bcp': True}
2025-11-06 16:22:56,270 : INFO : EventManager : Event: ======'slide_score_overlay_active'====== Args={'original_context': 'base', 'original_calling_context': 'mode_base_started', 'priority': 100.0, 'queue': '<QueuedEvent>', 'player': 1.0, 'ball': 1.0, 'balls_remaining': 2.0, 'is_extra_ball': False, 'cmd': 'slides_play', '_from_bcp': True}
2025-11-06 16:22:56,271 : INFO : ball_device.bd_trough : Wait for ball to leave device
2025-11-06 16:22:56,271 : INFO : coil.c_trough_eject : Pulsing Driver for 20ms (1.0 pulse_power)
2025-11-06 16:22:56,272 : INFO : SwitchController : <<<<<<< 's_trough1' inactive >>>>>>>
2025-11-06 16:22:56,277 : INFO : EventManager : Event: ======'slide_attract_removed'====== Args={'_from_bcp': True}
2025-11-06 16:22:56,278 : INFO : ball_device.bd_trough : State: ball_left
2025-11-06 16:22:56,278 : INFO : ball_device.bd_trough : Ball left
2025-11-06 16:22:56,278 : INFO : ball_device.bd_trough : Wait for confirm with timeout 3.0
2025-11-06 16:22:56,363 : INFO : SwitchController : <<<<<<< 's_plunger' active >>>>>>>
2025-11-06 16:22:56,365 : INFO : EventManager : Event: ======'machine_var_audits_switches_s_plunger'====== Args={'value': 1681, 'prev_value': 1680, 'change': 1}
2025-11-06 16:22:56,365 : INFO : EventManager : Event: ======'slide_current_mode_highlighted_created'====== Args={'_from_bcp': True}
2025-11-06 16:22:56,366 : INFO : EventManager : Event: ======'random_mode_picker_tripletrouble'====== Args={'_from_bcp': True}
2025-11-06 16:22:56,366 : INFO : EventManager : Event: ======'carousel_advance'====== Args={'priority': 0}
2025-11-06 16:22:56,366 : INFO : EventManager : Event: ======'carousel_advance_2'====== Args={'priority': 0}
2025-11-06 16:22:56,366 : INFO : EventManager : Event: ======'item_highlighted'====== Args={'carousel': 'carousel', 'direction': 'forwards', 'item': 'paulrevere'}
2025-11-06 16:22:56,367 : INFO : EventManager : Event: ======'item_highlighted'====== Args={'carousel': 'carousel', 'direction': 'forwards', 'item': 'tripletrouble'}
2025-11-06 16:22:56,380 : INFO : EventManager : Event: ======'slide_skillshot_overlay_created'====== Args={'_from_bcp': True}
2025-11-06 16:22:56,381 : INFO : EventManager : Event: ======'slide_score_overlay_inactive'====== Args={'is_removing': False, '_from_bcp': True}
2025-11-06 16:22:56,381 : INFO : EventManager : Event: ======'slide_skillshot_overlay_active'====== Args={'original_context': 'skill_shot', 'original_calling_context': 'mode_skill_shot_started', 'priority': 500.0, 'player': 1.0, 'ball': 1.0, 'balls_remaining': 2.0, 'is_extra_ball': False, 'cmd': 'slides_play', '_from_bcp': True}
2025-11-06 16:22:56,401 : INFO : EventManager : Event: ======'slide_basevideo4_created'====== Args={'_from_bcp': True}
2025-11-06 16:22:56,869 : INFO : ball_device.bd_plunger : Received ball from <ball_device.bd_trough>
2025-11-06 16:22:56,869 : INFO : EventManager : Event: ======'balldevice_bd_plunger_ball_enter'====== Args={'new_balls': 1, 'unclaimed_balls': 0, 'new_available_balls': 0, 'device': <ball_device.bd_plunger>}
2025-11-06 16:22:56,871 : INFO : EventManager : Event: ======'balldevice_bd_plunger_ball_entered'====== Args={'new_balls': 0, 'device': <ball_device.bd_plunger>}
2025-11-06 16:22:56,871 : INFO : EventManager : Event: ======'balldevice_bd_plunger_ball_count_changed'====== Args={'balls': 1}
2025-11-06 16:22:56,871 : INFO : ball_device.bd_trough : Got eject confirm
2025-11-06 16:22:56,871 : INFO : ball_device.bd_trough : Eject successful
2025-11-06 16:22:56,871 : INFO : EventManager : Event: ======'balldevice_bd_trough_ball_eject_success'====== Args={'balls': 1, 'target': <ball_device.bd_plunger>}
2025-11-06 16:22:56,872 : INFO : EventManager : Event: ======'balldevice_bd_trough_ball_count_changed'====== Args={'balls': 5}
2025-11-06 16:22:56,872 : INFO : ball_device.bd_trough : State: idle
2025-11-06 16:22:56,872 : INFO : ball_device.bd_plunger : State: waiting_for_target_ready
2025-11-06 16:22:56,872 : INFO : EventManager : Event: ======'balldevice_bd_plunger_ball_eject_attempt'====== Args={'balls': 1, 'target': <playfield.playfield>, 'source': <ball_device.bd_plunger>, 'mechanical_eject': True, 'num_attempts': 0}
2025-11-06 16:22:56,873 : INFO : ball_device.bd_plunger : State: ejecting
2025-11-06 16:22:56,874 : INFO : ball_device.bd_plunger : Ejecting ball to <playfield.playfield>
2025-11-06 16:22:56,874 : INFO : EventManager : Event: ======'balldevice_bd_plunger_ejecting_ball'====== Args={'balls': 1, 'target': <playfield.playfield>, 'source': <ball_device.bd_plunger>, 'mechanical_eject': True, 'num_attempts': 0}
2025-11-06 16:22:56,875 : INFO : ball_device.bd_plunger : Wait for ball to leave device
2025-11-06 16:22:57,189 : INFO : EventManager : Event: ======'player_base_bodymovin_lock_enabled_widget_timer_tick'====== Args={'value': 1, 'prev_value': 0, 'change': 1, 'player_num': 1}
2025-11-06 16:22:57,190 : INFO : EventManager : Event: ======'timer_bodymovin_lock_enabled_widget_timer_tick'====== Args={'ticks': 1, 'ticks_remaining': 3}
2025-11-06 16:22:57,870 : INFO : SwitchController : <<<<<<< 's_plunger' inactive >>>>>>>
2025-11-06 16:22:57,870 : INFO : EventManager : Event: ======'ball_out'====== Args={}
2025-11-06 16:22:57,870 : INFO : EventManager : Event: ======'ball_save_default_timer_start'====== Args={}
2025-11-06 16:22:57,875 : INFO : ball_device.bd_plunger : State: ball_left
2025-11-06 16:22:57,876 : INFO : ball_device.bd_plunger : Ball left
2025-11-06 16:22:57,876 : INFO : ball_device.bd_plunger : Wait for confirm with timeout 3.0
2025-11-06 16:22:58,020 : INFO : SwitchController : <<<<<<< 's_three_bank_top' active >>>>>>>
2025-11-06 16:22:58,020 : INFO : EventManager : Event: ======'playfield_active'====== Args={'source': 'skillshot_drop_targets'}
2025-11-06 16:22:58,020 : INFO : EventManager : Event: ======'playfield_active'====== Args={'source': 'top_drop'}
2025-11-06 16:22:58,020 : INFO : EventManager : Event: ======'s_three_bank_top_active'====== Args={}
2025-11-06 16:22:58,020 : INFO : EventManager : Event: ======'playfield_active'====== Args={'source': 'top'}
2025-11-06 16:22:58,021 : INFO : EventManager : Event: ======'drop_target_top_down'====== Args={'device': <drop_target.top>}
2025-11-06 16:22:58,021 : INFO : EventManager : Event: ======'drop_target_bank_three_bank_mixed'====== Args={'prev_value': <DropTargetBankState.UP: 'up'>, 'down': 1}
2025-11-06 16:22:58,021 : INFO : EventManager : Event: ======'machine_var_audits_switches_s_three_bank_top'====== Args={'value': 881, 'prev_value': 880, 'change': 1}
2025-11-06 16:22:58,022 : INFO : EventManager : Event: ======'player_shot_skillshot_drop_targets'====== Args={'value': 1, 'prev_value': 0, 'change': 1, 'player_num': 1}
2025-11-06 16:22:58,022 : INFO : EventManager : Event: ======'machine_var_audits_shots_skillshot_drop_targets'====== Args={'value': 316, 'prev_value': 315, 'change': 1}
2025-11-06 16:22:58,022 : INFO : EventManager : Event: ======'skillshot_drop_targets_hit'====== Args={'profile': 'skill_shot_profile', 'state': 'off', 'advancing': True}
2025-11-06 16:22:58,022 : INFO : EventManager : Event: ======'skillshot_drop_targets_skill_shot_profile_hit'====== Args={'profile': 'skill_shot_profile', 'state': 'off', 'advancing': True}
2025-11-06 16:22:58,022 : INFO : EventManager : Event: ======'skillshot_drop_targets_skill_shot_profile_off_hit'====== Args={'profile': 'skill_shot_profile', 'state': 'off', 'advancing': True}
2025-11-06 16:22:58,023 : INFO : EventManager : Event: ======'skillshot_drop_targets_off_hit'====== Args={'profile': 'skill_shot_profile', 'state': 'off', 'advancing': True}
2025-11-06 16:22:58,023 : INFO : EventManager : Event: ======'machine_var_audits_shots_top_drop'====== Args={'value': 343, 'prev_value': 342, 'change': 1}
2025-11-06 16:22:58,023 : INFO : EventManager : Event: ======'top_drop_hit'====== Args={'profile': 'base_shot_profile', 'state': 'off', 'advancing': False}
2025-11-06 16:22:58,023 : INFO : EventManager : Event: ======'top_drop_base_shot_profile_hit'====== Args={'profile': 'base_shot_profile', 'state': 'off', 'advancing': False}
2025-11-06 16:22:58,023 : INFO : EventManager : Event: ======'top_drop_base_shot_profile_off_hit'====== Args={'profile': 'base_shot_profile', 'state': 'off', 'advancing': False}
2025-11-06 16:22:58,023 : INFO : EventManager : Event: ======'top_drop_off_hit'====== Args={'profile': 'base_shot_profile', 'state': 'off', 'advancing': False}
2025-11-06 16:22:58,023 : INFO : EventManager : Event: ======'player_score'====== Args={'value': 2220, 'prev_value': 0, 'change': 2220, 'player_num': 1, 'source': 'base'}
2025-11-06 16:22:58,023 : INFO : EventManager : Event: ======'skillshot_hit'====== Args={'shot': 'skillshot_drop_targets'}
2025-11-06 16:22:58,023 : INFO : EventManager : Event: ======'skillshot_off_hit'====== Args={'shot': 'skillshot_drop_targets'}
2025-11-06 16:22:58,024 : INFO : EventManager : Event: ======'mode_skill_shot_will_stop'====== Args={}
2025-11-06 16:22:58,024 : INFO : EventManager : Event: ======'mode_skill_shot_stopping'====== Args={}
2025-11-06 16:22:58,027 : INFO : Mode.skill_shot : Stopped.
2025-11-06 16:22:58,027 : INFO : EventManager : Event: ======'modes_active_modes_changed'====== Args={}
2025-11-06 16:22:58,027 : INFO : EventManager : Event: ======'mode_skill_shot_stopped'====== Args={}
2025-11-06 16:22:58,027 : INFO : EventManager : Event: ======'clear'====== Args={'key': 'skill_shot'}
2025-11-06 16:22:58,029 : INFO : Timer.skill_shot_timeout : Stopping Timer
2025-11-06 16:22:58,029 : INFO : EventManager : Event: ======'timer_skill_shot_timeout_stopped'====== Args={'ticks': 0, 'ticks_remaining': 0}
2025-11-06 16:22:58,061 : INFO : ball_device.bd_plunger : Got eject confirm
2025-11-06 16:22:58,061 : INFO : ball_device.bd_plunger : Eject successful
2025-11-06 16:22:58,061 : INFO : EventManager : Event: ======'balldevice_bd_plunger_ball_eject_success'====== Args={'balls': 1, 'target': <playfield.playfield>}
2025-11-06 16:22:58,062 : INFO : EventManager : Event: ======'slide_skillshot_overlay_inactive'====== Args={'is_removing': True, '_from_bcp': True}
2025-11-06 16:22:58,062 : INFO : EventManager : Event: ======'slide_score_overlay_active'====== Args={'_from_bcp': True}
2025-11-06 16:22:58,062 : INFO : EventManager : Event: ======'slide_skillshot_overlay_removed'====== Args={'_from_bcp': True}
2025-11-06 16:22:58,064 : INFO : EventManager : Event: ======'balldevice_playfield_ball_enter'====== Args={'new_balls': 1, 'unclaimed_balls': 1, 'device': <playfield.playfield>}
2025-11-06 16:22:58,064 : INFO : EventManager : Event: ======'playfield_ball_count_change'====== Args={'balls': 1, 'change': 1}
2025-11-06 16:22:58,065 : INFO : EventManager : Event: ======'balldevice_bd_plunger_ball_count_changed'====== Args={'balls': 0}
2025-11-06 16:22:58,065 : INFO : ball_device.bd_plunger : State: idle
2025-11-06 16:22:58,215 : INFO : EventManager : Event: ======'player_base_bodymovin_lock_enabled_widget_timer_tick'====== Args={'value': 2, 'prev_value': 1, 'change': 1, 'player_num': 1}
2025-11-06 16:22:58,216 : INFO : EventManager : Event: ======'timer_bodymovin_lock_enabled_widget_timer_tick'====== Args={'ticks': 2, 'ticks_remaining': 2}
2025-11-06 16:22:59,197 : INFO : EventManager : Event: ======'player_base_bodymovin_lock_enabled_widget_timer_tick'====== Args={'value': 3, 'prev_value': 2, 'change': 1, 'player_num': 1}
2025-11-06 16:22:59,197 : INFO : EventManager : Event: ======'timer_bodymovin_lock_enabled_widget_timer_tick'====== Args={'ticks': 3, 'ticks_remaining': 1}
2025-11-06 16:23:00,018 : INFO : SwitchController : <<<<<<< 's_right_lower_pop' active >>>>>>>
2025-11-06 16:23:00,018 : INFO : EventManager : Event: ======'s_right_lower_pop_active'====== Args={}
2025-11-06 16:23:00,018 : INFO : EventManager : Event: ======'machine_var_audits_switches_s_right_lower_pop'====== Args={'value': 1525, 'prev_value': 1524, 'change': 1}
2025-11-06 16:23:00,020 : INFO : EventManager : Event: ======'machine_var_audits_shots_pop3'====== Args={'value': 773, 'prev_value': 772, 'change': 1}
2025-11-06 16:23:00,020 : INFO : EventManager : Event: ======'pop3_hit'====== Args={'profile': 'base_shot_profile', 'state': 'off', 'advancing': False}
2025-11-06 16:23:00,020 : INFO : EventManager : Event: ======'pop3_base_shot_profile_hit'====== Args={'profile': 'base_shot_profile', 'state': 'off', 'advancing': False}
2025-11-06 16:23:00,021 : INFO : EventManager : Event: ======'pop3_base_shot_profile_off_hit'====== Args={'profile': 'base_shot_profile', 'state': 'off', 'advancing': False}
2025-11-06 16:23:00,021 : INFO : EventManager : Event: ======'pop3_off_hit'====== Args={'profile': 'base_shot_profile', 'state': 'off', 'advancing': False}
2025-11-06 16:23:00,021 : INFO : EventManager : Event: ======'player_score'====== Args={'value': 3330, 'prev_value': 2220, 'change': 1110, 'player_num': 1, 'source': 'base'}
2025-11-06 16:23:00,021 : INFO : EventManager : Event: ======'item_highlighted'====== Args={'carousel': 'carousel', 'direction': 'backwards', 'item': 'paulrevere'}
2025-11-06 16:23:00,151 : INFO : SwitchController : <<<<<<< 's_right_lower_pop' inactive >>>>>>>
2025-11-06 16:23:00,210 : INFO : EventManager : Event: ======'player_base_bodymovin_lock_enabled_widget_timer_tick'====== Args={'value': 4, 'prev_value': 3, 'change': 1, 'player_num': 1}
2025-11-06 16:23:00,211 : INFO : Timer.bodymovin_lock_enabled_widget_timer : Timer Complete
2025-11-06 16:23:00,211 : INFO : Timer.bodymovin_lock_enabled_widget_timer : Stopping Timer
2025-11-06 16:23:00,211 : INFO : EventManager : Event: ======'timer_bodymovin_lock_enabled_widget_timer_stopped'====== Args={'ticks': 4, 'ticks_remaining': 1}
2025-11-06 16:23:00,211 : INFO : EventManager : Event: ======'timer_bodymovin_lock_enabled_widget_timer_complete'====== Args={'ticks': 4, 'ticks_remaining': 1}
2025-11-06 16:23:00,617 : INFO : SwitchController : <<<<<<< 's_right_lower_pop' active >>>>>>>
2025-11-06 16:23:00,617 : INFO : EventManager : Event: ======'s_right_lower_pop_active'====== Args={}
2025-11-06 16:23:00,618 : INFO : EventManager : Event: ======'machine_var_audits_switches_s_right_lower_pop'====== Args={'value': 1526, 'prev_value': 1525, 'change': 1}
2025-11-06 16:23:00,619 : INFO : EventManager : Event: ======'machine_var_audits_shots_pop3'====== Args={'value': 774, 'prev_value': 773, 'change': 1}
2025-11-06 16:23:00,619 : INFO : EventManager : Event: ======'pop3_hit'====== Args={'profile': 'base_shot_profile', 'state': 'off', 'advancing': False}
2025-11-06 16:23:00,619 : INFO : EventManager : Event: ======'pop3_base_shot_profile_hit'====== Args={'profile': 'base_shot_profile', 'state': 'off', 'advancing': False}
2025-11-06 16:23:00,619 : INFO : EventManager : Event: ======'pop3_base_shot_profile_off_hit'====== Args={'profile': 'base_shot_profile', 'state': 'off', 'advancing': False}
2025-11-06 16:23:00,619 : INFO : EventManager : Event: ======'pop3_off_hit'====== Args={'profile': 'base_shot_profile', 'state': 'off', 'advancing': False}
2025-11-06 16:23:00,619 : INFO : EventManager : Event: ======'player_score'====== Args={'value': 4440, 'prev_value': 3330, 'change': 1110, 'player_num': 1, 'source': 'base'}
2025-11-06 16:23:00,619 : INFO : EventManager : Event: ======'item_highlighted'====== Args={'carousel': 'carousel', 'direction': 'backwards', 'item': 'intergalactic'}
2025-11-06 16:23:00,767 : INFO : SwitchController : <<<<<<< 's_right_lower_pop' inactive >>>>>>>
2025-11-06 16:23:00,968 : INFO : SwitchController : <<<<<<< 's_right_lower_pop' active >>>>>>>
2025-11-06 16:23:00,968 : INFO : EventManager : Event: ======'s_right_lower_pop_active'====== Args={}
2025-11-06 16:23:00,968 : INFO : EventManager : Event: ======'machine_var_audits_switches_s_right_lower_pop'====== Args={'value': 1527, 'prev_value': 1526, 'change': 1}
2025-11-06 16:23:00,969 : INFO : EventManager : Event: ======'machine_var_audits_shots_pop3'====== Args={'value': 775, 'prev_value': 774, 'change': 1}
2025-11-06 16:23:00,969 : INFO : EventManager : Event: ======'pop3_hit'====== Args={'profile': 'base_shot_profile', 'state': 'off', 'advancing': False}
2025-11-06 16:23:00,969 : INFO : EventManager : Event: ======'pop3_base_shot_profile_hit'====== Args={'profile': 'base_shot_profile', 'state': 'off', 'advancing': False}
2025-11-06 16:23:00,969 : INFO : EventManager : Event: ======'pop3_base_shot_profile_off_hit'====== Args={'profile': 'base_shot_profile', 'state': 'off', 'advancing': False}
2025-11-06 16:23:00,970 : INFO : EventManager : Event: ======'pop3_off_hit'====== Args={'profile': 'base_shot_profile', 'state': 'off', 'advancing': False}
2025-11-06 16:23:00,970 : INFO : EventManager : Event: ======'player_score'====== Args={'value': 5550, 'prev_value': 4440, 'change': 1110, 'player_num': 1, 'source': 'base'}
2025-11-06 16:23:00,970 : INFO : EventManager : Event: ======'item_highlighted'====== Args={'carousel': 'carousel', 'direction': 'backwards', 'item': 'fingerlickingood'}
2025-11-06 16:23:01,084 : INFO : SwitchController : <<<<<<< 's_right_lower_pop' inactive >>>>>>>
2025-11-06 16:23:01,317 : INFO : SwitchController : <<<<<<< 's_right_lower_pop' active >>>>>>>
2025-11-06 16:23:01,317 : INFO : EventManager : Event: ======'s_right_lower_pop_active'====== Args={}
2025-11-06 16:23:01,318 : INFO : EventManager : Event: ======'machine_var_audits_switches_s_right_lower_pop'====== Args={'value': 1528, 'prev_value': 1527, 'change': 1}
2025-11-06 16:23:01,318 : INFO : EventManager : Event: ======'machine_var_audits_shots_pop3'====== Args={'value': 776, 'prev_value': 775, 'change': 1}
2025-11-06 16:23:01,319 : INFO : EventManager : Event: ======'pop3_hit'====== Args={'profile': 'base_shot_profile', 'state': 'off', 'advancing': False}
2025-11-06 16:23:01,319 : INFO : EventManager : Event: ======'pop3_base_shot_profile_hit'====== Args={'profile': 'base_shot_profile', 'state': 'off', 'advancing': False}
2025-11-06 16:23:01,319 : INFO : EventManager : Event: ======'pop3_base_shot_profile_off_hit'====== Args={'profile': 'base_shot_profile', 'state': 'off', 'advancing': False}
2025-11-06 16:23:01,319 : INFO : EventManager : Event: ======'pop3_off_hit'====== Args={'profile': 'base_shot_profile', 'state': 'off', 'advancing': False}
2025-11-06 16:23:01,320 : INFO : EventManager : Event: ======'player_score'====== Args={'value': 6660, 'prev_value': 5550, 'change': 1110, 'player_num': 1, 'source': 'base'}
2025-11-06 16:23:01,320 : INFO : EventManager : Event: ======'item_highlighted'====== Args={'carousel': 'carousel', 'direction': 'backwards', 'item': 'toomanyrappers'}
2025-11-06 16:23:01,467 : INFO : SwitchController : <<<<<<< 's_right_lower_pop' inactive >>>>>>>
2025-11-06 16:23:01,550 : INFO : SwitchController : <<<<<<< 's_right_lower_pop' active >>>>>>>
2025-11-06 16:23:01,551 : INFO : EventManager : Event: ======'s_right_lower_pop_active'====== Args={}
2025-11-06 16:23:01,551 : INFO : EventManager : Event: ======'machine_var_audits_switches_s_right_lower_pop'====== Args={'value': 1529, 'prev_value': 1528, 'change': 1}
2025-11-06 16:23:01,552 : INFO : EventManager : Event: ======'machine_var_audits_shots_pop3'====== Args={'value': 777, 'prev_value': 776, 'change': 1}
2025-11-06 16:23:01,552 : INFO : EventManager : Event: ======'pop3_hit'====== Args={'profile': 'base_shot_profile', 'state': 'off', 'advancing': False}
2025-11-06 16:23:01,554 : INFO : EventManager : Event: ======'pop3_base_shot_profile_hit'====== Args={'profile': 'base_shot_profile', 'state': 'off', 'advancing': False}
2025-11-06 16:23:01,554 : INFO : EventManager : Event: ======'pop3_base_shot_profile_off_hit'====== Args={'profile': 'base_shot_profile', 'state': 'off', 'advancing': False}
2025-11-06 16:23:01,554 : INFO : EventManager : Event: ======'pop3_off_hit'====== Args={'profile': 'base_shot_profile', 'state': 'off', 'advancing': False}
2025-11-06 16:23:01,554 : INFO : EventManager : Event: ======'player_score'====== Args={'value': 7770, 'prev_value': 6660, 'change': 1110, 'player_num': 1, 'source': 'base'}
2025-11-06 16:23:01,554 : INFO : EventManager : Event: ======'item_highlighted'====== Args={'carousel': 'carousel', 'direction': 'backwards', 'item': 'threemcsand1dj'}
2025-11-06 16:23:01,683 : INFO : SwitchController : <<<<<<< 's_right_lower_pop' inactive >>>>>>>
2025-11-06 16:23:01,768 : INFO : SwitchController : <<<<<<< 's_right_lower_pop' active >>>>>>>
2025-11-06 16:23:01,768 : INFO : EventManager : Event: ======'s_right_lower_pop_active'====== Args={}
2025-11-06 16:23:01,769 : INFO : EventManager : Event: ======'machine_var_audits_switches_s_right_lower_pop'====== Args={'value': 1530, 'prev_value': 1529, 'change': 1}
2025-11-06 16:23:01,770 : INFO : EventManager : Event: ======'machine_var_audits_shots_pop3'====== Args={'value': 778, 'prev_value': 777, 'change': 1}
2025-11-06 16:23:01,770 : INFO : EventManager : Event: ======'pop3_hit'====== Args={'profile': 'base_shot_profile', 'state': 'off', 'advancing': False}
2025-11-06 16:23:01,770 : INFO : EventManager : Event: ======'pop3_base_shot_profile_hit'====== Args={'profile': 'base_shot_profile', 'state': 'off', 'advancing': False}
2025-11-06 16:23:01,771 : INFO : EventManager : Event: ======'pop3_base_shot_profile_off_hit'====== Args={'profile': 'base_shot_profile', 'state': 'off', 'advancing': False}
2025-11-06 16:23:01,771 : INFO : EventManager : Event: ======'pop3_off_hit'====== Args={'profile': 'base_shot_profile', 'state': 'off', 'advancing': False}
2025-11-06 16:23:01,771 : INFO : EventManager : Event: ======'player_score'====== Args={'value': 8880, 'prev_value': 7770, 'change': 1110, 'player_num': 1, 'source': 'base'}
2025-11-06 16:23:01,771 : INFO : EventManager : Event: ======'item_highlighted'====== Args={'carousel': 'carousel', 'direction': 'backwards', 'item': 'sabotage'}
2025-11-06 16:23:01,900 : INFO : SwitchController : <<<<<<< 's_right_lower_pop' inactive >>>>>>>
2025-11-06 16:23:02,001 : INFO : SwitchController : <<<<<<< 's_right_lower_pop' active >>>>>>>
2025-11-06 16:23:02,001 : INFO : EventManager : Event: ======'s_right_lower_pop_active'====== Args={}
2025-11-06 16:23:02,001 : INFO : EventManager : Event: ======'machine_var_audits_switches_s_right_lower_pop'====== Args={'value': 1531, 'prev_value': 1530, 'change': 1}
2025-11-06 16:23:02,002 : INFO : EventManager : Event: ======'machine_var_audits_shots_pop3'====== Args={'value': 779, 'prev_value': 778, 'change': 1}
2025-11-06 16:23:02,002 : INFO : EventManager : Event: ======'pop3_hit'====== Args={'profile': 'base_shot_profile', 'state': 'off', 'advancing': False}
2025-11-06 16:23:02,002 : INFO : EventManager : Event: ======'pop3_base_shot_profile_hit'====== Args={'profile': 'base_shot_profile', 'state': 'off', 'advancing': False}
2025-11-06 16:23:02,002 : INFO : EventManager : Event: ======'pop3_base_shot_profile_off_hit'====== Args={'profile': 'base_shot_profile', 'state': 'off', 'advancing': False}
2025-11-06 16:23:02,002 : INFO : EventManager : Event: ======'pop3_off_hit'====== Args={'profile': 'base_shot_profile', 'state': 'off', 'advancing': False}
2025-11-06 16:23:02,003 : INFO : EventManager : Event: ======'player_score'====== Args={'value': 9990, 'prev_value': 8880, 'change': 1110, 'player_num': 1, 'source': 'base'}
2025-11-06 16:23:02,003 : INFO : EventManager : Event: ======'item_highlighted'====== Args={'carousel': 'carousel', 'direction': 'backwards', 'item': 'tripletrouble'}
2025-11-06 16:23:02,132 : INFO : SwitchController : <<<<<<< 's_right_lower_pop' inactive >>>>>>>
2025-11-06 16:23:02,383 : INFO : SwitchController : <<<<<<< 's_right_lower_pop' active >>>>>>>
2025-11-06 16:23:02,383 : INFO : EventManager : Event: ======'s_right_lower_pop_active'====== Args={}
2025-11-06 16:23:02,384 : INFO : EventManager : Event: ======'machine_var_audits_switches_s_right_lower_pop'====== Args={'value': 1532, 'prev_value': 1531, 'change': 1}
2025-11-06 16:23:02,385 : INFO : EventManager : Event: ======'machine_var_audits_shots_pop3'====== Args={'value': 780, 'prev_value': 779, 'change': 1}
2025-11-06 16:23:02,385 : INFO : EventManager : Event: ======'pop3_hit'====== Args={'profile': 'base_shot_profile', 'state': 'off', 'advancing': False}
2025-11-06 16:23:02,385 : INFO : EventManager : Event: ======'pop3_base_shot_profile_hit'====== Args={'profile': 'base_shot_profile', 'state': 'off', 'advancing': False}
2025-11-06 16:23:02,386 : INFO : EventManager : Event: ======'pop3_base_shot_profile_off_hit'====== Args={'profile': 'base_shot_profile', 'state': 'off', 'advancing': False}
2025-11-06 16:23:02,386 : INFO : EventManager : Event: ======'pop3_off_hit'====== Args={'profile': 'base_shot_profile', 'state': 'off', 'advancing': False}
2025-11-06 16:23:02,386 : INFO : EventManager : Event: ======'player_score'====== Args={'value': 11100, 'prev_value': 9990, 'change': 1110, 'player_num': 1, 'source': 'base'}
2025-11-06 16:23:02,386 : INFO : EventManager : Event: ======'item_highlighted'====== Args={'carousel': 'carousel', 'direction': 'backwards', 'item': 'paulrevere'}
2025-11-06 16:23:02,483 : INFO : SwitchController : <<<<<<< 's_right_lower_pop' inactive >>>>>>>
2025-11-06 16:23:02,567 : INFO : SwitchController : <<<<<<< 's_right_lower_pop' active >>>>>>>
2025-11-06 16:23:02,567 : INFO : EventManager : Event: ======'s_right_lower_pop_active'====== Args={}
2025-11-06 16:23:02,568 : INFO : EventManager : Event: ======'machine_var_audits_switches_s_right_lower_pop'====== Args={'value': 1533, 'prev_value': 1532, 'change': 1}
2025-11-06 16:23:02,569 : INFO : EventManager : Event: ======'machine_var_audits_shots_pop3'====== Args={'value': 781, 'prev_value': 780, 'change': 1}
2025-11-06 16:23:02,569 : INFO : EventManager : Event: ======'pop3_hit'====== Args={'profile': 'base_shot_profile', 'state': 'off', 'advancing': False}
2025-11-06 16:23:02,569 : INFO : EventManager : Event: ======'pop3_base_shot_profile_hit'====== Args={'profile': 'base_shot_profile', 'state': 'off', 'advancing': False}
2025-11-06 16:23:02,570 : INFO : EventManager : Event: ======'pop3_base_shot_profile_off_hit'====== Args={'profile': 'base_shot_profile', 'state': 'off', 'advancing': False}
2025-11-06 16:23:02,570 : INFO : EventManager : Event: ======'pop3_off_hit'====== Args={'profile': 'base_shot_profile', 'state': 'off', 'advancing': False}
2025-11-06 16:23:02,570 : INFO : EventManager : Event: ======'player_score'====== Args={'value': 12210, 'prev_value': 11100, 'change': 1110, 'player_num': 1, 'source': 'base'}
2025-11-06 16:23:02,570 : INFO : EventManager : Event: ======'item_highlighted'====== Args={'carousel': 'carousel', 'direction': 'backwards', 'item': 'intergalactic'}
2025-11-06 16:23:02,666 : INFO : SwitchController : <<<<<<< 's_right_lower_pop' inactive >>>>>>>
2025-11-06 16:23:02,767 : INFO : SwitchController : <<<<<<< 's_right_lower_pop' active >>>>>>>
2025-11-06 16:23:02,767 : INFO : EventManager : Event: ======'s_right_lower_pop_active'====== Args={}
2025-11-06 16:23:02,767 : INFO : EventManager : Event: ======'machine_var_audits_switches_s_right_lower_pop'====== Args={'value': 1534, 'prev_value': 1533, 'change': 1}
2025-11-06 16:23:02,768 : INFO : EventManager : Event: ======'machine_var_audits_shots_pop3'====== Args={'value': 782, 'prev_value': 781, 'change': 1}
2025-11-06 16:23:02,769 : INFO : EventManager : Event: ======'pop3_hit'====== Args={'profile': 'base_shot_profile', 'state': 'off', 'advancing': False}
2025-11-06 16:23:02,769 : INFO : EventManager : Event: ======'pop3_base_shot_profile_hit'====== Args={'profile': 'base_shot_profile', 'state': 'off', 'advancing': False}
2025-11-06 16:23:02,769 : INFO : EventManager : Event: ======'pop3_base_shot_profile_off_hit'====== Args={'profile': 'base_shot_profile', 'state': 'off', 'advancing': False}
2025-11-06 16:23:02,769 : INFO : EventManager : Event: ======'pop3_off_hit'====== Args={'profile': 'base_shot_profile', 'state': 'off', 'advancing': False}
2025-11-06 16:23:02,769 : INFO : EventManager : Event: ======'player_score'====== Args={'value': 13320, 'prev_value': 12210, 'change': 1110, 'player_num': 1, 'source': 'base'}
2025-11-06 16:23:02,769 : INFO : EventManager : Event: ======'item_highlighted'====== Args={'carousel': 'carousel', 'direction': 'backwards', 'item': 'fingerlickingood'}
2025-11-06 16:23:02,882 : INFO : SwitchController : <<<<<<< 's_right_lower_pop' inactive >>>>>>>
2025-11-06 16:23:02,981 : INFO : SwitchController : <<<<<<< 's_right_lower_pop' active >>>>>>>
2025-11-06 16:23:02,981 : INFO : EventManager : Event: ======'s_right_lower_pop_active'====== Args={}
2025-11-06 16:23:02,981 : INFO : EventManager : Event: ======'machine_var_audits_switches_s_right_lower_pop'====== Args={'value': 1535, 'prev_value': 1534, 'change': 1}
2025-11-06 16:23:02,982 : INFO : EventManager : Event: ======'machine_var_audits_shots_pop3'====== Args={'value': 783, 'prev_value': 782, 'change': 1}
2025-11-06 16:23:02,982 : INFO : EventManager : Event: ======'pop3_hit'====== Args={'profile': 'base_shot_profile', 'state': 'off', 'advancing': False}
2025-11-06 16:23:02,982 : INFO : EventManager : Event: ======'pop3_base_shot_profile_hit'====== Args={'profile': 'base_shot_profile', 'state': 'off', 'advancing': False}
2025-11-06 16:23:02,982 : INFO : EventManager : Event: ======'pop3_base_shot_profile_off_hit'====== Args={'profile': 'base_shot_profile', 'state': 'off', 'advancing': False}
2025-11-06 16:23:02,982 : INFO : EventManager : Event: ======'pop3_off_hit'====== Args={'profile': 'base_shot_profile', 'state': 'off', 'advancing': False}
2025-11-06 16:23:02,982 : INFO : EventManager : Event: ======'player_score'====== Args={'value': 14430, 'prev_value': 13320, 'change': 1110, 'player_num': 1, 'source': 'base'}
2025-11-06 16:23:02,984 : INFO : EventManager : Event: ======'item_highlighted'====== Args={'carousel': 'carousel', 'direction': 'backwards', 'item': 'toomanyrappers'}
2025-11-06 16:23:03,100 : INFO : SwitchController : <<<<<<< 's_right_lower_pop' inactive >>>>>>>
2025-11-06 16:23:03,183 : INFO : SwitchController : <<<<<<< 's_right_lower_pop' active >>>>>>>
2025-11-06 16:23:03,183 : INFO : EventManager : Event: ======'s_right_lower_pop_active'====== Args={}
2025-11-06 16:23:03,183 : INFO : EventManager : Event: ======'machine_var_audits_switches_s_right_lower_pop'====== Args={'value': 1536, 'prev_value': 1535, 'change': 1}
2025-11-06 16:23:03,185 : INFO : EventManager : Event: ======'machine_var_audits_shots_pop3'====== Args={'value': 784, 'prev_value': 783, 'change': 1}
2025-11-06 16:23:03,186 : INFO : EventManager : Event: ======'pop3_hit'====== Args={'profile': 'base_shot_profile', 'state': 'off', 'advancing': False}
2025-11-06 16:23:03,186 : INFO : EventManager : Event: ======'pop3_base_shot_profile_hit'====== Args={'profile': 'base_shot_profile', 'state': 'off', 'advancing': False}
2025-11-06 16:23:03,186 : INFO : EventManager : Event: ======'pop3_base_shot_profile_off_hit'====== Args={'profile': 'base_shot_profile', 'state': 'off', 'advancing': False}
2025-11-06 16:23:03,186 : INFO : EventManager : Event: ======'pop3_off_hit'====== Args={'profile': 'base_shot_profile', 'state': 'off', 'advancing': False}
2025-11-06 16:23:03,186 : INFO : EventManager : Event: ======'player_score'====== Args={'value': 15540, 'prev_value': 14430, 'change': 1110, 'player_num': 1, 'source': 'base'}
2025-11-06 16:23:03,186 : INFO : EventManager : Event: ======'item_highlighted'====== Args={'carousel': 'carousel', 'direction': 'backwards', 'item': 'threemcsand1dj'}
2025-11-06 16:23:03,299 : INFO : SwitchController : <<<<<<< 's_right_lower_pop' inactive >>>>>>>
2025-11-06 16:23:03,631 : INFO : SwitchController : <<<<<<< 's_right_lower_pop' active >>>>>>>
2025-11-06 16:23:03,632 : INFO : EventManager : Event: ======'s_right_lower_pop_active'====== Args={}
2025-11-06 16:23:03,632 : INFO : EventManager : Event: ======'machine_var_audits_switches_s_right_lower_pop'====== Args={'value': 1537, 'prev_value': 1536, 'change': 1}
2025-11-06 16:23:03,632 : INFO : EventManager : Event: ======'machine_var_audits_shots_pop3'====== Args={'value': 785, 'prev_value': 784, 'change': 1}
2025-11-06 16:23:03,632 : INFO : EventManager : Event: ======'pop3_hit'====== Args={'profile': 'base_shot_profile', 'state': 'off', 'advancing': False}
2025-11-06 16:23:03,632 : INFO : EventManager : Event: ======'pop3_base_shot_profile_hit'====== Args={'profile': 'base_shot_profile', 'state': 'off', 'advancing': False}
2025-11-06 16:23:03,634 : INFO : EventManager : Event: ======'pop3_base_shot_profile_off_hit'====== Args={'profile': 'base_shot_profile', 'state': 'off', 'advancing': False}
2025-11-06 16:23:03,634 : INFO : EventManager : Event: ======'pop3_off_hit'====== Args={'profile': 'base_shot_profile', 'state': 'off', 'advancing': False}
2025-11-06 16:23:03,634 : INFO : EventManager : Event: ======'player_score'====== Args={'value': 16650, 'prev_value': 15540, 'change': 1110, 'player_num': 1, 'source': 'base'}
2025-11-06 16:23:03,634 : INFO : EventManager : Event: ======'item_highlighted'====== Args={'carousel': 'carousel', 'direction': 'backwards', 'item': 'sabotage'}
2025-11-06 16:23:03,783 : INFO : SwitchController : <<<<<<< 's_right_lower_pop' inactive >>>>>>>
2025-11-06 16:23:03,883 : INFO : EventManager : Event: ======'ball_save_default_hurry_up'====== Args={}
2025-11-06 16:23:06,429 : INFO : SwitchController : <<<<<<< 's_right_lower_pop' active >>>>>>>
2025-11-06 16:23:06,429 : INFO : EventManager : Event: ======'s_right_lower_pop_active'====== Args={}
2025-11-06 16:23:06,430 : INFO : EventManager : Event: ======'machine_var_audits_switches_s_right_lower_pop'====== Args={'value': 1538, 'prev_value': 1537, 'change': 1}
2025-11-06 16:23:06,431 : INFO : EventManager : Event: ======'machine_var_audits_shots_pop3'====== Args={'value': 786, 'prev_value': 785, 'change': 1}
2025-11-06 16:23:06,431 : INFO : EventManager : Event: ======'pop3_hit'====== Args={'profile': 'base_shot_profile', 'state': 'off', 'advancing': False}
2025-11-06 16:23:06,431 : INFO : EventManager : Event: ======'pop3_base_shot_profile_hit'====== Args={'profile': 'base_shot_profile', 'state': 'off', 'advancing': False}
2025-11-06 16:23:06,432 : INFO : EventManager : Event: ======'pop3_base_shot_profile_off_hit'====== Args={'profile': 'base_shot_profile', 'state': 'off', 'advancing': False}
2025-11-06 16:23:06,432 : INFO : EventManager : Event: ======'pop3_off_hit'====== Args={'profile': 'base_shot_profile', 'state': 'off', 'advancing': False}
2025-11-06 16:23:06,432 : INFO : EventManager : Event: ======'player_score'====== Args={'value': 17760, 'prev_value': 16650, 'change': 1110, 'player_num': 1, 'source': 'base'}
2025-11-06 16:23:06,432 : INFO : EventManager : Event: ======'item_highlighted'====== Args={'carousel': 'carousel', 'direction': 'backwards', 'item': 'tripletrouble'}
2025-11-06 16:23:06,579 : INFO : SwitchController : <<<<<<< 's_right_lower_pop' inactive >>>>>>>
2025-11-06 16:23:06,694 : INFO : SwitchController : <<<<<<< 's_right_lower_pop' active >>>>>>>
2025-11-06 16:23:06,694 : INFO : EventManager : Event: ======'s_right_lower_pop_active'====== Args={}
2025-11-06 16:23:06,696 : INFO : EventManager : Event: ======'machine_var_audits_switches_s_right_lower_pop'====== Args={'value': 1539, 'prev_value': 1538, 'change': 1}
2025-11-06 16:23:06,697 : INFO : EventManager : Event: ======'machine_var_audits_shots_pop3'====== Args={'value': 787, 'prev_value': 786, 'change': 1}
2025-11-06 16:23:06,697 : INFO : EventManager : Event: ======'pop3_hit'====== Args={'profile': 'base_shot_profile', 'state': 'off', 'advancing': False}
2025-11-06 16:23:06,697 : INFO : EventManager : Event: ======'pop3_base_shot_profile_hit'====== Args={'profile': 'base_shot_profile', 'state': 'off', 'advancing': False}
2025-11-06 16:23:06,697 : INFO : EventManager : Event: ======'pop3_base_shot_profile_off_hit'====== Args={'profile': 'base_shot_profile', 'state': 'off', 'advancing': False}
2025-11-06 16:23:06,697 : INFO : EventManager : Event: ======'pop3_off_hit'====== Args={'profile': 'base_shot_profile', 'state': 'off', 'advancing': False}
2025-11-06 16:23:06,697 : INFO : EventManager : Event: ======'player_score'====== Args={'value': 18870, 'prev_value': 17760, 'change': 1110, 'player_num': 1, 'source': 'base'}
2025-11-06 16:23:06,697 : INFO : EventManager : Event: ======'item_highlighted'====== Args={'carousel': 'carousel', 'direction': 'backwards', 'item': 'paulrevere'}
2025-11-06 16:23:06,815 : INFO : SwitchController : <<<<<<< 's_right_lower_pop' inactive >>>>>>>
2025-11-06 16:23:06,883 : INFO : SwitchController : <<<<<<< 's_right_lower_pop' active >>>>>>>
2025-11-06 16:23:06,883 : INFO : EventManager : Event: ======'s_right_lower_pop_active'====== Args={}
2025-11-06 16:23:06,883 : INFO : EventManager : Event: ======'machine_var_audits_switches_s_right_lower_pop'====== Args={'value': 1540, 'prev_value': 1539, 'change': 1}
2025-11-06 16:23:06,883 : INFO : EventManager : Event: ======'machine_var_audits_shots_pop3'====== Args={'value': 788, 'prev_value': 787, 'change': 1}
2025-11-06 16:23:06,884 : INFO : EventManager : Event: ======'pop3_hit'====== Args={'profile': 'base_shot_profile', 'state': 'off', 'advancing': False}
2025-11-06 16:23:06,884 : INFO : EventManager : Event: ======'pop3_base_shot_profile_hit'====== Args={'profile': 'base_shot_profile', 'state': 'off', 'advancing': False}
2025-11-06 16:23:06,884 : INFO : EventManager : Event: ======'pop3_base_shot_profile_off_hit'====== Args={'profile': 'base_shot_profile', 'state': 'off', 'advancing': False}
2025-11-06 16:23:06,884 : INFO : EventManager : Event: ======'pop3_off_hit'====== Args={'profile': 'base_shot_profile', 'state': 'off', 'advancing': False}
2025-11-06 16:23:06,884 : INFO : EventManager : Event: ======'player_score'====== Args={'value': 19980, 'prev_value': 18870, 'change': 1110, 'player_num': 1, 'source': 'base'}
2025-11-06 16:23:06,884 : INFO : EventManager : Event: ======'item_highlighted'====== Args={'carousel': 'carousel', 'direction': 'backwards', 'item': 'intergalactic'}
2025-11-06 16:23:07,013 : INFO : SwitchController : <<<<<<< 's_right_lower_pop' inactive >>>>>>>
2025-11-06 16:23:07,094 : INFO : SwitchController : <<<<<<< 's_right_lower_pop' active >>>>>>>
2025-11-06 16:23:07,094 : INFO : EventManager : Event: ======'s_right_lower_pop_active'====== Args={}
2025-11-06 16:23:07,096 : INFO : EventManager : Event: ======'machine_var_audits_switches_s_right_lower_pop'====== Args={'value': 1541, 'prev_value': 1540, 'change': 1}
2025-11-06 16:23:07,097 : INFO : EventManager : Event: ======'machine_var_audits_shots_pop3'====== Args={'value': 789, 'prev_value': 788, 'change': 1}
2025-11-06 16:23:07,097 : INFO : EventManager : Event: ======'pop3_hit'====== Args={'profile': 'base_shot_profile', 'state': 'off', 'advancing': False}
2025-11-06 16:23:07,097 : INFO : EventManager : Event: ======'pop3_base_shot_profile_hit'====== Args={'profile': 'base_shot_profile', 'state': 'off', 'advancing': False}
2025-11-06 16:23:07,097 : INFO : EventManager : Event: ======'pop3_base_shot_profile_off_hit'====== Args={'profile': 'base_shot_profile', 'state': 'off', 'advancing': False}
2025-11-06 16:23:07,097 : INFO : EventManager : Event: ======'pop3_off_hit'====== Args={'profile': 'base_shot_profile', 'state': 'off', 'advancing': False}
2025-11-06 16:23:07,097 : INFO : EventManager : Event: ======'player_score'====== Args={'value': 21090, 'prev_value': 19980, 'change': 1110, 'player_num': 1, 'source': 'base'}
2025-11-06 16:23:07,097 : INFO : EventManager : Event: ======'item_highlighted'====== Args={'carousel': 'carousel', 'direction': 'backwards', 'item': 'fingerlickingood'}
2025-11-06 16:23:07,228 : INFO : SwitchController : <<<<<<< 's_right_lower_pop' inactive >>>>>>>
2025-11-06 16:23:07,381 : INFO : SwitchController : <<<<<<< 's_right_lower_pop' active >>>>>>>
2025-11-06 16:23:07,381 : INFO : EventManager : Event: ======'s_right_lower_pop_active'====== Args={}
2025-11-06 16:23:07,381 : INFO : EventManager : Event: ======'machine_var_audits_switches_s_right_lower_pop'====== Args={'value': 1542, 'prev_value': 1541, 'change': 1}
2025-11-06 16:23:07,382 : INFO : EventManager : Event: ======'machine_var_audits_shots_pop3'====== Args={'value': 790, 'prev_value': 789, 'change': 1}
2025-11-06 16:23:07,382 : INFO : EventManager : Event: ======'pop3_hit'====== Args={'profile': 'base_shot_profile', 'state': 'off', 'advancing': False}
2025-11-06 16:23:07,383 : INFO : EventManager : Event: ======'pop3_base_shot_profile_hit'====== Args={'profile': 'base_shot_profile', 'state': 'off', 'advancing': False}
2025-11-06 16:23:07,383 : INFO : EventManager : Event: ======'pop3_base_shot_profile_off_hit'====== Args={'profile': 'base_shot_profile', 'state': 'off', 'advancing': False}
2025-11-06 16:23:07,383 : INFO : EventManager : Event: ======'pop3_off_hit'====== Args={'profile': 'base_shot_profile', 'state': 'off', 'advancing': False}
2025-11-06 16:23:07,383 : INFO : EventManager : Event: ======'player_score'====== Args={'value': 22200, 'prev_value': 21090, 'change': 1110, 'player_num': 1, 'source': 'base'}
2025-11-06 16:23:07,383 : INFO : EventManager : Event: ======'item_highlighted'====== Args={'carousel': 'carousel', 'direction': 'backwards', 'item': 'toomanyrappers'}
2025-11-06 16:23:07,513 : INFO : SwitchController : <<<<<<< 's_right_lower_pop' inactive >>>>>>>
2025-11-06 16:23:07,679 : INFO : SwitchController : <<<<<<< 's_right_lower_pop' active >>>>>>>
2025-11-06 16:23:07,679 : INFO : EventManager : Event: ======'s_right_lower_pop_active'====== Args={}
2025-11-06 16:23:07,679 : INFO : EventManager : Event: ======'machine_var_audits_switches_s_right_lower_pop'====== Args={'value': 1543, 'prev_value': 1542, 'change': 1}
2025-11-06 16:23:07,680 : INFO : EventManager : Event: ======'machine_var_audits_shots_pop3'====== Args={'value': 791, 'prev_value': 790, 'change': 1}
2025-11-06 16:23:07,680 : INFO : EventManager : Event: ======'pop3_hit'====== Args={'profile': 'base_shot_profile', 'state': 'off', 'advancing': False}
2025-11-06 16:23:07,680 : INFO : EventManager : Event: ======'pop3_base_shot_profile_hit'====== Args={'profile': 'base_shot_profile', 'state': 'off', 'advancing': False}
2025-11-06 16:23:07,680 : INFO : EventManager : Event: ======'pop3_base_shot_profile_off_hit'====== Args={'profile': 'base_shot_profile', 'state': 'off', 'advancing': False}
2025-11-06 16:23:07,680 : INFO : EventManager : Event: ======'pop3_off_hit'====== Args={'profile': 'base_shot_profile', 'state': 'off', 'advancing': False}
2025-11-06 16:23:07,680 : INFO : EventManager : Event: ======'player_score'====== Args={'value': 23310, 'prev_value': 22200, 'change': 1110, 'player_num': 1, 'source': 'base'}
2025-11-06 16:23:07,681 : INFO : EventManager : Event: ======'item_highlighted'====== Args={'carousel': 'carousel', 'direction': 'backwards', 'item': 'threemcsand1dj'}
2025-11-06 16:23:07,830 : INFO : SwitchController : <<<<<<< 's_right_lower_pop' inactive >>>>>>>
2025-11-06 16:23:07,862 : INFO : EventManager : Event: ======'ball_save_default_grace_period'====== Args={}
2025-11-06 16:23:07,896 : INFO : SwitchController : <<<<<<< 's_right_lower_pop' active >>>>>>>
2025-11-06 16:23:07,896 : INFO : EventManager : Event: ======'s_right_lower_pop_active'====== Args={}
2025-11-06 16:23:07,897 : INFO : EventManager : Event: ======'machine_var_audits_switches_s_right_lower_pop'====== Args={'value': 1544, 'prev_value': 1543, 'change': 1}
2025-11-06 16:23:07,898 : INFO : EventManager : Event: ======'machine_var_audits_shots_pop3'====== Args={'value': 792, 'prev_value': 791, 'change': 1}
2025-11-06 16:23:07,899 : INFO : EventManager : Event: ======'pop3_hit'====== Args={'profile': 'base_shot_profile', 'state': 'off', 'advancing': False}
2025-11-06 16:23:07,899 : INFO : EventManager : Event: ======'pop3_base_shot_profile_hit'====== Args={'profile': 'base_shot_profile', 'state': 'off', 'advancing': False}
2025-11-06 16:23:07,899 : INFO : EventManager : Event: ======'pop3_base_shot_profile_off_hit'====== Args={'profile': 'base_shot_profile', 'state': 'off', 'advancing': False}
2025-11-06 16:23:07,899 : INFO : EventManager : Event: ======'pop3_off_hit'====== Args={'profile': 'base_shot_profile', 'state': 'off', 'advancing': False}
2025-11-06 16:23:07,900 : INFO : EventManager : Event: ======'player_score'====== Args={'value': 24420, 'prev_value': 23310, 'change': 1110, 'player_num': 1, 'source': 'base'}
2025-11-06 16:23:07,900 : INFO : EventManager : Event: ======'item_highlighted'====== Args={'carousel': 'carousel', 'direction': 'backwards', 'item': 'sabotage'}
2025-11-06 16:23:08,047 : INFO : SwitchController : <<<<<<< 's_right_lower_pop' inactive >>>>>>>
2025-11-06 16:23:08,262 : INFO : SwitchController : <<<<<<< 's_right_lower_pop' active >>>>>>>
2025-11-06 16:23:08,262 : INFO : EventManager : Event: ======'s_right_lower_pop_active'====== Args={}
2025-11-06 16:23:08,262 : INFO : EventManager : Event: ======'machine_var_audits_switches_s_right_lower_pop'====== Args={'value': 1545, 'prev_value': 1544, 'change': 1}
2025-11-06 16:23:08,263 : INFO : EventManager : Event: ======'machine_var_audits_shots_pop3'====== Args={'value': 793, 'prev_value': 792, 'change': 1}
2025-11-06 16:23:08,263 : INFO : EventManager : Event: ======'pop3_hit'====== Args={'profile': 'base_shot_profile', 'state': 'off', 'advancing': False}
2025-11-06 16:23:08,263 : INFO : EventManager : Event: ======'pop3_base_shot_profile_hit'====== Args={'profile': 'base_shot_profile', 'state': 'off', 'advancing': False}
2025-11-06 16:23:08,263 : INFO : EventManager : Event: ======'pop3_base_shot_profile_off_hit'====== Args={'profile': 'base_shot_profile', 'state': 'off', 'advancing': False}
2025-11-06 16:23:08,263 : INFO : EventManager : Event: ======'pop3_off_hit'====== Args={'profile': 'base_shot_profile', 'state': 'off', 'advancing': False}
2025-11-06 16:23:08,264 : INFO : EventManager : Event: ======'player_score'====== Args={'value': 25530, 'prev_value': 24420, 'change': 1110, 'player_num': 1, 'source': 'base'}
2025-11-06 16:23:08,264 : INFO : EventManager : Event: ======'item_highlighted'====== Args={'carousel': 'carousel', 'direction': 'backwards', 'item': 'tripletrouble'}
2025-11-06 16:23:08,394 : INFO : SwitchController : <<<<<<< 's_right_lower_pop' inactive >>>>>>>
2025-11-06 16:23:08,664 : INFO : SwitchController : <<<<<<< 's_right_lower_pop' active >>>>>>>
2025-11-06 16:23:08,665 : INFO : EventManager : Event: ======'s_right_lower_pop_active'====== Args={}
2025-11-06 16:23:08,665 : INFO : EventManager : Event: ======'machine_var_audits_switches_s_right_lower_pop'====== Args={'value': 1546, 'prev_value': 1545, 'change': 1}
2025-11-06 16:23:08,666 : INFO : EventManager : Event: ======'machine_var_audits_shots_pop3'====== Args={'value': 794, 'prev_value': 793, 'change': 1}
2025-11-06 16:23:08,667 : INFO : EventManager : Event: ======'pop3_hit'====== Args={'profile': 'base_shot_profile', 'state': 'off', 'advancing': False}
2025-11-06 16:23:08,667 : INFO : EventManager : Event: ======'pop3_base_shot_profile_hit'====== Args={'profile': 'base_shot_profile', 'state': 'off', 'advancing': False}
2025-11-06 16:23:08,667 : INFO : EventManager : Event: ======'pop3_base_shot_profile_off_hit'====== Args={'profile': 'base_shot_profile', 'state': 'off', 'advancing': False}
2025-11-06 16:23:08,667 : INFO : EventManager : Event: ======'pop3_off_hit'====== Args={'profile': 'base_shot_profile', 'state': 'off', 'advancing': False}
2025-11-06 16:23:08,667 : INFO : EventManager : Event: ======'player_score'====== Args={'value': 26640, 'prev_value': 25530, 'change': 1110, 'player_num': 1, 'source': 'base'}
2025-11-06 16:23:08,668 : INFO : EventManager : Event: ======'item_highlighted'====== Args={'carousel': 'carousel', 'direction': 'backwards', 'item': 'paulrevere'}
2025-11-06 16:23:08,772 : INFO : SwitchController : <<<<<<< 's_right_lower_pop' inactive >>>>>>>
2025-11-06 16:23:08,993 : INFO : SwitchController : <<<<<<< 's_right_lower_pop' active >>>>>>>
2025-11-06 16:23:08,993 : INFO : EventManager : Event: ======'s_right_lower_pop_active'====== Args={}
2025-11-06 16:23:08,993 : INFO : EventManager : Event: ======'machine_var_audits_switches_s_right_lower_pop'====== Args={'value': 1547, 'prev_value': 1546, 'change': 1}
2025-11-06 16:23:08,994 : INFO : EventManager : Event: ======'machine_var_audits_shots_pop3'====== Args={'value': 795, 'prev_value': 794, 'change': 1}
2025-11-06 16:23:08,994 : INFO : EventManager : Event: ======'pop3_hit'====== Args={'profile': 'base_shot_profile', 'state': 'off', 'advancing': False}
2025-11-06 16:23:08,994 : INFO : EventManager : Event: ======'pop3_base_shot_profile_hit'====== Args={'profile': 'base_shot_profile', 'state': 'off', 'advancing': False}
2025-11-06 16:23:08,994 : INFO : EventManager : Event: ======'pop3_base_shot_profile_off_hit'====== Args={'profile': 'base_shot_profile', 'state': 'off', 'advancing': False}
2025-11-06 16:23:08,995 : INFO : EventManager : Event: ======'pop3_off_hit'====== Args={'profile': 'base_shot_profile', 'state': 'off', 'advancing': False}
2025-11-06 16:23:08,995 : INFO : EventManager : Event: ======'player_score'====== Args={'value': 27750, 'prev_value': 26640, 'change': 1110, 'player_num': 1, 'source': 'base'}
2025-11-06 16:23:08,995 : INFO : EventManager : Event: ======'item_highlighted'====== Args={'carousel': 'carousel', 'direction': 'backwards', 'item': 'intergalactic'}
2025-11-06 16:23:09,095 : INFO : SwitchController : <<<<<<< 's_right_lower_pop' inactive >>>>>>>
2025-11-06 16:23:09,245 : INFO : SwitchController : <<<<<<< 's_right_lower_pop' active >>>>>>>
2025-11-06 16:23:09,245 : INFO : EventManager : Event: ======'s_right_lower_pop_active'====== Args={}
2025-11-06 16:23:09,245 : INFO : EventManager : Event: ======'machine_var_audits_switches_s_right_lower_pop'====== Args={'value': 1548, 'prev_value': 1547, 'change': 1}
2025-11-06 16:23:09,246 : INFO : EventManager : Event: ======'machine_var_audits_shots_pop3'====== Args={'value': 796, 'prev_value': 795, 'change': 1}
2025-11-06 16:23:09,247 : INFO : EventManager : Event: ======'pop3_hit'====== Args={'profile': 'base_shot_profile', 'state': 'off', 'advancing': False}
2025-11-06 16:23:09,247 : INFO : EventManager : Event: ======'pop3_base_shot_profile_hit'====== Args={'profile': 'base_shot_profile', 'state': 'off', 'advancing': False}
2025-11-06 16:23:09,247 : INFO : EventManager : Event: ======'pop3_base_shot_profile_off_hit'====== Args={'profile': 'base_shot_profile', 'state': 'off', 'advancing': False}
2025-11-06 16:23:09,247 : INFO : EventManager : Event: ======'pop3_off_hit'====== Args={'profile': 'base_shot_profile', 'state': 'off', 'advancing': False}
2025-11-06 16:23:09,248 : INFO : EventManager : Event: ======'player_score'====== Args={'value': 28860, 'prev_value': 27750, 'change': 1110, 'player_num': 1, 'source': 'base'}
2025-11-06 16:23:09,248 : INFO : EventManager : Event: ======'item_highlighted'====== Args={'carousel': 'carousel', 'direction': 'backwards', 'item': 'fingerlickingood'}
2025-11-06 16:23:09,393 : INFO : SwitchController : <<<<<<< 's_right_lower_pop' inactive >>>>>>>
2025-11-06 16:23:09,527 : INFO : SwitchController : <<<<<<< 's_right_lower_pop' active >>>>>>>
2025-11-06 16:23:09,527 : INFO : EventManager : Event: ======'s_right_lower_pop_active'====== Args={}
2025-11-06 16:23:09,528 : INFO : EventManager : Event: ======'machine_var_audits_switches_s_right_lower_pop'====== Args={'value': 1549, 'prev_value': 1548, 'change': 1}
2025-11-06 16:23:09,529 : INFO : EventManager : Event: ======'machine_var_audits_shots_pop3'====== Args={'value': 797, 'prev_value': 796, 'change': 1}
2025-11-06 16:23:09,529 : INFO : EventManager : Event: ======'pop3_hit'====== Args={'profile': 'base_shot_profile', 'state': 'off', 'advancing': False}
2025-11-06 16:23:09,529 : INFO : EventManager : Event: ======'pop3_base_shot_profile_hit'====== Args={'profile': 'base_shot_profile', 'state': 'off', 'advancing': False}
2025-11-06 16:23:09,529 : INFO : EventManager : Event: ======'pop3_base_shot_profile_off_hit'====== Args={'profile': 'base_shot_profile', 'state': 'off', 'advancing': False}
2025-11-06 16:23:09,530 : INFO : EventManager : Event: ======'pop3_off_hit'====== Args={'profile': 'base_shot_profile', 'state': 'off', 'advancing': False}
2025-11-06 16:23:09,530 : INFO : EventManager : Event: ======'player_score'====== Args={'value': 29970, 'prev_value': 28860, 'change': 1110, 'player_num': 1, 'source': 'base'}
2025-11-06 16:23:09,530 : INFO : EventManager : Event: ======'item_highlighted'====== Args={'carousel': 'carousel', 'direction': 'backwards', 'item': 'toomanyrappers'}
2025-11-06 16:23:09,660 : INFO : SwitchController : <<<<<<< 's_right_lower_pop' inactive >>>>>>>
2025-11-06 16:23:09,873 : INFO : EventManager : Event: ======'ball_save_default_disabled'====== Args={}
2025-11-06 16:23:09,881 : INFO : SwitchController : <<<<<<< 's_right_lower_pop' active >>>>>>>
2025-11-06 16:23:09,882 : INFO : EventManager : Event: ======'s_right_lower_pop_active'====== Args={}
2025-11-06 16:23:09,882 : INFO : EventManager : Event: ======'machine_var_audits_switches_s_right_lower_pop'====== Args={'value': 1550, 'prev_value': 1549, 'change': 1}
2025-11-06 16:23:09,883 : INFO : EventManager : Event: ======'machine_var_audits_shots_pop3'====== Args={'value': 798, 'prev_value': 797, 'change': 1}
2025-11-06 16:23:09,883 : INFO : EventManager : Event: ======'pop3_hit'====== Args={'profile': 'base_shot_profile', 'state': 'off', 'advancing': False}
2025-11-06 16:23:09,883 : INFO : EventManager : Event: ======'pop3_base_shot_profile_hit'====== Args={'profile': 'base_shot_profile', 'state': 'off', 'advancing': False}
2025-11-06 16:23:09,885 : INFO : EventManager : Event: ======'pop3_base_shot_profile_off_hit'====== Args={'profile': 'base_shot_profile', 'state': 'off', 'advancing': False}
2025-11-06 16:23:09,885 : INFO : EventManager : Event: ======'pop3_off_hit'====== Args={'profile': 'base_shot_profile', 'state': 'off', 'advancing': False}
2025-11-06 16:23:09,885 : INFO : EventManager : Event: ======'player_score'====== Args={'value': 31080, 'prev_value': 29970, 'change': 1110, 'player_num': 1, 'source': 'base'}
2025-11-06 16:23:09,885 : INFO : EventManager : Event: ======'item_highlighted'====== Args={'carousel': 'carousel', 'direction': 'backwards', 'item': 'threemcsand1dj'}
2025-11-06 16:23:10,011 : INFO : SwitchController : <<<<<<< 's_right_lower_pop' inactive >>>>>>>
2025-11-06 16:23:10,844 : INFO : SwitchController : <<<<<<< 's_right_lower_pop' active >>>>>>>
2025-11-06 16:23:10,844 : INFO : EventManager : Event: ======'s_right_lower_pop_active'====== Args={}
2025-11-06 16:23:10,846 : INFO : EventManager : Event: ======'machine_var_audits_switches_s_right_lower_pop'====== Args={'value': 1551, 'prev_value': 1550, 'change': 1}
2025-11-06 16:23:10,848 : INFO : EventManager : Event: ======'machine_var_audits_shots_pop3'====== Args={'value': 799, 'prev_value': 798, 'change': 1}
2025-11-06 16:23:10,849 : INFO : EventManager : Event: ======'pop3_hit'====== Args={'profile': 'base_shot_profile', 'state': 'off', 'advancing': False}
2025-11-06 16:23:10,849 : INFO : EventManager : Event: ======'pop3_base_shot_profile_hit'====== Args={'profile': 'base_shot_profile', 'state': 'off', 'advancing': False}
2025-11-06 16:23:10,849 : INFO : EventManager : Event: ======'pop3_base_shot_profile_off_hit'====== Args={'profile': 'base_shot_profile', 'state': 'off', 'advancing': False}
2025-11-06 16:23:10,850 : INFO : EventManager : Event: ======'pop3_off_hit'====== Args={'profile': 'base_shot_profile', 'state': 'off', 'advancing': False}
2025-11-06 16:23:10,850 : INFO : EventManager : Event: ======'player_score'====== Args={'value': 32190, 'prev_value': 31080, 'change': 1110, 'player_num': 1, 'source': 'base'}
2025-11-06 16:23:10,850 : INFO : EventManager : Event: ======'item_highlighted'====== Args={'carousel': 'carousel', 'direction': 'backwards', 'item': 'sabotage'}
2025-11-06 16:23:11,027 : INFO : SwitchController : <<<<<<< 's_right_lower_pop' inactive >>>>>>>
2025-11-06 16:23:11,143 : INFO : SwitchController : <<<<<<< 's_right_lower_pop' active >>>>>>>
2025-11-06 16:23:11,143 : INFO : EventManager : Event: ======'s_right_lower_pop_active'====== Args={}
2025-11-06 16:23:11,144 : INFO : EventManager : Event: ======'machine_var_audits_switches_s_right_lower_pop'====== Args={'value': 1552, 'prev_value': 1551, 'change': 1}
2025-11-06 16:23:11,144 : INFO : EventManager : Event: ======'machine_var_audits_shots_pop3'====== Args={'value': 800, 'prev_value': 799, 'change': 1}
2025-11-06 16:23:11,146 : INFO : EventManager : Event: ======'pop3_hit'====== Args={'profile': 'base_shot_profile', 'state': 'off', 'advancing': False}
2025-11-06 16:23:11,146 : INFO : EventManager : Event: ======'pop3_base_shot_profile_hit'====== Args={'profile': 'base_shot_profile', 'state': 'off', 'advancing': False}
2025-11-06 16:23:11,146 : INFO : EventManager : Event: ======'pop3_base_shot_profile_off_hit'====== Args={'profile': 'base_shot_profile', 'state': 'off', 'advancing': False}
2025-11-06 16:23:11,146 : INFO : EventManager : Event: ======'pop3_off_hit'====== Args={'profile': 'base_shot_profile', 'state': 'off', 'advancing': False}
2025-11-06 16:23:11,146 : INFO : EventManager : Event: ======'player_score'====== Args={'value': 33300, 'prev_value': 32190, 'change': 1110, 'player_num': 1, 'source': 'base'}
2025-11-06 16:23:11,146 : INFO : EventManager : Event: ======'item_highlighted'====== Args={'carousel': 'carousel', 'direction': 'backwards', 'item': 'tripletrouble'}
2025-11-06 16:23:11,260 : INFO : SwitchController : <<<<<<< 's_right_lower_pop' inactive >>>>>>>
2025-11-06 16:23:11,326 : INFO : SwitchController : <<<<<<< 's_right_lower_pop' active >>>>>>>
2025-11-06 16:23:11,326 : INFO : EventManager : Event: ======'s_right_lower_pop_active'====== Args={}
2025-11-06 16:23:11,326 : INFO : EventManager : Event: ======'machine_var_audits_switches_s_right_lower_pop'====== Args={'value': 1553, 'prev_value': 1552, 'change': 1}
2025-11-06 16:23:11,327 : INFO : EventManager : Event: ======'machine_var_audits_shots_pop3'====== Args={'value': 801, 'prev_value': 800, 'change': 1}
2025-11-06 16:23:11,327 : INFO : EventManager : Event: ======'pop3_hit'====== Args={'profile': 'base_shot_profile', 'state': 'off', 'advancing': False}
2025-11-06 16:23:11,328 : INFO : EventManager : Event: ======'pop3_base_shot_profile_hit'====== Args={'profile': 'base_shot_profile', 'state': 'off', 'advancing': False}
2025-11-06 16:23:11,328 : INFO : EventManager : Event: ======'pop3_base_shot_profile_off_hit'====== Args={'profile': 'base_shot_profile', 'state': 'off', 'advancing': False}
2025-11-06 16:23:11,328 : INFO : EventManager : Event: ======'pop3_off_hit'====== Args={'profile': 'base_shot_profile', 'state': 'off', 'advancing': False}
2025-11-06 16:23:11,328 : INFO : EventManager : Event: ======'player_score'====== Args={'value': 34410, 'prev_value': 33300, 'change': 1110, 'player_num': 1, 'source': 'base'}
2025-11-06 16:23:11,328 : INFO : EventManager : Event: ======'item_highlighted'====== Args={'carousel': 'carousel', 'direction': 'backwards', 'item': 'paulrevere'}
2025-11-06 16:23:11,409 : INFO : SwitchController : <<<<<<< 's_right_lower_pop' inactive >>>>>>>
2025-11-06 16:23:11,475 : INFO : SwitchController : <<<<<<< 's_right_lower_pop' active >>>>>>>
2025-11-06 16:23:11,475 : INFO : EventManager : Event: ======'s_right_lower_pop_active'====== Args={}
2025-11-06 16:23:11,476 : INFO : EventManager : Event: ======'machine_var_audits_switches_s_right_lower_pop'====== Args={'value': 1554, 'prev_value': 1553, 'change': 1}
2025-11-06 16:23:11,477 : INFO : EventManager : Event: ======'machine_var_audits_shots_pop3'====== Args={'value': 802, 'prev_value': 801, 'change': 1}
2025-11-06 16:23:11,477 : INFO : EventManager : Event: ======'pop3_hit'====== Args={'profile': 'base_shot_profile', 'state': 'off', 'advancing': False}
2025-11-06 16:23:11,477 : INFO : EventManager : Event: ======'pop3_base_shot_profile_hit'====== Args={'profile': 'base_shot_profile', 'state': 'off', 'advancing': False}
2025-11-06 16:23:11,477 : INFO : EventManager : Event: ======'pop3_base_shot_profile_off_hit'====== Args={'profile': 'base_shot_profile', 'state': 'off', 'advancing': False}
2025-11-06 16:23:11,478 : INFO : EventManager : Event: ======'pop3_off_hit'====== Args={'profile': 'base_shot_profile', 'state': 'off', 'advancing': False}
2025-11-06 16:23:11,478 : INFO : EventManager : Event: ======'player_score'====== Args={'value': 35520, 'prev_value': 34410, 'change': 1110, 'player_num': 1, 'source': 'base'}
2025-11-06 16:23:11,478 : INFO : EventManager : Event: ======'item_highlighted'====== Args={'carousel': 'carousel', 'direction': 'backwards', 'item': 'intergalactic'}
2025-11-06 16:23:11,575 : INFO : SwitchController : <<<<<<< 's_right_lower_pop' inactive >>>>>>>
2025-11-06 16:23:11,625 : INFO : SwitchController : <<<<<<< 's_right_lower_pop' active >>>>>>>
2025-11-06 16:23:11,625 : INFO : EventManager : Event: ======'s_right_lower_pop_active'====== Args={}
2025-11-06 16:23:11,625 : INFO : EventManager : Event: ======'machine_var_audits_switches_s_right_lower_pop'====== Args={'value': 1555, 'prev_value': 1554, 'change': 1}
2025-11-06 16:23:11,626 : INFO : EventManager : Event: ======'machine_var_audits_shots_pop3'====== Args={'value': 803, 'prev_value': 802, 'change': 1}
2025-11-06 16:23:11,627 : INFO : EventManager : Event: ======'pop3_hit'====== Args={'profile': 'base_shot_profile', 'state': 'off', 'advancing': False}
2025-11-06 16:23:11,627 : INFO : EventManager : Event: ======'pop3_base_shot_profile_hit'====== Args={'profile': 'base_shot_profile', 'state': 'off', 'advancing': False}
2025-11-06 16:23:11,627 : INFO : EventManager : Event: ======'pop3_base_shot_profile_off_hit'====== Args={'profile': 'base_shot_profile', 'state': 'off', 'advancing': False}
2025-11-06 16:23:11,627 : INFO : EventManager : Event: ======'pop3_off_hit'====== Args={'profile': 'base_shot_profile', 'state': 'off', 'advancing': False}
2025-11-06 16:23:11,627 : INFO : EventManager : Event: ======'player_score'====== Args={'value': 36630, 'prev_value': 35520, 'change': 1110, 'player_num': 1, 'source': 'base'}
2025-11-06 16:23:11,627 : INFO : EventManager : Event: ======'item_highlighted'====== Args={'carousel': 'carousel', 'direction': 'backwards', 'item': 'fingerlickingood'}
2025-11-06 16:23:11,746 : INFO : SwitchController : <<<<<<< 's_right_lower_pop' inactive >>>>>>>
2025-11-06 16:23:11,841 : INFO : SwitchController : <<<<<<< 's_right_lower_pop' active >>>>>>>
2025-11-06 16:23:11,841 : INFO : EventManager : Event: ======'s_right_lower_pop_active'====== Args={}
2025-11-06 16:23:11,842 : INFO : EventManager : Event: ======'machine_var_audits_switches_s_right_lower_pop'====== Args={'value': 1556, 'prev_value': 1555, 'change': 1}
2025-11-06 16:23:11,842 : INFO : EventManager : Event: ======'machine_var_audits_shots_pop3'====== Args={'value': 804, 'prev_value': 803, 'change': 1}
2025-11-06 16:23:11,843 : INFO : EventManager : Event: ======'pop3_hit'====== Args={'profile': 'base_shot_profile', 'state': 'off', 'advancing': False}
2025-11-06 16:23:11,843 : INFO : EventManager : Event: ======'pop3_base_shot_profile_hit'====== Args={'profile': 'base_shot_profile', 'state': 'off', 'advancing': False}
2025-11-06 16:23:11,843 : INFO : EventManager : Event: ======'pop3_base_shot_profile_off_hit'====== Args={'profile': 'base_shot_profile', 'state': 'off', 'advancing': False}
2025-11-06 16:23:11,843 : INFO : EventManager : Event: ======'pop3_off_hit'====== Args={'profile': 'base_shot_profile', 'state': 'off', 'advancing': False}
2025-11-06 16:23:11,843 : INFO : EventManager : Event: ======'player_score'====== Args={'value': 37740, 'prev_value': 36630, 'change': 1110, 'player_num': 1, 'source': 'base'}
2025-11-06 16:23:11,843 : INFO : EventManager : Event: ======'item_highlighted'====== Args={'carousel': 'carousel', 'direction': 'backwards', 'item': 'toomanyrappers'}
2025-11-06 16:23:11,992 : INFO : SwitchController : <<<<<<< 's_right_lower_pop' inactive >>>>>>>
2025-11-06 16:23:12,110 : INFO : SwitchController : <<<<<<< 's_right_lower_pop' active >>>>>>>
2025-11-06 16:23:12,110 : INFO : EventManager : Event: ======'s_right_lower_pop_active'====== Args={}
2025-11-06 16:23:12,110 : INFO : EventManager : Event: ======'machine_var_audits_switches_s_right_lower_pop'====== Args={'value': 1557, 'prev_value': 1556, 'change': 1}
2025-11-06 16:23:12,111 : INFO : EventManager : Event: ======'machine_var_audits_shots_pop3'====== Args={'value': 805, 'prev_value': 804, 'change': 1}
2025-11-06 16:23:12,112 : INFO : EventManager : Event: ======'pop3_hit'====== Args={'profile': 'base_shot_profile', 'state': 'off', 'advancing': False}
2025-11-06 16:23:12,112 : INFO : EventManager : Event: ======'pop3_base_shot_profile_hit'====== Args={'profile': 'base_shot_profile', 'state': 'off', 'advancing': False}
2025-11-06 16:23:12,112 : INFO : EventManager : Event: ======'pop3_base_shot_profile_off_hit'====== Args={'profile': 'base_shot_profile', 'state': 'off', 'advancing': False}
2025-11-06 16:23:12,112 : INFO : EventManager : Event: ======'pop3_off_hit'====== Args={'profile': 'base_shot_profile', 'state': 'off', 'advancing': False}
2025-11-06 16:23:12,112 : INFO : EventManager : Event: ======'player_score'====== Args={'value': 38850, 'prev_value': 37740, 'change': 1110, 'player_num': 1, 'source': 'base'}
2025-11-06 16:23:12,112 : INFO : EventManager : Event: ======'item_highlighted'====== Args={'carousel': 'carousel', 'direction': 'backwards', 'item': 'threemcsand1dj'}
2025-11-06 16:23:12,210 : INFO : SwitchController : <<<<<<< 's_right_lower_pop' inactive >>>>>>>
2025-11-06 16:23:13,274 : INFO : SwitchController : <<<<<<< 's_right_lower_pop' active >>>>>>>
2025-11-06 16:23:13,274 : INFO : EventManager : Event: ======'s_right_lower_pop_active'====== Args={}
2025-11-06 16:23:13,275 : INFO : EventManager : Event: ======'machine_var_audits_switches_s_right_lower_pop'====== Args={'value': 1558, 'prev_value': 1557, 'change': 1}
2025-11-06 16:23:13,276 : INFO : EventManager : Event: ======'machine_var_audits_shots_pop3'====== Args={'value': 806, 'prev_value': 805, 'change': 1}
2025-11-06 16:23:13,276 : INFO : EventManager : Event: ======'pop3_hit'====== Args={'profile': 'base_shot_profile', 'state': 'off', 'advancing': False}
2025-11-06 16:23:13,276 : INFO : EventManager : Event: ======'pop3_base_shot_profile_hit'====== Args={'profile': 'base_shot_profile', 'state': 'off', 'advancing': False}
2025-11-06 16:23:13,276 : INFO : EventManager : Event: ======'pop3_base_shot_profile_off_hit'====== Args={'profile': 'base_shot_profile', 'state': 'off', 'advancing': False}
2025-11-06 16:23:13,277 : INFO : EventManager : Event: ======'pop3_off_hit'====== Args={'profile': 'base_shot_profile', 'state': 'off', 'advancing': False}
2025-11-06 16:23:13,277 : INFO : EventManager : Event: ======'player_score'====== Args={'value': 39960, 'prev_value': 38850, 'change': 1110, 'player_num': 1, 'source': 'base'}
2025-11-06 16:23:13,277 : INFO : EventManager : Event: ======'item_highlighted'====== Args={'carousel': 'carousel', 'direction': 'backwards', 'item': 'sabotage'}
2025-11-06 16:23:13,390 : INFO : SwitchController : <<<<<<< 's_right_lower_pop' inactive >>>>>>>
2025-11-06 16:23:13,473 : INFO : SwitchController : <<<<<<< 's_right_lower_pop' active >>>>>>>
2025-11-06 16:23:13,473 : INFO : EventManager : Event: ======'s_right_lower_pop_active'====== Args={}
2025-11-06 16:23:13,473 : INFO : EventManager : Event: ======'machine_var_audits_switches_s_right_lower_pop'====== Args={'value': 1559, 'prev_value': 1558, 'change': 1}
2025-11-06 16:23:13,475 : INFO : EventManager : Event: ======'machine_var_audits_shots_pop3'====== Args={'value': 807, 'prev_value': 806, 'change': 1}
2025-11-06 16:23:13,475 : INFO : EventManager : Event: ======'pop3_hit'====== Args={'profile': 'base_shot_profile', 'state': 'off', 'advancing': False}
2025-11-06 16:23:13,475 : INFO : EventManager : Event: ======'pop3_base_shot_profile_hit'====== Args={'profile': 'base_shot_profile', 'state': 'off', 'advancing': False}
2025-11-06 16:23:13,475 : INFO : EventManager : Event: ======'pop3_base_shot_profile_off_hit'====== Args={'profile': 'base_shot_profile', 'state': 'off', 'advancing': False}
2025-11-06 16:23:13,475 : INFO : EventManager : Event: ======'pop3_off_hit'====== Args={'profile': 'base_shot_profile', 'state': 'off', 'advancing': False}
2025-11-06 16:23:13,475 : INFO : EventManager : Event: ======'player_score'====== Args={'value': 41070, 'prev_value': 39960, 'change': 1110, 'player_num': 1, 'source': 'base'}
2025-11-06 16:23:13,476 : INFO : EventManager : Event: ======'item_highlighted'====== Args={'carousel': 'carousel', 'direction': 'backwards', 'item': 'tripletrouble'}
2025-11-06 16:23:13,590 : INFO : SwitchController : <<<<<<< 's_right_lower_pop' inactive >>>>>>>
2025-11-06 16:23:13,839 : INFO : SwitchController : <<<<<<< 's_right_lower_pop' active >>>>>>>
2025-11-06 16:23:13,840 : INFO : EventManager : Event: ======'s_right_lower_pop_active'====== Args={}
2025-11-06 16:23:13,840 : INFO : EventManager : Event: ======'machine_var_audits_switches_s_right_lower_pop'====== Args={'value': 1560, 'prev_value': 1559, 'change': 1}
2025-11-06 16:23:13,841 : INFO : EventManager : Event: ======'machine_var_audits_shots_pop3'====== Args={'value': 808, 'prev_value': 807, 'change': 1}
2025-11-06 16:23:13,841 : INFO : EventManager : Event: ======'pop3_hit'====== Args={'profile': 'base_shot_profile', 'state': 'off', 'advancing': False}
2025-11-06 16:23:13,841 : INFO : EventManager : Event: ======'pop3_base_shot_profile_hit'====== Args={'profile': 'base_shot_profile', 'state': 'off', 'advancing': False}
2025-11-06 16:23:13,841 : INFO : EventManager : Event: ======'pop3_base_shot_profile_off_hit'====== Args={'profile': 'base_shot_profile', 'state': 'off', 'advancing': False}
2025-11-06 16:23:13,841 : INFO : EventManager : Event: ======'pop3_off_hit'====== Args={'profile': 'base_shot_profile', 'state': 'off', 'advancing': False}
2025-11-06 16:23:13,841 : INFO : EventManager : Event: ======'player_score'====== Args={'value': 42180, 'prev_value': 41070, 'change': 1110, 'player_num': 1, 'source': 'base'}
2025-11-06 16:23:13,842 : INFO : EventManager : Event: ======'item_highlighted'====== Args={'carousel': 'carousel', 'direction': 'backwards', 'item': 'paulrevere'}
2025-11-06 16:23:13,990 : INFO : SwitchController : <<<<<<< 's_right_lower_pop' inactive >>>>>>>
2025-11-06 16:23:14,207 : INFO : SwitchController : <<<<<<< 's_right_lower_pop' active >>>>>>>
2025-11-06 16:23:14,207 : INFO : EventManager : Event: ======'s_right_lower_pop_active'====== Args={}
2025-11-06 16:23:14,207 : INFO : EventManager : Event: ======'machine_var_audits_switches_s_right_lower_pop'====== Args={'value': 1561, 'prev_value': 1560, 'change': 1}
2025-11-06 16:23:14,208 : INFO : EventManager : Event: ======'machine_var_audits_shots_pop3'====== Args={'value': 809, 'prev_value': 808, 'change': 1}
2025-11-06 16:23:14,208 : INFO : EventManager : Event: ======'pop3_hit'====== Args={'profile': 'base_shot_profile', 'state': 'off', 'advancing': False}
2025-11-06 16:23:14,208 : INFO : EventManager : Event: ======'pop3_base_shot_profile_hit'====== Args={'profile': 'base_shot_profile', 'state': 'off', 'advancing': False}
2025-11-06 16:23:14,208 : INFO : EventManager : Event: ======'pop3_base_shot_profile_off_hit'====== Args={'profile': 'base_shot_profile', 'state': 'off', 'advancing': False}
2025-11-06 16:23:14,208 : INFO : EventManager : Event: ======'pop3_off_hit'====== Args={'profile': 'base_shot_profile', 'state': 'off', 'advancing': False}
2025-11-06 16:23:14,208 : INFO : EventManager : Event: ======'player_score'====== Args={'value': 43290, 'prev_value': 42180, 'change': 1110, 'player_num': 1, 'source': 'base'}
2025-11-06 16:23:14,208 : INFO : EventManager : Event: ======'item_highlighted'====== Args={'carousel': 'carousel', 'direction': 'backwards', 'item': 'intergalactic'}
2025-11-06 16:23:14,340 : INFO : SwitchController : <<<<<<< 's_right_lower_pop' inactive >>>>>>>
2025-11-06 16:23:14,440 : INFO : SwitchController : <<<<<<< 's_right_lower_pop' active >>>>>>>
2025-11-06 16:23:14,440 : INFO : EventManager : Event: ======'s_right_lower_pop_active'====== Args={}
2025-11-06 16:23:14,440 : INFO : EventManager : Event: ======'machine_var_audits_switches_s_right_lower_pop'====== Args={'value': 1562, 'prev_value': 1561, 'change': 1}
2025-11-06 16:23:14,441 : INFO : EventManager : Event: ======'machine_var_audits_shots_pop3'====== Args={'value': 810, 'prev_value': 809, 'change': 1}
2025-11-06 16:23:14,442 : INFO : EventManager : Event: ======'pop3_hit'====== Args={'profile': 'base_shot_profile', 'state': 'off', 'advancing': False}
2025-11-06 16:23:14,442 : INFO : EventManager : Event: ======'pop3_base_shot_profile_hit'====== Args={'profile': 'base_shot_profile', 'state': 'off', 'advancing': False}
2025-11-06 16:23:14,442 : INFO : EventManager : Event: ======'pop3_base_shot_profile_off_hit'====== Args={'profile': 'base_shot_profile', 'state': 'off', 'advancing': False}
2025-11-06 16:23:14,442 : INFO : EventManager : Event: ======'pop3_off_hit'====== Args={'profile': 'base_shot_profile', 'state': 'off', 'advancing': False}
2025-11-06 16:23:14,442 : INFO : EventManager : Event: ======'player_score'====== Args={'value': 44400, 'prev_value': 43290, 'change': 1110, 'player_num': 1, 'source': 'base'}
2025-11-06 16:23:14,442 : INFO : EventManager : Event: ======'item_highlighted'====== Args={'carousel': 'carousel', 'direction': 'backwards', 'item': 'fingerlickingood'}
2025-11-06 16:23:14,540 : INFO : SwitchController : <<<<<<< 's_right_lower_pop' inactive >>>>>>>
2025-11-06 16:23:16,621 : INFO : SwitchController : <<<<<<< 's_right_lower_pop' active >>>>>>>
2025-11-06 16:23:16,621 : INFO : EventManager : Event: ======'s_right_lower_pop_active'====== Args={}
2025-11-06 16:23:16,622 : INFO : EventManager : Event: ======'machine_var_audits_switches_s_right_lower_pop'====== Args={'value': 1563, 'prev_value': 1562, 'change': 1}
2025-11-06 16:23:16,623 : INFO : EventManager : Event: ======'machine_var_audits_shots_pop3'====== Args={'value': 811, 'prev_value': 810, 'change': 1}
2025-11-06 16:23:16,623 : INFO : EventManager : Event: ======'pop3_hit'====== Args={'profile': 'base_shot_profile', 'state': 'off', 'advancing': False}
2025-11-06 16:23:16,623 : INFO : EventManager : Event: ======'pop3_base_shot_profile_hit'====== Args={'profile': 'base_shot_profile', 'state': 'off', 'advancing': False}
2025-11-06 16:23:16,623 : INFO : EventManager : Event: ======'pop3_base_shot_profile_off_hit'====== Args={'profile': 'base_shot_profile', 'state': 'off', 'advancing': False}
2025-11-06 16:23:16,623 : INFO : EventManager : Event: ======'pop3_off_hit'====== Args={'profile': 'base_shot_profile', 'state': 'off', 'advancing': False}
2025-11-06 16:23:16,623 : INFO : EventManager : Event: ======'player_score'====== Args={'value': 45510, 'prev_value': 44400, 'change': 1110, 'player_num': 1, 'source': 'base'}
2025-11-06 16:23:16,623 : INFO : EventManager : Event: ======'item_highlighted'====== Args={'carousel': 'carousel', 'direction': 'backwards', 'item': 'toomanyrappers'}
2025-11-06 16:23:16,722 : INFO : SwitchController : <<<<<<< 's_right_lower_pop' inactive >>>>>>>
2025-11-06 16:23:21,834 : INFO : SwitchController : <<<<<<< 's_scoop' active >>>>>>>
2025-11-06 16:23:21,834 : INFO : EventManager : Event: ======'s_scoop_active'====== Args={}
2025-11-06 16:23:21,834 : INFO : EventManager : Event: ======'machine_var_audits_switches_s_scoop'====== Args={'value': 758, 'prev_value': 757, 'change': 1}
2025-11-06 16:23:21,836 : INFO : EventManager : Event: ======'machine_var_audits_shots_scoop'====== Args={'value': 413, 'prev_value': 412, 'change': 1}
2025-11-06 16:23:21,836 : INFO : EventManager : Event: ======'scoop_hit'====== Args={'profile': 'base_shot_profile', 'state': 'off', 'advancing': False}
2025-11-06 16:23:21,836 : INFO : EventManager : Event: ======'scoop_base_shot_profile_hit'====== Args={'profile': 'base_shot_profile', 'state': 'off', 'advancing': False}
2025-11-06 16:23:21,836 : INFO : EventManager : Event: ======'scoop_base_shot_profile_off_hit'====== Args={'profile': 'base_shot_profile', 'state': 'off', 'advancing': False}
2025-11-06 16:23:21,836 : INFO : EventManager : Event: ======'scoop_off_hit'====== Args={'profile': 'base_shot_profile', 'state': 'off', 'advancing': False}
2025-11-06 16:23:21,838 : INFO : EventManager : Event: ======'carousel_toomanyrappers_selected'====== Args={}
2025-11-06 16:23:21,838 : INFO : EventManager : Event: ======'carousel_item_selected'====== Args={}
2025-11-06 16:23:21,838 : INFO : EventManager : Event: ======'player_score'====== Args={'value': 47820, 'prev_value': 45510, 'change': 2310, 'player_num': 1, 'source': 'base'}
2025-11-06 16:23:21,838 : INFO : EventManager : Event: ======'mode_toomanyrappers_will_start'====== Args={}
2025-11-06 16:23:21,838 : INFO : EventManager : Event: ======'player_toomanyrappers_toomanyrappers_intro_show_tick'====== Args={'value': 0, 'prev_value': 0, 'change': 0, 'player_num': 1}
2025-11-06 16:23:21,839 : INFO : EventManager : Event: ======'player_toomanyrappers_toomanyrappers_left_tick'====== Args={'value': 0, 'prev_value': 0, 'change': 0, 'player_num': 1}
2025-11-06 16:23:21,839 : INFO : EventManager : Event: ======'player_toomanyrappers_toomanyrappers_time_remaining_tick'====== Args={'value': 60, 'prev_value': 0, 'change': 60, 'player_num': 1}
2025-11-06 16:23:21,839 : INFO : EventManager : Event: ======'player_shot_toomanyrappers_leftorbit_enabled'====== Args={'value': True, 'prev_value': 0, 'change': 1, 'player_num': 1}
2025-11-06 16:23:21,839 : INFO : EventManager : Event: ======'player_shot_toomanyrappers_leftramp_enabled'====== Args={'value': True, 'prev_value': 0, 'change': 1, 'player_num': 1}
2025-11-06 16:23:21,840 : INFO : EventManager : Event: ======'player_shot_toomanyrappers_captiveball_enabled'====== Args={'value': True, 'prev_value': 0, 'change': 1, 'player_num': 1}
2025-11-06 16:23:21,840 : INFO : EventManager : Event: ======'player_shot_toomanyrappers_scoop_enabled'====== Args={'value': True, 'prev_value': 0, 'change': 1, 'player_num': 1}
2025-11-06 16:23:21,840 : INFO : EventManager : Event: ======'player_shot_toomanyrappers_rightramp_enabled'====== Args={'value': True, 'prev_value': 0, 'change': 1, 'player_num': 1}
2025-11-06 16:23:21,840 : INFO : EventManager : Event: ======'player_shot_toomanyrappers_rightorbit_enabled'====== Args={'value': True, 'prev_value': 0, 'change': 1, 'player_num': 1}
2025-11-06 16:23:21,840 : INFO : EventManager : Event: ======'toomanyrappers_roving_shot_complete'====== Args={'state': 'off'}
2025-11-06 16:23:21,841 : INFO : EventManager : Event: ======'toomanyrappers_roving_shot_off_complete'====== Args={}
2025-11-06 16:23:21,844 : INFO : EventManager : Event: ======'mode_toomanyrappers_starting'====== Args={}
2025-11-06 16:23:21,845 : INFO : EventManager : Event: ======'player_selected_mode'====== Args={'value': 'Too Many Rappers', 'prev_value': 0, 'change': True, 'player_num': 1, 'source': 'carousel'}
2025-11-06 16:23:21,846 : INFO : EventManager : Event: ======'mode_carousel_will_stop'====== Args={}
2025-11-06 16:23:21,846 : INFO : EventManager : Event: ======'mode_carousel_stopping'====== Args={}
2025-11-06 16:23:21,846 : INFO : blinkenlight.bl_scoop_arrow_led : Color removed with key carousel
2025-11-06 16:23:21,849 : INFO : Mode.carousel : Stopped.
2025-11-06 16:23:21,849 : INFO : EventManager : Event: ======'modes_active_modes_changed'====== Args={}
2025-11-06 16:23:21,849 : INFO : EventManager : Event: ======'mode_carousel_stopped'====== Args={}
2025-11-06 16:23:21,849 : INFO : EventManager : Event: ======'clear'====== Args={'key': 'carousel'}
2025-11-06 16:23:21,868 : INFO : EventManager : Event: ======'logicblock_load_rhymes_once_updated'====== Args={'value': 0, 'enabled': False}
2025-11-06 16:23:21,868 : INFO : EventManager : Event: ======'logicblock_spit_rhymes_once_updated'====== Args={'value': 0, 'enabled': False}
2025-11-06 16:23:21,868 : INFO : EventManager : Event: ======'logicblock_load_rhymes_twice_updated'====== Args={'value': 0, 'enabled': False}
2025-11-06 16:23:21,868 : INFO : EventManager : Event: ======'logicblock_spit_rhymes_twice_updated'====== Args={'value': 0, 'enabled': False}
2025-11-06 16:23:21,868 : INFO : Mode.toomanyrappers : Started. Priority: 1000
2025-11-06 16:23:21,868 : INFO : EventManager : Event: ======'modes_active_modes_changed'====== Args={}
2025-11-06 16:23:21,868 : INFO : EventManager : Event: ======'mode_toomanyrappers_started'====== Args={}
2025-11-06 16:23:21,870 : INFO : EventManager : Event: ======'player_mode_blocking_flag'====== Args={'value': 1, 'prev_value': 0, 'change': 1, 'player_num': 1, 'source': 'toomanyrappers'}
2025-11-06 16:23:21,870 : INFO : EventManager : Event: ======'player_toomanyrappers_rhymes_loaded'====== Args={'value': 0, 'prev_value': 0, 'change': 0, 'player_num': 1, 'source': 'toomanyrappers'}
2025-11-06 16:23:21,870 : INFO : EventManager : Event: ======'achievement_toomanyrappers_mode_changed_state'====== Args={'restore': False, 'state': 'started', 'selected': False}
2025-11-06 16:23:21,870 : INFO : EventManager : Event: ======'achievement_toomanyrappers_mode_state_started'====== Args={'restore': False, 'state': 'started', 'selected': False}
2025-11-06 16:23:21,871 : INFO : EventManager : Event: ======'player_mode_toomanyrappers_score'====== Args={'value': 0, 'prev_value': 0, 'change': 0, 'player_num': 1, 'source': 'base'}
2025-11-06 16:23:21,871 : INFO : EventManager : Event: ======'player_modes_played'====== Args={'value': 1, 'prev_value': 0, 'change': 1, 'player_num': 1, 'source': 'base'}
2025-11-06 16:23:21,871 : INFO : EventManager : Event: ======'player_battery_charged_yesorno'====== Args={'value': 0, 'prev_value': 1, 'change': -1, 'player_num': 1, 'source': 'base'}
2025-11-06 16:23:21,871 : INFO : EventManager : Event: ======'logicblock_played_modes_count_updated'====== Args={'value': 1, 'enabled': True}
2025-11-06 16:23:21,871 : INFO : EventManager : Event: ======'counter_played_modes_count_hit'====== Args={'count': 1, 'hits': 1, 'remaining': 12}
2025-11-06 16:23:21,871 : INFO : EventManager : Event: ======'logicblock_played_modes_count_hit'====== Args={'count': 1, 'hits': 1, 'remaining': 12}
2025-11-06 16:23:21,871 : INFO : Timer.toomanyrappers_intro_show : Starting Timer.
2025-11-06 16:23:21,871 : INFO : EventManager : Event: ======'timer_toomanyrappers_intro_show_started'====== Args={'ticks': 0, 'ticks_remaining': 10}
2025-11-06 16:23:21,872 : INFO : EventManager : Event: ======'timer_toomanyrappers_intro_show_tick'====== Args={'ticks': 0, 'ticks_remaining': 10}
2025-11-06 16:23:21,872 : INFO : Timer.toomanyrappers_left : Starting Timer.
2025-11-06 16:23:21,872 : INFO : EventManager : Event: ======'timer_toomanyrappers_left_started'====== Args={'ticks': 0, 'ticks_remaining': 7}
2025-11-06 16:23:21,872 : INFO : EventManager : Event: ======'timer_toomanyrappers_left_tick'====== Args={'ticks': 0, 'ticks_remaining': 7}
2025-11-06 16:23:21,884 : INFO : EventManager : Event: ======'player_toomanyrappers_intro_show_variable_times_100'====== Args={'value': 0, 'prev_value': 0, 'change': 0, 'player_num': 1, 'source': 'toomanyrappers'}
2025-11-06 16:23:21,886 : INFO : EventManager : Event: ======'slide_current_mode_highlighted_removed'====== Args={'_from_bcp': True}
2025-11-06 16:23:21,899 : INFO : EventManager : Event: ======'slide_base_removed'====== Args={'_from_bcp': True}
2025-11-06 16:23:21,900 : INFO : EventManager : Event: ======'slide_basevideo4_removed'====== Args={'_from_bcp': True}
2025-11-06 16:23:21,923 : INFO : EventManager : Event: ======'slide_toomanyrappers_created'====== Args={'_from_bcp': True}
2025-11-06 16:23:21,928 : INFO : EventManager : Event: ======'slide_toomanyrappers_instructions_created'====== Args={'_from_bcp': True}
2025-11-06 16:23:22,335 : INFO : EventManager : Event: ======'balldevice_bd_scoop_ball_count_changed'====== Args={'balls': 1}
2025-11-06 16:23:22,335 : INFO : ball_device.bd_scoop : Received unexpected ball
2025-11-06 16:23:22,337 : INFO : EventManager : Event: ======'balldevice_captured_from_playfield'====== Args={'balls': 1}
2025-11-06 16:23:22,337 : INFO : EventManager : Event: ======'sw_playfield_active'====== Args={'balls': 1}
2025-11-06 16:23:22,338 : INFO : EventManager : Event: ======'playfield_ball_count_change'====== Args={'balls': 0, 'change': -1}
2025-11-06 16:23:22,338 : INFO : EventManager : Event: ======'balldevice_bd_scoop_ball_enter'====== Args={'new_balls': 1, 'unclaimed_balls': 1, 'new_available_balls': 1, 'device': <ball_device.bd_scoop>}
2025-11-06 16:23:22,339 : INFO : EventManager : Event: ======'ball_hold_toomanyrappers_scoop_hold_held_ball'====== Args={'balls_held': 1, 'total_balls_held': 1}
2025-11-06 16:23:22,339 : INFO : EventManager : Event: ======'ball_hold_toomanyrappers_scoop_hold_full'====== Args={'balls': 1}
2025-11-06 16:23:22,339 : INFO : EventManager : Event: ======'balldevice_balls_available'====== Args={}
2025-11-06 16:23:22,340 : INFO : EventManager : Event: ======'balldevice_bd_scoop_ball_entered'====== Args={'new_balls': 1, 'device': <ball_device.bd_scoop>}
2025-11-06 16:23:22,884 : INFO : EventManager : Event: ======'player_toomanyrappers_toomanyrappers_left_tick'====== Args={'value': 1, 'prev_value': 0, 'change': 1, 'player_num': 1}
2025-11-06 16:23:22,884 : INFO : EventManager : Event: ======'timer_toomanyrappers_left_tick'====== Args={'ticks': 1, 'ticks_remaining': 6}
2025-11-06 16:23:22,885 : INFO : EventManager : Event: ======'player_toomanyrappers_toomanyrappers_intro_show_tick'====== Args={'value': 1, 'prev_value': 0, 'change': 1, 'player_num': 1}
2025-11-06 16:23:22,885 : INFO : EventManager : Event: ======'timer_toomanyrappers_intro_show_tick'====== Args={'ticks': 1, 'ticks_remaining': 9}
2025-11-06 16:23:22,890 : INFO : EventManager : Event: ======'player_toomanyrappers_intro_show_variable_times_100'====== Args={'value': 100, 'prev_value': 0, 'change': 100, 'player_num': 1, 'source': 'toomanyrappers'}
2025-11-06 16:23:23,869 : INFO : EventManager : Event: ======'player_toomanyrappers_toomanyrappers_intro_show_tick'====== Args={'value': 2, 'prev_value': 1, 'change': 1, 'player_num': 1}
2025-11-06 16:23:23,870 : INFO : EventManager : Event: ======'timer_toomanyrappers_intro_show_tick'====== Args={'ticks': 2, 'ticks_remaining': 8}
2025-11-06 16:23:23,870 : INFO : EventManager : Event: ======'player_toomanyrappers_toomanyrappers_left_tick'====== Args={'value': 2, 'prev_value': 1, 'change': 1, 'player_num': 1}
2025-11-06 16:23:23,870 : INFO : EventManager : Event: ======'timer_toomanyrappers_left_tick'====== Args={'ticks': 2, 'ticks_remaining': 5}
2025-11-06 16:23:23,873 : INFO : EventManager : Event: ======'player_toomanyrappers_intro_show_variable_times_100'====== Args={'value': 200, 'prev_value': 100, 'change': 100, 'player_num': 1, 'source': 'toomanyrappers'}
2025-11-06 16:23:24,870 : INFO : EventManager : Event: ======'player_toomanyrappers_toomanyrappers_left_tick'====== Args={'value': 3, 'prev_value': 2, 'change': 1, 'player_num': 1}
2025-11-06 16:23:24,871 : INFO : EventManager : Event: ======'timer_toomanyrappers_left_tick'====== Args={'ticks': 3, 'ticks_remaining': 4}
2025-11-06 16:23:24,871 : INFO : EventManager : Event: ======'player_toomanyrappers_toomanyrappers_intro_show_tick'====== Args={'value': 3, 'prev_value': 2, 'change': 1, 'player_num': 1}
2025-11-06 16:23:24,871 : INFO : EventManager : Event: ======'timer_toomanyrappers_intro_show_tick'====== Args={'ticks': 3, 'ticks_remaining': 7}
2025-11-06 16:23:24,877 : INFO : EventManager : Event: ======'player_toomanyrappers_intro_show_variable_times_100'====== Args={'value': 300, 'prev_value': 200, 'change': 100, 'player_num': 1, 'source': 'toomanyrappers'}
2025-11-06 16:23:25,886 : INFO : EventManager : Event: ======'player_toomanyrappers_toomanyrappers_intro_show_tick'====== Args={'value': 4, 'prev_value': 3, 'change': 1, 'player_num': 1}
2025-11-06 16:23:25,886 : INFO : EventManager : Event: ======'timer_toomanyrappers_intro_show_tick'====== Args={'ticks': 4, 'ticks_remaining': 6}
2025-11-06 16:23:25,886 : INFO : EventManager : Event: ======'player_toomanyrappers_toomanyrappers_left_tick'====== Args={'value': 4, 'prev_value': 3, 'change': 1, 'player_num': 1}
2025-11-06 16:23:25,887 : INFO : EventManager : Event: ======'timer_toomanyrappers_left_tick'====== Args={'ticks': 4, 'ticks_remaining': 3}
2025-11-06 16:23:25,889 : INFO : EventManager : Event: ======'player_toomanyrappers_intro_show_variable_times_100'====== Args={'value': 400, 'prev_value': 300, 'change': 100, 'player_num': 1, 'source': 'toomanyrappers'}
2025-11-06 16:23:26,871 : INFO : EventManager : Event: ======'player_toomanyrappers_toomanyrappers_left_tick'====== Args={'value': 5, 'prev_value': 4, 'change': 1, 'player_num': 1}
2025-11-06 16:23:26,871 : INFO : EventManager : Event: ======'timer_toomanyrappers_left_tick'====== Args={'ticks': 5, 'ticks_remaining': 2}
2025-11-06 16:23:26,872 : INFO : EventManager : Event: ======'player_toomanyrappers_toomanyrappers_intro_show_tick'====== Args={'value': 5, 'prev_value': 4, 'change': 1, 'player_num': 1}
2025-11-06 16:23:26,872 : INFO : EventManager : Event: ======'timer_toomanyrappers_intro_show_tick'====== Args={'ticks': 5, 'ticks_remaining': 5}
2025-11-06 16:23:26,877 : INFO : EventManager : Event: ======'player_toomanyrappers_intro_show_variable_times_100'====== Args={'value': 500, 'prev_value': 400, 'change': 100, 'player_num': 1, 'source': 'toomanyrappers'}
2025-11-06 16:23:27,872 : INFO : EventManager : Event: ======'player_toomanyrappers_toomanyrappers_intro_show_tick'====== Args={'value': 6, 'prev_value': 5, 'change': 1, 'player_num': 1}
2025-11-06 16:23:27,873 : INFO : EventManager : Event: ======'timer_toomanyrappers_intro_show_tick'====== Args={'ticks': 6, 'ticks_remaining': 4}
2025-11-06 16:23:27,873 : INFO : EventManager : Event: ======'player_toomanyrappers_toomanyrappers_left_tick'====== Args={'value': 6, 'prev_value': 5, 'change': 1, 'player_num': 1}
2025-11-06 16:23:27,874 : INFO : EventManager : Event: ======'timer_toomanyrappers_left_tick'====== Args={'ticks': 6, 'ticks_remaining': 1}
2025-11-06 16:23:27,877 : INFO : EventManager : Event: ======'player_toomanyrappers_intro_show_variable_times_100'====== Args={'value': 600, 'prev_value': 500, 'change': 100, 'player_num': 1, 'source': 'toomanyrappers'}
2025-11-06 16:23:28,884 : INFO : EventManager : Event: ======'player_toomanyrappers_toomanyrappers_left_tick'====== Args={'value': 7, 'prev_value': 6, 'change': 1, 'player_num': 1}
2025-11-06 16:23:28,884 : INFO : Timer.toomanyrappers_left : Timer Complete
2025-11-06 16:23:28,884 : INFO : Timer.toomanyrappers_left : Stopping Timer
2025-11-06 16:23:28,884 : INFO : EventManager : Event: ======'timer_toomanyrappers_left_stopped'====== Args={'ticks': 7, 'ticks_remaining': 1}
2025-11-06 16:23:28,886 : INFO : EventManager : Event: ======'timer_toomanyrappers_left_complete'====== Args={'ticks': 7, 'ticks_remaining': 1}
2025-11-06 16:23:28,886 : INFO : EventManager : Event: ======'player_toomanyrappers_toomanyrappers_intro_show_tick'====== Args={'value': 7, 'prev_value': 6, 'change': 1, 'player_num': 1}
2025-11-06 16:23:28,886 : INFO : EventManager : Event: ======'timer_toomanyrappers_intro_show_tick'====== Args={'ticks': 7, 'ticks_remaining': 3}
2025-11-06 16:23:28,889 : INFO : EventManager : Event: ======'player_toomanyrappers_toomanyrappers_left_tick'====== Args={'value': 0, 'prev_value': 7, 'change': -7, 'player_num': 1}
2025-11-06 16:23:28,890 : INFO : Timer.toomanyrappers_left : Starting Timer.
2025-11-06 16:23:28,890 : INFO : EventManager : Event: ======'timer_toomanyrappers_left_started'====== Args={'ticks': 0, 'ticks_remaining': 7}
2025-11-06 16:23:28,890 : INFO : EventManager : Event: ======'timer_toomanyrappers_left_tick'====== Args={'ticks': 0, 'ticks_remaining': 7}
2025-11-06 16:23:28,894 : INFO : EventManager : Event: ======'player_toomanyrappers_intro_show_variable_times_100'====== Args={'value': 700, 'prev_value': 600, 'change': 100, 'player_num': 1, 'source': 'toomanyrappers'}
2025-11-06 16:23:29,867 : INFO : EventManager : Event: ======'player_toomanyrappers_toomanyrappers_intro_show_tick'====== Args={'value': 8, 'prev_value': 7, 'change': 1, 'player_num': 1}
2025-11-06 16:23:29,868 : INFO : EventManager : Event: ======'timer_toomanyrappers_intro_show_tick'====== Args={'ticks': 8, 'ticks_remaining': 2}
2025-11-06 16:23:29,871 : INFO : EventManager : Event: ======'player_toomanyrappers_intro_show_variable_times_100'====== Args={'value': 800, 'prev_value': 700, 'change': 100, 'player_num': 1, 'source': 'toomanyrappers'}
2025-11-06 16:23:29,899 : INFO : EventManager : Event: ======'player_toomanyrappers_toomanyrappers_left_tick'====== Args={'value': 1, 'prev_value': 0, 'change': 1, 'player_num': 1}
2025-11-06 16:23:29,900 : INFO : EventManager : Event: ======'timer_toomanyrappers_left_tick'====== Args={'ticks': 1, 'ticks_remaining': 6}
2025-11-06 16:23:30,887 : INFO : EventManager : Event: ======'player_toomanyrappers_toomanyrappers_intro_show_tick'====== Args={'value': 9, 'prev_value': 8, 'change': 1, 'player_num': 1}
2025-11-06 16:23:30,888 : INFO : EventManager : Event: ======'timer_toomanyrappers_intro_show_tick'====== Args={'ticks': 9, 'ticks_remaining': 1}
2025-11-06 16:23:30,890 : INFO : EventManager : Event: ======'player_toomanyrappers_intro_show_variable_times_100'====== Args={'value': 900, 'prev_value': 800, 'change': 100, 'player_num': 1, 'source': 'toomanyrappers'}
2025-11-06 16:23:30,893 : INFO : EventManager : Event: ======'player_toomanyrappers_toomanyrappers_left_tick'====== Args={'value': 2, 'prev_value': 1, 'change': 1, 'player_num': 1}
2025-11-06 16:23:30,894 : INFO : EventManager : Event: ======'timer_toomanyrappers_left_tick'====== Args={'ticks': 2, 'ticks_remaining': 5}
2025-11-06 16:23:31,870 : INFO : EventManager : Event: ======'player_toomanyrappers_toomanyrappers_intro_show_tick'====== Args={'value': 10, 'prev_value': 9, 'change': 1, 'player_num': 1}
2025-11-06 16:23:31,871 : INFO : Timer.toomanyrappers_intro_show : Timer Complete
2025-11-06 16:23:31,871 : INFO : Timer.toomanyrappers_intro_show : Stopping Timer
2025-11-06 16:23:31,871 : INFO : EventManager : Event: ======'timer_toomanyrappers_intro_show_stopped'====== Args={'ticks': 10, 'ticks_remaining': 1}
2025-11-06 16:23:31,871 : INFO : EventManager : Event: ======'timer_toomanyrappers_intro_show_complete'====== Args={'ticks': 10, 'ticks_remaining': 1}
2025-11-06 16:23:31,874 : INFO : EventManager : Event: ======'logicblock_load_rhymes_once_updated'====== Args={'value': 0, 'enabled': True}
2025-11-06 16:23:31,874 : INFO : ball_device.bd_scoop : Adding 1 ball(s) to the eject_queue with target <playfield.playfield>.
2025-11-06 16:23:31,875 : INFO : EventManager : Event: ======'balldevice_balls_available'====== Args={}
2025-11-06 16:23:31,875 : INFO : EventManager : Event: ======'ball_hold_toomanyrappers_scoop_hold_balls_released'====== Args={'balls_released': 1}
2025-11-06 16:23:31,875 : INFO : EventManager : Event: ======'advance_toomanyrappers_rightorbit'====== Args={'priority': 0}
2025-11-06 16:23:31,876 : INFO : Timer.toomanyrappers_time_remaining : Starting Timer.
2025-11-06 16:23:31,876 : INFO : EventManager : Event: ======'timer_toomanyrappers_time_remaining_started'====== Args={'ticks': 60, 'ticks_remaining': 60}
2025-11-06 16:23:31,876 : INFO : EventManager : Event: ======'timer_toomanyrappers_time_remaining_tick'====== Args={'ticks': 60, 'ticks_remaining': 60}
2025-11-06 16:23:31,876 : INFO : EventManager : Event: ======'player_shot_toomanyrappers_rightorbit'====== Args={'value': 1, 'prev_value': 0, 'change': 1, 'player_num': 1}
2025-11-06 16:23:31,876 : INFO : EventManager : Event: ======'player_toomanyrappers_time_remaining_variable_times_1'====== Args={'value': 60, 'prev_value': 0, 'change': 60, 'player_num': 1, 'source': 'toomanyrappers'}
2025-11-06 16:23:31,880 : INFO : ball_device.bd_scoop : State: waiting_for_target_ready
2025-11-06 16:23:31,882 : INFO : EventManager : Event: ======'balldevice_bd_scoop_ball_eject_attempt'====== Args={'balls': 1, 'target': <playfield.playfield>, 'source': <ball_device.bd_scoop>, 'mechanical_eject': False, 'num_attempts': 0}
2025-11-06 16:23:31,882 : INFO : ball_device.bd_scoop : State: ejecting
2025-11-06 16:23:31,883 : INFO : ball_device.bd_scoop : Ejecting ball to <playfield.playfield>
2025-11-06 16:23:31,883 : INFO : EventManager : Event: ======'balldevice_bd_scoop_ejecting_ball'====== Args={'balls': 1, 'target': <playfield.playfield>, 'source': <ball_device.bd_scoop>, 'mechanical_eject': False, 'num_attempts': 0}
2025-11-06 16:23:31,884 : INFO : ball_device.bd_scoop : Wait for ball to leave device
2025-11-06 16:23:31,884 : INFO : coil.c_scoop_eject : Pulsing Driver for 25ms (1.0 pulse_power)
2025-11-06 16:23:31,884 : INFO : SwitchController : <<<<<<< 's_scoop' inactive >>>>>>>
2025-11-06 16:23:31,888 : INFO : EventManager : Event: ======'slide_toomanyrappers_instructions_removed'====== Args={'_from_bcp': True}
2025-11-06 16:23:31,889 : INFO : EventManager : Event: ======'slide_toomanyrappers_rhymes_counter_created'====== Args={'_from_bcp': True}
2025-11-06 16:23:31,889 : INFO : ball_device.bd_scoop : State: ball_left
2025-11-06 16:23:31,889 : INFO : ball_device.bd_scoop : Ball left
2025-11-06 16:23:31,890 : INFO : ball_device.bd_scoop : Wait for confirm with timeout 3.0
2025-11-06 16:23:31,890 : INFO : EventManager : Event: ======'player_toomanyrappers_toomanyrappers_left_tick'====== Args={'value': 3, 'prev_value': 2, 'change': 1, 'player_num': 1}
2025-11-06 16:23:31,890 : INFO : EventManager : Event: ======'timer_toomanyrappers_left_tick'====== Args={'ticks': 3, 'ticks_remaining': 4}
2025-11-06 16:23:31,898 : INFO : EventManager : Event: ======'slide_toomanyrappers_display_timer_created'====== Args={'_from_bcp': True}
2025-11-06 16:23:32,870 : INFO : EventManager : Event: ======'player_toomanyrappers_toomanyrappers_time_remaining_tick'====== Args={'value': 59, 'prev_value': 60, 'change': -1, 'player_num': 1}
2025-11-06 16:23:32,871 : INFO : EventManager : Event: ======'timer_toomanyrappers_time_remaining_tick'====== Args={'ticks': 59, 'ticks_remaining': 59}
2025-11-06 16:23:32,875 : INFO : EventManager : Event: ======'player_toomanyrappers_time_remaining_variable_times_1'====== Args={'value': 59, 'prev_value': 60, 'change': -1, 'player_num': 1, 'source': 'toomanyrappers'}
2025-11-06 16:23:32,902 : INFO : EventManager : Event: ======'player_toomanyrappers_toomanyrappers_left_tick'====== Args={'value': 4, 'prev_value': 3, 'change': 1, 'player_num': 1}
2025-11-06 16:23:32,903 : INFO : EventManager : Event: ======'timer_toomanyrappers_left_tick'====== Args={'ticks': 4, 'ticks_remaining': 3}
2025-11-06 16:23:33,867 : INFO : EventManager : Event: ======'player_toomanyrappers_toomanyrappers_time_remaining_tick'====== Args={'value': 58, 'prev_value': 59, 'change': -1, 'player_num': 1}
2025-11-06 16:23:33,868 : INFO : EventManager : Event: ======'timer_toomanyrappers_time_remaining_tick'====== Args={'ticks': 58, 'ticks_remaining': 58}
2025-11-06 16:23:33,872 : INFO : EventManager : Event: ======'player_toomanyrappers_time_remaining_variable_times_1'====== Args={'value': 58, 'prev_value': 59, 'change': -1, 'player_num': 1, 'source': 'toomanyrappers'}
2025-11-06 16:23:33,899 : INFO : EventManager : Event: ======'player_toomanyrappers_toomanyrappers_left_tick'====== Args={'value': 5, 'prev_value': 4, 'change': 1, 'player_num': 1}
2025-11-06 16:23:33,900 : INFO : EventManager : Event: ======'timer_toomanyrappers_left_tick'====== Args={'ticks': 5, 'ticks_remaining': 2}
2025-11-06 16:23:34,390 : INFO : SwitchController : <<<<<<< 's_right_orbit' active >>>>>>>
2025-11-06 16:23:34,390 : INFO : EventManager : Event: ======'s_right_orbit_active'====== Args={}
2025-11-06 16:23:34,391 : INFO : EventManager : Event: ======'machine_var_audits_switches_s_right_orbit'====== Args={'value': 178, 'prev_value': 177, 'change': 1}
2025-11-06 16:23:34,392 : INFO : EventManager : Event: ======'player_score'====== Args={'value': 47930, 'prev_value': 47820, 'change': 110, 'player_num': 1, 'source': 'base'}
2025-11-06 16:23:34,470 : INFO : SwitchController : <<<<<<< 's_right_orbit' inactive >>>>>>>
2025-11-06 16:23:34,884 : INFO : EventManager : Event: ======'player_toomanyrappers_toomanyrappers_time_remaining_tick'====== Args={'value': 57, 'prev_value': 58, 'change': -1, 'player_num': 1}
2025-11-06 16:23:34,885 : INFO : EventManager : Event: ======'timer_toomanyrappers_time_remaining_tick'====== Args={'ticks': 57, 'ticks_remaining': 57}
2025-11-06 16:23:34,889 : INFO : EventManager : Event: ======'player_toomanyrappers_time_remaining_variable_times_1'====== Args={'value': 57, 'prev_value': 58, 'change': -1, 'player_num': 1, 'source': 'toomanyrappers'}
2025-11-06 16:23:34,893 : INFO : EventManager : Event: ======'player_toomanyrappers_toomanyrappers_left_tick'====== Args={'value': 6, 'prev_value': 5, 'change': 1, 'player_num': 1}
2025-11-06 16:23:34,893 : INFO : EventManager : Event: ======'timer_toomanyrappers_left_tick'====== Args={'ticks': 6, 'ticks_remaining': 1}
2025-11-06 16:23:34,899 : INFO : ball_device.bd_scoop : State: failed_confirm
2025-11-06 16:23:34,899 : INFO : ball_device.bd_scoop : Got timeout (3.0s) before confirm from <playfield.playfield>
2025-11-06 16:23:34,993 : INFO : ball_device.bd_scoop : Confirming eject because target is playfield and ball did not return.
2025-11-06 16:23:34,993 : INFO : ball_device.bd_scoop : Eject successful
2025-11-06 16:23:34,993 : INFO : EventManager : Event: ======'balldevice_bd_scoop_ball_eject_success'====== Args={'balls': 1, 'target': <playfield.playfield>}
2025-11-06 16:23:34,994 : INFO : EventManager : Event: ======'balldevice_playfield_ball_enter'====== Args={'new_balls': 1, 'unclaimed_balls': 1, 'device': <playfield.playfield>}
2025-11-06 16:23:34,994 : INFO : EventManager : Event: ======'playfield_ball_count_change'====== Args={'balls': 1, 'change': 1}
2025-11-06 16:23:34,995 : INFO : EventManager : Event: ======'balldevice_bd_scoop_ball_count_changed'====== Args={'balls': 0}
2025-11-06 16:23:34,995 : INFO : ball_device.bd_scoop : State: idle
2025-11-06 16:23:35,324 : INFO : SwitchController : <<<<<<< 's_left_orbit' active >>>>>>>
2025-11-06 16:23:35,324 : INFO : EventManager : Event: ======'s_left_orbit_active'====== Args={}
2025-11-06 16:23:35,324 : INFO : EventManager : Event: ======'machine_var_audits_switches_s_left_orbit'====== Args={'value': 142, 'prev_value': 141, 'change': 1}
2025-11-06 16:23:35,325 : INFO : EventManager : Event: ======'player_score'====== Args={'value': 48040, 'prev_value': 47930, 'change': 110, 'player_num': 1, 'source': 'base'}
2025-11-06 16:23:35,325 : INFO : EventManager : Event: ======'right_orbit_sequence_hit'====== Args={'elapsed': 0.9219999999913853}
2025-11-06 16:23:35,328 : INFO : EventManager : Event: ======'machine_var_audits_shots_right_orbit'====== Args={'value': 35, 'prev_value': 34, 'change': 1}
2025-11-06 16:23:35,328 : INFO : EventManager : Event: ======'right_orbit_hit'====== Args={'profile': 'base_shot_profile', 'state': 'off', 'advancing': False}
2025-11-06 16:23:35,328 : INFO : EventManager : Event: ======'right_orbit_base_shot_profile_hit'====== Args={'profile': 'base_shot_profile', 'state': 'off', 'advancing': False}
2025-11-06 16:23:35,328 : INFO : EventManager : Event: ======'right_orbit_base_shot_profile_off_hit'====== Args={'profile': 'base_shot_profile', 'state': 'off', 'advancing': False}
2025-11-06 16:23:35,328 : INFO : EventManager : Event: ======'right_orbit_off_hit'====== Args={'profile': 'base_shot_profile', 'state': 'off', 'advancing': False}
2025-11-06 16:23:35,329 : INFO : EventManager : Event: ======'machine_var_audits_shots_toomanyrappers_rightorbit'====== Args={'value': 6, 'prev_value': 5, 'change': 1}
2025-11-06 16:23:35,329 : INFO : EventManager : Event: ======'toomanyrappers_rightorbit_hit'====== Args={'profile': 'toomanyrappers_roving_shot', 'state': 'lit', 'advancing': False}
2025-11-06 16:23:35,329 : INFO : EventManager : Event: ======'toomanyrappers_rightorbit_toomanyrappers_roving_shot_hit'====== Args={'profile': 'toomanyrappers_roving_shot', 'state': 'lit', 'advancing': False}
2025-11-06 16:23:35,329 : INFO : EventManager : Event: ======'toomanyrappers_rightorbit_toomanyrappers_roving_shot_lit_hit'====== Args={'profile': 'toomanyrappers_roving_shot', 'state': 'lit', 'advancing': False}
2025-11-06 16:23:35,329 : INFO : EventManager : Event: ======'toomanyrappers_rightorbit_lit_hit'====== Args={'profile': 'toomanyrappers_roving_shot', 'state': 'lit', 'advancing': False}
2025-11-06 16:23:35,329 : INFO : EventManager : Event: ======'player_score'====== Args={'value': 49050, 'prev_value': 48040, 'change': 1010, 'player_num': 1, 'source': 'base'}
2025-11-06 16:23:35,329 : INFO : EventManager : Event: ======'toomanyrappers_roving_shot_hit'====== Args={'shot': 'toomanyrappers_rightorbit'}
2025-11-06 16:23:35,329 : INFO : EventManager : Event: ======'toomanyrappers_roving_shot_lit_hit'====== Args={'shot': 'toomanyrappers_rightorbit'}
2025-11-06 16:23:35,330 : INFO : EventManager : Event: ======'increase_rhymes'====== Args={'priority': 0}
2025-11-06 16:23:35,330 : INFO : EventManager : Event: ======'logicblock_load_rhymes_once_updated'====== Args={'value': 1, 'enabled': True}
2025-11-06 16:23:35,330 : INFO : EventManager : Event: ======'logicblock_load_rhymes_once_hit'====== Args={'step': 1}
2025-11-06 16:23:35,330 : INFO : EventManager : Event: ======'enable_spit_rhymes_once'====== Args={}
2025-11-06 16:23:35,330 : INFO : EventManager : Event: ======'logicblock_load_rhymes_once_updated'====== Args={'value': 1, 'enabled': False}
2025-11-06 16:23:35,330 : INFO : EventManager : Event: ======'add_toomanyrappers_time_7s'====== Args={'priority': 0}
2025-11-06 16:23:35,330 : INFO : EventManager : Event: ======'player_score'====== Args={'value': 149050, 'prev_value': 49050, 'change': 100000, 'player_num': 1, 'source': 'toomanyrappers'}
2025-11-06 16:23:35,330 : INFO : EventManager : Event: ======'player_mode_toomanyrappers_score'====== Args={'value': 100000, 'prev_value': 0, 'change': 100000, 'player_num': 1, 'source': 'toomanyrappers'}
2025-11-06 16:23:35,331 : INFO : EventManager : Event: ======'player_toomanyrappers_rhymes_loaded'====== Args={'value': 1, 'prev_value': 0, 'change': 1, 'player_num': 1, 'source': 'toomanyrappers'}
2025-11-06 16:23:35,331 : INFO : EventManager : Event: ======'player_toomanyrappers_toomanyrappers_time_remaining_tick'====== Args={'value': 64, 'prev_value': 57, 'change': 7, 'player_num': 1}
2025-11-06 16:23:35,331 : INFO : EventManager : Event: ======'timer_toomanyrappers_time_remaining_time_added'====== Args={'ticks': 64, 'ticks_added': 57, 'ticks_remaining': 57}
2025-11-06 16:23:35,341 : INFO : EventManager : Event: ======'logicblock_spit_rhymes_once_updated'====== Args={'value': 0, 'enabled': True}
2025-11-06 16:23:35,341 : INFO : blinkenlight.bl_lowerpop_smallarrow_led : Color (255, 165, 0) with key toomanyrappers added
2025-11-06 16:23:35,341 : INFO : blinkenlight.bl_lowerrightpop_inside_led : Color (255, 165, 0) with key toomanyrappers added
2025-11-06 16:23:35,342 : INFO : blinkenlight.bl_lowerrightpop_inside2_led : Color (255, 165, 0) with key toomanyrappers added
2025-11-06 16:23:35,423 : INFO : SwitchController : <<<<<<< 's_left_orbit' inactive >>>>>>>
2025-11-06 16:23:35,872 : INFO : EventManager : Event: ======'player_toomanyrappers_toomanyrappers_time_remaining_tick'====== Args={'value': 63, 'prev_value': 64, 'change': -1, 'player_num': 1}
2025-11-06 16:23:35,873 : INFO : EventManager : Event: ======'timer_toomanyrappers_time_remaining_tick'====== Args={'ticks': 63, 'ticks_remaining': 63}
2025-11-06 16:23:35,877 : INFO : EventManager : Event: ======'player_toomanyrappers_time_remaining_variable_times_1'====== Args={'value': 63, 'prev_value': 57, 'change': 6, 'player_num': 1, 'source': 'toomanyrappers'}
2025-11-06 16:23:35,903 : INFO : EventManager : Event: ======'player_toomanyrappers_toomanyrappers_left_tick'====== Args={'value': 7, 'prev_value': 6, 'change': 1, 'player_num': 1}
2025-11-06 16:23:35,904 : INFO : Timer.toomanyrappers_left : Timer Complete
2025-11-06 16:23:35,904 : INFO : Timer.toomanyrappers_left : Stopping Timer
2025-11-06 16:23:35,904 : INFO : EventManager : Event: ======'timer_toomanyrappers_left_stopped'====== Args={'ticks': 7, 'ticks_remaining': 1}
2025-11-06 16:23:35,904 : INFO : EventManager : Event: ======'timer_toomanyrappers_left_complete'====== Args={'ticks': 7, 'ticks_remaining': 1}
2025-11-06 16:23:35,908 : INFO : EventManager : Event: ======'player_shot_toomanyrappers_rightorbit'====== Args={'value': 0, 'prev_value': 1, 'change': -1, 'player_num': 1}
2025-11-06 16:23:35,908 : INFO : EventManager : Event: ======'player_shot_toomanyrappers_rightramp'====== Args={'value': 1, 'prev_value': 0, 'change': 1, 'player_num': 1}
2025-11-06 16:23:35,908 : INFO : EventManager : Event: ======'player_toomanyrappers_toomanyrappers_left_tick'====== Args={'value': 0, 'prev_value': 7, 'change': -7, 'player_num': 1}
2025-11-06 16:23:35,908 : INFO : Timer.toomanyrappers_left : Starting Timer.
2025-11-06 16:23:35,908 : INFO : EventManager : Event: ======'timer_toomanyrappers_left_started'====== Args={'ticks': 0, 'ticks_remaining': 7}
2025-11-06 16:23:35,910 : INFO : EventManager : Event: ======'timer_toomanyrappers_left_tick'====== Args={'ticks': 0, 'ticks_remaining': 7}
2025-11-06 16:23:36,885 : INFO : EventManager : Event: ======'player_toomanyrappers_toomanyrappers_time_remaining_tick'====== Args={'value': 62, 'prev_value': 63, 'change': -1, 'player_num': 1}
2025-11-06 16:23:36,887 : INFO : EventManager : Event: ======'timer_toomanyrappers_time_remaining_tick'====== Args={'ticks': 62, 'ticks_remaining': 62}
2025-11-06 16:23:36,890 : INFO : EventManager : Event: ======'player_toomanyrappers_time_remaining_variable_times_1'====== Args={'value': 62, 'prev_value': 63, 'change': -1, 'player_num': 1, 'source': 'toomanyrappers'}
2025-11-06 16:23:36,916 : INFO : EventManager : Event: ======'player_toomanyrappers_toomanyrappers_left_tick'====== Args={'value': 1, 'prev_value': 0, 'change': 1, 'player_num': 1}
2025-11-06 16:23:36,917 : INFO : EventManager : Event: ======'timer_toomanyrappers_left_tick'====== Args={'ticks': 1, 'ticks_remaining': 6}
2025-11-06 16:23:37,414 : INFO : EventManager : Event: ======'right_orbit_backdoor_sequence_timeout'====== Args={}
2025-11-06 16:23:37,881 : INFO : EventManager : Event: ======'player_toomanyrappers_toomanyrappers_time_remaining_tick'====== Args={'value': 61, 'prev_value': 62, 'change': -1, 'player_num': 1}
2025-11-06 16:23:37,882 : INFO : EventManager : Event: ======'timer_toomanyrappers_time_remaining_tick'====== Args={'ticks': 61, 'ticks_remaining': 61}
2025-11-06 16:23:37,884 : INFO : EventManager : Event: ======'player_toomanyrappers_time_remaining_variable_times_1'====== Args={'value': 61, 'prev_value': 62, 'change': -1, 'player_num': 1, 'source': 'toomanyrappers'}
2025-11-06 16:23:37,913 : INFO : EventManager : Event: ======'player_toomanyrappers_toomanyrappers_left_tick'====== Args={'value': 2, 'prev_value': 1, 'change': 1, 'player_num': 1}
2025-11-06 16:23:37,914 : INFO : EventManager : Event: ======'timer_toomanyrappers_left_tick'====== Args={'ticks': 2, 'ticks_remaining': 5}
2025-11-06 16:23:38,319 : INFO : EventManager : Event: ======'left_orbit_backdoor_sequence_timeout'====== Args={}
2025-11-06 16:23:38,319 : INFO : EventManager : Event: ======'left_orbit_sequence_timeout'====== Args={}
2025-11-06 16:23:38,351 : INFO : EventManager : Event: ======'right_orbit_to_left_ramp_combo_timeout'====== Args={}
2025-11-06 16:23:38,352 : INFO : EventManager : Event: ======'right_orbit_to_left_orbit_combo_timeout'====== Args={}
2025-11-06 16:23:38,352 : INFO : EventManager : Event: ======'right_orbit_to_right_ramp_combo_timeout'====== Args={}
2025-11-06 16:23:38,352 : INFO : EventManager : Event: ======'right_orbit_to_inner_loop_combo_timeout'====== Args={}
2025-11-06 16:23:38,352 : INFO : EventManager : Event: ======'right_orbit_to_captive_ball_combo_timeout'====== Args={}
2025-11-06 16:23:38,883 : INFO : EventManager : Event: ======'player_toomanyrappers_toomanyrappers_time_remaining_tick'====== Args={'value': 60, 'prev_value': 61, 'change': -1, 'player_num': 1}
2025-11-06 16:23:38,884 : INFO : EventManager : Event: ======'timer_toomanyrappers_time_remaining_tick'====== Args={'ticks': 60, 'ticks_remaining': 60}
2025-11-06 16:23:38,888 : INFO : EventManager : Event: ======'player_toomanyrappers_time_remaining_variable_times_1'====== Args={'value': 60, 'prev_value': 61, 'change': -1, 'player_num': 1, 'source': 'toomanyrappers'}
2025-11-06 16:23:38,915 : INFO : EventManager : Event: ======'player_toomanyrappers_toomanyrappers_left_tick'====== Args={'value': 3, 'prev_value': 2, 'change': 1, 'player_num': 1}
2025-11-06 16:23:38,916 : INFO : EventManager : Event: ======'timer_toomanyrappers_left_tick'====== Args={'ticks': 3, 'ticks_remaining': 4}
2025-11-06 16:23:39,745 : INFO : SwitchController : <<<<<<< 's_right_ramp' active >>>>>>>
2025-11-06 16:23:39,745 : INFO : EventManager : Event: ======'s_right_ramp_active'====== Args={}
2025-11-06 16:23:39,745 : INFO : EventManager : Event: ======'machine_var_audits_switches_s_right_ramp'====== Args={'value': 681, 'prev_value': 680, 'change': 1}
2025-11-06 16:23:39,749 : INFO : EventManager : Event: ======'machine_var_audits_shots_right_ramp'====== Args={'value': 533, 'prev_value': 532, 'change': 1}
2025-11-06 16:23:39,749 : INFO : EventManager : Event: ======'right_ramp_hit'====== Args={'profile': 'base_shot_profile', 'state': 'off', 'advancing': False}
2025-11-06 16:23:39,750 : INFO : EventManager : Event: ======'right_ramp_base_shot_profile_hit'====== Args={'profile': 'base_shot_profile', 'state': 'off', 'advancing': False}
2025-11-06 16:23:39,750 : INFO : EventManager : Event: ======'right_ramp_base_shot_profile_off_hit'====== Args={'profile': 'base_shot_profile', 'state': 'off', 'advancing': False}
2025-11-06 16:23:39,750 : INFO : EventManager : Event: ======'right_ramp_off_hit'====== Args={'profile': 'base_shot_profile', 'state': 'off', 'advancing': False}
2025-11-06 16:23:39,750 : INFO : EventManager : Event: ======'machine_var_audits_shots_toomanyrappers_rightramp'====== Args={'value': 54, 'prev_value': 53, 'change': 1}
2025-11-06 16:23:39,750 : INFO : EventManager : Event: ======'toomanyrappers_rightramp_hit'====== Args={'profile': 'toomanyrappers_roving_shot', 'state': 'lit', 'advancing': False}
2025-11-06 16:23:39,751 : INFO : EventManager : Event: ======'toomanyrappers_rightramp_toomanyrappers_roving_shot_hit'====== Args={'profile': 'toomanyrappers_roving_shot', 'state': 'lit', 'advancing': False}
2025-11-06 16:23:39,751 : INFO : EventManager : Event: ======'toomanyrappers_rightramp_toomanyrappers_roving_shot_lit_hit'====== Args={'profile': 'toomanyrappers_roving_shot', 'state': 'lit', 'advancing': False}
2025-11-06 16:23:39,751 : INFO : EventManager : Event: ======'toomanyrappers_rightramp_lit_hit'====== Args={'profile': 'toomanyrappers_roving_shot', 'state': 'lit', 'advancing': False}
2025-11-06 16:23:39,751 : INFO : EventManager : Event: ======'player_score'====== Args={'value': 152060, 'prev_value': 149050, 'change': 3010, 'player_num': 1, 'source': 'base'}
2025-11-06 16:23:39,751 : INFO : EventManager : Event: ======'toomanyrappers_roving_shot_hit'====== Args={'shot': 'toomanyrappers_rightramp'}
2025-11-06 16:23:39,751 : INFO : EventManager : Event: ======'toomanyrappers_roving_shot_lit_hit'====== Args={'shot': 'toomanyrappers_rightramp'}
2025-11-06 16:23:39,751 : INFO : EventManager : Event: ======'increase_rhymes'====== Args={'priority': 0}
2025-11-06 16:23:39,752 : INFO : EventManager : Event: ======'add_toomanyrappers_time_7s'====== Args={'priority': 0}
2025-11-06 16:23:39,752 : INFO : EventManager : Event: ======'player_score'====== Args={'value': 252060, 'prev_value': 152060, 'change': 100000, 'player_num': 1, 'source': 'toomanyrappers'}
2025-11-06 16:23:39,752 : INFO : EventManager : Event: ======'player_mode_toomanyrappers_score'====== Args={'value': 200000, 'prev_value': 100000, 'change': 100000, 'player_num': 1, 'source': 'toomanyrappers'}
2025-11-06 16:23:39,752 : INFO : EventManager : Event: ======'player_toomanyrappers_rhymes_loaded'====== Args={'value': 2, 'prev_value': 1, 'change': 1, 'player_num': 1, 'source': 'toomanyrappers'}
2025-11-06 16:23:39,752 : INFO : EventManager : Event: ======'player_toomanyrappers_toomanyrappers_time_remaining_tick'====== Args={'value': 67, 'prev_value': 60, 'change': 7, 'player_num': 1}
2025-11-06 16:23:39,752 : INFO : EventManager : Event: ======'timer_toomanyrappers_time_remaining_time_added'====== Args={'ticks': 67, 'ticks_added': 60, 'ticks_remaining': 60}
2025-11-06 16:23:39,821 : INFO : SwitchController : <<<<<<< 's_right_ramp' inactive >>>>>>>
2025-11-06 16:23:39,882 : INFO : EventManager : Event: ======'player_toomanyrappers_toomanyrappers_time_remaining_tick'====== Args={'value': 66, 'prev_value': 67, 'change': -1, 'player_num': 1}
2025-11-06 16:23:39,883 : INFO : EventManager : Event: ======'timer_toomanyrappers_time_remaining_tick'====== Args={'ticks': 66, 'ticks_remaining': 66}
2025-11-06 16:23:39,885 : INFO : EventManager : Event: ======'player_toomanyrappers_time_remaining_variable_times_1'====== Args={'value': 66, 'prev_value': 60, 'change': 6, 'player_num': 1, 'source': 'toomanyrappers'}
2025-11-06 16:23:39,928 : INFO : EventManager : Event: ======'player_toomanyrappers_toomanyrappers_left_tick'====== Args={'value': 4, 'prev_value': 3, 'change': 1, 'player_num': 1}
2025-11-06 16:23:39,931 : INFO : EventManager : Event: ======'timer_toomanyrappers_left_tick'====== Args={'ticks': 4, 'ticks_remaining': 3}
2025-11-06 16:23:40,863 : INFO : EventManager : Event: ======'player_toomanyrappers_toomanyrappers_time_remaining_tick'====== Args={'value': 65, 'prev_value': 66, 'change': -1, 'player_num': 1}
2025-11-06 16:23:40,864 : INFO : EventManager : Event: ======'timer_toomanyrappers_time_remaining_tick'====== Args={'ticks': 65, 'ticks_remaining': 65}
2025-11-06 16:23:40,867 : INFO : EventManager : Event: ======'player_toomanyrappers_time_remaining_variable_times_1'====== Args={'value': 65, 'prev_value': 66, 'change': -1, 'player_num': 1, 'source': 'toomanyrappers'}
2025-11-06 16:23:40,911 : INFO : EventManager : Event: ======'player_toomanyrappers_toomanyrappers_left_tick'====== Args={'value': 5, 'prev_value': 4, 'change': 1, 'player_num': 1}
2025-11-06 16:23:40,911 : INFO : EventManager : Event: ======'timer_toomanyrappers_left_tick'====== Args={'ticks': 5, 'ticks_remaining': 2}
2025-11-06 16:23:41,473 : INFO : SwitchController : <<<<<<< 's_right_lower_pop' active >>>>>>>
2025-11-06 16:23:41,473 : INFO : EventManager : Event: ======'s_right_lower_pop_active'====== Args={}
2025-11-06 16:23:41,473 : INFO : EventManager : Event: ======'machine_var_audits_switches_s_right_lower_pop'====== Args={'value': 1564, 'prev_value': 1563, 'change': 1}
2025-11-06 16:23:41,475 : INFO : EventManager : Event: ======'machine_var_audits_shots_pop3'====== Args={'value': 812, 'prev_value': 811, 'change': 1}
2025-11-06 16:23:41,475 : INFO : EventManager : Event: ======'pop3_hit'====== Args={'profile': 'base_shot_profile', 'state': 'off', 'advancing': False}
2025-11-06 16:23:41,475 : INFO : EventManager : Event: ======'pop3_base_shot_profile_hit'====== Args={'profile': 'base_shot_profile', 'state': 'off', 'advancing': False}
2025-11-06 16:23:41,475 : INFO : EventManager : Event: ======'pop3_base_shot_profile_off_hit'====== Args={'profile': 'base_shot_profile', 'state': 'off', 'advancing': False}
2025-11-06 16:23:41,475 : INFO : EventManager : Event: ======'pop3_off_hit'====== Args={'profile': 'base_shot_profile', 'state': 'off', 'advancing': False}
2025-11-06 16:23:41,475 : INFO : EventManager : Event: ======'player_score'====== Args={'value': 253170, 'prev_value': 252060, 'change': 1110, 'player_num': 1, 'source': 'base'}
2025-11-06 16:23:41,476 : INFO : EventManager : Event: ======'logicblock_spit_rhymes_once_updated'====== Args={'value': 1, 'enabled': True}
2025-11-06 16:23:41,476 : INFO : EventManager : Event: ======'logicblock_spit_rhymes_once_hit'====== Args={'step': 1}
2025-11-06 16:23:41,476 : INFO : EventManager : Event: ======'enable_load_rhymes_twice'====== Args={}
2025-11-06 16:23:41,476 : INFO : EventManager : Event: ======'logicblock_spit_rhymes_once_updated'====== Args={'value': 0, 'enabled': True}
2025-11-06 16:23:41,476 : INFO : EventManager : Event: ======'logicblock_spit_rhymes_once_updated'====== Args={'value': 0, 'enabled': False}
2025-11-06 16:23:41,476 : INFO : EventManager : Event: ======'player_shot_toomanyrappers_rightramp'====== Args={'value': 0, 'prev_value': 1, 'change': -1, 'player_num': 1}
2025-11-06 16:23:41,477 : INFO : EventManager : Event: ======'advance_toomanyrappers_rightorbit'====== Args={'priority': 0}
2025-11-06 16:23:41,477 : INFO : EventManager : Event: ======'player_score'====== Args={'value': 10253170, 'prev_value': 253170, 'change': 10000000, 'player_num': 1, 'source': 'toomanyrappers'}
2025-11-06 16:23:41,477 : INFO : EventManager : Event: ======'player_mode_toomanyrappers_score'====== Args={'value': 10200000, 'prev_value': 200000, 'change': 10000000, 'player_num': 1, 'source': 'toomanyrappers'}
2025-11-06 16:23:41,477 : INFO : EventManager : Event: ======'player_toomanyrappers_rhymes_loaded'====== Args={'value': 0, 'prev_value': 2, 'change': -2, 'player_num': 1, 'source': 'toomanyrappers'}
2025-11-06 16:23:41,477 : INFO : blinkenlight.bl_lowerpop_smallarrow_led : Color (0, 0, 0) with key toomanyrappers added
2025-11-06 16:23:41,477 : INFO : blinkenlight.bl_lowerrightpop_inside_led : Color (0, 0, 0) with key toomanyrappers added
2025-11-06 16:23:41,478 : INFO : blinkenlight.bl_lowerrightpop_inside2_led : Color (0, 0, 0) with key toomanyrappers added
2025-11-06 16:23:41,478 : INFO : EventManager : Event: ======'logicblock_load_rhymes_once_updated'====== Args={'value': 1, 'enabled': False}
2025-11-06 16:23:41,478 : INFO : EventManager : Event: ======'player_toomanyrappers_toomanyrappers_left_tick'====== Args={'value': 0, 'prev_value': 5, 'change': -5, 'player_num': 1}
2025-11-06 16:23:41,478 : INFO : EventManager : Event: ======'timer_toomanyrappers_left_tick'====== Args={'ticks': 0, 'ticks_remaining': 7}
2025-11-06 16:23:41,479 : INFO : EventManager : Event: ======'toomanyrappers_roving_shot_complete'====== Args={'state': 'off'}
2025-11-06 16:23:41,479 : INFO : EventManager : Event: ======'toomanyrappers_roving_shot_off_complete'====== Args={}
2025-11-06 16:23:41,482 : INFO : EventManager : Event: ======'player_shot_toomanyrappers_rightorbit'====== Args={'value': 1, 'prev_value': 0, 'change': 1, 'player_num': 1}
2025-11-06 16:23:41,496 : INFO : EventManager : Event: ======'logicblock_load_rhymes_twice_updated'====== Args={'value': 0, 'enabled': True}
2025-11-06 16:23:41,568 : INFO : SwitchController : <<<<<<< 's_right_lower_pop' inactive >>>>>>>
2025-11-06 16:23:41,878 : INFO : EventManager : Event: ======'player_toomanyrappers_toomanyrappers_time_remaining_tick'====== Args={'value': 64, 'prev_value': 65, 'change': -1, 'player_num': 1}
2025-11-06 16:23:41,879 : INFO : EventManager : Event: ======'timer_toomanyrappers_time_remaining_tick'====== Args={'ticks': 64, 'ticks_remaining': 64}
2025-11-06 16:23:41,882 : INFO : EventManager : Event: ======'player_toomanyrappers_time_remaining_variable_times_1'====== Args={'value': 64, 'prev_value': 65, 'change': -1, 'player_num': 1, 'source': 'toomanyrappers'}
2025-11-06 16:23:42,454 : INFO : EventManager : Event: ======'player_toomanyrappers_toomanyrappers_left_tick'====== Args={'value': 1, 'prev_value': 0, 'change': 1, 'player_num': 1}
2025-11-06 16:23:42,455 : INFO : EventManager : Event: ======'timer_toomanyrappers_left_tick'====== Args={'ticks': 1, 'ticks_remaining': 6}
2025-11-06 16:23:42,733 : INFO : EventManager : Event: ======'right_ramp_to_left_orbit_combo_timeout'====== Args={}
2025-11-06 16:23:42,735 : INFO : EventManager : Event: ======'right_ramp_to_inner_loop_combo_timeout'====== Args={}
2025-11-06 16:23:42,735 : INFO : EventManager : Event: ======'right_ramp_to_right_orbit_combo_timeout'====== Args={}
2025-11-06 16:23:42,735 : INFO : EventManager : Event: ======'right_ramp_to_left_ramp_combo_timeout'====== Args={}
2025-11-06 16:23:42,735 : INFO : EventManager : Event: ======'right_ramp_to_captive_ball_combo_timeout'====== Args={}
2025-11-06 16:23:42,860 : INFO : EventManager : Event: ======'player_toomanyrappers_toomanyrappers_time_remaining_tick'====== Args={'value': 63, 'prev_value': 64, 'change': -1, 'player_num': 1}
2025-11-06 16:23:42,861 : INFO : EventManager : Event: ======'timer_toomanyrappers_time_remaining_tick'====== Args={'ticks': 63, 'ticks_remaining': 63}
2025-11-06 16:23:42,864 : INFO : EventManager : Event: ======'player_toomanyrappers_time_remaining_variable_times_1'====== Args={'value': 63, 'prev_value': 64, 'change': -1, 'player_num': 1, 'source': 'toomanyrappers'}
2025-11-06 16:23:42,971 : INFO : SwitchController : <<<<<<< 's_right_orbit' active >>>>>>>
2025-11-06 16:23:42,971 : INFO : EventManager : Event: ======'s_right_orbit_active'====== Args={}
2025-11-06 16:23:42,972 : INFO : EventManager : Event: ======'machine_var_audits_switches_s_right_orbit'====== Args={'value': 179, 'prev_value': 178, 'change': 1}
2025-11-06 16:23:42,972 : INFO : EventManager : Event: ======'player_score'====== Args={'value': 10253280, 'prev_value': 10253170, 'change': 110, 'player_num': 1, 'source': 'base'}
2025-11-06 16:23:43,058 : INFO : SwitchController : <<<<<<< 's_right_orbit' inactive >>>>>>>
2025-11-06 16:23:43,482 : INFO : EventManager : Event: ======'player_toomanyrappers_toomanyrappers_left_tick'====== Args={'value': 2, 'prev_value': 1, 'change': 1, 'player_num': 1}
2025-11-06 16:23:43,483 : INFO : EventManager : Event: ======'timer_toomanyrappers_left_tick'====== Args={'ticks': 2, 'ticks_remaining': 5}
2025-11-06 16:23:43,859 : INFO : EventManager : Event: ======'player_toomanyrappers_toomanyrappers_time_remaining_tick'====== Args={'value': 62, 'prev_value': 63, 'change': -1, 'player_num': 1}
2025-11-06 16:23:43,860 : INFO : EventManager : Event: ======'timer_toomanyrappers_time_remaining_tick'====== Args={'ticks': 62, 'ticks_remaining': 62}
2025-11-06 16:23:43,863 : INFO : EventManager : Event: ======'player_toomanyrappers_time_remaining_variable_times_1'====== Args={'value': 62, 'prev_value': 63, 'change': -1, 'player_num': 1, 'source': 'toomanyrappers'}
2025-11-06 16:23:43,994 : INFO : SwitchController : <<<<<<< 's_left_orbit' active >>>>>>>
2025-11-06 16:23:43,994 : INFO : EventManager : Event: ======'s_left_orbit_active'====== Args={}
2025-11-06 16:23:43,994 : INFO : EventManager : Event: ======'machine_var_audits_switches_s_left_orbit'====== Args={'value': 143, 'prev_value': 142, 'change': 1}
2025-11-06 16:23:43,995 : INFO : EventManager : Event: ======'player_score'====== Args={'value': 10253390, 'prev_value': 10253280, 'change': 110, 'player_num': 1, 'source': 'base'}
2025-11-06 16:23:43,995 : INFO : EventManager : Event: ======'right_orbit_sequence_hit'====== Args={'elapsed': 1.0160000000032596}
2025-11-06 16:23:43,997 : INFO : EventManager : Event: ======'machine_var_audits_shots_right_orbit'====== Args={'value': 36, 'prev_value': 35, 'change': 1}
2025-11-06 16:23:43,998 : INFO : EventManager : Event: ======'right_orbit_hit'====== Args={'profile': 'base_shot_profile', 'state': 'off', 'advancing': False}
2025-11-06 16:23:43,998 : INFO : EventManager : Event: ======'right_orbit_base_shot_profile_hit'====== Args={'profile': 'base_shot_profile', 'state': 'off', 'advancing': False}
2025-11-06 16:23:43,998 : INFO : EventManager : Event: ======'right_orbit_base_shot_profile_off_hit'====== Args={'profile': 'base_shot_profile', 'state': 'off', 'advancing': False}
2025-11-06 16:23:43,998 : INFO : EventManager : Event: ======'right_orbit_off_hit'====== Args={'profile': 'base_shot_profile', 'state': 'off', 'advancing': False}
2025-11-06 16:23:43,999 : INFO : EventManager : Event: ======'machine_var_audits_shots_toomanyrappers_rightorbit'====== Args={'value': 7, 'prev_value': 6, 'change': 1}
2025-11-06 16:23:43,999 : INFO : EventManager : Event: ======'toomanyrappers_rightorbit_hit'====== Args={'profile': 'toomanyrappers_roving_shot', 'state': 'lit', 'advancing': False}
2025-11-06 16:23:43,999 : INFO : EventManager : Event: ======'toomanyrappers_rightorbit_toomanyrappers_roving_shot_hit'====== Args={'profile': 'toomanyrappers_roving_shot', 'state': 'lit', 'advancing': False}
2025-11-06 16:23:43,999 : INFO : EventManager : Event: ======'toomanyrappers_rightorbit_toomanyrappers_roving_shot_lit_hit'====== Args={'profile': 'toomanyrappers_roving_shot', 'state': 'lit', 'advancing': False}
2025-11-06 16:23:43,999 : INFO : EventManager : Event: ======'toomanyrappers_rightorbit_lit_hit'====== Args={'profile': 'toomanyrappers_roving_shot', 'state': 'lit', 'advancing': False}
2025-11-06 16:23:43,999 : INFO : EventManager : Event: ======'player_score'====== Args={'value': 10254400, 'prev_value': 10253390, 'change': 1010, 'player_num': 1, 'source': 'base'}
2025-11-06 16:23:43,999 : INFO : EventManager : Event: ======'toomanyrappers_roving_shot_hit'====== Args={'shot': 'toomanyrappers_rightorbit'}
2025-11-06 16:23:44,000 : INFO : EventManager : Event: ======'toomanyrappers_roving_shot_lit_hit'====== Args={'shot': 'toomanyrappers_rightorbit'}
2025-11-06 16:23:44,000 : INFO : EventManager : Event: ======'increase_rhymes'====== Args={'priority': 0}
2025-11-06 16:23:44,001 : INFO : EventManager : Event: ======'logicblock_load_rhymes_twice_updated'====== Args={'value': 1, 'enabled': True}
2025-11-06 16:23:44,001 : INFO : EventManager : Event: ======'logicblock_load_rhymes_twice_hit'====== Args={'step': 1}
2025-11-06 16:23:44,001 : INFO : EventManager : Event: ======'enable_spit_rhymes_twice'====== Args={}
2025-11-06 16:23:44,001 : INFO : EventManager : Event: ======'logicblock_load_rhymes_twice_updated'====== Args={'value': 1, 'enabled': False}
2025-11-06 16:23:44,001 : INFO : EventManager : Event: ======'add_toomanyrappers_time_7s'====== Args={'priority': 0}
2025-11-06 16:23:44,001 : INFO : EventManager : Event: ======'player_score'====== Args={'value': 10354400, 'prev_value': 10254400, 'change': 100000, 'player_num': 1, 'source': 'toomanyrappers'}
2025-11-06 16:23:44,001 : INFO : EventManager : Event: ======'player_mode_toomanyrappers_score'====== Args={'value': 10300000, 'prev_value': 10200000, 'change': 100000, 'player_num': 1, 'source': 'toomanyrappers'}
2025-11-06 16:23:44,002 : INFO : EventManager : Event: ======'player_toomanyrappers_rhymes_loaded'====== Args={'value': 1, 'prev_value': 0, 'change': 1, 'player_num': 1, 'source': 'toomanyrappers'}
2025-11-06 16:23:44,002 : INFO : EventManager : Event: ======'player_toomanyrappers_toomanyrappers_time_remaining_tick'====== Args={'value': 69, 'prev_value': 62, 'change': 7, 'player_num': 1}
2025-11-06 16:23:44,002 : INFO : EventManager : Event: ======'timer_toomanyrappers_time_remaining_time_added'====== Args={'ticks': 69, 'ticks_added': 62, 'ticks_remaining': 62}
2025-11-06 16:23:44,010 : INFO : EventManager : Event: ======'logicblock_spit_rhymes_twice_updated'====== Args={'value': 0, 'enabled': True}
2025-11-06 16:23:44,010 : INFO : blinkenlight.bl_lowerpop_smallarrow_led : Color (255, 165, 0) with key toomanyrappers added
2025-11-06 16:23:44,010 : INFO : blinkenlight.bl_lowerrightpop_inside_led : Color (255, 165, 0) with key toomanyrappers added
2025-11-06 16:23:44,011 : INFO : blinkenlight.bl_lowerrightpop_inside2_led : Color (255, 165, 0) with key toomanyrappers added
2025-11-06 16:23:44,084 : INFO : SwitchController : <<<<<<< 's_left_orbit' inactive >>>>>>>
2025-11-06 16:23:44,465 : INFO : EventManager : Event: ======'player_toomanyrappers_toomanyrappers_left_tick'====== Args={'value': 3, 'prev_value': 2, 'change': 1, 'player_num': 1}
2025-11-06 16:23:44,466 : INFO : EventManager : Event: ======'timer_toomanyrappers_left_tick'====== Args={'ticks': 3, 'ticks_remaining': 4}
2025-11-06 16:23:44,887 : INFO : EventManager : Event: ======'player_toomanyrappers_toomanyrappers_time_remaining_tick'====== Args={'value': 68, 'prev_value': 69, 'change': -1, 'player_num': 1}
2025-11-06 16:23:44,888 : INFO : EventManager : Event: ======'timer_toomanyrappers_time_remaining_tick'====== Args={'ticks': 68, 'ticks_remaining': 68}
2025-11-06 16:23:44,890 : INFO : EventManager : Event: ======'player_toomanyrappers_time_remaining_variable_times_1'====== Args={'value': 68, 'prev_value': 62, 'change': 6, 'player_num': 1, 'source': 'toomanyrappers'}
2025-11-06 16:23:45,480 : INFO : EventManager : Event: ======'player_toomanyrappers_toomanyrappers_left_tick'====== Args={'value': 4, 'prev_value': 3, 'change': 1, 'player_num': 1}
2025-11-06 16:23:45,481 : INFO : EventManager : Event: ======'timer_toomanyrappers_left_tick'====== Args={'ticks': 4, 'ticks_remaining': 3}
2025-11-06 16:23:45,873 : INFO : EventManager : Event: ======'player_toomanyrappers_toomanyrappers_time_remaining_tick'====== Args={'value': 67, 'prev_value': 68, 'change': -1, 'player_num': 1}
2025-11-06 16:23:45,874 : INFO : EventManager : Event: ======'timer_toomanyrappers_time_remaining_tick'====== Args={'ticks': 67, 'ticks_remaining': 67}
2025-11-06 16:23:45,879 : INFO : EventManager : Event: ======'player_toomanyrappers_time_remaining_variable_times_1'====== Args={'value': 67, 'prev_value': 68, 'change': -1, 'player_num': 1, 'source': 'toomanyrappers'}
2025-11-06 16:23:45,952 : INFO : EventManager : Event: ======'right_orbit_backdoor_sequence_timeout'====== Args={}
2025-11-06 16:23:46,304 : INFO : SwitchController : <<<<<<< 's_right_lower_pop' active >>>>>>>
2025-11-06 16:23:46,304 : INFO : EventManager : Event: ======'s_right_lower_pop_active'====== Args={}
2025-11-06 16:23:46,304 : INFO : EventManager : Event: ======'machine_var_audits_switches_s_right_lower_pop'====== Args={'value': 1565, 'prev_value': 1564, 'change': 1}
2025-11-06 16:23:46,306 : INFO : EventManager : Event: ======'machine_var_audits_shots_pop3'====== Args={'value': 813, 'prev_value': 812, 'change': 1}
2025-11-06 16:23:46,306 : INFO : EventManager : Event: ======'pop3_hit'====== Args={'profile': 'base_shot_profile', 'state': 'off', 'advancing': False}
2025-11-06 16:23:46,307 : INFO : EventManager : Event: ======'pop3_base_shot_profile_hit'====== Args={'profile': 'base_shot_profile', 'state': 'off', 'advancing': False}
2025-11-06 16:23:46,307 : INFO : EventManager : Event: ======'pop3_base_shot_profile_off_hit'====== Args={'profile': 'base_shot_profile', 'state': 'off', 'advancing': False}
2025-11-06 16:23:46,307 : INFO : EventManager : Event: ======'pop3_off_hit'====== Args={'profile': 'base_shot_profile', 'state': 'off', 'advancing': False}
2025-11-06 16:23:46,307 : INFO : EventManager : Event: ======'player_score'====== Args={'value': 10355510, 'prev_value': 10354400, 'change': 1110, 'player_num': 1, 'source': 'base'}
2025-11-06 16:23:46,308 : INFO : EventManager : Event: ======'logicblock_spit_rhymes_twice_updated'====== Args={'value': 1, 'enabled': True}
2025-11-06 16:23:46,308 : INFO : EventManager : Event: ======'logicblock_spit_rhymes_twice_hit'====== Args={'step': 1}
2025-11-06 16:23:46,308 : INFO : EventManager : Event: ======'rhymes_spit_twice'====== Args={}
2025-11-06 16:23:46,308 : INFO : EventManager : Event: ======'logicblock_spit_rhymes_twice_updated'====== Args={'value': 0, 'enabled': True}
2025-11-06 16:23:46,308 : INFO : EventManager : Event: ======'logicblock_spit_rhymes_twice_updated'====== Args={'value': 0, 'enabled': False}
2025-11-06 16:23:46,308 : INFO : blinkenlight.bl_lowerpop_smallarrow_led : Color (0, 0, 0) with key toomanyrappers added
2025-11-06 16:23:46,309 : INFO : blinkenlight.bl_lowerrightpop_inside_led : Color (0, 0, 0) with key toomanyrappers added
2025-11-06 16:23:46,309 : INFO : blinkenlight.bl_lowerrightpop_inside2_led : Color (0, 0, 0) with key toomanyrappers added
2025-11-06 16:23:46,309 : INFO : EventManager : Event: ======'logicblock_load_rhymes_twice_updated'====== Args={'value': 1, 'enabled': False}
2025-11-06 16:23:46,309 : INFO : EventManager : Event: ======'mode_toomanyrappers_success'====== Args={'priority': 0}
2025-11-06 16:23:46,310 : INFO : EventManager : Event: ======'player_score'====== Args={'value': 15355510, 'prev_value': 10355510, 'change': 5000000, 'player_num': 1, 'source': 'toomanyrappers'}
2025-11-06 16:23:46,310 : INFO : EventManager : Event: ======'player_mode_toomanyrappers_score'====== Args={'value': 15300000, 'prev_value': 10300000, 'change': 5000000, 'player_num': 1, 'source': 'toomanyrappers'}
2025-11-06 16:23:46,310 : INFO : Timer.toomanyrappers_time_remaining : Pausing Timer for 0 ms
2025-11-06 16:23:46,310 : INFO : EventManager : Event: ======'timer_toomanyrappers_time_remaining_paused'====== Args={'ticks': 67, 'ticks_remaining': 67}
2025-11-06 16:23:46,310 : INFO : EventManager : Event: ======'logicblock_battery_charged_status_updated'====== Args={'value': 20, 'enabled': False}
2025-11-06 16:23:46,310 : INFO : EventManager : Event: ======'logicblock_battery_charged_status_updated'====== Args={'value': 20, 'enabled': True}
2025-11-06 16:23:46,311 : INFO : EventManager : Event: ======'mode_toomanyrappers_will_stop'====== Args={}
2025-11-06 16:23:46,313 : INFO : EventManager : Event: ======'mode_toomanyrappers_stopping'====== Args={}
2025-11-06 16:23:46,313 : INFO : EventManager : Event: ======'achievement_toomanyrappers_mode_changed_state'====== Args={'restore': False, 'state': 'completed', 'selected': False}
2025-11-06 16:23:46,313 : INFO : EventManager : Event: ======'achievement_toomanyrappers_mode_state_completed'====== Args={'restore': False, 'state': 'completed', 'selected': False}
2025-11-06 16:23:46,314 : INFO : EventManager : Event: ======'player_modes_completed'====== Args={'value': 1, 'prev_value': 0, 'change': 1, 'player_num': 1, 'source': 'base'}
2025-11-06 16:23:46,314 : INFO : EventManager : Event: ======'logicblock_completed_modes_count_updated'====== Args={'value': 1, 'enabled': True}
2025-11-06 16:23:46,314 : INFO : EventManager : Event: ======'counter_completed_modes_count_hit'====== Args={'count': 1, 'hits': 1, 'remaining': 8}
2025-11-06 16:23:46,314 : INFO : EventManager : Event: ======'logicblock_completed_modes_count_hit'====== Args={'count': 1, 'hits': 1, 'remaining': 8}
2025-11-06 16:23:46,315 : INFO : EventManager : Event: ======'logicblock_battery_charged_status_updated'====== Args={'value': 10, 'enabled': True}
2025-11-06 16:23:46,325 : INFO : Mode.toomanyrappers : Stopped.
2025-11-06 16:23:46,325 : INFO : EventManager : Event: ======'modes_active_modes_changed'====== Args={}
2025-11-06 16:23:46,326 : INFO : blinkenlight.bl_lowerpop_smallarrow_led : Color removed with key toomanyrappers
2025-11-06 16:23:46,326 : INFO : blinkenlight.bl_lowerrightpop_inside_led : Color removed with key toomanyrappers
2025-11-06 16:23:46,326 : INFO : blinkenlight.bl_lowerrightpop_inside2_led : Color removed with key toomanyrappers
2025-11-06 16:23:46,326 : INFO : EventManager : Event: ======'mode_toomanyrappers_stopped'====== Args={}
2025-11-06 16:23:46,326 : INFO : EventManager : Event: ======'clear'====== Args={'key': 'toomanyrappers'}
2025-11-06 16:23:46,326 : INFO : EventManager : Event: ======'logicblock_battery_charged_status_updated'====== Args={'value': 20, 'enabled': True}
2025-11-06 16:23:46,333 : INFO : EventManager : Event: ======'logicblock_battery_charged_status_updated'====== Args={'value': 20, 'enabled': True}
2025-11-06 16:23:46,334 : INFO : EventManager : Event: ======'player_mode_blocking_flag'====== Args={'value': 0, 'prev_value': 1, 'change': -1, 'player_num': 1, 'source': 'base'}
2025-11-06 16:23:46,335 : INFO : EventManager : Event: ======'logicblock_battery_charged_status_updated'====== Args={'value': 10, 'enabled': True}
2025-11-06 16:23:46,338 : INFO : Timer.toomanyrappers_time_remaining : Stopping Timer
2025-11-06 16:23:46,338 : INFO : EventManager : Event: ======'timer_toomanyrappers_time_remaining_stopped'====== Args={'ticks': 67, 'ticks_remaining': 67}
2025-11-06 16:23:46,339 : INFO : Timer.toomanyrappers_left : Stopping Timer
2025-11-06 16:23:46,339 : INFO : EventManager : Event: ======'timer_toomanyrappers_left_stopped'====== Args={'ticks': 4, 'ticks_remaining': 3}
2025-11-06 16:23:46,339 : INFO : Timer.toomanyrappers_intro_show : Stopping Timer
2025-11-06 16:23:46,339 : INFO : EventManager : Event: ======'timer_toomanyrappers_intro_show_stopped'====== Args={'ticks': 10, 'ticks_remaining': 1}
2025-11-06 16:23:46,357 : INFO : EventManager : Event: ======'slide_toomanyrappers_removed'====== Args={'_from_bcp': True}
2025-11-06 16:23:46,366 : INFO : EventManager : Event: ======'slide_toomanyrappers_display_timer_removed'====== Args={'_from_bcp': True}
2025-11-06 16:23:46,367 : INFO : EventManager : Event: ======'slide_toomanyrappers_rhymes_counter_removed'====== Args={'_from_bcp': True}
2025-11-06 16:23:46,369 : INFO : EventManager : Event: ======'slide_base_created'====== Args={'_from_bcp': True}
2025-11-06 16:23:46,370 : INFO : EventManager : Event: ======'play_base_video3'====== Args={'_from_bcp': True}
2025-11-06 16:23:46,417 : INFO : SwitchController : <<<<<<< 's_right_lower_pop' inactive >>>>>>>
2025-11-06 16:23:46,421 : INFO : EventManager : Event: ======'slide_toomanyrappersfinish_created'====== Args={'_from_bcp': True}
2025-11-06 16:23:46,421 : INFO : EventManager : Event: ======'slide_score_overlay_inactive'====== Args={'is_removing': False, '_from_bcp': True}
2025-11-06 16:23:46,421 : INFO : EventManager : Event: ======'slide_toomanyrappersfinish_active'====== Args={'original_context': 'base', 'original_calling_context': 'mode_toomanyrappers_success', 'priority': 100.0, 'cmd': 'slides_play', '_from_bcp': True}
2025-11-06 16:23:46,438 : INFO : EventManager : Event: ======'slide_basevideo3_created'====== Args={'_from_bcp': True}
2025-11-06 16:23:46,997 : INFO : EventManager : Event: ======'left_orbit_backdoor_sequence_timeout'====== Args={}
2025-11-06 16:23:46,997 : INFO : EventManager : Event: ======'left_orbit_sequence_timeout'====== Args={}
2025-11-06 16:23:46,999 : INFO : EventManager : Event: ======'right_orbit_to_inner_loop_combo_timeout'====== Args={}
2025-11-06 16:23:46,999 : INFO : EventManager : Event: ======'right_orbit_to_left_orbit_combo_timeout'====== Args={}
2025-11-06 16:23:46,999 : INFO : EventManager : Event: ======'right_orbit_to_left_ramp_combo_timeout'====== Args={}
2025-11-06 16:23:46,999 : INFO : EventManager : Event: ======'right_orbit_to_captive_ball_combo_timeout'====== Args={}
2025-11-06 16:23:46,999 : INFO : EventManager : Event: ======'right_orbit_to_right_ramp_combo_timeout'====== Args={}
2025-11-06 16:23:52,386 : INFO : EventManager : Event: ======'slide_toomanyrappersfinish_inactive'====== Args={'is_removing': True, '_from_bcp': True}
2025-11-06 16:23:52,386 : INFO : EventManager : Event: ======'slide_score_overlay_active'====== Args={'_from_bcp': True}
2025-11-06 16:23:52,394 : INFO : EventManager : Event: ======'slide_toomanyrappersfinish_removed'====== Args={'_from_bcp': True}
2025-11-06 16:23:53,608 : INFO : SwitchController : <<<<<<< 's_spinner' active >>>>>>>
2025-11-06 16:23:53,608 : INFO : EventManager : Event: ======'s_spinner_active'====== Args={}
2025-11-06 16:23:53,608 : INFO : EventManager : Event: ======'spinner_basic_spinner_active'====== Args={'label': None}
2025-11-06 16:23:53,608 : INFO : EventManager : Event: ======'spinner_basic_spinner_hit'====== Args={'hits': 1, 'change': 1, 'label': None}
2025-11-06 16:23:53,609 : INFO : EventManager : Event: ======'machine_var_audits_switches_s_spinner'====== Args={'value': 3642, 'prev_value': 3641, 'change': 1}
2025-11-06 16:23:53,610 : INFO : EventManager : Event: ======'machine_var_audits_shots_spinner'====== Args={'value': 1582, 'prev_value': 1581, 'change': 1}
2025-11-06 16:23:53,611 : INFO : EventManager : Event: ======'spinner_hit'====== Args={'profile': 'base_shot_profile', 'state': 'off', 'advancing': False}
2025-11-06 16:23:53,611 : INFO : EventManager : Event: ======'spinner_base_shot_profile_hit'====== Args={'profile': 'base_shot_profile', 'state': 'off', 'advancing': False}
2025-11-06 16:23:53,611 : INFO : EventManager : Event: ======'spinner_base_shot_profile_off_hit'====== Args={'profile': 'base_shot_profile', 'state': 'off', 'advancing': False}
2025-11-06 16:23:53,611 : INFO : EventManager : Event: ======'spinner_off_hit'====== Args={'profile': 'base_shot_profile', 'state': 'off', 'advancing': False}
2025-11-06 16:23:53,611 : INFO : EventManager : Event: ======'logicblock_battery_charged_status_updated'====== Args={'value': 9, 'enabled': True}
2025-11-06 16:23:53,613 : INFO : EventManager : Event: ======'counter_battery_charged_status_hit'====== Args={'count': 9, 'hits': 11, 'remaining': 9}
2025-11-06 16:23:53,613 : INFO : EventManager : Event: ======'logicblock_battery_charged_status_hit'====== Args={'count': 9, 'hits': 11, 'remaining': 9}
2025-11-06 16:23:53,613 : INFO : EventManager : Event: ======'player_score'====== Args={'value': 15356520, 'prev_value': 15355510, 'change': 1010, 'player_num': 1, 'source': 'base'}
2025-11-06 16:23:53,726 : INFO : SwitchController : <<<<<<< 's_spinner' inactive >>>>>>>
2025-11-06 16:23:53,793 : INFO : SwitchController : <<<<<<< 's_spinner' active >>>>>>>
2025-11-06 16:23:53,793 : INFO : EventManager : Event: ======'s_spinner_active'====== Args={}
2025-11-06 16:23:53,793 : INFO : EventManager : Event: ======'spinner_basic_spinner_hit'====== Args={'hits': 2, 'change': 1, 'label': None}
2025-11-06 16:23:53,794 : INFO : EventManager : Event: ======'machine_var_audits_switches_s_spinner'====== Args={'value': 3643, 'prev_value': 3642, 'change': 1}
2025-11-06 16:23:53,795 : INFO : EventManager : Event: ======'machine_var_audits_shots_spinner'====== Args={'value': 1583, 'prev_value': 1582, 'change': 1}
2025-11-06 16:23:53,795 : INFO : EventManager : Event: ======'spinner_hit'====== Args={'profile': 'base_shot_profile', 'state': 'off', 'advancing': False}
2025-11-06 16:23:53,796 : INFO : EventManager : Event: ======'spinner_base_shot_profile_hit'====== Args={'profile': 'base_shot_profile', 'state': 'off', 'advancing': False}
2025-11-06 16:23:53,796 : INFO : EventManager : Event: ======'spinner_base_shot_profile_off_hit'====== Args={'profile': 'base_shot_profile', 'state': 'off', 'advancing': False}
2025-11-06 16:23:53,796 : INFO : EventManager : Event: ======'spinner_off_hit'====== Args={'profile': 'base_shot_profile', 'state': 'off', 'advancing': False}
2025-11-06 16:23:53,796 : INFO : EventManager : Event: ======'logicblock_battery_charged_status_updated'====== Args={'value': 8, 'enabled': True}
2025-11-06 16:23:53,796 : INFO : EventManager : Event: ======'counter_battery_charged_status_hit'====== Args={'count': 8, 'hits': 12, 'remaining': 8}
2025-11-06 16:23:53,796 : INFO : EventManager : Event: ======'logicblock_battery_charged_status_hit'====== Args={'count': 8, 'hits': 12, 'remaining': 8}
2025-11-06 16:23:53,796 : INFO : EventManager : Event: ======'player_score'====== Args={'value': 15357530, 'prev_value': 15356520, 'change': 1010, 'player_num': 1, 'source': 'base'}
2025-11-06 16:23:53,925 : INFO : SwitchController : <<<<<<< 's_spinner' inactive >>>>>>>
2025-11-06 16:23:53,978 : INFO : SwitchController : <<<<<<< 's_spinner' active >>>>>>>
2025-11-06 16:23:53,978 : INFO : EventManager : Event: ======'s_spinner_active'====== Args={}
2025-11-06 16:23:53,979 : INFO : EventManager : Event: ======'spinner_basic_spinner_hit'====== Args={'hits': 3, 'change': 1, 'label': None}
2025-11-06 16:23:53,979 : INFO : EventManager : Event: ======'machine_var_audits_switches_s_spinner'====== Args={'value': 3644, 'prev_value': 3643, 'change': 1}
2025-11-06 16:23:53,980 : INFO : EventManager : Event: ======'machine_var_audits_shots_spinner'====== Args={'value': 1584, 'prev_value': 1583, 'change': 1}
2025-11-06 16:23:53,981 : INFO : EventManager : Event: ======'spinner_hit'====== Args={'profile': 'base_shot_profile', 'state': 'off', 'advancing': False}
2025-11-06 16:23:53,982 : INFO : EventManager : Event: ======'spinner_base_shot_profile_hit'====== Args={'profile': 'base_shot_profile', 'state': 'off', 'advancing': False}
2025-11-06 16:23:53,982 : INFO : EventManager : Event: ======'spinner_base_shot_profile_off_hit'====== Args={'profile': 'base_shot_profile', 'state': 'off', 'advancing': False}
2025-11-06 16:23:53,982 : INFO : EventManager : Event: ======'spinner_off_hit'====== Args={'profile': 'base_shot_profile', 'state': 'off', 'advancing': False}
2025-11-06 16:23:53,983 : INFO : EventManager : Event: ======'logicblock_battery_charged_status_updated'====== Args={'value': 7, 'enabled': True}
2025-11-06 16:23:53,983 : INFO : EventManager : Event: ======'counter_battery_charged_status_hit'====== Args={'count': 7, 'hits': 13, 'remaining': 7}
2025-11-06 16:23:53,983 : INFO : EventManager : Event: ======'logicblock_battery_charged_status_hit'====== Args={'count': 7, 'hits': 13, 'remaining': 7}
2025-11-06 16:23:53,984 : INFO : EventManager : Event: ======'player_score'====== Args={'value': 15358540, 'prev_value': 15357530, 'change': 1010, 'player_num': 1, 'source': 'base'}
2025-11-06 16:23:54,093 : INFO : SwitchController : <<<<<<< 's_spinner' inactive >>>>>>>
2025-11-06 16:23:54,128 : INFO : SwitchController : <<<<<<< 's_spinner' active >>>>>>>
2025-11-06 16:23:54,128 : INFO : EventManager : Event: ======'s_spinner_active'====== Args={}
2025-11-06 16:23:54,128 : INFO : EventManager : Event: ======'spinner_basic_spinner_hit'====== Args={'hits': 4, 'change': 1, 'label': None}
2025-11-06 16:23:54,129 : INFO : EventManager : Event: ======'machine_var_audits_switches_s_spinner'====== Args={'value': 3645, 'prev_value': 3644, 'change': 1}
2025-11-06 16:23:54,130 : INFO : EventManager : Event: ======'machine_var_audits_shots_spinner'====== Args={'value': 1585, 'prev_value': 1584, 'change': 1}
2025-11-06 16:23:54,130 : INFO : EventManager : Event: ======'spinner_hit'====== Args={'profile': 'base_shot_profile', 'state': 'off', 'advancing': False}
2025-11-06 16:23:54,131 : INFO : EventManager : Event: ======'spinner_base_shot_profile_hit'====== Args={'profile': 'base_shot_profile', 'state': 'off', 'advancing': False}
2025-11-06 16:23:54,131 : INFO : EventManager : Event: ======'spinner_base_shot_profile_off_hit'====== Args={'profile': 'base_shot_profile', 'state': 'off', 'advancing': False}
2025-11-06 16:23:54,131 : INFO : EventManager : Event: ======'spinner_off_hit'====== Args={'profile': 'base_shot_profile', 'state': 'off', 'advancing': False}
2025-11-06 16:23:54,131 : INFO : EventManager : Event: ======'logicblock_battery_charged_status_updated'====== Args={'value': 6, 'enabled': True}
2025-11-06 16:23:54,131 : INFO : EventManager : Event: ======'counter_battery_charged_status_hit'====== Args={'count': 6, 'hits': 14, 'remaining': 6}
2025-11-06 16:23:54,131 : INFO : EventManager : Event: ======'logicblock_battery_charged_status_hit'====== Args={'count': 6, 'hits': 14, 'remaining': 6}
2025-11-06 16:23:54,132 : INFO : EventManager : Event: ======'player_score'====== Args={'value': 15359550, 'prev_value': 15358540, 'change': 1010, 'player_num': 1, 'source': 'base'}
2025-11-06 16:23:54,259 : INFO : SwitchController : <<<<<<< 's_spinner' inactive >>>>>>>
2025-11-06 16:23:54,292 : INFO : SwitchController : <<<<<<< 's_spinner' active >>>>>>>
2025-11-06 16:23:54,292 : INFO : EventManager : Event: ======'s_spinner_active'====== Args={}
2025-11-06 16:23:54,293 : INFO : EventManager : Event: ======'spinner_basic_spinner_hit'====== Args={'hits': 5, 'change': 1, 'label': None}
2025-11-06 16:23:54,293 : INFO : EventManager : Event: ======'machine_var_audits_switches_s_spinner'====== Args={'value': 3646, 'prev_value': 3645, 'change': 1}
2025-11-06 16:23:54,294 : INFO : EventManager : Event: ======'machine_var_audits_shots_spinner'====== Args={'value': 1586, 'prev_value': 1585, 'change': 1}
2025-11-06 16:23:54,295 : INFO : EventManager : Event: ======'spinner_hit'====== Args={'profile': 'base_shot_profile', 'state': 'off', 'advancing': False}
2025-11-06 16:23:54,295 : INFO : EventManager : Event: ======'spinner_base_shot_profile_hit'====== Args={'profile': 'base_shot_profile', 'state': 'off', 'advancing': False}
2025-11-06 16:23:54,296 : INFO : EventManager : Event: ======'spinner_base_shot_profile_off_hit'====== Args={'profile': 'base_shot_profile', 'state': 'off', 'advancing': False}
2025-11-06 16:23:54,296 : INFO : EventManager : Event: ======'spinner_off_hit'====== Args={'profile': 'base_shot_profile', 'state': 'off', 'advancing': False}
2025-11-06 16:23:54,296 : INFO : EventManager : Event: ======'logicblock_battery_charged_status_updated'====== Args={'value': 5, 'enabled': True}
2025-11-06 16:23:54,296 : INFO : EventManager : Event: ======'counter_battery_charged_status_hit'====== Args={'count': 5, 'hits': 15, 'remaining': 5}
2025-11-06 16:23:54,296 : INFO : EventManager : Event: ======'logicblock_battery_charged_status_hit'====== Args={'count': 5, 'hits': 15, 'remaining': 5}
2025-11-06 16:23:54,298 : INFO : EventManager : Event: ======'player_score'====== Args={'value': 15360560, 'prev_value': 15359550, 'change': 1010, 'player_num': 1, 'source': 'base'}
2025-11-06 16:23:54,410 : INFO : SwitchController : <<<<<<< 's_spinner' inactive >>>>>>>
2025-11-06 16:23:54,445 : INFO : SwitchController : <<<<<<< 's_spinner' active >>>>>>>
2025-11-06 16:23:54,445 : INFO : EventManager : Event: ======'s_spinner_active'====== Args={}
2025-11-06 16:23:54,446 : INFO : EventManager : Event: ======'spinner_basic_spinner_hit'====== Args={'hits': 6, 'change': 1, 'label': None}
2025-11-06 16:23:54,446 : INFO : EventManager : Event: ======'machine_var_audits_switches_s_spinner'====== Args={'value': 3647, 'prev_value': 3646, 'change': 1}
2025-11-06 16:23:54,448 : INFO : EventManager : Event: ======'machine_var_audits_shots_spinner'====== Args={'value': 1587, 'prev_value': 1586, 'change': 1}
2025-11-06 16:23:54,448 : INFO : EventManager : Event: ======'spinner_hit'====== Args={'profile': 'base_shot_profile', 'state': 'off', 'advancing': False}
2025-11-06 16:23:54,448 : INFO : EventManager : Event: ======'spinner_base_shot_profile_hit'====== Args={'profile': 'base_shot_profile', 'state': 'off', 'advancing': False}
2025-11-06 16:23:54,448 : INFO : EventManager : Event: ======'spinner_base_shot_profile_off_hit'====== Args={'profile': 'base_shot_profile', 'state': 'off', 'advancing': False}
2025-11-06 16:23:54,448 : INFO : EventManager : Event: ======'spinner_off_hit'====== Args={'profile': 'base_shot_profile', 'state': 'off', 'advancing': False}
2025-11-06 16:23:54,449 : INFO : EventManager : Event: ======'logicblock_battery_charged_status_updated'====== Args={'value': 4, 'enabled': True}
2025-11-06 16:23:54,449 : INFO : EventManager : Event: ======'counter_battery_charged_status_hit'====== Args={'count': 4, 'hits': 16, 'remaining': 4}
2025-11-06 16:23:54,449 : INFO : EventManager : Event: ======'logicblock_battery_charged_status_hit'====== Args={'count': 4, 'hits': 16, 'remaining': 4}
2025-11-06 16:23:54,450 : INFO : EventManager : Event: ======'player_score'====== Args={'value': 15361570, 'prev_value': 15360560, 'change': 1010, 'player_num': 1, 'source': 'base'}
2025-11-06 16:23:54,726 : INFO : SwitchController : <<<<<<< 's_spinner' inactive >>>>>>>
2025-11-06 16:23:54,743 : INFO : SwitchController : <<<<<<< 's_spinner' active >>>>>>>
2025-11-06 16:23:54,744 : INFO : EventManager : Event: ======'s_spinner_active'====== Args={}
2025-11-06 16:23:54,744 : INFO : EventManager : Event: ======'spinner_basic_spinner_hit'====== Args={'hits': 7, 'change': 1, 'label': None}
2025-11-06 16:23:54,744 : INFO : EventManager : Event: ======'machine_var_audits_switches_s_spinner'====== Args={'value': 3648, 'prev_value': 3647, 'change': 1}
2025-11-06 16:23:54,750 : INFO : EventManager : Event: ======'machine_var_audits_shots_spinner'====== Args={'value': 1588, 'prev_value': 1587, 'change': 1}
2025-11-06 16:23:54,751 : INFO : EventManager : Event: ======'spinner_hit'====== Args={'profile': 'base_shot_profile', 'state': 'off', 'advancing': False}
2025-11-06 16:23:54,751 : INFO : EventManager : Event: ======'spinner_base_shot_profile_hit'====== Args={'profile': 'base_shot_profile', 'state': 'off', 'advancing': False}
2025-11-06 16:23:54,752 : INFO : EventManager : Event: ======'spinner_base_shot_profile_off_hit'====== Args={'profile': 'base_shot_profile', 'state': 'off', 'advancing': False}
2025-11-06 16:23:54,752 : INFO : EventManager : Event: ======'spinner_off_hit'====== Args={'profile': 'base_shot_profile', 'state': 'off', 'advancing': False}
2025-11-06 16:23:54,752 : INFO : EventManager : Event: ======'logicblock_battery_charged_status_updated'====== Args={'value': 3, 'enabled': True}
2025-11-06 16:23:54,753 : INFO : EventManager : Event: ======'counter_battery_charged_status_hit'====== Args={'count': 3, 'hits': 17, 'remaining': 3}
2025-11-06 16:23:54,754 : INFO : EventManager : Event: ======'logicblock_battery_charged_status_hit'====== Args={'count': 3, 'hits': 17, 'remaining': 3}
2025-11-06 16:23:54,754 : INFO : EventManager : Event: ======'player_score'====== Args={'value': 15362580, 'prev_value': 15361570, 'change': 1010, 'player_num': 1, 'source': 'base'}
2025-11-06 16:23:55,009 : INFO : SwitchController : <<<<<<< 's_spinner' inactive >>>>>>>
2025-11-06 16:23:55,026 : INFO : SwitchController : <<<<<<< 's_spinner' active >>>>>>>
2025-11-06 16:23:55,027 : INFO : EventManager : Event: ======'s_spinner_active'====== Args={}
2025-11-06 16:23:55,027 : INFO : EventManager : Event: ======'spinner_basic_spinner_hit'====== Args={'hits': 8, 'change': 1, 'label': None}
2025-11-06 16:23:55,027 : INFO : EventManager : Event: ======'machine_var_audits_switches_s_spinner'====== Args={'value': 3649, 'prev_value': 3648, 'change': 1}
2025-11-06 16:23:55,028 : INFO : EventManager : Event: ======'machine_var_audits_shots_spinner'====== Args={'value': 1589, 'prev_value': 1588, 'change': 1}
2025-11-06 16:23:55,029 : INFO : EventManager : Event: ======'spinner_hit'====== Args={'profile': 'base_shot_profile', 'state': 'off', 'advancing': False}
2025-11-06 16:23:55,029 : INFO : EventManager : Event: ======'spinner_base_shot_profile_hit'====== Args={'profile': 'base_shot_profile', 'state': 'off', 'advancing': False}
2025-11-06 16:23:55,029 : INFO : EventManager : Event: ======'spinner_base_shot_profile_off_hit'====== Args={'profile': 'base_shot_profile', 'state': 'off', 'advancing': False}
2025-11-06 16:23:55,029 : INFO : EventManager : Event: ======'spinner_off_hit'====== Args={'profile': 'base_shot_profile', 'state': 'off', 'advancing': False}
2025-11-06 16:23:55,029 : INFO : EventManager : Event: ======'logicblock_battery_charged_status_updated'====== Args={'value': 2, 'enabled': True}
2025-11-06 16:23:55,030 : INFO : EventManager : Event: ======'counter_battery_charged_status_hit'====== Args={'count': 2, 'hits': 18, 'remaining': 2}
2025-11-06 16:23:55,030 : INFO : EventManager : Event: ======'logicblock_battery_charged_status_hit'====== Args={'count': 2, 'hits': 18, 'remaining': 2}
2025-11-06 16:23:55,030 : INFO : EventManager : Event: ======'player_score'====== Args={'value': 15363590, 'prev_value': 15362580, 'change': 1010, 'player_num': 1, 'source': 'base'}
2025-11-06 16:23:55,141 : INFO : SwitchController : <<<<<<< 's_spinner' inactive >>>>>>>
2025-11-06 16:23:55,160 : INFO : SwitchController : <<<<<<< 's_spinner' active >>>>>>>
2025-11-06 16:23:55,160 : INFO : EventManager : Event: ======'s_spinner_active'====== Args={}
2025-11-06 16:23:55,161 : INFO : EventManager : Event: ======'spinner_basic_spinner_hit'====== Args={'hits': 9, 'change': 1, 'label': None}
2025-11-06 16:23:55,161 : INFO : EventManager : Event: ======'machine_var_audits_switches_s_spinner'====== Args={'value': 3650, 'prev_value': 3649, 'change': 1}
2025-11-06 16:23:55,163 : INFO : EventManager : Event: ======'machine_var_audits_shots_spinner'====== Args={'value': 1590, 'prev_value': 1589, 'change': 1}
2025-11-06 16:23:55,164 : INFO : EventManager : Event: ======'spinner_hit'====== Args={'profile': 'base_shot_profile', 'state': 'off', 'advancing': False}
2025-11-06 16:23:55,164 : INFO : EventManager : Event: ======'spinner_base_shot_profile_hit'====== Args={'profile': 'base_shot_profile', 'state': 'off', 'advancing': False}
2025-11-06 16:23:55,164 : INFO : EventManager : Event: ======'spinner_base_shot_profile_off_hit'====== Args={'profile': 'base_shot_profile', 'state': 'off', 'advancing': False}
2025-11-06 16:23:55,166 : INFO : EventManager : Event: ======'spinner_off_hit'====== Args={'profile': 'base_shot_profile', 'state': 'off', 'advancing': False}
2025-11-06 16:23:55,166 : INFO : EventManager : Event: ======'logicblock_battery_charged_status_updated'====== Args={'value': 1, 'enabled': True}
2025-11-06 16:23:55,166 : INFO : EventManager : Event: ======'counter_battery_charged_status_hit'====== Args={'count': 1, 'hits': 19, 'remaining': 1}
2025-11-06 16:23:55,167 : INFO : EventManager : Event: ======'logicblock_battery_charged_status_hit'====== Args={'count': 1, 'hits': 19, 'remaining': 1}
2025-11-06 16:23:55,167 : INFO : EventManager : Event: ======'player_score'====== Args={'value': 15364600, 'prev_value': 15363590, 'change': 1010, 'player_num': 1, 'source': 'base'}
2025-11-06 16:23:55,275 : INFO : SwitchController : <<<<<<< 's_spinner' inactive >>>>>>>
2025-11-06 16:23:55,340 : INFO : SwitchController : <<<<<<< 's_spinner' active >>>>>>>
2025-11-06 16:23:55,341 : INFO : EventManager : Event: ======'s_spinner_active'====== Args={}
2025-11-06 16:23:55,341 : INFO : EventManager : Event: ======'spinner_basic_spinner_hit'====== Args={'hits': 10, 'change': 1, 'label': None}
2025-11-06 16:23:55,341 : INFO : EventManager : Event: ======'machine_var_audits_switches_s_spinner'====== Args={'value': 3651, 'prev_value': 3650, 'change': 1}
2025-11-06 16:23:55,342 : INFO : EventManager : Event: ======'machine_var_audits_shots_spinner'====== Args={'value': 1591, 'prev_value': 1590, 'change': 1}
2025-11-06 16:23:55,342 : INFO : EventManager : Event: ======'spinner_hit'====== Args={'profile': 'base_shot_profile', 'state': 'off', 'advancing': False}
2025-11-06 16:23:55,343 : INFO : EventManager : Event: ======'spinner_base_shot_profile_hit'====== Args={'profile': 'base_shot_profile', 'state': 'off', 'advancing': False}
2025-11-06 16:23:55,343 : INFO : EventManager : Event: ======'spinner_base_shot_profile_off_hit'====== Args={'profile': 'base_shot_profile', 'state': 'off', 'advancing': False}
2025-11-06 16:23:55,343 : INFO : EventManager : Event: ======'spinner_off_hit'====== Args={'profile': 'base_shot_profile', 'state': 'off', 'advancing': False}
2025-11-06 16:23:55,343 : INFO : EventManager : Event: ======'logicblock_battery_charged_status_updated'====== Args={'value': 0, 'enabled': True}
2025-11-06 16:23:55,344 : INFO : EventManager : Event: ======'counter_battery_charged_status_hit'====== Args={'count': 0, 'hits': 20, 'remaining': 0}
2025-11-06 16:23:55,344 : INFO : EventManager : Event: ======'logicblock_battery_charged_status_hit'====== Args={'count': 0, 'hits': 20, 'remaining': 0}
2025-11-06 16:23:55,344 : INFO : EventManager : Event: ======'battery_charged'====== Args={}
2025-11-06 16:23:55,344 : INFO : EventManager : Event: ======'logicblock_battery_charged_status_updated'====== Args={'value': 0, 'enabled': False}
2025-11-06 16:23:55,345 : INFO : EventManager : Event: ======'player_score'====== Args={'value': 15365610, 'prev_value': 15364600, 'change': 1010, 'player_num': 1, 'source': 'base'}
2025-11-06 16:23:55,345 : INFO : EventManager : Event: ======'mode_carousel_will_start'====== Args={}
2025-11-06 16:23:55,348 : INFO : EventManager : Event: ======'mode_carousel_starting'====== Args={}
2025-11-06 16:23:55,348 : INFO : EventManager : Event: ======'player_battery_charged_yesorno'====== Args={'value': 1, 'prev_value': 0, 'change': 1, 'player_num': 1, 'source': 'base'}
2025-11-06 16:23:55,353 : INFO : Mode.carousel : Started. Priority: 200
2025-11-06 16:23:55,353 : INFO : EventManager : Event: ======'modes_active_modes_changed'====== Args={}
2025-11-06 16:23:55,353 : INFO : EventManager : Event: ======'mode_carousel_started'====== Args={}
2025-11-06 16:23:55,354 : INFO : blinkenlight.bl_scoop_arrow_led : Color (0, 131, 251) with key carousel added
2025-11-06 16:23:55,354 : INFO : EventManager : Event: ======'item_highlighted'====== Args={'carousel': 'carousel', 'direction': None, 'item': 'intergalactic'}
2025-11-06 16:23:55,378 : INFO : EventManager : Event: ======'slide_current_mode_highlighted_created'====== Args={'_from_bcp': True}
2025-11-06 16:23:55,379 : INFO : EventManager : Event: ======'random_mode_picker_toomanyrappers'====== Args={'_from_bcp': True}
2025-11-06 16:23:55,381 : INFO : EventManager : Event: ======'carousel_advance'====== Args={'priority': 0}
2025-11-06 16:23:55,381 : INFO : EventManager : Event: ======'carousel_advance_2'====== Args={'priority': 0}
2025-11-06 16:23:55,381 : INFO : EventManager : Event: ======'carousel_advance_3'====== Args={'priority': 0}
2025-11-06 16:23:55,381 : INFO : EventManager : Event: ======'carousel_advance_4'====== Args={'priority': 0}
2025-11-06 16:23:55,381 : INFO : EventManager : Event: ======'carousel_advance_5'====== Args={'priority': 0}
2025-11-06 16:23:55,381 : INFO : EventManager : Event: ======'item_highlighted'====== Args={'carousel': 'carousel', 'direction': 'forwards', 'item': 'paulrevere'}
2025-11-06 16:23:55,383 : INFO : EventManager : Event: ======'item_highlighted'====== Args={'carousel': 'carousel', 'direction': 'forwards', 'item': 'tripletrouble'}
2025-11-06 16:23:55,385 : INFO : EventManager : Event: ======'item_highlighted'====== Args={'carousel': 'carousel', 'direction': 'forwards', 'item': 'sabotage'}
2025-11-06 16:23:55,388 : INFO : EventManager : Event: ======'item_highlighted'====== Args={'carousel': 'carousel', 'direction': 'forwards', 'item': 'threemcsand1dj'}
2025-11-06 16:23:55,389 : INFO : EventManager : Event: ======'item_highlighted'====== Args={'carousel': 'carousel', 'direction': 'forwards', 'item': 'fingerlickingood'}
2025-11-06 16:23:55,442 : INFO : SwitchController : <<<<<<< 's_spinner' inactive >>>>>>>
2025-11-06 16:23:55,508 : INFO : SwitchController : <<<<<<< 's_spinner' active >>>>>>>
2025-11-06 16:23:55,508 : INFO : EventManager : Event: ======'s_spinner_active'====== Args={}
2025-11-06 16:23:55,508 : INFO : EventManager : Event: ======'spinner_basic_spinner_hit'====== Args={'hits': 11, 'change': 1, 'label': None}
2025-11-06 16:23:55,509 : INFO : EventManager : Event: ======'machine_var_audits_switches_s_spinner'====== Args={'value': 3652, 'prev_value': 3651, 'change': 1}
2025-11-06 16:23:55,510 : INFO : EventManager : Event: ======'machine_var_audits_shots_spinner'====== Args={'value': 1592, 'prev_value': 1591, 'change': 1}
2025-11-06 16:23:55,511 : INFO : EventManager : Event: ======'spinner_hit'====== Args={'profile': 'base_shot_profile', 'state': 'off', 'advancing': False}
2025-11-06 16:23:55,511 : INFO : EventManager : Event: ======'spinner_base_shot_profile_hit'====== Args={'profile': 'base_shot_profile', 'state': 'off', 'advancing': False}
2025-11-06 16:23:55,511 : INFO : EventManager : Event: ======'spinner_base_shot_profile_off_hit'====== Args={'profile': 'base_shot_profile', 'state': 'off', 'advancing': False}
2025-11-06 16:23:55,511 : INFO : EventManager : Event: ======'spinner_off_hit'====== Args={'profile': 'base_shot_profile', 'state': 'off', 'advancing': False}
2025-11-06 16:23:55,512 : INFO : EventManager : Event: ======'player_score'====== Args={'value': 15366620, 'prev_value': 15365610, 'change': 1010, 'player_num': 1, 'source': 'base'}
2025-11-06 16:23:55,626 : INFO : SwitchController : <<<<<<< 's_spinner' inactive >>>>>>>
2025-11-06 16:23:55,677 : INFO : SwitchController : <<<<<<< 's_spinner' active >>>>>>>
2025-11-06 16:23:55,677 : INFO : EventManager : Event: ======'s_spinner_active'====== Args={}
2025-11-06 16:23:55,677 : INFO : EventManager : Event: ======'spinner_basic_spinner_hit'====== Args={'hits': 12, 'change': 1, 'label': None}
2025-11-06 16:23:55,678 : INFO : EventManager : Event: ======'machine_var_audits_switches_s_spinner'====== Args={'value': 3653, 'prev_value': 3652, 'change': 1}
2025-11-06 16:23:55,679 : INFO : EventManager : Event: ======'machine_var_audits_shots_spinner'====== Args={'value': 1593, 'prev_value': 1592, 'change': 1}
2025-11-06 16:23:55,679 : INFO : EventManager : Event: ======'spinner_hit'====== Args={'profile': 'base_shot_profile', 'state': 'off', 'advancing': False}
2025-11-06 16:23:55,679 : INFO : EventManager : Event: ======'spinner_base_shot_profile_hit'====== Args={'profile': 'base_shot_profile', 'state': 'off', 'advancing': False}
2025-11-06 16:23:55,679 : INFO : EventManager : Event: ======'spinner_base_shot_profile_off_hit'====== Args={'profile': 'base_shot_profile', 'state': 'off', 'advancing': False}
2025-11-06 16:23:55,679 : INFO : EventManager : Event: ======'spinner_off_hit'====== Args={'profile': 'base_shot_profile', 'state': 'off', 'advancing': False}
2025-11-06 16:23:55,680 : INFO : EventManager : Event: ======'player_score'====== Args={'value': 15367630, 'prev_value': 15366620, 'change': 1010, 'player_num': 1, 'source': 'base'}
2025-11-06 16:23:55,792 : INFO : SwitchController : <<<<<<< 's_spinner' inactive >>>>>>>
2025-11-06 16:23:56,662 : INFO : EventManager : Event: ======'spinner_basic_spinner_inactive'====== Args={'hits': 12}
2025-11-06 16:23:57,538 : INFO : SwitchController : <<<<<<< 's_right_lower_pop' active >>>>>>>
2025-11-06 16:23:57,538 : INFO : EventManager : Event: ======'s_right_lower_pop_active'====== Args={}
2025-11-06 16:23:57,540 : INFO : EventManager : Event: ======'machine_var_audits_switches_s_right_lower_pop'====== Args={'value': 1566, 'prev_value': 1565, 'change': 1}
2025-11-06 16:23:57,541 : INFO : EventManager : Event: ======'machine_var_audits_shots_pop3'====== Args={'value': 814, 'prev_value': 813, 'change': 1}
2025-11-06 16:23:57,541 : INFO : EventManager : Event: ======'pop3_hit'====== Args={'profile': 'base_shot_profile', 'state': 'off', 'advancing': False}
2025-11-06 16:23:57,541 : INFO : EventManager : Event: ======'pop3_base_shot_profile_hit'====== Args={'profile': 'base_shot_profile', 'state': 'off', 'advancing': False}
2025-11-06 16:23:57,541 : INFO : EventManager : Event: ======'pop3_base_shot_profile_off_hit'====== Args={'profile': 'base_shot_profile', 'state': 'off', 'advancing': False}
2025-11-06 16:23:57,541 : INFO : EventManager : Event: ======'pop3_off_hit'====== Args={'profile': 'base_shot_profile', 'state': 'off', 'advancing': False}
2025-11-06 16:23:57,541 : INFO : EventManager : Event: ======'player_score'====== Args={'value': 15368740, 'prev_value': 15367630, 'change': 1110, 'player_num': 1, 'source': 'base'}
2025-11-06 16:23:57,541 : INFO : EventManager : Event: ======'item_highlighted'====== Args={'carousel': 'carousel', 'direction': 'backwards', 'item': 'threemcsand1dj'}
2025-11-06 16:23:57,655 : INFO : SwitchController : <<<<<<< 's_right_lower_pop' inactive >>>>>>>
2025-11-06 16:24:01,518 : INFO : SwitchController : <<<<<<< 's_scoop' active >>>>>>>
2025-11-06 16:24:01,518 : INFO : EventManager : Event: ======'s_scoop_active'====== Args={}
2025-11-06 16:24:01,519 : INFO : EventManager : Event: ======'machine_var_audits_switches_s_scoop'====== Args={'value': 759, 'prev_value': 758, 'change': 1}
2025-11-06 16:24:01,521 : INFO : EventManager : Event: ======'machine_var_audits_shots_scoop'====== Args={'value': 414, 'prev_value': 413, 'change': 1}
2025-11-06 16:24:01,521 : INFO : EventManager : Event: ======'scoop_hit'====== Args={'profile': 'base_shot_profile', 'state': 'off', 'advancing': False}
2025-11-06 16:24:01,522 : INFO : EventManager : Event: ======'scoop_base_shot_profile_hit'====== Args={'profile': 'base_shot_profile', 'state': 'off', 'advancing': False}
2025-11-06 16:24:01,522 : INFO : EventManager : Event: ======'scoop_base_shot_profile_off_hit'====== Args={'profile': 'base_shot_profile', 'state': 'off', 'advancing': False}
2025-11-06 16:24:01,522 : INFO : EventManager : Event: ======'scoop_off_hit'====== Args={'profile': 'base_shot_profile', 'state': 'off', 'advancing': False}
2025-11-06 16:24:01,522 : INFO : EventManager : Event: ======'carousel_threemcsand1dj_selected'====== Args={}
2025-11-06 16:24:01,522 : INFO : EventManager : Event: ======'carousel_item_selected'====== Args={}
2025-11-06 16:24:01,523 : INFO : EventManager : Event: ======'player_score'====== Args={'value': 15371050, 'prev_value': 15368740, 'change': 2310, 'player_num': 1, 'source': 'base'}
2025-11-06 16:24:01,523 : INFO : EventManager : Event: ======'mode_threemcsand1dj_will_start'====== Args={}
2025-11-06 16:24:01,523 : INFO : EventManager : Event: ======'player_threemcsand1dj_threemcsand1dj_intro_show_tick'====== Args={'value': 0, 'prev_value': 0, 'change': 0, 'player_num': 1}
2025-11-06 16:24:01,524 : INFO : EventManager : Event: ======'player_threemcsand1dj_threemcsand1dj_time_remaining_tick'====== Args={'value': 60, 'prev_value': 0, 'change': 60, 'player_num': 1}
2025-11-06 16:24:01,526 : INFO : EventManager : Event: ======'mode_threemcsand1dj_starting'====== Args={}
2025-11-06 16:24:01,526 : INFO : EventManager : Event: ======'player_selected_mode'====== Args={'value': '3 MCs and 1 DJ', 'prev_value': 'Too Many Rappers', 'change': True, 'player_num': 1, 'source': 'carousel'}
2025-11-06 16:24:01,529 : INFO : EventManager : Event: ======'mode_carousel_will_stop'====== Args={}
2025-11-06 16:24:01,529 : INFO : EventManager : Event: ======'mode_carousel_stopping'====== Args={}
2025-11-06 16:24:01,529 : INFO : blinkenlight.bl_scoop_arrow_led : Color removed with key carousel
2025-11-06 16:24:01,533 : INFO : Mode.carousel : Stopped.
2025-11-06 16:24:01,533 : INFO : EventManager : Event: ======'modes_active_modes_changed'====== Args={}
2025-11-06 16:24:01,533 : INFO : EventManager : Event: ======'mode_carousel_stopped'====== Args={}
2025-11-06 16:24:01,533 : INFO : EventManager : Event: ======'clear'====== Args={'key': 'carousel'}
2025-11-06 16:24:01,558 : INFO : EventManager : Event: ======'logicblock_threemcsand1dj_scratches_counter_updated'====== Args={'value': 5, 'enabled': False}
2025-11-06 16:24:01,559 : INFO : Mode.threemcsand1dj : Started. Priority: 1000
2025-11-06 16:24:01,559 : INFO : EventManager : Event: ======'modes_active_modes_changed'====== Args={}
2025-11-06 16:24:01,559 : INFO : EventManager : Event: ======'mode_threemcsand1dj_started'====== Args={}
2025-11-06 16:24:01,560 : INFO : EventManager : Event: ======'logicblock_threemcsand1dj_scratches_counter_updated'====== Args={'value': 5, 'enabled': True}
2025-11-06 16:24:01,561 : INFO : EventManager : Event: ======'logicblock_threemcsand1dj_scratches_counter_updated'====== Args={'value': 5, 'enabled': True}
2025-11-06 16:24:01,562 : INFO : EventManager : Event: ======'logicblock_threemcsand1dj_scratches_counter_updated'====== Args={'value': 5, 'enabled': True}
2025-11-06 16:24:01,563 : INFO : EventManager : Event: ======'player_mode_blocking_flag'====== Args={'value': 1, 'prev_value': 0, 'change': 1, 'player_num': 1, 'source': 'threemcsand1dj'}
2025-11-06 16:24:01,563 : INFO : EventManager : Event: ======'player_threemcsand1dj_scratch_value'====== Args={'value': 100000, 'prev_value': 0, 'change': 100000, 'player_num': 1, 'source': 'threemcsand1dj'}
2025-11-06 16:24:01,563 : INFO : EventManager : Event: ======'player_threemcsand1dj_mix_multiplier'====== Args={'value': 1, 'prev_value': 0, 'change': 1, 'player_num': 1, 'source': 'threemcsand1dj'}
2025-11-06 16:24:01,563 : INFO : EventManager : Event: ======'player_threemcsand1dj_scratches_remaining'====== Args={'value': 5, 'prev_value': 0, 'change': 5, 'player_num': 1, 'source': 'threemcsand1dj'}
2025-11-06 16:24:01,564 : INFO : blinkenlight.bl_lowerpop_smallarrow_led : Color (255, 0, 0) with key threemcsand1dj added
2025-11-06 16:24:01,565 : INFO : blinkenlight.bl_lowerrightpop_inside_led : Color (255, 0, 0) with key threemcsand1dj added
2025-11-06 16:24:01,566 : INFO : blinkenlight.bl_lowerrightpop_inside2_led : Color (255, 0, 0) with key threemcsand1dj added
2025-11-06 16:24:01,567 : INFO : blinkenlight.bl_upperleftpop_inside_led : Color (255, 0, 0) with key threemcsand1dj added
2025-11-06 16:24:01,567 : INFO : blinkenlight.bl_uppercenterpop_inside_led : Color (255, 0, 0) with key threemcsand1dj added
2025-11-06 16:24:01,567 : INFO : blinkenlight.bl_captiveball_smallcircle_led : Color (255, 0, 0) with key threemcsand1dj added
2025-11-06 16:24:01,568 : INFO : blinkenlight.bl_innerloop_arrow_led : Color (0, 128, 0) with key threemcsand1dj added
2025-11-06 16:24:01,569 : INFO : EventManager : Event: ======'achievement_threemcsand1dj_mode_changed_state'====== Args={'restore': False, 'state': 'started', 'selected': False}
2025-11-06 16:24:01,569 : INFO : EventManager : Event: ======'achievement_threemcsand1dj_mode_state_started'====== Args={'restore': False, 'state': 'started', 'selected': False}
2025-11-06 16:24:01,570 : INFO : EventManager : Event: ======'player_mode_threemcsand1dj_score'====== Args={'value': 0, 'prev_value': 0, 'change': 0, 'player_num': 1, 'source': 'base'}
2025-11-06 16:24:01,570 : INFO : EventManager : Event: ======'player_modes_played'====== Args={'value': 2, 'prev_value': 1, 'change': 1, 'player_num': 1, 'source': 'base'}
2025-11-06 16:24:01,570 : INFO : EventManager : Event: ======'player_battery_charged_yesorno'====== Args={'value': 0, 'prev_value': 1, 'change': -1, 'player_num': 1, 'source': 'base'}
2025-11-06 16:24:01,574 : INFO : EventManager : Event: ======'logicblock_played_modes_count_updated'====== Args={'value': 2, 'enabled': True}
2025-11-06 16:24:01,574 : INFO : EventManager : Event: ======'counter_played_modes_count_hit'====== Args={'count': 2, 'hits': 2, 'remaining': 11}
2025-11-06 16:24:01,574 : INFO : EventManager : Event: ======'logicblock_played_modes_count_hit'====== Args={'count': 2, 'hits': 2, 'remaining': 11}
2025-11-06 16:24:01,574 : INFO : Timer.threemcsand1dj_intro_show : Starting Timer.
2025-11-06 16:24:01,574 : INFO : EventManager : Event: ======'timer_threemcsand1dj_intro_show_started'====== Args={'ticks': 0, 'ticks_remaining': 9}
2025-11-06 16:24:01,575 : INFO : EventManager : Event: ======'timer_threemcsand1dj_intro_show_tick'====== Args={'ticks': 0, 'ticks_remaining': 9}
2025-11-06 16:24:01,608 : INFO : EventManager : Event: ======'player_threemcsand1dj_intro_show_variable_times_100'====== Args={'value': 0, 'prev_value': 0, 'change': 0, 'player_num': 1, 'source': 'threemcsand1dj'}
2025-11-06 16:24:01,609 : INFO : EventManager : Event: ======'slide_current_mode_highlighted_removed'====== Args={'_from_bcp': True}
2025-11-06 16:24:01,644 : INFO : EventManager : Event: ======'slide_base_removed'====== Args={'_from_bcp': True}
2025-11-06 16:24:01,645 : INFO : EventManager : Event: ======'slide_basevideo3_removed'====== Args={'_from_bcp': True}
2025-11-06 16:24:01,660 : INFO : EventManager : Event: ======'slide_threemcsand1dj_created'====== Args={'_from_bcp': True}
2025-11-06 16:24:01,663 : INFO : EventManager : Event: ======'slide_threemcsand1dj_instructions_created'====== Args={'_from_bcp': True}
2025-11-06 16:24:02,032 : INFO : EventManager : Event: ======'balldevice_bd_scoop_ball_count_changed'====== Args={'balls': 1}
2025-11-06 16:24:02,033 : INFO : ball_device.bd_scoop : Received unexpected ball
2025-11-06 16:24:02,033 : INFO : EventManager : Event: ======'balldevice_captured_from_playfield'====== Args={'balls': 1}
2025-11-06 16:24:02,033 : INFO : EventManager : Event: ======'sw_playfield_active'====== Args={'balls': 1}
2025-11-06 16:24:02,033 : INFO : EventManager : Event: ======'playfield_ball_count_change'====== Args={'balls': 0, 'change': -1}
2025-11-06 16:24:02,034 : INFO : EventManager : Event: ======'balldevice_bd_scoop_ball_enter'====== Args={'new_balls': 1, 'unclaimed_balls': 1, 'new_available_balls': 1, 'device': <ball_device.bd_scoop>}
2025-11-06 16:24:02,035 : INFO : EventManager : Event: ======'ball_hold_threemcsand1dj_scoop_hold_held_ball'====== Args={'balls_held': 1, 'total_balls_held': 1}
2025-11-06 16:24:02,035 : INFO : EventManager : Event: ======'ball_hold_threemcsand1dj_scoop_hold_full'====== Args={'balls': 1}
2025-11-06 16:24:02,035 : INFO : EventManager : Event: ======'balldevice_balls_available'====== Args={}
2025-11-06 16:24:02,036 : INFO : EventManager : Event: ======'balldevice_bd_scoop_ball_entered'====== Args={'new_balls': 1, 'device': <ball_device.bd_scoop>}
2025-11-06 16:24:02,564 : INFO : EventManager : Event: ======'player_threemcsand1dj_threemcsand1dj_intro_show_tick'====== Args={'value': 1, 'prev_value': 0, 'change': 1, 'player_num': 1}
2025-11-06 16:24:02,566 : INFO : EventManager : Event: ======'timer_threemcsand1dj_intro_show_tick'====== Args={'ticks': 1, 'ticks_remaining': 8}
2025-11-06 16:24:02,569 : INFO : EventManager : Event: ======'player_threemcsand1dj_intro_show_variable_times_100'====== Args={'value': 100, 'prev_value': 0, 'change': 100, 'player_num': 1, 'source': 'threemcsand1dj'}
2025-11-06 16:24:03,580 : INFO : EventManager : Event: ======'player_threemcsand1dj_threemcsand1dj_intro_show_tick'====== Args={'value': 2, 'prev_value': 1, 'change': 1, 'player_num': 1}
2025-11-06 16:24:03,580 : INFO : EventManager : Event: ======'timer_threemcsand1dj_intro_show_tick'====== Args={'ticks': 2, 'ticks_remaining': 7}
2025-11-06 16:24:03,583 : INFO : EventManager : Event: ======'player_threemcsand1dj_intro_show_variable_times_100'====== Args={'value': 200, 'prev_value': 100, 'change': 100, 'player_num': 1, 'source': 'threemcsand1dj'}
2025-11-06 16:24:04,581 : INFO : EventManager : Event: ======'player_threemcsand1dj_threemcsand1dj_intro_show_tick'====== Args={'value': 3, 'prev_value': 2, 'change': 1, 'player_num': 1}
2025-11-06 16:24:04,582 : INFO : EventManager : Event: ======'timer_threemcsand1dj_intro_show_tick'====== Args={'ticks': 3, 'ticks_remaining': 6}
2025-11-06 16:24:04,585 : INFO : EventManager : Event: ======'player_threemcsand1dj_intro_show_variable_times_100'====== Args={'value': 300, 'prev_value': 200, 'change': 100, 'player_num': 1, 'source': 'threemcsand1dj'}
2025-11-06 16:24:05,579 : INFO : EventManager : Event: ======'player_threemcsand1dj_threemcsand1dj_intro_show_tick'====== Args={'value': 4, 'prev_value': 3, 'change': 1, 'player_num': 1}
2025-11-06 16:24:05,580 : INFO : EventManager : Event: ======'timer_threemcsand1dj_intro_show_tick'====== Args={'ticks': 4, 'ticks_remaining': 5}
2025-11-06 16:24:05,582 : INFO : EventManager : Event: ======'player_threemcsand1dj_intro_show_variable_times_100'====== Args={'value': 400, 'prev_value': 300, 'change': 100, 'player_num': 1, 'source': 'threemcsand1dj'}
2025-11-06 16:24:06,591 : INFO : EventManager : Event: ======'player_threemcsand1dj_threemcsand1dj_intro_show_tick'====== Args={'value': 5, 'prev_value': 4, 'change': 1, 'player_num': 1}
2025-11-06 16:24:06,593 : INFO : EventManager : Event: ======'timer_threemcsand1dj_intro_show_tick'====== Args={'ticks': 5, 'ticks_remaining': 4}
2025-11-06 16:24:06,595 : INFO : EventManager : Event: ======'player_threemcsand1dj_intro_show_variable_times_100'====== Args={'value': 500, 'prev_value': 400, 'change': 100, 'player_num': 1, 'source': 'threemcsand1dj'}
2025-11-06 16:24:07,592 : INFO : EventManager : Event: ======'player_threemcsand1dj_threemcsand1dj_intro_show_tick'====== Args={'value': 6, 'prev_value': 5, 'change': 1, 'player_num': 1}
2025-11-06 16:24:07,592 : INFO : EventManager : Event: ======'timer_threemcsand1dj_intro_show_tick'====== Args={'ticks': 6, 'ticks_remaining': 3}
2025-11-06 16:24:07,595 : INFO : EventManager : Event: ======'player_threemcsand1dj_intro_show_variable_times_100'====== Args={'value': 600, 'prev_value': 500, 'change': 100, 'player_num': 1, 'source': 'threemcsand1dj'}
2025-11-06 16:24:08,562 : INFO : EventManager : Event: ======'player_threemcsand1dj_threemcsand1dj_intro_show_tick'====== Args={'value': 7, 'prev_value': 6, 'change': 1, 'player_num': 1}
2025-11-06 16:24:08,563 : INFO : EventManager : Event: ======'timer_threemcsand1dj_intro_show_tick'====== Args={'ticks': 7, 'ticks_remaining': 2}
2025-11-06 16:24:08,566 : INFO : EventManager : Event: ======'player_threemcsand1dj_intro_show_variable_times_100'====== Args={'value': 700, 'prev_value': 600, 'change': 100, 'player_num': 1, 'source': 'threemcsand1dj'}
2025-11-06 16:24:09,561 : INFO : EventManager : Event: ======'player_threemcsand1dj_threemcsand1dj_intro_show_tick'====== Args={'value': 8, 'prev_value': 7, 'change': 1, 'player_num': 1}
2025-11-06 16:24:09,562 : INFO : EventManager : Event: ======'timer_threemcsand1dj_intro_show_tick'====== Args={'ticks': 8, 'ticks_remaining': 1}
2025-11-06 16:24:09,565 : INFO : EventManager : Event: ======'player_threemcsand1dj_intro_show_variable_times_100'====== Args={'value': 800, 'prev_value': 700, 'change': 100, 'player_num': 1, 'source': 'threemcsand1dj'}
2025-11-06 16:24:10,562 : INFO : EventManager : Event: ======'player_threemcsand1dj_threemcsand1dj_intro_show_tick'====== Args={'value': 9, 'prev_value': 8, 'change': 1, 'player_num': 1}
2025-11-06 16:24:10,563 : INFO : Timer.threemcsand1dj_intro_show : Timer Complete
2025-11-06 16:24:10,563 : INFO : Timer.threemcsand1dj_intro_show : Stopping Timer
2025-11-06 16:24:10,563 : INFO : EventManager : Event: ======'timer_threemcsand1dj_intro_show_stopped'====== Args={'ticks': 9, 'ticks_remaining': 1}
2025-11-06 16:24:10,563 : INFO : EventManager : Event: ======'timer_threemcsand1dj_intro_show_complete'====== Args={'ticks': 9, 'ticks_remaining': 1}
2025-11-06 16:24:10,567 : INFO : ball_device.bd_scoop : Adding 1 ball(s) to the eject_queue with target <playfield.playfield>.
2025-11-06 16:24:10,567 : INFO : EventManager : Event: ======'balldevice_balls_available'====== Args={}
2025-11-06 16:24:10,567 : INFO : EventManager : Event: ======'ball_hold_threemcsand1dj_scoop_hold_balls_released'====== Args={'balls_released': 1}
2025-11-06 16:24:10,568 : INFO : Timer.threemcsand1dj_time_remaining : Starting Timer.
2025-11-06 16:24:10,568 : INFO : EventManager : Event: ======'timer_threemcsand1dj_time_remaining_started'====== Args={'ticks': 60, 'ticks_remaining': 60}
2025-11-06 16:24:10,568 : INFO : EventManager : Event: ======'timer_threemcsand1dj_time_remaining_tick'====== Args={'ticks': 60, 'ticks_remaining': 60}
2025-11-06 16:24:10,568 : INFO : EventManager : Event: ======'player_threemcsand1dj_time_remaining_variable_times_1'====== Args={'value': 60, 'prev_value': 0, 'change': 60, 'player_num': 1, 'source': 'threemcsand1dj'}
2025-11-06 16:24:10,571 : INFO : ball_device.bd_scoop : State: waiting_for_target_ready
2025-11-06 16:24:10,572 : INFO : EventManager : Event: ======'balldevice_bd_scoop_ball_eject_attempt'====== Args={'balls': 1, 'target': <playfield.playfield>, 'source': <ball_device.bd_scoop>, 'mechanical_eject': False, 'num_attempts': 0}
2025-11-06 16:24:10,573 : INFO : ball_device.bd_scoop : State: ejecting
2025-11-06 16:24:10,573 : INFO : ball_device.bd_scoop : Ejecting ball to <playfield.playfield>
2025-11-06 16:24:10,573 : INFO : EventManager : Event: ======'balldevice_bd_scoop_ejecting_ball'====== Args={'balls': 1, 'target': <playfield.playfield>, 'source': <ball_device.bd_scoop>, 'mechanical_eject': False, 'num_attempts': 0}
2025-11-06 16:24:10,574 : INFO : ball_device.bd_scoop : Wait for ball to leave device
2025-11-06 16:24:10,574 : INFO : coil.c_scoop_eject : Pulsing Driver for 25ms (1.0 pulse_power)
2025-11-06 16:24:10,574 : INFO : SwitchController : <<<<<<< 's_scoop' inactive >>>>>>>
2025-11-06 16:24:10,579 : INFO : EventManager : Event: ======'slide_threemcsand1dj_instructions_removed'====== Args={'_from_bcp': True}
2025-11-06 16:24:10,580 : INFO : EventManager : Event: ======'slide_threemcsand1dj_scratches_counter_created'====== Args={'_from_bcp': True}
2025-11-06 16:24:10,581 : INFO : ball_device.bd_scoop : State: ball_left
2025-11-06 16:24:10,581 : INFO : ball_device.bd_scoop : Ball left
2025-11-06 16:24:10,581 : INFO : ball_device.bd_scoop : Wait for confirm with timeout 3.0
2025-11-06 16:24:10,582 : INFO : EventManager : Event: ======'slide_threemcsand1dj_display_timer_created'====== Args={'_from_bcp': True}
2025-11-06 16:24:10,583 : INFO : EventManager : Event: ======'slide_threemcsand1dj_scratch_value_created'====== Args={'_from_bcp': True}
2025-11-06 16:24:10,584 : INFO : EventManager : Event: ======'slide_threemcsand1dj_mix_multiplier_created'====== Args={'_from_bcp': True}
2025-11-06 16:24:11,563 : INFO : EventManager : Event: ======'player_threemcsand1dj_threemcsand1dj_time_remaining_tick'====== Args={'value': 59, 'prev_value': 60, 'change': -1, 'player_num': 1}
2025-11-06 16:24:11,564 : INFO : EventManager : Event: ======'timer_threemcsand1dj_time_remaining_tick'====== Args={'ticks': 59, 'ticks_remaining': 59}
2025-11-06 16:24:11,567 : INFO : EventManager : Event: ======'player_threemcsand1dj_time_remaining_variable_times_1'====== Args={'value': 59, 'prev_value': 60, 'change': -1, 'player_num': 1, 'source': 'threemcsand1dj'}
2025-11-06 16:24:12,564 : INFO : EventManager : Event: ======'player_threemcsand1dj_threemcsand1dj_time_remaining_tick'====== Args={'value': 58, 'prev_value': 59, 'change': -1, 'player_num': 1}
2025-11-06 16:24:12,565 : INFO : EventManager : Event: ======'timer_threemcsand1dj_time_remaining_tick'====== Args={'ticks': 58, 'ticks_remaining': 58}
2025-11-06 16:24:12,568 : INFO : EventManager : Event: ======'player_threemcsand1dj_time_remaining_variable_times_1'====== Args={'value': 58, 'prev_value': 59, 'change': -1, 'player_num': 1, 'source': 'threemcsand1dj'}
2025-11-06 16:24:13,562 : INFO : EventManager : Event: ======'player_threemcsand1dj_threemcsand1dj_time_remaining_tick'====== Args={'value': 57, 'prev_value': 58, 'change': -1, 'player_num': 1}
2025-11-06 16:24:13,563 : INFO : EventManager : Event: ======'timer_threemcsand1dj_time_remaining_tick'====== Args={'ticks': 57, 'ticks_remaining': 57}
2025-11-06 16:24:13,566 : INFO : EventManager : Event: ======'player_threemcsand1dj_time_remaining_variable_times_1'====== Args={'value': 57, 'prev_value': 58, 'change': -1, 'player_num': 1, 'source': 'threemcsand1dj'}
2025-11-06 16:24:13,592 : INFO : ball_device.bd_scoop : State: failed_confirm
2025-11-06 16:24:13,592 : INFO : ball_device.bd_scoop : Got timeout (3.0s) before confirm from <playfield.playfield>
2025-11-06 16:24:13,717 : INFO : ball_device.bd_scoop : Confirming eject because target is playfield and ball did not return.
2025-11-06 16:24:13,717 : INFO : ball_device.bd_scoop : Eject successful
2025-11-06 16:24:13,717 : INFO : EventManager : Event: ======'balldevice_bd_scoop_ball_eject_success'====== Args={'balls': 1, 'target': <playfield.playfield>}
2025-11-06 16:24:13,718 : INFO : EventManager : Event: ======'balldevice_playfield_ball_enter'====== Args={'new_balls': 1, 'unclaimed_balls': 1, 'device': <playfield.playfield>}
2025-11-06 16:24:13,718 : INFO : EventManager : Event: ======'playfield_ball_count_change'====== Args={'balls': 1, 'change': 1}
2025-11-06 16:24:13,718 : INFO : EventManager : Event: ======'balldevice_bd_scoop_ball_count_changed'====== Args={'balls': 0}
2025-11-06 16:24:13,718 : INFO : ball_device.bd_scoop : State: idle
2025-11-06 16:24:14,562 : INFO : EventManager : Event: ======'player_threemcsand1dj_threemcsand1dj_time_remaining_tick'====== Args={'value': 56, 'prev_value': 57, 'change': -1, 'player_num': 1}
2025-11-06 16:24:14,562 : INFO : EventManager : Event: ======'timer_threemcsand1dj_time_remaining_tick'====== Args={'ticks': 56, 'ticks_remaining': 56}
2025-11-06 16:24:14,566 : INFO : EventManager : Event: ======'player_threemcsand1dj_time_remaining_variable_times_1'====== Args={'value': 56, 'prev_value': 57, 'change': -1, 'player_num': 1, 'source': 'threemcsand1dj'}
2025-11-06 16:24:15,577 : INFO : EventManager : Event: ======'player_threemcsand1dj_threemcsand1dj_time_remaining_tick'====== Args={'value': 55, 'prev_value': 56, 'change': -1, 'player_num': 1}
2025-11-06 16:24:15,578 : INFO : EventManager : Event: ======'timer_threemcsand1dj_time_remaining_tick'====== Args={'ticks': 55, 'ticks_remaining': 55}
2025-11-06 16:24:15,588 : INFO : EventManager : Event: ======'player_threemcsand1dj_time_remaining_variable_times_1'====== Args={'value': 55, 'prev_value': 56, 'change': -1, 'player_num': 1, 'source': 'threemcsand1dj'}
2025-11-06 16:24:16,562 : INFO : EventManager : Event: ======'player_threemcsand1dj_threemcsand1dj_time_remaining_tick'====== Args={'value': 54, 'prev_value': 55, 'change': -1, 'player_num': 1}
2025-11-06 16:24:16,562 : INFO : EventManager : Event: ======'timer_threemcsand1dj_time_remaining_tick'====== Args={'ticks': 54, 'ticks_remaining': 54}
2025-11-06 16:24:16,567 : INFO : EventManager : Event: ======'player_threemcsand1dj_time_remaining_variable_times_1'====== Args={'value': 54, 'prev_value': 55, 'change': -1, 'player_num': 1, 'source': 'threemcsand1dj'}
2025-11-06 16:24:17,566 : INFO : EventManager : Event: ======'player_threemcsand1dj_threemcsand1dj_time_remaining_tick'====== Args={'value': 53, 'prev_value': 54, 'change': -1, 'player_num': 1}
2025-11-06 16:24:17,566 : INFO : EventManager : Event: ======'timer_threemcsand1dj_time_remaining_tick'====== Args={'ticks': 53, 'ticks_remaining': 53}
2025-11-06 16:24:17,570 : INFO : EventManager : Event: ======'player_threemcsand1dj_time_remaining_variable_times_1'====== Args={'value': 53, 'prev_value': 54, 'change': -1, 'player_num': 1, 'source': 'threemcsand1dj'}
2025-11-06 16:24:18,567 : INFO : EventManager : Event: ======'player_threemcsand1dj_threemcsand1dj_time_remaining_tick'====== Args={'value': 52, 'prev_value': 53, 'change': -1, 'player_num': 1}
2025-11-06 16:24:18,567 : INFO : EventManager : Event: ======'timer_threemcsand1dj_time_remaining_tick'====== Args={'ticks': 52, 'ticks_remaining': 52}
2025-11-06 16:24:18,572 : INFO : EventManager : Event: ======'player_threemcsand1dj_time_remaining_variable_times_1'====== Args={'value': 52, 'prev_value': 53, 'change': -1, 'player_num': 1, 'source': 'threemcsand1dj'}
2025-11-06 16:24:19,571 : INFO : EventManager : Event: ======'player_threemcsand1dj_threemcsand1dj_time_remaining_tick'====== Args={'value': 51, 'prev_value': 52, 'change': -1, 'player_num': 1}
2025-11-06 16:24:19,573 : INFO : EventManager : Event: ======'timer_threemcsand1dj_time_remaining_tick'====== Args={'ticks': 51, 'ticks_remaining': 51}
2025-11-06 16:24:19,576 : INFO : EventManager : Event: ======'player_threemcsand1dj_time_remaining_variable_times_1'====== Args={'value': 51, 'prev_value': 52, 'change': -1, 'player_num': 1, 'source': 'threemcsand1dj'}
2025-11-06 16:24:20,589 : INFO : EventManager : Event: ======'player_threemcsand1dj_threemcsand1dj_time_remaining_tick'====== Args={'value': 50, 'prev_value': 51, 'change': -1, 'player_num': 1}
2025-11-06 16:24:20,590 : INFO : EventManager : Event: ======'timer_threemcsand1dj_time_remaining_tick'====== Args={'ticks': 50, 'ticks_remaining': 50}
2025-11-06 16:24:20,592 : INFO : EventManager : Event: ======'player_threemcsand1dj_time_remaining_variable_times_1'====== Args={'value': 50, 'prev_value': 51, 'change': -1, 'player_num': 1, 'source': 'threemcsand1dj'}
2025-11-06 16:24:21,571 : INFO : EventManager : Event: ======'player_threemcsand1dj_threemcsand1dj_time_remaining_tick'====== Args={'value': 49, 'prev_value': 50, 'change': -1, 'player_num': 1}
2025-11-06 16:24:21,572 : INFO : EventManager : Event: ======'timer_threemcsand1dj_time_remaining_tick'====== Args={'ticks': 49, 'ticks_remaining': 49}
2025-11-06 16:24:21,575 : INFO : EventManager : Event: ======'player_threemcsand1dj_time_remaining_variable_times_1'====== Args={'value': 49, 'prev_value': 50, 'change': -1, 'player_num': 1, 'source': 'threemcsand1dj'}
2025-11-06 16:24:22,570 : INFO : EventManager : Event: ======'player_threemcsand1dj_threemcsand1dj_time_remaining_tick'====== Args={'value': 48, 'prev_value': 49, 'change': -1, 'player_num': 1}
2025-11-06 16:24:22,570 : INFO : EventManager : Event: ======'timer_threemcsand1dj_time_remaining_tick'====== Args={'ticks': 48, 'ticks_remaining': 48}
2025-11-06 16:24:22,574 : INFO : EventManager : Event: ======'player_threemcsand1dj_time_remaining_variable_times_1'====== Args={'value': 48, 'prev_value': 49, 'change': -1, 'player_num': 1, 'source': 'threemcsand1dj'}
2025-11-06 16:24:23,586 : INFO : EventManager : Event: ======'player_threemcsand1dj_threemcsand1dj_time_remaining_tick'====== Args={'value': 47, 'prev_value': 48, 'change': -1, 'player_num': 1}
2025-11-06 16:24:23,587 : INFO : EventManager : Event: ======'timer_threemcsand1dj_time_remaining_tick'====== Args={'ticks': 47, 'ticks_remaining': 47}
2025-11-06 16:24:23,590 : INFO : EventManager : Event: ======'player_threemcsand1dj_time_remaining_variable_times_1'====== Args={'value': 47, 'prev_value': 48, 'change': -1, 'player_num': 1, 'source': 'threemcsand1dj'}
2025-11-06 16:24:24,591 : INFO : EventManager : Event: ======'player_threemcsand1dj_threemcsand1dj_time_remaining_tick'====== Args={'value': 46, 'prev_value': 47, 'change': -1, 'player_num': 1}
2025-11-06 16:24:24,591 : INFO : EventManager : Event: ======'timer_threemcsand1dj_time_remaining_tick'====== Args={'ticks': 46, 'ticks_remaining': 46}
2025-11-06 16:24:24,594 : INFO : EventManager : Event: ======'player_threemcsand1dj_time_remaining_variable_times_1'====== Args={'value': 46, 'prev_value': 47, 'change': -1, 'player_num': 1, 'source': 'threemcsand1dj'}
2025-11-06 16:24:25,577 : INFO : EventManager : Event: ======'player_threemcsand1dj_threemcsand1dj_time_remaining_tick'====== Args={'value': 45, 'prev_value': 46, 'change': -1, 'player_num': 1}
2025-11-06 16:24:25,580 : INFO : EventManager : Event: ======'timer_threemcsand1dj_time_remaining_tick'====== Args={'ticks': 45, 'ticks_remaining': 45}
2025-11-06 16:24:25,583 : INFO : EventManager : Event: ======'player_threemcsand1dj_time_remaining_variable_times_1'====== Args={'value': 45, 'prev_value': 46, 'change': -1, 'player_num': 1, 'source': 'threemcsand1dj'}
2025-11-06 16:24:26,563 : INFO : EventManager : Event: ======'player_threemcsand1dj_threemcsand1dj_time_remaining_tick'====== Args={'value': 44, 'prev_value': 45, 'change': -1, 'player_num': 1}
2025-11-06 16:24:26,565 : INFO : EventManager : Event: ======'timer_threemcsand1dj_time_remaining_tick'====== Args={'ticks': 44, 'ticks_remaining': 44}
2025-11-06 16:24:26,568 : INFO : EventManager : Event: ======'player_threemcsand1dj_time_remaining_variable_times_1'====== Args={'value': 44, 'prev_value': 45, 'change': -1, 'player_num': 1, 'source': 'threemcsand1dj'}
2025-11-06 16:24:27,564 : INFO : EventManager : Event: ======'player_threemcsand1dj_threemcsand1dj_time_remaining_tick'====== Args={'value': 43, 'prev_value': 44, 'change': -1, 'player_num': 1}
2025-11-06 16:24:27,565 : INFO : EventManager : Event: ======'timer_threemcsand1dj_time_remaining_tick'====== Args={'ticks': 43, 'ticks_remaining': 43}
2025-11-06 16:24:27,569 : INFO : EventManager : Event: ======'player_threemcsand1dj_time_remaining_variable_times_1'====== Args={'value': 43, 'prev_value': 44, 'change': -1, 'player_num': 1, 'source': 'threemcsand1dj'}
2025-11-06 16:24:28,564 : INFO : EventManager : Event: ======'player_threemcsand1dj_threemcsand1dj_time_remaining_tick'====== Args={'value': 42, 'prev_value': 43, 'change': -1, 'player_num': 1}
2025-11-06 16:24:28,564 : INFO : EventManager : Event: ======'timer_threemcsand1dj_time_remaining_tick'====== Args={'ticks': 42, 'ticks_remaining': 42}
2025-11-06 16:24:28,569 : INFO : EventManager : Event: ======'player_threemcsand1dj_time_remaining_variable_times_1'====== Args={'value': 42, 'prev_value': 43, 'change': -1, 'player_num': 1, 'source': 'threemcsand1dj'}
2025-11-06 16:24:29,592 : INFO : EventManager : Event: ======'player_threemcsand1dj_threemcsand1dj_time_remaining_tick'====== Args={'value': 41, 'prev_value': 42, 'change': -1, 'player_num': 1}
2025-11-06 16:24:29,593 : INFO : EventManager : Event: ======'timer_threemcsand1dj_time_remaining_tick'====== Args={'ticks': 41, 'ticks_remaining': 41}
2025-11-06 16:24:29,596 : INFO : EventManager : Event: ======'player_threemcsand1dj_time_remaining_variable_times_1'====== Args={'value': 41, 'prev_value': 42, 'change': -1, 'player_num': 1, 'source': 'threemcsand1dj'}
2025-11-06 16:24:30,590 : INFO : EventManager : Event: ======'player_threemcsand1dj_threemcsand1dj_time_remaining_tick'====== Args={'value': 40, 'prev_value': 41, 'change': -1, 'player_num': 1}
2025-11-06 16:24:30,590 : INFO : EventManager : Event: ======'timer_threemcsand1dj_time_remaining_tick'====== Args={'ticks': 40, 'ticks_remaining': 40}
2025-11-06 16:24:30,595 : INFO : EventManager : Event: ======'player_threemcsand1dj_time_remaining_variable_times_1'====== Args={'value': 40, 'prev_value': 41, 'change': -1, 'player_num': 1, 'source': 'threemcsand1dj'}
2025-11-06 16:24:31,562 : INFO : EventManager : Event: ======'player_threemcsand1dj_threemcsand1dj_time_remaining_tick'====== Args={'value': 39, 'prev_value': 40, 'change': -1, 'player_num': 1}
2025-11-06 16:24:31,563 : INFO : EventManager : Event: ======'timer_threemcsand1dj_time_remaining_tick'====== Args={'ticks': 39, 'ticks_remaining': 39}
2025-11-06 16:24:31,567 : INFO : EventManager : Event: ======'player_threemcsand1dj_time_remaining_variable_times_1'====== Args={'value': 39, 'prev_value': 40, 'change': -1, 'player_num': 1, 'source': 'threemcsand1dj'}
2025-11-06 16:24:32,563 : INFO : EventManager : Event: ======'player_threemcsand1dj_threemcsand1dj_time_remaining_tick'====== Args={'value': 38, 'prev_value': 39, 'change': -1, 'player_num': 1}
2025-11-06 16:24:32,564 : INFO : EventManager : Event: ======'timer_threemcsand1dj_time_remaining_tick'====== Args={'ticks': 38, 'ticks_remaining': 38}
2025-11-06 16:24:32,567 : INFO : EventManager : Event: ======'player_threemcsand1dj_time_remaining_variable_times_1'====== Args={'value': 38, 'prev_value': 39, 'change': -1, 'player_num': 1, 'source': 'threemcsand1dj'}
2025-11-06 16:24:33,577 : INFO : EventManager : Event: ======'player_threemcsand1dj_threemcsand1dj_time_remaining_tick'====== Args={'value': 37, 'prev_value': 38, 'change': -1, 'player_num': 1}
2025-11-06 16:24:33,577 : INFO : EventManager : Event: ======'timer_threemcsand1dj_time_remaining_tick'====== Args={'ticks': 37, 'ticks_remaining': 37}
2025-11-06 16:24:33,581 : INFO : EventManager : Event: ======'player_threemcsand1dj_time_remaining_variable_times_1'====== Args={'value': 37, 'prev_value': 38, 'change': -1, 'player_num': 1, 'source': 'threemcsand1dj'}
2025-11-06 16:24:34,591 : INFO : EventManager : Event: ======'player_threemcsand1dj_threemcsand1dj_time_remaining_tick'====== Args={'value': 36, 'prev_value': 37, 'change': -1, 'player_num': 1}
2025-11-06 16:24:34,592 : INFO : EventManager : Event: ======'timer_threemcsand1dj_time_remaining_tick'====== Args={'ticks': 36, 'ticks_remaining': 36}
2025-11-06 16:24:34,595 : INFO : EventManager : Event: ======'player_threemcsand1dj_time_remaining_variable_times_1'====== Args={'value': 36, 'prev_value': 37, 'change': -1, 'player_num': 1, 'source': 'threemcsand1dj'}
2025-11-06 16:24:34,965 : INFO : SwitchController : <<<<<<< 's_left_upper_pop' active >>>>>>>
2025-11-06 16:24:34,965 : INFO : EventManager : Event: ======'s_left_upper_pop_active'====== Args={}
2025-11-06 16:24:34,966 : INFO : EventManager : Event: ======'machine_var_audits_switches_s_left_upper_pop'====== Args={'value': 174, 'prev_value': 173, 'change': 1}
2025-11-06 16:24:34,966 : INFO : EventManager : Event: ======'machine_var_audits_shots_pop1'====== Args={'value': 13, 'prev_value': 12, 'change': 1}
2025-11-06 16:24:34,968 : INFO : EventManager : Event: ======'pop1_hit'====== Args={'profile': 'base_shot_profile', 'state': 'off', 'advancing': False}
2025-11-06 16:24:34,969 : INFO : EventManager : Event: ======'pop1_base_shot_profile_hit'====== Args={'profile': 'base_shot_profile', 'state': 'off', 'advancing': False}
2025-11-06 16:24:34,969 : INFO : EventManager : Event: ======'pop1_base_shot_profile_off_hit'====== Args={'profile': 'base_shot_profile', 'state': 'off', 'advancing': False}
2025-11-06 16:24:34,969 : INFO : EventManager : Event: ======'pop1_off_hit'====== Args={'profile': 'base_shot_profile', 'state': 'off', 'advancing': False}
2025-11-06 16:24:34,969 : INFO : EventManager : Event: ======'player_score'====== Args={'value': 15372160, 'prev_value': 15371050, 'change': 1110, 'player_num': 1, 'source': 'base'}
2025-11-06 16:24:34,969 : INFO : EventManager : Event: ======'player_threemcsand1dj_scratch_value'====== Args={'value': 125000, 'prev_value': 100000, 'change': 25000, 'player_num': 1, 'source': 'threemcsand1dj'}
2025-11-06 16:24:35,073 : INFO : SwitchController : <<<<<<< 's_left_upper_pop' inactive >>>>>>>
2025-11-06 16:24:35,535 : INFO : SwitchController : <<<<<<< 's_center_upper_pop' active >>>>>>>
2025-11-06 16:24:35,536 : INFO : EventManager : Event: ======'s_center_upper_pop_active'====== Args={}
2025-11-06 16:24:35,536 : INFO : EventManager : Event: ======'machine_var_audits_switches_s_center_upper_pop'====== Args={'value': 252, 'prev_value': 251, 'change': 1}
2025-11-06 16:24:35,537 : INFO : EventManager : Event: ======'machine_var_audits_shots_pop2'====== Args={'value': 32, 'prev_value': 31, 'change': 1}
2025-11-06 16:24:35,537 : INFO : EventManager : Event: ======'pop2_hit'====== Args={'profile': 'base_shot_profile', 'state': 'off', 'advancing': False}
2025-11-06 16:24:35,537 : INFO : EventManager : Event: ======'pop2_base_shot_profile_hit'====== Args={'profile': 'base_shot_profile', 'state': 'off', 'advancing': False}
2025-11-06 16:24:35,537 : INFO : EventManager : Event: ======'pop2_base_shot_profile_off_hit'====== Args={'profile': 'base_shot_profile', 'state': 'off', 'advancing': False}
2025-11-06 16:24:35,537 : INFO : EventManager : Event: ======'pop2_off_hit'====== Args={'profile': 'base_shot_profile', 'state': 'off', 'advancing': False}
2025-11-06 16:24:35,537 : INFO : EventManager : Event: ======'player_score'====== Args={'value': 15373270, 'prev_value': 15372160, 'change': 1110, 'player_num': 1, 'source': 'base'}
2025-11-06 16:24:35,537 : INFO : EventManager : Event: ======'player_threemcsand1dj_scratch_value'====== Args={'value': 150000, 'prev_value': 125000, 'change': 25000, 'player_num': 1, 'source': 'threemcsand1dj'}
2025-11-06 16:24:35,573 : INFO : EventManager : Event: ======'player_threemcsand1dj_threemcsand1dj_time_remaining_tick'====== Args={'value': 35, 'prev_value': 36, 'change': -1, 'player_num': 1}
2025-11-06 16:24:35,574 : INFO : EventManager : Event: ======'timer_threemcsand1dj_time_remaining_tick'====== Args={'ticks': 35, 'ticks_remaining': 35}
2025-11-06 16:24:35,577 : INFO : EventManager : Event: ======'player_threemcsand1dj_time_remaining_variable_times_1'====== Args={'value': 35, 'prev_value': 36, 'change': -1, 'player_num': 1, 'source': 'threemcsand1dj'}
2025-11-06 16:24:35,643 : INFO : SwitchController : <<<<<<< 's_center_upper_pop' inactive >>>>>>>
2025-11-06 16:24:35,715 : INFO : SwitchController : <<<<<<< 's_center_upper_pop' active >>>>>>>
2025-11-06 16:24:35,715 : INFO : EventManager : Event: ======'s_center_upper_pop_active'====== Args={}
2025-11-06 16:24:35,715 : INFO : EventManager : Event: ======'machine_var_audits_switches_s_center_upper_pop'====== Args={'value': 253, 'prev_value': 252, 'change': 1}
2025-11-06 16:24:35,717 : INFO : EventManager : Event: ======'machine_var_audits_shots_pop2'====== Args={'value': 33, 'prev_value': 32, 'change': 1}
2025-11-06 16:24:35,717 : INFO : EventManager : Event: ======'pop2_hit'====== Args={'profile': 'base_shot_profile', 'state': 'off', 'advancing': False}
2025-11-06 16:24:35,717 : INFO : EventManager : Event: ======'pop2_base_shot_profile_hit'====== Args={'profile': 'base_shot_profile', 'state': 'off', 'advancing': False}
2025-11-06 16:24:35,717 : INFO : EventManager : Event: ======'pop2_base_shot_profile_off_hit'====== Args={'profile': 'base_shot_profile', 'state': 'off', 'advancing': False}
2025-11-06 16:24:35,717 : INFO : EventManager : Event: ======'pop2_off_hit'====== Args={'profile': 'base_shot_profile', 'state': 'off', 'advancing': False}
2025-11-06 16:24:35,717 : INFO : EventManager : Event: ======'player_score'====== Args={'value': 15374380, 'prev_value': 15373270, 'change': 1110, 'player_num': 1, 'source': 'base'}
2025-11-06 16:24:35,718 : INFO : EventManager : Event: ======'player_threemcsand1dj_scratch_value'====== Args={'value': 175000, 'prev_value': 150000, 'change': 25000, 'player_num': 1, 'source': 'threemcsand1dj'}
2025-11-06 16:24:35,783 : INFO : SwitchController : <<<<<<< 's_center_upper_pop' inactive >>>>>>>
2025-11-06 16:24:35,859 : INFO : SwitchController : <<<<<<< 's_center_upper_pop' active >>>>>>>
2025-11-06 16:24:35,859 : INFO : EventManager : Event: ======'s_center_upper_pop_active'====== Args={}
2025-11-06 16:24:35,860 : INFO : EventManager : Event: ======'machine_var_audits_switches_s_center_upper_pop'====== Args={'value': 254, 'prev_value': 253, 'change': 1}
2025-11-06 16:24:35,861 : INFO : EventManager : Event: ======'machine_var_audits_shots_pop2'====== Args={'value': 34, 'prev_value': 33, 'change': 1}
2025-11-06 16:24:35,861 : INFO : EventManager : Event: ======'pop2_hit'====== Args={'profile': 'base_shot_profile', 'state': 'off', 'advancing': False}
2025-11-06 16:24:35,861 : INFO : EventManager : Event: ======'pop2_base_shot_profile_hit'====== Args={'profile': 'base_shot_profile', 'state': 'off', 'advancing': False}
2025-11-06 16:24:35,861 : INFO : EventManager : Event: ======'pop2_base_shot_profile_off_hit'====== Args={'profile': 'base_shot_profile', 'state': 'off', 'advancing': False}
2025-11-06 16:24:35,861 : INFO : EventManager : Event: ======'pop2_off_hit'====== Args={'profile': 'base_shot_profile', 'state': 'off', 'advancing': False}
2025-11-06 16:24:35,861 : INFO : EventManager : Event: ======'player_score'====== Args={'value': 15375490, 'prev_value': 15374380, 'change': 1110, 'player_num': 1, 'source': 'base'}
2025-11-06 16:24:35,862 : INFO : EventManager : Event: ======'player_threemcsand1dj_scratch_value'====== Args={'value': 200000, 'prev_value': 175000, 'change': 25000, 'player_num': 1, 'source': 'threemcsand1dj'}
2025-11-06 16:24:35,920 : INFO : SwitchController : <<<<<<< 's_center_upper_pop' inactive >>>>>>>
2025-11-06 16:24:36,015 : INFO : SwitchController : <<<<<<< 's_center_upper_pop' active >>>>>>>
2025-11-06 16:24:36,015 : INFO : EventManager : Event: ======'s_center_upper_pop_active'====== Args={}
2025-11-06 16:24:36,015 : INFO : EventManager : Event: ======'machine_var_audits_switches_s_center_upper_pop'====== Args={'value': 255, 'prev_value': 254, 'change': 1}
2025-11-06 16:24:36,016 : INFO : EventManager : Event: ======'machine_var_audits_shots_pop2'====== Args={'value': 35, 'prev_value': 34, 'change': 1}
2025-11-06 16:24:36,016 : INFO : EventManager : Event: ======'pop2_hit'====== Args={'profile': 'base_shot_profile', 'state': 'off', 'advancing': False}
2025-11-06 16:24:36,016 : INFO : EventManager : Event: ======'pop2_base_shot_profile_hit'====== Args={'profile': 'base_shot_profile', 'state': 'off', 'advancing': False}
2025-11-06 16:24:36,016 : INFO : EventManager : Event: ======'pop2_base_shot_profile_off_hit'====== Args={'profile': 'base_shot_profile', 'state': 'off', 'advancing': False}
2025-11-06 16:24:36,016 : INFO : EventManager : Event: ======'pop2_off_hit'====== Args={'profile': 'base_shot_profile', 'state': 'off', 'advancing': False}
2025-11-06 16:24:36,016 : INFO : EventManager : Event: ======'player_score'====== Args={'value': 15376600, 'prev_value': 15375490, 'change': 1110, 'player_num': 1, 'source': 'base'}
2025-11-06 16:24:36,017 : INFO : EventManager : Event: ======'player_threemcsand1dj_scratch_value'====== Args={'value': 225000, 'prev_value': 200000, 'change': 25000, 'player_num': 1, 'source': 'threemcsand1dj'}
2025-11-06 16:24:36,082 : INFO : SwitchController : <<<<<<< 's_center_upper_pop' inactive >>>>>>>
2025-11-06 16:24:36,561 : INFO : EventManager : Event: ======'player_threemcsand1dj_threemcsand1dj_time_remaining_tick'====== Args={'value': 34, 'prev_value': 35, 'change': -1, 'player_num': 1}
2025-11-06 16:24:36,562 : INFO : EventManager : Event: ======'timer_threemcsand1dj_time_remaining_tick'====== Args={'ticks': 34, 'ticks_remaining': 34}
2025-11-06 16:24:36,565 : INFO : EventManager : Event: ======'player_threemcsand1dj_time_remaining_variable_times_1'====== Args={'value': 34, 'prev_value': 35, 'change': -1, 'player_num': 1, 'source': 'threemcsand1dj'}
2025-11-06 16:24:36,620 : INFO : SwitchController : <<<<<<< 's_left_upper_pop' active >>>>>>>
2025-11-06 16:24:36,620 : INFO : EventManager : Event: ======'s_left_upper_pop_active'====== Args={}
2025-11-06 16:24:36,620 : INFO : EventManager : Event: ======'machine_var_audits_switches_s_left_upper_pop'====== Args={'value': 175, 'prev_value': 174, 'change': 1}
2025-11-06 16:24:36,621 : INFO : EventManager : Event: ======'machine_var_audits_shots_pop1'====== Args={'value': 14, 'prev_value': 13, 'change': 1}
2025-11-06 16:24:36,621 : INFO : EventManager : Event: ======'pop1_hit'====== Args={'profile': 'base_shot_profile', 'state': 'off', 'advancing': False}
2025-11-06 16:24:36,621 : INFO : EventManager : Event: ======'pop1_base_shot_profile_hit'====== Args={'profile': 'base_shot_profile', 'state': 'off', 'advancing': False}
2025-11-06 16:24:36,621 : INFO : EventManager : Event: ======'pop1_base_shot_profile_off_hit'====== Args={'profile': 'base_shot_profile', 'state': 'off', 'advancing': False}
2025-11-06 16:24:36,621 : INFO : EventManager : Event: ======'pop1_off_hit'====== Args={'profile': 'base_shot_profile', 'state': 'off', 'advancing': False}
2025-11-06 16:24:36,622 : INFO : EventManager : Event: ======'player_score'====== Args={'value': 15377710, 'prev_value': 15376600, 'change': 1110, 'player_num': 1, 'source': 'base'}
2025-11-06 16:24:36,622 : INFO : EventManager : Event: ======'player_threemcsand1dj_scratch_value'====== Args={'value': 250000, 'prev_value': 225000, 'change': 25000, 'player_num': 1, 'source': 'threemcsand1dj'}
2025-11-06 16:24:36,682 : INFO : SwitchController : <<<<<<< 's_left_upper_pop' inactive >>>>>>>
2025-11-06 16:24:36,781 : INFO : SwitchController : <<<<<<< 's_left_upper_pop' active >>>>>>>
2025-11-06 16:24:36,781 : INFO : EventManager : Event: ======'s_left_upper_pop_active'====== Args={}
2025-11-06 16:24:36,781 : INFO : EventManager : Event: ======'machine_var_audits_switches_s_left_upper_pop'====== Args={'value': 176, 'prev_value': 175, 'change': 1}
2025-11-06 16:24:36,782 : INFO : EventManager : Event: ======'machine_var_audits_shots_pop1'====== Args={'value': 15, 'prev_value': 14, 'change': 1}
2025-11-06 16:24:36,783 : INFO : EventManager : Event: ======'pop1_hit'====== Args={'profile': 'base_shot_profile', 'state': 'off', 'advancing': False}
2025-11-06 16:24:36,783 : INFO : EventManager : Event: ======'pop1_base_shot_profile_hit'====== Args={'profile': 'base_shot_profile', 'state': 'off', 'advancing': False}
2025-11-06 16:24:36,783 : INFO : EventManager : Event: ======'pop1_base_shot_profile_off_hit'====== Args={'profile': 'base_shot_profile', 'state': 'off', 'advancing': False}
2025-11-06 16:24:36,785 : INFO : EventManager : Event: ======'pop1_off_hit'====== Args={'profile': 'base_shot_profile', 'state': 'off', 'advancing': False}
2025-11-06 16:24:36,785 : INFO : EventManager : Event: ======'player_score'====== Args={'value': 15378820, 'prev_value': 15377710, 'change': 1110, 'player_num': 1, 'source': 'base'}
2025-11-06 16:24:36,785 : INFO : EventManager : Event: ======'player_threemcsand1dj_scratch_value'====== Args={'value': 275000, 'prev_value': 250000, 'change': 25000, 'player_num': 1, 'source': 'threemcsand1dj'}
2025-11-06 16:24:36,853 : INFO : SwitchController : <<<<<<< 's_left_upper_pop' inactive >>>>>>>
2025-11-06 16:24:36,985 : INFO : SwitchController : <<<<<<< 's_left_upper_pop' active >>>>>>>
2025-11-06 16:24:36,986 : INFO : EventManager : Event: ======'s_left_upper_pop_active'====== Args={}
2025-11-06 16:24:36,986 : INFO : EventManager : Event: ======'machine_var_audits_switches_s_left_upper_pop'====== Args={'value': 177, 'prev_value': 176, 'change': 1}
2025-11-06 16:24:36,986 : INFO : EventManager : Event: ======'machine_var_audits_shots_pop1'====== Args={'value': 16, 'prev_value': 15, 'change': 1}
2025-11-06 16:24:36,987 : INFO : EventManager : Event: ======'pop1_hit'====== Args={'profile': 'base_shot_profile', 'state': 'off', 'advancing': False}
2025-11-06 16:24:36,987 : INFO : EventManager : Event: ======'pop1_base_shot_profile_hit'====== Args={'profile': 'base_shot_profile', 'state': 'off', 'advancing': False}
2025-11-06 16:24:36,987 : INFO : EventManager : Event: ======'pop1_base_shot_profile_off_hit'====== Args={'profile': 'base_shot_profile', 'state': 'off', 'advancing': False}
2025-11-06 16:24:36,988 : INFO : EventManager : Event: ======'pop1_off_hit'====== Args={'profile': 'base_shot_profile', 'state': 'off', 'advancing': False}
2025-11-06 16:24:36,988 : INFO : EventManager : Event: ======'player_score'====== Args={'value': 15379930, 'prev_value': 15378820, 'change': 1110, 'player_num': 1, 'source': 'base'}
2025-11-06 16:24:36,988 : INFO : EventManager : Event: ======'player_threemcsand1dj_scratch_value'====== Args={'value': 300000, 'prev_value': 275000, 'change': 25000, 'player_num': 1, 'source': 'threemcsand1dj'}
2025-11-06 16:24:37,089 : INFO : SwitchController : <<<<<<< 's_left_upper_pop' inactive >>>>>>>
2025-11-06 16:24:37,153 : INFO : SwitchController : <<<<<<< 's_left_upper_pop' active >>>>>>>
2025-11-06 16:24:37,153 : INFO : EventManager : Event: ======'s_left_upper_pop_active'====== Args={}
2025-11-06 16:24:37,154 : INFO : EventManager : Event: ======'machine_var_audits_switches_s_left_upper_pop'====== Args={'value': 178, 'prev_value': 177, 'change': 1}
2025-11-06 16:24:37,155 : INFO : EventManager : Event: ======'machine_var_audits_shots_pop1'====== Args={'value': 17, 'prev_value': 16, 'change': 1}
2025-11-06 16:24:37,155 : INFO : EventManager : Event: ======'pop1_hit'====== Args={'profile': 'base_shot_profile', 'state': 'off', 'advancing': False}
2025-11-06 16:24:37,155 : INFO : EventManager : Event: ======'pop1_base_shot_profile_hit'====== Args={'profile': 'base_shot_profile', 'state': 'off', 'advancing': False}
2025-11-06 16:24:37,155 : INFO : EventManager : Event: ======'pop1_base_shot_profile_off_hit'====== Args={'profile': 'base_shot_profile', 'state': 'off', 'advancing': False}
2025-11-06 16:24:37,155 : INFO : EventManager : Event: ======'pop1_off_hit'====== Args={'profile': 'base_shot_profile', 'state': 'off', 'advancing': False}
2025-11-06 16:24:37,155 : INFO : EventManager : Event: ======'player_score'====== Args={'value': 15381040, 'prev_value': 15379930, 'change': 1110, 'player_num': 1, 'source': 'base'}
2025-11-06 16:24:37,155 : INFO : EventManager : Event: ======'player_threemcsand1dj_scratch_value'====== Args={'value': 325000, 'prev_value': 300000, 'change': 25000, 'player_num': 1, 'source': 'threemcsand1dj'}
2025-11-06 16:24:37,245 : INFO : SwitchController : <<<<<<< 's_left_upper_pop' inactive >>>>>>>
2025-11-06 16:24:37,562 : INFO : EventManager : Event: ======'player_threemcsand1dj_threemcsand1dj_time_remaining_tick'====== Args={'value': 33, 'prev_value': 34, 'change': -1, 'player_num': 1}
2025-11-06 16:24:37,563 : INFO : EventManager : Event: ======'timer_threemcsand1dj_time_remaining_tick'====== Args={'ticks': 33, 'ticks_remaining': 33}
2025-11-06 16:24:37,566 : INFO : EventManager : Event: ======'player_threemcsand1dj_time_remaining_variable_times_1'====== Args={'value': 33, 'prev_value': 34, 'change': -1, 'player_num': 1, 'source': 'threemcsand1dj'}
2025-11-06 16:24:38,222 : INFO : SwitchController : <<<<<<< 's_center_upper_pop' active >>>>>>>
2025-11-06 16:24:38,222 : INFO : EventManager : Event: ======'s_center_upper_pop_active'====== Args={}
2025-11-06 16:24:38,222 : INFO : EventManager : Event: ======'machine_var_audits_switches_s_center_upper_pop'====== Args={'value': 256, 'prev_value': 255, 'change': 1}
2025-11-06 16:24:38,223 : INFO : EventManager : Event: ======'machine_var_audits_shots_pop2'====== Args={'value': 36, 'prev_value': 35, 'change': 1}
2025-11-06 16:24:38,223 : INFO : EventManager : Event: ======'pop2_hit'====== Args={'profile': 'base_shot_profile', 'state': 'off', 'advancing': False}
2025-11-06 16:24:38,224 : INFO : EventManager : Event: ======'pop2_base_shot_profile_hit'====== Args={'profile': 'base_shot_profile', 'state': 'off', 'advancing': False}
2025-11-06 16:24:38,224 : INFO : EventManager : Event: ======'pop2_base_shot_profile_off_hit'====== Args={'profile': 'base_shot_profile', 'state': 'off', 'advancing': False}
2025-11-06 16:24:38,224 : INFO : EventManager : Event: ======'pop2_off_hit'====== Args={'profile': 'base_shot_profile', 'state': 'off', 'advancing': False}
2025-11-06 16:24:38,224 : INFO : EventManager : Event: ======'player_score'====== Args={'value': 15382150, 'prev_value': 15381040, 'change': 1110, 'player_num': 1, 'source': 'base'}
2025-11-06 16:24:38,224 : INFO : EventManager : Event: ======'player_threemcsand1dj_scratch_value'====== Args={'value': 350000, 'prev_value': 325000, 'change': 25000, 'player_num': 1, 'source': 'threemcsand1dj'}
2025-11-06 16:24:38,303 : INFO : SwitchController : <<<<<<< 's_center_upper_pop' inactive >>>>>>>
2025-11-06 16:24:38,504 : INFO : SwitchController : <<<<<<< 's_center_upper_pop' active >>>>>>>
2025-11-06 16:24:38,504 : INFO : EventManager : Event: ======'s_center_upper_pop_active'====== Args={}
2025-11-06 16:24:38,504 : INFO : EventManager : Event: ======'machine_var_audits_switches_s_center_upper_pop'====== Args={'value': 257, 'prev_value': 256, 'change': 1}
2025-11-06 16:24:38,506 : INFO : EventManager : Event: ======'machine_var_audits_shots_pop2'====== Args={'value': 37, 'prev_value': 36, 'change': 1}
2025-11-06 16:24:38,506 : INFO : EventManager : Event: ======'pop2_hit'====== Args={'profile': 'base_shot_profile', 'state': 'off', 'advancing': False}
2025-11-06 16:24:38,506 : INFO : EventManager : Event: ======'pop2_base_shot_profile_hit'====== Args={'profile': 'base_shot_profile', 'state': 'off', 'advancing': False}
2025-11-06 16:24:38,507 : INFO : EventManager : Event: ======'pop2_base_shot_profile_off_hit'====== Args={'profile': 'base_shot_profile', 'state': 'off', 'advancing': False}
2025-11-06 16:24:38,507 : INFO : EventManager : Event: ======'pop2_off_hit'====== Args={'profile': 'base_shot_profile', 'state': 'off', 'advancing': False}
2025-11-06 16:24:38,507 : INFO : EventManager : Event: ======'player_score'====== Args={'value': 15383260, 'prev_value': 15382150, 'change': 1110, 'player_num': 1, 'source': 'base'}
2025-11-06 16:24:38,507 : INFO : EventManager : Event: ======'player_threemcsand1dj_scratch_value'====== Args={'value': 375000, 'prev_value': 350000, 'change': 25000, 'player_num': 1, 'source': 'threemcsand1dj'}
2025-11-06 16:24:38,575 : INFO : EventManager : Event: ======'player_threemcsand1dj_threemcsand1dj_time_remaining_tick'====== Args={'value': 32, 'prev_value': 33, 'change': -1, 'player_num': 1}
2025-11-06 16:24:38,576 : INFO : EventManager : Event: ======'timer_threemcsand1dj_time_remaining_tick'====== Args={'ticks': 32, 'ticks_remaining': 32}
2025-11-06 16:24:38,580 : INFO : EventManager : Event: ======'player_threemcsand1dj_time_remaining_variable_times_1'====== Args={'value': 32, 'prev_value': 33, 'change': -1, 'player_num': 1, 'source': 'threemcsand1dj'}
2025-11-06 16:24:38,650 : INFO : SwitchController : <<<<<<< 's_center_upper_pop' inactive >>>>>>>
2025-11-06 16:24:38,656 : INFO : SwitchController : <<<<<<< 's_center_upper_pop' active >>>>>>>
2025-11-06 16:24:38,656 : INFO : EventManager : Event: ======'s_center_upper_pop_active'====== Args={}
2025-11-06 16:24:38,657 : INFO : EventManager : Event: ======'machine_var_audits_switches_s_center_upper_pop'====== Args={'value': 258, 'prev_value': 257, 'change': 1}
2025-11-06 16:24:38,658 : INFO : EventManager : Event: ======'machine_var_audits_shots_pop2'====== Args={'value': 38, 'prev_value': 37, 'change': 1}
2025-11-06 16:24:38,658 : INFO : EventManager : Event: ======'pop2_hit'====== Args={'profile': 'base_shot_profile', 'state': 'off', 'advancing': False}
2025-11-06 16:24:38,658 : INFO : EventManager : Event: ======'pop2_base_shot_profile_hit'====== Args={'profile': 'base_shot_profile', 'state': 'off', 'advancing': False}
2025-11-06 16:24:38,658 : INFO : EventManager : Event: ======'pop2_base_shot_profile_off_hit'====== Args={'profile': 'base_shot_profile', 'state': 'off', 'advancing': False}
2025-11-06 16:24:38,658 : INFO : EventManager : Event: ======'pop2_off_hit'====== Args={'profile': 'base_shot_profile', 'state': 'off', 'advancing': False}
2025-11-06 16:24:38,658 : INFO : EventManager : Event: ======'player_score'====== Args={'value': 15384370, 'prev_value': 15383260, 'change': 1110, 'player_num': 1, 'source': 'base'}
2025-11-06 16:24:38,659 : INFO : EventManager : Event: ======'player_threemcsand1dj_scratch_value'====== Args={'value': 400000, 'prev_value': 375000, 'change': 25000, 'player_num': 1, 'source': 'threemcsand1dj'}
2025-11-06 16:24:38,721 : INFO : SwitchController : <<<<<<< 's_center_upper_pop' inactive >>>>>>>
2025-11-06 16:24:38,786 : INFO : SwitchController : <<<<<<< 's_center_upper_pop' active >>>>>>>
2025-11-06 16:24:38,786 : INFO : EventManager : Event: ======'s_center_upper_pop_active'====== Args={}
2025-11-06 16:24:38,786 : INFO : EventManager : Event: ======'machine_var_audits_switches_s_center_upper_pop'====== Args={'value': 259, 'prev_value': 258, 'change': 1}
2025-11-06 16:24:38,787 : INFO : EventManager : Event: ======'machine_var_audits_shots_pop2'====== Args={'value': 39, 'prev_value': 38, 'change': 1}
2025-11-06 16:24:38,788 : INFO : EventManager : Event: ======'pop2_hit'====== Args={'profile': 'base_shot_profile', 'state': 'off', 'advancing': False}
2025-11-06 16:24:38,788 : INFO : EventManager : Event: ======'pop2_base_shot_profile_hit'====== Args={'profile': 'base_shot_profile', 'state': 'off', 'advancing': False}
2025-11-06 16:24:38,788 : INFO : EventManager : Event: ======'pop2_base_shot_profile_off_hit'====== Args={'profile': 'base_shot_profile', 'state': 'off', 'advancing': False}
2025-11-06 16:24:38,788 : INFO : EventManager : Event: ======'pop2_off_hit'====== Args={'profile': 'base_shot_profile', 'state': 'off', 'advancing': False}
2025-11-06 16:24:38,788 : INFO : EventManager : Event: ======'player_score'====== Args={'value': 15385480, 'prev_value': 15384370, 'change': 1110, 'player_num': 1, 'source': 'base'}
2025-11-06 16:24:38,788 : INFO : EventManager : Event: ======'player_threemcsand1dj_scratch_value'====== Args={'value': 425000, 'prev_value': 400000, 'change': 25000, 'player_num': 1, 'source': 'threemcsand1dj'}
2025-11-06 16:24:38,886 : INFO : SwitchController : <<<<<<< 's_center_upper_pop' inactive >>>>>>>
2025-11-06 16:24:39,586 : INFO : EventManager : Event: ======'player_threemcsand1dj_threemcsand1dj_time_remaining_tick'====== Args={'value': 31, 'prev_value': 32, 'change': -1, 'player_num': 1}
2025-11-06 16:24:39,587 : INFO : EventManager : Event: ======'timer_threemcsand1dj_time_remaining_tick'====== Args={'ticks': 31, 'ticks_remaining': 31}
2025-11-06 16:24:39,589 : INFO : EventManager : Event: ======'player_threemcsand1dj_time_remaining_variable_times_1'====== Args={'value': 31, 'prev_value': 32, 'change': -1, 'player_num': 1, 'source': 'threemcsand1dj'}
2025-11-06 16:24:40,589 : INFO : EventManager : Event: ======'player_threemcsand1dj_threemcsand1dj_time_remaining_tick'====== Args={'value': 30, 'prev_value': 31, 'change': -1, 'player_num': 1}
2025-11-06 16:24:40,590 : INFO : EventManager : Event: ======'timer_threemcsand1dj_time_remaining_tick'====== Args={'ticks': 30, 'ticks_remaining': 30}
2025-11-06 16:24:40,593 : INFO : EventManager : Event: ======'player_threemcsand1dj_time_remaining_variable_times_1'====== Args={'value': 30, 'prev_value': 31, 'change': -1, 'player_num': 1, 'source': 'threemcsand1dj'}
2025-11-06 16:24:41,579 : INFO : EventManager : Event: ======'player_threemcsand1dj_threemcsand1dj_time_remaining_tick'====== Args={'value': 29, 'prev_value': 30, 'change': -1, 'player_num': 1}
2025-11-06 16:24:41,580 : INFO : EventManager : Event: ======'timer_threemcsand1dj_time_remaining_tick'====== Args={'ticks': 29, 'ticks_remaining': 29}
2025-11-06 16:24:41,584 : INFO : EventManager : Event: ======'player_threemcsand1dj_time_remaining_variable_times_1'====== Args={'value': 29, 'prev_value': 30, 'change': -1, 'player_num': 1, 'source': 'threemcsand1dj'}
2025-11-06 16:24:42,580 : INFO : EventManager : Event: ======'player_threemcsand1dj_threemcsand1dj_time_remaining_tick'====== Args={'value': 28, 'prev_value': 29, 'change': -1, 'player_num': 1}
2025-11-06 16:24:42,581 : INFO : EventManager : Event: ======'timer_threemcsand1dj_time_remaining_tick'====== Args={'ticks': 28, 'ticks_remaining': 28}
2025-11-06 16:24:42,584 : INFO : EventManager : Event: ======'player_threemcsand1dj_time_remaining_variable_times_1'====== Args={'value': 28, 'prev_value': 29, 'change': -1, 'player_num': 1, 'source': 'threemcsand1dj'}
2025-11-06 16:24:43,585 : INFO : EventManager : Event: ======'player_threemcsand1dj_threemcsand1dj_time_remaining_tick'====== Args={'value': 27, 'prev_value': 28, 'change': -1, 'player_num': 1}
2025-11-06 16:24:43,586 : INFO : EventManager : Event: ======'timer_threemcsand1dj_time_remaining_tick'====== Args={'ticks': 27, 'ticks_remaining': 27}
2025-11-06 16:24:43,588 : INFO : EventManager : Event: ======'player_threemcsand1dj_time_remaining_variable_times_1'====== Args={'value': 27, 'prev_value': 28, 'change': -1, 'player_num': 1, 'source': 'threemcsand1dj'}
2025-11-06 16:24:44,580 : INFO : EventManager : Event: ======'player_threemcsand1dj_threemcsand1dj_time_remaining_tick'====== Args={'value': 26, 'prev_value': 27, 'change': -1, 'player_num': 1}
2025-11-06 16:24:44,580 : INFO : EventManager : Event: ======'timer_threemcsand1dj_time_remaining_tick'====== Args={'ticks': 26, 'ticks_remaining': 26}
2025-11-06 16:24:44,584 : INFO : EventManager : Event: ======'player_threemcsand1dj_time_remaining_variable_times_1'====== Args={'value': 26, 'prev_value': 27, 'change': -1, 'player_num': 1, 'source': 'threemcsand1dj'}
2025-11-06 16:24:44,768 : INFO : SwitchController : <<<<<<< 's_right_lower_pop' active >>>>>>>
2025-11-06 16:24:44,768 : INFO : EventManager : Event: ======'s_right_lower_pop_active'====== Args={}
2025-11-06 16:24:44,769 : INFO : EventManager : Event: ======'machine_var_audits_switches_s_right_lower_pop'====== Args={'value': 1567, 'prev_value': 1566, 'change': 1}
2025-11-06 16:24:44,769 : INFO : EventManager : Event: ======'machine_var_audits_shots_pop3'====== Args={'value': 815, 'prev_value': 814, 'change': 1}
2025-11-06 16:24:44,771 : INFO : EventManager : Event: ======'pop3_hit'====== Args={'profile': 'base_shot_profile', 'state': 'off', 'advancing': False}
2025-11-06 16:24:44,771 : INFO : EventManager : Event: ======'pop3_base_shot_profile_hit'====== Args={'profile': 'base_shot_profile', 'state': 'off', 'advancing': False}
2025-11-06 16:24:44,771 : INFO : EventManager : Event: ======'pop3_base_shot_profile_off_hit'====== Args={'profile': 'base_shot_profile', 'state': 'off', 'advancing': False}
2025-11-06 16:24:44,771 : INFO : EventManager : Event: ======'pop3_off_hit'====== Args={'profile': 'base_shot_profile', 'state': 'off', 'advancing': False}
2025-11-06 16:24:44,771 : INFO : EventManager : Event: ======'player_score'====== Args={'value': 15386590, 'prev_value': 15385480, 'change': 1110, 'player_num': 1, 'source': 'base'}
2025-11-06 16:24:44,771 : INFO : EventManager : Event: ======'player_threemcsand1dj_scratch_value'====== Args={'value': 450000, 'prev_value': 425000, 'change': 25000, 'player_num': 1, 'source': 'threemcsand1dj'}
2025-11-06 16:24:44,861 : INFO : SwitchController : <<<<<<< 's_right_lower_pop' inactive >>>>>>>
2025-11-06 16:24:44,916 : INFO : SwitchController : <<<<<<< 's_right_lower_pop' active >>>>>>>
2025-11-06 16:24:44,917 : INFO : EventManager : Event: ======'s_right_lower_pop_active'====== Args={}
2025-11-06 16:24:44,917 : INFO : EventManager : Event: ======'machine_var_audits_switches_s_right_lower_pop'====== Args={'value': 1568, 'prev_value': 1567, 'change': 1}
2025-11-06 16:24:44,918 : INFO : EventManager : Event: ======'machine_var_audits_shots_pop3'====== Args={'value': 816, 'prev_value': 815, 'change': 1}
2025-11-06 16:24:44,918 : INFO : EventManager : Event: ======'pop3_hit'====== Args={'profile': 'base_shot_profile', 'state': 'off', 'advancing': False}
2025-11-06 16:24:44,918 : INFO : EventManager : Event: ======'pop3_base_shot_profile_hit'====== Args={'profile': 'base_shot_profile', 'state': 'off', 'advancing': False}
2025-11-06 16:24:44,918 : INFO : EventManager : Event: ======'pop3_base_shot_profile_off_hit'====== Args={'profile': 'base_shot_profile', 'state': 'off', 'advancing': False}
2025-11-06 16:24:44,918 : INFO : EventManager : Event: ======'pop3_off_hit'====== Args={'profile': 'base_shot_profile', 'state': 'off', 'advancing': False}
2025-11-06 16:24:44,919 : INFO : EventManager : Event: ======'player_score'====== Args={'value': 15387700, 'prev_value': 15386590, 'change': 1110, 'player_num': 1, 'source': 'base'}
2025-11-06 16:24:44,919 : INFO : EventManager : Event: ======'player_threemcsand1dj_scratch_value'====== Args={'value': 475000, 'prev_value': 450000, 'change': 25000, 'player_num': 1, 'source': 'threemcsand1dj'}
2025-11-06 16:24:45,001 : INFO : SwitchController : <<<<<<< 's_right_lower_pop' inactive >>>>>>>
2025-11-06 16:24:45,112 : INFO : SwitchController : <<<<<<< 's_right_lower_pop' active >>>>>>>
2025-11-06 16:24:45,112 : INFO : EventManager : Event: ======'s_right_lower_pop_active'====== Args={}
2025-11-06 16:24:45,112 : INFO : EventManager : Event: ======'machine_var_audits_switches_s_right_lower_pop'====== Args={'value': 1569, 'prev_value': 1568, 'change': 1}
2025-11-06 16:24:45,114 : INFO : EventManager : Event: ======'machine_var_audits_shots_pop3'====== Args={'value': 817, 'prev_value': 816, 'change': 1}
2025-11-06 16:24:45,115 : INFO : EventManager : Event: ======'pop3_hit'====== Args={'profile': 'base_shot_profile', 'state': 'off', 'advancing': False}
2025-11-06 16:24:45,115 : INFO : EventManager : Event: ======'pop3_base_shot_profile_hit'====== Args={'profile': 'base_shot_profile', 'state': 'off', 'advancing': False}
2025-11-06 16:24:45,115 : INFO : EventManager : Event: ======'pop3_base_shot_profile_off_hit'====== Args={'profile': 'base_shot_profile', 'state': 'off', 'advancing': False}
2025-11-06 16:24:45,115 : INFO : EventManager : Event: ======'pop3_off_hit'====== Args={'profile': 'base_shot_profile', 'state': 'off', 'advancing': False}
2025-11-06 16:24:45,115 : INFO : EventManager : Event: ======'player_score'====== Args={'value': 15388810, 'prev_value': 15387700, 'change': 1110, 'player_num': 1, 'source': 'base'}
2025-11-06 16:24:45,115 : INFO : EventManager : Event: ======'player_threemcsand1dj_scratch_value'====== Args={'value': 500000, 'prev_value': 475000, 'change': 25000, 'player_num': 1, 'source': 'threemcsand1dj'}
2025-11-06 16:24:45,204 : INFO : SwitchController : <<<<<<< 's_right_lower_pop' inactive >>>>>>>
2025-11-06 16:24:45,342 : INFO : SwitchController : <<<<<<< 's_right_lower_pop' active >>>>>>>
2025-11-06 16:24:45,342 : INFO : EventManager : Event: ======'s_right_lower_pop_active'====== Args={}
2025-11-06 16:24:45,342 : INFO : EventManager : Event: ======'machine_var_audits_switches_s_right_lower_pop'====== Args={'value': 1570, 'prev_value': 1569, 'change': 1}
2025-11-06 16:24:45,342 : INFO : EventManager : Event: ======'machine_var_audits_shots_pop3'====== Args={'value': 818, 'prev_value': 817, 'change': 1}
2025-11-06 16:24:45,343 : INFO : EventManager : Event: ======'pop3_hit'====== Args={'profile': 'base_shot_profile', 'state': 'off', 'advancing': False}
2025-11-06 16:24:45,343 : INFO : EventManager : Event: ======'pop3_base_shot_profile_hit'====== Args={'profile': 'base_shot_profile', 'state': 'off', 'advancing': False}
2025-11-06 16:24:45,343 : INFO : EventManager : Event: ======'pop3_base_shot_profile_off_hit'====== Args={'profile': 'base_shot_profile', 'state': 'off', 'advancing': False}
2025-11-06 16:24:45,343 : INFO : EventManager : Event: ======'pop3_off_hit'====== Args={'profile': 'base_shot_profile', 'state': 'off', 'advancing': False}
2025-11-06 16:24:45,343 : INFO : EventManager : Event: ======'player_score'====== Args={'value': 15389920, 'prev_value': 15388810, 'change': 1110, 'player_num': 1, 'source': 'base'}
2025-11-06 16:24:45,343 : INFO : EventManager : Event: ======'player_threemcsand1dj_scratch_value'====== Args={'value': 525000, 'prev_value': 500000, 'change': 25000, 'player_num': 1, 'source': 'threemcsand1dj'}
2025-11-06 16:24:45,405 : INFO : SwitchController : <<<<<<< 's_right_lower_pop' inactive >>>>>>>
2025-11-06 16:24:45,563 : INFO : EventManager : Event: ======'player_threemcsand1dj_threemcsand1dj_time_remaining_tick'====== Args={'value': 25, 'prev_value': 26, 'change': -1, 'player_num': 1}
2025-11-06 16:24:45,565 : INFO : EventManager : Event: ======'timer_threemcsand1dj_time_remaining_tick'====== Args={'ticks': 25, 'ticks_remaining': 25}
2025-11-06 16:24:45,568 : INFO : EventManager : Event: ======'player_threemcsand1dj_time_remaining_variable_times_1'====== Args={'value': 25, 'prev_value': 26, 'change': -1, 'player_num': 1, 'source': 'threemcsand1dj'}
2025-11-06 16:24:46,562 : INFO : EventManager : Event: ======'player_threemcsand1dj_threemcsand1dj_time_remaining_tick'====== Args={'value': 24, 'prev_value': 25, 'change': -1, 'player_num': 1}
2025-11-06 16:24:46,564 : INFO : EventManager : Event: ======'timer_threemcsand1dj_time_remaining_tick'====== Args={'ticks': 24, 'ticks_remaining': 24}
2025-11-06 16:24:46,567 : INFO : EventManager : Event: ======'player_threemcsand1dj_time_remaining_variable_times_1'====== Args={'value': 24, 'prev_value': 25, 'change': -1, 'player_num': 1, 'source': 'threemcsand1dj'}
2025-11-06 16:24:47,579 : INFO : EventManager : Event: ======'player_threemcsand1dj_threemcsand1dj_time_remaining_tick'====== Args={'value': 23, 'prev_value': 24, 'change': -1, 'player_num': 1}
2025-11-06 16:24:47,580 : INFO : EventManager : Event: ======'timer_threemcsand1dj_time_remaining_tick'====== Args={'ticks': 23, 'ticks_remaining': 23}
2025-11-06 16:24:47,584 : INFO : EventManager : Event: ======'player_threemcsand1dj_time_remaining_variable_times_1'====== Args={'value': 23, 'prev_value': 24, 'change': -1, 'player_num': 1, 'source': 'threemcsand1dj'}
2025-11-06 16:24:48,576 : INFO : EventManager : Event: ======'player_threemcsand1dj_threemcsand1dj_time_remaining_tick'====== Args={'value': 22, 'prev_value': 23, 'change': -1, 'player_num': 1}
2025-11-06 16:24:48,577 : INFO : EventManager : Event: ======'timer_threemcsand1dj_time_remaining_tick'====== Args={'ticks': 22, 'ticks_remaining': 22}
2025-11-06 16:24:48,580 : INFO : EventManager : Event: ======'player_threemcsand1dj_time_remaining_variable_times_1'====== Args={'value': 22, 'prev_value': 23, 'change': -1, 'player_num': 1, 'source': 'threemcsand1dj'}
2025-11-06 16:24:49,578 : INFO : EventManager : Event: ======'player_threemcsand1dj_threemcsand1dj_time_remaining_tick'====== Args={'value': 21, 'prev_value': 22, 'change': -1, 'player_num': 1}
2025-11-06 16:24:49,579 : INFO : EventManager : Event: ======'timer_threemcsand1dj_time_remaining_tick'====== Args={'ticks': 21, 'ticks_remaining': 21}
2025-11-06 16:24:49,583 : INFO : EventManager : Event: ======'player_threemcsand1dj_time_remaining_variable_times_1'====== Args={'value': 21, 'prev_value': 22, 'change': -1, 'player_num': 1, 'source': 'threemcsand1dj'}
2025-11-06 16:24:50,562 : INFO : EventManager : Event: ======'player_threemcsand1dj_threemcsand1dj_time_remaining_tick'====== Args={'value': 20, 'prev_value': 21, 'change': -1, 'player_num': 1}
2025-11-06 16:24:50,564 : INFO : EventManager : Event: ======'timer_threemcsand1dj_time_remaining_tick'====== Args={'ticks': 20, 'ticks_remaining': 20}
2025-11-06 16:24:50,568 : INFO : EventManager : Event: ======'player_threemcsand1dj_time_remaining_variable_times_1'====== Args={'value': 20, 'prev_value': 21, 'change': -1, 'player_num': 1, 'source': 'threemcsand1dj'}
2025-11-06 16:24:51,145 : INFO : SwitchController : <<<<<<< 's_captive_ball' active >>>>>>>
2025-11-06 16:24:51,145 : INFO : EventManager : Event: ======'s_captive_ball_active'====== Args={}
2025-11-06 16:24:51,146 : INFO : EventManager : Event: ======'machine_var_audits_switches_s_captive_ball'====== Args={'value': 253, 'prev_value': 252, 'change': 1}
2025-11-06 16:24:51,147 : INFO : EventManager : Event: ======'machine_var_audits_shots_captive_ball'====== Args={'value': 48, 'prev_value': 47, 'change': 1}
2025-11-06 16:24:51,148 : INFO : EventManager : Event: ======'captive_ball_hit'====== Args={'profile': 'base_shot_profile', 'state': 'off', 'advancing': False}
2025-11-06 16:24:51,148 : INFO : EventManager : Event: ======'captive_ball_base_shot_profile_hit'====== Args={'profile': 'base_shot_profile', 'state': 'off', 'advancing': False}
2025-11-06 16:24:51,148 : INFO : EventManager : Event: ======'captive_ball_base_shot_profile_off_hit'====== Args={'profile': 'base_shot_profile', 'state': 'off', 'advancing': False}
2025-11-06 16:24:51,149 : INFO : EventManager : Event: ======'captive_ball_off_hit'====== Args={'profile': 'base_shot_profile', 'state': 'off', 'advancing': False}
2025-11-06 16:24:51,149 : INFO : EventManager : Event: ======'player_threemcsand1dj_mix_multiplier'====== Args={'value': 2, 'prev_value': 1, 'change': 1, 'player_num': 1, 'source': 'threemcsand1dj'}
2025-11-06 16:24:51,149 : INFO : EventManager : Event: ======'player_score'====== Args={'value': 15399930, 'prev_value': 15389920, 'change': 10010, 'player_num': 1, 'source': 'base'}
2025-11-06 16:24:51,246 : INFO : SwitchController : <<<<<<< 's_captive_ball' inactive >>>>>>>
2025-11-06 16:24:51,575 : INFO : EventManager : Event: ======'player_threemcsand1dj_threemcsand1dj_time_remaining_tick'====== Args={'value': 19, 'prev_value': 20, 'change': -1, 'player_num': 1}
2025-11-06 16:24:51,576 : INFO : EventManager : Event: ======'timer_threemcsand1dj_time_remaining_tick'====== Args={'ticks': 19, 'ticks_remaining': 19}
2025-11-06 16:24:51,580 : INFO : EventManager : Event: ======'player_threemcsand1dj_time_remaining_variable_times_1'====== Args={'value': 19, 'prev_value': 20, 'change': -1, 'player_num': 1, 'source': 'threemcsand1dj'}
2025-11-06 16:24:52,562 : INFO : EventManager : Event: ======'player_threemcsand1dj_threemcsand1dj_time_remaining_tick'====== Args={'value': 18, 'prev_value': 19, 'change': -1, 'player_num': 1}
2025-11-06 16:24:52,563 : INFO : EventManager : Event: ======'timer_threemcsand1dj_time_remaining_tick'====== Args={'ticks': 18, 'ticks_remaining': 18}
2025-11-06 16:24:52,566 : INFO : EventManager : Event: ======'player_threemcsand1dj_time_remaining_variable_times_1'====== Args={'value': 18, 'prev_value': 19, 'change': -1, 'player_num': 1, 'source': 'threemcsand1dj'}
2025-11-06 16:24:52,898 : INFO : SwitchController : <<<<<<< 's_captive_ball' active >>>>>>>
2025-11-06 16:24:52,898 : INFO : EventManager : Event: ======'s_captive_ball_active'====== Args={}
2025-11-06 16:24:52,898 : INFO : EventManager : Event: ======'machine_var_audits_switches_s_captive_ball'====== Args={'value': 254, 'prev_value': 253, 'change': 1}
2025-11-06 16:24:52,899 : INFO : EventManager : Event: ======'machine_var_audits_shots_captive_ball'====== Args={'value': 49, 'prev_value': 48, 'change': 1}
2025-11-06 16:24:52,899 : INFO : EventManager : Event: ======'captive_ball_hit'====== Args={'profile': 'base_shot_profile', 'state': 'off', 'advancing': False}
2025-11-06 16:24:52,900 : INFO : EventManager : Event: ======'captive_ball_base_shot_profile_hit'====== Args={'profile': 'base_shot_profile', 'state': 'off', 'advancing': False}
2025-11-06 16:24:52,900 : INFO : EventManager : Event: ======'captive_ball_base_shot_profile_off_hit'====== Args={'profile': 'base_shot_profile', 'state': 'off', 'advancing': False}
2025-11-06 16:24:52,900 : INFO : EventManager : Event: ======'captive_ball_off_hit'====== Args={'profile': 'base_shot_profile', 'state': 'off', 'advancing': False}
2025-11-06 16:24:52,900 : INFO : EventManager : Event: ======'player_threemcsand1dj_mix_multiplier'====== Args={'value': 3, 'prev_value': 2, 'change': 1, 'player_num': 1, 'source': 'threemcsand1dj'}
2025-11-06 16:24:52,900 : INFO : EventManager : Event: ======'player_score'====== Args={'value': 15409940, 'prev_value': 15399930, 'change': 10010, 'player_num': 1, 'source': 'base'}
2025-11-06 16:24:52,964 : INFO : SwitchController : <<<<<<< 's_captive_ball' inactive >>>>>>>
2025-11-06 16:24:53,589 : INFO : EventManager : Event: ======'player_threemcsand1dj_threemcsand1dj_time_remaining_tick'====== Args={'value': 17, 'prev_value': 18, 'change': -1, 'player_num': 1}
2025-11-06 16:24:53,590 : INFO : EventManager : Event: ======'timer_threemcsand1dj_time_remaining_tick'====== Args={'ticks': 17, 'ticks_remaining': 17}
2025-11-06 16:24:53,593 : INFO : EventManager : Event: ======'player_threemcsand1dj_time_remaining_variable_times_1'====== Args={'value': 17, 'prev_value': 18, 'change': -1, 'player_num': 1, 'source': 'threemcsand1dj'}
2025-11-06 16:24:54,170 : INFO : EventManager : Event: ======'captive_ball_to_right_orbit_combo_timeout'====== Args={}
2025-11-06 16:24:54,171 : INFO : EventManager : Event: ======'captive_ball_to_inner_loop_combo_timeout'====== Args={}
2025-11-06 16:24:54,171 : INFO : EventManager : Event: ======'captive_ball_to_left_ramp_combo_timeout'====== Args={}
2025-11-06 16:24:54,171 : INFO : EventManager : Event: ======'captive_ball_to_left_orbit_combo_timeout'====== Args={}
2025-11-06 16:24:54,171 : INFO : EventManager : Event: ======'captive_ball_to_right_ramp_combo_timeout'====== Args={}
2025-11-06 16:24:54,576 : INFO : EventManager : Event: ======'player_threemcsand1dj_threemcsand1dj_time_remaining_tick'====== Args={'value': 16, 'prev_value': 17, 'change': -1, 'player_num': 1}
2025-11-06 16:24:54,577 : INFO : EventManager : Event: ======'timer_threemcsand1dj_time_remaining_tick'====== Args={'ticks': 16, 'ticks_remaining': 16}
2025-11-06 16:24:54,580 : INFO : EventManager : Event: ======'player_threemcsand1dj_time_remaining_variable_times_1'====== Args={'value': 16, 'prev_value': 17, 'change': -1, 'player_num': 1, 'source': 'threemcsand1dj'}
2025-11-06 16:24:55,591 : INFO : EventManager : Event: ======'player_threemcsand1dj_threemcsand1dj_time_remaining_tick'====== Args={'value': 15, 'prev_value': 16, 'change': -1, 'player_num': 1}
2025-11-06 16:24:55,591 : INFO : EventManager : Event: ======'timer_threemcsand1dj_time_remaining_tick'====== Args={'ticks': 15, 'ticks_remaining': 15}
2025-11-06 16:24:55,594 : INFO : EventManager : Event: ======'player_threemcsand1dj_time_remaining_variable_times_1'====== Args={'value': 15, 'prev_value': 16, 'change': -1, 'player_num': 1, 'source': 'threemcsand1dj'}
2025-11-06 16:24:55,915 : INFO : EventManager : Event: ======'captive_ball_to_inner_loop_combo_timeout'====== Args={}
2025-11-06 16:24:55,915 : INFO : EventManager : Event: ======'captive_ball_to_left_orbit_combo_timeout'====== Args={}
2025-11-06 16:24:55,915 : INFO : EventManager : Event: ======'captive_ball_to_right_ramp_combo_timeout'====== Args={}
2025-11-06 16:24:55,915 : INFO : EventManager : Event: ======'captive_ball_to_right_orbit_combo_timeout'====== Args={}
2025-11-06 16:24:55,916 : INFO : EventManager : Event: ======'captive_ball_to_left_ramp_combo_timeout'====== Args={}
2025-11-06 16:24:56,575 : INFO : EventManager : Event: ======'player_threemcsand1dj_threemcsand1dj_time_remaining_tick'====== Args={'value': 14, 'prev_value': 15, 'change': -1, 'player_num': 1}
2025-11-06 16:24:56,576 : INFO : EventManager : Event: ======'timer_threemcsand1dj_time_remaining_tick'====== Args={'ticks': 14, 'ticks_remaining': 14}
2025-11-06 16:24:56,579 : INFO : EventManager : Event: ======'player_threemcsand1dj_time_remaining_variable_times_1'====== Args={'value': 14, 'prev_value': 15, 'change': -1, 'player_num': 1, 'source': 'threemcsand1dj'}
2025-11-06 16:24:57,576 : INFO : EventManager : Event: ======'player_threemcsand1dj_threemcsand1dj_time_remaining_tick'====== Args={'value': 13, 'prev_value': 14, 'change': -1, 'player_num': 1}
2025-11-06 16:24:57,577 : INFO : EventManager : Event: ======'timer_threemcsand1dj_time_remaining_tick'====== Args={'ticks': 13, 'ticks_remaining': 13}
2025-11-06 16:24:57,580 : INFO : EventManager : Event: ======'player_threemcsand1dj_time_remaining_variable_times_1'====== Args={'value': 13, 'prev_value': 14, 'change': -1, 'player_num': 1, 'source': 'threemcsand1dj'}
2025-11-06 16:24:58,590 : INFO : EventManager : Event: ======'player_threemcsand1dj_threemcsand1dj_time_remaining_tick'====== Args={'value': 12, 'prev_value': 13, 'change': -1, 'player_num': 1}
2025-11-06 16:24:58,591 : INFO : EventManager : Event: ======'timer_threemcsand1dj_time_remaining_tick'====== Args={'ticks': 12, 'ticks_remaining': 12}
2025-11-06 16:24:58,594 : INFO : EventManager : Event: ======'player_threemcsand1dj_time_remaining_variable_times_1'====== Args={'value': 12, 'prev_value': 13, 'change': -1, 'player_num': 1, 'source': 'threemcsand1dj'}
2025-11-06 16:24:59,587 : INFO : EventManager : Event: ======'player_threemcsand1dj_threemcsand1dj_time_remaining_tick'====== Args={'value': 11, 'prev_value': 12, 'change': -1, 'player_num': 1}
2025-11-06 16:24:59,589 : INFO : EventManager : Event: ======'timer_threemcsand1dj_time_remaining_tick'====== Args={'ticks': 11, 'ticks_remaining': 11}
2025-11-06 16:24:59,591 : INFO : EventManager : Event: ======'player_threemcsand1dj_time_remaining_variable_times_1'====== Args={'value': 11, 'prev_value': 12, 'change': -1, 'player_num': 1, 'source': 'threemcsand1dj'}
2025-11-06 16:25:00,587 : INFO : EventManager : Event: ======'player_threemcsand1dj_threemcsand1dj_time_remaining_tick'====== Args={'value': 10, 'prev_value': 11, 'change': -1, 'player_num': 1}
2025-11-06 16:25:00,588 : INFO : EventManager : Event: ======'timer_threemcsand1dj_time_remaining_tick'====== Args={'ticks': 10, 'ticks_remaining': 10}
2025-11-06 16:25:00,590 : INFO : EventManager : Event: ======'player_threemcsand1dj_time_remaining_variable_times_1'====== Args={'value': 10, 'prev_value': 11, 'change': -1, 'player_num': 1, 'source': 'threemcsand1dj'}
2025-11-06 16:25:01,586 : INFO : EventManager : Event: ======'player_threemcsand1dj_threemcsand1dj_time_remaining_tick'====== Args={'value': 9, 'prev_value': 10, 'change': -1, 'player_num': 1}
2025-11-06 16:25:01,587 : INFO : EventManager : Event: ======'timer_threemcsand1dj_time_remaining_tick'====== Args={'ticks': 9, 'ticks_remaining': 9}
2025-11-06 16:25:01,591 : INFO : EventManager : Event: ======'player_threemcsand1dj_time_remaining_variable_times_1'====== Args={'value': 9, 'prev_value': 10, 'change': -1, 'player_num': 1, 'source': 'threemcsand1dj'}
2025-11-06 16:25:02,586 : INFO : EventManager : Event: ======'player_threemcsand1dj_threemcsand1dj_time_remaining_tick'====== Args={'value': 8, 'prev_value': 9, 'change': -1, 'player_num': 1}
2025-11-06 16:25:02,587 : INFO : EventManager : Event: ======'timer_threemcsand1dj_time_remaining_tick'====== Args={'ticks': 8, 'ticks_remaining': 8}
2025-11-06 16:25:02,591 : INFO : EventManager : Event: ======'player_threemcsand1dj_time_remaining_variable_times_1'====== Args={'value': 8, 'prev_value': 9, 'change': -1, 'player_num': 1, 'source': 'threemcsand1dj'}
2025-11-06 16:25:03,586 : INFO : EventManager : Event: ======'player_threemcsand1dj_threemcsand1dj_time_remaining_tick'====== Args={'value': 7, 'prev_value': 8, 'change': -1, 'player_num': 1}
2025-11-06 16:25:03,587 : INFO : EventManager : Event: ======'timer_threemcsand1dj_time_remaining_tick'====== Args={'ticks': 7, 'ticks_remaining': 7}
2025-11-06 16:25:03,590 : INFO : EventManager : Event: ======'player_threemcsand1dj_time_remaining_variable_times_1'====== Args={'value': 7, 'prev_value': 8, 'change': -1, 'player_num': 1, 'source': 'threemcsand1dj'}
2025-11-06 16:25:04,584 : INFO : EventManager : Event: ======'player_threemcsand1dj_threemcsand1dj_time_remaining_tick'====== Args={'value': 6, 'prev_value': 7, 'change': -1, 'player_num': 1}
2025-11-06 16:25:04,585 : INFO : EventManager : Event: ======'timer_threemcsand1dj_time_remaining_tick'====== Args={'ticks': 6, 'ticks_remaining': 6}
2025-11-06 16:25:04,589 : INFO : EventManager : Event: ======'player_threemcsand1dj_time_remaining_variable_times_1'====== Args={'value': 6, 'prev_value': 7, 'change': -1, 'player_num': 1, 'source': 'threemcsand1dj'}
2025-11-06 16:25:04,893 : INFO : SwitchController : <<<<<<< 's_inner_orbit' active >>>>>>>
2025-11-06 16:25:04,893 : INFO : EventManager : Event: ======'s_inner_orbit_active'====== Args={}
2025-11-06 16:25:04,893 : INFO : EventManager : Event: ======'machine_var_audits_switches_s_inner_orbit'====== Args={'value': 40, 'prev_value': 39, 'change': 1}
2025-11-06 16:25:04,895 : INFO : EventManager : Event: ======'player_score'====== Args={'value': 15410950, 'prev_value': 15409940, 'change': 1010, 'player_num': 1, 'source': 'base'}
2025-11-06 16:25:04,990 : INFO : SwitchController : <<<<<<< 's_inner_orbit' inactive >>>>>>>
2025-11-06 16:25:05,586 : INFO : EventManager : Event: ======'player_threemcsand1dj_threemcsand1dj_time_remaining_tick'====== Args={'value': 5, 'prev_value': 6, 'change': -1, 'player_num': 1}
2025-11-06 16:25:05,587 : INFO : EventManager : Event: ======'timer_threemcsand1dj_time_remaining_tick'====== Args={'ticks': 5, 'ticks_remaining': 5}
2025-11-06 16:25:05,590 : INFO : EventManager : Event: ======'player_threemcsand1dj_time_remaining_variable_times_1'====== Args={'value': 5, 'prev_value': 6, 'change': -1, 'player_num': 1, 'source': 'threemcsand1dj'}
2025-11-06 16:25:05,959 : INFO : SwitchController : <<<<<<< 's_right_orbit' active >>>>>>>
2025-11-06 16:25:05,959 : INFO : EventManager : Event: ======'s_right_orbit_active'====== Args={}
2025-11-06 16:25:05,959 : INFO : EventManager : Event: ======'machine_var_audits_switches_s_right_orbit'====== Args={'value': 180, 'prev_value': 179, 'change': 1}
2025-11-06 16:25:05,960 : INFO : EventManager : Event: ======'player_score'====== Args={'value': 15411060, 'prev_value': 15410950, 'change': 110, 'player_num': 1, 'source': 'base'}
2025-11-06 16:25:05,961 : INFO : EventManager : Event: ======'inner_loop_sequence_hit'====== Args={'elapsed': 1.062999999994645}
2025-11-06 16:25:05,964 : INFO : EventManager : Event: ======'machine_var_audits_shots_inner_loop'====== Args={'value': 31, 'prev_value': 30, 'change': 1}
2025-11-06 16:25:05,965 : INFO : EventManager : Event: ======'inner_loop_hit'====== Args={'profile': 'base_shot_profile', 'state': 'off', 'advancing': False}
2025-11-06 16:25:05,965 : INFO : EventManager : Event: ======'inner_loop_base_shot_profile_hit'====== Args={'profile': 'base_shot_profile', 'state': 'off', 'advancing': False}
2025-11-06 16:25:05,965 : INFO : EventManager : Event: ======'inner_loop_base_shot_profile_off_hit'====== Args={'profile': 'base_shot_profile', 'state': 'off', 'advancing': False}
2025-11-06 16:25:05,965 : INFO : EventManager : Event: ======'inner_loop_off_hit'====== Args={'profile': 'base_shot_profile', 'state': 'off', 'advancing': False}
2025-11-06 16:25:05,965 : INFO : EventManager : Event: ======'player_score'====== Args={'value': 16986060, 'prev_value': 15411060, 'change': 1575000, 'player_num': 1, 'source': 'threemcsand1dj'}
2025-11-06 16:25:05,966 : INFO : EventManager : Event: ======'player_mode_threemcsand1dj_score'====== Args={'value': 1575000, 'prev_value': 0, 'change': 1575000, 'player_num': 1, 'source': 'threemcsand1dj'}
2025-11-06 16:25:05,966 : INFO : EventManager : Event: ======'logicblock_threemcsand1dj_scratches_counter_updated'====== Args={'value': 4, 'enabled': True}
2025-11-06 16:25:05,966 : INFO : EventManager : Event: ======'counter_threemcsand1dj_scratches_counter_hit'====== Args={'count': 4, 'hits': 1, 'remaining': 4}
2025-11-06 16:25:05,966 : INFO : EventManager : Event: ======'logicblock_threemcsand1dj_scratches_counter_hit'====== Args={'count': 4, 'hits': 1, 'remaining': 4}
2025-11-06 16:25:05,966 : INFO : EventManager : Event: ======'player_score'====== Args={'value': 16988070, 'prev_value': 16986060, 'change': 2010, 'player_num': 1, 'source': 'base'}
2025-11-06 16:25:05,972 : INFO : EventManager : Event: ======'add_threemcsand1dj_time_5s'====== Args={'priority': 0}
2025-11-06 16:25:05,972 : INFO : EventManager : Event: ======'player_threemcsand1dj_scratches_remaining'====== Args={'value': 4, 'prev_value': 5, 'change': -1, 'player_num': 1, 'source': 'threemcsand1dj'}
2025-11-06 16:25:05,972 : INFO : EventManager : Event: ======'player_threemcsand1dj_threemcsand1dj_time_remaining_tick'====== Args={'value': 10, 'prev_value': 5, 'change': 5, 'player_num': 1}
2025-11-06 16:25:05,972 : INFO : EventManager : Event: ======'timer_threemcsand1dj_time_remaining_time_added'====== Args={'ticks': 10, 'ticks_added': 5, 'ticks_remaining': 5}
2025-11-06 16:25:06,068 : INFO : SwitchController : <<<<<<< 's_right_orbit' inactive >>>>>>>
2025-11-06 16:25:06,571 : INFO : EventManager : Event: ======'player_threemcsand1dj_threemcsand1dj_time_remaining_tick'====== Args={'value': 9, 'prev_value': 10, 'change': -1, 'player_num': 1}
2025-11-06 16:25:06,571 : INFO : EventManager : Event: ======'timer_threemcsand1dj_time_remaining_tick'====== Args={'ticks': 9, 'ticks_remaining': 9}
2025-11-06 16:25:06,575 : INFO : EventManager : Event: ======'player_threemcsand1dj_time_remaining_variable_times_1'====== Args={'value': 9, 'prev_value': 5, 'change': 4, 'player_num': 1, 'source': 'threemcsand1dj'}
2025-11-06 16:25:07,587 : INFO : EventManager : Event: ======'player_threemcsand1dj_threemcsand1dj_time_remaining_tick'====== Args={'value': 8, 'prev_value': 9, 'change': -1, 'player_num': 1}
2025-11-06 16:25:07,588 : INFO : EventManager : Event: ======'timer_threemcsand1dj_time_remaining_tick'====== Args={'ticks': 8, 'ticks_remaining': 8}
2025-11-06 16:25:07,590 : INFO : EventManager : Event: ======'player_threemcsand1dj_time_remaining_variable_times_1'====== Args={'value': 8, 'prev_value': 9, 'change': -1, 'player_num': 1, 'source': 'threemcsand1dj'}
2025-11-06 16:25:07,899 : INFO : EventManager : Event: ======'inner_loop_backdoor_sequence_timeout'====== Args={}
2025-11-06 16:25:08,102 : INFO : SwitchController : <<<<<<< 's_inner_orbit' active >>>>>>>
2025-11-06 16:25:08,102 : INFO : EventManager : Event: ======'s_inner_orbit_active'====== Args={}
2025-11-06 16:25:08,102 : INFO : EventManager : Event: ======'machine_var_audits_switches_s_inner_orbit'====== Args={'value': 41, 'prev_value': 40, 'change': 1}
2025-11-06 16:25:08,103 : INFO : EventManager : Event: ======'player_score'====== Args={'value': 16989080, 'prev_value': 16988070, 'change': 1010, 'player_num': 1, 'source': 'base'}
2025-11-06 16:25:08,159 : INFO : SwitchController : <<<<<<< 's_inner_orbit' inactive >>>>>>>
2025-11-06 16:25:08,571 : INFO : EventManager : Event: ======'player_threemcsand1dj_threemcsand1dj_time_remaining_tick'====== Args={'value': 7, 'prev_value': 8, 'change': -1, 'player_num': 1}
2025-11-06 16:25:08,572 : INFO : EventManager : Event: ======'timer_threemcsand1dj_time_remaining_tick'====== Args={'ticks': 7, 'ticks_remaining': 7}
2025-11-06 16:25:08,574 : INFO : EventManager : Event: ======'player_threemcsand1dj_time_remaining_variable_times_1'====== Args={'value': 7, 'prev_value': 8, 'change': -1, 'player_num': 1, 'source': 'threemcsand1dj'}
2025-11-06 16:25:08,846 : INFO : SwitchController : <<<<<<< 's_right_orbit' active >>>>>>>
2025-11-06 16:25:08,846 : INFO : EventManager : Event: ======'s_right_orbit_active'====== Args={}
2025-11-06 16:25:08,846 : INFO : EventManager : Event: ======'machine_var_audits_switches_s_right_orbit'====== Args={'value': 181, 'prev_value': 180, 'change': 1}
2025-11-06 16:25:08,847 : INFO : EventManager : Event: ======'player_score'====== Args={'value': 16989190, 'prev_value': 16989080, 'change': 110, 'player_num': 1, 'source': 'base'}
2025-11-06 16:25:08,847 : INFO : EventManager : Event: ======'inner_loop_sequence_hit'====== Args={'elapsed': 0.75}
2025-11-06 16:25:08,851 : INFO : EventManager : Event: ======'machine_var_audits_shots_inner_loop'====== Args={'value': 32, 'prev_value': 31, 'change': 1}
2025-11-06 16:25:08,851 : INFO : EventManager : Event: ======'inner_loop_hit'====== Args={'profile': 'base_shot_profile', 'state': 'off', 'advancing': False}
2025-11-06 16:25:08,852 : INFO : EventManager : Event: ======'inner_loop_base_shot_profile_hit'====== Args={'profile': 'base_shot_profile', 'state': 'off', 'advancing': False}
2025-11-06 16:25:08,852 : INFO : EventManager : Event: ======'inner_loop_base_shot_profile_off_hit'====== Args={'profile': 'base_shot_profile', 'state': 'off', 'advancing': False}
2025-11-06 16:25:08,852 : INFO : EventManager : Event: ======'inner_loop_off_hit'====== Args={'profile': 'base_shot_profile', 'state': 'off', 'advancing': False}
2025-11-06 16:25:08,852 : INFO : EventManager : Event: ======'player_score'====== Args={'value': 18564190, 'prev_value': 16989190, 'change': 1575000, 'player_num': 1, 'source': 'threemcsand1dj'}
2025-11-06 16:25:08,852 : INFO : EventManager : Event: ======'player_mode_threemcsand1dj_score'====== Args={'value': 3150000, 'prev_value': 1575000, 'change': 1575000, 'player_num': 1, 'source': 'threemcsand1dj'}
2025-11-06 16:25:08,852 : INFO : EventManager : Event: ======'logicblock_threemcsand1dj_scratches_counter_updated'====== Args={'value': 3, 'enabled': True}
2025-11-06 16:25:08,852 : INFO : EventManager : Event: ======'counter_threemcsand1dj_scratches_counter_hit'====== Args={'count': 3, 'hits': 2, 'remaining': 3}
2025-11-06 16:25:08,852 : INFO : EventManager : Event: ======'logicblock_threemcsand1dj_scratches_counter_hit'====== Args={'count': 3, 'hits': 2, 'remaining': 3}
2025-11-06 16:25:08,852 : INFO : EventManager : Event: ======'player_score'====== Args={'value': 18566200, 'prev_value': 18564190, 'change': 2010, 'player_num': 1, 'source': 'base'}
2025-11-06 16:25:08,857 : INFO : EventManager : Event: ======'add_threemcsand1dj_time_5s'====== Args={'priority': 0}
2025-11-06 16:25:08,857 : INFO : EventManager : Event: ======'player_threemcsand1dj_scratches_remaining'====== Args={'value': 3, 'prev_value': 4, 'change': -1, 'player_num': 1, 'source': 'threemcsand1dj'}
2025-11-06 16:25:08,858 : INFO : EventManager : Event: ======'player_threemcsand1dj_threemcsand1dj_time_remaining_tick'====== Args={'value': 12, 'prev_value': 7, 'change': 5, 'player_num': 1}
2025-11-06 16:25:08,858 : INFO : EventManager : Event: ======'timer_threemcsand1dj_time_remaining_time_added'====== Args={'ticks': 12, 'ticks_added': 7, 'ticks_remaining': 7}
2025-11-06 16:25:08,951 : INFO : SwitchController : <<<<<<< 's_right_orbit' inactive >>>>>>>
2025-11-06 16:25:08,955 : INFO : EventManager : Event: ======'inner_loop_to_left_ramp_combo_timeout'====== Args={}
2025-11-06 16:25:08,955 : INFO : EventManager : Event: ======'inner_loop_to_inner_loop_combo_timeout'====== Args={}
2025-11-06 16:25:08,956 : INFO : EventManager : Event: ======'right_orbit_sequence_timeout'====== Args={}
2025-11-06 16:25:08,956 : INFO : EventManager : Event: ======'inner_loop_to_left_orbit_combo_timeout'====== Args={}
2025-11-06 16:25:08,956 : INFO : EventManager : Event: ======'inner_loop_to_right_orbit_combo_timeout'====== Args={}
2025-11-06 16:25:08,956 : INFO : EventManager : Event: ======'right_orbit_backdoor_sequence_timeout'====== Args={}
2025-11-06 16:25:08,956 : INFO : EventManager : Event: ======'inner_loop_to_captive_ball_ramp_combo_timeout'====== Args={}
2025-11-06 16:25:08,956 : INFO : EventManager : Event: ======'inner_loop_to_right_ramp_combo_timeout'====== Args={}
2025-11-06 16:25:09,582 : INFO : EventManager : Event: ======'player_threemcsand1dj_threemcsand1dj_time_remaining_tick'====== Args={'value': 11, 'prev_value': 12, 'change': -1, 'player_num': 1}
2025-11-06 16:25:09,583 : INFO : EventManager : Event: ======'timer_threemcsand1dj_time_remaining_tick'====== Args={'ticks': 11, 'ticks_remaining': 11}
2025-11-06 16:25:09,587 : INFO : EventManager : Event: ======'player_threemcsand1dj_time_remaining_variable_times_1'====== Args={'value': 11, 'prev_value': 7, 'change': 4, 'player_num': 1, 'source': 'threemcsand1dj'}
2025-11-06 16:25:09,870 : INFO : SwitchController : <<<<<<< 's_inner_orbit' active >>>>>>>
2025-11-06 16:25:09,870 : INFO : EventManager : Event: ======'s_inner_orbit_active'====== Args={}
2025-11-06 16:25:09,870 : INFO : EventManager : Event: ======'machine_var_audits_switches_s_inner_orbit'====== Args={'value': 42, 'prev_value': 41, 'change': 1}
2025-11-06 16:25:09,871 : INFO : EventManager : Event: ======'player_score'====== Args={'value': 18567210, 'prev_value': 18566200, 'change': 1010, 'player_num': 1, 'source': 'base'}
2025-11-06 16:25:09,962 : INFO : SwitchController : <<<<<<< 's_inner_orbit' inactive >>>>>>>
2025-11-06 16:25:10,586 : INFO : EventManager : Event: ======'player_threemcsand1dj_threemcsand1dj_time_remaining_tick'====== Args={'value': 10, 'prev_value': 11, 'change': -1, 'player_num': 1}
2025-11-06 16:25:10,586 : INFO : EventManager : Event: ======'timer_threemcsand1dj_time_remaining_tick'====== Args={'ticks': 10, 'ticks_remaining': 10}
2025-11-06 16:25:10,590 : INFO : EventManager : Event: ======'player_threemcsand1dj_time_remaining_variable_times_1'====== Args={'value': 10, 'prev_value': 11, 'change': -1, 'player_num': 1, 'source': 'threemcsand1dj'}
2025-11-06 16:25:10,762 : INFO : SwitchController : <<<<<<< 's_right_orbit' active >>>>>>>
2025-11-06 16:25:10,762 : INFO : EventManager : Event: ======'s_right_orbit_active'====== Args={}
2025-11-06 16:25:10,763 : INFO : EventManager : Event: ======'machine_var_audits_switches_s_right_orbit'====== Args={'value': 182, 'prev_value': 181, 'change': 1}
2025-11-06 16:25:10,764 : INFO : EventManager : Event: ======'player_score'====== Args={'value': 18567320, 'prev_value': 18567210, 'change': 110, 'player_num': 1, 'source': 'base'}
2025-11-06 16:25:10,764 : INFO : EventManager : Event: ======'inner_loop_sequence_hit'====== Args={'elapsed': 0.9060000000026776}
2025-11-06 16:25:10,767 : INFO : EventManager : Event: ======'machine_var_audits_shots_inner_loop'====== Args={'value': 33, 'prev_value': 32, 'change': 1}
2025-11-06 16:25:10,768 : INFO : EventManager : Event: ======'inner_loop_hit'====== Args={'profile': 'base_shot_profile', 'state': 'off', 'advancing': False}
2025-11-06 16:25:10,768 : INFO : EventManager : Event: ======'inner_loop_base_shot_profile_hit'====== Args={'profile': 'base_shot_profile', 'state': 'off', 'advancing': False}
2025-11-06 16:25:10,768 : INFO : EventManager : Event: ======'inner_loop_base_shot_profile_off_hit'====== Args={'profile': 'base_shot_profile', 'state': 'off', 'advancing': False}
2025-11-06 16:25:10,768 : INFO : EventManager : Event: ======'inner_loop_off_hit'====== Args={'profile': 'base_shot_profile', 'state': 'off', 'advancing': False}
2025-11-06 16:25:10,769 : INFO : EventManager : Event: ======'player_score'====== Args={'value': 20142320, 'prev_value': 18567320, 'change': 1575000, 'player_num': 1, 'source': 'threemcsand1dj'}
2025-11-06 16:25:10,769 : INFO : EventManager : Event: ======'player_mode_threemcsand1dj_score'====== Args={'value': 4725000, 'prev_value': 3150000, 'change': 1575000, 'player_num': 1, 'source': 'threemcsand1dj'}
2025-11-06 16:25:10,769 : INFO : EventManager : Event: ======'logicblock_threemcsand1dj_scratches_counter_updated'====== Args={'value': 2, 'enabled': True}
2025-11-06 16:25:10,769 : INFO : EventManager : Event: ======'counter_threemcsand1dj_scratches_counter_hit'====== Args={'count': 2, 'hits': 3, 'remaining': 2}
2025-11-06 16:25:10,769 : INFO : EventManager : Event: ======'logicblock_threemcsand1dj_scratches_counter_hit'====== Args={'count': 2, 'hits': 3, 'remaining': 2}
2025-11-06 16:25:10,769 : INFO : EventManager : Event: ======'player_score'====== Args={'value': 20144330, 'prev_value': 20142320, 'change': 2010, 'player_num': 1, 'source': 'base'}
2025-11-06 16:25:10,774 : INFO : EventManager : Event: ======'add_threemcsand1dj_time_5s'====== Args={'priority': 0}
2025-11-06 16:25:10,774 : INFO : EventManager : Event: ======'player_threemcsand1dj_scratches_remaining'====== Args={'value': 2, 'prev_value': 3, 'change': -1, 'player_num': 1, 'source': 'threemcsand1dj'}
2025-11-06 16:25:10,776 : INFO : EventManager : Event: ======'player_threemcsand1dj_threemcsand1dj_time_remaining_tick'====== Args={'value': 15, 'prev_value': 10, 'change': 5, 'player_num': 1}
2025-11-06 16:25:10,776 : INFO : EventManager : Event: ======'timer_threemcsand1dj_time_remaining_time_added'====== Args={'ticks': 15, 'ticks_added': 10, 'ticks_remaining': 10}
2025-11-06 16:25:10,865 : INFO : SwitchController : <<<<<<< 's_right_orbit' inactive >>>>>>>
2025-11-06 16:25:11,086 : INFO : EventManager : Event: ======'inner_loop_backdoor_sequence_timeout'====== Args={}
2025-11-06 16:25:11,582 : INFO : EventManager : Event: ======'player_threemcsand1dj_threemcsand1dj_time_remaining_tick'====== Args={'value': 14, 'prev_value': 15, 'change': -1, 'player_num': 1}
2025-11-06 16:25:11,583 : INFO : EventManager : Event: ======'timer_threemcsand1dj_time_remaining_tick'====== Args={'ticks': 14, 'ticks_remaining': 14}
2025-11-06 16:25:11,586 : INFO : EventManager : Event: ======'player_threemcsand1dj_time_remaining_variable_times_1'====== Args={'value': 14, 'prev_value': 10, 'change': 4, 'player_num': 1, 'source': 'threemcsand1dj'}
2025-11-06 16:25:11,687 : INFO : SwitchController : <<<<<<< 's_inner_orbit' active >>>>>>>
2025-11-06 16:25:11,688 : INFO : EventManager : Event: ======'s_inner_orbit_active'====== Args={}
2025-11-06 16:25:11,688 : INFO : EventManager : Event: ======'machine_var_audits_switches_s_inner_orbit'====== Args={'value': 43, 'prev_value': 42, 'change': 1}
2025-11-06 16:25:11,689 : INFO : EventManager : Event: ======'player_score'====== Args={'value': 20145340, 'prev_value': 20144330, 'change': 1010, 'player_num': 1, 'source': 'base'}
2025-11-06 16:25:11,798 : INFO : SwitchController : <<<<<<< 's_inner_orbit' inactive >>>>>>>
2025-11-06 16:25:11,832 : INFO : EventManager : Event: ======'right_orbit_sequence_timeout'====== Args={}
2025-11-06 16:25:11,832 : INFO : EventManager : Event: ======'inner_loop_to_left_orbit_combo_timeout'====== Args={}
2025-11-06 16:25:11,833 : INFO : EventManager : Event: ======'inner_loop_to_right_ramp_combo_timeout'====== Args={}
2025-11-06 16:25:11,833 : INFO : EventManager : Event: ======'inner_loop_to_captive_ball_ramp_combo_timeout'====== Args={}
2025-11-06 16:25:11,833 : INFO : EventManager : Event: ======'inner_loop_to_right_orbit_combo_timeout'====== Args={}
2025-11-06 16:25:11,833 : INFO : EventManager : Event: ======'inner_loop_to_left_ramp_combo_timeout'====== Args={}
2025-11-06 16:25:11,833 : INFO : EventManager : Event: ======'inner_loop_to_inner_loop_combo_timeout'====== Args={}
2025-11-06 16:25:11,833 : INFO : EventManager : Event: ======'right_orbit_backdoor_sequence_timeout'====== Args={}
2025-11-06 16:25:12,490 : INFO : SwitchController : <<<<<<< 's_right_orbit' active >>>>>>>
2025-11-06 16:25:12,490 : INFO : EventManager : Event: ======'s_right_orbit_active'====== Args={}
2025-11-06 16:25:12,490 : INFO : EventManager : Event: ======'machine_var_audits_switches_s_right_orbit'====== Args={'value': 183, 'prev_value': 182, 'change': 1}
2025-11-06 16:25:12,491 : INFO : EventManager : Event: ======'player_score'====== Args={'value': 20145450, 'prev_value': 20145340, 'change': 110, 'player_num': 1, 'source': 'base'}
2025-11-06 16:25:12,491 : INFO : EventManager : Event: ======'inner_loop_sequence_hit'====== Args={'elapsed': 0.7970000000059372}
2025-11-06 16:25:12,494 : INFO : EventManager : Event: ======'machine_var_audits_shots_inner_loop'====== Args={'value': 34, 'prev_value': 33, 'change': 1}
2025-11-06 16:25:12,495 : INFO : EventManager : Event: ======'inner_loop_hit'====== Args={'profile': 'base_shot_profile', 'state': 'off', 'advancing': False}
2025-11-06 16:25:12,495 : INFO : EventManager : Event: ======'inner_loop_base_shot_profile_hit'====== Args={'profile': 'base_shot_profile', 'state': 'off', 'advancing': False}
2025-11-06 16:25:12,495 : INFO : EventManager : Event: ======'inner_loop_base_shot_profile_off_hit'====== Args={'profile': 'base_shot_profile', 'state': 'off', 'advancing': False}
2025-11-06 16:25:12,495 : INFO : EventManager : Event: ======'inner_loop_off_hit'====== Args={'profile': 'base_shot_profile', 'state': 'off', 'advancing': False}
2025-11-06 16:25:12,496 : INFO : EventManager : Event: ======'player_score'====== Args={'value': 21720450, 'prev_value': 20145450, 'change': 1575000, 'player_num': 1, 'source': 'threemcsand1dj'}
2025-11-06 16:25:12,496 : INFO : EventManager : Event: ======'player_mode_threemcsand1dj_score'====== Args={'value': 6300000, 'prev_value': 4725000, 'change': 1575000, 'player_num': 1, 'source': 'threemcsand1dj'}
2025-11-06 16:25:12,496 : INFO : EventManager : Event: ======'logicblock_threemcsand1dj_scratches_counter_updated'====== Args={'value': 1, 'enabled': True}
2025-11-06 16:25:12,497 : INFO : EventManager : Event: ======'counter_threemcsand1dj_scratches_counter_hit'====== Args={'count': 1, 'hits': 4, 'remaining': 1}
2025-11-06 16:25:12,497 : INFO : EventManager : Event: ======'logicblock_threemcsand1dj_scratches_counter_hit'====== Args={'count': 1, 'hits': 4, 'remaining': 1}
2025-11-06 16:25:12,497 : INFO : EventManager : Event: ======'player_score'====== Args={'value': 21722460, 'prev_value': 21720450, 'change': 2010, 'player_num': 1, 'source': 'base'}
2025-11-06 16:25:12,501 : INFO : EventManager : Event: ======'add_threemcsand1dj_time_5s'====== Args={'priority': 0}
2025-11-06 16:25:12,501 : INFO : EventManager : Event: ======'player_threemcsand1dj_scratches_remaining'====== Args={'value': 1, 'prev_value': 2, 'change': -1, 'player_num': 1, 'source': 'threemcsand1dj'}
2025-11-06 16:25:12,502 : INFO : EventManager : Event: ======'player_threemcsand1dj_threemcsand1dj_time_remaining_tick'====== Args={'value': 19, 'prev_value': 14, 'change': 5, 'player_num': 1}
2025-11-06 16:25:12,502 : INFO : EventManager : Event: ======'timer_threemcsand1dj_time_remaining_time_added'====== Args={'ticks': 19, 'ticks_added': 14, 'ticks_remaining': 14}
2025-11-06 16:25:12,572 : INFO : EventManager : Event: ======'player_threemcsand1dj_threemcsand1dj_time_remaining_tick'====== Args={'value': 18, 'prev_value': 19, 'change': -1, 'player_num': 1}
2025-11-06 16:25:12,573 : INFO : EventManager : Event: ======'timer_threemcsand1dj_time_remaining_tick'====== Args={'ticks': 18, 'ticks_remaining': 18}
2025-11-06 16:25:12,577 : INFO : EventManager : Event: ======'player_threemcsand1dj_time_remaining_variable_times_1'====== Args={'value': 18, 'prev_value': 14, 'change': 4, 'player_num': 1, 'source': 'threemcsand1dj'}
2025-11-06 16:25:12,631 : INFO : SwitchController : <<<<<<< 's_right_orbit' inactive >>>>>>>
2025-11-06 16:25:12,870 : INFO : EventManager : Event: ======'inner_loop_backdoor_sequence_timeout'====== Args={}
2025-11-06 16:25:13,587 : INFO : EventManager : Event: ======'player_threemcsand1dj_threemcsand1dj_time_remaining_tick'====== Args={'value': 17, 'prev_value': 18, 'change': -1, 'player_num': 1}
2025-11-06 16:25:13,588 : INFO : EventManager : Event: ======'timer_threemcsand1dj_time_remaining_tick'====== Args={'ticks': 17, 'ticks_remaining': 17}
2025-11-06 16:25:13,591 : INFO : EventManager : Event: ======'player_threemcsand1dj_time_remaining_variable_times_1'====== Args={'value': 17, 'prev_value': 18, 'change': -1, 'player_num': 1, 'source': 'threemcsand1dj'}
2025-11-06 16:25:13,787 : INFO : EventManager : Event: ======'inner_loop_to_captive_ball_ramp_combo_timeout'====== Args={}
2025-11-06 16:25:13,787 : INFO : EventManager : Event: ======'inner_loop_to_right_orbit_combo_timeout'====== Args={}
2025-11-06 16:25:13,788 : INFO : EventManager : Event: ======'right_orbit_backdoor_sequence_timeout'====== Args={}
2025-11-06 16:25:13,788 : INFO : EventManager : Event: ======'inner_loop_to_left_orbit_combo_timeout'====== Args={}
2025-11-06 16:25:13,788 : INFO : EventManager : Event: ======'right_orbit_sequence_timeout'====== Args={}
2025-11-06 16:25:13,788 : INFO : EventManager : Event: ======'inner_loop_to_right_ramp_combo_timeout'====== Args={}
2025-11-06 16:25:13,789 : INFO : EventManager : Event: ======'inner_loop_to_inner_loop_combo_timeout'====== Args={}
2025-11-06 16:25:13,789 : INFO : EventManager : Event: ======'inner_loop_to_left_ramp_combo_timeout'====== Args={}
2025-11-06 16:25:14,112 : INFO : SwitchController : <<<<<<< 's_inner_orbit' active >>>>>>>
2025-11-06 16:25:14,112 : INFO : EventManager : Event: ======'s_inner_orbit_active'====== Args={}
2025-11-06 16:25:14,112 : INFO : EventManager : Event: ======'machine_var_audits_switches_s_inner_orbit'====== Args={'value': 44, 'prev_value': 43, 'change': 1}
2025-11-06 16:25:14,113 : INFO : EventManager : Event: ======'player_score'====== Args={'value': 21723470, 'prev_value': 21722460, 'change': 1010, 'player_num': 1, 'source': 'base'}
2025-11-06 16:25:14,206 : INFO : SwitchController : <<<<<<< 's_inner_orbit' inactive >>>>>>>
2025-11-06 16:25:14,583 : INFO : EventManager : Event: ======'player_threemcsand1dj_threemcsand1dj_time_remaining_tick'====== Args={'value': 16, 'prev_value': 17, 'change': -1, 'player_num': 1}
2025-11-06 16:25:14,584 : INFO : EventManager : Event: ======'timer_threemcsand1dj_time_remaining_tick'====== Args={'ticks': 16, 'ticks_remaining': 16}
2025-11-06 16:25:14,586 : INFO : EventManager : Event: ======'player_threemcsand1dj_time_remaining_variable_times_1'====== Args={'value': 16, 'prev_value': 17, 'change': -1, 'player_num': 1, 'source': 'threemcsand1dj'}
2025-11-06 16:25:14,690 : INFO : EventManager : Event: ======'inner_loop_backdoor_sequence_timeout'====== Args={}
2025-11-06 16:25:15,350 : INFO : SwitchController : <<<<<<< 's_right_orbit' active >>>>>>>
2025-11-06 16:25:15,350 : INFO : EventManager : Event: ======'s_right_orbit_active'====== Args={}
2025-11-06 16:25:15,350 : INFO : EventManager : Event: ======'machine_var_audits_switches_s_right_orbit'====== Args={'value': 184, 'prev_value': 183, 'change': 1}
2025-11-06 16:25:15,351 : INFO : EventManager : Event: ======'player_score'====== Args={'value': 21723580, 'prev_value': 21723470, 'change': 110, 'player_num': 1, 'source': 'base'}
2025-11-06 16:25:15,352 : INFO : EventManager : Event: ======'inner_loop_sequence_hit'====== Args={'elapsed': 1.2339999999967404}
2025-11-06 16:25:15,355 : INFO : EventManager : Event: ======'machine_var_audits_shots_inner_loop'====== Args={'value': 35, 'prev_value': 34, 'change': 1}
2025-11-06 16:25:15,356 : INFO : EventManager : Event: ======'inner_loop_hit'====== Args={'profile': 'base_shot_profile', 'state': 'off', 'advancing': False}
2025-11-06 16:25:15,356 : INFO : EventManager : Event: ======'inner_loop_base_shot_profile_hit'====== Args={'profile': 'base_shot_profile', 'state': 'off', 'advancing': False}
2025-11-06 16:25:15,356 : INFO : EventManager : Event: ======'inner_loop_base_shot_profile_off_hit'====== Args={'profile': 'base_shot_profile', 'state': 'off', 'advancing': False}
2025-11-06 16:25:15,356 : INFO : EventManager : Event: ======'inner_loop_off_hit'====== Args={'profile': 'base_shot_profile', 'state': 'off', 'advancing': False}
2025-11-06 16:25:15,357 : INFO : EventManager : Event: ======'player_score'====== Args={'value': 23298580, 'prev_value': 21723580, 'change': 1575000, 'player_num': 1, 'source': 'threemcsand1dj'}
2025-11-06 16:25:15,357 : INFO : EventManager : Event: ======'player_mode_threemcsand1dj_score'====== Args={'value': 7875000, 'prev_value': 6300000, 'change': 1575000, 'player_num': 1, 'source': 'threemcsand1dj'}
2025-11-06 16:25:15,357 : INFO : EventManager : Event: ======'logicblock_threemcsand1dj_scratches_counter_updated'====== Args={'value': 0, 'enabled': True}
2025-11-06 16:25:15,357 : INFO : EventManager : Event: ======'counter_threemcsand1dj_scratches_counter_hit'====== Args={'count': 0, 'hits': 5, 'remaining': 0}
2025-11-06 16:25:15,357 : INFO : EventManager : Event: ======'logicblock_threemcsand1dj_scratches_counter_hit'====== Args={'count': 0, 'hits': 5, 'remaining': 0}
2025-11-06 16:25:15,357 : INFO : EventManager : Event: ======'threemcsand1dj_scratches_counter_complete'====== Args={}
2025-11-06 16:25:15,358 : INFO : EventManager : Event: ======'player_score'====== Args={'value': 23300590, 'prev_value': 23298580, 'change': 2010, 'player_num': 1, 'source': 'base'}
2025-11-06 16:25:15,362 : INFO : EventManager : Event: ======'add_threemcsand1dj_time_5s'====== Args={'priority': 0}
2025-11-06 16:25:15,364 : INFO : EventManager : Event: ======'player_threemcsand1dj_scratches_remaining'====== Args={'value': 0, 'prev_value': 1, 'change': -1, 'player_num': 1, 'source': 'threemcsand1dj'}
2025-11-06 16:25:15,364 : INFO : EventManager : Event: ======'player_threemcsand1dj_threemcsand1dj_time_remaining_tick'====== Args={'value': 21, 'prev_value': 16, 'change': 5, 'player_num': 1}
2025-11-06 16:25:15,364 : INFO : EventManager : Event: ======'timer_threemcsand1dj_time_remaining_time_added'====== Args={'ticks': 21, 'ticks_added': 16, 'ticks_remaining': 16}
2025-11-06 16:25:15,369 : INFO : EventManager : Event: ======'mode_threemcsand1dj_success'====== Args={'priority': 0}
2025-11-06 16:25:15,369 : INFO : blinkenlight.bl_lowerpop_smallarrow_led : Color (0, 0, 0) with key threemcsand1dj added
2025-11-06 16:25:15,369 : INFO : blinkenlight.bl_lowerrightpop_inside_led : Color (0, 0, 0) with key threemcsand1dj added
2025-11-06 16:25:15,369 : INFO : blinkenlight.bl_lowerrightpop_inside2_led : Color (0, 0, 0) with key threemcsand1dj added
2025-11-06 16:25:15,369 : INFO : blinkenlight.bl_upperleftpop_inside_led : Color (0, 0, 0) with key threemcsand1dj added
2025-11-06 16:25:15,369 : INFO : blinkenlight.bl_uppercenterpop_inside_led : Color (0, 0, 0) with key threemcsand1dj added
2025-11-06 16:25:15,370 : INFO : blinkenlight.bl_captiveball_smallcircle_led : Color (0, 0, 0) with key threemcsand1dj added
2025-11-06 16:25:15,370 : INFO : blinkenlight.bl_innerloop_arrow_led : Color (0, 0, 0) with key threemcsand1dj added
2025-11-06 16:25:15,370 : INFO : Timer.threemcsand1dj_time_remaining : Pausing Timer for 0 ms
2025-11-06 16:25:15,370 : INFO : EventManager : Event: ======'timer_threemcsand1dj_time_remaining_paused'====== Args={'ticks': 21, 'ticks_remaining': 21}
2025-11-06 16:25:15,370 : INFO : EventManager : Event: ======'logicblock_battery_charged_status_updated'====== Args={'value': 20, 'enabled': False}
2025-11-06 16:25:15,370 : INFO : EventManager : Event: ======'logicblock_battery_charged_status_updated'====== Args={'value': 20, 'enabled': True}
2025-11-06 16:25:15,371 : INFO : EventManager : Event: ======'mode_threemcsand1dj_will_stop'====== Args={}
2025-11-06 16:25:15,371 : INFO : EventManager : Event: ======'mode_threemcsand1dj_stopping'====== Args={}
2025-11-06 16:25:15,371 : INFO : EventManager : Event: ======'achievement_threemcsand1dj_mode_changed_state'====== Args={'restore': False, 'state': 'completed', 'selected': False}
2025-11-06 16:25:15,371 : INFO : EventManager : Event: ======'achievement_threemcsand1dj_mode_state_completed'====== Args={'restore': False, 'state': 'completed', 'selected': False}
2025-11-06 16:25:15,371 : INFO : EventManager : Event: ======'player_modes_completed'====== Args={'value': 2, 'prev_value': 1, 'change': 1, 'player_num': 1, 'source': 'base'}
2025-11-06 16:25:15,372 : INFO : EventManager : Event: ======'logicblock_completed_modes_count_updated'====== Args={'value': 2, 'enabled': True}
2025-11-06 16:25:15,372 : INFO : EventManager : Event: ======'counter_completed_modes_count_hit'====== Args={'count': 2, 'hits': 2, 'remaining': 7}
2025-11-06 16:25:15,372 : INFO : EventManager : Event: ======'logicblock_completed_modes_count_hit'====== Args={'count': 2, 'hits': 2, 'remaining': 7}
2025-11-06 16:25:15,372 : INFO : EventManager : Event: ======'logicblock_battery_charged_status_updated'====== Args={'value': 10, 'enabled': True}
2025-11-06 16:25:15,376 : INFO : EventManager : Event: ======'achievement_wizard1_changed_state'====== Args={'restore': False, 'state': 'enabled', 'selected': False}
2025-11-06 16:25:15,376 : INFO : EventManager : Event: ======'achievement_wizard1_state_enabled'====== Args={'restore': False, 'state': 'enabled', 'selected': False}
2025-11-06 16:25:15,379 : INFO : Mode.threemcsand1dj : Stopped.
2025-11-06 16:25:15,379 : INFO : EventManager : Event: ======'modes_active_modes_changed'====== Args={}
2025-11-06 16:25:15,379 : INFO : blinkenlight.bl_lowerpop_smallarrow_led : Color removed with key threemcsand1dj
2025-11-06 16:25:15,379 : INFO : blinkenlight.bl_lowerrightpop_inside_led : Color removed with key threemcsand1dj
2025-11-06 16:25:15,379 : INFO : blinkenlight.bl_lowerrightpop_inside2_led : Color removed with key threemcsand1dj
2025-11-06 16:25:15,380 : INFO : blinkenlight.bl_upperleftpop_inside_led : Color removed with key threemcsand1dj
2025-11-06 16:25:15,380 : INFO : blinkenlight.bl_uppercenterpop_inside_led : Color removed with key threemcsand1dj
2025-11-06 16:25:15,380 : INFO : blinkenlight.bl_captiveball_smallcircle_led : Color removed with key threemcsand1dj
2025-11-06 16:25:15,380 : INFO : blinkenlight.bl_innerloop_arrow_led : Color removed with key threemcsand1dj
2025-11-06 16:25:15,380 : INFO : EventManager : Event: ======'mode_threemcsand1dj_stopped'====== Args={}
2025-11-06 16:25:15,380 : INFO : EventManager : Event: ======'clear'====== Args={'key': 'threemcsand1dj'}
2025-11-06 16:25:15,380 : INFO : EventManager : Event: ======'logicblock_battery_charged_status_updated'====== Args={'value': 20, 'enabled': True}
2025-11-06 16:25:15,381 : INFO : EventManager : Event: ======'logicblock_battery_charged_status_updated'====== Args={'value': 20, 'enabled': True}
2025-11-06 16:25:15,381 : INFO : EventManager : Event: ======'player_mode_blocking_flag'====== Args={'value': 0, 'prev_value': 1, 'change': -1, 'player_num': 1, 'source': 'base'}
2025-11-06 16:25:15,381 : INFO : EventManager : Event: ======'logicblock_battery_charged_status_updated'====== Args={'value': 10, 'enabled': True}
2025-11-06 16:25:15,385 : INFO : Timer.threemcsand1dj_time_remaining : Stopping Timer
2025-11-06 16:25:15,385 : INFO : EventManager : Event: ======'timer_threemcsand1dj_time_remaining_stopped'====== Args={'ticks': 21, 'ticks_remaining': 21}
2025-11-06 16:25:15,385 : INFO : Timer.threemcsand1dj_intro_show : Stopping Timer
2025-11-06 16:25:15,385 : INFO : EventManager : Event: ======'timer_threemcsand1dj_intro_show_stopped'====== Args={'ticks': 9, 'ticks_remaining': 1}
2025-11-06 16:25:15,404 : INFO : EventManager : Event: ======'slide_threemcsand1dj_removed'====== Args={'_from_bcp': True}
2025-11-06 16:25:15,415 : INFO : EventManager : Event: ======'slide_threemcsand1dj_display_timer_removed'====== Args={'_from_bcp': True}
2025-11-06 16:25:15,416 : INFO : EventManager : Event: ======'slide_threemcsand1dj_scratches_counter_removed'====== Args={'_from_bcp': True}
2025-11-06 16:25:15,417 : INFO : EventManager : Event: ======'slide_threemcsand1dj_mix_multiplier_removed'====== Args={'_from_bcp': True}
2025-11-06 16:25:15,417 : INFO : EventManager : Event: ======'slide_threemcsand1dj_scratch_value_removed'====== Args={'_from_bcp': True}
2025-11-06 16:25:15,418 : INFO : EventManager : Event: ======'slide_base_created'====== Args={'_from_bcp': True}
2025-11-06 16:25:15,418 : INFO : EventManager : Event: ======'play_base_video2'====== Args={'_from_bcp': True}
2025-11-06 16:25:15,447 : INFO : EventManager : Event: ======'slide_threemcsand1djfinish_created'====== Args={'_from_bcp': True}
2025-11-06 16:25:15,448 : INFO : EventManager : Event: ======'slide_score_overlay_inactive'====== Args={'is_removing': False, '_from_bcp': True}
2025-11-06 16:25:15,448 : INFO : EventManager : Event: ======'slide_threemcsand1djfinish_active'====== Args={'original_context': 'base', 'original_calling_context': 'mode_threemcsand1dj_success', 'priority': 100.0, 'cmd': 'slides_play', '_from_bcp': True}
2025-11-06 16:25:15,467 : INFO : EventManager : Event: ======'slide_basevideo2_created'====== Args={'_from_bcp': True}
2025-11-06 16:25:15,491 : INFO : EventManager : Event: ======'inner_loop_to_inner_loop_combo_timeout'====== Args={}
2025-11-06 16:25:15,492 : INFO : EventManager : Event: ======'right_orbit_backdoor_sequence_timeout'====== Args={}
2025-11-06 16:25:15,492 : INFO : EventManager : Event: ======'inner_loop_to_right_ramp_combo_timeout'====== Args={}
2025-11-06 16:25:15,493 : INFO : EventManager : Event: ======'inner_loop_to_captive_ball_ramp_combo_timeout'====== Args={}
2025-11-06 16:25:15,493 : INFO : EventManager : Event: ======'right_orbit_sequence_timeout'====== Args={}
2025-11-06 16:25:15,493 : INFO : EventManager : Event: ======'inner_loop_to_left_ramp_combo_timeout'====== Args={}
2025-11-06 16:25:15,494 : INFO : EventManager : Event: ======'inner_loop_to_left_orbit_combo_timeout'====== Args={}
2025-11-06 16:25:15,494 : INFO : EventManager : Event: ======'inner_loop_to_right_orbit_combo_timeout'====== Args={}
2025-11-06 16:25:15,502 : INFO : SwitchController : <<<<<<< 's_right_orbit' inactive >>>>>>>
2025-11-06 16:25:17,132 : INFO : EventManager : Event: ======'inner_loop_backdoor_sequence_timeout'====== Args={}
2025-11-06 16:25:18,349 : INFO : EventManager : Event: ======'right_orbit_sequence_timeout'====== Args={}
2025-11-06 16:25:18,349 : INFO : EventManager : Event: ======'right_orbit_backdoor_sequence_timeout'====== Args={}
2025-11-06 16:25:18,381 : INFO : EventManager : Event: ======'inner_loop_to_left_orbit_combo_timeout'====== Args={}
2025-11-06 16:25:18,382 : INFO : EventManager : Event: ======'inner_loop_to_left_ramp_combo_timeout'====== Args={}
2025-11-06 16:25:18,382 : INFO : EventManager : Event: ======'inner_loop_to_captive_ball_ramp_combo_timeout'====== Args={}
2025-11-06 16:25:18,382 : INFO : EventManager : Event: ======'inner_loop_to_right_ramp_combo_timeout'====== Args={}
2025-11-06 16:25:18,382 : INFO : EventManager : Event: ======'inner_loop_to_inner_loop_combo_timeout'====== Args={}
2025-11-06 16:25:18,382 : INFO : EventManager : Event: ======'inner_loop_to_right_orbit_combo_timeout'====== Args={}
2025-11-06 16:25:21,435 : INFO : EventManager : Event: ======'slide_threemcsand1djfinish_inactive'====== Args={'is_removing': True, '_from_bcp': True}
2025-11-06 16:25:21,435 : INFO : EventManager : Event: ======'slide_score_overlay_active'====== Args={'_from_bcp': True}
2025-11-06 16:25:21,443 : INFO : EventManager : Event: ======'slide_threemcsand1djfinish_removed'====== Args={'_from_bcp': True}
2025-11-06 16:25:46,467 : INFO : SwitchController : <<<<<<< 's_scoop' active >>>>>>>
2025-11-06 16:25:46,468 : INFO : EventManager : Event: ======'s_scoop_active'====== Args={}
2025-11-06 16:25:46,468 : INFO : EventManager : Event: ======'machine_var_audits_switches_s_scoop'====== Args={'value': 760, 'prev_value': 759, 'change': 1}
2025-11-06 16:25:46,469 : INFO : EventManager : Event: ======'machine_var_audits_shots_scoop'====== Args={'value': 415, 'prev_value': 414, 'change': 1}
2025-11-06 16:25:46,470 : INFO : EventManager : Event: ======'scoop_hit'====== Args={'profile': 'base_shot_profile', 'state': 'off', 'advancing': False}
2025-11-06 16:25:46,470 : INFO : EventManager : Event: ======'scoop_base_shot_profile_hit'====== Args={'profile': 'base_shot_profile', 'state': 'off', 'advancing': False}
2025-11-06 16:25:46,470 : INFO : EventManager : Event: ======'scoop_base_shot_profile_off_hit'====== Args={'profile': 'base_shot_profile', 'state': 'off', 'advancing': False}
2025-11-06 16:25:46,470 : INFO : EventManager : Event: ======'scoop_off_hit'====== Args={'profile': 'base_shot_profile', 'state': 'off', 'advancing': False}
2025-11-06 16:25:46,470 : INFO : EventManager : Event: ======'achievement_wizard1_changed_state'====== Args={'restore': False, 'state': 'started', 'selected': False}
2025-11-06 16:25:46,471 : INFO : EventManager : Event: ======'start_makesomenoise'====== Args={'restore': False, 'state': 'started', 'selected': False}
2025-11-06 16:25:46,471 : INFO : EventManager : Event: ======'player_score'====== Args={'value': 23302900, 'prev_value': 23300590, 'change': 2310, 'player_num': 1, 'source': 'base'}
2025-11-06 16:25:46,471 : INFO : EventManager : Event: ======'mode_makesomenoise_will_start'====== Args={'restore': False, 'state': 'started', 'selected': False}
2025-11-06 16:25:46,472 : INFO : EventManager : Event: ======'player_makesomenoise_makesomenoise_intro_show_tick'====== Args={'value': 0, 'prev_value': 0, 'change': 0, 'player_num': 1}
2025-11-06 16:25:46,476 : INFO : EventManager : Event: ======'mode_makesomenoise_starting'====== Args={'restore': False, 'state': 'started', 'selected': False}
2025-11-06 16:25:46,491 : INFO : EventManager : Event: ======'logicblock_completing_makesomenoise_counters_updated'====== Args={'value': [False, False, False, False], 'enabled': True}
2025-11-06 16:25:46,491 : INFO : EventManager : Event: ======'logicblock_makesomenoise_spins_counter_updated'====== Args={'value': 40, 'enabled': False}
2025-11-06 16:25:46,491 : INFO : EventManager : Event: ======'logicblock_makesomenoise_ramps_counter_updated'====== Args={'value': 4, 'enabled': False}
2025-11-06 16:25:46,491 : INFO : EventManager : Event: ======'logicblock_makesomenoise_drops_counter_updated'====== Args={'value': 6, 'enabled': False}
2025-11-06 16:25:46,491 : INFO : EventManager : Event: ======'logicblock_makesomenoise_pops_counter_updated'====== Args={'value': 10, 'enabled': False}
2025-11-06 16:25:46,491 : INFO : EventManager : Event: ======'logicblock_completing_makesomenoise_counters_updated'====== Args={'value': [False, False, False, False], 'enabled': True}
2025-11-06 16:25:46,491 : INFO : EventManager : Event: ======'logicblock_makesomenoise_final_shot_updated'====== Args={'value': 0, 'enabled': False}
2025-11-06 16:25:46,491 : INFO : Mode.makesomenoise : Started. Priority: 5000
2025-11-06 16:25:46,491 : INFO : EventManager : Event: ======'modes_active_modes_changed'====== Args={}
2025-11-06 16:25:46,491 : INFO : EventManager : Event: ======'mode_makesomenoise_started'====== Args={'restore': False, 'state': 'started', 'selected': False}
2025-11-06 16:25:46,493 : INFO : EventManager : Event: ======'logicblock_battery_charged_status_updated'====== Args={'value': 10, 'enabled': False}
2025-11-06 16:25:46,495 : INFO : EventManager : Event: ======'logicblock_makesomenoise_spins_counter_updated'====== Args={'value': 40, 'enabled': True}
2025-11-06 16:25:46,495 : INFO : EventManager : Event: ======'logicblock_makesomenoise_ramps_counter_updated'====== Args={'value': 4, 'enabled': True}
2025-11-06 16:25:46,495 : INFO : EventManager : Event: ======'logicblock_makesomenoise_drops_counter_updated'====== Args={'value': 6, 'enabled': True}
2025-11-06 16:25:46,495 : INFO : EventManager : Event: ======'logicblock_makesomenoise_pops_counter_updated'====== Args={'value': 10, 'enabled': True}
2025-11-06 16:25:46,496 : INFO : EventManager : Event: ======'logicblock_makesomenoise_spins_counter_updated'====== Args={'value': 40, 'enabled': True}
2025-11-06 16:25:46,496 : INFO : EventManager : Event: ======'logicblock_makesomenoise_spins_counter_updated'====== Args={'value': 40, 'enabled': True}
2025-11-06 16:25:46,496 : INFO : EventManager : Event: ======'logicblock_makesomenoise_ramps_counter_updated'====== Args={'value': 4, 'enabled': True}
2025-11-06 16:25:46,496 : INFO : EventManager : Event: ======'logicblock_makesomenoise_ramps_counter_updated'====== Args={'value': 4, 'enabled': True}
2025-11-06 16:25:46,496 : INFO : EventManager : Event: ======'logicblock_makesomenoise_drops_counter_updated'====== Args={'value': 6, 'enabled': True}
2025-11-06 16:25:46,496 : INFO : EventManager : Event: ======'logicblock_makesomenoise_drops_counter_updated'====== Args={'value': 6, 'enabled': True}
2025-11-06 16:25:46,496 : INFO : EventManager : Event: ======'logicblock_makesomenoise_pops_counter_updated'====== Args={'value': 10, 'enabled': True}
2025-11-06 16:25:46,496 : INFO : EventManager : Event: ======'logicblock_makesomenoise_pops_counter_updated'====== Args={'value': 10, 'enabled': True}
2025-11-06 16:25:46,496 : INFO : EventManager : Event: ======'logicblock_completing_makesomenoise_counters_updated'====== Args={'value': [False, False, False, False], 'enabled': True}
2025-11-06 16:25:46,496 : INFO : EventManager : Event: ======'logicblock_completing_makesomenoise_counters_updated'====== Args={'value': [False, False, False, False], 'enabled': True}
2025-11-06 16:25:46,496 : INFO : EventManager : Event: ======'player_mode_blocking_flag'====== Args={'value': 1, 'prev_value': 0, 'change': 1, 'player_num': 1, 'source': 'makesomenoise'}
2025-11-06 16:25:46,497 : INFO : EventManager : Event: ======'player_chcheckitout_multiball_blocking_flag'====== Args={'value': 1, 'prev_value': 0, 'change': 1, 'player_num': 1, 'source': 'makesomenoise'}
2025-11-06 16:25:46,497 : INFO : EventManager : Event: ======'player_bodymovin_multiball_blocking_flag'====== Args={'value': 1, 'prev_value': 0, 'change': 1, 'player_num': 1, 'source': 'makesomenoise'}
2025-11-06 16:25:46,497 : INFO : EventManager : Event: ======'player_makesomenoise_pops_remaining'====== Args={'value': 10, 'prev_value': 0, 'change': 10, 'player_num': 1, 'source': 'makesomenoise'}
2025-11-06 16:25:46,497 : INFO : EventManager : Event: ======'player_makesomenoise_spins_remaining'====== Args={'value': 40, 'prev_value': 0, 'change': 40, 'player_num': 1, 'source': 'makesomenoise'}
2025-11-06 16:25:46,497 : INFO : EventManager : Event: ======'player_makesomenoise_drops_remaining'====== Args={'value': 6, 'prev_value': 0, 'change': 6, 'player_num': 1, 'source': 'makesomenoise'}
2025-11-06 16:25:46,497 : INFO : EventManager : Event: ======'player_makesomenoise_ramps_remaining'====== Args={'value': 4, 'prev_value': 0, 'change': 4, 'player_num': 1, 'source': 'makesomenoise'}
2025-11-06 16:25:46,498 : INFO : EventManager : Event: ======'player_mode_makesomenoise_score'====== Args={'value': 0, 'prev_value': 0, 'change': 0, 'player_num': 1, 'source': 'base'}
2025-11-06 16:25:46,498 : INFO : EventManager : Event: ======'player_modes_played'====== Args={'value': 3, 'prev_value': 2, 'change': 1, 'player_num': 1, 'source': 'base'}
2025-11-06 16:25:46,498 : INFO : EventManager : Event: ======'player_modes_completed'====== Args={'value': 3, 'prev_value': 2, 'change': 1, 'player_num': 1, 'source': 'base'}
2025-11-06 16:25:46,499 : INFO : EventManager : Event: ======'logicblock_drop_target_bank_counter_updated'====== Args={'value': 0, 'enabled': False}
2025-11-06 16:25:46,499 : INFO : EventManager : Event: ======'logicblock_played_modes_count_updated'====== Args={'value': 3, 'enabled': True}
2025-11-06 16:25:46,499 : INFO : EventManager : Event: ======'counter_played_modes_count_hit'====== Args={'count': 3, 'hits': 3, 'remaining': 10}
2025-11-06 16:25:46,499 : INFO : EventManager : Event: ======'logicblock_played_modes_count_hit'====== Args={'count': 3, 'hits': 3, 'remaining': 10}
2025-11-06 16:25:46,499 : INFO : Timer.makesomenoise_intro_show : Starting Timer.
2025-11-06 16:25:46,499 : INFO : EventManager : Event: ======'timer_makesomenoise_intro_show_started'====== Args={'ticks': 0, 'ticks_remaining': 10}
2025-11-06 16:25:46,500 : INFO : EventManager : Event: ======'timer_makesomenoise_intro_show_tick'====== Args={'ticks': 0, 'ticks_remaining': 10}
2025-11-06 16:25:46,530 : INFO : EventManager : Event: ======'player_makesomenoise_intro_show_variable_times_100'====== Args={'value': 0, 'prev_value': 0, 'change': 0, 'player_num': 1, 'source': 'makesomenoise'}
2025-11-06 16:25:46,552 : INFO : EventManager : Event: ======'slide_base_removed'====== Args={'_from_bcp': True}
2025-11-06 16:25:46,553 : INFO : EventManager : Event: ======'slide_basevideo2_removed'====== Args={'_from_bcp': True}
2025-11-06 16:25:46,602 : INFO : EventManager : Event: ======'slide_makesomenoise_created'====== Args={'_from_bcp': True}
2025-11-06 16:25:46,605 : INFO : EventManager : Event: ======'slide_makesomenoise_instructions_created'====== Args={'_from_bcp': True}
2025-11-06 16:25:46,975 : INFO : EventManager : Event: ======'balldevice_bd_scoop_ball_count_changed'====== Args={'balls': 1}
2025-11-06 16:25:46,976 : INFO : ball_device.bd_scoop : Received unexpected ball
2025-11-06 16:25:46,976 : INFO : EventManager : Event: ======'balldevice_captured_from_playfield'====== Args={'balls': 1}
2025-11-06 16:25:46,976 : INFO : EventManager : Event: ======'sw_playfield_active'====== Args={'balls': 1}
2025-11-06 16:25:46,976 : INFO : EventManager : Event: ======'playfield_ball_count_change'====== Args={'balls': 0, 'change': -1}
2025-11-06 16:25:46,977 : INFO : EventManager : Event: ======'balldevice_bd_scoop_ball_enter'====== Args={'new_balls': 1, 'unclaimed_balls': 1, 'new_available_balls': 1, 'device': <ball_device.bd_scoop>}
2025-11-06 16:25:46,978 : INFO : EventManager : Event: ======'ball_hold_makesomenoise_scoop_hold_held_ball'====== Args={'balls_held': 1, 'total_balls_held': 1}
2025-11-06 16:25:46,978 : INFO : EventManager : Event: ======'ball_hold_makesomenoise_scoop_hold_full'====== Args={'balls': 1}
2025-11-06 16:25:46,978 : INFO : EventManager : Event: ======'balldevice_balls_available'====== Args={}
2025-11-06 16:25:46,978 : INFO : EventManager : Event: ======'balldevice_bd_scoop_ball_entered'====== Args={'new_balls': 1, 'device': <ball_device.bd_scoop>}
2025-11-06 16:25:47,506 : INFO : EventManager : Event: ======'player_makesomenoise_makesomenoise_intro_show_tick'====== Args={'value': 1, 'prev_value': 0, 'change': 1, 'player_num': 1}
2025-11-06 16:25:47,508 : INFO : EventManager : Event: ======'timer_makesomenoise_intro_show_tick'====== Args={'ticks': 1, 'ticks_remaining': 9}
2025-11-06 16:25:47,510 : INFO : EventManager : Event: ======'player_makesomenoise_intro_show_variable_times_100'====== Args={'value': 100, 'prev_value': 0, 'change': 100, 'player_num': 1, 'source': 'makesomenoise'}
2025-11-06 16:25:48,493 : INFO : EventManager : Event: ======'player_makesomenoise_makesomenoise_intro_show_tick'====== Args={'value': 2, 'prev_value': 1, 'change': 1, 'player_num': 1}
2025-11-06 16:25:48,494 : INFO : EventManager : Event: ======'timer_makesomenoise_intro_show_tick'====== Args={'ticks': 2, 'ticks_remaining': 8}
2025-11-06 16:25:48,498 : INFO : EventManager : Event: ======'player_makesomenoise_intro_show_variable_times_100'====== Args={'value': 200, 'prev_value': 100, 'change': 100, 'player_num': 1, 'source': 'makesomenoise'}
2025-11-06 16:25:49,507 : INFO : EventManager : Event: ======'player_makesomenoise_makesomenoise_intro_show_tick'====== Args={'value': 3, 'prev_value': 2, 'change': 1, 'player_num': 1}
2025-11-06 16:25:49,508 : INFO : EventManager : Event: ======'timer_makesomenoise_intro_show_tick'====== Args={'ticks': 3, 'ticks_remaining': 7}
2025-11-06 16:25:49,512 : INFO : EventManager : Event: ======'player_makesomenoise_intro_show_variable_times_100'====== Args={'value': 300, 'prev_value': 200, 'change': 100, 'player_num': 1, 'source': 'makesomenoise'}
2025-11-06 16:25:50,490 : INFO : EventManager : Event: ======'player_makesomenoise_makesomenoise_intro_show_tick'====== Args={'value': 4, 'prev_value': 3, 'change': 1, 'player_num': 1}
2025-11-06 16:25:50,491 : INFO : EventManager : Event: ======'timer_makesomenoise_intro_show_tick'====== Args={'ticks': 4, 'ticks_remaining': 6}
2025-11-06 16:25:50,494 : INFO : EventManager : Event: ======'player_makesomenoise_intro_show_variable_times_100'====== Args={'value': 400, 'prev_value': 300, 'change': 100, 'player_num': 1, 'source': 'makesomenoise'}
2025-11-06 16:25:51,512 : INFO : EventManager : Event: ======'player_makesomenoise_makesomenoise_intro_show_tick'====== Args={'value': 5, 'prev_value': 4, 'change': 1, 'player_num': 1}
2025-11-06 16:25:51,513 : INFO : EventManager : Event: ======'timer_makesomenoise_intro_show_tick'====== Args={'ticks': 5, 'ticks_remaining': 5}
2025-11-06 16:25:51,515 : INFO : EventManager : Event: ======'player_makesomenoise_intro_show_variable_times_100'====== Args={'value': 500, 'prev_value': 400, 'change': 100, 'player_num': 1, 'source': 'makesomenoise'}
2025-11-06 16:25:52,497 : INFO : EventManager : Event: ======'player_makesomenoise_makesomenoise_intro_show_tick'====== Args={'value': 6, 'prev_value': 5, 'change': 1, 'player_num': 1}
2025-11-06 16:25:52,497 : INFO : EventManager : Event: ======'timer_makesomenoise_intro_show_tick'====== Args={'ticks': 6, 'ticks_remaining': 4}
2025-11-06 16:25:52,500 : INFO : EventManager : Event: ======'player_makesomenoise_intro_show_variable_times_100'====== Args={'value': 600, 'prev_value': 500, 'change': 100, 'player_num': 1, 'source': 'makesomenoise'}
2025-11-06 16:25:53,496 : INFO : EventManager : Event: ======'player_makesomenoise_makesomenoise_intro_show_tick'====== Args={'value': 7, 'prev_value': 6, 'change': 1, 'player_num': 1}
2025-11-06 16:25:53,496 : INFO : EventManager : Event: ======'timer_makesomenoise_intro_show_tick'====== Args={'ticks': 7, 'ticks_remaining': 3}
2025-11-06 16:25:53,500 : INFO : EventManager : Event: ======'player_makesomenoise_intro_show_variable_times_100'====== Args={'value': 700, 'prev_value': 600, 'change': 100, 'player_num': 1, 'source': 'makesomenoise'}
2025-11-06 16:25:54,493 : INFO : EventManager : Event: ======'player_makesomenoise_makesomenoise_intro_show_tick'====== Args={'value': 8, 'prev_value': 7, 'change': 1, 'player_num': 1}
2025-11-06 16:25:54,494 : INFO : EventManager : Event: ======'timer_makesomenoise_intro_show_tick'====== Args={'ticks': 8, 'ticks_remaining': 2}
2025-11-06 16:25:54,498 : INFO : EventManager : Event: ======'player_makesomenoise_intro_show_variable_times_100'====== Args={'value': 800, 'prev_value': 700, 'change': 100, 'player_num': 1, 'source': 'makesomenoise'}
2025-11-06 16:25:54,597 : INFO : EventManager : Event: ======'slide_makesomenoise_instructions_removed'====== Args={'_from_bcp': True}
2025-11-06 16:25:55,507 : INFO : EventManager : Event: ======'player_makesomenoise_makesomenoise_intro_show_tick'====== Args={'value': 9, 'prev_value': 8, 'change': 1, 'player_num': 1}
2025-11-06 16:25:55,508 : INFO : EventManager : Event: ======'timer_makesomenoise_intro_show_tick'====== Args={'ticks': 9, 'ticks_remaining': 1}
2025-11-06 16:25:55,511 : INFO : EventManager : Event: ======'player_makesomenoise_intro_show_variable_times_100'====== Args={'value': 900, 'prev_value': 800, 'change': 100, 'player_num': 1, 'source': 'makesomenoise'}
2025-11-06 16:25:56,508 : INFO : EventManager : Event: ======'player_makesomenoise_makesomenoise_intro_show_tick'====== Args={'value': 10, 'prev_value': 9, 'change': 1, 'player_num': 1}
2025-11-06 16:25:56,509 : INFO : Timer.makesomenoise_intro_show : Timer Complete
2025-11-06 16:25:56,509 : INFO : Timer.makesomenoise_intro_show : Stopping Timer
2025-11-06 16:25:56,509 : INFO : EventManager : Event: ======'timer_makesomenoise_intro_show_stopped'====== Args={'ticks': 10, 'ticks_remaining': 1}
2025-11-06 16:25:56,509 : INFO : EventManager : Event: ======'timer_makesomenoise_intro_show_complete'====== Args={'ticks': 10, 'ticks_remaining': 1}
2025-11-06 16:25:56,512 : INFO : ball_device.bd_scoop : Adding 1 ball(s) to the eject_queue with target <playfield.playfield>.
2025-11-06 16:25:56,512 : INFO : EventManager : Event: ======'balldevice_balls_available'====== Args={}
2025-11-06 16:25:56,513 : INFO : EventManager : Event: ======'ball_hold_makesomenoise_scoop_hold_balls_released'====== Args={'balls_released': 1}
2025-11-06 16:25:56,514 : INFO : EventManager : Event: ======'balls_in_play'====== Args={'balls': 4}
2025-11-06 16:25:56,514 : INFO : ball_device.bd_plunger : Adding 3 ball(s) to the eject_queue with target <playfield.playfield>.
2025-11-06 16:25:56,514 : INFO : EventManager : Event: ======'balldevice_balls_available'====== Args={}
2025-11-06 16:25:56,514 : INFO : EventManager : Event: ======'balldevice_balls_available'====== Args={}
2025-11-06 16:25:56,514 : INFO : EventManager : Event: ======'balldevice_balls_available'====== Args={}
2025-11-06 16:25:56,514 : INFO : EventManager : Event: ======'ball_save_makesomenoise_timer_start'====== Args={}
2025-11-06 16:25:56,514 : INFO : EventManager : Event: ======'multiball_makesomenoise_started'====== Args={'balls': 4}
2025-11-06 16:25:56,515 : INFO : EventManager : Event: ======'achievement_wizard1_changed_state'====== Args={'restore': False, 'state': 'completed', 'selected': False}
2025-11-06 16:25:56,515 : INFO : EventManager : Event: ======'makesomenoise_played'====== Args={'restore': False, 'state': 'completed', 'selected': False}
2025-11-06 16:25:56,520 : INFO : ball_device.bd_scoop : State: waiting_for_target_ready
2025-11-06 16:25:56,521 : INFO : EventManager : Event: ======'balldevice_bd_scoop_ball_eject_attempt'====== Args={'balls': 1, 'target': <playfield.playfield>, 'source': <ball_device.bd_scoop>, 'mechanical_eject': False, 'num_attempts': 0}
2025-11-06 16:25:56,521 : INFO : ball_device.bd_trough : State: waiting_for_target_ready
2025-11-06 16:25:56,521 : INFO : EventManager : Event: ======'balldevice_bd_trough_ball_eject_attempt'====== Args={'balls': 1, 'target': <ball_device.bd_plunger>, 'source': <ball_device.bd_trough>, 'mechanical_eject': False, 'num_attempts': 0}
2025-11-06 16:25:56,521 : INFO : ball_device.bd_plunger : State: waiting_for_ball
2025-11-06 16:25:56,522 : INFO : ball_device.bd_trough : State: ejecting
2025-11-06 16:25:56,522 : INFO : ball_device.bd_trough : Ejecting ball to <ball_device.bd_plunger>
2025-11-06 16:25:56,522 : INFO : EventManager : Event: ======'balldevice_bd_trough_ejecting_ball'====== Args={'balls': 1, 'target': <ball_device.bd_plunger>, 'source': <ball_device.bd_trough>, 'mechanical_eject': False, 'num_attempts': 0}
2025-11-06 16:25:56,523 : INFO : ball_device.bd_scoop : State: ejecting
2025-11-06 16:25:56,523 : INFO : ball_device.bd_scoop : Ejecting ball to <playfield.playfield>
2025-11-06 16:25:56,523 : INFO : EventManager : Event: ======'balldevice_bd_scoop_ejecting_ball'====== Args={'balls': 1, 'target': <playfield.playfield>, 'source': <ball_device.bd_scoop>, 'mechanical_eject': False, 'num_attempts': 0}
2025-11-06 16:25:56,524 : INFO : ball_device.bd_scoop : Wait for ball to leave device
2025-11-06 16:25:56,524 : INFO : coil.c_scoop_eject : Pulsing Driver for 25ms (1.0 pulse_power)
2025-11-06 16:25:56,525 : INFO : SwitchController : <<<<<<< 's_scoop' inactive >>>>>>>
2025-11-06 16:25:56,525 : INFO : ball_device.bd_trough : Wait for ball to leave device
2025-11-06 16:25:56,529 : INFO : ball_device.bd_scoop : State: ball_left
2025-11-06 16:25:56,530 : INFO : ball_device.bd_scoop : Ball left
2025-11-06 16:25:56,530 : INFO : ball_device.bd_scoop : Wait for confirm with timeout 3.0
2025-11-06 16:25:56,530 : INFO : EventManager : Event: ======'slide_makesomenoise_drops_counter_created'====== Args={'_from_bcp': True}
2025-11-06 16:25:56,532 : INFO : EventManager : Event: ======'slide_makesomenoise_pops_counter_created'====== Args={'_from_bcp': True}
2025-11-06 16:25:56,535 : INFO : EventManager : Event: ======'slide_makesomenoise_spins_counter_created'====== Args={'_from_bcp': True}
2025-11-06 16:25:56,537 : INFO : EventManager : Event: ======'slide_makesomenoise_ramps_counter_created'====== Args={'_from_bcp': True}
2025-11-06 16:25:56,570 : INFO : coil.c_trough_eject : Pulsing Driver for 20ms (1.0 pulse_power)
2025-11-06 16:25:56,571 : INFO : SwitchController : <<<<<<< 's_trough2' inactive >>>>>>>
2025-11-06 16:25:56,575 : INFO : ball_device.bd_trough : State: ball_left
2025-11-06 16:25:56,576 : INFO : ball_device.bd_trough : Ball left
2025-11-06 16:25:56,576 : INFO : ball_device.bd_trough : Wait for confirm with timeout 3.0
2025-11-06 16:25:56,662 : INFO : SwitchController : <<<<<<< 's_plunger' active >>>>>>>
2025-11-06 16:25:56,662 : INFO : EventManager : Event: ======'machine_var_audits_switches_s_plunger'====== Args={'value': 1682, 'prev_value': 1681, 'change': 1}
2025-11-06 16:25:57,165 : INFO : ball_device.bd_plunger : Received ball from <ball_device.bd_trough>
2025-11-06 16:25:57,165 : INFO : EventManager : Event: ======'balldevice_bd_plunger_ball_enter'====== Args={'new_balls': 1, 'unclaimed_balls': 0, 'new_available_balls': 0, 'device': <ball_device.bd_plunger>}
2025-11-06 16:25:57,166 : INFO : EventManager : Event: ======'balldevice_bd_plunger_ball_entered'====== Args={'new_balls': 0, 'device': <ball_device.bd_plunger>}
2025-11-06 16:25:57,166 : INFO : EventManager : Event: ======'balldevice_bd_plunger_ball_count_changed'====== Args={'balls': 1}
2025-11-06 16:25:57,167 : INFO : ball_device.bd_trough : Got eject confirm
2025-11-06 16:25:57,167 : INFO : ball_device.bd_trough : Eject successful
2025-11-06 16:25:57,167 : INFO : EventManager : Event: ======'balldevice_bd_trough_ball_eject_success'====== Args={'balls': 1, 'target': <ball_device.bd_plunger>}
2025-11-06 16:25:57,167 : INFO : EventManager : Event: ======'balldevice_bd_trough_ball_count_changed'====== Args={'balls': 4}
2025-11-06 16:25:57,167 : INFO : ball_device.bd_trough : State: idle
2025-11-06 16:25:57,167 : INFO : ball_device.bd_plunger : State: waiting_for_target_ready
2025-11-06 16:25:57,167 : INFO : EventManager : Event: ======'balldevice_bd_plunger_ball_eject_attempt'====== Args={'balls': 1, 'target': <playfield.playfield>, 'source': <ball_device.bd_plunger>, 'mechanical_eject': False, 'num_attempts': 0}
2025-11-06 16:25:57,167 : INFO : ball_device.bd_plunger : State: ejecting
2025-11-06 16:25:57,167 : INFO : ball_device.bd_plunger : Ejecting ball to <playfield.playfield>
2025-11-06 16:25:57,168 : INFO : EventManager : Event: ======'balldevice_bd_plunger_ejecting_ball'====== Args={'balls': 1, 'target': <playfield.playfield>, 'source': <ball_device.bd_plunger>, 'mechanical_eject': False, 'num_attempts': 0}
2025-11-06 16:25:57,169 : INFO : ball_device.bd_trough : State: waiting_for_target_ready
2025-11-06 16:25:57,169 : INFO : EventManager : Event: ======'balldevice_bd_trough_ball_eject_attempt'====== Args={'balls': 1, 'target': <ball_device.bd_plunger>, 'source': <ball_device.bd_trough>, 'mechanical_eject': False, 'num_attempts': 0}
2025-11-06 16:25:57,171 : INFO : ball_device.bd_plunger : Wait for ball to leave device
2025-11-06 16:25:57,171 : INFO : coil.c_plunger : Pulsing Driver for 20ms (1.0 pulse_power)
2025-11-06 16:25:57,171 : INFO : SwitchController : <<<<<<< 's_plunger' inactive >>>>>>>
2025-11-06 16:25:57,171 : INFO : EventManager : Event: ======'ball_out'====== Args={}
2025-11-06 16:25:57,175 : INFO : ball_device.bd_plunger : State: ball_left
2025-11-06 16:25:57,175 : INFO : ball_device.bd_plunger : Ball left
2025-11-06 16:25:57,176 : INFO : ball_device.bd_plunger : Wait for confirm with timeout 3.0
2025-11-06 16:25:59,559 : INFO : ball_device.bd_scoop : State: failed_confirm
2025-11-06 16:25:59,560 : INFO : ball_device.bd_scoop : Got timeout (3.0s) before confirm from <playfield.playfield>
2025-11-06 16:25:59,653 : INFO : ball_device.bd_scoop : Confirming eject because target is playfield and ball did not return.
2025-11-06 16:25:59,653 : INFO : ball_device.bd_scoop : Eject successful
2025-11-06 16:25:59,653 : INFO : EventManager : Event: ======'balldevice_bd_scoop_ball_eject_success'====== Args={'balls': 1, 'target': <playfield.playfield>}
2025-11-06 16:25:59,654 : INFO : EventManager : Event: ======'balldevice_playfield_ball_enter'====== Args={'new_balls': 1, 'unclaimed_balls': 1, 'device': <playfield.playfield>}
2025-11-06 16:25:59,654 : INFO : EventManager : Event: ======'playfield_ball_count_change'====== Args={'balls': 1, 'change': 1}
2025-11-06 16:25:59,655 : INFO : EventManager : Event: ======'balldevice_bd_scoop_ball_count_changed'====== Args={'balls': 0}
2025-11-06 16:25:59,655 : INFO : ball_device.bd_scoop : State: idle
2025-11-06 16:26:00,168 : INFO : ball_device.bd_plunger : State: failed_confirm
2025-11-06 16:26:00,168 : INFO : ball_device.bd_plunger : Got timeout (3.0s) before confirm from <playfield.playfield>
2025-11-06 16:26:00,262 : INFO : ball_device.bd_plunger : Confirming eject because target is playfield and ball did not return.
2025-11-06 16:26:00,262 : INFO : ball_device.bd_plunger : Eject successful
2025-11-06 16:26:00,262 : INFO : EventManager : Event: ======'balldevice_bd_plunger_ball_eject_success'====== Args={'balls': 1, 'target': <playfield.playfield>}
2025-11-06 16:26:00,262 : INFO : EventManager : Event: ======'balldevice_playfield_ball_enter'====== Args={'new_balls': 1, 'unclaimed_balls': 1, 'device': <playfield.playfield>}
2025-11-06 16:26:00,263 : INFO : EventManager : Event: ======'playfield_ball_count_change'====== Args={'balls': 2, 'change': 1}
2025-11-06 16:26:00,263 : INFO : EventManager : Event: ======'balldevice_bd_plunger_ball_count_changed'====== Args={'balls': 0}
2025-11-06 16:26:00,263 : INFO : ball_device.bd_plunger : State: idle
2025-11-06 16:26:00,264 : INFO : ball_device.bd_trough : State: ejecting
2025-11-06 16:26:00,264 : INFO : ball_device.bd_trough : Ejecting ball to <ball_device.bd_plunger>
2025-11-06 16:26:00,264 : INFO : EventManager : Event: ======'balldevice_bd_trough_ejecting_ball'====== Args={'balls': 1, 'target': <ball_device.bd_plunger>, 'source': <ball_device.bd_trough>, 'mechanical_eject': False, 'num_attempts': 0}
2025-11-06 16:26:00,265 : INFO : ball_device.bd_trough : Wait for ball to leave device
2025-11-06 16:26:00,265 : INFO : coil.c_trough_eject : Pulsing Driver for 20ms (1.0 pulse_power)
2025-11-06 16:26:00,267 : INFO : SwitchController : <<<<<<< 's_trough3' inactive >>>>>>>
2025-11-06 16:26:00,267 : INFO : ball_device.bd_plunger : State: waiting_for_ball
2025-11-06 16:26:00,272 : INFO : ball_device.bd_trough : State: ball_left
2025-11-06 16:26:00,272 : INFO : ball_device.bd_trough : Ball left
2025-11-06 16:26:00,272 : INFO : ball_device.bd_trough : Wait for confirm with timeout 3.0
2025-11-06 16:26:00,369 : INFO : SwitchController : <<<<<<< 's_plunger' active >>>>>>>
2025-11-06 16:26:00,369 : INFO : EventManager : Event: ======'machine_var_audits_switches_s_plunger'====== Args={'value': 1683, 'prev_value': 1682, 'change': 1}
2025-11-06 16:26:00,872 : INFO : ball_device.bd_plunger : Received ball from <ball_device.bd_trough>
2025-11-06 16:26:00,872 : INFO : EventManager : Event: ======'balldevice_bd_plunger_ball_enter'====== Args={'new_balls': 1, 'unclaimed_balls': 0, 'new_available_balls': 0, 'device': <ball_device.bd_plunger>}
2025-11-06 16:26:00,873 : INFO : EventManager : Event: ======'balldevice_bd_plunger_ball_entered'====== Args={'new_balls': 0, 'device': <ball_device.bd_plunger>}
2025-11-06 16:26:00,874 : INFO : EventManager : Event: ======'balldevice_bd_plunger_ball_count_changed'====== Args={'balls': 1}
2025-11-06 16:26:00,874 : INFO : ball_device.bd_trough : Got eject confirm
2025-11-06 16:26:00,874 : INFO : ball_device.bd_trough : Eject successful
2025-11-06 16:26:00,874 : INFO : EventManager : Event: ======'balldevice_bd_trough_ball_eject_success'====== Args={'balls': 1, 'target': <ball_device.bd_plunger>}
2025-11-06 16:26:00,875 : INFO : EventManager : Event: ======'balldevice_bd_trough_ball_count_changed'====== Args={'balls': 3}
2025-11-06 16:26:00,875 : INFO : ball_device.bd_trough : State: idle
2025-11-06 16:26:00,875 : INFO : ball_device.bd_plunger : State: waiting_for_target_ready
2025-11-06 16:26:00,875 : INFO : EventManager : Event: ======'balldevice_bd_plunger_ball_eject_attempt'====== Args={'balls': 1, 'target': <playfield.playfield>, 'source': <ball_device.bd_plunger>, 'mechanical_eject': False, 'num_attempts': 0}
2025-11-06 16:26:00,877 : INFO : ball_device.bd_plunger : State: ejecting
2025-11-06 16:26:00,877 : INFO : ball_device.bd_plunger : Ejecting ball to <playfield.playfield>
2025-11-06 16:26:00,877 : INFO : EventManager : Event: ======'balldevice_bd_plunger_ejecting_ball'====== Args={'balls': 1, 'target': <playfield.playfield>, 'source': <ball_device.bd_plunger>, 'mechanical_eject': False, 'num_attempts': 0}
2025-11-06 16:26:00,878 : INFO : ball_device.bd_trough : State: waiting_for_target_ready
2025-11-06 16:26:00,878 : INFO : EventManager : Event: ======'balldevice_bd_trough_ball_eject_attempt'====== Args={'balls': 1, 'target': <ball_device.bd_plunger>, 'source': <ball_device.bd_trough>, 'mechanical_eject': False, 'num_attempts': 0}
2025-11-06 16:26:00,880 : INFO : ball_device.bd_plunger : Wait for ball to leave device
2025-11-06 16:26:00,880 : INFO : coil.c_plunger : Pulsing Driver for 20ms (1.0 pulse_power)
2025-11-06 16:26:00,880 : INFO : SwitchController : <<<<<<< 's_plunger' inactive >>>>>>>
2025-11-06 16:26:00,880 : INFO : EventManager : Event: ======'ball_out'====== Args={}
2025-11-06 16:26:00,884 : INFO : ball_device.bd_plunger : State: ball_left
2025-11-06 16:26:00,884 : INFO : ball_device.bd_plunger : Ball left
2025-11-06 16:26:00,884 : INFO : ball_device.bd_plunger : Wait for confirm with timeout 3.0
2025-11-06 16:26:03,887 : INFO : ball_device.bd_plunger : State: failed_confirm
2025-11-06 16:26:03,887 : INFO : ball_device.bd_plunger : Got timeout (3.0s) before confirm from <playfield.playfield>
2025-11-06 16:26:03,980 : INFO : ball_device.bd_plunger : Confirming eject because target is playfield and ball did not return.
2025-11-06 16:26:03,980 : INFO : ball_device.bd_plunger : Eject successful
2025-11-06 16:26:03,980 : INFO : EventManager : Event: ======'balldevice_bd_plunger_ball_eject_success'====== Args={'balls': 1, 'target': <playfield.playfield>}
2025-11-06 16:26:03,982 : INFO : EventManager : Event: ======'balldevice_playfield_ball_enter'====== Args={'new_balls': 1, 'unclaimed_balls': 1, 'device': <playfield.playfield>}
2025-11-06 16:26:03,982 : INFO : EventManager : Event: ======'playfield_ball_count_change'====== Args={'balls': 3, 'change': 1}
2025-11-06 16:26:03,982 : INFO : EventManager : Event: ======'balldevice_bd_plunger_ball_count_changed'====== Args={'balls': 0}
2025-11-06 16:26:03,983 : INFO : ball_device.bd_plunger : State: idle
2025-11-06 16:26:03,983 : INFO : ball_device.bd_trough : State: ejecting
2025-11-06 16:26:03,983 : INFO : ball_device.bd_trough : Ejecting ball to <ball_device.bd_plunger>
2025-11-06 16:26:03,983 : INFO : EventManager : Event: ======'balldevice_bd_trough_ejecting_ball'====== Args={'balls': 1, 'target': <ball_device.bd_plunger>, 'source': <ball_device.bd_trough>, 'mechanical_eject': False, 'num_attempts': 0}
2025-11-06 16:26:03,985 : INFO : ball_device.bd_trough : Wait for ball to leave device
2025-11-06 16:26:03,985 : INFO : coil.c_trough_eject : Pulsing Driver for 20ms (1.0 pulse_power)
2025-11-06 16:26:03,985 : INFO : SwitchController : <<<<<<< 's_trough4' inactive >>>>>>>
2025-11-06 16:26:03,986 : INFO : ball_device.bd_plunger : State: waiting_for_ball
2025-11-06 16:26:03,990 : INFO : ball_device.bd_trough : State: ball_left
2025-11-06 16:26:03,990 : INFO : ball_device.bd_trough : Ball left
2025-11-06 16:26:03,990 : INFO : ball_device.bd_trough : Wait for confirm with timeout 3.0
2025-11-06 16:26:04,107 : INFO : SwitchController : <<<<<<< 's_plunger' active >>>>>>>
2025-11-06 16:26:04,107 : INFO : EventManager : Event: ======'machine_var_audits_switches_s_plunger'====== Args={'value': 1684, 'prev_value': 1683, 'change': 1}
2025-11-06 16:26:04,606 : INFO : ball_device.bd_plunger : Received ball from <ball_device.bd_trough>
2025-11-06 16:26:04,606 : INFO : EventManager : Event: ======'balldevice_bd_plunger_ball_enter'====== Args={'new_balls': 1, 'unclaimed_balls': 0, 'new_available_balls': 0, 'device': <ball_device.bd_plunger>}
2025-11-06 16:26:04,606 : INFO : EventManager : Event: ======'balldevice_bd_plunger_ball_entered'====== Args={'new_balls': 0, 'device': <ball_device.bd_plunger>}
2025-11-06 16:26:04,607 : INFO : EventManager : Event: ======'balldevice_bd_plunger_ball_count_changed'====== Args={'balls': 1}
2025-11-06 16:26:04,607 : INFO : ball_device.bd_trough : Got eject confirm
2025-11-06 16:26:04,607 : INFO : ball_device.bd_trough : Eject successful
2025-11-06 16:26:04,607 : INFO : EventManager : Event: ======'balldevice_bd_trough_ball_eject_success'====== Args={'balls': 1, 'target': <ball_device.bd_plunger>}
2025-11-06 16:26:04,608 : INFO : EventManager : Event: ======'balldevice_bd_trough_ball_count_changed'====== Args={'balls': 2}
2025-11-06 16:26:04,608 : INFO : ball_device.bd_trough : State: idle
2025-11-06 16:26:04,608 : INFO : ball_device.bd_plunger : State: waiting_for_target_ready
2025-11-06 16:26:04,608 : INFO : EventManager : Event: ======'balldevice_bd_plunger_ball_eject_attempt'====== Args={'balls': 1, 'target': <playfield.playfield>, 'source': <ball_device.bd_plunger>, 'mechanical_eject': False, 'num_attempts': 0}
2025-11-06 16:26:04,609 : INFO : ball_device.bd_plunger : State: ejecting
2025-11-06 16:26:04,609 : INFO : ball_device.bd_plunger : Ejecting ball to <playfield.playfield>
2025-11-06 16:26:04,609 : INFO : EventManager : Event: ======'balldevice_bd_plunger_ejecting_ball'====== Args={'balls': 1, 'target': <playfield.playfield>, 'source': <ball_device.bd_plunger>, 'mechanical_eject': False, 'num_attempts': 0}
2025-11-06 16:26:04,610 : INFO : ball_device.bd_plunger : Wait for ball to leave device
2025-11-06 16:26:04,610 : INFO : coil.c_plunger : Pulsing Driver for 20ms (1.0 pulse_power)
2025-11-06 16:26:04,610 : INFO : SwitchController : <<<<<<< 's_plunger' inactive >>>>>>>
2025-11-06 16:26:04,610 : INFO : EventManager : Event: ======'ball_out'====== Args={}
2025-11-06 16:26:04,615 : INFO : ball_device.bd_plunger : State: ball_left
2025-11-06 16:26:04,615 : INFO : ball_device.bd_plunger : Ball left
2025-11-06 16:26:04,616 : INFO : ball_device.bd_plunger : Wait for confirm with timeout 3.0
2025-11-06 16:26:07,609 : INFO : ball_device.bd_plunger : State: failed_confirm
2025-11-06 16:26:07,610 : INFO : ball_device.bd_plunger : Got timeout (3.0s) before confirm from <playfield.playfield>
2025-11-06 16:26:07,704 : INFO : ball_device.bd_plunger : Confirming eject because target is playfield and ball did not return.
2025-11-06 16:26:07,704 : INFO : ball_device.bd_plunger : Eject successful
2025-11-06 16:26:07,704 : INFO : EventManager : Event: ======'balldevice_bd_plunger_ball_eject_success'====== Args={'balls': 1, 'target': <playfield.playfield>}
2025-11-06 16:26:07,705 : INFO : EventManager : Event: ======'balldevice_playfield_ball_enter'====== Args={'new_balls': 1, 'unclaimed_balls': 1, 'device': <playfield.playfield>}
2025-11-06 16:26:07,705 : INFO : EventManager : Event: ======'playfield_ball_count_change'====== Args={'balls': 4, 'change': 1}
2025-11-06 16:26:07,706 : INFO : EventManager : Event: ======'balldevice_bd_plunger_ball_count_changed'====== Args={'balls': 0}
2025-11-06 16:26:07,706 : INFO : ball_device.bd_plunger : State: idle
2025-11-06 16:26:08,791 : INFO : Machine : Shutting down...
2025-11-06 16:26:08,791 : INFO : EventManager : Event: ======'shutdown'====== Args={}
2025-11-06 16:26:08,791 : INFO : EventManager : Event: ======'mode_service_will_stop'====== Args={}
2025-11-06 16:26:08,792 : INFO : EventManager : Event: ======'mode_service_stopping'====== Args={}
2025-11-06 16:26:08,792 : INFO : Mode.service : Stopped.
2025-11-06 16:26:08,793 : INFO : EventManager : Event: ======'modes_active_modes_changed'====== Args={}
2025-11-06 16:26:08,793 : INFO : EventManager : Event: ======'mode_service_stopped'====== Args={}
2025-11-06 16:26:08,793 : INFO : EventManager : Event: ======'clear'====== Args={'key': 'service'}
2025-11-06 16:26:08,795 : INFO : EventManager : Event: ======'mode_game_will_stop'====== Args={}
2025-11-06 16:26:08,795 : INFO : EventManager : Event: ======'mode_game_stopping'====== Args={}
2025-11-06 16:26:08,795 : INFO : EventManager : Event: ======'mode_base_will_stop'====== Args={}
2025-11-06 16:26:08,796 : INFO : EventManager : Event: ======'mode_base_stopping'====== Args={}
2025-11-06 16:26:08,796 : INFO : EventManager : Event: ======'mode_batterycharger_will_stop'====== Args={}
2025-11-06 16:26:08,796 : INFO : EventManager : Event: ======'mode_batterycharger_stopping'====== Args={}
2025-11-06 16:26:08,796 : INFO : EventManager : Event: ======'mode_combos_will_stop'====== Args={}
2025-11-06 16:26:08,796 : INFO : EventManager : Event: ======'mode_combos_stopping'====== Args={}
2025-11-06 16:26:08,796 : INFO : EventManager : Event: ======'mode_makesomenoise_will_stop'====== Args={}
2025-11-06 16:26:08,796 : INFO : EventManager : Event: ======'mode_makesomenoise_stopping'====== Args={}
2025-11-06 16:26:08,796 : INFO : EventManager : Event: ======'mode_multiball_will_stop'====== Args={}
2025-11-06 16:26:08,796 : INFO : EventManager : Event: ======'mode_multiball_stopping'====== Args={}
2025-11-06 16:26:08,796 : INFO : Mode.multiball : Stopped.
2025-11-06 16:26:08,797 : INFO : EventManager : Event: ======'modes_active_modes_changed'====== Args={}
2025-11-06 16:26:08,797 : INFO : EventManager : Event: ======'mode_multiball_stopped'====== Args={}
2025-11-06 16:26:08,797 : INFO : EventManager : Event: ======'clear'====== Args={'key': 'multiball'}
2025-11-06 16:26:08,797 : INFO : EventManager : Event: ======'multiball_makesomenoise_shoot_again_ended'====== Args={}
2025-11-06 16:26:08,798 : INFO : Mode.makesomenoise : Stopped.
2025-11-06 16:26:08,798 : INFO : EventManager : Event: ======'modes_active_modes_changed'====== Args={}
2025-11-06 16:26:08,799 : INFO : EventManager : Event: ======'mode_makesomenoise_stopped'====== Args={}
2025-11-06 16:26:08,799 : INFO : EventManager : Event: ======'clear'====== Args={'key': 'makesomenoise'}
2025-11-06 16:26:08,799 : INFO : EventManager : Event: ======'logicblock_drop_target_bank_counter_updated'====== Args={'value': 0, 'enabled': True}
2025-11-06 16:26:08,800 : INFO : EventManager : Event: ======'mode_makesomenoise_complete'====== Args={'priority': 0}
2025-11-06 16:26:08,800 : INFO : EventManager : Event: ======'player_mode_blocking_flag'====== Args={'value': 0, 'prev_value': 1, 'change': -1, 'player_num': 1, 'source': 'base'}
2025-11-06 16:26:08,800 : INFO : EventManager : Event: ======'player_chcheckitout_multiball_blocking_flag'====== Args={'value': 0, 'prev_value': 1, 'change': -1, 'player_num': 1, 'source': 'base'}
2025-11-06 16:26:08,800 : INFO : EventManager : Event: ======'player_bodymovin_multiball_blocking_flag'====== Args={'value': 0, 'prev_value': 1, 'change': -1, 'player_num': 1, 'source': 'base'}
2025-11-06 16:26:08,808 : INFO : Timer.makesomenoise_intro_show : Stopping Timer
2025-11-06 16:26:08,809 : INFO : EventManager : Event: ======'timer_makesomenoise_intro_show_stopped'====== Args={'ticks': 10, 'ticks_remaining': 1}
2025-11-06 16:26:08,809 : INFO : Mode.combos : Stopped.
2025-11-06 16:26:08,809 : INFO : EventManager : Event: ======'modes_active_modes_changed'====== Args={}
2025-11-06 16:26:08,809 : INFO : EventManager : Event: ======'mode_combos_stopped'====== Args={}
2025-11-06 16:26:08,809 : INFO : EventManager : Event: ======'clear'====== Args={'key': 'combos'}
2025-11-06 16:26:08,816 : INFO : Mode.batterycharger : Stopped.
2025-11-06 16:26:08,816 : INFO : EventManager : Event: ======'modes_active_modes_changed'====== Args={}
2025-11-06 16:26:08,817 : INFO : EventManager : Event: ======'mode_batterycharger_stopped'====== Args={}
2025-11-06 16:26:08,817 : INFO : EventManager : Event: ======'clear'====== Args={'key': 'batterycharger'}
2025-11-06 16:26:08,817 : INFO : Mode.base : Stopped.
2025-11-06 16:26:08,818 : INFO : EventManager : Event: ======'modes_active_modes_changed'====== Args={}
2025-11-06 16:26:08,819 : INFO : EventManager : Event: ======'mode_base_stopped'====== Args={}
2025-11-06 16:26:08,819 : INFO : EventManager : Event: ======'clear'====== Args={'key': 'base'}
2025-11-06 16:26:08,820 : INFO : Timer.bodymovin_lock_enabled_widget_timer : Stopping Timer
2025-11-06 16:26:08,820 : INFO : EventManager : Event: ======'timer_bodymovin_lock_enabled_widget_timer_stopped'====== Args={'ticks': 4, 'ticks_remaining': 1}
2025-11-06 16:26:08,821 : INFO : Timer.bodymovin_ball_1_locked_widget_timer : Stopping Timer
2025-11-06 16:26:08,821 : INFO : EventManager : Event: ======'timer_bodymovin_ball_1_locked_widget_timer_stopped'====== Args={'ticks': 0, 'ticks_remaining': 0}
2025-11-06 16:26:08,822 : INFO : Timer.bodymovin_ball_2_locked_widget_timer : Stopping Timer
2025-11-06 16:26:08,822 : INFO : EventManager : Event: ======'timer_bodymovin_ball_2_locked_widget_timer_stopped'====== Args={'ticks': 0, 'ticks_remaining': 0}
2025-11-06 16:26:08,824 : INFO : Timer.chcheckitoutfinish_widget_timer : Stopping Timer
2025-11-06 16:26:08,824 : INFO : EventManager : Event: ======'timer_chcheckitoutfinish_widget_timer_stopped'====== Args={'ticks': 0, 'ticks_remaining': 0}
2025-11-06 16:26:08,825 : INFO : Timer.bodymovin_widget_timer : Stopping Timer
2025-11-06 16:26:08,825 : INFO : EventManager : Event: ======'timer_bodymovin_widget_timer_stopped'====== Args={'ticks': 0, 'ticks_remaining': 0}
2025-11-06 16:26:08,826 : INFO : Mode.game : Stopped.
2025-11-06 16:26:08,826 : INFO : EventManager : Event: ======'modes_active_modes_changed'====== Args={}
2025-11-06 16:26:08,826 : INFO : EventManager : Event: ======'mode_game_stopped'====== Args={}
2025-11-06 16:26:08,826 : INFO : EventManager : Event: ======'clear'====== Args={'key': 'game'}
2025-11-06 16:26:08,829 : INFO : root : MPF run loop ended.
