2026-04-23 20:38:03,012 : INFO : root : Loading config.
2026-04-23 20:38:03,016 : INFO : YamlMultifileConfigLoader : Machine config file #1: config.yaml
2026-04-23 20:38:03,016 : INFO : ConfigProcessor : Loading config from cache: C:\Users\sdona\AppData\Local\Temp\3b8fca15c900b8c5017593b227e0c010.mpf_cache
2026-04-23 20:38:03,153 : INFO : ConfigProcessor : Loading config from cache: C:\Users\sdona\AppData\Local\Temp\f6660a7d6ef93b3364a89f3863bac82d.mpf_cache
2026-04-23 20:38:03,154 : INFO : ConfigProcessor : Loading config from cache: C:\Users\sdona\AppData\Local\Temp\63a1edb72ce8f5a08e3b0bd829aa2a0d.mpf_cache
2026-04-23 20:38:03,155 : WARNING : ConfigProcessor : Config file in cache changed: C:\venv\mpf\mmmdrop\modes\base\config\base.yaml
2026-04-23 20:38:03,155 : INFO : ConfigProcessor : Loading config from file C:\venv\mpf\mmmdrop\modes\base\config\base.yaml.
2026-04-23 20:38:03,445 : INFO : ConfigProcessor : Loading config: C:\venv\mpf\mmmdrop\modes\base\config\base.yaml
2026-04-23 20:38:03,450 : INFO : ConfigProcessor : Config file cache created: C:\Users\sdona\AppData\Local\Temp\c340ec0033d1055cd797ffd5447ef414.mpf_cache
2026-04-23 20:38:03,451 : INFO : ConfigProcessor : Loading config from cache: C:\Users\sdona\AppData\Local\Temp\f6660a7d6ef93b3364a89f3863bac82d.mpf_cache
2026-04-23 20:38:03,452 : INFO : ConfigProcessor : Loading config from cache: C:\Users\sdona\AppData\Local\Temp\8c11a28e3c38d4ad47947b6a126f2ee9.mpf_cache
2026-04-23 20:38:03,453 : INFO : ConfigProcessor : Loading config from cache: C:\Users\sdona\AppData\Local\Temp\e391083cdc9e667060411fe5838e93f2.mpf_cache
2026-04-23 20:38:03,454 : INFO : ConfigProcessor : Loading config from cache: C:\Users\sdona\AppData\Local\Temp\f0c219a993d891ee86dcb7eae47dde67.mpf_cache
2026-04-23 20:38:03,455 : INFO : ConfigProcessor : Loading config from cache: C:\Users\sdona\AppData\Local\Temp\96aa58108928490b129531848cd9b506.mpf_cache
2026-04-23 20:38:03,456 : INFO : ConfigProcessor : Loading config from cache: C:\Users\sdona\AppData\Local\Temp\567636b9d9766e3361204e954a8382da.mpf_cache
2026-04-23 20:38:03,457 : INFO : ConfigProcessor : Loading config from cache: C:\Users\sdona\AppData\Local\Temp\8f47ddcaffd9506a6ab610332e5e93e6.mpf_cache
2026-04-23 20:38:03,458 : INFO : ConfigProcessor : Loading config from cache: C:\Users\sdona\AppData\Local\Temp\112f935d1c2002cb40d3e6e497be9e7c.mpf_cache
2026-04-23 20:38:03,458 : INFO : ConfigProcessor : Loading config from cache: C:\Users\sdona\AppData\Local\Temp\a4c67531f25fc6af6ec97b4ab4b5e0a4.mpf_cache
2026-04-23 20:38:03,459 : INFO : ConfigProcessor : Loading config from cache: C:\Users\sdona\AppData\Local\Temp\de8ed6c6d4c48d1b5b054ff74222cb35.mpf_cache
2026-04-23 20:38:03,460 : INFO : ConfigProcessor : Loading config from cache: C:\Users\sdona\AppData\Local\Temp\0511702d1aff7294933b3415dcc6bcd8.mpf_cache
2026-04-23 20:38:03,460 : INFO : ConfigProcessor : Loading config from cache: C:\Users\sdona\AppData\Local\Temp\3eebd8fc985a6907aa555c0256177d6c.mpf_cache
2026-04-23 20:38:03,461 : INFO : ConfigProcessor : Loading config from cache: C:\Users\sdona\AppData\Local\Temp\7f047f20ee2604e573d0056474eb225c.mpf_cache
2026-04-23 20:38:03,462 : INFO : ConfigProcessor : Loading config from cache: C:\Users\sdona\AppData\Local\Temp\7cbf965458447bfe6339fd0c6d804285.mpf_cache
2026-04-23 20:38:03,463 : INFO : ConfigProcessor : Loading config from cache: C:\Users\sdona\AppData\Local\Temp\c09cbc2eb967f07064f0c7aeb253df93.mpf_cache
2026-04-23 20:38:03,464 : INFO : ConfigProcessor : Loading config from cache: C:\Users\sdona\AppData\Local\Temp\3e3e819377c518a390ee259f491dfb06.mpf_cache
2026-04-23 20:38:03,464 : INFO : ConfigProcessor : Loading config from cache: C:\Users\sdona\AppData\Local\Temp\1bbdf2c973c297bc3add8824c296f9ca.mpf_cache
2026-04-23 20:38:03,465 : INFO : ConfigProcessor : Loading config from cache: C:\Users\sdona\AppData\Local\Temp\8743abc5a0185ade0d9653d9d4dd60e6.mpf_cache
2026-04-23 20:38:03,466 : INFO : ConfigProcessor : Loading config from cache: C:\Users\sdona\AppData\Local\Temp\bc1a93e04317e488751dae7b5251780b.mpf_cache
2026-04-23 20:38:03,466 : INFO : ConfigProcessor : Loading config from cache: C:\Users\sdona\AppData\Local\Temp\8a267c6d1ad3bd205388d8363e4a5749.mpf_cache
2026-04-23 20:38:03,467 : INFO : ConfigProcessor : Loading config from cache: C:\Users\sdona\AppData\Local\Temp\507fc1d02e2e92e18a6830a59c5dcf80.mpf_cache
2026-04-23 20:38:03,468 : INFO : ConfigProcessor : Loading config from cache: C:\Users\sdona\AppData\Local\Temp\1d2961d421c758b6953fd569505e4b2d.mpf_cache
2026-04-23 20:38:03,468 : INFO : ConfigProcessor : Loading config from cache: C:\Users\sdona\AppData\Local\Temp\9e72e5fa0fd05160f49186c6524c14c9.mpf_cache
2026-04-23 20:38:03,469 : INFO : ConfigProcessor : Loading config from cache: C:\Users\sdona\AppData\Local\Temp\f7ea71975115b23719e8d60bf22b5425.mpf_cache
2026-04-23 20:38:03,469 : INFO : ConfigProcessor : Loading config from cache: C:\Users\sdona\AppData\Local\Temp\56c9cddbcff0d1410386b266159a0775.mpf_cache
2026-04-23 20:38:03,470 : INFO : ConfigProcessor : Loading config from cache: C:\Users\sdona\AppData\Local\Temp\6c385f71891889a392ac696568578c7f.mpf_cache
2026-04-23 20:38:03,471 : INFO : ConfigProcessor : Loading config from cache: C:\Users\sdona\AppData\Local\Temp\8bff58349a5bdf4b88bcb50c5fc898e7.mpf_cache
2026-04-23 20:38:03,472 : INFO : ConfigProcessor : Loading config from cache: C:\Users\sdona\AppData\Local\Temp\d3db07b89a5b253150cba0100f357975.mpf_cache
2026-04-23 20:38:03,473 : INFO : ConfigProcessor : Loading config from cache: C:\Users\sdona\AppData\Local\Temp\ba8cf469ab4ece9dbcc9adfc99ab14c0.mpf_cache
2026-04-23 20:38:03,492 : INFO : ConfigProcessor : Loading config from cache: C:\Users\sdona\AppData\Local\Temp\9ca4a7e25cc9341b83ba4cf61a865233.mpf_cache
2026-04-23 20:38:03,515 : INFO : ConfigProcessor : Loading config from cache: C:\Users\sdona\AppData\Local\Temp\ba52d141cb227ad0f2af8c6163f55363.mpf_cache
2026-04-23 20:38:03,516 : INFO : ConfigProcessor : Loading config from cache: C:\Users\sdona\AppData\Local\Temp\f615e51cc02813e6096b32d46612f31b.mpf_cache
2026-04-23 20:38:03,517 : INFO : ConfigProcessor : Loading config from cache: C:\Users\sdona\AppData\Local\Temp\e6b55d6a1c06b0dd6369c964181bf8d3.mpf_cache
2026-04-23 20:38:03,518 : INFO : ConfigProcessor : Loading config from cache: C:\Users\sdona\AppData\Local\Temp\3ca5ed94cee484bbd3980c38d47f8b3d.mpf_cache
2026-04-23 20:38:03,518 : INFO : ConfigProcessor : Loading config from cache: C:\Users\sdona\AppData\Local\Temp\c400bf69dd848f9ec4f3356496b25a78.mpf_cache
2026-04-23 20:38:03,519 : INFO : ConfigProcessor : Loading config from cache: C:\Users\sdona\AppData\Local\Temp\b5a54abfbba58cd6005650aabe85cb35.mpf_cache
2026-04-23 20:38:03,520 : INFO : ConfigProcessor : Loading config from cache: C:\Users\sdona\AppData\Local\Temp\b9cf3f1e934d5266c0035de47faec02b.mpf_cache
2026-04-23 20:38:03,520 : INFO : ConfigProcessor : Loading config from cache: C:\Users\sdona\AppData\Local\Temp\67d6cae7afaea6fe987e87f8d3a3ea21.mpf_cache
2026-04-23 20:38:03,521 : INFO : ConfigProcessor : Loading config from cache: C:\Users\sdona\AppData\Local\Temp\e4c5b832148a7d383976fcf70408e8af.mpf_cache
2026-04-23 20:38:03,521 : INFO : ConfigProcessor : Loading config from cache: C:\Users\sdona\AppData\Local\Temp\3dc9c0f3b8def4f05bfb99cee3b83b66.mpf_cache
2026-04-23 20:38:03,522 : INFO : ConfigProcessor : Loading config from cache: C:\Users\sdona\AppData\Local\Temp\dce98d0c8129174f78168c3f3b9d3db8.mpf_cache
2026-04-23 20:38:03,522 : INFO : ConfigProcessor : Loading config from cache: C:\Users\sdona\AppData\Local\Temp\141b19e6c0168c485bbb38b6543175a8.mpf_cache
2026-04-23 20:38:03,523 : INFO : ConfigProcessor : Loading config from cache: C:\Users\sdona\AppData\Local\Temp\ada3b5b562837d919d62b9df0d0de8d3.mpf_cache
2026-04-23 20:38:03,523 : INFO : ConfigProcessor : Loading config from cache: C:\Users\sdona\AppData\Local\Temp\4e6dd3b0a361d042ad5ab93a8cc8b437.mpf_cache
2026-04-23 20:38:03,524 : INFO : ConfigProcessor : Loading config from cache: C:\Users\sdona\AppData\Local\Temp\e97c871403fe82070ff249d62d7cfe22.mpf_cache
2026-04-23 20:38:03,524 : INFO : ConfigProcessor : Loading config from cache: C:\Users\sdona\AppData\Local\Temp\64b6da5876f56fc970400d85dfe882ec.mpf_cache
2026-04-23 20:38:03,525 : INFO : ConfigProcessor : Loading config from cache: C:\Users\sdona\AppData\Local\Temp\c5a11fc9367393a964e333a780e846f7.mpf_cache
2026-04-23 20:38:03,526 : INFO : ConfigProcessor : Loading config from cache: C:\Users\sdona\AppData\Local\Temp\2816335dd466496617c9461f091e66f7.mpf_cache
2026-04-23 20:38:03,526 : INFO : ConfigProcessor : Loading config from cache: C:\Users\sdona\AppData\Local\Temp\6359f7257429add2d261e94bcafd60d5.mpf_cache
2026-04-23 20:38:03,527 : INFO : ConfigProcessor : Loading config from cache: C:\Users\sdona\AppData\Local\Temp\e1f034e230342bd5fff9d9c9df707a6d.mpf_cache
2026-04-23 20:38:03,527 : INFO : ConfigProcessor : Loading config from cache: C:\Users\sdona\AppData\Local\Temp\bed2bac5ea254e8ca98f6dd45e865fd8.mpf_cache
2026-04-23 20:38:03,528 : INFO : ConfigProcessor : Loading config from cache: C:\Users\sdona\AppData\Local\Temp\48e8797b77339ec89f8005d20046fbbb.mpf_cache
2026-04-23 20:38:03,528 : INFO : ConfigProcessor : Loading config from cache: C:\Users\sdona\AppData\Local\Temp\b0b8ed4dbd306ac2f063788d81ec6bc4.mpf_cache
2026-04-23 20:38:03,528 : INFO : ConfigProcessor : Loading config from cache: C:\Users\sdona\AppData\Local\Temp\98b42cbd2eba7845afea8d7862634639.mpf_cache
2026-04-23 20:38:03,529 : INFO : ConfigProcessor : Loading config from cache: C:\Users\sdona\AppData\Local\Temp\44893055a228bb5e0381bfc6f9c0abd7.mpf_cache
2026-04-23 20:38:03,529 : INFO : ConfigProcessor : Loading config from cache: C:\Users\sdona\AppData\Local\Temp\2042660f443afc84f0703d0905ba54ee.mpf_cache
2026-04-23 20:38:03,530 : INFO : ConfigProcessor : Loading config from cache: C:\Users\sdona\AppData\Local\Temp\b7377a92c3675f0a1d484d3ce048d2dc.mpf_cache
2026-04-23 20:38:03,530 : INFO : ConfigProcessor : Loading config from cache: C:\Users\sdona\AppData\Local\Temp\dd7647dd44793170b37285bb75f4ccd8.mpf_cache
2026-04-23 20:38:03,531 : INFO : ConfigProcessor : Loading config from cache: C:\Users\sdona\AppData\Local\Temp\e2d7f53c0c71e4d0bd9bdd0119e59cc4.mpf_cache
2026-04-23 20:38:03,531 : INFO : ConfigProcessor : Loading config from cache: C:\Users\sdona\AppData\Local\Temp\8c6fac435f6ad554a9aceeec6bf90d60.mpf_cache
2026-04-23 20:38:03,532 : INFO : ConfigProcessor : Loading config from cache: C:\Users\sdona\AppData\Local\Temp\189e01913405dcf21368edf880785f17.mpf_cache
2026-04-23 20:38:03,532 : INFO : ConfigProcessor : Loading config from cache: C:\Users\sdona\AppData\Local\Temp\9c2447d5008e5c2337580412edd81bce.mpf_cache
2026-04-23 20:38:03,533 : INFO : ConfigProcessor : Loading config from cache: C:\Users\sdona\AppData\Local\Temp\ecb35127b61fe2c3f803378f52b53af8.mpf_cache
2026-04-23 20:38:03,533 : INFO : ConfigProcessor : Loading config from cache: C:\Users\sdona\AppData\Local\Temp\a453bc519324a010fc5f97d23b1d6283.mpf_cache
2026-04-23 20:38:03,534 : INFO : ConfigProcessor : Loading config from cache: C:\Users\sdona\AppData\Local\Temp\e134e8f85ba8fa9c3d7f1500ca292437.mpf_cache
2026-04-23 20:38:03,534 : INFO : ConfigProcessor : Loading config from cache: C:\Users\sdona\AppData\Local\Temp\b24b6909ee6e0520126bbce60d1ed210.mpf_cache
2026-04-23 20:38:03,535 : INFO : ConfigProcessor : Loading config from cache: C:\Users\sdona\AppData\Local\Temp\cba807ea4a81180f6dd01afffacec8ed.mpf_cache
2026-04-23 20:38:03,536 : INFO : ConfigProcessor : Loading config from cache: C:\Users\sdona\AppData\Local\Temp\1ea2aa0876194c7260510f0845fe4bfe.mpf_cache
2026-04-23 20:38:03,536 : INFO : ConfigProcessor : Loading config from cache: C:\Users\sdona\AppData\Local\Temp\a173d53041ed6761e8719c2951eee9e5.mpf_cache
2026-04-23 20:38:03,537 : INFO : ConfigProcessor : Loading config from cache: C:\Users\sdona\AppData\Local\Temp\f071e720e1ef2a753ced60502153911a.mpf_cache
2026-04-23 20:38:03,537 : INFO : ConfigProcessor : Loading config from cache: C:\Users\sdona\AppData\Local\Temp\b4bf5fa77bdb26872f42159f572a3499.mpf_cache
2026-04-23 20:38:03,538 : INFO : ConfigProcessor : Loading config from cache: C:\Users\sdona\AppData\Local\Temp\cd6f6abb19272a94675a232f8f899ac9.mpf_cache
2026-04-23 20:38:03,538 : INFO : ConfigProcessor : Loading config from cache: C:\Users\sdona\AppData\Local\Temp\5c997126cef538283363f6706780c8e5.mpf_cache
2026-04-23 20:38:03,539 : INFO : ConfigProcessor : Loading config from cache: C:\Users\sdona\AppData\Local\Temp\51c405745738281c3f5e2edc082329f1.mpf_cache
2026-04-23 20:38:03,540 : INFO : ConfigProcessor : Loading config from cache: C:\Users\sdona\AppData\Local\Temp\cbc61a9ec21d345237ebbced62572970.mpf_cache
2026-04-23 20:38:03,541 : INFO : ConfigProcessor : Loading config from cache: C:\Users\sdona\AppData\Local\Temp\9cc025b47f8f9d3c347b30180674086b.mpf_cache
2026-04-23 20:38:03,541 : INFO : ConfigProcessor : Loading config from cache: C:\Users\sdona\AppData\Local\Temp\c25e7c71bc90546538d4e68911be6658.mpf_cache
2026-04-23 20:38:03,542 : INFO : ConfigProcessor : Loading config from cache: C:\Users\sdona\AppData\Local\Temp\3f778658fc8e6107c1e17d48b06d7ee6.mpf_cache
2026-04-23 20:38:03,542 : INFO : ConfigProcessor : Loading config from cache: C:\Users\sdona\AppData\Local\Temp\b7a51086f1e3c926b3977a0d025a1faa.mpf_cache
2026-04-23 20:38:03,543 : INFO : ConfigProcessor : Loading config from cache: C:\Users\sdona\AppData\Local\Temp\ec4132b455be94a0d574302cefc63c5b.mpf_cache
2026-04-23 20:38:03,543 : INFO : ConfigProcessor : Loading config from cache: C:\Users\sdona\AppData\Local\Temp\479eb3ca656e084fa2e092204a5b8039.mpf_cache
2026-04-23 20:38:03,544 : INFO : ConfigProcessor : Loading config from cache: C:\Users\sdona\AppData\Local\Temp\f7d8a29372dcc7b0bd71dfedef2e2b6e.mpf_cache
2026-04-23 20:38:03,545 : INFO : ConfigProcessor : Loading config from cache: C:\Users\sdona\AppData\Local\Temp\72c6471bcc79f7fe09ca74bb815a63d2.mpf_cache
2026-04-23 20:38:03,545 : INFO : ConfigProcessor : Loading config from cache: C:\Users\sdona\AppData\Local\Temp\bdb81eccbf19551abd8bea5fafeca7c0.mpf_cache
2026-04-23 20:38:03,546 : INFO : ConfigProcessor : Loading config from cache: C:\Users\sdona\AppData\Local\Temp\8f065719b93e886777277178babee650.mpf_cache
2026-04-23 20:38:03,547 : INFO : ConfigProcessor : Loading config from cache: C:\Users\sdona\AppData\Local\Temp\7fef0463a0df344c3146c845257ec616.mpf_cache
2026-04-23 20:38:03,547 : INFO : ConfigProcessor : Loading config from cache: C:\Users\sdona\AppData\Local\Temp\a4f333ad36a077996c49298642b6bdcf.mpf_cache
2026-04-23 20:38:03,548 : INFO : ConfigProcessor : Loading config from cache: C:\Users\sdona\AppData\Local\Temp\0d8a36344103e35d76354a371e334b3c.mpf_cache
2026-04-23 20:38:03,548 : INFO : ConfigProcessor : Loading config from cache: C:\Users\sdona\AppData\Local\Temp\e8d69d74f27089cda2650299e9916804.mpf_cache
2026-04-23 20:38:03,549 : INFO : ConfigProcessor : Loading config from cache: C:\Users\sdona\AppData\Local\Temp\05530f35bd950f18d27d3fd571d96823.mpf_cache
2026-04-23 20:38:03,549 : INFO : ConfigProcessor : Loading config from cache: C:\Users\sdona\AppData\Local\Temp\2c80f9b381dfccba47cb091e63ba042c.mpf_cache
2026-04-23 20:38:03,550 : INFO : ConfigProcessor : Loading config from cache: C:\Users\sdona\AppData\Local\Temp\4e4d5acb898bd12d08de71e0e289ff70.mpf_cache
2026-04-23 20:38:03,551 : INFO : ConfigProcessor : Loading config from cache: C:\Users\sdona\AppData\Local\Temp\fc1e3f85304c911eb844eb65d36e61be.mpf_cache
2026-04-23 20:38:03,551 : INFO : ConfigProcessor : Loading config from cache: C:\Users\sdona\AppData\Local\Temp\53223d3922288729ee504c1b2a98bb55.mpf_cache
2026-04-23 20:38:03,552 : INFO : ConfigProcessor : Loading config from cache: C:\Users\sdona\AppData\Local\Temp\8d20136ddb274338050d1d1ccc1a5e4f.mpf_cache
2026-04-23 20:38:03,552 : INFO : ConfigProcessor : Loading config from cache: C:\Users\sdona\AppData\Local\Temp\1254d50720d6d5d0da0e84e29cdbaa7a.mpf_cache
2026-04-23 20:38:03,553 : INFO : ConfigProcessor : Loading config from cache: C:\Users\sdona\AppData\Local\Temp\1a7ae31e9f779b1261e3d1eee1831b27.mpf_cache
2026-04-23 20:38:03,553 : INFO : ConfigProcessor : Loading config from cache: C:\Users\sdona\AppData\Local\Temp\e8cc67781cd419ce5b22f57993d4060f.mpf_cache
2026-04-23 20:38:03,554 : INFO : ConfigProcessor : Loading config from cache: C:\Users\sdona\AppData\Local\Temp\692e0c43627147fbc0fcd151f5f74c28.mpf_cache
2026-04-23 20:38:03,555 : INFO : ConfigProcessor : Loading config from cache: C:\Users\sdona\AppData\Local\Temp\8e3ea42c38f2105e0d9462648474c540.mpf_cache
2026-04-23 20:38:03,555 : INFO : ConfigProcessor : Loading config from cache: C:\Users\sdona\AppData\Local\Temp\5b32fc835ab7d8baac196d503e431901.mpf_cache
2026-04-23 20:38:03,556 : INFO : ConfigProcessor : Loading config from cache: C:\Users\sdona\AppData\Local\Temp\bceb66cfdc57530fd488d82ab9baf823.mpf_cache
2026-04-23 20:38:03,557 : INFO : ConfigProcessor : Loading config from cache: C:\Users\sdona\AppData\Local\Temp\a61b86d39bcc5a5ea0a5885549542355.mpf_cache
2026-04-23 20:38:03,557 : INFO : ConfigProcessor : Loading config from cache: C:\Users\sdona\AppData\Local\Temp\0be197154604f4b199c224fe0066296a.mpf_cache
2026-04-23 20:38:03,558 : INFO : ConfigProcessor : Loading config from cache: C:\Users\sdona\AppData\Local\Temp\8be1835d379617cb3def36e5084020f6.mpf_cache
2026-04-23 20:38:03,558 : INFO : ConfigProcessor : Loading config from cache: C:\Users\sdona\AppData\Local\Temp\600d86d9f0ce58b92a4c456466b707cc.mpf_cache
2026-04-23 20:38:03,559 : INFO : ConfigProcessor : Loading config from cache: C:\Users\sdona\AppData\Local\Temp\3b8a30babd008550b0699281f52ed27a.mpf_cache
2026-04-23 20:38:03,559 : INFO : ConfigProcessor : Loading config from cache: C:\Users\sdona\AppData\Local\Temp\1605f6efa0d082cac196fbacc374bc42.mpf_cache
2026-04-23 20:38:03,560 : INFO : ConfigProcessor : Loading config from cache: C:\Users\sdona\AppData\Local\Temp\7e2767447a32b13b699b93d64e0ad4e1.mpf_cache
2026-04-23 20:38:03,561 : INFO : ConfigProcessor : Loading config from cache: C:\Users\sdona\AppData\Local\Temp\2afc3d032f598172139245ac02c70f84.mpf_cache
2026-04-23 20:38:03,561 : INFO : ConfigProcessor : Loading config from cache: C:\Users\sdona\AppData\Local\Temp\ec387031d703ca01cd1e512f54ea45a6.mpf_cache
2026-04-23 20:38:03,562 : INFO : ConfigProcessor : Loading config from cache: C:\Users\sdona\AppData\Local\Temp\6060c5cf25a8bbaedfcd18b580aef368.mpf_cache
2026-04-23 20:38:03,563 : INFO : ConfigProcessor : Loading config from cache: C:\Users\sdona\AppData\Local\Temp\62ef5d872b70fca48f955a2e25312807.mpf_cache
2026-04-23 20:38:03,563 : INFO : ConfigProcessor : Loading config from cache: C:\Users\sdona\AppData\Local\Temp\c52aca253ccfb6abe708ff6ee9d67c14.mpf_cache
2026-04-23 20:38:03,564 : INFO : ConfigProcessor : Loading config from cache: C:\Users\sdona\AppData\Local\Temp\f4a78d1a7bce952f8a932d586083fdd8.mpf_cache
2026-04-23 20:38:03,564 : INFO : ConfigProcessor : Loading config from cache: C:\Users\sdona\AppData\Local\Temp\bb94c9c1e15d87765c90f1ffc77705c9.mpf_cache
2026-04-23 20:38:03,565 : INFO : ConfigProcessor : Loading config from cache: C:\Users\sdona\AppData\Local\Temp\9d4ee1bead7c17d1b5b361b9a86c5113.mpf_cache
2026-04-23 20:38:03,566 : INFO : ConfigProcessor : Loading config from cache: C:\Users\sdona\AppData\Local\Temp\9eeb681ca391f55fc1b328483a35afc6.mpf_cache
2026-04-23 20:38:03,567 : INFO : ConfigProcessor : Loading config from cache: C:\Users\sdona\AppData\Local\Temp\019a5133c8eb0a0be84c7200575a8bf2.mpf_cache
2026-04-23 20:38:03,567 : INFO : ConfigProcessor : Loading config from cache: C:\Users\sdona\AppData\Local\Temp\babefbade82fd364e89e68c8e8fd23aa.mpf_cache
2026-04-23 20:38:03,568 : INFO : ConfigProcessor : Loading config from cache: C:\Users\sdona\AppData\Local\Temp\ce0801e7c3c55e24fe9cf2e243ba629e.mpf_cache
2026-04-23 20:38:03,568 : INFO : ConfigProcessor : Loading config from cache: C:\Users\sdona\AppData\Local\Temp\1ecbcaf9f778e10bebb5864384a052b1.mpf_cache
2026-04-23 20:38:03,569 : INFO : ConfigProcessor : Loading config from cache: C:\Users\sdona\AppData\Local\Temp\3e3112b90b19809ee2bd61b31a556fec.mpf_cache
2026-04-23 20:38:03,570 : INFO : ConfigProcessor : Loading config from cache: C:\Users\sdona\AppData\Local\Temp\a34cd612c3896eec02ac2e9f2e3a7c0d.mpf_cache
2026-04-23 20:38:03,571 : INFO : ConfigProcessor : Loading config from cache: C:\Users\sdona\AppData\Local\Temp\970ac1fb5b9262a5e94a967ab02ecd45.mpf_cache
2026-04-23 20:38:03,571 : INFO : ConfigProcessor : Loading config from cache: C:\Users\sdona\AppData\Local\Temp\56517da7e9d99d554e319ce0801be25b.mpf_cache
2026-04-23 20:38:03,572 : INFO : ConfigProcessor : Loading config from cache: C:\Users\sdona\AppData\Local\Temp\a9d290bb07feb2ddcedb63fa81b4a7f4.mpf_cache
2026-04-23 20:38:03,572 : INFO : ConfigProcessor : Loading config from cache: C:\Users\sdona\AppData\Local\Temp\9f3eeff7d0ac78c14363656d1dd5b5e7.mpf_cache
2026-04-23 20:38:03,573 : INFO : ConfigProcessor : Loading config from cache: C:\Users\sdona\AppData\Local\Temp\965f4f60d3740a8c83f2d2eb1f4c8cfc.mpf_cache
2026-04-23 20:38:03,574 : INFO : ConfigProcessor : Loading config from cache: C:\Users\sdona\AppData\Local\Temp\0f145c9d1879a8ace9b7c744e03a7ad5.mpf_cache
2026-04-23 20:38:03,575 : INFO : ConfigProcessor : Loading config from cache: C:\Users\sdona\AppData\Local\Temp\9b344eb280fe382fefe59edea2f1176a.mpf_cache
2026-04-23 20:38:03,575 : INFO : ConfigProcessor : Loading config from cache: C:\Users\sdona\AppData\Local\Temp\ac821f52899dc68030dd952fdacc88a6.mpf_cache
2026-04-23 20:38:03,576 : INFO : ConfigProcessor : Loading config from cache: C:\Users\sdona\AppData\Local\Temp\6ba912a63b7c348f0f92fd7751916e09.mpf_cache
2026-04-23 20:38:03,576 : INFO : ConfigProcessor : Loading config from cache: C:\Users\sdona\AppData\Local\Temp\dd9dffa1d18960178033f021f1e04e5f.mpf_cache
2026-04-23 20:38:03,577 : INFO : ConfigProcessor : Loading config from cache: C:\Users\sdona\AppData\Local\Temp\5405df938f7ef9af99b1c654cacd899d.mpf_cache
2026-04-23 20:38:03,578 : INFO : ConfigProcessor : Loading config from cache: C:\Users\sdona\AppData\Local\Temp\856582d286ed2569cf4ebe5e0a18a6ab.mpf_cache
2026-04-23 20:38:03,578 : INFO : ConfigProcessor : Loading config from cache: C:\Users\sdona\AppData\Local\Temp\b6358a411d905a5cd182acc999f35ce1.mpf_cache
2026-04-23 20:38:03,579 : INFO : ConfigProcessor : Loading config from cache: C:\Users\sdona\AppData\Local\Temp\f2a5eaa34f5d1ecac89f455f052ead1d.mpf_cache
2026-04-23 20:38:03,579 : INFO : ConfigProcessor : Loading config from cache: C:\Users\sdona\AppData\Local\Temp\210f92d1ff4292e9bcc7b50552b6ba4d.mpf_cache
2026-04-23 20:38:03,581 : INFO : ConfigProcessor : Loading config from cache: C:\Users\sdona\AppData\Local\Temp\a1de2d1ed186be80b98325271562433f.mpf_cache
2026-04-23 20:38:03,581 : INFO : ConfigProcessor : Loading config from cache: C:\Users\sdona\AppData\Local\Temp\ec27e73423a3a2d10d6ef7f0c927ff8b.mpf_cache
2026-04-23 20:38:03,582 : INFO : ConfigProcessor : Loading config from cache: C:\Users\sdona\AppData\Local\Temp\b0dcc6e235c149859bee863082d5c857.mpf_cache
2026-04-23 20:38:03,583 : INFO : ConfigProcessor : Loading config from cache: C:\Users\sdona\AppData\Local\Temp\fe0c522283b0aa976ac0ac80551124ae.mpf_cache
2026-04-23 20:38:03,583 : INFO : ConfigProcessor : Loading config from cache: C:\Users\sdona\AppData\Local\Temp\0fbfca5e26c1554407f3f4618d279383.mpf_cache
2026-04-23 20:38:03,584 : INFO : ConfigProcessor : Loading config from cache: C:\Users\sdona\AppData\Local\Temp\368dc9272d28153f8a88031ffb08e6aa.mpf_cache
2026-04-23 20:38:03,585 : INFO : ConfigProcessor : Loading config from cache: C:\Users\sdona\AppData\Local\Temp\e49c3a94f9099613a97d0c3a37163dba.mpf_cache
2026-04-23 20:38:03,599 : INFO : ConfigProcessor : Loading config from cache: C:\Users\sdona\AppData\Local\Temp\1ea9601d9d728e4f9645266f59e3c02b.mpf_cache
2026-04-23 20:38:03,620 : INFO : ConfigProcessor : Loading config from cache: C:\Users\sdona\AppData\Local\Temp\2b35db3bc991fa4770d72b0c46e600ae.mpf_cache
2026-04-23 20:38:03,636 : INFO : ConfigProcessor : Loading config from cache: C:\Users\sdona\AppData\Local\Temp\25fbd338c54bc9f29682366893505b05.mpf_cache
2026-04-23 20:38:03,656 : INFO : ConfigProcessor : Loading config from cache: C:\Users\sdona\AppData\Local\Temp\a3d02aa29e700ab468a502947ebd5929.mpf_cache
2026-04-23 20:38:03,670 : INFO : ConfigProcessor : Loading config from cache: C:\Users\sdona\AppData\Local\Temp\0e99fe6d233d06ab29ae24b2e27c0474.mpf_cache
2026-04-23 20:38:03,691 : INFO : ConfigProcessor : Loading config from cache: C:\Users\sdona\AppData\Local\Temp\bbf5099a0c4d8285c712b10275c1c982.mpf_cache
2026-04-23 20:38:03,715 : INFO : ConfigProcessor : Loading config from cache: C:\Users\sdona\AppData\Local\Temp\c81a9a21bbe0f750f8f95566d54c38bc.mpf_cache
2026-04-23 20:38:03,734 : INFO : ConfigProcessor : Loading config from cache: C:\Users\sdona\AppData\Local\Temp\c93cb3e6f958c116adab1d6cdbcd1328.mpf_cache
2026-04-23 20:38:03,755 : INFO : ConfigProcessor : Loading config from cache: C:\Users\sdona\AppData\Local\Temp\4a29d5c88c36e5ed652da7c823f6d0d7.mpf_cache
2026-04-23 20:38:03,777 : INFO : ConfigProcessor : Loading config from cache: C:\Users\sdona\AppData\Local\Temp\5e9e308144b6b1253b95ba19ee801ddc.mpf_cache
2026-04-23 20:38:03,796 : INFO : ConfigProcessor : Loading config from cache: C:\Users\sdona\AppData\Local\Temp\d6dc7e7bfcf890f11d545896fe051357.mpf_cache
2026-04-23 20:38:03,815 : INFO : ConfigProcessor : Loading config from cache: C:\Users\sdona\AppData\Local\Temp\81ddb7bdd539c5196e93f2ab07baeb9c.mpf_cache
2026-04-23 20:38:03,834 : INFO : ConfigProcessor : Loading config from cache: C:\Users\sdona\AppData\Local\Temp\bdaf2539839f6f1af329c04ba9f25f61.mpf_cache
2026-04-23 20:38:03,855 : INFO : ConfigProcessor : Loading config from cache: C:\Users\sdona\AppData\Local\Temp\6300bfe30bb0a63c1763a46620798a0c.mpf_cache
2026-04-23 20:38:03,875 : INFO : ConfigProcessor : Loading config from cache: C:\Users\sdona\AppData\Local\Temp\753a0d23f2131cfef2f20a803e27cc81.mpf_cache
2026-04-23 20:38:03,896 : INFO : ConfigProcessor : Loading config from cache: C:\Users\sdona\AppData\Local\Temp\34db08803486633928eeac72231609b4.mpf_cache
2026-04-23 20:38:03,916 : INFO : ConfigProcessor : Loading config from cache: C:\Users\sdona\AppData\Local\Temp\603424ba411a0ddcdfa770dfc1cf3ff2.mpf_cache
2026-04-23 20:38:03,942 : INFO : ConfigProcessor : Loading config from cache: C:\Users\sdona\AppData\Local\Temp\995058c559d89b9276c1ad338790eaa4.mpf_cache
2026-04-23 20:38:03,968 : INFO : ConfigProcessor : Loading config from cache: C:\Users\sdona\AppData\Local\Temp\a284368403ec7a105f945ee3a3ec2cd7.mpf_cache
2026-04-23 20:38:03,990 : INFO : ConfigProcessor : Loading config from cache: C:\Users\sdona\AppData\Local\Temp\f9ec62a811906dbb926682205681867d.mpf_cache
2026-04-23 20:38:04,016 : INFO : ConfigProcessor : Loading config from cache: C:\Users\sdona\AppData\Local\Temp\86520545e04c8cec25bea05630cbacb3.mpf_cache
2026-04-23 20:38:04,043 : INFO : ConfigProcessor : Loading config from cache: C:\Users\sdona\AppData\Local\Temp\3cc511ac8ec4c4f4ed5b257a0617f74d.mpf_cache
2026-04-23 20:38:04,128 : INFO : ConfigProcessor : Loading config from cache: C:\Users\sdona\AppData\Local\Temp\8174a4c807d50a88e2e0a43605be4829.mpf_cache
2026-04-23 20:38:04,146 : INFO : ConfigProcessor : Loading config from cache: C:\Users\sdona\AppData\Local\Temp\cc2e8e40d7c8390162d1419a903585e0.mpf_cache
2026-04-23 20:38:04,166 : INFO : Machine : Mission Pinball Framework Core Engine v0.80.0.dev12
2026-04-23 20:38:04,166 : INFO : Machine : Command line arguments: {'no_load_cache': False, 'create_config_cache': True, 'bcp': True, 'configfile': ['config.yaml'], 'force_assets_load': False, 'platform_integration_test': False, 'jsonlogging': False, 'logfile': 'logs\\2026-04-23-20-38-03-mpf-PinballLaptop.log', 'pause': False, 'production': False, 'text_ui': True, 'loglevel': 15, 'consoleloglevel': 20, 'force_platform': 'smart_virtual', 'syslog_address': None, 'full_logfile_path': 'C:\\venv\\mpf\\mmmdrop\\logs\\2026-04-23-20-38-03-mpf-PinballLaptop.log'}
2026-04-23 20:38:04,166 : INFO : Machine : MPF path: c:\venv\mpf\Lib\site-packages\mpf
2026-04-23 20:38:04,166 : INFO : Machine : Machine path: C:\venv\mpf\mmmdrop
2026-04-23 20:38:04,166 : INFO : Machine : Platform: win32
2026-04-23 20:38:04,166 : INFO : Machine : Python executable location: c:\venv\mpf\Scripts\python.exe
2026-04-23 20:38:04,166 : INFO : Machine : Python version: 3.13.11 (64-bit)
2026-04-23 20:38:04,168 : INFO : Machine : Initializing MPF...
2026-04-23 20:38:04,320 : INFO : EventManager : Event: ======'machine_var_credits_string'====== Args={'value': 'FREE PLAY', 'prev_value': None, 'change': True}
2026-04-23 20:38:04,356 : INFO : EventManager : Event: ======'machine_var_balls_per_game'====== Args={'value': 3, 'prev_value': None, 'change': True}
2026-04-23 20:38:04,356 : INFO : EventManager : Event: ======'machine_var_fast_audio_headphones_volume'====== Args={'value': 10, 'prev_value': None, 'change': True}
2026-04-23 20:38:04,356 : INFO : EventManager : Event: ======'machine_var_fast_audio_main_volume'====== Args={'value': 44, 'prev_value': None, 'change': True}
2026-04-23 20:38:04,356 : INFO : EventManager : Event: ======'machine_var_master_volume'====== Args={'value': 0.75, 'prev_value': None, 'change': True}
2026-04-23 20:38:04,356 : INFO : EventManager : Event: ======'machine_var_max_players'====== Args={'value': 4, 'prev_value': None, 'change': True}
2026-04-23 20:38:04,356 : INFO : EventManager : Event: ======'machine_var_player1_score'====== Args={'value': 15151370, 'prev_value': None, 'change': True}
2026-04-23 20:38:04,356 : INFO : EventManager : Event: ======'machine_var_player2_score'====== Args={'value': 3300970, 'prev_value': None, 'change': True}
2026-04-23 20:38:04,356 : INFO : EventManager : Event: ======'machine_var_player3_score'====== Args={'value': 3997070, 'prev_value': None, 'change': True}
2026-04-23 20:38:04,357 : INFO : EventManager : Event: ======'machine_var_player4_score'====== Args={'value': 397760, 'prev_value': None, 'change': True}
2026-04-23 20:38:04,357 : INFO : EventManager : Event: ======'machine_var_game_just_played'====== Args={'value': 0, 'prev_value': None, 'change': True}
2026-04-23 20:38:04,357 : INFO : EventManager : Event: ======'machine_var_mpf_version'====== Args={'value': 'Mission Pinball Framework v0.80.0.dev12', 'prev_value': None, 'change': True}
2026-04-23 20:38:04,357 : INFO : EventManager : Event: ======'machine_var_mpf_extended_version'====== Args={'value': 'Mission Pinball Framework v0.80.0.dev12, Config version:6, Show version: 6, BCP version:1.1', 'prev_value': None, 'change': True}
2026-04-23 20:38:04,357 : INFO : EventManager : Event: ======'machine_var_python_version'====== Args={'value': '3.13.11', 'prev_value': None, 'change': True}
2026-04-23 20:38:04,397 : INFO : EventManager : Event: ======'machine_var_platform'====== Args={'value': 'Windows-11-10.0.26200-SP0', 'prev_value': None, 'change': True}
2026-04-23 20:38:04,398 : INFO : EventManager : Event: ======'machine_var_platform_system'====== Args={'value': 'Windows', 'prev_value': None, 'change': True}
2026-04-23 20:38:04,398 : INFO : EventManager : Event: ======'machine_var_platform_release'====== Args={'value': '11', 'prev_value': None, 'change': True}
2026-04-23 20:38:04,398 : INFO : EventManager : Event: ======'machine_var_platform_version'====== Args={'value': '10.0.26200', 'prev_value': None, 'change': True}
2026-04-23 20:38:04,398 : INFO : EventManager : Event: ======'machine_var_platform_machine'====== Args={'value': 'AMD64', 'prev_value': None, 'change': True}
2026-04-23 20:38:04,398 : INFO : EventManager : Event: ======'machine_var_log_file_path'====== Args={'value': 'C:\\venv\\mpf\\mmmdrop\\logs\\2026-04-23-20-38-03-mpf-PinballLaptop.log', 'prev_value': None, 'change': True}
2026-04-23 20:38:04,398 : INFO : EventManager : Event: ======'init_phase_1'====== Args={}
2026-04-23 20:38:04,507 : INFO : EventManager : Event: ======'drop_target_bank_three_bank_up'====== Args={}
2026-04-23 20:38:04,509 : INFO : EventManager : Event: ======'init_phase_2'====== Args={}
2026-04-23 20:38:04,509 : INFO : SwitchController : Found active switch: ('3208-0', <Platform.SmartVirtual>) <switch.s_trough1>
2026-04-23 20:38:04,509 : INFO : SwitchController : Found active switch: ('3208-1', <Platform.SmartVirtual>) <switch.s_trough2>
2026-04-23 20:38:04,509 : INFO : SwitchController : Found active switch: ('3208-2', <Platform.SmartVirtual>) <switch.s_trough3>
2026-04-23 20:38:04,509 : INFO : SwitchController : Found active switch: ('3208-3', <Platform.SmartVirtual>) <switch.s_trough4>
2026-04-23 20:38:04,509 : INFO : SwitchController : Found active switch: ('3208-4', <Platform.SmartVirtual>) <switch.s_trough5>
2026-04-23 20:38:04,509 : INFO : SwitchController : Found active switch: ('3208-5', <Platform.SmartVirtual>) <switch.s_trough6>
2026-04-23 20:38:04,582 : INFO : EventManager : Event: ======'machine_var_score1_label'====== Args={'value': 'GRAND CHAMPION', 'prev_value': None, 'change': True}
2026-04-23 20:38:04,582 : INFO : EventManager : Event: ======'machine_var_score1_name'====== Args={'value': 'MCA', 'prev_value': None, 'change': True}
2026-04-23 20:38:04,582 : INFO : EventManager : Event: ======'machine_var_score1_value'====== Args={'value': 300000000, 'prev_value': None, 'change': True}
2026-04-23 20:38:04,582 : INFO : EventManager : Event: ======'machine_var_score2_label'====== Args={'value': 'HIGH SCORE 1', 'prev_value': None, 'change': True}
2026-04-23 20:38:04,583 : INFO : EventManager : Event: ======'machine_var_score2_name'====== Args={'value': 'ADR', 'prev_value': None, 'change': True}
2026-04-23 20:38:04,583 : INFO : EventManager : Event: ======'machine_var_score2_value'====== Args={'value': 250000000, 'prev_value': None, 'change': True}
2026-04-23 20:38:04,583 : INFO : EventManager : Event: ======'machine_var_score3_label'====== Args={'value': 'HIGH SCORE 2', 'prev_value': None, 'change': True}
2026-04-23 20:38:04,583 : INFO : EventManager : Event: ======'machine_var_score3_name'====== Args={'value': 'MIK', 'prev_value': None, 'change': True}
2026-04-23 20:38:04,583 : INFO : EventManager : Event: ======'machine_var_score3_value'====== Args={'value': 200000000, 'prev_value': None, 'change': True}
2026-04-23 20:38:04,583 : INFO : EventManager : Event: ======'machine_var_score4_label'====== Args={'value': 'HIGH SCORE 3', 'prev_value': None, 'change': True}
2026-04-23 20:38:04,583 : INFO : EventManager : Event: ======'machine_var_score4_name'====== Args={'value': 'MMM', 'prev_value': None, 'change': True}
2026-04-23 20:38:04,583 : INFO : EventManager : Event: ======'machine_var_score4_value'====== Args={'value': 150000000, 'prev_value': None, 'change': True}
2026-04-23 20:38:04,583 : INFO : EventManager : Event: ======'machine_var_score5_label'====== Args={'value': 'HIGH SCORE 4', 'prev_value': None, 'change': True}
2026-04-23 20:38:04,583 : INFO : EventManager : Event: ======'machine_var_score5_name'====== Args={'value': 'DJH', 'prev_value': None, 'change': True}
2026-04-23 20:38:04,583 : INFO : EventManager : Event: ======'machine_var_score5_value'====== Args={'value': 100000000, 'prev_value': None, 'change': True}
2026-04-23 20:38:04,583 : INFO : EventManager : Event: ======'machine_var_multiball_chcheckitout_score1_label'====== Args={'value': 'CH-CHECK IT OUT MULTIBALL CHAMPION', 'prev_value': None, 'change': True}
2026-04-23 20:38:04,583 : INFO : EventManager : Event: ======'machine_var_multiball_chcheckitout_score1_name'====== Args={'value': 'MCA', 'prev_value': None, 'change': True}
2026-04-23 20:38:04,583 : INFO : EventManager : Event: ======'machine_var_multiball_chcheckitout_score1_value'====== Args={'value': 10000000, 'prev_value': None, 'change': True}
2026-04-23 20:38:04,583 : INFO : EventManager : Event: ======'machine_var_multiball_bodymovin_score1_label'====== Args={'value': "BODY MOVIN' MULTIBALL CHAMPION", 'prev_value': None, 'change': True}
2026-04-23 20:38:04,583 : INFO : EventManager : Event: ======'machine_var_multiball_bodymovin_score1_name'====== Args={'value': 'MIK', 'prev_value': None, 'change': True}
2026-04-23 20:38:04,583 : INFO : EventManager : Event: ======'machine_var_multiball_bodymovin_score1_value'====== Args={'value': 10000000, 'prev_value': None, 'change': True}
2026-04-23 20:38:04,583 : INFO : EventManager : Event: ======'machine_var_mode_fingerlickingood_score1_label'====== Args={'value': "FINGER LICKIN' GOOD CHAMPION", 'prev_value': None, 'change': True}
2026-04-23 20:38:04,583 : INFO : EventManager : Event: ======'machine_var_mode_fingerlickingood_score1_name'====== Args={'value': 'DJH', 'prev_value': None, 'change': True}
2026-04-23 20:38:04,583 : INFO : EventManager : Event: ======'machine_var_mode_fingerlickingood_score1_value'====== Args={'value': 5000000, 'prev_value': None, 'change': True}
2026-04-23 20:38:04,583 : INFO : EventManager : Event: ======'machine_var_mode_highplainsdrifter_score1_label'====== Args={'value': 'HIGH PLAINS DRIFTER CHAMPION', 'prev_value': None, 'change': True}
2026-04-23 20:38:04,583 : INFO : EventManager : Event: ======'machine_var_mode_highplainsdrifter_score1_name'====== Args={'value': 'MCA', 'prev_value': None, 'change': True}
2026-04-23 20:38:04,583 : INFO : EventManager : Event: ======'machine_var_mode_highplainsdrifter_score1_value'====== Args={'value': 5000000, 'prev_value': None, 'change': True}
2026-04-23 20:38:04,583 : INFO : EventManager : Event: ======'machine_var_mode_intergalactic_score1_label'====== Args={'value': 'INTERGALACTIC CHAMPION', 'prev_value': None, 'change': True}
2026-04-23 20:38:04,583 : INFO : EventManager : Event: ======'machine_var_mode_intergalactic_score1_name'====== Args={'value': 'MIK', 'prev_value': None, 'change': True}
2026-04-23 20:38:04,583 : INFO : EventManager : Event: ======'machine_var_mode_intergalactic_score1_value'====== Args={'value': 5000000, 'prev_value': None, 'change': True}
2026-04-23 20:38:04,583 : INFO : EventManager : Event: ======'machine_var_mode_paulrevere_score1_label'====== Args={'value': 'PAUL REVERE CHAMPION', 'prev_value': None, 'change': True}
2026-04-23 20:38:04,583 : INFO : EventManager : Event: ======'machine_var_mode_paulrevere_score1_name'====== Args={'value': 'ADR', 'prev_value': None, 'change': True}
2026-04-23 20:38:04,583 : INFO : EventManager : Event: ======'machine_var_mode_paulrevere_score1_value'====== Args={'value': 5000000, 'prev_value': None, 'change': True}
2026-04-23 20:38:04,584 : INFO : EventManager : Event: ======'machine_var_mode_sabotage_score1_label'====== Args={'value': 'SABOTAGE CHAMPION', 'prev_value': None, 'change': True}
2026-04-23 20:38:04,584 : INFO : EventManager : Event: ======'machine_var_mode_sabotage_score1_name'====== Args={'value': 'MIK', 'prev_value': None, 'change': True}
2026-04-23 20:38:04,584 : INFO : EventManager : Event: ======'machine_var_mode_sabotage_score1_value'====== Args={'value': 5000000, 'prev_value': None, 'change': True}
2026-04-23 20:38:04,584 : INFO : EventManager : Event: ======'machine_var_mode_threemcsand1dj_score1_label'====== Args={'value': "3 MC'S AND 1 DJ CHAMPION", 'prev_value': None, 'change': True}
2026-04-23 20:38:04,584 : INFO : EventManager : Event: ======'machine_var_mode_threemcsand1dj_score1_name'====== Args={'value': 'MMM', 'prev_value': None, 'change': True}
2026-04-23 20:38:04,584 : INFO : EventManager : Event: ======'machine_var_mode_threemcsand1dj_score1_value'====== Args={'value': 5000000, 'prev_value': None, 'change': True}
2026-04-23 20:38:04,584 : INFO : EventManager : Event: ======'machine_var_mode_toomanyrappers_score1_label'====== Args={'value': 'TOO MANY RAPPERS CHAMPION', 'prev_value': None, 'change': True}
2026-04-23 20:38:04,584 : INFO : EventManager : Event: ======'machine_var_mode_toomanyrappers_score1_name'====== Args={'value': 'DJH', 'prev_value': None, 'change': True}
2026-04-23 20:38:04,584 : INFO : EventManager : Event: ======'machine_var_mode_toomanyrappers_score1_value'====== Args={'value': 5000000, 'prev_value': None, 'change': True}
2026-04-23 20:38:04,584 : INFO : EventManager : Event: ======'machine_var_mode_tripletrouble_score1_label'====== Args={'value': 'TRIPLE TROUBLE CHAMPION', 'prev_value': None, 'change': True}
2026-04-23 20:38:04,584 : INFO : EventManager : Event: ======'machine_var_mode_tripletrouble_score1_name'====== Args={'value': 'MCA', 'prev_value': None, 'change': True}
2026-04-23 20:38:04,584 : INFO : EventManager : Event: ======'machine_var_mode_tripletrouble_score1_value'====== Args={'value': 5000000, 'prev_value': None, 'change': True}
2026-04-23 20:38:04,584 : INFO : EventManager : Event: ======'machine_var_mode_makesomenoise_score1_label'====== Args={'value': 'MAKE SOME NOISE CHAMPION', 'prev_value': None, 'change': True}
2026-04-23 20:38:04,584 : INFO : EventManager : Event: ======'machine_var_mode_makesomenoise_score1_name'====== Args={'value': 'MIK', 'prev_value': None, 'change': True}
2026-04-23 20:38:04,584 : INFO : EventManager : Event: ======'machine_var_mode_makesomenoise_score1_value'====== Args={'value': 5000000, 'prev_value': None, 'change': True}
2026-04-23 20:38:04,584 : INFO : EventManager : Event: ======'machine_var_girls_bonus_score1_label'====== Args={'value': 'GIRLS FRENZY CHAMPION', 'prev_value': None, 'change': True}
2026-04-23 20:38:04,584 : INFO : EventManager : Event: ======'machine_var_girls_bonus_score1_name'====== Args={'value': 'GRL', 'prev_value': None, 'change': True}
2026-04-23 20:38:04,584 : INFO : EventManager : Event: ======'machine_var_girls_bonus_score1_value'====== Args={'value': 50000, 'prev_value': None, 'change': True}
2026-04-23 20:38:04,585 : INFO : EventManager : Event: ======'bcp_connection_attempt'====== Args={'name': 'local_display', 'host': 'localhost', 'port': 5050}
2026-04-23 20:38:04,587 : INFO : BCPClientSocket : Connecting BCP to 'local_display' at localhost:5050...
2026-04-23 20:38:06,639 : INFO : BCPClientSocket : Connected BCP to 'local_display' localhost:5050
2026-04-23 20:38:06,640 : INFO : EventManager : Event: ======'bcp_clients_connected'====== Args={}
2026-04-23 20:38:06,640 : INFO : ball_device.bd_trough : BCH: Initial count: 6
2026-04-23 20:38:06,641 : INFO : ball_device.bd_trough : State: idle
2026-04-23 20:38:06,641 : INFO : ball_device.bd_plunger : BCH: Initial count: 0
2026-04-23 20:38:06,641 : INFO : ball_device.bd_plunger : State: idle
2026-04-23 20:38:06,642 : INFO : ball_device.bd_scoop : BCH: Initial count: 0
2026-04-23 20:38:06,643 : INFO : ball_device.bd_scoop : State: idle
2026-04-23 20:38:06,678 : INFO : EventManager : Event: ======'init_phase_3'====== Args={}
2026-04-23 20:38:06,784 : INFO : EventManager : Event: ======'init_phase_4'====== Args={}
2026-04-23 20:38:06,785 : INFO : BallController : Initial balls found: 6
2026-04-23 20:38:06,787 : INFO : EventManager : Event: ======'machine_var_audits_events_game_ended'====== Args={'value': 0, 'prev_value': None, 'change': True}
2026-04-23 20:38:06,787 : INFO : EventManager : Event: ======'machine_var_audits_events_game_started'====== Args={'value': 76, 'prev_value': None, 'change': True}
2026-04-23 20:38:06,787 : INFO : EventManager : Event: ======'machine_var_audits_missing_switches_s_captive_ball'====== Args={'value': 9, 'prev_value': None, 'change': True}
2026-04-23 20:38:06,787 : INFO : EventManager : Event: ======'machine_var_audits_missing_switches_s_center_upper_pop'====== Args={'value': 54, 'prev_value': None, 'change': True}
2026-04-23 20:38:06,787 : INFO : EventManager : Event: ======'machine_var_audits_missing_switches_s_inner_orbit'====== Args={'value': 28, 'prev_value': None, 'change': True}
2026-04-23 20:38:06,787 : INFO : EventManager : Event: ======'machine_var_audits_missing_switches_s_left_inlane'====== Args={'value': 76, 'prev_value': None, 'change': True}
2026-04-23 20:38:06,787 : INFO : EventManager : Event: ======'machine_var_audits_missing_switches_s_left_orbit'====== Args={'value': 11, 'prev_value': None, 'change': True}
2026-04-23 20:38:06,787 : INFO : EventManager : Event: ======'machine_var_audits_missing_switches_s_left_outlane'====== Args={'value': 76, 'prev_value': None, 'change': True}
2026-04-23 20:38:06,787 : INFO : EventManager : Event: ======'machine_var_audits_missing_switches_s_left_slingshot'====== Args={'value': 5, 'prev_value': None, 'change': True}
2026-04-23 20:38:06,787 : INFO : EventManager : Event: ======'machine_var_audits_missing_switches_s_left_upper_pop'====== Args={'value': 5, 'prev_value': None, 'change': True}
2026-04-23 20:38:06,787 : INFO : EventManager : Event: ======'machine_var_audits_missing_switches_s_pop_standup'====== Args={'value': 53, 'prev_value': None, 'change': True}
2026-04-23 20:38:06,787 : INFO : EventManager : Event: ======'machine_var_audits_missing_switches_s_right_inlane'====== Args={'value': 76, 'prev_value': None, 'change': True}
2026-04-23 20:38:06,788 : INFO : EventManager : Event: ======'machine_var_audits_missing_switches_s_right_orbit'====== Args={'value': 11, 'prev_value': None, 'change': True}
2026-04-23 20:38:06,788 : INFO : EventManager : Event: ======'machine_var_audits_missing_switches_s_right_outlane'====== Args={'value': 76, 'prev_value': None, 'change': True}
2026-04-23 20:38:06,788 : INFO : EventManager : Event: ======'machine_var_audits_missing_switches_s_right_slingshot'====== Args={'value': 5, 'prev_value': None, 'change': True}
2026-04-23 20:38:06,788 : INFO : EventManager : Event: ======'machine_var_audits_missing_switches_s_service_down'====== Args={'value': 76, 'prev_value': None, 'change': True}
2026-04-23 20:38:06,788 : INFO : EventManager : Event: ======'machine_var_audits_missing_switches_s_service_enter'====== Args={'value': 45, 'prev_value': None, 'change': True}
2026-04-23 20:38:06,788 : INFO : EventManager : Event: ======'machine_var_audits_missing_switches_s_service_esc'====== Args={'value': 76, 'prev_value': None, 'change': True}
2026-04-23 20:38:06,788 : INFO : EventManager : Event: ======'machine_var_audits_missing_switches_s_service_up'====== Args={'value': 19, 'prev_value': None, 'change': True}
2026-04-23 20:38:06,788 : INFO : EventManager : Event: ======'machine_var_audits_missing_switches_s_start'====== Args={'value': 11, 'prev_value': None, 'change': True}
2026-04-23 20:38:06,788 : INFO : EventManager : Event: ======'machine_var_audits_missing_switches_s_three_bank_bottom'====== Args={'value': 38, 'prev_value': None, 'change': True}
2026-04-23 20:38:06,788 : INFO : EventManager : Event: ======'machine_var_audits_missing_switches_s_three_bank_middle'====== Args={'value': 38, 'prev_value': None, 'change': True}
2026-04-23 20:38:06,788 : INFO : EventManager : Event: ======'machine_var_audits_missing_switches_s_three_bank_standup'====== Args={'value': 38, 'prev_value': None, 'change': True}
2026-04-23 20:38:06,788 : INFO : EventManager : Event: ======'machine_var_audits_missing_switches_s_three_bank_top'====== Args={'value': 38, 'prev_value': None, 'change': True}
2026-04-23 20:38:06,788 : INFO : EventManager : Event: ======'machine_var_audits_missing_switches_s_tilt_bob'====== Args={'value': 76, 'prev_value': None, 'change': True}
2026-04-23 20:38:06,788 : INFO : EventManager : Event: ======'machine_var_audits_missing_switches_s_top_right_flipper'====== Args={'value': 76, 'prev_value': None, 'change': True}
2026-04-23 20:38:06,788 : INFO : EventManager : Event: ======'machine_var_audits_missing_switches_s_trough1'====== Args={'value': 1, 'prev_value': None, 'change': True}
2026-04-23 20:38:06,789 : INFO : EventManager : Event: ======'machine_var_audits_missing_switches_s_trough2'====== Args={'value': 1, 'prev_value': None, 'change': True}
2026-04-23 20:38:06,789 : INFO : EventManager : Event: ======'machine_var_audits_missing_switches_s_trough3'====== Args={'value': 1, 'prev_value': None, 'change': True}
2026-04-23 20:38:06,789 : INFO : EventManager : Event: ======'machine_var_audits_missing_switches_s_trough4'====== Args={'value': 1, 'prev_value': None, 'change': True}
2026-04-23 20:38:06,789 : INFO : EventManager : Event: ======'machine_var_audits_missing_switches_s_trough5'====== Args={'value': 76, 'prev_value': None, 'change': True}
2026-04-23 20:38:06,789 : INFO : EventManager : Event: ======'machine_var_audits_missing_switches_s_trough6'====== Args={'value': 76, 'prev_value': None, 'change': True}
2026-04-23 20:38:06,789 : INFO : EventManager : Event: ======'machine_var_audits_missing_switches_s_trough_jam'====== Args={'value': 76, 'prev_value': None, 'change': True}
2026-04-23 20:38:06,789 : INFO : EventManager : Event: ======'machine_var_audits_missing_switches_s_tshirt_bottom_standup'====== Args={'value': 9, 'prev_value': None, 'change': True}
2026-04-23 20:38:06,789 : INFO : EventManager : Event: ======'machine_var_audits_missing_switches_s_tshirt_top_standup'====== Args={'value': 9, 'prev_value': None, 'change': True}
2026-04-23 20:38:06,789 : INFO : EventManager : Event: ======'machine_var_audits_missing_switches_s_upper_pop_standup'====== Args={'value': 1, 'prev_value': None, 'change': True}
2026-04-23 20:38:06,789 : INFO : EventManager : Event: ======'machine_var_audits_player_score'====== Args={'value': {'average': 0, 'top': [], 'total': 0}, 'prev_value': None, 'change': True}
2026-04-23 20:38:06,789 : INFO : EventManager : Event: ======'machine_var_audits_shots_bottom_drop'====== Args={'value': 7, 'prev_value': None, 'change': True}
2026-04-23 20:38:06,789 : INFO : EventManager : Event: ======'machine_var_audits_shots_captive_ball'====== Args={'value': 3, 'prev_value': None, 'change': True}
2026-04-23 20:38:06,789 : INFO : EventManager : Event: ======'machine_var_audits_shots_inner_loop'====== Args={'value': 10, 'prev_value': None, 'change': True}
2026-04-23 20:38:06,789 : INFO : EventManager : Event: ======'machine_var_audits_shots_left_orbit'====== Args={'value': 5, 'prev_value': None, 'change': True}
2026-04-23 20:38:06,789 : INFO : EventManager : Event: ======'machine_var_audits_shots_left_orbit_backdoor'====== Args={'value': 1, 'prev_value': None, 'change': True}
2026-04-23 20:38:06,789 : INFO : EventManager : Event: ======'machine_var_audits_shots_left_ramp'====== Args={'value': 42, 'prev_value': None, 'change': True}
2026-04-23 20:38:06,790 : INFO : EventManager : Event: ======'machine_var_audits_shots_middle_drop'====== Args={'value': 8, 'prev_value': None, 'change': True}
2026-04-23 20:38:06,790 : INFO : EventManager : Event: ======'machine_var_audits_shots_pop1'====== Args={'value': 1, 'prev_value': None, 'change': True}
2026-04-23 20:38:06,790 : INFO : EventManager : Event: ======'machine_var_audits_shots_pop2'====== Args={'value': 13, 'prev_value': None, 'change': True}
2026-04-23 20:38:06,790 : INFO : EventManager : Event: ======'machine_var_audits_shots_pop3'====== Args={'value': 246, 'prev_value': None, 'change': True}
2026-04-23 20:38:06,790 : INFO : EventManager : Event: ======'machine_var_audits_shots_pop_standup'====== Args={'value': 1, 'prev_value': None, 'change': True}
2026-04-23 20:38:06,790 : INFO : EventManager : Event: ======'machine_var_audits_shots_right_orbit'====== Args={'value': 4, 'prev_value': None, 'change': True}
2026-04-23 20:38:06,790 : INFO : EventManager : Event: ======'machine_var_audits_shots_right_ramp'====== Args={'value': 127, 'prev_value': None, 'change': True}
2026-04-23 20:38:06,790 : INFO : EventManager : Event: ======'machine_var_audits_shots_scoop'====== Args={'value': 127, 'prev_value': None, 'change': True}
2026-04-23 20:38:06,790 : INFO : EventManager : Event: ======'machine_var_audits_shots_skillshot_drop_targets'====== Args={'value': 1, 'prev_value': None, 'change': True}
2026-04-23 20:38:06,790 : INFO : EventManager : Event: ======'machine_var_audits_shots_skillshot_lower_pop'====== Args={'value': 60, 'prev_value': None, 'change': True}
2026-04-23 20:38:06,790 : INFO : EventManager : Event: ======'machine_var_audits_shots_spinner'====== Args={'value': 468, 'prev_value': None, 'change': True}
2026-04-23 20:38:06,790 : INFO : EventManager : Event: ======'machine_var_audits_shots_three_bank_standup'====== Args={'value': 2, 'prev_value': None, 'change': True}
2026-04-23 20:38:06,790 : INFO : EventManager : Event: ======'machine_var_audits_shots_toomanyrappers_rightorbit'====== Args={'value': 1, 'prev_value': None, 'change': True}
2026-04-23 20:38:06,790 : INFO : EventManager : Event: ======'machine_var_audits_shots_toomanyrappers_rightramp'====== Args={'value': 1, 'prev_value': None, 'change': True}
2026-04-23 20:38:06,790 : INFO : EventManager : Event: ======'machine_var_audits_shots_top_drop'====== Args={'value': 9, 'prev_value': None, 'change': True}
2026-04-23 20:38:06,791 : INFO : EventManager : Event: ======'machine_var_audits_shots_tshirt_bottom_standup'====== Args={'value': 4, 'prev_value': None, 'change': True}
2026-04-23 20:38:06,791 : INFO : EventManager : Event: ======'machine_var_audits_shots_tshirt_top_standup'====== Args={'value': 4, 'prev_value': None, 'change': True}
2026-04-23 20:38:06,791 : INFO : EventManager : Event: ======'machine_var_audits_shots_upper_pop_standup'====== Args={'value': 112, 'prev_value': None, 'change': True}
2026-04-23 20:38:06,791 : INFO : EventManager : Event: ======'machine_var_audits_switches_s_captive_ball'====== Args={'value': 3, 'prev_value': None, 'change': True}
2026-04-23 20:38:06,791 : INFO : EventManager : Event: ======'machine_var_audits_switches_s_center_upper_pop'====== Args={'value': 22, 'prev_value': None, 'change': True}
2026-04-23 20:38:06,791 : INFO : EventManager : Event: ======'machine_var_audits_switches_s_inner_orbit'====== Args={'value': 10, 'prev_value': None, 'change': True}
2026-04-23 20:38:06,791 : INFO : EventManager : Event: ======'machine_var_audits_switches_s_left_flipper'====== Args={'value': 122, 'prev_value': None, 'change': True}
2026-04-23 20:38:06,791 : INFO : EventManager : Event: ======'machine_var_audits_switches_s_left_inlane'====== Args={'value': 0, 'prev_value': None, 'change': True}
2026-04-23 20:38:06,791 : INFO : EventManager : Event: ======'machine_var_audits_switches_s_left_orbit'====== Args={'value': 14, 'prev_value': None, 'change': True}
2026-04-23 20:38:06,791 : INFO : EventManager : Event: ======'machine_var_audits_switches_s_left_outlane'====== Args={'value': 0, 'prev_value': None, 'change': True}
2026-04-23 20:38:06,792 : INFO : EventManager : Event: ======'machine_var_audits_switches_s_left_ramp'====== Args={'value': 43, 'prev_value': None, 'change': True}
2026-04-23 20:38:06,792 : INFO : EventManager : Event: ======'machine_var_audits_switches_s_left_slingshot'====== Args={'value': 1, 'prev_value': None, 'change': True}
2026-04-23 20:38:06,792 : INFO : EventManager : Event: ======'machine_var_audits_switches_s_left_upper_pop'====== Args={'value': 1, 'prev_value': None, 'change': True}
2026-04-23 20:38:06,792 : INFO : EventManager : Event: ======'machine_var_audits_switches_s_plunger'====== Args={'value': 135, 'prev_value': None, 'change': True}
2026-04-23 20:38:06,792 : INFO : EventManager : Event: ======'machine_var_audits_switches_s_pop_standup'====== Args={'value': 1, 'prev_value': None, 'change': True}
2026-04-23 20:38:06,792 : INFO : EventManager : Event: ======'machine_var_audits_switches_s_right_flipper'====== Args={'value': 270, 'prev_value': None, 'change': True}
2026-04-23 20:38:06,792 : INFO : EventManager : Event: ======'machine_var_audits_switches_s_right_inlane'====== Args={'value': 0, 'prev_value': None, 'change': True}
2026-04-23 20:38:06,792 : INFO : EventManager : Event: ======'machine_var_audits_switches_s_right_lower_pop'====== Args={'value': 258, 'prev_value': None, 'change': True}
2026-04-23 20:38:06,792 : INFO : EventManager : Event: ======'machine_var_audits_switches_s_right_orbit'====== Args={'value': 54, 'prev_value': None, 'change': True}
2026-04-23 20:38:06,792 : INFO : EventManager : Event: ======'machine_var_audits_switches_s_right_outlane'====== Args={'value': 0, 'prev_value': None, 'change': True}
2026-04-23 20:38:06,792 : INFO : EventManager : Event: ======'machine_var_audits_switches_s_right_ramp'====== Args={'value': 134, 'prev_value': None, 'change': True}
2026-04-23 20:38:06,792 : INFO : EventManager : Event: ======'machine_var_audits_switches_s_right_slingshot'====== Args={'value': 1, 'prev_value': None, 'change': True}
2026-04-23 20:38:06,792 : INFO : EventManager : Event: ======'machine_var_audits_switches_s_scoop'====== Args={'value': 127, 'prev_value': None, 'change': True}
2026-04-23 20:38:06,792 : INFO : EventManager : Event: ======'machine_var_audits_switches_s_service_down'====== Args={'value': 0, 'prev_value': None, 'change': True}
2026-04-23 20:38:06,792 : INFO : EventManager : Event: ======'machine_var_audits_switches_s_service_enter'====== Args={'value': 1, 'prev_value': None, 'change': True}
2026-04-23 20:38:06,792 : INFO : EventManager : Event: ======'machine_var_audits_switches_s_service_esc'====== Args={'value': 0, 'prev_value': None, 'change': True}
2026-04-23 20:38:06,792 : INFO : EventManager : Event: ======'machine_var_audits_switches_s_service_up'====== Args={'value': 2, 'prev_value': None, 'change': True}
2026-04-23 20:38:06,792 : INFO : EventManager : Event: ======'machine_var_audits_switches_s_spinner'====== Args={'value': 468, 'prev_value': None, 'change': True}
2026-04-23 20:38:06,792 : INFO : EventManager : Event: ======'machine_var_audits_switches_s_start'====== Args={'value': 35, 'prev_value': None, 'change': True}
2026-04-23 20:38:06,792 : INFO : EventManager : Event: ======'machine_var_audits_switches_s_three_bank_bottom'====== Args={'value': 7, 'prev_value': None, 'change': True}
2026-04-23 20:38:06,792 : INFO : EventManager : Event: ======'machine_var_audits_switches_s_three_bank_middle'====== Args={'value': 8, 'prev_value': None, 'change': True}
2026-04-23 20:38:06,792 : INFO : EventManager : Event: ======'machine_var_audits_switches_s_three_bank_standup'====== Args={'value': 2, 'prev_value': None, 'change': True}
2026-04-23 20:38:06,792 : INFO : EventManager : Event: ======'machine_var_audits_switches_s_three_bank_top'====== Args={'value': 9, 'prev_value': None, 'change': True}
2026-04-23 20:38:06,792 : INFO : EventManager : Event: ======'machine_var_audits_switches_s_tilt_bob'====== Args={'value': 0, 'prev_value': None, 'change': True}
2026-04-23 20:38:06,792 : INFO : EventManager : Event: ======'machine_var_audits_switches_s_top_right_flipper'====== Args={'value': 0, 'prev_value': None, 'change': True}
2026-04-23 20:38:06,792 : INFO : EventManager : Event: ======'machine_var_audits_switches_s_trough1'====== Args={'value': 27, 'prev_value': None, 'change': True}
2026-04-23 20:38:06,792 : INFO : EventManager : Event: ======'machine_var_audits_switches_s_trough2'====== Args={'value': 7, 'prev_value': None, 'change': True}
2026-04-23 20:38:06,792 : INFO : EventManager : Event: ======'machine_var_audits_switches_s_trough3'====== Args={'value': 9, 'prev_value': None, 'change': True}
2026-04-23 20:38:06,792 : INFO : EventManager : Event: ======'machine_var_audits_switches_s_trough4'====== Args={'value': 12, 'prev_value': None, 'change': True}
2026-04-23 20:38:06,793 : INFO : EventManager : Event: ======'machine_var_audits_switches_s_trough5'====== Args={'value': 0, 'prev_value': None, 'change': True}
2026-04-23 20:38:06,793 : INFO : EventManager : Event: ======'machine_var_audits_switches_s_trough6'====== Args={'value': 0, 'prev_value': None, 'change': True}
2026-04-23 20:38:06,793 : INFO : EventManager : Event: ======'machine_var_audits_switches_s_trough_jam'====== Args={'value': 0, 'prev_value': None, 'change': True}
2026-04-23 20:38:06,793 : INFO : EventManager : Event: ======'machine_var_audits_switches_s_tshirt_bottom_standup'====== Args={'value': 4, 'prev_value': None, 'change': True}
2026-04-23 20:38:06,793 : INFO : EventManager : Event: ======'machine_var_audits_switches_s_tshirt_top_standup'====== Args={'value': 4, 'prev_value': None, 'change': True}
2026-04-23 20:38:06,793 : INFO : EventManager : Event: ======'machine_var_audits_switches_s_upper_pop_standup'====== Args={'value': 115, 'prev_value': None, 'change': True}
2026-04-23 20:38:06,793 : INFO : EventManager : Event: ======'init_phase_5'====== Args={}
2026-04-23 20:38:06,794 : INFO : EventManager : Event: ======'init_done'====== Args={}
2026-04-23 20:38:06,795 : INFO : EventManager : Event: ======'machine_reset_phase_1'====== Args={}
2026-04-23 20:38:06,803 : INFO : EventManager : Event: ======'machine_reset_phase_2'====== Args={}
2026-04-23 20:38:06,803 : INFO : EventManager : Event: ======'game_just_played'====== Args={'priority': 0, 'action': 'set_machine', 'int': 0}
2026-04-23 20:38:06,803 : INFO : EventManager : Event: ======'machine_reset_phase_3'====== Args={}
2026-04-23 20:38:06,803 : INFO : drop_target_bank.three_bank : All targets are already up. Will not reset bank.
2026-04-23 20:38:06,804 : INFO : EventManager : Event: ======'diverter_up_post_deactivating'====== Args={}
2026-04-23 20:38:06,804 : INFO : coil.c_uppost : Disabling Driver
2026-04-23 20:38:06,804 : INFO : EventManager : Event: ======'reset_complete'====== Args={}
2026-04-23 20:38:06,804 : INFO : EventManager : Event: ======'mode_service_will_start'====== Args={}
2026-04-23 20:38:06,806 : INFO : EventManager : Event: ======'mode_service_starting'====== Args={}
2026-04-23 20:38:06,806 : INFO : EventManager : Event: ======'mode_attract_will_start'====== Args={}
2026-04-23 20:38:06,808 : INFO : Timer.attract_intro_timer : Starting Timer.
2026-04-23 20:38:06,808 : INFO : EventManager : Event: ======'timer_attract_intro_timer_started'====== Args={'ticks': 0, 'ticks_remaining': 16}
2026-04-23 20:38:06,808 : INFO : EventManager : Event: ======'timer_attract_intro_timer_tick'====== Args={'ticks': 0, 'ticks_remaining': 16}
2026-04-23 20:38:06,819 : INFO : EventManager : Event: ======'mode_attract_starting'====== Args={}
2026-04-23 20:38:06,819 : INFO : Mode.service : Started. Priority: 100000
2026-04-23 20:38:06,819 : INFO : EventManager : Event: ======'modes_active_modes_changed'====== Args={}
2026-04-23 20:38:06,819 : INFO : EventManager : Event: ======'mode_service_started'====== Args={}
2026-04-23 20:38:06,821 : INFO : EventManager : Event: ======'logicblock_mca_sequence_updated'====== Args={'value': 0, 'enabled': True}
2026-04-23 20:38:06,821 : INFO : EventManager : Event: ======'logicblock_adr_sequence_updated'====== Args={'value': 0, 'enabled': True}
2026-04-23 20:38:06,821 : INFO : EventManager : Event: ======'logicblock_christmas_sequence_updated'====== Args={'value': 0, 'enabled': True}
2026-04-23 20:38:06,821 : INFO : EventManager : Event: ======'logicblock_muppets_sequence_updated'====== Args={'value': 0, 'enabled': True}
2026-04-23 20:38:06,821 : INFO : EventManager : Event: ======'logicblock_mca_sequence_updated'====== Args={'value': 0, 'enabled': True}
2026-04-23 20:38:06,821 : INFO : EventManager : Event: ======'logicblock_adr_sequence_updated'====== Args={'value': 0, 'enabled': True}
2026-04-23 20:38:06,821 : INFO : EventManager : Event: ======'logicblock_christmas_sequence_updated'====== Args={'value': 0, 'enabled': True}
2026-04-23 20:38:06,821 : INFO : EventManager : Event: ======'logicblock_muppets_sequence_updated'====== Args={'value': 0, 'enabled': True}
2026-04-23 20:38:06,821 : INFO : Mode.attract : Started. Priority: 10
2026-04-23 20:38:06,821 : INFO : EventManager : Event: ======'modes_active_modes_changed'====== Args={}
2026-04-23 20:38:06,821 : INFO : EventManager : Event: ======'mode_attract_started'====== Args={}
2026-04-23 20:38:06,821 : INFO : EventManager : Event: ======'logicblock_mca_sequence_updated'====== Args={'value': 0, 'enabled': True}
2026-04-23 20:38:06,821 : INFO : EventManager : Event: ======'logicblock_mca_sequence_updated'====== Args={'value': 0, 'enabled': True}
2026-04-23 20:38:06,821 : INFO : EventManager : Event: ======'logicblock_adr_sequence_updated'====== Args={'value': 0, 'enabled': True}
2026-04-23 20:38:06,822 : INFO : EventManager : Event: ======'logicblock_adr_sequence_updated'====== Args={'value': 0, 'enabled': True}
2026-04-23 20:38:06,822 : INFO : EventManager : Event: ======'logicblock_christmas_sequence_updated'====== Args={'value': 0, 'enabled': True}
2026-04-23 20:38:06,822 : INFO : EventManager : Event: ======'logicblock_christmas_sequence_updated'====== Args={'value': 0, 'enabled': True}
2026-04-23 20:38:06,822 : INFO : EventManager : Event: ======'logicblock_muppets_sequence_updated'====== Args={'value': 0, 'enabled': True}
2026-04-23 20:38:06,822 : INFO : EventManager : Event: ======'logicblock_muppets_sequence_updated'====== Args={'value': 0, 'enabled': True}
2026-04-23 20:38:06,824 : INFO : EventManager : Event: ======'timer_attract_intro_timer_tick'====== Args={'ticks': 0, 'ticks_remaining': 16}
2026-04-23 20:38:06,825 : INFO : EventManager : Event: ======'collecting_balls_complete'====== Args={}
2026-04-23 20:38:06,825 : INFO : EventManager : Event: ======'carousel_item_highlighted'====== Args={'carousel': 'attract', 'direction': None, 'item': 'mpf_logo'}
2026-04-23 20:38:06,828 : INFO : Timer.attract_carousel_timer : Starting Timer.
2026-04-23 20:38:06,828 : INFO : EventManager : Event: ======'timer_attract_carousel_timer_started'====== Args={'ticks': 0, 'ticks_remaining': 5}
2026-04-23 20:38:06,828 : INFO : EventManager : Event: ======'timer_attract_carousel_timer_tick'====== Args={'ticks': 0, 'ticks_remaining': 5}
2026-04-23 20:38:06,831 : INFO : EventManager : Event: ======'slide_loading_created'====== Args={'_from_bcp': True}
2026-04-23 20:38:06,831 : INFO : EventManager : Event: ======'slide__removed'====== Args={'_from_bcp': True}
2026-04-23 20:38:06,831 : INFO : EventManager : Event: ======'slide_loading_active'====== Args={'original_context': '_global', 'original_calling_context': 'init_done', 'priority': 0.0, 'cmd': 'slides_play', '_from_bcp': True}
2026-04-23 20:38:06,832 : INFO : Machine : Starting the main run loop with active modes: [<Mode.service>, <Mode.attract>]
2026-04-23 20:38:06,886 : INFO : EventManager : Event: ======'slide_attract_load_created'====== Args={'_from_bcp': True}
2026-04-23 20:38:06,886 : INFO : EventManager : Event: ======'slide_loading_inactive'====== Args={'is_removing': True, '_from_bcp': True}
2026-04-23 20:38:06,886 : INFO : EventManager : Event: ======'slide_attract_load_active'====== Args={'original_context': 'attract', 'original_calling_context': 'mode_attract_started{machine.game_just_played==0}', 'priority': 10.0, 'cmd': 'slides_play', '_from_bcp': True}
2026-04-23 20:38:06,887 : INFO : EventManager : Event: ======'slide_loading_removed'====== Args={'_from_bcp': True}
2026-04-23 20:38:06,938 : INFO : BcpServer : New client connected.
2026-04-23 20:38:07,826 : INFO : EventManager : Event: ======'timer_attract_intro_timer_tick'====== Args={'ticks': 1, 'ticks_remaining': 15}
2026-04-23 20:38:07,842 : INFO : EventManager : Event: ======'timer_attract_carousel_timer_tick'====== Args={'ticks': 1, 'ticks_remaining': 4}
2026-04-23 20:38:08,827 : INFO : EventManager : Event: ======'timer_attract_intro_timer_tick'====== Args={'ticks': 2, 'ticks_remaining': 14}
2026-04-23 20:38:08,843 : INFO : EventManager : Event: ======'timer_attract_carousel_timer_tick'====== Args={'ticks': 2, 'ticks_remaining': 3}
2026-04-23 20:38:09,593 : INFO : SwitchController : <<<<<<< 's_start' active >>>>>>>
2026-04-23 20:38:09,758 : INFO : SwitchController : <<<<<<< 's_start' inactive >>>>>>>
2026-04-23 20:38:09,759 : INFO : EventManager : Event: ======'sw_start_inactive'====== Args={}
2026-04-23 20:38:09,759 : INFO : EventManager : Event: ======'request_to_start_game'====== Args={}
2026-04-23 20:38:09,761 : INFO : EventManager : Event: ======'game_start'====== Args={'buttons': [], 'hold_time': 0.1661280000116676}
2026-04-23 20:38:09,761 : INFO : EventManager : Event: ======'mode_game_will_start'====== Args={'buttons': [], 'hold_time': 0.1661280000116676}
2026-04-23 20:38:09,762 : INFO : EventManager : Event: ======'mode_game_starting'====== Args={'buttons': [], 'hold_time': 0.1661280000116676}
2026-04-23 20:38:09,763 : INFO : EventManager : Event: ======'mode_attract_will_stop'====== Args={}
2026-04-23 20:38:09,763 : INFO : EventManager : Event: ======'mode_attract_stopping'====== Args={}
2026-04-23 20:38:09,763 : INFO : Mode.game : Started. Priority: 20
2026-04-23 20:38:09,763 : INFO : EventManager : Event: ======'modes_active_modes_changed'====== Args={}
2026-04-23 20:38:09,764 : INFO : EventManager : Event: ======'mode_game_started'====== Args={'buttons': [], 'hold_time': 0.1661280000116676}
2026-04-23 20:38:09,765 : INFO : Mode.attract : Stopped.
2026-04-23 20:38:09,766 : INFO : EventManager : Event: ======'modes_active_modes_changed'====== Args={}
2026-04-23 20:38:09,767 : INFO : EventManager : Event: ======'mode_attract_stopped'====== Args={}
2026-04-23 20:38:09,767 : INFO : EventManager : Event: ======'clear'====== Args={'key': 'attract'}
2026-04-23 20:38:09,768 : INFO : Timer.mca_attract_video_timer : Stopping Timer
2026-04-23 20:38:09,768 : INFO : EventManager : Event: ======'timer_mca_attract_video_timer_stopped'====== Args={'ticks': 0, 'ticks_remaining': 0}
2026-04-23 20:38:09,769 : INFO : Timer.muppets_attract_video_timer : Stopping Timer
2026-04-23 20:38:09,769 : INFO : EventManager : Event: ======'timer_muppets_attract_video_timer_stopped'====== Args={'ticks': 0, 'ticks_remaining': 0}
2026-04-23 20:38:09,769 : INFO : Timer.attract_carousel_timer : Stopping Timer
2026-04-23 20:38:09,769 : INFO : EventManager : Event: ======'timer_attract_carousel_timer_stopped'====== Args={'ticks': 2, 'ticks_remaining': 3}
2026-04-23 20:38:09,770 : INFO : Timer.adr_attract_video_timer : Stopping Timer
2026-04-23 20:38:09,770 : INFO : EventManager : Event: ======'timer_adr_attract_video_timer_stopped'====== Args={'ticks': 0, 'ticks_remaining': 0}
2026-04-23 20:38:09,770 : INFO : Timer.attract_intro_timer : Stopping Timer
2026-04-23 20:38:09,770 : INFO : EventManager : Event: ======'timer_attract_intro_timer_stopped'====== Args={'ticks': 2, 'ticks_remaining': 14}
2026-04-23 20:38:09,770 : INFO : Timer.christmas_attract_video_timer : Stopping Timer
2026-04-23 20:38:09,770 : INFO : EventManager : Event: ======'timer_christmas_attract_video_timer_stopped'====== Args={'ticks': 0, 'ticks_remaining': 0}
2026-04-23 20:38:09,771 : INFO : EventManager : Event: ======'game_will_start'====== Args={}
2026-04-23 20:38:09,774 : INFO : EventManager : Event: ======'game_starting'====== Args={'game': <Mode.game>}
2026-04-23 20:38:09,777 : INFO : EventManager : Unordered handler for class <Auditor> on event game_ended with priority 1. Handlers: [RegisteredHandler(callback=<bound method Auditor.disable of <Auditor>>, priority=1, kwargs={}, key=UUID('4fd1b18f-b548-42a6-abdb-64dee204cec9'), condition=None, blocking_facility=None), RegisteredHandler(callback=<bound method Auditor._save_audits of <Auditor>>, priority=1, kwargs={}, key=UUID('8fc527dd-6fb9-497d-9e99-3e1c3f93a735'), condition=None, blocking_facility=None)]. The order of those handlers is not defined and they will be executed in random order. This might lead to race conditions and potential bugs.
2026-04-23 20:38:09,777 : INFO : EventManager : Event: ======'player_add_request'====== Args={}
2026-04-23 20:38:09,778 : INFO : EventManager : Event: ======'player_will_add'====== Args={'number': 1}
2026-04-23 20:38:09,781 : INFO : EventManager : Event: ======'player_adding'====== Args={'player': <Player 1>, 'number': 1}
2026-04-23 20:38:09,782 : INFO : EventManager : Event: ======'player_added'====== Args={'player': <Player 1>, 'num': 1}
2026-04-23 20:38:09,782 : INFO : Mode.game : Player added successfully. Total players: 1
2026-04-23 20:38:09,783 : INFO : EventManager : Event: ======'player_index'====== Args={'value': 0, 'prev_value': 0, 'change': 0, 'player_num': 1}
2026-04-23 20:38:09,783 : INFO : EventManager : Event: ======'player_number'====== Args={'value': 1, 'prev_value': 1, 'change': 0, 'player_num': 1}
2026-04-23 20:38:09,783 : INFO : EventManager : Event: ======'player_chcheckitout_multiball_blocking_flag'====== Args={'value': 0, 'prev_value': 0, 'change': 0, 'player_num': 1}
2026-04-23 20:38:09,784 : INFO : EventManager : Event: ======'player_bodymovin_multiball_blocking_flag'====== Args={'value': 0, 'prev_value': 0, 'change': 0, 'player_num': 1}
2026-04-23 20:38:09,784 : INFO : EventManager : Event: ======'player_mode_blocking_flag'====== Args={'value': 0, 'prev_value': 0, 'change': 0, 'player_num': 1}
2026-04-23 20:38:09,784 : INFO : EventManager : Event: ======'player_battery_charged_yesorno'====== Args={'value': 0, 'prev_value': 0, 'change': 0, 'player_num': 1}
2026-04-23 20:38:09,784 : INFO : EventManager : Event: ======'player_combos'====== Args={'value': 0, 'prev_value': 0, 'change': 0, 'player_num': 1}
2026-04-23 20:38:09,784 : INFO : EventManager : Event: ======'player_modes_played'====== Args={'value': 0, 'prev_value': 0, 'change': 0, 'player_num': 1}
2026-04-23 20:38:09,785 : INFO : EventManager : Event: ======'player_modes_completed'====== Args={'value': 0, 'prev_value': 0, 'change': 0, 'player_num': 1}
2026-04-23 20:38:09,785 : INFO : EventManager : Event: ======'player_chcheckitout_qualified_flag'====== Args={'value': 0, 'prev_value': 0, 'change': 0, 'player_num': 1}
2026-04-23 20:38:09,785 : INFO : EventManager : Event: ======'player_bodymovin_lock1_qualified_flag'====== Args={'value': 0, 'prev_value': 0, 'change': 0, 'player_num': 1}
2026-04-23 20:38:09,785 : INFO : EventManager : Event: ======'player_bodymovin_lock2_qualified_flag'====== Args={'value': 0, 'prev_value': 0, 'change': 0, 'player_num': 1}
2026-04-23 20:38:09,786 : INFO : EventManager : Event: ======'player_bodymovin_lock1_locked_flag'====== Args={'value': 1, 'prev_value': 1, 'change': 0, 'player_num': 1}
2026-04-23 20:38:09,786 : INFO : EventManager : Event: ======'player_bodymovin_lock2_locked_flag'====== Args={'value': 0, 'prev_value': 0, 'change': 0, 'player_num': 1}
2026-04-23 20:38:09,786 : INFO : EventManager : Event: ======'player_bodymovin_multiball_qualified_flag'====== Args={'value': 0, 'prev_value': 0, 'change': 0, 'player_num': 1}
2026-04-23 20:38:09,786 : INFO : EventManager : Event: ======'player_bodymovin_round'====== Args={'value': 0, 'prev_value': 0, 'change': 0, 'player_num': 1}
2026-04-23 20:38:09,786 : INFO : EventManager : Event: ======'player_girls_bonus_score'====== Args={'value': 0, 'prev_value': 0, 'change': 0, 'player_num': 1}
2026-04-23 20:38:09,786 : INFO : EventManager : Event: ======'player_girls_blocking_flag'====== Args={'value': 0, 'prev_value': 0, 'change': 0, 'player_num': 1}
2026-04-23 20:38:09,786 : INFO : EventManager : Event: ======'player_characters_collected'====== Args={'value': 0, 'prev_value': 0, 'change': 0, 'player_num': 1}
2026-04-23 20:38:09,786 : INFO : EventManager : Event: ======'player_adroc_collected'====== Args={'value': 0, 'prev_value': 0, 'change': 0, 'player_num': 1}
2026-04-23 20:38:09,786 : INFO : EventManager : Event: ======'player_mca_collected'====== Args={'value': 0, 'prev_value': 0, 'change': 0, 'player_num': 1}
2026-04-23 20:38:09,787 : INFO : EventManager : Event: ======'player_miked_collected'====== Args={'value': 0, 'prev_value': 0, 'change': 0, 'player_num': 1}
2026-04-23 20:38:09,787 : INFO : EventManager : Event: ======'player_mmm_collected'====== Args={'value': 0, 'prev_value': 0, 'change': 0, 'player_num': 1}
2026-04-23 20:38:09,787 : INFO : EventManager : Event: ======'player_djhurr_collected'====== Args={'value': 0, 'prev_value': 0, 'change': 0, 'player_num': 1}
2026-04-23 20:38:09,787 : INFO : EventManager : Event: ======'player_chcheckitout_multiplier'====== Args={'value': 0, 'prev_value': 0, 'change': 0, 'player_num': 1}
2026-04-23 20:38:09,787 : INFO : EventManager : Event: ======'player_microphone_collected'====== Args={'value': 0, 'prev_value': 0, 'change': 0, 'player_num': 1}
2026-04-23 20:38:09,788 : INFO : EventManager : Event: ======'player_turntable_collected'====== Args={'value': 0, 'prev_value': 0, 'change': 0, 'player_num': 1}
2026-04-23 20:38:09,788 : INFO : EventManager : Event: ======'player_boombox_collected'====== Args={'value': 0, 'prev_value': 0, 'change': 0, 'player_num': 1}
2026-04-23 20:38:09,788 : INFO : EventManager : Event: ======'player_playfield_x'====== Args={'value': 1, 'prev_value': 1, 'change': 0, 'player_num': 1}
2026-04-23 20:38:09,788 : INFO : EventManager : Event: ======'player_drop_target_bank_counter_count'====== Args={'value': 0, 'prev_value': 0, 'change': 0, 'player_num': 1}
2026-04-23 20:38:09,789 : INFO : EventManager : Event: ======'player_charges_remaining_variable'====== Args={'value': 0, 'prev_value': 0, 'change': 0, 'player_num': 1}
2026-04-23 20:38:09,789 : INFO : EventManager : Event: ======'player_multiball_bodymovin_score'====== Args={'value': 0, 'prev_value': 0, 'change': 0, 'player_num': 1}
2026-04-23 20:38:09,789 : INFO : EventManager : Event: ======'player_bonus_multiplier'====== Args={'value': 1, 'prev_value': 1, 'change': 0, 'player_num': 1}
2026-04-23 20:38:09,790 : INFO : EventManager : Event: ======'player_player_drop_target_bank_counter_count'====== Args={'value': 1, 'prev_value': 1, 'change': 0, 'player_num': 1}
2026-04-23 20:38:09,790 : INFO : EventManager : Event: ======'player_mode_intergalactic_score'====== Args={'value': 1, 'prev_value': 1, 'change': 0, 'player_num': 1}
2026-04-23 20:38:09,790 : INFO : EventManager : Event: ======'player_mode_fingerlickingood_score'====== Args={'value': 1, 'prev_value': 1, 'change': 0, 'player_num': 1}
2026-04-23 20:38:09,791 : INFO : EventManager : Event: ======'player_mode_highplainsdrifter_score'====== Args={'value': 1, 'prev_value': 1, 'change': 0, 'player_num': 1}
2026-04-23 20:38:09,791 : INFO : EventManager : Event: ======'player_mode_makesomenoise_score'====== Args={'value': 1, 'prev_value': 1, 'change': 0, 'player_num': 1}
2026-04-23 20:38:09,791 : INFO : EventManager : Event: ======'player_mode_paulrevere_score'====== Args={'value': 1, 'prev_value': 1, 'change': 0, 'player_num': 1}
2026-04-23 20:38:09,792 : INFO : EventManager : Event: ======'player_mode_sabotage_score'====== Args={'value': 1, 'prev_value': 1, 'change': 0, 'player_num': 1}
2026-04-23 20:38:09,792 : INFO : EventManager : Event: ======'player_mode_threemcsand1dj_score'====== Args={'value': 1, 'prev_value': 1, 'change': 0, 'player_num': 1}
2026-04-23 20:38:09,792 : INFO : EventManager : Event: ======'player_mode_toomanyrappers_score'====== Args={'value': 1, 'prev_value': 1, 'change': 0, 'player_num': 1}
2026-04-23 20:38:09,792 : INFO : EventManager : Event: ======'player_mode_tripletrouble_score'====== Args={'value': 1, 'prev_value': 1, 'change': 0, 'player_num': 1}
2026-04-23 20:38:09,793 : INFO : EventManager : Event: ======'player_mode_time_remaining_total'====== Args={'value': 0, 'prev_value': 0, 'change': 0, 'player_num': 1}
2026-04-23 20:38:09,793 : INFO : EventManager : Event: ======'player_selected_mode'====== Args={'value': 'Triple Trouble', 'prev_value': 'Triple Trouble', 'change': False, 'player_num': 1}
2026-04-23 20:38:09,793 : INFO : EventManager : Event: ======'player_multiball_chcheckitout_score'====== Args={'value': 0, 'prev_value': 0, 'change': 0, 'player_num': 1}
2026-04-23 20:38:09,793 : INFO : EventManager : Event: ======'player_fingerlickingood_boost'====== Args={'value': 1, 'prev_value': 1, 'change': 0, 'player_num': 1}
2026-04-23 20:38:09,794 : INFO : EventManager : Event: ======'player_fingerlickingood_intro_show_variable_times_100'====== Args={'value': 0, 'prev_value': 0, 'change': 0, 'player_num': 1}
2026-04-23 20:38:09,794 : INFO : EventManager : Event: ======'player_fingerlickingood_time_remaining_variable_times_1'====== Args={'value': 0, 'prev_value': 0, 'change': 0, 'player_num': 1}
2026-04-23 20:38:09,794 : INFO : EventManager : Event: ======'player_highplainsdrifter_intro_show_variable_times_100'====== Args={'value': 0, 'prev_value': 0, 'change': 0, 'player_num': 1}
2026-04-23 20:38:09,794 : INFO : EventManager : Event: ======'player_highplainsdrifter_time_remaining_variable_times_1'====== Args={'value': 0, 'prev_value': 0, 'change': 0, 'player_num': 1}
2026-04-23 20:38:09,795 : INFO : EventManager : Event: ======'player_intergalactic_intro_show_variable_times_100'====== Args={'value': 0, 'prev_value': 0, 'change': 0, 'player_num': 1}
2026-04-23 20:38:09,795 : INFO : EventManager : Event: ======'player_intergalactic_time_remaining_variable_times_1'====== Args={'value': 0, 'prev_value': 0, 'change': 0, 'player_num': 1}
2026-04-23 20:38:09,795 : INFO : EventManager : Event: ======'player_paulrevere_intro_show_variable_times_100'====== Args={'value': 0, 'prev_value': 0, 'change': 0, 'player_num': 1}
2026-04-23 20:38:09,795 : INFO : EventManager : Event: ======'player_paulrevere_time_remaining_variable_times_1'====== Args={'value': 0, 'prev_value': 0, 'change': 0, 'player_num': 1}
2026-04-23 20:38:09,796 : INFO : EventManager : Event: ======'player_sabotage_intro_show_variable_times_100'====== Args={'value': 0, 'prev_value': 0, 'change': 0, 'player_num': 1}
2026-04-23 20:38:09,796 : INFO : EventManager : Event: ======'player_sabotage_time_remaining_variable_times_1'====== Args={'value': 0, 'prev_value': 0, 'change': 0, 'player_num': 1}
2026-04-23 20:38:09,796 : INFO : EventManager : Event: ======'player_threemcsand1dj_intro_show_variable_times_100'====== Args={'value': 0, 'prev_value': 0, 'change': 0, 'player_num': 1}
2026-04-23 20:38:09,796 : INFO : EventManager : Event: ======'player_threemcsand1dj_time_remaining_variable_times_1'====== Args={'value': 0, 'prev_value': 0, 'change': 0, 'player_num': 1}
2026-04-23 20:38:09,797 : INFO : EventManager : Event: ======'player_toomanyrappers_intro_show_variable_times_100'====== Args={'value': 0, 'prev_value': 0, 'change': 0, 'player_num': 1}
2026-04-23 20:38:09,797 : INFO : EventManager : Event: ======'player_toomanyrappers_time_remaining_variable_times_1'====== Args={'value': 0, 'prev_value': 0, 'change': 0, 'player_num': 1}
2026-04-23 20:38:09,797 : INFO : EventManager : Event: ======'player_tripletrouble_intro_show_variable_times_100'====== Args={'value': 0, 'prev_value': 0, 'change': 0, 'player_num': 1}
2026-04-23 20:38:09,797 : INFO : EventManager : Event: ======'player_tripletrouble_time_remaining_variable_times_1'====== Args={'value': 0, 'prev_value': 0, 'change': 0, 'player_num': 1}
2026-04-23 20:38:09,798 : INFO : EventManager : Event: ======'player_makesomenoise_intro_show_variable_times_100'====== Args={'value': 0, 'prev_value': 0, 'change': 0, 'player_num': 1}
2026-04-23 20:38:09,798 : INFO : EventManager : Event: ======'player_highplainsdrifter_shots_remaining'====== Args={'value': 3, 'prev_value': 3, 'change': 0, 'player_num': 1}
2026-04-23 20:38:09,798 : INFO : EventManager : Event: ======'player_makesomenoise_pops_remaining'====== Args={'value': 10, 'prev_value': 10, 'change': 0, 'player_num': 1}
2026-04-23 20:38:09,799 : INFO : EventManager : Event: ======'player_makesomenoise_spins_remaining'====== Args={'value': 40, 'prev_value': 40, 'change': 0, 'player_num': 1}
2026-04-23 20:38:09,799 : INFO : EventManager : Event: ======'player_makesomenoise_drops_remaining'====== Args={'value': 6, 'prev_value': 6, 'change': 0, 'player_num': 1}
2026-04-23 20:38:09,799 : INFO : EventManager : Event: ======'player_makesomenoise_ramps_remaining'====== Args={'value': 4, 'prev_value': 4, 'change': 0, 'player_num': 1}
2026-04-23 20:38:09,799 : INFO : EventManager : Event: ======'player_sabotage_perps_caught'====== Args={'value': 0, 'prev_value': 0, 'change': 0, 'player_num': 1}
2026-04-23 20:38:09,800 : INFO : EventManager : Event: ======'player_stache_multiplier'====== Args={'value': 1, 'prev_value': 1, 'change': 0, 'player_num': 1}
2026-04-23 20:38:09,800 : INFO : EventManager : Event: ======'player_threemcsand1dj_scratch_value'====== Args={'value': 100000, 'prev_value': 100000, 'change': 0, 'player_num': 1}
2026-04-23 20:38:09,800 : INFO : EventManager : Event: ======'player_threemcsand1dj_mix_multiplier'====== Args={'value': 1, 'prev_value': 1, 'change': 0, 'player_num': 1}
2026-04-23 20:38:09,801 : INFO : EventManager : Event: ======'player_threemcsand1dj_scratches_remaining'====== Args={'value': 3, 'prev_value': 3, 'change': 0, 'player_num': 1}
2026-04-23 20:38:09,801 : INFO : EventManager : Event: ======'player_toomanyrappers_rhymes_loaded'====== Args={'value': 0, 'prev_value': 0, 'change': 0, 'player_num': 1}
2026-04-23 20:38:09,801 : INFO : EventManager : Event: ======'player_tripletrouble_standups_remaining'====== Args={'value': 7, 'prev_value': 7, 'change': 0, 'player_num': 1}
2026-04-23 20:38:09,801 : INFO : EventManager : Event: ======'player_instruments_collected_this_ball'====== Args={'value': 0, 'prev_value': 0, 'change': 0, 'player_num': 1}
2026-04-23 20:38:09,802 : INFO : EventManager : Event: ======'player_instruments_collected_total'====== Args={'value': 0, 'prev_value': 0, 'change': 0, 'player_num': 1}
2026-04-23 20:38:09,802 : INFO : EventManager : Event: ======'player_fingerlickingood_played'====== Args={'value': 0, 'prev_value': 0, 'change': 0, 'player_num': 1}
2026-04-23 20:38:09,802 : INFO : EventManager : Event: ======'player_highplainsdrifter_played'====== Args={'value': 0, 'prev_value': 0, 'change': 0, 'player_num': 1}
2026-04-23 20:38:09,803 : INFO : EventManager : Event: ======'player_intergalactic_played'====== Args={'value': 0, 'prev_value': 0, 'change': 0, 'player_num': 1}
2026-04-23 20:38:09,803 : INFO : EventManager : Event: ======'player_paulrevere_played'====== Args={'value': 0, 'prev_value': 0, 'change': 0, 'player_num': 1}
2026-04-23 20:38:09,803 : INFO : EventManager : Event: ======'player_sabotage_played'====== Args={'value': 0, 'prev_value': 0, 'change': 0, 'player_num': 1}
2026-04-23 20:38:09,804 : INFO : EventManager : Event: ======'player_threemcsand1dj_played'====== Args={'value': 0, 'prev_value': 0, 'change': 0, 'player_num': 1}
2026-04-23 20:38:09,804 : INFO : EventManager : Event: ======'player_toomanyrappers_played'====== Args={'value': 0, 'prev_value': 0, 'change': 0, 'player_num': 1}
2026-04-23 20:38:09,804 : INFO : EventManager : Event: ======'player_tripletrouble_played'====== Args={'value': 0, 'prev_value': 0, 'change': 0, 'player_num': 1}
2026-04-23 20:38:09,804 : INFO : EventManager : Event: ======'player_all_modes_played'====== Args={'value': 0, 'prev_value': 0, 'change': 0, 'player_num': 1}
2026-04-23 20:38:09,805 : INFO : EventManager : Event: ======'player_makesomenoise_mode_multiplier'====== Args={'value': 1, 'prev_value': 1, 'change': 0, 'player_num': 1}
2026-04-23 20:38:09,805 : INFO : EventManager : Event: ======'player_sureshot_mode_multiplier'====== Args={'value': 1, 'prev_value': 1, 'change': 0, 'player_num': 1}
2026-04-23 20:38:09,806 : INFO : EventManager : Event: ======'player_bodhisattvavow_mode_multiplier'====== Args={'value': 1, 'prev_value': 1, 'change': 0, 'player_num': 1}
2026-04-23 20:38:09,806 : INFO : EventManager : Event: ======'player_wizard_choice_select_variable_times_1'====== Args={'value': 10, 'prev_value': 10, 'change': 0, 'player_num': 1}
2026-04-23 20:38:09,806 : INFO : EventManager : Event: ======'player_mode_bodhisattvavow_score'====== Args={'value': 0, 'prev_value': 0, 'change': 0, 'player_num': 1}
2026-04-23 20:38:09,807 : INFO : EventManager : Event: ======'player_bodhisattvavow_area1_counter'====== Args={'value': 1, 'prev_value': 1, 'change': 0, 'player_num': 1}
2026-04-23 20:38:09,807 : INFO : EventManager : Event: ======'player_bodhisattvavow_area2_counter'====== Args={'value': 1, 'prev_value': 1, 'change': 0, 'player_num': 1}
2026-04-23 20:38:09,807 : INFO : EventManager : Event: ======'player_bodhisattvavow_area3_counter'====== Args={'value': 1, 'prev_value': 1, 'change': 0, 'player_num': 1}
2026-04-23 20:38:09,807 : INFO : EventManager : Event: ======'player_bodhisattvavow_area4_counter'====== Args={'value': 1, 'prev_value': 1, 'change': 0, 'player_num': 1}
2026-04-23 20:38:09,807 : INFO : EventManager : Event: ======'player_bodhisattvavow_area5_counter'====== Args={'value': 1, 'prev_value': 1, 'change': 0, 'player_num': 1}
2026-04-23 20:38:09,808 : INFO : EventManager : Event: ======'player_bodhisattvavow_time_remaining_variable_times_1'====== Args={'value': 45, 'prev_value': 45, 'change': 0, 'player_num': 1}
2026-04-23 20:38:09,808 : INFO : EventManager : Event: ======'player_score'====== Args={'value': 0, 'prev_value': 0, 'change': 0, 'player_num': 1}
2026-04-23 20:38:09,809 : INFO : EventManager : Event: ======'game_started'====== Args={}
2026-04-23 20:38:09,810 : INFO : EventManager : Event: ======'mode_tilt_will_start'====== Args={}
2026-04-23 20:38:09,811 : INFO : EventManager : Event: ======'mode_tilt_starting'====== Args={}
2026-04-23 20:38:09,811 : INFO : EventManager : Event: ======'machine_var_game_just_played'====== Args={'value': 1, 'prev_value': 0, 'change': 1}
2026-04-23 20:38:09,811 : INFO : Mode.tilt : Started. Priority: 1000000
2026-04-23 20:38:09,811 : INFO : EventManager : Event: ======'modes_active_modes_changed'====== Args={}
2026-04-23 20:38:09,811 : INFO : EventManager : Event: ======'mode_tilt_started'====== Args={}
2026-04-23 20:38:09,813 : INFO : EventManager : Event: ======'player_turn_will_start'====== Args={'player': <Player 1>, 'number': 1}
2026-04-23 20:38:09,821 : INFO : EventManager : Event: ======'player_turn_starting'====== Args={'player': <Player 1>, 'number': 1}
2026-04-23 20:38:09,837 : INFO : EventManager : Event: ======'player_ball'====== Args={'value': 1, 'prev_value': 0, 'change': 1, 'player_num': 1}
2026-04-23 20:38:09,841 : INFO : EventManager : Event: ======'player_turn_started'====== Args={'player': <Player 1>, 'number': 1}
2026-04-23 20:38:09,843 : INFO : EventManager : Event: ======'ball_will_start'====== Args={'player': 1, 'ball': 1, 'balls_remaining': 2, 'is_extra_ball': False}
2026-04-23 20:38:09,844 : INFO : EventManager : Event: ======'ball_starting'====== Args={'player': 1, 'ball': 1, 'balls_remaining': 2, 'is_extra_ball': False}
2026-04-23 20:38:09,845 : INFO : EventManager : Event: ======'mode_batterycharger_will_start'====== Args={'queue': <QueuedEvent>, 'player': 1, 'ball': 1, 'balls_remaining': 2, 'is_extra_ball': False}
2026-04-23 20:38:09,863 : INFO : EventManager : Event: ======'mode_batterycharger_starting'====== Args={'queue': <QueuedEvent>, 'player': 1, 'ball': 1, 'balls_remaining': 2, 'is_extra_ball': False}
2026-04-23 20:38:09,863 : INFO : EventManager : Event: ======'mode_base_will_start'====== Args={'queue': <QueuedEvent>, 'player': 1, 'ball': 1, 'balls_remaining': 2, 'is_extra_ball': False}
2026-04-23 20:38:09,864 : INFO : EventManager : Event: ======'player_shot_left_orbit_enabled'====== Args={'value': True, 'prev_value': 0, 'change': 1, 'player_num': 1}
2026-04-23 20:38:09,864 : INFO : EventManager : Event: ======'player_shot_right_orbit_enabled'====== Args={'value': True, 'prev_value': 0, 'change': 1, 'player_num': 1}
2026-04-23 20:38:09,865 : INFO : EventManager : Event: ======'player_shot_inner_loop_enabled'====== Args={'value': True, 'prev_value': 0, 'change': 1, 'player_num': 1}
2026-04-23 20:38:09,865 : INFO : EventManager : Event: ======'player_shot_left_orbit_backdoor_enabled'====== Args={'value': True, 'prev_value': 0, 'change': 1, 'player_num': 1}
2026-04-23 20:38:09,865 : INFO : EventManager : Event: ======'player_shot_right_orbit_backdoor_enabled'====== Args={'value': True, 'prev_value': 0, 'change': 1, 'player_num': 1}
2026-04-23 20:38:09,865 : INFO : EventManager : Event: ======'player_shot_inner_loop_backdoor_enabled'====== Args={'value': True, 'prev_value': 0, 'change': 1, 'player_num': 1}
2026-04-23 20:38:09,866 : INFO : EventManager : Event: ======'player_shot_right_ramp_enabled'====== Args={'value': True, 'prev_value': 0, 'change': 1, 'player_num': 1}
2026-04-23 20:38:09,866 : INFO : EventManager : Event: ======'player_shot_left_ramp_enabled'====== Args={'value': True, 'prev_value': 0, 'change': 1, 'player_num': 1}
2026-04-23 20:38:09,866 : INFO : EventManager : Event: ======'player_shot_pop_standup_enabled'====== Args={'value': True, 'prev_value': 0, 'change': 1, 'player_num': 1}
2026-04-23 20:38:09,867 : INFO : EventManager : Event: ======'player_shot_upper_pop_standup_enabled'====== Args={'value': True, 'prev_value': 0, 'change': 1, 'player_num': 1}
2026-04-23 20:38:09,867 : INFO : EventManager : Event: ======'player_shot_scoop_enabled'====== Args={'value': True, 'prev_value': 0, 'change': 1, 'player_num': 1}
2026-04-23 20:38:09,868 : INFO : EventManager : Event: ======'player_shot_captive_ball_enabled'====== Args={'value': True, 'prev_value': 0, 'change': 1, 'player_num': 1}
2026-04-23 20:38:09,869 : INFO : EventManager : Event: ======'player_shot_three_bank_standup_enabled'====== Args={'value': True, 'prev_value': 0, 'change': 1, 'player_num': 1}
2026-04-23 20:38:09,869 : INFO : EventManager : Event: ======'player_shot_spinner_enabled'====== Args={'value': True, 'prev_value': 0, 'change': 1, 'player_num': 1}
2026-04-23 20:38:09,869 : INFO : EventManager : Event: ======'player_shot_pop1_enabled'====== Args={'value': True, 'prev_value': 0, 'change': 1, 'player_num': 1}
2026-04-23 20:38:09,869 : INFO : EventManager : Event: ======'player_shot_pop2_enabled'====== Args={'value': True, 'prev_value': 0, 'change': 1, 'player_num': 1}
2026-04-23 20:38:09,870 : INFO : EventManager : Event: ======'player_shot_pop3_enabled'====== Args={'value': True, 'prev_value': 0, 'change': 1, 'player_num': 1}
2026-04-23 20:38:09,870 : INFO : EventManager : Event: ======'player_shot_bottom_drop_enabled'====== Args={'value': True, 'prev_value': 0, 'change': 1, 'player_num': 1}
2026-04-23 20:38:09,870 : INFO : EventManager : Event: ======'player_shot_middle_drop_enabled'====== Args={'value': True, 'prev_value': 0, 'change': 1, 'player_num': 1}
2026-04-23 20:38:09,870 : INFO : EventManager : Event: ======'player_shot_top_drop_enabled'====== Args={'value': True, 'prev_value': 0, 'change': 1, 'player_num': 1}
2026-04-23 20:38:09,871 : INFO : EventManager : Event: ======'player_shot_tshirt_top_standup_enabled'====== Args={'value': True, 'prev_value': 0, 'change': 1, 'player_num': 1}
2026-04-23 20:38:09,871 : INFO : EventManager : Event: ======'player_shot_tshirt_bottom_standup_enabled'====== Args={'value': True, 'prev_value': 0, 'change': 1, 'player_num': 1}
2026-04-23 20:38:09,872 : INFO : EventManager : Event: ======'player_shot_left_outlane_enabled'====== Args={'value': True, 'prev_value': 0, 'change': 1, 'player_num': 1}
2026-04-23 20:38:09,872 : INFO : EventManager : Event: ======'player_shot_left_inlane_enabled'====== Args={'value': True, 'prev_value': 0, 'change': 1, 'player_num': 1}
2026-04-23 20:38:09,872 : INFO : EventManager : Event: ======'player_shot_right_inlane_enabled'====== Args={'value': True, 'prev_value': 0, 'change': 1, 'player_num': 1}
2026-04-23 20:38:09,873 : INFO : EventManager : Event: ======'player_shot_right_outlane_enabled'====== Args={'value': True, 'prev_value': 0, 'change': 1, 'player_num': 1}
2026-04-23 20:38:09,873 : INFO : EventManager : Event: ======'sg_lanes_complete'====== Args={'state': 'unlit'}
2026-04-23 20:38:09,873 : INFO : EventManager : Event: ======'sg_lanes_unlit_complete'====== Args={}
2026-04-23 20:38:09,874 : INFO : EventManager : Event: ======'sg_tshirts_complete'====== Args={'state': 'flash'}
2026-04-23 20:38:09,874 : INFO : EventManager : Event: ======'sg_tshirts_flash_complete'====== Args={}
2026-04-23 20:38:09,878 : INFO : EventManager : Event: ======'player_base_chcheckitoutfinish_widget_timer_tick'====== Args={'value': 0, 'prev_value': 0, 'change': 0, 'player_num': 1}
2026-04-23 20:38:09,879 : INFO : EventManager : Event: ======'player_base_bodymovin_widget_timer_tick'====== Args={'value': 0, 'prev_value': 0, 'change': 0, 'player_num': 1}
2026-04-23 20:38:09,879 : INFO : EventManager : Event: ======'player_base_bodymovin_lock_enabled_widget_timer_tick'====== Args={'value': 0, 'prev_value': 0, 'change': 0, 'player_num': 1}
2026-04-23 20:38:09,880 : INFO : EventManager : Event: ======'player_base_bodymovin_ball_1_locked_widget_timer_tick'====== Args={'value': 0, 'prev_value': 0, 'change': 0, 'player_num': 1}
2026-04-23 20:38:09,880 : INFO : EventManager : Event: ======'player_base_bodymovin_ball_2_locked_widget_timer_tick'====== Args={'value': 0, 'prev_value': 0, 'change': 0, 'player_num': 1}
2026-04-23 20:38:09,881 : INFO : EventManager : Event: ======'achievement_wizard1_changed_state'====== Args={'restore': False, 'state': 'disabled', 'selected': False}
2026-04-23 20:38:09,881 : INFO : EventManager : Event: ======'achievement_wizard1_state_disabled'====== Args={'restore': False, 'state': 'disabled', 'selected': False}
2026-04-23 20:38:09,881 : INFO : EventManager : Event: ======'achievement_wizard2_changed_state'====== Args={'restore': False, 'state': 'disabled', 'selected': False}
2026-04-23 20:38:09,881 : INFO : EventManager : Event: ======'achievement_wizard2_state_disabled'====== Args={'restore': False, 'state': 'disabled', 'selected': False}
2026-04-23 20:38:09,882 : INFO : EventManager : Event: ======'achievement_wizard3_changed_state'====== Args={'restore': False, 'state': 'disabled', 'selected': False}
2026-04-23 20:38:09,882 : INFO : EventManager : Event: ======'achievement_wizard3_state_disabled'====== Args={'restore': False, 'state': 'disabled', 'selected': False}
2026-04-23 20:38:09,882 : INFO : EventManager : Event: ======'achievement_intergalactic_mode_changed_state'====== Args={'restore': False, 'state': 'enabled', 'selected': False}
2026-04-23 20:38:09,882 : INFO : EventManager : Event: ======'achievement_intergalactic_mode_state_enabled'====== Args={'restore': False, 'state': 'enabled', 'selected': False}
2026-04-23 20:38:09,883 : INFO : EventManager : Event: ======'achievement_paulrevere_mode_changed_state'====== Args={'restore': False, 'state': 'enabled', 'selected': False}
2026-04-23 20:38:09,883 : INFO : EventManager : Event: ======'achievement_paulrevere_mode_state_enabled'====== Args={'restore': False, 'state': 'enabled', 'selected': False}
2026-04-23 20:38:09,883 : INFO : EventManager : Event: ======'achievement_tripletrouble_mode_changed_state'====== Args={'restore': False, 'state': 'enabled', 'selected': False}
2026-04-23 20:38:09,883 : INFO : EventManager : Event: ======'achievement_tripletrouble_mode_state_enabled'====== Args={'restore': False, 'state': 'enabled', 'selected': False}
2026-04-23 20:38:09,883 : INFO : EventManager : Event: ======'achievement_sabotage_mode_changed_state'====== Args={'restore': False, 'state': 'enabled', 'selected': False}
2026-04-23 20:38:09,884 : INFO : EventManager : Event: ======'achievement_sabotage_mode_state_enabled'====== Args={'restore': False, 'state': 'enabled', 'selected': False}
2026-04-23 20:38:09,884 : INFO : EventManager : Event: ======'achievement_fingerlickingood_mode_changed_state'====== Args={'restore': False, 'state': 'enabled', 'selected': False}
2026-04-23 20:38:09,884 : INFO : EventManager : Event: ======'achievement_fingerlickingood_mode_state_enabled'====== Args={'restore': False, 'state': 'enabled', 'selected': False}
2026-04-23 20:38:09,884 : INFO : EventManager : Event: ======'achievement_toomanyrappers_mode_changed_state'====== Args={'restore': False, 'state': 'enabled', 'selected': False}
2026-04-23 20:38:09,884 : INFO : EventManager : Event: ======'achievement_toomanyrappers_mode_state_enabled'====== Args={'restore': False, 'state': 'enabled', 'selected': False}
2026-04-23 20:38:09,885 : INFO : EventManager : Event: ======'achievement_threemcsand1dj_mode_changed_state'====== Args={'restore': False, 'state': 'enabled', 'selected': False}
2026-04-23 20:38:09,885 : INFO : EventManager : Event: ======'achievement_threemcsand1dj_mode_state_enabled'====== Args={'restore': False, 'state': 'enabled', 'selected': False}
2026-04-23 20:38:09,885 : INFO : EventManager : Event: ======'achievement_highplainsdrifter_mode_changed_state'====== Args={'restore': False, 'state': 'enabled', 'selected': False}
2026-04-23 20:38:09,885 : INFO : EventManager : Event: ======'achievement_highplainsdrifter_mode_state_enabled'====== Args={'restore': False, 'state': 'enabled', 'selected': False}
2026-04-23 20:38:09,885 : INFO : EventManager : Event: ======'achievement_chcheckitout_multiball_changed_state'====== Args={'restore': False, 'state': 'enabled', 'selected': False}
2026-04-23 20:38:09,885 : INFO : EventManager : Event: ======'achievement_chcheckitout_multiball_state_enabled'====== Args={'restore': False, 'state': 'enabled', 'selected': False}
2026-04-23 20:38:09,886 : INFO : EventManager : Event: ======'achievement_bodymovin_multiball_changed_state'====== Args={'restore': False, 'state': 'enabled', 'selected': False}
2026-04-23 20:38:09,886 : INFO : EventManager : Event: ======'achievement_bodymovin_multiball_state_enabled'====== Args={'restore': False, 'state': 'enabled', 'selected': False}
2026-04-23 20:38:09,886 : INFO : EventManager : Event: ======'achievement_superpops_super_mode_changed_state'====== Args={'restore': False, 'state': 'enabled', 'selected': False}
2026-04-23 20:38:09,886 : INFO : EventManager : Event: ======'achievement_superpops_super_mode_state_enabled'====== Args={'restore': False, 'state': 'enabled', 'selected': False}
2026-04-23 20:38:09,886 : INFO : EventManager : Event: ======'achievement_superdrops_super_mode_changed_state'====== Args={'restore': False, 'state': 'enabled', 'selected': False}
2026-04-23 20:38:09,887 : INFO : EventManager : Event: ======'achievement_superdrops_super_mode_state_enabled'====== Args={'restore': False, 'state': 'enabled', 'selected': False}
2026-04-23 20:38:09,887 : INFO : EventManager : Event: ======'achievement_superspins_super_mode_changed_state'====== Args={'restore': False, 'state': 'enabled', 'selected': False}
2026-04-23 20:38:09,887 : INFO : EventManager : Event: ======'achievement_superspins_super_mode_state_enabled'====== Args={'restore': False, 'state': 'enabled', 'selected': False}
2026-04-23 20:38:09,887 : INFO : EventManager : Event: ======'achievement_superstandups_super_mode_changed_state'====== Args={'restore': False, 'state': 'enabled', 'selected': False}
2026-04-23 20:38:09,887 : INFO : EventManager : Event: ======'achievement_superstandups_super_mode_state_enabled'====== Args={'restore': False, 'state': 'enabled', 'selected': False}
2026-04-23 20:38:09,888 : INFO : EventManager : Event: ======'achievement_supercombos_super_mode_changed_state'====== Args={'restore': False, 'state': 'enabled', 'selected': False}
2026-04-23 20:38:09,888 : INFO : EventManager : Event: ======'achievement_supercombos_super_mode_state_enabled'====== Args={'restore': False, 'state': 'enabled', 'selected': False}
2026-04-23 20:38:09,888 : INFO : EventManager : Event: ======'achievement_girls_frenzy_changed_state'====== Args={'restore': False, 'state': 'disabled', 'selected': False}
2026-04-23 20:38:09,888 : INFO : EventManager : Event: ======'achievement_girls_frenzy_state_disabled'====== Args={'restore': False, 'state': 'disabled', 'selected': False}
2026-04-23 20:38:09,888 : INFO : EventManager : Event: ======'achievement_makesomenoise_mode_changed_state'====== Args={'restore': False, 'state': 'enabled', 'selected': False}
2026-04-23 20:38:09,888 : INFO : EventManager : Event: ======'achievement_makesomenoise_mode_state_enabled'====== Args={'restore': False, 'state': 'enabled', 'selected': False}
2026-04-23 20:38:09,889 : INFO : EventManager : Event: ======'achievement_sureshot_mode_changed_state'====== Args={'restore': False, 'state': 'enabled', 'selected': False}
2026-04-23 20:38:09,889 : INFO : EventManager : Event: ======'achievement_sureshot_mode_state_enabled'====== Args={'restore': False, 'state': 'enabled', 'selected': False}
2026-04-23 20:38:09,889 : INFO : EventManager : Event: ======'achievement_bodhisattvavow_mode_changed_state'====== Args={'restore': False, 'state': 'enabled', 'selected': False}
2026-04-23 20:38:09,889 : INFO : EventManager : Event: ======'achievement_bodhisattvavow_mode_state_enabled'====== Args={'restore': False, 'state': 'enabled', 'selected': False}
2026-04-23 20:38:09,901 : INFO : EventManager : Unordered handler for class <Auditor> on event game_ended with priority 1. Handlers: [RegisteredHandler(callback=<bound method Auditor.disable of <Auditor>>, priority=1, kwargs={}, key=UUID('4fd1b18f-b548-42a6-abdb-64dee204cec9'), condition=None, blocking_facility=None), RegisteredHandler(callback=<bound method Auditor._save_audits of <Auditor>>, priority=1, kwargs={}, key=UUID('8fc527dd-6fb9-497d-9e99-3e1c3f93a735'), condition=None, blocking_facility=None)]. The order of those handlers is not defined and they will be executed in random order. This might lead to race conditions and potential bugs.
2026-04-23 20:38:09,963 : INFO : EventManager : Event: ======'mode_base_starting'====== Args={'queue': <QueuedEvent>, 'player': 1, 'ball': 1, 'balls_remaining': 2, 'is_extra_ball': False}
2026-04-23 20:38:09,964 : INFO : drop_target_bank.three_bank : All targets are already up. Will not reset bank.
2026-04-23 20:38:09,966 : INFO : EventManager : Event: ======'balls_in_play'====== Args={'balls': 1}
2026-04-23 20:38:09,966 : INFO : EventManager : Event: ======'ball_started'====== Args={'player': 1, 'ball': 1, 'balls_remaining': 2, 'is_extra_ball': False}
2026-04-23 20:38:09,968 : INFO : EventManager : Event: ======'logicblock_battery_charged_status_updated'====== Args={'value': 20, 'enabled': False}
2026-04-23 20:38:09,968 : INFO : Mode.batterycharger : Started. Priority: 200
2026-04-23 20:38:09,968 : INFO : EventManager : Event: ======'modes_active_modes_changed'====== Args={}
2026-04-23 20:38:09,969 : INFO : EventManager : Event: ======'mode_batterycharger_started'====== Args={'queue': <QueuedEvent>, 'player': 1, 'ball': 1, 'balls_remaining': 2, 'is_extra_ball': False}
2026-04-23 20:38:09,970 : INFO : EventManager : Event: ======'logicblock_completed_modes_count_updated'====== Args={'value': 0, 'enabled': True}
2026-04-23 20:38:09,970 : INFO : EventManager : Event: ======'logicblock_played_modes_count_updated'====== Args={'value': 0, 'enabled': True}
2026-04-23 20:38:09,970 : INFO : EventManager : Event: ======'logicblock_combos_count_updated'====== Args={'value': 0, 'enabled': True}
2026-04-23 20:38:09,971 : INFO : EventManager : Event: ======'logicblock_superpops_counter_updated'====== Args={'value': 0, 'enabled': True}
2026-04-23 20:38:09,971 : INFO : EventManager : Event: ======'logicblock_superdrops_counter_updated'====== Args={'value': 0, 'enabled': True}
2026-04-23 20:38:09,971 : INFO : EventManager : Event: ======'logicblock_superstandups_counter_updated'====== Args={'value': 0, 'enabled': True}
2026-04-23 20:38:09,972 : INFO : EventManager : Event: ======'logicblock_superspins_counter_updated'====== Args={'value': 0, 'enabled': True}
2026-04-23 20:38:09,972 : INFO : EventManager : Event: ======'logicblock_supercombos_counter_updated'====== Args={'value': 0, 'enabled': True}
2026-04-23 20:38:09,972 : INFO : EventManager : Event: ======'logicblock_super_modes_played_counter_updated'====== Args={'value': 0, 'enabled': True}
2026-04-23 20:38:09,972 : INFO : EventManager : Event: ======'logicblock_playing_all_modes_updated'====== Args={'value': [False, False, False, False, False, False, False, False], 'enabled': True}
2026-04-23 20:38:09,973 : INFO : EventManager : Event: ======'logicblock_qualify_chcheckitout_multiball_updated'====== Args={'value': 0, 'enabled': False}
2026-04-23 20:38:09,973 : INFO : EventManager : Event: ======'logicblock_chcheckitout_multiball_ready_updated'====== Args={'value': 0, 'enabled': False}
2026-04-23 20:38:09,973 : INFO : EventManager : Event: ======'logicblock_enable_bodymovin_lock_1_updated'====== Args={'value': 0, 'enabled': False}
2026-04-23 20:38:09,973 : INFO : EventManager : Event: ======'logicblock_bodymovin_lock_1_updated'====== Args={'value': 0, 'enabled': False}
2026-04-23 20:38:09,973 : INFO : EventManager : Event: ======'logicblock_enable_bodymovin_lock_2_updated'====== Args={'value': 0, 'enabled': False}
2026-04-23 20:38:09,974 : INFO : EventManager : Event: ======'logicblock_bodymovin_lock_2_updated'====== Args={'value': 0, 'enabled': False}
2026-04-23 20:38:09,974 : INFO : EventManager : Event: ======'logicblock_enable_bodymovin_lock_3_updated'====== Args={'value': 0, 'enabled': False}
2026-04-23 20:38:09,974 : INFO : EventManager : Event: ======'logicblock_bodymovin_multiball_ready_updated'====== Args={'value': 0, 'enabled': False}
2026-04-23 20:38:09,974 : INFO : EventManager : Event: ======'logicblock_drop_target_bank_counter_updated'====== Args={'value': 0, 'enabled': False}
2026-04-23 20:38:09,974 : INFO : EventManager : Event: ======'logicblock_completed_modes_count_updated'====== Args={'value': 0, 'enabled': True}
2026-04-23 20:38:09,974 : INFO : EventManager : Event: ======'logicblock_played_modes_count_updated'====== Args={'value': 0, 'enabled': True}
2026-04-23 20:38:09,975 : INFO : EventManager : Event: ======'logicblock_combos_count_updated'====== Args={'value': 0, 'enabled': True}
2026-04-23 20:38:09,975 : INFO : EventManager : Event: ======'logicblock_superpops_counter_updated'====== Args={'value': 0, 'enabled': True}
2026-04-23 20:38:09,975 : INFO : EventManager : Event: ======'logicblock_superdrops_counter_updated'====== Args={'value': 0, 'enabled': True}
2026-04-23 20:38:09,975 : INFO : EventManager : Event: ======'logicblock_superstandups_counter_updated'====== Args={'value': 0, 'enabled': True}
2026-04-23 20:38:09,975 : INFO : EventManager : Event: ======'logicblock_superspins_counter_updated'====== Args={'value': 0, 'enabled': True}
2026-04-23 20:38:09,976 : INFO : EventManager : Event: ======'logicblock_supercombos_counter_updated'====== Args={'value': 0, 'enabled': True}
2026-04-23 20:38:09,976 : INFO : EventManager : Event: ======'logicblock_super_modes_played_counter_updated'====== Args={'value': 0, 'enabled': True}
2026-04-23 20:38:09,976 : INFO : EventManager : Event: ======'logicblock_playing_all_modes_updated'====== Args={'value': [False, False, False, False, False, False, False, False], 'enabled': True}
2026-04-23 20:38:09,976 : INFO : Mode.base : Started. Priority: 100
2026-04-23 20:38:09,977 : INFO : EventManager : Event: ======'modes_active_modes_changed'====== Args={}
2026-04-23 20:38:09,977 : INFO : EventManager : Event: ======'mode_base_started'====== Args={'queue': <QueuedEvent>, 'player': 1, 'ball': 1, 'balls_remaining': 2, 'is_extra_ball': False}
2026-04-23 20:38:09,978 : INFO : EventManager : Event: ======'mode_combos_will_start'====== Args={'player': 1, 'ball': 1, 'balls_remaining': 2, 'is_extra_ball': False}
2026-04-23 20:38:09,993 : INFO : EventManager : Event: ======'mode_combos_starting'====== Args={'player': 1, 'ball': 1, 'balls_remaining': 2, 'is_extra_ball': False}
2026-04-23 20:38:09,993 : INFO : EventManager : Event: ======'mode_skill_shot_will_start'====== Args={'player': 1, 'ball': 1, 'balls_remaining': 2, 'is_extra_ball': False}
2026-04-23 20:38:09,994 : INFO : EventManager : Event: ======'player_shot_skillshot_side_targets_enabled'====== Args={'value': True, 'prev_value': 0, 'change': 1, 'player_num': 1}
2026-04-23 20:38:09,995 : INFO : EventManager : Event: ======'player_shot_skillshot_hideout_plunge_enabled'====== Args={'value': True, 'prev_value': 0, 'change': 1, 'player_num': 1}
2026-04-23 20:38:09,996 : INFO : EventManager : Event: ======'player_shot_skillshot_super_enabled'====== Args={'value': True, 'prev_value': 0, 'change': 1, 'player_num': 1}
2026-04-23 20:38:09,997 : INFO : EventManager : Event: ======'player_shot_skillshot_left_outlane_enabled'====== Args={'value': True, 'prev_value': 0, 'change': 1, 'player_num': 1}
2026-04-23 20:38:09,998 : INFO : EventManager : Event: ======'player_shot_skillshot_drop_targets_enabled'====== Args={'value': True, 'prev_value': 0, 'change': 1, 'player_num': 1}
2026-04-23 20:38:09,998 : INFO : EventManager : Event: ======'player_shot_skillshot_lower_pop_enabled'====== Args={'value': True, 'prev_value': 0, 'change': 1, 'player_num': 1}
2026-04-23 20:38:09,999 : INFO : EventManager : Event: ======'skillshot_complete'====== Args={'state': 'off'}
2026-04-23 20:38:09,999 : INFO : EventManager : Event: ======'skillshot_off_complete'====== Args={}
2026-04-23 20:38:10,001 : INFO : EventManager : Event: ======'player_skill_shot_skill_shot_timeout_tick'====== Args={'value': 0, 'prev_value': 0, 'change': 0, 'player_num': 1}
2026-04-23 20:38:10,002 : INFO : EventManager : Unordered handler for class <timer.skill_shot_timeout> on event ball_starting with priority 1. Handlers: [RegisteredHandler(callback=<bound method Timer.reset of <timer.skill_shot_timeout>>, priority=1, kwargs={}, key=UUID('85753409-b04d-46b3-be45-cfd9afbac7ab'), condition=None, blocking_facility=None), RegisteredHandler(callback=<bound method Timer.pause of <timer.skill_shot_timeout>>, priority=1, kwargs={'timer_value': None}, key=UUID('e49dcdf5-11be-461f-8b26-c6b04adcd3aa'), condition=None, blocking_facility=None)]. The order of those handlers is not defined and they will be executed in random order. This might lead to race conditions and potential bugs.
2026-04-23 20:38:10,008 : INFO : EventManager : Event: ======'mode_skill_shot_starting'====== Args={'player': 1, 'ball': 1, 'balls_remaining': 2, 'is_extra_ball': False}
2026-04-23 20:38:10,008 : INFO : EventManager : Event: ======'logicblock_battery_charged_status_updated'====== Args={'value': 20, 'enabled': False}
2026-04-23 20:38:10,009 : INFO : EventManager : Event: ======'logicblock_battery_charged_status_updated'====== Args={'value': 20, 'enabled': True}
2026-04-23 20:38:10,010 : INFO : EventManager : Event: ======'logicblock_drop_target_bank_counter_updated'====== Args={'value': 0, 'enabled': True}
2026-04-23 20:38:10,010 : INFO : EventManager : Event: ======'logicblock_combos_count_updated'====== Args={'value': 0, 'enabled': True}
2026-04-23 20:38:10,011 : INFO : EventManager : Event: ======'logicblock_combos_count_updated'====== Args={'value': 0, 'enabled': True}
2026-04-23 20:38:10,011 : INFO : EventManager : Event: ======'logicblock_superpops_counter_updated'====== Args={'value': 0, 'enabled': True}
2026-04-23 20:38:10,011 : INFO : EventManager : Event: ======'logicblock_superpops_counter_updated'====== Args={'value': 0, 'enabled': True}
2026-04-23 20:38:10,011 : INFO : EventManager : Event: ======'logicblock_superdrops_counter_updated'====== Args={'value': 0, 'enabled': True}
2026-04-23 20:38:10,011 : INFO : EventManager : Event: ======'logicblock_superdrops_counter_updated'====== Args={'value': 0, 'enabled': True}
2026-04-23 20:38:10,011 : INFO : EventManager : Event: ======'logicblock_superstandups_counter_updated'====== Args={'value': 0, 'enabled': True}
2026-04-23 20:38:10,011 : INFO : EventManager : Event: ======'logicblock_superstandups_counter_updated'====== Args={'value': 0, 'enabled': True}
2026-04-23 20:38:10,011 : INFO : EventManager : Event: ======'logicblock_superspins_counter_updated'====== Args={'value': 0, 'enabled': True}
2026-04-23 20:38:10,011 : INFO : EventManager : Event: ======'logicblock_superspins_counter_updated'====== Args={'value': 0, 'enabled': True}
2026-04-23 20:38:10,011 : INFO : EventManager : Event: ======'logicblock_supercombos_counter_updated'====== Args={'value': 0, 'enabled': True}
2026-04-23 20:38:10,012 : INFO : EventManager : Event: ======'logicblock_supercombos_counter_updated'====== Args={'value': 0, 'enabled': True}
2026-04-23 20:38:10,012 : INFO : EventManager : Event: ======'logicblock_super_modes_played_counter_updated'====== Args={'value': 0, 'enabled': True}
2026-04-23 20:38:10,012 : INFO : EventManager : Event: ======'logicblock_super_modes_played_counter_updated'====== Args={'value': 0, 'enabled': True}
2026-04-23 20:38:10,012 : INFO : EventManager : Event: ======'logicblock_qualify_chcheckitout_multiball_updated'====== Args={'value': 0, 'enabled': False}
2026-04-23 20:38:10,012 : INFO : EventManager : Event: ======'logicblock_qualify_chcheckitout_multiball_updated'====== Args={'value': 0, 'enabled': True}
2026-04-23 20:38:10,012 : INFO : EventManager : Event: ======'logicblock_enable_bodymovin_lock_2_updated'====== Args={'value': 0, 'enabled': False}
2026-04-23 20:38:10,012 : INFO : EventManager : Event: ======'logicblock_enable_bodymovin_lock_2_updated'====== Args={'value': 0, 'enabled': True}
2026-04-23 20:38:10,013 : INFO : EventManager : Event: ======'battery_charged'====== Args={'priority': 0}
2026-04-23 20:38:10,013 : INFO : EventManager : Event: ======'logicblock_drop_target_bank_counter_updated'====== Args={'value': 1, 'enabled': True}
2026-04-23 20:38:10,014 : INFO : EventManager : Event: ======'diverter_up_post_enabling'====== Args={'auto': False}
2026-04-23 20:38:10,015 : INFO : EventManager : Event: ======'player_charges_remaining_variable'====== Args={'value': 20, 'prev_value': 0, 'change': 20, 'player_num': 1, 'source': 'batterycharger'}
2026-04-23 20:38:10,015 : INFO : EventManager : Event: ======'mode_carousel_will_start'====== Args={'priority': 0}
2026-04-23 20:38:10,020 : INFO : EventManager : Event: ======'mode_carousel_starting'====== Args={'priority': 0}
2026-04-23 20:38:10,021 : INFO : EventManager : Event: ======'player_battery_charged_yesorno'====== Args={'value': 1, 'prev_value': 0, 'change': 1, 'player_num': 1, 'source': 'base'}
2026-04-23 20:38:10,022 : INFO : EventManager : Event: ======'logicblock_battery_charged_status_updated'====== Args={'value': 0, 'enabled': True}
2026-04-23 20:38:10,022 : INFO : EventManager : Event: ======'battery_charged'====== Args={}
2026-04-23 20:38:10,023 : INFO : EventManager : Event: ======'logicblock_battery_charged_status_updated'====== Args={'value': 0, 'enabled': False}
2026-04-23 20:38:10,023 : INFO : EventManager : Event: ======'player_charges_remaining_variable'====== Args={'value': 0, 'prev_value': 20, 'change': -20, 'player_num': 1, 'source': 'batterycharger'}
2026-04-23 20:38:10,024 : INFO : EventManager : Event: ======'mode_multiball_will_start'====== Args={'queue': <QueuedEvent>, 'player': 1, 'ball': 1, 'balls_remaining': 2, 'is_extra_ball': False}
2026-04-23 20:38:10,027 : INFO : EventManager : Event: ======'mode_multiball_starting'====== Args={'queue': <QueuedEvent>, 'player': 1, 'ball': 1, 'balls_remaining': 2, 'is_extra_ball': False}
2026-04-23 20:38:10,029 : INFO : EventManager : Event: ======'ball_save_default_enabled'====== Args={}
2026-04-23 20:38:10,030 : INFO : Mode.multiball : Started. Priority: 1000
2026-04-23 20:38:10,030 : INFO : EventManager : Event: ======'modes_active_modes_changed'====== Args={}
2026-04-23 20:38:10,030 : INFO : EventManager : Event: ======'mode_multiball_started'====== Args={'queue': <QueuedEvent>, 'player': 1, 'ball': 1, 'balls_remaining': 2, 'is_extra_ball': False}
2026-04-23 20:38:10,030 : INFO : Mode.carousel : Started. Priority: 200
2026-04-23 20:38:10,030 : INFO : EventManager : Event: ======'modes_active_modes_changed'====== Args={}
2026-04-23 20:38:10,030 : INFO : EventManager : Event: ======'mode_carousel_started'====== Args={'priority': 0}
2026-04-23 20:38:10,031 : INFO : blinkenlight.bl_scoop_arrow_led : Color (0, 0, 255) with key carousel added
2026-04-23 20:38:10,032 : INFO : EventManager : Event: ======'carousel_item_highlighted'====== Args={'carousel': 'carousel', 'direction': None, 'item': 'intergalactic'}
2026-04-23 20:38:10,034 : INFO : Mode.skill_shot : Started. Priority: 500
2026-04-23 20:38:10,034 : INFO : EventManager : Event: ======'modes_active_modes_changed'====== Args={}
2026-04-23 20:38:10,034 : INFO : EventManager : Event: ======'mode_skill_shot_started'====== Args={'player': 1, 'ball': 1, 'balls_remaining': 2, 'is_extra_ball': False}
2026-04-23 20:38:10,034 : INFO : EventManager : Event: ======'advance_skill_left_outlane'====== Args={'player': 1, 'ball': 1, 'balls_remaining': 2, 'is_extra_ball': False}
2026-04-23 20:38:10,035 : INFO : EventManager : Event: ======'player_shot_skillshot_left_outlane'====== Args={'value': 1, 'prev_value': 0, 'change': 1, 'player_num': 1}
2026-04-23 20:38:10,036 : INFO : Mode.combos : Started. Priority: 2000
2026-04-23 20:38:10,036 : INFO : EventManager : Event: ======'modes_active_modes_changed'====== Args={}
2026-04-23 20:38:10,036 : INFO : EventManager : Event: ======'mode_combos_started'====== Args={'player': 1, 'ball': 1, 'balls_remaining': 2, 'is_extra_ball': False}
2026-04-23 20:38:10,043 : INFO : EventManager : Event: ======'single_player_ball_started'====== Args={}
2026-04-23 20:38:10,045 : INFO : EventManager : Event: ======'ball_start_target'====== Args={'target': 'playfield'}
2026-04-23 20:38:10,046 : INFO : ball_device.bd_plunger : Setting up player-controlled eject. Balls: 1, Target: <playfield.playfield>, player_controlled_eject_event: None
2026-04-23 20:38:10,046 : INFO : EventManager : Event: ======'balldevice_balls_available'====== Args={}
2026-04-23 20:38:10,048 : INFO : ball_device.bd_trough : State: waiting_for_target_ready
2026-04-23 20:38:10,048 : INFO : EventManager : Event: ======'balldevice_bd_trough_ball_eject_attempt'====== Args={'balls': 1, 'target': <ball_device.bd_plunger>, 'source': <ball_device.bd_trough>, 'mechanical_eject': True, 'num_attempts': 0}
2026-04-23 20:38:10,049 : INFO : ball_device.bd_plunger : State: waiting_for_ball
2026-04-23 20:38:10,050 : INFO : ball_device.bd_trough : State: ejecting
2026-04-23 20:38:10,050 : INFO : ball_device.bd_trough : Ejecting ball to <ball_device.bd_plunger>
2026-04-23 20:38:10,051 : INFO : EventManager : Event: ======'balldevice_bd_trough_ejecting_ball'====== Args={'balls': 1, 'target': <ball_device.bd_plunger>, 'source': <ball_device.bd_trough>, 'mechanical_eject': True, 'num_attempts': 0}
2026-04-23 20:38:10,052 : INFO : ball_device.bd_trough : Wait for ball to leave device
2026-04-23 20:38:10,052 : INFO : coil.c_trough_eject : Pulsing Driver for 15ms (1.0 pulse_power)
2026-04-23 20:38:10,053 : INFO : SwitchController : <<<<<<< 's_trough1' inactive >>>>>>>
2026-04-23 20:38:10,054 : INFO : ball_device.bd_trough : State: ball_left
2026-04-23 20:38:10,054 : INFO : ball_device.bd_trough : Ball left
2026-04-23 20:38:10,054 : INFO : ball_device.bd_trough : Wait for confirm with timeout 3.0
2026-04-23 20:38:10,060 : INFO : EventManager : Event: ======'slide_base_created'====== Args={'_from_bcp': True}
2026-04-23 20:38:10,062 : INFO : EventManager : Event: ======'play_base_video4'====== Args={'_from_bcp': True}
2026-04-23 20:38:10,166 : INFO : SwitchController : <<<<<<< 's_plunger' active >>>>>>>
2026-04-23 20:38:10,166 : INFO : EventManager : Event: ======'machine_var_audits_switches_s_plunger'====== Args={'value': 136, 'prev_value': 135, 'change': 1}
2026-04-23 20:38:10,228 : INFO : EventManager : Event: ======'slide_score_overlay_created'====== Args={'_from_bcp': True}
2026-04-23 20:38:10,450 : INFO : EventManager : Event: ======'slide_super_circles_created'====== Args={'_from_bcp': True}
2026-04-23 20:38:10,451 : INFO : EventManager : Event: ======'slide_attract_load_inactive'====== Args={'is_removing': True, '_from_bcp': True}
2026-04-23 20:38:10,452 : INFO : EventManager : Event: ======'slide_super_circles_active'====== Args={'original_context': 'base', 'original_calling_context': 'mode_base_started', 'priority': 100.0, 'queue': '<QueuedEvent>', 'player': 1.0, 'ball': 1.0, 'balls_remaining': 2.0, 'is_extra_ball': False, 'cmd': 'slides_play', '_from_bcp': True}
2026-04-23 20:38:10,458 : INFO : EventManager : Event: ======'slide_attract_load_removed'====== Args={'_from_bcp': True}
2026-04-23 20:38:10,602 : INFO : EventManager : Event: ======'slide_current_mode_highlighted_created'====== Args={'_from_bcp': True}
2026-04-23 20:38:10,603 : INFO : EventManager : Event: ======'random_mode_picker_sabotage'====== Args={'_from_bcp': True}
2026-04-23 20:38:10,604 : INFO : EventManager : Event: ======'carousel_advance'====== Args={'priority': 0}
2026-04-23 20:38:10,604 : INFO : EventManager : Event: ======'carousel_advance_2'====== Args={'priority': 0}
2026-04-23 20:38:10,604 : INFO : EventManager : Event: ======'carousel_advance_3'====== Args={'priority': 0}
2026-04-23 20:38:10,605 : INFO : EventManager : Event: ======'carousel_item_highlighted'====== Args={'carousel': 'carousel', 'direction': 'forwards', 'item': 'paulrevere'}
2026-04-23 20:38:10,608 : INFO : EventManager : Event: ======'carousel_item_highlighted'====== Args={'carousel': 'carousel', 'direction': 'forwards', 'item': 'tripletrouble'}
2026-04-23 20:38:10,610 : INFO : EventManager : Event: ======'carousel_item_highlighted'====== Args={'carousel': 'carousel', 'direction': 'forwards', 'item': 'sabotage'}
2026-04-23 20:38:10,623 : INFO : EventManager : Event: ======'slide_skillshot_overlay_leftoutlane_created'====== Args={'_from_bcp': True}
2026-04-23 20:38:10,624 : INFO : EventManager : Event: ======'slide_super_circles_inactive'====== Args={'is_removing': False, '_from_bcp': True}
2026-04-23 20:38:10,625 : INFO : EventManager : Event: ======'slide_skillshot_overlay_leftoutlane_active'====== Args={'original_context': 'skill_shot', 'original_calling_context': 'player_shot_skillshot_left_outlane{device.shots.skillshot_left_outlane.state==1}', 'priority': 500.0, 'value': 1.0, 'prev_value': 0.0, 'change': 1.0, 'player_num': 1.0, 'cmd': 'slides_play', '_from_bcp': True}
2026-04-23 20:38:10,653 : INFO : EventManager : Event: ======'widget_player_1_billboard_active_active'====== Args={'original_context': 'base', 'original_calling_context': 'single_player_ball_started', 'priority': 100.0, 'cmd': 'widgets_play', '_from_bcp': True}
2026-04-23 20:38:10,664 : INFO : EventManager : Event: ======'slide_basevideo4_created'====== Args={'_from_bcp': True}
2026-04-23 20:38:10,667 : INFO : ball_device.bd_plunger : Received ball from <ball_device.bd_trough>
2026-04-23 20:38:10,667 : INFO : EventManager : Event: ======'balldevice_bd_plunger_ball_enter'====== Args={'new_balls': 1, 'unclaimed_balls': 0, 'new_available_balls': 0, 'device': <ball_device.bd_plunger>}
2026-04-23 20:38:10,669 : INFO : EventManager : Event: ======'balldevice_bd_plunger_ball_entered'====== Args={'new_balls': 0, 'device': <ball_device.bd_plunger>}
2026-04-23 20:38:10,670 : INFO : EventManager : Event: ======'balldevice_bd_plunger_ball_count_changed'====== Args={'balls': 1}
2026-04-23 20:38:10,670 : INFO : ball_device.bd_trough : Got eject confirm
2026-04-23 20:38:10,670 : INFO : ball_device.bd_trough : Eject successful
2026-04-23 20:38:10,671 : INFO : EventManager : Event: ======'balldevice_bd_trough_ball_eject_success'====== Args={'balls': 1, 'target': <ball_device.bd_plunger>}
2026-04-23 20:38:10,672 : INFO : EventManager : Event: ======'balldevice_bd_trough_ball_count_changed'====== Args={'balls': 5}
2026-04-23 20:38:10,672 : INFO : ball_device.bd_trough : State: idle
2026-04-23 20:38:10,673 : INFO : ball_device.bd_plunger : State: waiting_for_target_ready
2026-04-23 20:38:10,673 : INFO : EventManager : Event: ======'balldevice_bd_plunger_ball_eject_attempt'====== Args={'balls': 1, 'target': <playfield.playfield>, 'source': <ball_device.bd_plunger>, 'mechanical_eject': True, 'num_attempts': 0}
2026-04-23 20:38:10,675 : INFO : ball_device.bd_plunger : State: ejecting
2026-04-23 20:38:10,675 : INFO : ball_device.bd_plunger : Ejecting ball to <playfield.playfield>
2026-04-23 20:38:10,675 : INFO : EventManager : Event: ======'balldevice_bd_plunger_ejecting_ball'====== Args={'balls': 1, 'target': <playfield.playfield>, 'source': <ball_device.bd_plunger>, 'mechanical_eject': True, 'num_attempts': 0}
2026-04-23 20:38:10,677 : INFO : ball_device.bd_plunger : Wait for ball to leave device
2026-04-23 20:38:11,067 : INFO : SwitchController : <<<<<<< 's_plunger' inactive >>>>>>>
2026-04-23 20:38:11,067 : INFO : EventManager : Event: ======'ball_out'====== Args={}
2026-04-23 20:38:11,068 : INFO : EventManager : Event: ======'ball_save_default_timer_start'====== Args={}
2026-04-23 20:38:11,069 : INFO : ball_device.bd_plunger : State: ball_left
2026-04-23 20:38:11,069 : INFO : ball_device.bd_plunger : Ball left
2026-04-23 20:38:11,070 : INFO : ball_device.bd_plunger : Wait for confirm with timeout 3.0
2026-04-23 20:38:11,463 : INFO : SwitchController : <<<<<<< 's_right_lower_pop' active >>>>>>>
2026-04-23 20:38:11,464 : INFO : EventManager : Event: ======'playfield_active'====== Args={'source': 'skillshot_lower_pop'}
2026-04-23 20:38:11,464 : INFO : EventManager : Event: ======'playfield_active'====== Args={'source': 'pop3'}
2026-04-23 20:38:11,464 : INFO : EventManager : Event: ======'s_right_lower_pop_active'====== Args={}
2026-04-23 20:38:11,464 : INFO : EventManager : Event: ======'machine_var_audits_switches_s_right_lower_pop'====== Args={'value': 259, 'prev_value': 258, 'change': 1}
2026-04-23 20:38:11,466 : INFO : EventManager : Event: ======'player_shot_skillshot_lower_pop'====== Args={'value': 1, 'prev_value': 0, 'change': 1, 'player_num': 1}
2026-04-23 20:38:11,467 : INFO : EventManager : Event: ======'machine_var_audits_shots_skillshot_lower_pop'====== Args={'value': 61, 'prev_value': 60, 'change': 1}
2026-04-23 20:38:11,468 : INFO : EventManager : Event: ======'skillshot_lower_pop_hit'====== Args={'profile': 'skill_shot_profile', 'state': 'off', 'advancing': True}
2026-04-23 20:38:11,468 : INFO : EventManager : Event: ======'skillshot_lower_pop_skill_shot_profile_hit'====== Args={'profile': 'skill_shot_profile', 'state': 'off', 'advancing': True}
2026-04-23 20:38:11,468 : INFO : EventManager : Event: ======'skillshot_lower_pop_skill_shot_profile_off_hit'====== Args={'profile': 'skill_shot_profile', 'state': 'off', 'advancing': True}
2026-04-23 20:38:11,468 : INFO : EventManager : Event: ======'skillshot_lower_pop_off_hit'====== Args={'profile': 'skill_shot_profile', 'state': 'off', 'advancing': True}
2026-04-23 20:38:11,468 : INFO : EventManager : Event: ======'machine_var_audits_shots_pop3'====== Args={'value': 247, 'prev_value': 246, 'change': 1}
2026-04-23 20:38:11,469 : INFO : EventManager : Event: ======'pop3_hit'====== Args={'profile': 'base_shot_profile', 'state': 'off', 'advancing': False}
2026-04-23 20:38:11,469 : INFO : EventManager : Event: ======'pop3_base_shot_profile_hit'====== Args={'profile': 'base_shot_profile', 'state': 'off', 'advancing': False}
2026-04-23 20:38:11,469 : INFO : EventManager : Event: ======'pop3_base_shot_profile_off_hit'====== Args={'profile': 'base_shot_profile', 'state': 'off', 'advancing': False}
2026-04-23 20:38:11,469 : INFO : EventManager : Event: ======'pop3_off_hit'====== Args={'profile': 'base_shot_profile', 'state': 'off', 'advancing': False}
2026-04-23 20:38:11,469 : INFO : EventManager : Event: ======'skillshot_hit'====== Args={'shot': 'skillshot_lower_pop'}
2026-04-23 20:38:11,470 : INFO : EventManager : Event: ======'skillshot_off_hit'====== Args={'shot': 'skillshot_lower_pop'}
2026-04-23 20:38:11,470 : INFO : EventManager : Event: ======'mode_skill_shot_will_stop'====== Args={}
2026-04-23 20:38:11,470 : INFO : EventManager : Event: ======'mode_skill_shot_stopping'====== Args={}
2026-04-23 20:38:11,470 : INFO : EventManager : Event: ======'carousel_item_highlighted'====== Args={'carousel': 'carousel', 'direction': 'backwards', 'item': 'tripletrouble'}
2026-04-23 20:38:11,471 : INFO : EventManager : Event: ======'player_score'====== Args={'value': 1110, 'prev_value': 0, 'change': 1110, 'player_num': 1, 'source': 'base'}
2026-04-23 20:38:11,472 : INFO : Mode.skill_shot : Stopped.
2026-04-23 20:38:11,473 : INFO : EventManager : Event: ======'modes_active_modes_changed'====== Args={}
2026-04-23 20:38:11,473 : INFO : EventManager : Event: ======'mode_skill_shot_stopped'====== Args={}
2026-04-23 20:38:11,473 : INFO : EventManager : Event: ======'clear'====== Args={'key': 'skill_shot'}
2026-04-23 20:38:11,473 : INFO : EventManager : Event: ======'mode_instruments_will_start'====== Args={}
2026-04-23 20:38:11,473 : INFO : EventManager : Event: ======'instrument_drops_complete'====== Args={'state': 'off'}
2026-04-23 20:38:11,473 : INFO : EventManager : Event: ======'instrument_drops_off_complete'====== Args={}
2026-04-23 20:38:11,475 : INFO : EventManager : Event: ======'player_instruments_instrument_rotate_tick'====== Args={'value': 0, 'prev_value': 0, 'change': 0, 'player_num': 1}
2026-04-23 20:38:11,476 : INFO : EventManager : Event: ======'player_instruments_playfield_x_timer_tick'====== Args={'value': 30, 'prev_value': 0, 'change': 30, 'player_num': 1}
2026-04-23 20:38:11,476 : INFO : EventManager : Unordered handler for class <timer.playfield_x_timer> on event start_playfield_x_timer with priority 1. Handlers: [RegisteredHandler(callback=<bound method Timer.start of <timer.playfield_x_timer>>, priority=1, kwargs={}, key=UUID('7305d15e-e351-478a-a1d2-c9975d90a3ff'), condition=None, blocking_facility=None), RegisteredHandler(callback=<bound method Timer.restart of <timer.playfield_x_timer>>, priority=1, kwargs={}, key=UUID('f50d83e7-986d-4255-a711-96c66816452e'), condition=None, blocking_facility=None)]. The order of those handlers is not defined and they will be executed in random order. This might lead to race conditions and potential bugs.
2026-04-23 20:38:11,477 : INFO : EventManager : Unordered handler for class <timer.playfield_x_timer> on event ball_will_end with priority 1. Handlers: [RegisteredHandler(callback=<bound method Timer.pause of <timer.playfield_x_timer>>, priority=1, kwargs={'timer_value': None}, key=UUID('2662d6ff-6890-4f8f-b9a8-93998c42d451'), condition=None, blocking_facility=None), RegisteredHandler(callback=<bound method Timer.jump of <timer.playfield_x_timer>>, priority=1, kwargs={'timer_value': <NativeTemplate 30.0>}, key=UUID('496e1753-6f90-4e8f-b0d4-6e405053567e'), condition=None, blocking_facility=None)]. The order of those handlers is not defined and they will be executed in random order. This might lead to race conditions and potential bugs.
2026-04-23 20:38:11,477 : INFO : EventManager : Unordered handler for class <timer.playfield_x_timer> on event ball_will_end with priority 1. Handlers: [RegisteredHandler(callback=<bound method Timer.pause of <timer.playfield_x_timer>>, priority=1, kwargs={'timer_value': None}, key=UUID('2662d6ff-6890-4f8f-b9a8-93998c42d451'), condition=None, blocking_facility=None), RegisteredHandler(callback=<bound method Timer.jump of <timer.playfield_x_timer>>, priority=1, kwargs={'timer_value': <NativeTemplate 30.0>}, key=UUID('496e1753-6f90-4e8f-b0d4-6e405053567e'), condition=None, blocking_facility=None)]. The order of those handlers is not defined and they will be executed in random order. This might lead to race conditions and potential bugs.
2026-04-23 20:38:11,479 : INFO : EventManager : Unordered handler for class <timer.playfield_x_timer> on event start_playfield_x_timer with priority 1. Handlers: [RegisteredHandler(callback=<bound method Timer.start of <timer.playfield_x_timer>>, priority=1, kwargs={}, key=UUID('7305d15e-e351-478a-a1d2-c9975d90a3ff'), condition=None, blocking_facility=None), RegisteredHandler(callback=<bound method Timer.restart of <timer.playfield_x_timer>>, priority=1, kwargs={}, key=UUID('f50d83e7-986d-4255-a711-96c66816452e'), condition=None, blocking_facility=None)]. The order of those handlers is not defined and they will be executed in random order. This might lead to race conditions and potential bugs.
2026-04-23 20:38:11,479 : INFO : EventManager : Unordered handler for class <timer.playfield_x_timer> on event start_playfield_x_timer with priority 1. Handlers: [RegisteredHandler(callback=<bound method Timer.start of <timer.playfield_x_timer>>, priority=1, kwargs={}, key=UUID('7305d15e-e351-478a-a1d2-c9975d90a3ff'), condition=None, blocking_facility=None), RegisteredHandler(callback=<bound method Timer.restart of <timer.playfield_x_timer>>, priority=1, kwargs={}, key=UUID('f50d83e7-986d-4255-a711-96c66816452e'), condition=None, blocking_facility=None)]. The order of those handlers is not defined and they will be executed in random order. This might lead to race conditions and potential bugs.
2026-04-23 20:38:11,480 : INFO : EventManager : Unordered handler for class <timer.playfield_x_timer> on event start_playfield_x_timer with priority 1. Handlers: [RegisteredHandler(callback=<bound method Timer.start of <timer.playfield_x_timer>>, priority=1, kwargs={}, key=UUID('7305d15e-e351-478a-a1d2-c9975d90a3ff'), condition=None, blocking_facility=None), RegisteredHandler(callback=<bound method Timer.restart of <timer.playfield_x_timer>>, priority=1, kwargs={}, key=UUID('f50d83e7-986d-4255-a711-96c66816452e'), condition=None, blocking_facility=None)]. The order of those handlers is not defined and they will be executed in random order. This might lead to race conditions and potential bugs.
2026-04-23 20:38:11,480 : INFO : EventManager : Unordered handler for class <timer.playfield_x_timer> on event ball_will_end with priority 1. Handlers: [RegisteredHandler(callback=<bound method Timer.pause of <timer.playfield_x_timer>>, priority=1, kwargs={'timer_value': None}, key=UUID('2662d6ff-6890-4f8f-b9a8-93998c42d451'), condition=None, blocking_facility=None), RegisteredHandler(callback=<bound method Timer.jump of <timer.playfield_x_timer>>, priority=1, kwargs={'timer_value': <NativeTemplate 30.0>}, key=UUID('496e1753-6f90-4e8f-b0d4-6e405053567e'), condition=None, blocking_facility=None)]. The order of those handlers is not defined and they will be executed in random order. This might lead to race conditions and potential bugs.
2026-04-23 20:38:11,484 : INFO : EventManager : Event: ======'mode_instruments_starting'====== Args={}
2026-04-23 20:38:11,490 : INFO : Timer.skill_shot_timeout : Stopping Timer
2026-04-23 20:38:11,490 : INFO : EventManager : Event: ======'timer_skill_shot_timeout_stopped'====== Args={'ticks': 0, 'ticks_remaining': 0}
2026-04-23 20:38:11,492 : INFO : EventManager : Event: ======'logicblock_turntable_start_sequence_updated'====== Args={'value': 0, 'enabled': True}
2026-04-23 20:38:11,493 : INFO : EventManager : Event: ======'logicblock_microphone_start_sequence_updated'====== Args={'value': 0, 'enabled': True}
2026-04-23 20:38:11,493 : INFO : EventManager : Event: ======'logicblock_boombox_start_sequence_updated'====== Args={'value': 0, 'enabled': True}
2026-04-23 20:38:11,493 : INFO : EventManager : Event: ======'logicblock_instruments_updated'====== Args={'value': [False, False, False], 'enabled': True}
2026-04-23 20:38:11,494 : INFO : EventManager : Event: ======'logicblock_turntable_start_sequence_updated'====== Args={'value': 0, 'enabled': True}
2026-04-23 20:38:11,494 : INFO : EventManager : Event: ======'logicblock_turntable_collect_updated'====== Args={'value': 0, 'enabled': False}
2026-04-23 20:38:11,494 : INFO : EventManager : Event: ======'logicblock_microphone_start_sequence_updated'====== Args={'value': 0, 'enabled': True}
2026-04-23 20:38:11,494 : INFO : EventManager : Event: ======'logicblock_microphone_collect_updated'====== Args={'value': 0, 'enabled': False}
2026-04-23 20:38:11,494 : INFO : EventManager : Event: ======'logicblock_boombox_start_sequence_updated'====== Args={'value': 0, 'enabled': True}
2026-04-23 20:38:11,495 : INFO : EventManager : Event: ======'logicblock_boombox_collect_updated'====== Args={'value': 0, 'enabled': False}
2026-04-23 20:38:11,495 : INFO : EventManager : Event: ======'logicblock_instruments_updated'====== Args={'value': [False, False, False], 'enabled': True}
2026-04-23 20:38:11,495 : INFO : Mode.instruments : Started. Priority: 750
2026-04-23 20:38:11,495 : INFO : EventManager : Event: ======'modes_active_modes_changed'====== Args={}
2026-04-23 20:38:11,495 : INFO : EventManager : Event: ======'mode_instruments_started'====== Args={}
2026-04-23 20:38:11,496 : INFO : EventManager : Event: ======'logicblock_turntable_start_sequence_updated'====== Args={'value': 0, 'enabled': True}
2026-04-23 20:38:11,496 : INFO : EventManager : Event: ======'logicblock_microphone_start_sequence_updated'====== Args={'value': 0, 'enabled': True}
2026-04-23 20:38:11,496 : INFO : EventManager : Event: ======'logicblock_boombox_start_sequence_updated'====== Args={'value': 0, 'enabled': True}
2026-04-23 20:38:11,497 : INFO : EventManager : Event: ======'logicblock_instruments_updated'====== Args={'value': [False, False, False], 'enabled': True}
2026-04-23 20:38:11,498 : INFO : EventManager : Event: ======'logicblock_instruments_updated'====== Args={'value': [False, False, False], 'enabled': True}
2026-04-23 20:38:11,498 : INFO : EventManager : Event: ======'logicblock_turntable_start_sequence_updated'====== Args={'value': 0, 'enabled': True}
2026-04-23 20:38:11,498 : INFO : EventManager : Event: ======'logicblock_turntable_start_sequence_updated'====== Args={'value': 0, 'enabled': True}
2026-04-23 20:38:11,498 : INFO : EventManager : Event: ======'logicblock_microphone_start_sequence_updated'====== Args={'value': 0, 'enabled': True}
2026-04-23 20:38:11,498 : INFO : EventManager : Event: ======'logicblock_microphone_start_sequence_updated'====== Args={'value': 0, 'enabled': True}
2026-04-23 20:38:11,498 : INFO : EventManager : Event: ======'logicblock_boombox_start_sequence_updated'====== Args={'value': 0, 'enabled': True}
2026-04-23 20:38:11,498 : INFO : EventManager : Event: ======'logicblock_boombox_start_sequence_updated'====== Args={'value': 0, 'enabled': True}
2026-04-23 20:38:11,498 : INFO : EventManager : Event: ======'pick_instrument_start'====== Args={'priority': 0}
2026-04-23 20:38:11,499 : INFO : Timer.instrument_rotate : Starting Timer.
2026-04-23 20:38:11,499 : INFO : EventManager : Event: ======'timer_instrument_rotate_started'====== Args={'ticks': 0, 'ticks_remaining': 1}
2026-04-23 20:38:11,499 : INFO : EventManager : Event: ======'timer_instrument_rotate_tick'====== Args={'ticks': 0, 'ticks_remaining': 1}
2026-04-23 20:38:11,499 : INFO : EventManager : Event: ======'advance_instrument_bottom'====== Args={}
2026-04-23 20:38:11,500 : INFO : EventManager : Event: ======'player_shot_bottom_drop'====== Args={'value': 1, 'prev_value': 0, 'change': 1, 'player_num': 1}
2026-04-23 20:38:11,502 : INFO : ball_device.bd_plunger : Got eject confirm
2026-04-23 20:38:11,502 : INFO : ball_device.bd_plunger : Eject successful
2026-04-23 20:38:11,502 : INFO : EventManager : Event: ======'balldevice_bd_plunger_ball_eject_success'====== Args={'balls': 1, 'target': <playfield.playfield>}
2026-04-23 20:38:11,502 : INFO : EventManager : Event: ======'balldevice_playfield_ball_enter'====== Args={'new_balls': 1, 'unclaimed_balls': 1, 'device': <playfield.playfield>}
2026-04-23 20:38:11,503 : INFO : EventManager : Event: ======'playfield_ball_count_change'====== Args={'balls': 1, 'change': 1}
2026-04-23 20:38:11,505 : INFO : EventManager : Event: ======'balldevice_bd_plunger_ball_count_changed'====== Args={'balls': 0}
2026-04-23 20:38:11,506 : INFO : ball_device.bd_plunger : State: idle
2026-04-23 20:38:11,507 : INFO : EventManager : Event: ======'slide_skillshot_overlay_lowerpop_created'====== Args={'_from_bcp': True}
2026-04-23 20:38:11,508 : INFO : EventManager : Event: ======'slide_skillshot_overlay_leftoutlane_inactive'====== Args={'is_removing': False, '_from_bcp': True}
2026-04-23 20:38:11,508 : INFO : EventManager : Event: ======'slide_skillshot_overlay_lowerpop_active'====== Args={'original_context': 'skill_shot', 'original_calling_context': 'player_shot_skillshot_lower_pop{device.shots.skillshot_lower_pop.state==1}', 'priority': 500.0, 'value': 1.0, 'prev_value': 0.0, 'change': 1.0, 'player_num': 1.0, 'cmd': 'slides_play', '_from_bcp': True}
2026-04-23 20:38:11,508 : INFO : EventManager : Event: ======'slide_skillshot_overlay_lowerpop_inactive'====== Args={'is_removing': True, '_from_bcp': True}
2026-04-23 20:38:11,509 : INFO : EventManager : Event: ======'slide_skillshot_overlay_leftoutlane_active'====== Args={'_from_bcp': True}
2026-04-23 20:38:11,509 : INFO : EventManager : Event: ======'slide_skillshot_overlay_lowerpop_removed'====== Args={'_from_bcp': True}
2026-04-23 20:38:11,509 : INFO : EventManager : Event: ======'slide_skillshot_overlay_leftoutlane_inactive'====== Args={'is_removing': True, '_from_bcp': True}
2026-04-23 20:38:11,509 : INFO : EventManager : Event: ======'slide_super_circles_active'====== Args={'_from_bcp': True}
2026-04-23 20:38:11,509 : INFO : EventManager : Event: ======'slide_skillshot_overlay_leftoutlane_removed'====== Args={'_from_bcp': True}
2026-04-23 20:38:11,539 : INFO : EventManager : Event: ======'slide_instrument_blocks_created'====== Args={'_from_bcp': True}
2026-04-23 20:38:11,540 : INFO : EventManager : Event: ======'slide_super_circles_inactive'====== Args={'is_removing': False, '_from_bcp': True}
2026-04-23 20:38:11,541 : INFO : EventManager : Event: ======'slide_instrument_blocks_active'====== Args={'original_context': 'instruments', 'original_calling_context': 'mode_instruments_started', 'priority': 750.0, 'cmd': 'slides_play', '_from_bcp': True}
2026-04-23 20:38:11,613 : INFO : SwitchController : <<<<<<< 's_right_lower_pop' inactive >>>>>>>
2026-04-23 20:38:12,030 : INFO : SwitchController : <<<<<<< 's_scoop' active >>>>>>>
2026-04-23 20:38:12,030 : INFO : EventManager : Event: ======'s_scoop_active'====== Args={}
2026-04-23 20:38:12,031 : INFO : EventManager : Event: ======'machine_var_audits_switches_s_scoop'====== Args={'value': 128, 'prev_value': 127, 'change': 1}
2026-04-23 20:38:12,032 : INFO : EventManager : Event: ======'machine_var_audits_shots_scoop'====== Args={'value': 128, 'prev_value': 127, 'change': 1}
2026-04-23 20:38:12,033 : INFO : EventManager : Event: ======'scoop_hit'====== Args={'profile': 'base_shot_profile', 'state': 'off', 'advancing': False}
2026-04-23 20:38:12,033 : INFO : EventManager : Event: ======'scoop_base_shot_profile_hit'====== Args={'profile': 'base_shot_profile', 'state': 'off', 'advancing': False}
2026-04-23 20:38:12,034 : INFO : EventManager : Event: ======'scoop_base_shot_profile_off_hit'====== Args={'profile': 'base_shot_profile', 'state': 'off', 'advancing': False}
2026-04-23 20:38:12,034 : INFO : EventManager : Event: ======'scoop_off_hit'====== Args={'profile': 'base_shot_profile', 'state': 'off', 'advancing': False}
2026-04-23 20:38:12,035 : INFO : EventManager : Event: ======'carousel_item_selected'====== Args={'carousel': 'carousel', 'item': 'tripletrouble'}
2026-04-23 20:38:12,036 : INFO : EventManager : Event: ======'player_score'====== Args={'value': 3420, 'prev_value': 1110, 'change': 2310, 'player_num': 1, 'source': 'base'}
2026-04-23 20:38:12,036 : INFO : EventManager : Event: ======'logicblock_superpops_counter_updated'====== Args={'value': 1, 'enabled': True}
2026-04-23 20:38:12,036 : INFO : EventManager : Event: ======'counter_superpops_counter_hit'====== Args={'count': 1, 'hits': 1, 'remaining': 3}
2026-04-23 20:38:12,036 : INFO : EventManager : Event: ======'logicblock_superpops_counter_hit'====== Args={'count': 1, 'hits': 1, 'remaining': 3}
2026-04-23 20:38:12,037 : INFO : EventManager : Event: ======'mode_tripletrouble_will_start'====== Args={'carousel': 'carousel', 'item': 'tripletrouble'}
2026-04-23 20:38:12,038 : INFO : EventManager : Event: ======'player_tripletrouble_tripletrouble_intro_show_tick'====== Args={'value': 0, 'prev_value': 0, 'change': 0, 'player_num': 1}
2026-04-23 20:38:12,039 : INFO : EventManager : Event: ======'player_tripletrouble_tripletrouble_time_remaining_tick'====== Args={'value': 60, 'prev_value': 0, 'change': 60, 'player_num': 1}
2026-04-23 20:38:12,041 : INFO : EventManager : Unordered handler for class <timer.playfield_x_timer> on event ball_will_end with priority 1. Handlers: [RegisteredHandler(callback=<bound method Timer.pause of <timer.playfield_x_timer>>, priority=1, kwargs={'timer_value': None}, key=UUID('2662d6ff-6890-4f8f-b9a8-93998c42d451'), condition=None, blocking_facility=None), RegisteredHandler(callback=<bound method Timer.jump of <timer.playfield_x_timer>>, priority=1, kwargs={'timer_value': <NativeTemplate 30.0>}, key=UUID('496e1753-6f90-4e8f-b0d4-6e405053567e'), condition=None, blocking_facility=None)]. The order of those handlers is not defined and they will be executed in random order. This might lead to race conditions and potential bugs.
2026-04-23 20:38:12,045 : INFO : EventManager : Unordered handler for class <timer.playfield_x_timer> on event ball_will_end with priority 1. Handlers: [RegisteredHandler(callback=<bound method Timer.pause of <timer.playfield_x_timer>>, priority=1, kwargs={'timer_value': None}, key=UUID('2662d6ff-6890-4f8f-b9a8-93998c42d451'), condition=None, blocking_facility=None), RegisteredHandler(callback=<bound method Timer.jump of <timer.playfield_x_timer>>, priority=1, kwargs={'timer_value': <NativeTemplate 30.0>}, key=UUID('496e1753-6f90-4e8f-b0d4-6e405053567e'), condition=None, blocking_facility=None)]. The order of those handlers is not defined and they will be executed in random order. This might lead to race conditions and potential bugs.
2026-04-23 20:38:12,047 : INFO : EventManager : Event: ======'mode_tripletrouble_starting'====== Args={'carousel': 'carousel', 'item': 'tripletrouble'}
2026-04-23 20:38:12,047 : INFO : EventManager : Event: ======'mode_carousel_will_stop'====== Args={}
2026-04-23 20:38:12,048 : INFO : EventManager : Event: ======'mode_carousel_stopping'====== Args={}
2026-04-23 20:38:12,048 : INFO : blinkenlight.bl_scoop_arrow_led : Color removed with key carousel
2026-04-23 20:38:12,049 : INFO : Mode.carousel : Stopped.
2026-04-23 20:38:12,049 : INFO : EventManager : Event: ======'modes_active_modes_changed'====== Args={}
2026-04-23 20:38:12,050 : INFO : EventManager : Event: ======'mode_carousel_stopped'====== Args={}
2026-04-23 20:38:12,050 : INFO : EventManager : Event: ======'clear'====== Args={'key': 'carousel'}
2026-04-23 20:38:12,052 : INFO : EventManager : Event: ======'logicblock_tripletrouble_shot_1_updated'====== Args={'value': 0, 'enabled': True}
2026-04-23 20:38:12,052 : INFO : EventManager : Event: ======'logicblock_tripletrouble_standups_counter_updated'====== Args={'value': 7, 'enabled': False}
2026-04-23 20:38:12,052 : INFO : EventManager : Event: ======'logicblock_tripletrouble_shot_1_updated'====== Args={'value': 0, 'enabled': True}
2026-04-23 20:38:12,052 : INFO : EventManager : Event: ======'logicblock_tripletrouble_shot_2_updated'====== Args={'value': 0, 'enabled': False}
2026-04-23 20:38:12,053 : INFO : Mode.tripletrouble : Started. Priority: 1001
2026-04-23 20:38:12,053 : INFO : EventManager : Event: ======'modes_active_modes_changed'====== Args={}
2026-04-23 20:38:12,053 : INFO : EventManager : Event: ======'mode_tripletrouble_started'====== Args={'carousel': 'carousel', 'item': 'tripletrouble'}
2026-04-23 20:38:12,055 : INFO : EventManager : Event: ======'logicblock_tripletrouble_standups_counter_updated'====== Args={'value': 7, 'enabled': True}
2026-04-23 20:38:12,056 : INFO : EventManager : Event: ======'logicblock_tripletrouble_standups_counter_updated'====== Args={'value': 7, 'enabled': True}
2026-04-23 20:38:12,056 : INFO : EventManager : Event: ======'logicblock_tripletrouble_standups_counter_updated'====== Args={'value': 7, 'enabled': True}
2026-04-23 20:38:12,056 : INFO : EventManager : Event: ======'player_mode_blocking_flag'====== Args={'value': 1, 'prev_value': 0, 'change': 1, 'player_num': 1, 'source': 'tripletrouble'}
2026-04-23 20:38:12,058 : INFO : EventManager : Event: ======'achievement_tripletrouble_mode_changed_state'====== Args={'restore': False, 'state': 'started', 'selected': False}
2026-04-23 20:38:12,058 : INFO : EventManager : Event: ======'achievement_tripletrouble_mode_state_started'====== Args={'restore': False, 'state': 'started', 'selected': False}
2026-04-23 20:38:12,060 : INFO : EventManager : Event: ======'player_mode_tripletrouble_score'====== Args={'value': 0, 'prev_value': 1, 'change': -1, 'player_num': 1, 'source': 'base'}
2026-04-23 20:38:12,061 : INFO : EventManager : Event: ======'player_modes_played'====== Args={'value': 1, 'prev_value': 0, 'change': 1, 'player_num': 1, 'source': 'base'}
2026-04-23 20:38:12,062 : INFO : EventManager : Event: ======'player_battery_charged_yesorno'====== Args={'value': 0, 'prev_value': 1, 'change': -1, 'player_num': 1, 'source': 'base'}
2026-04-23 20:38:12,062 : INFO : EventManager : Event: ======'player_tripletrouble_played'====== Args={'value': 1, 'prev_value': 0, 'change': 1, 'player_num': 1, 'source': 'base'}
2026-04-23 20:38:12,063 : INFO : EventManager : Event: ======'logicblock_played_modes_count_updated'====== Args={'value': 1, 'enabled': True}
2026-04-23 20:38:12,063 : INFO : EventManager : Event: ======'counter_played_modes_count_hit'====== Args={'count': 1, 'hits': 1, 'remaining': -2}
2026-04-23 20:38:12,063 : INFO : EventManager : Event: ======'logicblock_played_modes_count_hit'====== Args={'count': 1, 'hits': 1, 'remaining': -2}
2026-04-23 20:38:12,064 : INFO : EventManager : Event: ======'logicblock_played_modes_count_complete'====== Args={}
2026-04-23 20:38:12,064 : INFO : EventManager : Event: ======'logicblock_playing_all_modes_updated'====== Args={'value': [False, False, False, False, False, False, True, False], 'enabled': True}
2026-04-23 20:38:12,064 : INFO : EventManager : Event: ======'logicblock_playing_all_modes_hit'====== Args={'step': 6}
2026-04-23 20:38:12,065 : INFO : Timer.tripletrouble_intro_show : Starting Timer.
2026-04-23 20:38:12,065 : INFO : EventManager : Event: ======'timer_tripletrouble_intro_show_started'====== Args={'ticks': 0, 'ticks_remaining': 5}
2026-04-23 20:38:12,065 : INFO : EventManager : Event: ======'timer_tripletrouble_intro_show_tick'====== Args={'ticks': 0, 'ticks_remaining': 5}
2026-04-23 20:38:12,073 : INFO : EventManager : Event: ======'slide_current_mode_highlighted_removed'====== Args={'_from_bcp': True}
2026-04-23 20:38:12,079 : INFO : EventManager : Event: ======'slide_base_removed'====== Args={'_from_bcp': True}
2026-04-23 20:38:12,080 : INFO : EventManager : Event: ======'slide_basevideo4_removed'====== Args={'_from_bcp': True}
2026-04-23 20:38:12,113 : INFO : EventManager : Event: ======'slide_tripletrouble_created'====== Args={'_from_bcp': True}
2026-04-23 20:38:12,119 : INFO : EventManager : Event: ======'slide_tripletrouble_instructions_created'====== Args={'_from_bcp': True}
2026-04-23 20:38:12,507 : INFO : EventManager : Event: ======'player_instruments_instrument_rotate_tick'====== Args={'value': 1, 'prev_value': 0, 'change': 1, 'player_num': 1}
2026-04-23 20:38:12,508 : INFO : Timer.instrument_rotate : Timer Complete
2026-04-23 20:38:12,508 : INFO : Timer.instrument_rotate : Stopping Timer
2026-04-23 20:38:12,508 : INFO : EventManager : Event: ======'timer_instrument_rotate_stopped'====== Args={'ticks': 1, 'ticks_remaining': 1}
2026-04-23 20:38:12,508 : INFO : EventManager : Event: ======'timer_instrument_rotate_complete'====== Args={'ticks': 1, 'ticks_remaining': 1}
2026-04-23 20:38:12,509 : INFO : EventManager : Event: ======'player_shot_bottom_drop'====== Args={'value': 0, 'prev_value': 1, 'change': -1, 'player_num': 1}
2026-04-23 20:38:12,510 : INFO : EventManager : Event: ======'player_shot_middle_drop'====== Args={'value': 1, 'prev_value': 0, 'change': 1, 'player_num': 1}
2026-04-23 20:38:12,510 : INFO : EventManager : Event: ======'player_instruments_instrument_rotate_tick'====== Args={'value': 0, 'prev_value': 1, 'change': -1, 'player_num': 1}
2026-04-23 20:38:12,511 : INFO : Timer.instrument_rotate : Starting Timer.
2026-04-23 20:38:12,511 : INFO : EventManager : Event: ======'timer_instrument_rotate_started'====== Args={'ticks': 0, 'ticks_remaining': 1}
2026-04-23 20:38:12,511 : INFO : EventManager : Event: ======'timer_instrument_rotate_tick'====== Args={'ticks': 0, 'ticks_remaining': 1}
2026-04-23 20:38:12,540 : INFO : EventManager : Event: ======'balldevice_bd_scoop_ball_count_changed'====== Args={'balls': 1}
2026-04-23 20:38:12,541 : INFO : ball_device.bd_scoop : Received unexpected ball
2026-04-23 20:38:12,541 : INFO : EventManager : Event: ======'balldevice_captured_from_playfield'====== Args={'balls': 1}
2026-04-23 20:38:12,542 : INFO : EventManager : Event: ======'sw_playfield_active'====== Args={'balls': 1}
2026-04-23 20:38:12,542 : INFO : EventManager : Event: ======'playfield_ball_count_change'====== Args={'balls': 0, 'change': -1}
2026-04-23 20:38:12,543 : INFO : EventManager : Event: ======'balldevice_bd_scoop_ball_enter'====== Args={'new_balls': 1, 'unclaimed_balls': 1, 'new_available_balls': 1, 'device': <ball_device.bd_scoop>}
2026-04-23 20:38:12,544 : INFO : EventManager : Event: ======'ball_hold_tripletrouble_scoop_hold_held_ball'====== Args={'balls_held': 1, 'total_balls_held': 1}
2026-04-23 20:38:12,544 : INFO : EventManager : Event: ======'ball_hold_tripletrouble_scoop_hold_full'====== Args={'balls': 1}
2026-04-23 20:38:12,545 : INFO : EventManager : Event: ======'balldevice_balls_available'====== Args={}
2026-04-23 20:38:12,545 : INFO : EventManager : Event: ======'balldevice_bd_scoop_ball_entered'====== Args={'new_balls': 1, 'device': <ball_device.bd_scoop>}
2026-04-23 20:38:12,683 : INFO : SwitchController : <<<<<<< 's_right_flipper' active >>>>>>>
2026-04-23 20:38:12,683 : INFO : EventManager : Event: ======'s_right_flipper_active'====== Args={}
2026-04-23 20:38:12,685 : INFO : EventManager : Event: ======'machine_var_audits_switches_s_right_flipper'====== Args={'value': 271, 'prev_value': 270, 'change': 1}
2026-04-23 20:38:12,696 : INFO : SwitchController : <<<<<<< 's_left_flipper' active >>>>>>>
2026-04-23 20:38:12,696 : INFO : EventManager : Event: ======'s_left_flipper_active'====== Args={}
2026-04-23 20:38:12,696 : INFO : EventManager : Event: ======'flipper_cancel'====== Args={'triggering_group': 1, 'triggering_switch': 's_left_flipper'}
2026-04-23 20:38:12,697 : INFO : EventManager : Event: ======'machine_var_audits_switches_s_left_flipper'====== Args={'value': 123, 'prev_value': 122, 'change': 1}
2026-04-23 20:38:12,698 : INFO : EventManager : Event: ======'player_tripletrouble_tripletrouble_intro_show_tick'====== Args={'value': 5, 'prev_value': 0, 'change': 5, 'player_num': 1}
2026-04-23 20:38:12,699 : INFO : Timer.tripletrouble_intro_show : Timer Complete
2026-04-23 20:38:12,699 : INFO : Timer.tripletrouble_intro_show : Stopping Timer
2026-04-23 20:38:12,699 : INFO : EventManager : Event: ======'timer_tripletrouble_intro_show_stopped'====== Args={'ticks': 5, 'ticks_remaining': 5}
2026-04-23 20:38:12,700 : INFO : EventManager : Event: ======'timer_tripletrouble_intro_show_complete'====== Args={'ticks': 5, 'ticks_remaining': 5}
2026-04-23 20:38:12,700 : INFO : ball_device.bd_scoop : Adding 1 ball(s) to the eject_queue with target <playfield.playfield>.
2026-04-23 20:38:12,701 : INFO : EventManager : Event: ======'balldevice_balls_available'====== Args={}
2026-04-23 20:38:12,701 : INFO : EventManager : Event: ======'ball_hold_tripletrouble_scoop_hold_balls_released'====== Args={'balls_released': 1}
2026-04-23 20:38:12,702 : INFO : blinkenlight.bl_lowerrightstandup_circle_led : Color (50, 205, 50) with key tripletrouble added
2026-04-23 20:38:12,702 : INFO : blinkenlight.bl_dropstandup_flasher_led : Color (50, 205, 50) with key tripletrouble added
2026-04-23 20:38:12,702 : INFO : blinkenlight.bl_upperpop_smallarrow_led : Color (50, 205, 50) with key tripletrouble added
2026-04-23 20:38:12,702 : INFO : blinkenlight.bl_tshirttopcircle_led : Color (50, 205, 50) with key tripletrouble added
2026-04-23 20:38:12,702 : INFO : blinkenlight.bl_tshirtbottomcircle_led : Color (50, 205, 50) with key tripletrouble added
2026-04-23 20:38:12,702 : INFO : blinkenlight.bl_captiveball_smallcircle_led : Color (50, 205, 50) with key tripletrouble added
2026-04-23 20:38:12,705 : INFO : Timer.tripletrouble_time_remaining : Starting Timer.
2026-04-23 20:38:12,706 : INFO : EventManager : Event: ======'timer_tripletrouble_time_remaining_started'====== Args={'ticks': 60, 'ticks_remaining': 60}
2026-04-23 20:38:12,706 : INFO : EventManager : Event: ======'timer_tripletrouble_time_remaining_tick'====== Args={'ticks': 60, 'ticks_remaining': 60}
2026-04-23 20:38:12,707 : INFO : EventManager : Event: ======'ball_save_mode_start_timer_start'====== Args={}
2026-04-23 20:38:12,708 : INFO : EventManager : Event: ======'ball_save_mode_start_enabled'====== Args={}
2026-04-23 20:38:12,708 : INFO : EventManager : Event: ======'player_tripletrouble_time_remaining_variable_times_1'====== Args={'value': 60, 'prev_value': 0, 'change': 60, 'player_num': 1, 'source': 'tripletrouble'}
2026-04-23 20:38:12,714 : INFO : ball_device.bd_scoop : State: waiting_for_target_ready
2026-04-23 20:38:12,715 : INFO : EventManager : Event: ======'balldevice_bd_scoop_ball_eject_attempt'====== Args={'balls': 1, 'target': <playfield.playfield>, 'source': <ball_device.bd_scoop>, 'mechanical_eject': False, 'num_attempts': 0}
2026-04-23 20:38:12,716 : INFO : ball_device.bd_scoop : State: ejecting
2026-04-23 20:38:12,717 : INFO : ball_device.bd_scoop : Ejecting ball to <playfield.playfield>
2026-04-23 20:38:12,717 : INFO : EventManager : Event: ======'balldevice_bd_scoop_ejecting_ball'====== Args={'balls': 1, 'target': <playfield.playfield>, 'source': <ball_device.bd_scoop>, 'mechanical_eject': False, 'num_attempts': 0}
2026-04-23 20:38:12,720 : INFO : EventManager : Event: ======'slide_tripletrouble_instructions_removed'====== Args={'_from_bcp': True}
2026-04-23 20:38:12,721 : INFO : ball_device.bd_scoop : Wait for ball to leave device
2026-04-23 20:38:12,723 : INFO : EventManager : Event: ======'slide_tripletrouble_standups_counter_created'====== Args={'_from_bcp': True}
2026-04-23 20:38:12,743 : INFO : coil.c_scoop_eject : Pulsing Driver for 25ms (1.0 pulse_power)
2026-04-23 20:38:12,744 : INFO : SwitchController : <<<<<<< 's_scoop' inactive >>>>>>>
2026-04-23 20:38:12,746 : INFO : ball_device.bd_scoop : State: ball_left
2026-04-23 20:38:12,746 : INFO : ball_device.bd_scoop : Ball left
2026-04-23 20:38:12,747 : INFO : ball_device.bd_scoop : Wait for confirm with timeout 3.0
2026-04-23 20:38:13,162 : INFO : EventManager : Event: ======'slide_tripletrouble_display_timer_created'====== Args={'_from_bcp': True}
2026-04-23 20:38:13,163 : INFO : EventManager : Event: ======'slide_instrument_blocks_inactive'====== Args={'is_removing': False, '_from_bcp': True}
2026-04-23 20:38:13,164 : INFO : EventManager : Event: ======'slide_tripletrouble_display_timer_active'====== Args={'original_context': 'tripletrouble', 'original_calling_context': 'timer_tripletrouble_intro_show_complete', 'priority': 1001.0, 'ticks': 5.0, 'ticks_remaining': 5.0, 'cmd': 'slides_play', '_from_bcp': True}
2026-04-23 20:38:13,182 : INFO : SwitchController : <<<<<<< 's_left_flipper' inactive >>>>>>>
2026-04-23 20:38:13,183 : INFO : EventManager : Event: ======'sw_left_flipper_inactive'====== Args={}
2026-04-23 20:38:13,184 : INFO : EventManager : Event: ======'both_flippers_one'====== Args={'triggering_group': 1, 'triggering_switch': 's_left_flipper'}
2026-04-23 20:38:13,185 : INFO : SwitchController : <<<<<<< 's_right_flipper' inactive >>>>>>>
2026-04-23 20:38:13,185 : INFO : EventManager : Event: ======'sw_right_flipper_inactive'====== Args={}
2026-04-23 20:38:13,186 : INFO : EventManager : Event: ======'both_flippers_inactive'====== Args={'triggering_group': 2, 'triggering_switch': 's_right_flipper'}
2026-04-23 20:38:13,512 : INFO : EventManager : Event: ======'player_instruments_instrument_rotate_tick'====== Args={'value': 1, 'prev_value': 0, 'change': 1, 'player_num': 1}
2026-04-23 20:38:13,514 : INFO : Timer.instrument_rotate : Timer Complete
2026-04-23 20:38:13,514 : INFO : Timer.instrument_rotate : Stopping Timer
2026-04-23 20:38:13,514 : INFO : EventManager : Event: ======'timer_instrument_rotate_stopped'====== Args={'ticks': 1, 'ticks_remaining': 1}
2026-04-23 20:38:13,514 : INFO : EventManager : Event: ======'timer_instrument_rotate_complete'====== Args={'ticks': 1, 'ticks_remaining': 1}
2026-04-23 20:38:13,515 : INFO : EventManager : Event: ======'player_shot_middle_drop'====== Args={'value': 0, 'prev_value': 1, 'change': -1, 'player_num': 1}
2026-04-23 20:38:13,515 : INFO : EventManager : Event: ======'player_shot_top_drop'====== Args={'value': 1, 'prev_value': 0, 'change': 1, 'player_num': 1}
2026-04-23 20:38:13,516 : INFO : EventManager : Event: ======'player_instruments_instrument_rotate_tick'====== Args={'value': 0, 'prev_value': 1, 'change': -1, 'player_num': 1}
2026-04-23 20:38:13,516 : INFO : Timer.instrument_rotate : Starting Timer.
2026-04-23 20:38:13,517 : INFO : EventManager : Event: ======'timer_instrument_rotate_started'====== Args={'ticks': 0, 'ticks_remaining': 1}
2026-04-23 20:38:13,517 : INFO : EventManager : Event: ======'timer_instrument_rotate_tick'====== Args={'ticks': 0, 'ticks_remaining': 1}
2026-04-23 20:38:13,715 : INFO : EventManager : Event: ======'player_tripletrouble_tripletrouble_time_remaining_tick'====== Args={'value': 59, 'prev_value': 60, 'change': -1, 'player_num': 1}
2026-04-23 20:38:13,716 : INFO : EventManager : Event: ======'timer_tripletrouble_time_remaining_tick'====== Args={'ticks': 59, 'ticks_remaining': 59}
2026-04-23 20:38:13,717 : INFO : EventManager : Event: ======'player_tripletrouble_time_remaining_variable_times_1'====== Args={'value': 59, 'prev_value': 60, 'change': -1, 'player_num': 1, 'source': 'tripletrouble'}
2026-04-23 20:38:14,529 : INFO : EventManager : Event: ======'player_instruments_instrument_rotate_tick'====== Args={'value': 1, 'prev_value': 0, 'change': 1, 'player_num': 1}
2026-04-23 20:38:14,533 : INFO : Timer.instrument_rotate : Timer Complete
2026-04-23 20:38:14,534 : INFO : Timer.instrument_rotate : Stopping Timer
2026-04-23 20:38:14,534 : INFO : EventManager : Event: ======'timer_instrument_rotate_stopped'====== Args={'ticks': 1, 'ticks_remaining': 1}
2026-04-23 20:38:14,534 : INFO : EventManager : Event: ======'timer_instrument_rotate_complete'====== Args={'ticks': 1, 'ticks_remaining': 1}
2026-04-23 20:38:14,535 : INFO : EventManager : Event: ======'player_shot_bottom_drop'====== Args={'value': 1, 'prev_value': 0, 'change': 1, 'player_num': 1}
2026-04-23 20:38:14,537 : INFO : EventManager : Event: ======'player_shot_top_drop'====== Args={'value': 0, 'prev_value': 1, 'change': -1, 'player_num': 1}
2026-04-23 20:38:14,538 : INFO : EventManager : Event: ======'player_instruments_instrument_rotate_tick'====== Args={'value': 0, 'prev_value': 1, 'change': -1, 'player_num': 1}
2026-04-23 20:38:14,538 : INFO : Timer.instrument_rotate : Starting Timer.
2026-04-23 20:38:14,539 : INFO : EventManager : Event: ======'timer_instrument_rotate_started'====== Args={'ticks': 0, 'ticks_remaining': 1}
2026-04-23 20:38:14,539 : INFO : EventManager : Event: ======'timer_instrument_rotate_tick'====== Args={'ticks': 0, 'ticks_remaining': 1}
2026-04-23 20:38:14,715 : INFO : EventManager : Event: ======'player_tripletrouble_tripletrouble_time_remaining_tick'====== Args={'value': 58, 'prev_value': 59, 'change': -1, 'player_num': 1}
2026-04-23 20:38:14,716 : INFO : EventManager : Event: ======'timer_tripletrouble_time_remaining_tick'====== Args={'ticks': 58, 'ticks_remaining': 58}
2026-04-23 20:38:14,717 : INFO : EventManager : Event: ======'player_tripletrouble_time_remaining_variable_times_1'====== Args={'value': 58, 'prev_value': 59, 'change': -1, 'player_num': 1, 'source': 'tripletrouble'}
2026-04-23 20:38:15,539 : INFO : EventManager : Event: ======'player_instruments_instrument_rotate_tick'====== Args={'value': 1, 'prev_value': 0, 'change': 1, 'player_num': 1}
2026-04-23 20:38:15,541 : INFO : Timer.instrument_rotate : Timer Complete
2026-04-23 20:38:15,541 : INFO : Timer.instrument_rotate : Stopping Timer
2026-04-23 20:38:15,541 : INFO : EventManager : Event: ======'timer_instrument_rotate_stopped'====== Args={'ticks': 1, 'ticks_remaining': 1}
2026-04-23 20:38:15,542 : INFO : EventManager : Event: ======'timer_instrument_rotate_complete'====== Args={'ticks': 1, 'ticks_remaining': 1}
2026-04-23 20:38:15,543 : INFO : EventManager : Event: ======'player_shot_bottom_drop'====== Args={'value': 0, 'prev_value': 1, 'change': -1, 'player_num': 1}
2026-04-23 20:38:15,543 : INFO : EventManager : Event: ======'player_shot_middle_drop'====== Args={'value': 1, 'prev_value': 0, 'change': 1, 'player_num': 1}
2026-04-23 20:38:15,544 : INFO : EventManager : Event: ======'player_instruments_instrument_rotate_tick'====== Args={'value': 0, 'prev_value': 1, 'change': -1, 'player_num': 1}
2026-04-23 20:38:15,544 : INFO : Timer.instrument_rotate : Starting Timer.
2026-04-23 20:38:15,545 : INFO : EventManager : Event: ======'timer_instrument_rotate_started'====== Args={'ticks': 0, 'ticks_remaining': 1}
2026-04-23 20:38:15,545 : INFO : EventManager : Event: ======'timer_instrument_rotate_tick'====== Args={'ticks': 0, 'ticks_remaining': 1}
2026-04-23 20:38:15,710 : INFO : EventManager : Event: ======'player_tripletrouble_tripletrouble_time_remaining_tick'====== Args={'value': 57, 'prev_value': 58, 'change': -1, 'player_num': 1}
2026-04-23 20:38:15,711 : INFO : EventManager : Event: ======'timer_tripletrouble_time_remaining_tick'====== Args={'ticks': 57, 'ticks_remaining': 57}
2026-04-23 20:38:15,711 : INFO : EventManager : Event: ======'ball_save_mode_start_hurry_up'====== Args={}
2026-04-23 20:38:15,712 : INFO : EventManager : Event: ======'player_tripletrouble_time_remaining_variable_times_1'====== Args={'value': 57, 'prev_value': 58, 'change': -1, 'player_num': 1, 'source': 'tripletrouble'}
2026-04-23 20:38:15,757 : INFO : ball_device.bd_scoop : State: failed_confirm
2026-04-23 20:38:15,757 : INFO : ball_device.bd_scoop : Got timeout (3.0s) before confirm from <playfield.playfield>
2026-04-23 20:38:15,866 : INFO : ball_device.bd_scoop : Confirming eject because target is playfield and ball did not return.
2026-04-23 20:38:15,866 : INFO : ball_device.bd_scoop : Eject successful
2026-04-23 20:38:15,866 : INFO : EventManager : Event: ======'balldevice_bd_scoop_ball_eject_success'====== Args={'balls': 1, 'target': <playfield.playfield>}
2026-04-23 20:38:15,867 : INFO : EventManager : Event: ======'balldevice_playfield_ball_enter'====== Args={'new_balls': 1, 'unclaimed_balls': 1, 'device': <playfield.playfield>}
2026-04-23 20:38:15,867 : INFO : EventManager : Event: ======'playfield_ball_count_change'====== Args={'balls': 1, 'change': 1}
2026-04-23 20:38:15,868 : INFO : EventManager : Event: ======'balldevice_bd_scoop_ball_count_changed'====== Args={'balls': 0}
2026-04-23 20:38:15,869 : INFO : ball_device.bd_scoop : State: idle
2026-04-23 20:38:16,553 : INFO : EventManager : Event: ======'player_instruments_instrument_rotate_tick'====== Args={'value': 1, 'prev_value': 0, 'change': 1, 'player_num': 1}
2026-04-23 20:38:16,554 : INFO : Timer.instrument_rotate : Timer Complete
2026-04-23 20:38:16,554 : INFO : Timer.instrument_rotate : Stopping Timer
2026-04-23 20:38:16,554 : INFO : EventManager : Event: ======'timer_instrument_rotate_stopped'====== Args={'ticks': 1, 'ticks_remaining': 1}
2026-04-23 20:38:16,554 : INFO : EventManager : Event: ======'timer_instrument_rotate_complete'====== Args={'ticks': 1, 'ticks_remaining': 1}
2026-04-23 20:38:16,555 : INFO : EventManager : Event: ======'player_shot_middle_drop'====== Args={'value': 0, 'prev_value': 1, 'change': -1, 'player_num': 1}
2026-04-23 20:38:16,556 : INFO : EventManager : Event: ======'player_shot_top_drop'====== Args={'value': 1, 'prev_value': 0, 'change': 1, 'player_num': 1}
2026-04-23 20:38:16,556 : INFO : EventManager : Event: ======'player_instruments_instrument_rotate_tick'====== Args={'value': 0, 'prev_value': 1, 'change': -1, 'player_num': 1}
2026-04-23 20:38:16,556 : INFO : Timer.instrument_rotate : Starting Timer.
2026-04-23 20:38:16,556 : INFO : EventManager : Event: ======'timer_instrument_rotate_started'====== Args={'ticks': 0, 'ticks_remaining': 1}
2026-04-23 20:38:16,557 : INFO : EventManager : Event: ======'timer_instrument_rotate_tick'====== Args={'ticks': 0, 'ticks_remaining': 1}
2026-04-23 20:38:16,711 : INFO : EventManager : Event: ======'player_tripletrouble_tripletrouble_time_remaining_tick'====== Args={'value': 56, 'prev_value': 57, 'change': -1, 'player_num': 1}
2026-04-23 20:38:16,712 : INFO : EventManager : Event: ======'timer_tripletrouble_time_remaining_tick'====== Args={'ticks': 56, 'ticks_remaining': 56}
2026-04-23 20:38:16,714 : INFO : EventManager : Event: ======'player_tripletrouble_time_remaining_variable_times_1'====== Args={'value': 56, 'prev_value': 57, 'change': -1, 'player_num': 1, 'source': 'tripletrouble'}
2026-04-23 20:38:17,071 : INFO : EventManager : Event: ======'ball_save_default_hurry_up'====== Args={}
2026-04-23 20:38:17,571 : INFO : EventManager : Event: ======'player_instruments_instrument_rotate_tick'====== Args={'value': 1, 'prev_value': 0, 'change': 1, 'player_num': 1}
2026-04-23 20:38:17,572 : INFO : Timer.instrument_rotate : Timer Complete
2026-04-23 20:38:17,572 : INFO : Timer.instrument_rotate : Stopping Timer
2026-04-23 20:38:17,572 : INFO : EventManager : Event: ======'timer_instrument_rotate_stopped'====== Args={'ticks': 1, 'ticks_remaining': 1}
2026-04-23 20:38:17,572 : INFO : EventManager : Event: ======'timer_instrument_rotate_complete'====== Args={'ticks': 1, 'ticks_remaining': 1}
2026-04-23 20:38:17,573 : INFO : EventManager : Event: ======'player_shot_bottom_drop'====== Args={'value': 1, 'prev_value': 0, 'change': 1, 'player_num': 1}
2026-04-23 20:38:17,573 : INFO : EventManager : Event: ======'player_shot_top_drop'====== Args={'value': 0, 'prev_value': 1, 'change': -1, 'player_num': 1}
2026-04-23 20:38:17,574 : INFO : EventManager : Event: ======'player_instruments_instrument_rotate_tick'====== Args={'value': 0, 'prev_value': 1, 'change': -1, 'player_num': 1}
2026-04-23 20:38:17,574 : INFO : Timer.instrument_rotate : Starting Timer.
2026-04-23 20:38:17,574 : INFO : EventManager : Event: ======'timer_instrument_rotate_started'====== Args={'ticks': 0, 'ticks_remaining': 1}
2026-04-23 20:38:17,574 : INFO : EventManager : Event: ======'timer_instrument_rotate_tick'====== Args={'ticks': 0, 'ticks_remaining': 1}
2026-04-23 20:38:17,710 : INFO : EventManager : Event: ======'player_tripletrouble_tripletrouble_time_remaining_tick'====== Args={'value': 55, 'prev_value': 56, 'change': -1, 'player_num': 1}
2026-04-23 20:38:17,711 : INFO : EventManager : Event: ======'timer_tripletrouble_time_remaining_tick'====== Args={'ticks': 55, 'ticks_remaining': 55}
2026-04-23 20:38:17,711 : INFO : EventManager : Event: ======'ball_save_mode_start_grace_period'====== Args={}
2026-04-23 20:38:17,711 : INFO : EventManager : Event: ======'player_tripletrouble_time_remaining_variable_times_1'====== Args={'value': 55, 'prev_value': 56, 'change': -1, 'player_num': 1, 'source': 'tripletrouble'}
2026-04-23 20:38:18,586 : INFO : EventManager : Event: ======'player_instruments_instrument_rotate_tick'====== Args={'value': 1, 'prev_value': 0, 'change': 1, 'player_num': 1}
2026-04-23 20:38:18,587 : INFO : Timer.instrument_rotate : Timer Complete
2026-04-23 20:38:18,587 : INFO : Timer.instrument_rotate : Stopping Timer
2026-04-23 20:38:18,587 : INFO : EventManager : Event: ======'timer_instrument_rotate_stopped'====== Args={'ticks': 1, 'ticks_remaining': 1}
2026-04-23 20:38:18,587 : INFO : EventManager : Event: ======'timer_instrument_rotate_complete'====== Args={'ticks': 1, 'ticks_remaining': 1}
2026-04-23 20:38:18,588 : INFO : EventManager : Event: ======'player_shot_bottom_drop'====== Args={'value': 0, 'prev_value': 1, 'change': -1, 'player_num': 1}
2026-04-23 20:38:18,588 : INFO : EventManager : Event: ======'player_shot_middle_drop'====== Args={'value': 1, 'prev_value': 0, 'change': 1, 'player_num': 1}
2026-04-23 20:38:18,589 : INFO : EventManager : Event: ======'player_instruments_instrument_rotate_tick'====== Args={'value': 0, 'prev_value': 1, 'change': -1, 'player_num': 1}
2026-04-23 20:38:18,589 : INFO : Timer.instrument_rotate : Starting Timer.
2026-04-23 20:38:18,589 : INFO : EventManager : Event: ======'timer_instrument_rotate_started'====== Args={'ticks': 0, 'ticks_remaining': 1}
2026-04-23 20:38:18,589 : INFO : EventManager : Event: ======'timer_instrument_rotate_tick'====== Args={'ticks': 0, 'ticks_remaining': 1}
2026-04-23 20:38:18,713 : INFO : EventManager : Event: ======'player_tripletrouble_tripletrouble_time_remaining_tick'====== Args={'value': 54, 'prev_value': 55, 'change': -1, 'player_num': 1}
2026-04-23 20:38:18,714 : INFO : EventManager : Event: ======'timer_tripletrouble_time_remaining_tick'====== Args={'ticks': 54, 'ticks_remaining': 54}
2026-04-23 20:38:18,716 : INFO : EventManager : Event: ======'ball_save_mode_start_disabled'====== Args={}
2026-04-23 20:38:18,717 : INFO : EventManager : Event: ======'player_tripletrouble_time_remaining_variable_times_1'====== Args={'value': 54, 'prev_value': 55, 'change': -1, 'player_num': 1, 'source': 'tripletrouble'}
2026-04-23 20:38:19,590 : INFO : EventManager : Event: ======'player_instruments_instrument_rotate_tick'====== Args={'value': 1, 'prev_value': 0, 'change': 1, 'player_num': 1}
2026-04-23 20:38:19,591 : INFO : Timer.instrument_rotate : Timer Complete
2026-04-23 20:38:19,591 : INFO : Timer.instrument_rotate : Stopping Timer
2026-04-23 20:38:19,591 : INFO : EventManager : Event: ======'timer_instrument_rotate_stopped'====== Args={'ticks': 1, 'ticks_remaining': 1}
2026-04-23 20:38:19,591 : INFO : EventManager : Event: ======'timer_instrument_rotate_complete'====== Args={'ticks': 1, 'ticks_remaining': 1}
2026-04-23 20:38:19,592 : INFO : EventManager : Event: ======'player_shot_middle_drop'====== Args={'value': 0, 'prev_value': 1, 'change': -1, 'player_num': 1}
2026-04-23 20:38:19,592 : INFO : EventManager : Event: ======'player_shot_top_drop'====== Args={'value': 1, 'prev_value': 0, 'change': 1, 'player_num': 1}
2026-04-23 20:38:19,593 : INFO : EventManager : Event: ======'player_instruments_instrument_rotate_tick'====== Args={'value': 0, 'prev_value': 1, 'change': -1, 'player_num': 1}
2026-04-23 20:38:19,593 : INFO : Timer.instrument_rotate : Starting Timer.
2026-04-23 20:38:19,593 : INFO : EventManager : Event: ======'timer_instrument_rotate_started'====== Args={'ticks': 0, 'ticks_remaining': 1}
2026-04-23 20:38:19,593 : INFO : EventManager : Event: ======'timer_instrument_rotate_tick'====== Args={'ticks': 0, 'ticks_remaining': 1}
2026-04-23 20:38:19,713 : INFO : EventManager : Event: ======'player_tripletrouble_tripletrouble_time_remaining_tick'====== Args={'value': 53, 'prev_value': 54, 'change': -1, 'player_num': 1}
2026-04-23 20:38:19,714 : INFO : EventManager : Event: ======'timer_tripletrouble_time_remaining_tick'====== Args={'ticks': 53, 'ticks_remaining': 53}
2026-04-23 20:38:19,715 : INFO : EventManager : Event: ======'player_tripletrouble_time_remaining_variable_times_1'====== Args={'value': 53, 'prev_value': 54, 'change': -1, 'player_num': 1, 'source': 'tripletrouble'}
2026-04-23 20:38:19,957 : INFO : SwitchController : <<<<<<< 's_upper_pop_standup' active >>>>>>>
2026-04-23 20:38:19,957 : INFO : EventManager : Event: ======'s_upper_pop_standup_active'====== Args={}
2026-04-23 20:38:19,957 : INFO : EventManager : Event: ======'machine_var_audits_switches_s_upper_pop_standup'====== Args={'value': 116, 'prev_value': 115, 'change': 1}
2026-04-23 20:38:19,959 : INFO : EventManager : Event: ======'machine_var_audits_shots_upper_pop_standup'====== Args={'value': 113, 'prev_value': 112, 'change': 1}
2026-04-23 20:38:19,960 : INFO : EventManager : Event: ======'upper_pop_standup_hit'====== Args={'profile': 'base_shot_profile', 'state': 'off', 'advancing': False}
2026-04-23 20:38:19,961 : INFO : EventManager : Event: ======'upper_pop_standup_base_shot_profile_hit'====== Args={'profile': 'base_shot_profile', 'state': 'off', 'advancing': False}
2026-04-23 20:38:19,961 : INFO : EventManager : Event: ======'upper_pop_standup_base_shot_profile_off_hit'====== Args={'profile': 'base_shot_profile', 'state': 'off', 'advancing': False}
2026-04-23 20:38:19,961 : INFO : EventManager : Event: ======'upper_pop_standup_off_hit'====== Args={'profile': 'base_shot_profile', 'state': 'off', 'advancing': False}
2026-04-23 20:38:19,961 : INFO : EventManager : Event: ======'add_tripletrouble_time_5s'====== Args={'priority': 0}
2026-04-23 20:38:19,962 : INFO : EventManager : Event: ======'logicblock_tripletrouble_standups_counter_updated'====== Args={'value': 6, 'enabled': True}
2026-04-23 20:38:19,962 : INFO : EventManager : Event: ======'counter_tripletrouble_standups_counter_hit'====== Args={'count': 6, 'hits': 1, 'remaining': 6}
2026-04-23 20:38:19,962 : INFO : EventManager : Event: ======'logicblock_tripletrouble_standups_counter_hit'====== Args={'count': 6, 'hits': 1, 'remaining': 6}
2026-04-23 20:38:19,963 : INFO : EventManager : Event: ======'player_score'====== Args={'value': 8430, 'prev_value': 3420, 'change': 5010, 'player_num': 1, 'source': 'base'}
2026-04-23 20:38:19,963 : INFO : EventManager : Event: ======'player_tripletrouble_tripletrouble_time_remaining_tick'====== Args={'value': 58, 'prev_value': 53, 'change': 5, 'player_num': 1}
2026-04-23 20:38:19,963 : INFO : EventManager : Event: ======'timer_tripletrouble_time_remaining_time_added'====== Args={'ticks': 58, 'ticks_added': 53, 'ticks_remaining': 53}
2026-04-23 20:38:19,964 : INFO : EventManager : Event: ======'player_score'====== Args={'value': 2008430, 'prev_value': 8430, 'change': 2000000, 'player_num': 1, 'source': 'tripletrouble'}
2026-04-23 20:38:19,964 : INFO : EventManager : Event: ======'player_mode_tripletrouble_score'====== Args={'value': 2000000, 'prev_value': 0, 'change': 2000000, 'player_num': 1, 'source': 'tripletrouble'}
2026-04-23 20:38:19,964 : INFO : EventManager : Event: ======'player_tripletrouble_standups_remaining'====== Args={'value': 6, 'prev_value': 7, 'change': -1, 'player_num': 1, 'source': 'tripletrouble'}
2026-04-23 20:38:20,055 : INFO : SwitchController : <<<<<<< 's_upper_pop_standup' inactive >>>>>>>
2026-04-23 20:38:20,227 : INFO : SwitchController : <<<<<<< 's_upper_pop_standup' active >>>>>>>
2026-04-23 20:38:20,227 : INFO : EventManager : Event: ======'s_upper_pop_standup_active'====== Args={}
2026-04-23 20:38:20,228 : INFO : EventManager : Event: ======'machine_var_audits_switches_s_upper_pop_standup'====== Args={'value': 117, 'prev_value': 116, 'change': 1}
2026-04-23 20:38:20,229 : INFO : EventManager : Event: ======'machine_var_audits_shots_upper_pop_standup'====== Args={'value': 114, 'prev_value': 113, 'change': 1}
2026-04-23 20:38:20,229 : INFO : EventManager : Event: ======'upper_pop_standup_hit'====== Args={'profile': 'base_shot_profile', 'state': 'off', 'advancing': False}
2026-04-23 20:38:20,230 : INFO : EventManager : Event: ======'upper_pop_standup_base_shot_profile_hit'====== Args={'profile': 'base_shot_profile', 'state': 'off', 'advancing': False}
2026-04-23 20:38:20,230 : INFO : EventManager : Event: ======'upper_pop_standup_base_shot_profile_off_hit'====== Args={'profile': 'base_shot_profile', 'state': 'off', 'advancing': False}
2026-04-23 20:38:20,230 : INFO : EventManager : Event: ======'upper_pop_standup_off_hit'====== Args={'profile': 'base_shot_profile', 'state': 'off', 'advancing': False}
2026-04-23 20:38:20,230 : INFO : EventManager : Event: ======'add_tripletrouble_time_5s'====== Args={'priority': 0}
2026-04-23 20:38:20,231 : INFO : EventManager : Event: ======'logicblock_tripletrouble_standups_counter_updated'====== Args={'value': 5, 'enabled': True}
2026-04-23 20:38:20,231 : INFO : EventManager : Event: ======'counter_tripletrouble_standups_counter_hit'====== Args={'count': 5, 'hits': 2, 'remaining': 5}
2026-04-23 20:38:20,231 : INFO : EventManager : Event: ======'logicblock_tripletrouble_standups_counter_hit'====== Args={'count': 5, 'hits': 2, 'remaining': 5}
2026-04-23 20:38:20,231 : INFO : EventManager : Event: ======'player_score'====== Args={'value': 2013440, 'prev_value': 2008430, 'change': 5010, 'player_num': 1, 'source': 'base'}
2026-04-23 20:38:20,232 : INFO : EventManager : Event: ======'player_tripletrouble_tripletrouble_time_remaining_tick'====== Args={'value': 63, 'prev_value': 58, 'change': 5, 'player_num': 1}
2026-04-23 20:38:20,232 : INFO : EventManager : Event: ======'timer_tripletrouble_time_remaining_time_added'====== Args={'ticks': 63, 'ticks_added': 58, 'ticks_remaining': 58}
2026-04-23 20:38:20,233 : INFO : EventManager : Event: ======'player_score'====== Args={'value': 4013440, 'prev_value': 2013440, 'change': 2000000, 'player_num': 1, 'source': 'tripletrouble'}
2026-04-23 20:38:20,233 : INFO : EventManager : Event: ======'player_mode_tripletrouble_score'====== Args={'value': 4000000, 'prev_value': 2000000, 'change': 2000000, 'player_num': 1, 'source': 'tripletrouble'}
2026-04-23 20:38:20,233 : INFO : EventManager : Event: ======'player_tripletrouble_standups_remaining'====== Args={'value': 5, 'prev_value': 6, 'change': -1, 'player_num': 1, 'source': 'tripletrouble'}
2026-04-23 20:38:20,320 : INFO : SwitchController : <<<<<<< 's_upper_pop_standup' inactive >>>>>>>
2026-04-23 20:38:20,465 : INFO : SwitchController : <<<<<<< 's_upper_pop_standup' active >>>>>>>
2026-04-23 20:38:20,465 : INFO : EventManager : Event: ======'s_upper_pop_standup_active'====== Args={}
2026-04-23 20:38:20,465 : INFO : EventManager : Event: ======'machine_var_audits_switches_s_upper_pop_standup'====== Args={'value': 118, 'prev_value': 117, 'change': 1}
2026-04-23 20:38:20,467 : INFO : EventManager : Event: ======'machine_var_audits_shots_upper_pop_standup'====== Args={'value': 115, 'prev_value': 114, 'change': 1}
2026-04-23 20:38:20,467 : INFO : EventManager : Event: ======'upper_pop_standup_hit'====== Args={'profile': 'base_shot_profile', 'state': 'off', 'advancing': False}
2026-04-23 20:38:20,468 : INFO : EventManager : Event: ======'upper_pop_standup_base_shot_profile_hit'====== Args={'profile': 'base_shot_profile', 'state': 'off', 'advancing': False}
2026-04-23 20:38:20,468 : INFO : EventManager : Event: ======'upper_pop_standup_base_shot_profile_off_hit'====== Args={'profile': 'base_shot_profile', 'state': 'off', 'advancing': False}
2026-04-23 20:38:20,468 : INFO : EventManager : Event: ======'upper_pop_standup_off_hit'====== Args={'profile': 'base_shot_profile', 'state': 'off', 'advancing': False}
2026-04-23 20:38:20,468 : INFO : EventManager : Event: ======'add_tripletrouble_time_5s'====== Args={'priority': 0}
2026-04-23 20:38:20,468 : INFO : EventManager : Event: ======'logicblock_tripletrouble_standups_counter_updated'====== Args={'value': 4, 'enabled': True}
2026-04-23 20:38:20,469 : INFO : EventManager : Event: ======'counter_tripletrouble_standups_counter_hit'====== Args={'count': 4, 'hits': 3, 'remaining': 4}
2026-04-23 20:38:20,469 : INFO : EventManager : Event: ======'logicblock_tripletrouble_standups_counter_hit'====== Args={'count': 4, 'hits': 3, 'remaining': 4}
2026-04-23 20:38:20,469 : INFO : EventManager : Event: ======'player_score'====== Args={'value': 4018450, 'prev_value': 4013440, 'change': 5010, 'player_num': 1, 'source': 'base'}
2026-04-23 20:38:20,470 : INFO : EventManager : Event: ======'player_tripletrouble_tripletrouble_time_remaining_tick'====== Args={'value': 68, 'prev_value': 63, 'change': 5, 'player_num': 1}
2026-04-23 20:38:20,470 : INFO : EventManager : Event: ======'timer_tripletrouble_time_remaining_time_added'====== Args={'ticks': 68, 'ticks_added': 63, 'ticks_remaining': 63}
2026-04-23 20:38:20,470 : INFO : EventManager : Event: ======'player_score'====== Args={'value': 6018450, 'prev_value': 4018450, 'change': 2000000, 'player_num': 1, 'source': 'tripletrouble'}
2026-04-23 20:38:20,470 : INFO : EventManager : Event: ======'player_mode_tripletrouble_score'====== Args={'value': 6000000, 'prev_value': 4000000, 'change': 2000000, 'player_num': 1, 'source': 'tripletrouble'}
2026-04-23 20:38:20,471 : INFO : EventManager : Event: ======'player_tripletrouble_standups_remaining'====== Args={'value': 4, 'prev_value': 5, 'change': -1, 'player_num': 1, 'source': 'tripletrouble'}
2026-04-23 20:38:20,571 : INFO : SwitchController : <<<<<<< 's_upper_pop_standup' inactive >>>>>>>
2026-04-23 20:38:20,604 : INFO : EventManager : Event: ======'player_instruments_instrument_rotate_tick'====== Args={'value': 1, 'prev_value': 0, 'change': 1, 'player_num': 1}
2026-04-23 20:38:20,605 : INFO : Timer.instrument_rotate : Timer Complete
2026-04-23 20:38:20,605 : INFO : Timer.instrument_rotate : Stopping Timer
2026-04-23 20:38:20,606 : INFO : EventManager : Event: ======'timer_instrument_rotate_stopped'====== Args={'ticks': 1, 'ticks_remaining': 1}
2026-04-23 20:38:20,606 : INFO : EventManager : Event: ======'timer_instrument_rotate_complete'====== Args={'ticks': 1, 'ticks_remaining': 1}
2026-04-23 20:38:20,606 : INFO : EventManager : Event: ======'player_shot_bottom_drop'====== Args={'value': 1, 'prev_value': 0, 'change': 1, 'player_num': 1}
2026-04-23 20:38:20,607 : INFO : EventManager : Event: ======'player_shot_top_drop'====== Args={'value': 0, 'prev_value': 1, 'change': -1, 'player_num': 1}
2026-04-23 20:38:20,607 : INFO : EventManager : Event: ======'player_instruments_instrument_rotate_tick'====== Args={'value': 0, 'prev_value': 1, 'change': -1, 'player_num': 1}
2026-04-23 20:38:20,607 : INFO : Timer.instrument_rotate : Starting Timer.
2026-04-23 20:38:20,608 : INFO : EventManager : Event: ======'timer_instrument_rotate_started'====== Args={'ticks': 0, 'ticks_remaining': 1}
2026-04-23 20:38:20,608 : INFO : EventManager : Event: ======'timer_instrument_rotate_tick'====== Args={'ticks': 0, 'ticks_remaining': 1}
2026-04-23 20:38:20,715 : INFO : EventManager : Event: ======'player_tripletrouble_tripletrouble_time_remaining_tick'====== Args={'value': 67, 'prev_value': 68, 'change': -1, 'player_num': 1}
2026-04-23 20:38:20,716 : INFO : EventManager : Event: ======'timer_tripletrouble_time_remaining_tick'====== Args={'ticks': 67, 'ticks_remaining': 67}
2026-04-23 20:38:20,717 : INFO : EventManager : Event: ======'player_tripletrouble_time_remaining_variable_times_1'====== Args={'value': 67, 'prev_value': 53, 'change': 14, 'player_num': 1, 'source': 'tripletrouble'}
2026-04-23 20:38:20,721 : INFO : SwitchController : <<<<<<< 's_upper_pop_standup' active >>>>>>>
2026-04-23 20:38:20,721 : INFO : EventManager : Event: ======'s_upper_pop_standup_active'====== Args={}
2026-04-23 20:38:20,721 : INFO : EventManager : Event: ======'machine_var_audits_switches_s_upper_pop_standup'====== Args={'value': 119, 'prev_value': 118, 'change': 1}
2026-04-23 20:38:20,722 : INFO : EventManager : Event: ======'machine_var_audits_shots_upper_pop_standup'====== Args={'value': 116, 'prev_value': 115, 'change': 1}
2026-04-23 20:38:20,723 : INFO : EventManager : Event: ======'upper_pop_standup_hit'====== Args={'profile': 'base_shot_profile', 'state': 'off', 'advancing': False}
2026-04-23 20:38:20,723 : INFO : EventManager : Event: ======'upper_pop_standup_base_shot_profile_hit'====== Args={'profile': 'base_shot_profile', 'state': 'off', 'advancing': False}
2026-04-23 20:38:20,723 : INFO : EventManager : Event: ======'upper_pop_standup_base_shot_profile_off_hit'====== Args={'profile': 'base_shot_profile', 'state': 'off', 'advancing': False}
2026-04-23 20:38:20,723 : INFO : EventManager : Event: ======'upper_pop_standup_off_hit'====== Args={'profile': 'base_shot_profile', 'state': 'off', 'advancing': False}
2026-04-23 20:38:20,723 : INFO : EventManager : Event: ======'add_tripletrouble_time_5s'====== Args={'priority': 0}
2026-04-23 20:38:20,724 : INFO : EventManager : Event: ======'logicblock_tripletrouble_standups_counter_updated'====== Args={'value': 3, 'enabled': True}
2026-04-23 20:38:20,724 : INFO : EventManager : Event: ======'counter_tripletrouble_standups_counter_hit'====== Args={'count': 3, 'hits': 4, 'remaining': 3}
2026-04-23 20:38:20,724 : INFO : EventManager : Event: ======'logicblock_tripletrouble_standups_counter_hit'====== Args={'count': 3, 'hits': 4, 'remaining': 3}
2026-04-23 20:38:20,724 : INFO : EventManager : Event: ======'player_score'====== Args={'value': 6023460, 'prev_value': 6018450, 'change': 5010, 'player_num': 1, 'source': 'base'}
2026-04-23 20:38:20,725 : INFO : EventManager : Event: ======'player_tripletrouble_tripletrouble_time_remaining_tick'====== Args={'value': 72, 'prev_value': 67, 'change': 5, 'player_num': 1}
2026-04-23 20:38:20,725 : INFO : EventManager : Event: ======'timer_tripletrouble_time_remaining_time_added'====== Args={'ticks': 72, 'ticks_added': 67, 'ticks_remaining': 67}
2026-04-23 20:38:20,725 : INFO : EventManager : Event: ======'player_score'====== Args={'value': 8023460, 'prev_value': 6023460, 'change': 2000000, 'player_num': 1, 'source': 'tripletrouble'}
2026-04-23 20:38:20,725 : INFO : EventManager : Event: ======'player_mode_tripletrouble_score'====== Args={'value': 8000000, 'prev_value': 6000000, 'change': 2000000, 'player_num': 1, 'source': 'tripletrouble'}
2026-04-23 20:38:20,726 : INFO : EventManager : Event: ======'player_tripletrouble_standups_remaining'====== Args={'value': 3, 'prev_value': 4, 'change': -1, 'player_num': 1, 'source': 'tripletrouble'}
2026-04-23 20:38:20,823 : INFO : SwitchController : <<<<<<< 's_upper_pop_standup' inactive >>>>>>>
2026-04-23 20:38:21,003 : INFO : SwitchController : <<<<<<< 's_upper_pop_standup' active >>>>>>>
2026-04-23 20:38:21,004 : INFO : EventManager : Event: ======'s_upper_pop_standup_active'====== Args={}
2026-04-23 20:38:21,004 : INFO : EventManager : Event: ======'machine_var_audits_switches_s_upper_pop_standup'====== Args={'value': 120, 'prev_value': 119, 'change': 1}
2026-04-23 20:38:21,005 : INFO : EventManager : Event: ======'machine_var_audits_shots_upper_pop_standup'====== Args={'value': 117, 'prev_value': 116, 'change': 1}
2026-04-23 20:38:21,005 : INFO : EventManager : Event: ======'upper_pop_standup_hit'====== Args={'profile': 'base_shot_profile', 'state': 'off', 'advancing': False}
2026-04-23 20:38:21,005 : INFO : EventManager : Event: ======'upper_pop_standup_base_shot_profile_hit'====== Args={'profile': 'base_shot_profile', 'state': 'off', 'advancing': False}
2026-04-23 20:38:21,006 : INFO : EventManager : Event: ======'upper_pop_standup_base_shot_profile_off_hit'====== Args={'profile': 'base_shot_profile', 'state': 'off', 'advancing': False}
2026-04-23 20:38:21,006 : INFO : EventManager : Event: ======'upper_pop_standup_off_hit'====== Args={'profile': 'base_shot_profile', 'state': 'off', 'advancing': False}
2026-04-23 20:38:21,006 : INFO : EventManager : Event: ======'add_tripletrouble_time_5s'====== Args={'priority': 0}
2026-04-23 20:38:21,006 : INFO : EventManager : Event: ======'logicblock_tripletrouble_standups_counter_updated'====== Args={'value': 2, 'enabled': True}
2026-04-23 20:38:21,006 : INFO : EventManager : Event: ======'counter_tripletrouble_standups_counter_hit'====== Args={'count': 2, 'hits': 5, 'remaining': 2}
2026-04-23 20:38:21,006 : INFO : EventManager : Event: ======'logicblock_tripletrouble_standups_counter_hit'====== Args={'count': 2, 'hits': 5, 'remaining': 2}
2026-04-23 20:38:21,007 : INFO : EventManager : Event: ======'player_score'====== Args={'value': 8028470, 'prev_value': 8023460, 'change': 5010, 'player_num': 1, 'source': 'base'}
2026-04-23 20:38:21,007 : INFO : EventManager : Event: ======'player_tripletrouble_tripletrouble_time_remaining_tick'====== Args={'value': 77, 'prev_value': 72, 'change': 5, 'player_num': 1}
2026-04-23 20:38:21,007 : INFO : EventManager : Event: ======'timer_tripletrouble_time_remaining_time_added'====== Args={'ticks': 77, 'ticks_added': 72, 'ticks_remaining': 72}
2026-04-23 20:38:21,008 : INFO : EventManager : Event: ======'player_score'====== Args={'value': 10028470, 'prev_value': 8028470, 'change': 2000000, 'player_num': 1, 'source': 'tripletrouble'}
2026-04-23 20:38:21,008 : INFO : EventManager : Event: ======'player_mode_tripletrouble_score'====== Args={'value': 10000000, 'prev_value': 8000000, 'change': 2000000, 'player_num': 1, 'source': 'tripletrouble'}
2026-04-23 20:38:21,008 : INFO : EventManager : Event: ======'player_tripletrouble_standups_remaining'====== Args={'value': 2, 'prev_value': 3, 'change': -1, 'player_num': 1, 'source': 'tripletrouble'}
2026-04-23 20:38:21,075 : INFO : EventManager : Event: ======'ball_save_default_grace_period'====== Args={}
2026-04-23 20:38:21,091 : INFO : SwitchController : <<<<<<< 's_upper_pop_standup' inactive >>>>>>>
2026-04-23 20:38:21,265 : INFO : SwitchController : <<<<<<< 's_upper_pop_standup' active >>>>>>>
2026-04-23 20:38:21,265 : INFO : EventManager : Event: ======'s_upper_pop_standup_active'====== Args={}
2026-04-23 20:38:21,265 : INFO : EventManager : Event: ======'machine_var_audits_switches_s_upper_pop_standup'====== Args={'value': 121, 'prev_value': 120, 'change': 1}
2026-04-23 20:38:21,266 : INFO : EventManager : Event: ======'machine_var_audits_shots_upper_pop_standup'====== Args={'value': 118, 'prev_value': 117, 'change': 1}
2026-04-23 20:38:21,266 : INFO : EventManager : Event: ======'upper_pop_standup_hit'====== Args={'profile': 'base_shot_profile', 'state': 'off', 'advancing': False}
2026-04-23 20:38:21,267 : INFO : EventManager : Event: ======'upper_pop_standup_base_shot_profile_hit'====== Args={'profile': 'base_shot_profile', 'state': 'off', 'advancing': False}
2026-04-23 20:38:21,267 : INFO : EventManager : Event: ======'upper_pop_standup_base_shot_profile_off_hit'====== Args={'profile': 'base_shot_profile', 'state': 'off', 'advancing': False}
2026-04-23 20:38:21,267 : INFO : EventManager : Event: ======'upper_pop_standup_off_hit'====== Args={'profile': 'base_shot_profile', 'state': 'off', 'advancing': False}
2026-04-23 20:38:21,267 : INFO : EventManager : Event: ======'add_tripletrouble_time_5s'====== Args={'priority': 0}
2026-04-23 20:38:21,268 : INFO : EventManager : Event: ======'logicblock_tripletrouble_standups_counter_updated'====== Args={'value': 1, 'enabled': True}
2026-04-23 20:38:21,268 : INFO : EventManager : Event: ======'counter_tripletrouble_standups_counter_hit'====== Args={'count': 1, 'hits': 6, 'remaining': 1}
2026-04-23 20:38:21,268 : INFO : EventManager : Event: ======'logicblock_tripletrouble_standups_counter_hit'====== Args={'count': 1, 'hits': 6, 'remaining': 1}
2026-04-23 20:38:21,268 : INFO : EventManager : Event: ======'player_score'====== Args={'value': 10033480, 'prev_value': 10028470, 'change': 5010, 'player_num': 1, 'source': 'base'}
2026-04-23 20:38:21,269 : INFO : EventManager : Event: ======'player_tripletrouble_tripletrouble_time_remaining_tick'====== Args={'value': 82, 'prev_value': 77, 'change': 5, 'player_num': 1}
2026-04-23 20:38:21,269 : INFO : EventManager : Event: ======'timer_tripletrouble_time_remaining_time_added'====== Args={'ticks': 82, 'ticks_added': 77, 'ticks_remaining': 77}
2026-04-23 20:38:21,269 : INFO : EventManager : Event: ======'player_score'====== Args={'value': 12033480, 'prev_value': 10033480, 'change': 2000000, 'player_num': 1, 'source': 'tripletrouble'}
2026-04-23 20:38:21,270 : INFO : EventManager : Event: ======'player_mode_tripletrouble_score'====== Args={'value': 12000000, 'prev_value': 10000000, 'change': 2000000, 'player_num': 1, 'source': 'tripletrouble'}
2026-04-23 20:38:21,270 : INFO : EventManager : Event: ======'player_tripletrouble_standups_remaining'====== Args={'value': 1, 'prev_value': 2, 'change': -1, 'player_num': 1, 'source': 'tripletrouble'}
2026-04-23 20:38:21,354 : INFO : SwitchController : <<<<<<< 's_upper_pop_standup' inactive >>>>>>>
2026-04-23 20:38:21,530 : INFO : SwitchController : <<<<<<< 's_upper_pop_standup' active >>>>>>>
2026-04-23 20:38:21,530 : INFO : EventManager : Event: ======'s_upper_pop_standup_active'====== Args={}
2026-04-23 20:38:21,530 : INFO : EventManager : Event: ======'machine_var_audits_switches_s_upper_pop_standup'====== Args={'value': 122, 'prev_value': 121, 'change': 1}
2026-04-23 20:38:21,531 : INFO : EventManager : Event: ======'machine_var_audits_shots_upper_pop_standup'====== Args={'value': 119, 'prev_value': 118, 'change': 1}
2026-04-23 20:38:21,532 : INFO : EventManager : Event: ======'upper_pop_standup_hit'====== Args={'profile': 'base_shot_profile', 'state': 'off', 'advancing': False}
2026-04-23 20:38:21,532 : INFO : EventManager : Event: ======'upper_pop_standup_base_shot_profile_hit'====== Args={'profile': 'base_shot_profile', 'state': 'off', 'advancing': False}
2026-04-23 20:38:21,532 : INFO : EventManager : Event: ======'upper_pop_standup_base_shot_profile_off_hit'====== Args={'profile': 'base_shot_profile', 'state': 'off', 'advancing': False}
2026-04-23 20:38:21,532 : INFO : EventManager : Event: ======'upper_pop_standup_off_hit'====== Args={'profile': 'base_shot_profile', 'state': 'off', 'advancing': False}
2026-04-23 20:38:21,532 : INFO : EventManager : Event: ======'add_tripletrouble_time_5s'====== Args={'priority': 0}
2026-04-23 20:38:21,532 : INFO : EventManager : Event: ======'logicblock_tripletrouble_standups_counter_updated'====== Args={'value': 0, 'enabled': True}
2026-04-23 20:38:21,532 : INFO : EventManager : Event: ======'counter_tripletrouble_standups_counter_hit'====== Args={'count': 0, 'hits': 7, 'remaining': 0}
2026-04-23 20:38:21,533 : INFO : EventManager : Event: ======'logicblock_tripletrouble_standups_counter_hit'====== Args={'count': 0, 'hits': 7, 'remaining': 0}
2026-04-23 20:38:21,533 : INFO : EventManager : Event: ======'tripletrouble_standups_counter_complete'====== Args={}
2026-04-23 20:38:21,533 : INFO : EventManager : Event: ======'player_score'====== Args={'value': 12038490, 'prev_value': 12033480, 'change': 5010, 'player_num': 1, 'source': 'base'}
2026-04-23 20:38:21,533 : INFO : EventManager : Event: ======'player_tripletrouble_tripletrouble_time_remaining_tick'====== Args={'value': 87, 'prev_value': 82, 'change': 5, 'player_num': 1}
2026-04-23 20:38:21,533 : INFO : EventManager : Event: ======'timer_tripletrouble_time_remaining_time_added'====== Args={'ticks': 87, 'ticks_added': 82, 'ticks_remaining': 82}
2026-04-23 20:38:21,534 : INFO : EventManager : Event: ======'player_score'====== Args={'value': 14038490, 'prev_value': 12038490, 'change': 2000000, 'player_num': 1, 'source': 'tripletrouble'}
2026-04-23 20:38:21,534 : INFO : EventManager : Event: ======'player_mode_tripletrouble_score'====== Args={'value': 14000000, 'prev_value': 12000000, 'change': 2000000, 'player_num': 1, 'source': 'tripletrouble'}
2026-04-23 20:38:21,534 : INFO : EventManager : Event: ======'player_tripletrouble_standups_remaining'====== Args={'value': 0, 'prev_value': 1, 'change': -1, 'player_num': 1, 'source': 'tripletrouble'}
2026-04-23 20:38:21,534 : INFO : EventManager : Event: ======'logicblock_tripletrouble_shot_1_updated'====== Args={'value': 1, 'enabled': True}
2026-04-23 20:38:21,535 : INFO : EventManager : Event: ======'logicblock_tripletrouble_shot_1_hit'====== Args={'step': 1}
2026-04-23 20:38:21,535 : INFO : EventManager : Event: ======'tripletrouble_shot_1_done'====== Args={}
2026-04-23 20:38:21,535 : INFO : EventManager : Event: ======'logicblock_tripletrouble_shot_1_updated'====== Args={'value': 1, 'enabled': False}
2026-04-23 20:38:21,535 : INFO : EventManager : Event: ======'logicblock_tripletrouble_shot_2_updated'====== Args={'value': 0, 'enabled': True}
2026-04-23 20:38:21,536 : INFO : EventManager : Event: ======'player_score'====== Args={'value': 24038490, 'prev_value': 14038490, 'change': 10000000, 'player_num': 1, 'source': 'tripletrouble'}
2026-04-23 20:38:21,536 : INFO : EventManager : Event: ======'player_mode_tripletrouble_score'====== Args={'value': 24000000, 'prev_value': 14000000, 'change': 10000000, 'player_num': 1, 'source': 'tripletrouble'}
2026-04-23 20:38:21,536 : INFO : blinkenlight.bl_lowerrightstandup_circle_led : Color removed with key tripletrouble
2026-04-23 20:38:21,537 : INFO : blinkenlight.bl_dropstandup_flasher_led : Color removed with key tripletrouble
2026-04-23 20:38:21,537 : INFO : blinkenlight.bl_upperpop_smallarrow_led : Color removed with key tripletrouble
2026-04-23 20:38:21,537 : INFO : blinkenlight.bl_tshirttopcircle_led : Color removed with key tripletrouble
2026-04-23 20:38:21,537 : INFO : blinkenlight.bl_tshirtbottomcircle_led : Color removed with key tripletrouble
2026-04-23 20:38:21,537 : INFO : blinkenlight.bl_captiveball_smallcircle_led : Color removed with key tripletrouble
2026-04-23 20:38:21,546 : INFO : EventManager : Event: ======'slide_tripletrouble_standups_counter_removed'====== Args={'_from_bcp': True}
2026-04-23 20:38:21,551 : INFO : EventManager : Event: ======'slide_tripletrouble_final_shot_lit_created'====== Args={'_from_bcp': True}
2026-04-23 20:38:21,621 : INFO : EventManager : Event: ======'player_instruments_instrument_rotate_tick'====== Args={'value': 1, 'prev_value': 0, 'change': 1, 'player_num': 1}
2026-04-23 20:38:21,623 : INFO : Timer.instrument_rotate : Timer Complete
2026-04-23 20:38:21,623 : INFO : Timer.instrument_rotate : Stopping Timer
2026-04-23 20:38:21,623 : INFO : EventManager : Event: ======'timer_instrument_rotate_stopped'====== Args={'ticks': 1, 'ticks_remaining': 1}
2026-04-23 20:38:21,623 : INFO : EventManager : Event: ======'timer_instrument_rotate_complete'====== Args={'ticks': 1, 'ticks_remaining': 1}
2026-04-23 20:38:21,623 : INFO : EventManager : Event: ======'player_shot_bottom_drop'====== Args={'value': 0, 'prev_value': 1, 'change': -1, 'player_num': 1}
2026-04-23 20:38:21,623 : INFO : EventManager : Event: ======'player_shot_middle_drop'====== Args={'value': 1, 'prev_value': 0, 'change': 1, 'player_num': 1}
2026-04-23 20:38:21,624 : INFO : EventManager : Event: ======'player_instruments_instrument_rotate_tick'====== Args={'value': 0, 'prev_value': 1, 'change': -1, 'player_num': 1}
2026-04-23 20:38:21,624 : INFO : Timer.instrument_rotate : Starting Timer.
2026-04-23 20:38:21,624 : INFO : EventManager : Event: ======'timer_instrument_rotate_started'====== Args={'ticks': 0, 'ticks_remaining': 1}
2026-04-23 20:38:21,624 : INFO : EventManager : Event: ======'timer_instrument_rotate_tick'====== Args={'ticks': 0, 'ticks_remaining': 1}
2026-04-23 20:38:21,631 : INFO : SwitchController : <<<<<<< 's_upper_pop_standup' inactive >>>>>>>
2026-04-23 20:38:21,715 : INFO : EventManager : Event: ======'player_tripletrouble_tripletrouble_time_remaining_tick'====== Args={'value': 86, 'prev_value': 87, 'change': -1, 'player_num': 1}
2026-04-23 20:38:21,716 : INFO : EventManager : Event: ======'timer_tripletrouble_time_remaining_tick'====== Args={'ticks': 86, 'ticks_remaining': 86}
2026-04-23 20:38:21,717 : INFO : EventManager : Event: ======'player_tripletrouble_time_remaining_variable_times_1'====== Args={'value': 86, 'prev_value': 67, 'change': 19, 'player_num': 1, 'source': 'tripletrouble'}
2026-04-23 20:38:22,633 : INFO : EventManager : Event: ======'player_instruments_instrument_rotate_tick'====== Args={'value': 1, 'prev_value': 0, 'change': 1, 'player_num': 1}
2026-04-23 20:38:22,634 : INFO : Timer.instrument_rotate : Timer Complete
2026-04-23 20:38:22,635 : INFO : Timer.instrument_rotate : Stopping Timer
2026-04-23 20:38:22,635 : INFO : EventManager : Event: ======'timer_instrument_rotate_stopped'====== Args={'ticks': 1, 'ticks_remaining': 1}
2026-04-23 20:38:22,635 : INFO : EventManager : Event: ======'timer_instrument_rotate_complete'====== Args={'ticks': 1, 'ticks_remaining': 1}
2026-04-23 20:38:22,635 : INFO : EventManager : Event: ======'player_shot_middle_drop'====== Args={'value': 0, 'prev_value': 1, 'change': -1, 'player_num': 1}
2026-04-23 20:38:22,636 : INFO : EventManager : Event: ======'player_shot_top_drop'====== Args={'value': 1, 'prev_value': 0, 'change': 1, 'player_num': 1}
2026-04-23 20:38:22,636 : INFO : EventManager : Event: ======'player_instruments_instrument_rotate_tick'====== Args={'value': 0, 'prev_value': 1, 'change': -1, 'player_num': 1}
2026-04-23 20:38:22,637 : INFO : Timer.instrument_rotate : Starting Timer.
2026-04-23 20:38:22,637 : INFO : EventManager : Event: ======'timer_instrument_rotate_started'====== Args={'ticks': 0, 'ticks_remaining': 1}
2026-04-23 20:38:22,637 : INFO : EventManager : Event: ======'timer_instrument_rotate_tick'====== Args={'ticks': 0, 'ticks_remaining': 1}
2026-04-23 20:38:22,711 : INFO : EventManager : Event: ======'player_tripletrouble_tripletrouble_time_remaining_tick'====== Args={'value': 85, 'prev_value': 86, 'change': -1, 'player_num': 1}
2026-04-23 20:38:22,713 : INFO : EventManager : Event: ======'timer_tripletrouble_time_remaining_tick'====== Args={'ticks': 85, 'ticks_remaining': 85}
2026-04-23 20:38:22,714 : INFO : EventManager : Event: ======'player_tripletrouble_time_remaining_variable_times_1'====== Args={'value': 85, 'prev_value': 86, 'change': -1, 'player_num': 1, 'source': 'tripletrouble'}
2026-04-23 20:38:23,084 : INFO : EventManager : Event: ======'ball_save_default_disabled'====== Args={}
2026-04-23 20:38:23,231 : INFO : SwitchController : <<<<<<< 's_scoop' active >>>>>>>
2026-04-23 20:38:23,231 : INFO : EventManager : Event: ======'s_scoop_active'====== Args={}
2026-04-23 20:38:23,232 : INFO : EventManager : Event: ======'machine_var_audits_switches_s_scoop'====== Args={'value': 129, 'prev_value': 128, 'change': 1}
2026-04-23 20:38:23,233 : INFO : EventManager : Event: ======'machine_var_audits_shots_scoop'====== Args={'value': 129, 'prev_value': 128, 'change': 1}
2026-04-23 20:38:23,234 : INFO : EventManager : Event: ======'scoop_hit'====== Args={'profile': 'base_shot_profile', 'state': 'off', 'advancing': False}
2026-04-23 20:38:23,234 : INFO : EventManager : Event: ======'scoop_base_shot_profile_hit'====== Args={'profile': 'base_shot_profile', 'state': 'off', 'advancing': False}
2026-04-23 20:38:23,234 : INFO : EventManager : Event: ======'scoop_base_shot_profile_off_hit'====== Args={'profile': 'base_shot_profile', 'state': 'off', 'advancing': False}
2026-04-23 20:38:23,234 : INFO : EventManager : Event: ======'scoop_off_hit'====== Args={'profile': 'base_shot_profile', 'state': 'off', 'advancing': False}
2026-04-23 20:38:23,234 : INFO : EventManager : Event: ======'player_score'====== Args={'value': 24040800, 'prev_value': 24038490, 'change': 2310, 'player_num': 1, 'source': 'base'}
2026-04-23 20:38:23,235 : INFO : EventManager : Event: ======'logicblock_superpops_counter_updated'====== Args={'value': 2, 'enabled': True}
2026-04-23 20:38:23,235 : INFO : EventManager : Event: ======'counter_superpops_counter_hit'====== Args={'count': 2, 'hits': 2, 'remaining': 2}
2026-04-23 20:38:23,235 : INFO : EventManager : Event: ======'logicblock_superpops_counter_hit'====== Args={'count': 2, 'hits': 2, 'remaining': 2}
2026-04-23 20:38:23,235 : INFO : EventManager : Event: ======'logicblock_tripletrouble_shot_2_updated'====== Args={'value': 1, 'enabled': True}
2026-04-23 20:38:23,235 : INFO : EventManager : Event: ======'logicblock_tripletrouble_shot_2_hit'====== Args={'step': 1}
2026-04-23 20:38:23,235 : INFO : EventManager : Event: ======'tripletrouble_final_shot_hit'====== Args={}
2026-04-23 20:38:23,235 : INFO : EventManager : Event: ======'mode_tripletrouble_stop'====== Args={}
2026-04-23 20:38:23,235 : INFO : EventManager : Event: ======'logicblock_tripletrouble_shot_2_updated'====== Args={'value': 1, 'enabled': False}
2026-04-23 20:38:23,236 : INFO : EventManager : Event: ======'logicblock_tripletrouble_standups_counter_updated'====== Args={'value': 7, 'enabled': True}
2026-04-23 20:38:23,236 : INFO : EventManager : Event: ======'logicblock_tripletrouble_standups_counter_updated'====== Args={'value': 7, 'enabled': True}
2026-04-23 20:38:23,236 : INFO : EventManager : Event: ======'mode_tripletrouble_success'====== Args={'priority': 0}
2026-04-23 20:38:23,237 : INFO : EventManager : Event: ======'player_score'====== Args={'value': 34040800, 'prev_value': 24040800, 'change': 10000000, 'player_num': 1, 'source': 'tripletrouble'}
2026-04-23 20:38:23,237 : INFO : EventManager : Event: ======'player_mode_tripletrouble_score'====== Args={'value': 34000000, 'prev_value': 24000000, 'change': 10000000, 'player_num': 1, 'source': 'tripletrouble'}
2026-04-23 20:38:23,237 : INFO : Timer.tripletrouble_time_remaining : Pausing Timer for 0 ms
2026-04-23 20:38:23,237 : INFO : EventManager : Event: ======'timer_tripletrouble_time_remaining_paused'====== Args={'ticks': 85, 'ticks_remaining': 85}
2026-04-23 20:38:23,238 : INFO : EventManager : Event: ======'mode_tripletrouble_will_stop'====== Args={}
2026-04-23 20:38:23,238 : INFO : EventManager : Event: ======'mode_tripletrouble_stopping'====== Args={}
2026-04-23 20:38:23,238 : INFO : EventManager : Event: ======'logicblock_battery_charged_status_updated'====== Args={'value': 20, 'enabled': False}
2026-04-23 20:38:23,238 : INFO : EventManager : Event: ======'logicblock_battery_charged_status_updated'====== Args={'value': 20, 'enabled': True}
2026-04-23 20:38:23,239 : INFO : EventManager : Event: ======'logicblock_battery_charged_status_updated'====== Args={'value': 10, 'enabled': True}
2026-04-23 20:38:23,240 : INFO : EventManager : Event: ======'achievement_tripletrouble_mode_changed_state'====== Args={'restore': False, 'state': 'completed', 'selected': False}
2026-04-23 20:38:23,240 : INFO : EventManager : Event: ======'achievement_tripletrouble_mode_state_completed'====== Args={'restore': False, 'state': 'completed', 'selected': False}
2026-04-23 20:38:23,241 : INFO : EventManager : Event: ======'player_modes_completed'====== Args={'value': 1, 'prev_value': 0, 'change': 1, 'player_num': 1, 'source': 'base'}
2026-04-23 20:38:23,241 : INFO : EventManager : Event: ======'player_makesomenoise_mode_multiplier'====== Args={'value': 3, 'prev_value': 1, 'change': 2, 'player_num': 1, 'source': 'base'}
2026-04-23 20:38:23,241 : INFO : EventManager : Event: ======'player_bodhisattvavow_mode_multiplier'====== Args={'value': 3, 'prev_value': 1, 'change': 2, 'player_num': 1, 'source': 'base'}
2026-04-23 20:38:23,242 : INFO : EventManager : Event: ======'logicblock_completed_modes_count_updated'====== Args={'value': 1, 'enabled': True}
2026-04-23 20:38:23,242 : INFO : EventManager : Event: ======'counter_completed_modes_count_hit'====== Args={'count': 1, 'hits': 1, 'remaining': 8}
2026-04-23 20:38:23,243 : INFO : EventManager : Event: ======'logicblock_completed_modes_count_hit'====== Args={'count': 1, 'hits': 1, 'remaining': 8}
2026-04-23 20:38:23,243 : INFO : EventManager : Event: ======'player_charges_remaining_variable'====== Args={'value': 10, 'prev_value': 0, 'change': 10, 'player_num': 1, 'source': 'batterycharger'}
2026-04-23 20:38:23,244 : INFO : Mode.tripletrouble : Stopped.
2026-04-23 20:38:23,244 : INFO : EventManager : Event: ======'modes_active_modes_changed'====== Args={}
2026-04-23 20:38:23,244 : INFO : EventManager : Event: ======'mode_tripletrouble_stopped'====== Args={}
2026-04-23 20:38:23,245 : INFO : EventManager : Event: ======'clear'====== Args={'key': 'tripletrouble'}
2026-04-23 20:38:23,245 : INFO : EventManager : Event: ======'logicblock_battery_charged_status_updated'====== Args={'value': 20, 'enabled': True}
2026-04-23 20:38:23,246 : INFO : EventManager : Event: ======'logicblock_battery_charged_status_updated'====== Args={'value': 20, 'enabled': True}
2026-04-23 20:38:23,246 : INFO : EventManager : Event: ======'logicblock_battery_charged_status_updated'====== Args={'value': 10, 'enabled': True}
2026-04-23 20:38:23,247 : INFO : EventManager : Event: ======'player_mode_blocking_flag'====== Args={'value': 0, 'prev_value': 1, 'change': -1, 'player_num': 1, 'source': 'base'}
2026-04-23 20:38:23,248 : INFO : Timer.tripletrouble_intro_show : Stopping Timer
2026-04-23 20:38:23,248 : INFO : EventManager : Event: ======'timer_tripletrouble_intro_show_stopped'====== Args={'ticks': 5, 'ticks_remaining': 5}
2026-04-23 20:38:23,250 : INFO : Timer.tripletrouble_time_remaining : Stopping Timer
2026-04-23 20:38:23,250 : INFO : EventManager : Event: ======'timer_tripletrouble_time_remaining_stopped'====== Args={'ticks': 85, 'ticks_remaining': 85}
2026-04-23 20:38:23,269 : INFO : EventManager : Event: ======'slide_tripletrouble_final_shot_lit_removed'====== Args={'_from_bcp': True}
2026-04-23 20:38:23,270 : INFO : EventManager : Event: ======'slide_tripletrouble_removed'====== Args={'_from_bcp': True}
2026-04-23 20:38:23,281 : INFO : EventManager : Event: ======'slide_tripletrouble_display_timer_inactive'====== Args={'is_removing': True, '_from_bcp': True}
2026-04-23 20:38:23,282 : INFO : EventManager : Event: ======'slide_instrument_blocks_active'====== Args={'_from_bcp': True}
2026-04-23 20:38:23,282 : INFO : EventManager : Event: ======'slide_tripletrouble_display_timer_removed'====== Args={'_from_bcp': True}
2026-04-23 20:38:23,283 : INFO : EventManager : Event: ======'slide_base_created'====== Args={'_from_bcp': True}
2026-04-23 20:38:23,283 : INFO : EventManager : Event: ======'play_base_video1'====== Args={'_from_bcp': True}
2026-04-23 20:38:23,315 : INFO : EventManager : Event: ======'slide_tripletroublefinish_created'====== Args={'_from_bcp': True}
2026-04-23 20:38:23,322 : INFO : EventManager : Event: ======'slide_basevideo1_created'====== Args={'_from_bcp': True}
2026-04-23 20:38:23,645 : INFO : EventManager : Event: ======'player_instruments_instrument_rotate_tick'====== Args={'value': 1, 'prev_value': 0, 'change': 1, 'player_num': 1}
2026-04-23 20:38:23,647 : INFO : Timer.instrument_rotate : Timer Complete
2026-04-23 20:38:23,647 : INFO : Timer.instrument_rotate : Stopping Timer
2026-04-23 20:38:23,647 : INFO : EventManager : Event: ======'timer_instrument_rotate_stopped'====== Args={'ticks': 1, 'ticks_remaining': 1}
2026-04-23 20:38:23,647 : INFO : EventManager : Event: ======'timer_instrument_rotate_complete'====== Args={'ticks': 1, 'ticks_remaining': 1}
2026-04-23 20:38:23,647 : INFO : EventManager : Event: ======'player_shot_bottom_drop'====== Args={'value': 1, 'prev_value': 0, 'change': 1, 'player_num': 1}
2026-04-23 20:38:23,648 : INFO : EventManager : Event: ======'player_shot_top_drop'====== Args={'value': 0, 'prev_value': 1, 'change': -1, 'player_num': 1}
2026-04-23 20:38:23,649 : INFO : EventManager : Event: ======'player_instruments_instrument_rotate_tick'====== Args={'value': 0, 'prev_value': 1, 'change': -1, 'player_num': 1}
2026-04-23 20:38:23,649 : INFO : Timer.instrument_rotate : Starting Timer.
2026-04-23 20:38:23,649 : INFO : EventManager : Event: ======'timer_instrument_rotate_started'====== Args={'ticks': 0, 'ticks_remaining': 1}
2026-04-23 20:38:23,649 : INFO : EventManager : Event: ======'timer_instrument_rotate_tick'====== Args={'ticks': 0, 'ticks_remaining': 1}
2026-04-23 20:38:23,740 : INFO : EventManager : Event: ======'balldevice_bd_scoop_ball_count_changed'====== Args={'balls': 1}
2026-04-23 20:38:23,741 : INFO : ball_device.bd_scoop : Received unexpected ball
2026-04-23 20:38:23,741 : INFO : EventManager : Event: ======'balldevice_captured_from_playfield'====== Args={'balls': 1}
2026-04-23 20:38:23,742 : INFO : EventManager : Event: ======'sw_playfield_active'====== Args={'balls': 1}
2026-04-23 20:38:23,742 : INFO : EventManager : Event: ======'playfield_ball_count_change'====== Args={'balls': 0, 'change': -1}
2026-04-23 20:38:23,743 : INFO : EventManager : Event: ======'balldevice_bd_scoop_ball_enter'====== Args={'new_balls': 1, 'unclaimed_balls': 1, 'new_available_balls': 1, 'device': <ball_device.bd_scoop>}
2026-04-23 20:38:23,744 : INFO : EventManager : Event: ======'ball_hold_tripletrouble_finish_scoop_hold_held_ball'====== Args={'balls_held': 1, 'total_balls_held': 1}
2026-04-23 20:38:23,744 : INFO : EventManager : Event: ======'ball_hold_tripletrouble_finish_scoop_hold_full'====== Args={'balls': 1}
2026-04-23 20:38:23,745 : INFO : EventManager : Event: ======'balldevice_balls_available'====== Args={}
2026-04-23 20:38:23,745 : INFO : EventManager : Event: ======'balldevice_bd_scoop_ball_entered'====== Args={'new_balls': 1, 'device': <ball_device.bd_scoop>}
2026-04-23 20:38:24,661 : INFO : EventManager : Event: ======'player_instruments_instrument_rotate_tick'====== Args={'value': 1, 'prev_value': 0, 'change': 1, 'player_num': 1}
2026-04-23 20:38:24,662 : INFO : Timer.instrument_rotate : Timer Complete
2026-04-23 20:38:24,662 : INFO : Timer.instrument_rotate : Stopping Timer
2026-04-23 20:38:24,663 : INFO : EventManager : Event: ======'timer_instrument_rotate_stopped'====== Args={'ticks': 1, 'ticks_remaining': 1}
2026-04-23 20:38:24,663 : INFO : EventManager : Event: ======'timer_instrument_rotate_complete'====== Args={'ticks': 1, 'ticks_remaining': 1}
2026-04-23 20:38:24,663 : INFO : EventManager : Event: ======'player_shot_bottom_drop'====== Args={'value': 0, 'prev_value': 1, 'change': -1, 'player_num': 1}
2026-04-23 20:38:24,664 : INFO : EventManager : Event: ======'player_shot_middle_drop'====== Args={'value': 1, 'prev_value': 0, 'change': 1, 'player_num': 1}
2026-04-23 20:38:24,664 : INFO : EventManager : Event: ======'player_instruments_instrument_rotate_tick'====== Args={'value': 0, 'prev_value': 1, 'change': -1, 'player_num': 1}
2026-04-23 20:38:24,664 : INFO : Timer.instrument_rotate : Starting Timer.
2026-04-23 20:38:24,665 : INFO : EventManager : Event: ======'timer_instrument_rotate_started'====== Args={'ticks': 0, 'ticks_remaining': 1}
2026-04-23 20:38:24,665 : INFO : EventManager : Event: ======'timer_instrument_rotate_tick'====== Args={'ticks': 0, 'ticks_remaining': 1}
2026-04-23 20:38:25,676 : INFO : EventManager : Event: ======'player_instruments_instrument_rotate_tick'====== Args={'value': 1, 'prev_value': 0, 'change': 1, 'player_num': 1}
2026-04-23 20:38:25,677 : INFO : Timer.instrument_rotate : Timer Complete
2026-04-23 20:38:25,677 : INFO : Timer.instrument_rotate : Stopping Timer
2026-04-23 20:38:25,677 : INFO : EventManager : Event: ======'timer_instrument_rotate_stopped'====== Args={'ticks': 1, 'ticks_remaining': 1}
2026-04-23 20:38:25,677 : INFO : EventManager : Event: ======'timer_instrument_rotate_complete'====== Args={'ticks': 1, 'ticks_remaining': 1}
2026-04-23 20:38:25,677 : INFO : EventManager : Event: ======'player_shot_middle_drop'====== Args={'value': 0, 'prev_value': 1, 'change': -1, 'player_num': 1}
2026-04-23 20:38:25,677 : INFO : EventManager : Event: ======'player_shot_top_drop'====== Args={'value': 1, 'prev_value': 0, 'change': 1, 'player_num': 1}
2026-04-23 20:38:25,678 : INFO : EventManager : Event: ======'player_instruments_instrument_rotate_tick'====== Args={'value': 0, 'prev_value': 1, 'change': -1, 'player_num': 1}
2026-04-23 20:38:25,678 : INFO : Timer.instrument_rotate : Starting Timer.
2026-04-23 20:38:25,678 : INFO : EventManager : Event: ======'timer_instrument_rotate_started'====== Args={'ticks': 0, 'ticks_remaining': 1}
2026-04-23 20:38:25,678 : INFO : EventManager : Event: ======'timer_instrument_rotate_tick'====== Args={'ticks': 0, 'ticks_remaining': 1}
2026-04-23 20:38:26,689 : INFO : EventManager : Event: ======'player_instruments_instrument_rotate_tick'====== Args={'value': 1, 'prev_value': 0, 'change': 1, 'player_num': 1}
2026-04-23 20:38:26,690 : INFO : Timer.instrument_rotate : Timer Complete
2026-04-23 20:38:26,691 : INFO : Timer.instrument_rotate : Stopping Timer
2026-04-23 20:38:26,691 : INFO : EventManager : Event: ======'timer_instrument_rotate_stopped'====== Args={'ticks': 1, 'ticks_remaining': 1}
2026-04-23 20:38:26,691 : INFO : EventManager : Event: ======'timer_instrument_rotate_complete'====== Args={'ticks': 1, 'ticks_remaining': 1}
2026-04-23 20:38:26,691 : INFO : EventManager : Event: ======'player_shot_bottom_drop'====== Args={'value': 1, 'prev_value': 0, 'change': 1, 'player_num': 1}
2026-04-23 20:38:26,692 : INFO : EventManager : Event: ======'player_shot_top_drop'====== Args={'value': 0, 'prev_value': 1, 'change': -1, 'player_num': 1}
2026-04-23 20:38:26,692 : INFO : EventManager : Event: ======'player_instruments_instrument_rotate_tick'====== Args={'value': 0, 'prev_value': 1, 'change': -1, 'player_num': 1}
2026-04-23 20:38:26,692 : INFO : Timer.instrument_rotate : Starting Timer.
2026-04-23 20:38:26,692 : INFO : EventManager : Event: ======'timer_instrument_rotate_started'====== Args={'ticks': 0, 'ticks_remaining': 1}
2026-04-23 20:38:26,692 : INFO : EventManager : Event: ======'timer_instrument_rotate_tick'====== Args={'ticks': 0, 'ticks_remaining': 1}
2026-04-23 20:38:27,707 : INFO : EventManager : Event: ======'player_instruments_instrument_rotate_tick'====== Args={'value': 1, 'prev_value': 0, 'change': 1, 'player_num': 1}
2026-04-23 20:38:27,707 : INFO : Timer.instrument_rotate : Timer Complete
2026-04-23 20:38:27,708 : INFO : Timer.instrument_rotate : Stopping Timer
2026-04-23 20:38:27,708 : INFO : EventManager : Event: ======'timer_instrument_rotate_stopped'====== Args={'ticks': 1, 'ticks_remaining': 1}
2026-04-23 20:38:27,708 : INFO : EventManager : Event: ======'timer_instrument_rotate_complete'====== Args={'ticks': 1, 'ticks_remaining': 1}
2026-04-23 20:38:27,708 : INFO : EventManager : Event: ======'player_shot_bottom_drop'====== Args={'value': 0, 'prev_value': 1, 'change': -1, 'player_num': 1}
2026-04-23 20:38:27,709 : INFO : EventManager : Event: ======'player_shot_middle_drop'====== Args={'value': 1, 'prev_value': 0, 'change': 1, 'player_num': 1}
2026-04-23 20:38:27,709 : INFO : EventManager : Event: ======'player_instruments_instrument_rotate_tick'====== Args={'value': 0, 'prev_value': 1, 'change': -1, 'player_num': 1}
2026-04-23 20:38:27,709 : INFO : Timer.instrument_rotate : Starting Timer.
2026-04-23 20:38:27,709 : INFO : EventManager : Event: ======'timer_instrument_rotate_started'====== Args={'ticks': 0, 'ticks_remaining': 1}
2026-04-23 20:38:27,709 : INFO : EventManager : Event: ======'timer_instrument_rotate_tick'====== Args={'ticks': 0, 'ticks_remaining': 1}
2026-04-23 20:38:28,722 : INFO : EventManager : Event: ======'player_instruments_instrument_rotate_tick'====== Args={'value': 1, 'prev_value': 0, 'change': 1, 'player_num': 1}
2026-04-23 20:38:28,723 : INFO : Timer.instrument_rotate : Timer Complete
2026-04-23 20:38:28,723 : INFO : Timer.instrument_rotate : Stopping Timer
2026-04-23 20:38:28,723 : INFO : EventManager : Event: ======'timer_instrument_rotate_stopped'====== Args={'ticks': 1, 'ticks_remaining': 1}
2026-04-23 20:38:28,723 : INFO : EventManager : Event: ======'timer_instrument_rotate_complete'====== Args={'ticks': 1, 'ticks_remaining': 1}
2026-04-23 20:38:28,723 : INFO : EventManager : Event: ======'player_shot_middle_drop'====== Args={'value': 0, 'prev_value': 1, 'change': -1, 'player_num': 1}
2026-04-23 20:38:28,724 : INFO : EventManager : Event: ======'player_shot_top_drop'====== Args={'value': 1, 'prev_value': 0, 'change': 1, 'player_num': 1}
2026-04-23 20:38:28,724 : INFO : EventManager : Event: ======'player_instruments_instrument_rotate_tick'====== Args={'value': 0, 'prev_value': 1, 'change': -1, 'player_num': 1}
2026-04-23 20:38:28,724 : INFO : Timer.instrument_rotate : Starting Timer.
2026-04-23 20:38:28,724 : INFO : EventManager : Event: ======'timer_instrument_rotate_started'====== Args={'ticks': 0, 'ticks_remaining': 1}
2026-04-23 20:38:28,725 : INFO : EventManager : Event: ======'timer_instrument_rotate_tick'====== Args={'ticks': 0, 'ticks_remaining': 1}
2026-04-23 20:38:29,264 : INFO : EventManager : Event: ======'slide_tripletroublefinish_removed'====== Args={'_from_bcp': True}
2026-04-23 20:38:29,266 : INFO : ball_device.bd_scoop : Adding 1 ball(s) to the eject_queue with target <playfield.playfield>.
2026-04-23 20:38:29,267 : INFO : EventManager : Event: ======'balldevice_balls_available'====== Args={}
2026-04-23 20:38:29,267 : INFO : EventManager : Event: ======'ball_hold_tripletrouble_finish_scoop_hold_balls_released'====== Args={'balls_released': 1}
2026-04-23 20:38:29,271 : INFO : ball_device.bd_scoop : State: waiting_for_target_ready
2026-04-23 20:38:29,272 : INFO : EventManager : Event: ======'balldevice_bd_scoop_ball_eject_attempt'====== Args={'balls': 1, 'target': <playfield.playfield>, 'source': <ball_device.bd_scoop>, 'mechanical_eject': False, 'num_attempts': 0}
2026-04-23 20:38:29,272 : INFO : ball_device.bd_scoop : State: ejecting
2026-04-23 20:38:29,273 : INFO : ball_device.bd_scoop : Ejecting ball to <playfield.playfield>
2026-04-23 20:38:29,273 : INFO : EventManager : Event: ======'balldevice_bd_scoop_ejecting_ball'====== Args={'balls': 1, 'target': <playfield.playfield>, 'source': <ball_device.bd_scoop>, 'mechanical_eject': False, 'num_attempts': 0}
2026-04-23 20:38:29,275 : INFO : ball_device.bd_scoop : Wait for ball to leave device
2026-04-23 20:38:29,275 : INFO : coil.c_scoop_eject : Pulsing Driver for 25ms (1.0 pulse_power)
2026-04-23 20:38:29,276 : INFO : SwitchController : <<<<<<< 's_scoop' inactive >>>>>>>
2026-04-23 20:38:29,276 : INFO : ball_device.bd_scoop : State: ball_left
2026-04-23 20:38:29,277 : INFO : ball_device.bd_scoop : Ball left
2026-04-23 20:38:29,277 : INFO : ball_device.bd_scoop : Wait for confirm with timeout 3.0
2026-04-23 20:38:29,289 : INFO : EventManager : Event: ======'widget_charges_remaining_active'====== Args={'original_context': 'batterycharger', 'original_calling_context': 'slide_tripletroublefinish_removed{device.achievements.wizard1.state!="enabled" and device.counters.battery_charged_status.enabled==True and current_player.battery_charged_yesorno==0 and current_player.chcheckitout_multiball_blocking_flag==0 and current_player.bodymovin_multiball_blocking_flag==0}', 'priority': 200.0, 'cmd': 'widgets_play', '_from_bcp': True}
2026-04-23 20:38:29,738 : INFO : EventManager : Event: ======'player_instruments_instrument_rotate_tick'====== Args={'value': 1, 'prev_value': 0, 'change': 1, 'player_num': 1}
2026-04-23 20:38:29,739 : INFO : Timer.instrument_rotate : Timer Complete
2026-04-23 20:38:29,740 : INFO : Timer.instrument_rotate : Stopping Timer
2026-04-23 20:38:29,740 : INFO : EventManager : Event: ======'timer_instrument_rotate_stopped'====== Args={'ticks': 1, 'ticks_remaining': 1}
2026-04-23 20:38:29,740 : INFO : EventManager : Event: ======'timer_instrument_rotate_complete'====== Args={'ticks': 1, 'ticks_remaining': 1}
2026-04-23 20:38:29,740 : INFO : EventManager : Event: ======'player_shot_bottom_drop'====== Args={'value': 1, 'prev_value': 0, 'change': 1, 'player_num': 1}
2026-04-23 20:38:29,741 : INFO : EventManager : Event: ======'player_shot_top_drop'====== Args={'value': 0, 'prev_value': 1, 'change': -1, 'player_num': 1}
2026-04-23 20:38:29,741 : INFO : EventManager : Event: ======'player_instruments_instrument_rotate_tick'====== Args={'value': 0, 'prev_value': 1, 'change': -1, 'player_num': 1}
2026-04-23 20:38:29,742 : INFO : Timer.instrument_rotate : Starting Timer.
2026-04-23 20:38:29,742 : INFO : EventManager : Event: ======'timer_instrument_rotate_started'====== Args={'ticks': 0, 'ticks_remaining': 1}
2026-04-23 20:38:29,742 : INFO : EventManager : Event: ======'timer_instrument_rotate_tick'====== Args={'ticks': 0, 'ticks_remaining': 1}
2026-04-23 20:38:29,988 : INFO : SwitchController : <<<<<<< 's_spinner' active >>>>>>>
2026-04-23 20:38:29,989 : INFO : EventManager : Event: ======'playfield_active'====== Args={'source': 'spinner'}
2026-04-23 20:38:29,989 : INFO : EventManager : Event: ======'s_spinner_active'====== Args={}
2026-04-23 20:38:29,989 : INFO : EventManager : Event: ======'spinner_basic_spinner_active'====== Args={'label': None}
2026-04-23 20:38:29,990 : INFO : EventManager : Event: ======'spinner_basic_spinner_hit'====== Args={'hits': 1, 'change': 1, 'label': None}
2026-04-23 20:38:29,990 : INFO : EventManager : Event: ======'machine_var_audits_switches_s_spinner'====== Args={'value': 469, 'prev_value': 468, 'change': 1}
2026-04-23 20:38:29,991 : INFO : EventManager : Event: ======'machine_var_audits_shots_spinner'====== Args={'value': 469, 'prev_value': 468, 'change': 1}
2026-04-23 20:38:29,992 : INFO : EventManager : Event: ======'spinner_hit'====== Args={'profile': 'base_shot_profile', 'state': 'off', 'advancing': False}
2026-04-23 20:38:29,993 : INFO : EventManager : Event: ======'spinner_base_shot_profile_hit'====== Args={'profile': 'base_shot_profile', 'state': 'off', 'advancing': False}
2026-04-23 20:38:29,993 : INFO : EventManager : Event: ======'spinner_base_shot_profile_off_hit'====== Args={'profile': 'base_shot_profile', 'state': 'off', 'advancing': False}
2026-04-23 20:38:29,993 : INFO : EventManager : Event: ======'spinner_off_hit'====== Args={'profile': 'base_shot_profile', 'state': 'off', 'advancing': False}
2026-04-23 20:38:29,993 : INFO : EventManager : Event: ======'logicblock_battery_charged_status_updated'====== Args={'value': 9, 'enabled': True}
2026-04-23 20:38:29,994 : INFO : EventManager : Event: ======'counter_battery_charged_status_hit'====== Args={'count': 9, 'hits': 11, 'remaining': 9}
2026-04-23 20:38:29,994 : INFO : EventManager : Event: ======'logicblock_battery_charged_status_hit'====== Args={'count': 9, 'hits': 11, 'remaining': 9}
2026-04-23 20:38:29,994 : INFO : EventManager : Event: ======'player_score'====== Args={'value': 34041810, 'prev_value': 34040800, 'change': 1010, 'player_num': 1, 'source': 'base'}
2026-04-23 20:38:29,994 : INFO : EventManager : Event: ======'player_charges_remaining_variable'====== Args={'value': 9, 'prev_value': 10, 'change': -1, 'player_num': 1, 'source': 'batterycharger'}
2026-04-23 20:38:30,005 : INFO : ball_device.bd_scoop : Got eject confirm
2026-04-23 20:38:30,005 : INFO : ball_device.bd_scoop : Eject successful
2026-04-23 20:38:30,006 : INFO : EventManager : Event: ======'balldevice_bd_scoop_ball_eject_success'====== Args={'balls': 1, 'target': <playfield.playfield>}
2026-04-23 20:38:30,017 : INFO : EventManager : Event: ======'balldevice_playfield_ball_enter'====== Args={'new_balls': 1, 'unclaimed_balls': 1, 'device': <playfield.playfield>}
2026-04-23 20:38:30,018 : INFO : EventManager : Event: ======'playfield_ball_count_change'====== Args={'balls': 1, 'change': 1}
2026-04-23 20:38:30,021 : INFO : EventManager : Event: ======'balldevice_bd_scoop_ball_count_changed'====== Args={'balls': 0}
2026-04-23 20:38:30,021 : INFO : ball_device.bd_scoop : State: idle
2026-04-23 20:38:30,102 : INFO : SwitchController : <<<<<<< 's_spinner' inactive >>>>>>>
2026-04-23 20:38:30,184 : INFO : SwitchController : <<<<<<< 's_spinner' active >>>>>>>
2026-04-23 20:38:30,184 : INFO : EventManager : Event: ======'s_spinner_active'====== Args={}
2026-04-23 20:38:30,184 : INFO : EventManager : Event: ======'spinner_basic_spinner_hit'====== Args={'hits': 2, 'change': 1, 'label': None}
2026-04-23 20:38:30,185 : INFO : EventManager : Event: ======'machine_var_audits_switches_s_spinner'====== Args={'value': 470, 'prev_value': 469, 'change': 1}
2026-04-23 20:38:30,186 : INFO : EventManager : Event: ======'machine_var_audits_shots_spinner'====== Args={'value': 470, 'prev_value': 469, 'change': 1}
2026-04-23 20:38:30,186 : INFO : EventManager : Event: ======'spinner_hit'====== Args={'profile': 'base_shot_profile', 'state': 'off', 'advancing': False}
2026-04-23 20:38:30,186 : INFO : EventManager : Event: ======'spinner_base_shot_profile_hit'====== Args={'profile': 'base_shot_profile', 'state': 'off', 'advancing': False}
2026-04-23 20:38:30,186 : INFO : EventManager : Event: ======'spinner_base_shot_profile_off_hit'====== Args={'profile': 'base_shot_profile', 'state': 'off', 'advancing': False}
2026-04-23 20:38:30,187 : INFO : EventManager : Event: ======'spinner_off_hit'====== Args={'profile': 'base_shot_profile', 'state': 'off', 'advancing': False}
2026-04-23 20:38:30,187 : INFO : EventManager : Event: ======'logicblock_battery_charged_status_updated'====== Args={'value': 8, 'enabled': True}
2026-04-23 20:38:30,188 : INFO : EventManager : Event: ======'counter_battery_charged_status_hit'====== Args={'count': 8, 'hits': 12, 'remaining': 8}
2026-04-23 20:38:30,188 : INFO : EventManager : Event: ======'logicblock_battery_charged_status_hit'====== Args={'count': 8, 'hits': 12, 'remaining': 8}
2026-04-23 20:38:30,188 : INFO : EventManager : Event: ======'player_score'====== Args={'value': 34042820, 'prev_value': 34041810, 'change': 1010, 'player_num': 1, 'source': 'base'}
2026-04-23 20:38:30,189 : INFO : EventManager : Event: ======'player_charges_remaining_variable'====== Args={'value': 8, 'prev_value': 9, 'change': -1, 'player_num': 1, 'source': 'batterycharger'}
2026-04-23 20:38:30,283 : INFO : SwitchController : <<<<<<< 's_spinner' inactive >>>>>>>
2026-04-23 20:38:30,333 : INFO : SwitchController : <<<<<<< 's_spinner' active >>>>>>>
2026-04-23 20:38:30,333 : INFO : EventManager : Event: ======'s_spinner_active'====== Args={}
2026-04-23 20:38:30,333 : INFO : EventManager : Event: ======'spinner_basic_spinner_hit'====== Args={'hits': 3, 'change': 1, 'label': None}
2026-04-23 20:38:30,334 : INFO : EventManager : Event: ======'machine_var_audits_switches_s_spinner'====== Args={'value': 471, 'prev_value': 470, 'change': 1}
2026-04-23 20:38:30,335 : INFO : EventManager : Event: ======'machine_var_audits_shots_spinner'====== Args={'value': 471, 'prev_value': 470, 'change': 1}
2026-04-23 20:38:30,335 : INFO : EventManager : Event: ======'spinner_hit'====== Args={'profile': 'base_shot_profile', 'state': 'off', 'advancing': False}
2026-04-23 20:38:30,336 : INFO : EventManager : Event: ======'spinner_base_shot_profile_hit'====== Args={'profile': 'base_shot_profile', 'state': 'off', 'advancing': False}
2026-04-23 20:38:30,336 : INFO : EventManager : Event: ======'spinner_base_shot_profile_off_hit'====== Args={'profile': 'base_shot_profile', 'state': 'off', 'advancing': False}
2026-04-23 20:38:30,336 : INFO : EventManager : Event: ======'spinner_off_hit'====== Args={'profile': 'base_shot_profile', 'state': 'off', 'advancing': False}
2026-04-23 20:38:30,336 : INFO : EventManager : Event: ======'logicblock_battery_charged_status_updated'====== Args={'value': 7, 'enabled': True}
2026-04-23 20:38:30,336 : INFO : EventManager : Event: ======'counter_battery_charged_status_hit'====== Args={'count': 7, 'hits': 13, 'remaining': 7}
2026-04-23 20:38:30,336 : INFO : EventManager : Event: ======'logicblock_battery_charged_status_hit'====== Args={'count': 7, 'hits': 13, 'remaining': 7}
2026-04-23 20:38:30,336 : INFO : EventManager : Event: ======'player_score'====== Args={'value': 34043830, 'prev_value': 34042820, 'change': 1010, 'player_num': 1, 'source': 'base'}
2026-04-23 20:38:30,337 : INFO : EventManager : Event: ======'player_charges_remaining_variable'====== Args={'value': 7, 'prev_value': 8, 'change': -1, 'player_num': 1, 'source': 'batterycharger'}
2026-04-23 20:38:30,449 : INFO : SwitchController : <<<<<<< 's_spinner' inactive >>>>>>>
2026-04-23 20:38:30,499 : INFO : SwitchController : <<<<<<< 's_spinner' active >>>>>>>
2026-04-23 20:38:30,499 : INFO : EventManager : Event: ======'s_spinner_active'====== Args={}
2026-04-23 20:38:30,499 : INFO : EventManager : Event: ======'spinner_basic_spinner_hit'====== Args={'hits': 4, 'change': 1, 'label': None}
2026-04-23 20:38:30,499 : INFO : EventManager : Event: ======'machine_var_audits_switches_s_spinner'====== Args={'value': 472, 'prev_value': 471, 'change': 1}
2026-04-23 20:38:30,500 : INFO : EventManager : Event: ======'machine_var_audits_shots_spinner'====== Args={'value': 472, 'prev_value': 471, 'change': 1}
2026-04-23 20:38:30,500 : INFO : EventManager : Event: ======'spinner_hit'====== Args={'profile': 'base_shot_profile', 'state': 'off', 'advancing': False}
2026-04-23 20:38:30,500 : INFO : EventManager : Event: ======'spinner_base_shot_profile_hit'====== Args={'profile': 'base_shot_profile', 'state': 'off', 'advancing': False}
2026-04-23 20:38:30,500 : INFO : EventManager : Event: ======'spinner_base_shot_profile_off_hit'====== Args={'profile': 'base_shot_profile', 'state': 'off', 'advancing': False}
2026-04-23 20:38:30,500 : INFO : EventManager : Event: ======'spinner_off_hit'====== Args={'profile': 'base_shot_profile', 'state': 'off', 'advancing': False}
2026-04-23 20:38:30,501 : INFO : EventManager : Event: ======'logicblock_battery_charged_status_updated'====== Args={'value': 6, 'enabled': True}
2026-04-23 20:38:30,501 : INFO : EventManager : Event: ======'counter_battery_charged_status_hit'====== Args={'count': 6, 'hits': 14, 'remaining': 6}
2026-04-23 20:38:30,501 : INFO : EventManager : Event: ======'logicblock_battery_charged_status_hit'====== Args={'count': 6, 'hits': 14, 'remaining': 6}
2026-04-23 20:38:30,501 : INFO : EventManager : Event: ======'player_score'====== Args={'value': 34044840, 'prev_value': 34043830, 'change': 1010, 'player_num': 1, 'source': 'base'}
2026-04-23 20:38:30,502 : INFO : EventManager : Event: ======'player_charges_remaining_variable'====== Args={'value': 6, 'prev_value': 7, 'change': -1, 'player_num': 1, 'source': 'batterycharger'}
2026-04-23 20:38:30,616 : INFO : SwitchController : <<<<<<< 's_spinner' inactive >>>>>>>
2026-04-23 20:38:30,633 : INFO : SwitchController : <<<<<<< 's_spinner' active >>>>>>>
2026-04-23 20:38:30,634 : INFO : EventManager : Event: ======'s_spinner_active'====== Args={}
2026-04-23 20:38:30,634 : INFO : EventManager : Event: ======'spinner_basic_spinner_hit'====== Args={'hits': 5, 'change': 1, 'label': None}
2026-04-23 20:38:30,634 : INFO : EventManager : Event: ======'machine_var_audits_switches_s_spinner'====== Args={'value': 473, 'prev_value': 472, 'change': 1}
2026-04-23 20:38:30,635 : INFO : EventManager : Event: ======'machine_var_audits_shots_spinner'====== Args={'value': 473, 'prev_value': 472, 'change': 1}
2026-04-23 20:38:30,635 : INFO : EventManager : Event: ======'spinner_hit'====== Args={'profile': 'base_shot_profile', 'state': 'off', 'advancing': False}
2026-04-23 20:38:30,635 : INFO : EventManager : Event: ======'spinner_base_shot_profile_hit'====== Args={'profile': 'base_shot_profile', 'state': 'off', 'advancing': False}
2026-04-23 20:38:30,636 : INFO : EventManager : Event: ======'spinner_base_shot_profile_off_hit'====== Args={'profile': 'base_shot_profile', 'state': 'off', 'advancing': False}
2026-04-23 20:38:30,636 : INFO : EventManager : Event: ======'spinner_off_hit'====== Args={'profile': 'base_shot_profile', 'state': 'off', 'advancing': False}
2026-04-23 20:38:30,636 : INFO : EventManager : Event: ======'logicblock_battery_charged_status_updated'====== Args={'value': 5, 'enabled': True}
2026-04-23 20:38:30,636 : INFO : EventManager : Event: ======'counter_battery_charged_status_hit'====== Args={'count': 5, 'hits': 15, 'remaining': 5}
2026-04-23 20:38:30,637 : INFO : EventManager : Event: ======'logicblock_battery_charged_status_hit'====== Args={'count': 5, 'hits': 15, 'remaining': 5}
2026-04-23 20:38:30,637 : INFO : EventManager : Event: ======'player_score'====== Args={'value': 34045850, 'prev_value': 34044840, 'change': 1010, 'player_num': 1, 'source': 'base'}
2026-04-23 20:38:30,638 : INFO : EventManager : Event: ======'player_charges_remaining_variable'====== Args={'value': 5, 'prev_value': 6, 'change': -1, 'player_num': 1, 'source': 'batterycharger'}
2026-04-23 20:38:30,749 : INFO : EventManager : Event: ======'player_instruments_instrument_rotate_tick'====== Args={'value': 1, 'prev_value': 0, 'change': 1, 'player_num': 1}
2026-04-23 20:38:30,750 : INFO : Timer.instrument_rotate : Timer Complete
2026-04-23 20:38:30,750 : INFO : Timer.instrument_rotate : Stopping Timer
2026-04-23 20:38:30,751 : INFO : EventManager : Event: ======'timer_instrument_rotate_stopped'====== Args={'ticks': 1, 'ticks_remaining': 1}
2026-04-23 20:38:30,751 : INFO : EventManager : Event: ======'timer_instrument_rotate_complete'====== Args={'ticks': 1, 'ticks_remaining': 1}
2026-04-23 20:38:30,751 : INFO : SwitchController : <<<<<<< 's_spinner' inactive >>>>>>>
2026-04-23 20:38:30,752 : INFO : EventManager : Event: ======'player_shot_bottom_drop'====== Args={'value': 0, 'prev_value': 1, 'change': -1, 'player_num': 1}
2026-04-23 20:38:30,752 : INFO : EventManager : Event: ======'player_shot_middle_drop'====== Args={'value': 1, 'prev_value': 0, 'change': 1, 'player_num': 1}
2026-04-23 20:38:30,753 : INFO : EventManager : Event: ======'player_instruments_instrument_rotate_tick'====== Args={'value': 0, 'prev_value': 1, 'change': -1, 'player_num': 1}
2026-04-23 20:38:30,754 : INFO : Timer.instrument_rotate : Starting Timer.
2026-04-23 20:38:30,754 : INFO : EventManager : Event: ======'timer_instrument_rotate_started'====== Args={'ticks': 0, 'ticks_remaining': 1}
2026-04-23 20:38:30,754 : INFO : EventManager : Event: ======'timer_instrument_rotate_tick'====== Args={'ticks': 0, 'ticks_remaining': 1}
2026-04-23 20:38:30,784 : INFO : SwitchController : <<<<<<< 's_spinner' active >>>>>>>
2026-04-23 20:38:30,785 : INFO : EventManager : Event: ======'s_spinner_active'====== Args={}
2026-04-23 20:38:30,785 : INFO : EventManager : Event: ======'spinner_basic_spinner_hit'====== Args={'hits': 6, 'change': 1, 'label': None}
2026-04-23 20:38:30,785 : INFO : EventManager : Event: ======'machine_var_audits_switches_s_spinner'====== Args={'value': 474, 'prev_value': 473, 'change': 1}
2026-04-23 20:38:30,786 : INFO : EventManager : Event: ======'machine_var_audits_shots_spinner'====== Args={'value': 474, 'prev_value': 473, 'change': 1}
2026-04-23 20:38:30,787 : INFO : EventManager : Event: ======'spinner_hit'====== Args={'profile': 'base_shot_profile', 'state': 'off', 'advancing': False}
2026-04-23 20:38:30,787 : INFO : EventManager : Event: ======'spinner_base_shot_profile_hit'====== Args={'profile': 'base_shot_profile', 'state': 'off', 'advancing': False}
2026-04-23 20:38:30,787 : INFO : EventManager : Event: ======'spinner_base_shot_profile_off_hit'====== Args={'profile': 'base_shot_profile', 'state': 'off', 'advancing': False}
2026-04-23 20:38:30,787 : INFO : EventManager : Event: ======'spinner_off_hit'====== Args={'profile': 'base_shot_profile', 'state': 'off', 'advancing': False}
2026-04-23 20:38:30,787 : INFO : EventManager : Event: ======'logicblock_battery_charged_status_updated'====== Args={'value': 4, 'enabled': True}
2026-04-23 20:38:30,787 : INFO : EventManager : Event: ======'counter_battery_charged_status_hit'====== Args={'count': 4, 'hits': 16, 'remaining': 4}
2026-04-23 20:38:30,787 : INFO : EventManager : Event: ======'logicblock_battery_charged_status_hit'====== Args={'count': 4, 'hits': 16, 'remaining': 4}
2026-04-23 20:38:30,788 : INFO : EventManager : Event: ======'player_score'====== Args={'value': 34046860, 'prev_value': 34045850, 'change': 1010, 'player_num': 1, 'source': 'base'}
2026-04-23 20:38:30,788 : INFO : EventManager : Event: ======'player_charges_remaining_variable'====== Args={'value': 4, 'prev_value': 5, 'change': -1, 'player_num': 1, 'source': 'batterycharger'}
2026-04-23 20:38:30,899 : INFO : SwitchController : <<<<<<< 's_spinner' inactive >>>>>>>
2026-04-23 20:38:30,935 : INFO : SwitchController : <<<<<<< 's_spinner' active >>>>>>>
2026-04-23 20:38:30,935 : INFO : EventManager : Event: ======'s_spinner_active'====== Args={}
2026-04-23 20:38:30,935 : INFO : EventManager : Event: ======'spinner_basic_spinner_hit'====== Args={'hits': 7, 'change': 1, 'label': None}
2026-04-23 20:38:30,935 : INFO : EventManager : Event: ======'machine_var_audits_switches_s_spinner'====== Args={'value': 475, 'prev_value': 474, 'change': 1}
2026-04-23 20:38:30,937 : INFO : EventManager : Event: ======'machine_var_audits_shots_spinner'====== Args={'value': 475, 'prev_value': 474, 'change': 1}
2026-04-23 20:38:30,938 : INFO : EventManager : Event: ======'spinner_hit'====== Args={'profile': 'base_shot_profile', 'state': 'off', 'advancing': False}
2026-04-23 20:38:30,938 : INFO : EventManager : Event: ======'spinner_base_shot_profile_hit'====== Args={'profile': 'base_shot_profile', 'state': 'off', 'advancing': False}
2026-04-23 20:38:30,938 : INFO : EventManager : Event: ======'spinner_base_shot_profile_off_hit'====== Args={'profile': 'base_shot_profile', 'state': 'off', 'advancing': False}
2026-04-23 20:38:30,938 : INFO : EventManager : Event: ======'spinner_off_hit'====== Args={'profile': 'base_shot_profile', 'state': 'off', 'advancing': False}
2026-04-23 20:38:30,939 : INFO : EventManager : Event: ======'logicblock_battery_charged_status_updated'====== Args={'value': 3, 'enabled': True}
2026-04-23 20:38:30,939 : INFO : EventManager : Event: ======'counter_battery_charged_status_hit'====== Args={'count': 3, 'hits': 17, 'remaining': 3}
2026-04-23 20:38:30,939 : INFO : EventManager : Event: ======'logicblock_battery_charged_status_hit'====== Args={'count': 3, 'hits': 17, 'remaining': 3}
2026-04-23 20:38:30,940 : INFO : EventManager : Event: ======'player_score'====== Args={'value': 34047870, 'prev_value': 34046860, 'change': 1010, 'player_num': 1, 'source': 'base'}
2026-04-23 20:38:30,940 : INFO : EventManager : Event: ======'player_charges_remaining_variable'====== Args={'value': 3, 'prev_value': 4, 'change': -1, 'player_num': 1, 'source': 'batterycharger'}
2026-04-23 20:38:31,039 : INFO : SwitchController : <<<<<<< 's_spinner' inactive >>>>>>>
2026-04-23 20:38:31,082 : INFO : SwitchController : <<<<<<< 's_spinner' active >>>>>>>
2026-04-23 20:38:31,082 : INFO : EventManager : Event: ======'s_spinner_active'====== Args={}
2026-04-23 20:38:31,082 : INFO : EventManager : Event: ======'spinner_basic_spinner_hit'====== Args={'hits': 8, 'change': 1, 'label': None}
2026-04-23 20:38:31,083 : INFO : EventManager : Event: ======'machine_var_audits_switches_s_spinner'====== Args={'value': 476, 'prev_value': 475, 'change': 1}
2026-04-23 20:38:31,084 : INFO : EventManager : Event: ======'machine_var_audits_shots_spinner'====== Args={'value': 476, 'prev_value': 475, 'change': 1}
2026-04-23 20:38:31,084 : INFO : EventManager : Event: ======'spinner_hit'====== Args={'profile': 'base_shot_profile', 'state': 'off', 'advancing': False}
2026-04-23 20:38:31,084 : INFO : EventManager : Event: ======'spinner_base_shot_profile_hit'====== Args={'profile': 'base_shot_profile', 'state': 'off', 'advancing': False}
2026-04-23 20:38:31,084 : INFO : EventManager : Event: ======'spinner_base_shot_profile_off_hit'====== Args={'profile': 'base_shot_profile', 'state': 'off', 'advancing': False}
2026-04-23 20:38:31,084 : INFO : EventManager : Event: ======'spinner_off_hit'====== Args={'profile': 'base_shot_profile', 'state': 'off', 'advancing': False}
2026-04-23 20:38:31,085 : INFO : EventManager : Event: ======'logicblock_battery_charged_status_updated'====== Args={'value': 2, 'enabled': True}
2026-04-23 20:38:31,085 : INFO : EventManager : Event: ======'counter_battery_charged_status_hit'====== Args={'count': 2, 'hits': 18, 'remaining': 2}
2026-04-23 20:38:31,085 : INFO : EventManager : Event: ======'logicblock_battery_charged_status_hit'====== Args={'count': 2, 'hits': 18, 'remaining': 2}
2026-04-23 20:38:31,086 : INFO : EventManager : Event: ======'player_score'====== Args={'value': 34048880, 'prev_value': 34047870, 'change': 1010, 'player_num': 1, 'source': 'base'}
2026-04-23 20:38:31,086 : INFO : EventManager : Event: ======'player_charges_remaining_variable'====== Args={'value': 2, 'prev_value': 3, 'change': -1, 'player_num': 1, 'source': 'batterycharger'}
2026-04-23 20:38:31,199 : INFO : SwitchController : <<<<<<< 's_spinner' inactive >>>>>>>
2026-04-23 20:38:31,233 : INFO : SwitchController : <<<<<<< 's_spinner' active >>>>>>>
2026-04-23 20:38:31,233 : INFO : EventManager : Event: ======'s_spinner_active'====== Args={}
2026-04-23 20:38:31,233 : INFO : EventManager : Event: ======'spinner_basic_spinner_hit'====== Args={'hits': 9, 'change': 1, 'label': None}
2026-04-23 20:38:31,233 : INFO : EventManager : Event: ======'machine_var_audits_switches_s_spinner'====== Args={'value': 477, 'prev_value': 476, 'change': 1}
2026-04-23 20:38:31,234 : INFO : EventManager : Event: ======'machine_var_audits_shots_spinner'====== Args={'value': 477, 'prev_value': 476, 'change': 1}
2026-04-23 20:38:31,234 : INFO : EventManager : Event: ======'spinner_hit'====== Args={'profile': 'base_shot_profile', 'state': 'off', 'advancing': False}
2026-04-23 20:38:31,234 : INFO : EventManager : Event: ======'spinner_base_shot_profile_hit'====== Args={'profile': 'base_shot_profile', 'state': 'off', 'advancing': False}
2026-04-23 20:38:31,235 : INFO : EventManager : Event: ======'spinner_base_shot_profile_off_hit'====== Args={'profile': 'base_shot_profile', 'state': 'off', 'advancing': False}
2026-04-23 20:38:31,235 : INFO : EventManager : Event: ======'spinner_off_hit'====== Args={'profile': 'base_shot_profile', 'state': 'off', 'advancing': False}
2026-04-23 20:38:31,235 : INFO : EventManager : Event: ======'logicblock_battery_charged_status_updated'====== Args={'value': 1, 'enabled': True}
2026-04-23 20:38:31,235 : INFO : EventManager : Event: ======'counter_battery_charged_status_hit'====== Args={'count': 1, 'hits': 19, 'remaining': 1}
2026-04-23 20:38:31,235 : INFO : EventManager : Event: ======'logicblock_battery_charged_status_hit'====== Args={'count': 1, 'hits': 19, 'remaining': 1}
2026-04-23 20:38:31,236 : INFO : EventManager : Event: ======'player_score'====== Args={'value': 34049890, 'prev_value': 34048880, 'change': 1010, 'player_num': 1, 'source': 'base'}
2026-04-23 20:38:31,236 : INFO : EventManager : Event: ======'player_charges_remaining_variable'====== Args={'value': 1, 'prev_value': 2, 'change': -1, 'player_num': 1, 'source': 'batterycharger'}
2026-04-23 20:38:31,348 : INFO : SwitchController : <<<<<<< 's_spinner' inactive >>>>>>>
2026-04-23 20:38:31,382 : INFO : SwitchController : <<<<<<< 's_spinner' active >>>>>>>
2026-04-23 20:38:31,382 : INFO : EventManager : Event: ======'s_spinner_active'====== Args={}
2026-04-23 20:38:31,382 : INFO : EventManager : Event: ======'spinner_basic_spinner_hit'====== Args={'hits': 10, 'change': 1, 'label': None}
2026-04-23 20:38:31,383 : INFO : EventManager : Event: ======'machine_var_audits_switches_s_spinner'====== Args={'value': 478, 'prev_value': 477, 'change': 1}
2026-04-23 20:38:31,384 : INFO : EventManager : Event: ======'machine_var_audits_shots_spinner'====== Args={'value': 478, 'prev_value': 477, 'change': 1}
2026-04-23 20:38:31,384 : INFO : EventManager : Event: ======'spinner_hit'====== Args={'profile': 'base_shot_profile', 'state': 'off', 'advancing': False}
2026-04-23 20:38:31,384 : INFO : EventManager : Event: ======'spinner_base_shot_profile_hit'====== Args={'profile': 'base_shot_profile', 'state': 'off', 'advancing': False}
2026-04-23 20:38:31,384 : INFO : EventManager : Event: ======'spinner_base_shot_profile_off_hit'====== Args={'profile': 'base_shot_profile', 'state': 'off', 'advancing': False}
2026-04-23 20:38:31,384 : INFO : EventManager : Event: ======'spinner_off_hit'====== Args={'profile': 'base_shot_profile', 'state': 'off', 'advancing': False}
2026-04-23 20:38:31,385 : INFO : EventManager : Event: ======'logicblock_battery_charged_status_updated'====== Args={'value': 0, 'enabled': True}
2026-04-23 20:38:31,385 : INFO : EventManager : Event: ======'counter_battery_charged_status_hit'====== Args={'count': 0, 'hits': 20, 'remaining': 0}
2026-04-23 20:38:31,385 : INFO : EventManager : Event: ======'logicblock_battery_charged_status_hit'====== Args={'count': 0, 'hits': 20, 'remaining': 0}
2026-04-23 20:38:31,385 : INFO : EventManager : Event: ======'battery_charged'====== Args={}
2026-04-23 20:38:31,386 : INFO : EventManager : Event: ======'logicblock_battery_charged_status_updated'====== Args={'value': 0, 'enabled': False}
2026-04-23 20:38:31,386 : INFO : EventManager : Event: ======'player_score'====== Args={'value': 34050900, 'prev_value': 34049890, 'change': 1010, 'player_num': 1, 'source': 'base'}
2026-04-23 20:38:31,387 : INFO : EventManager : Event: ======'player_charges_remaining_variable'====== Args={'value': 0, 'prev_value': 1, 'change': -1, 'player_num': 1, 'source': 'batterycharger'}
2026-04-23 20:38:31,387 : INFO : EventManager : Event: ======'mode_carousel_will_start'====== Args={}
2026-04-23 20:38:31,388 : INFO : EventManager : Unordered handler for class <timer.playfield_x_timer> on event ball_will_end with priority 1. Handlers: [RegisteredHandler(callback=<bound method Timer.pause of <timer.playfield_x_timer>>, priority=1, kwargs={'timer_value': None}, key=UUID('2662d6ff-6890-4f8f-b9a8-93998c42d451'), condition=None, blocking_facility=None), RegisteredHandler(callback=<bound method Timer.jump of <timer.playfield_x_timer>>, priority=1, kwargs={'timer_value': <NativeTemplate 30.0>}, key=UUID('496e1753-6f90-4e8f-b0d4-6e405053567e'), condition=None, blocking_facility=None)]. The order of those handlers is not defined and they will be executed in random order. This might lead to race conditions and potential bugs.
2026-04-23 20:38:31,391 : INFO : EventManager : Event: ======'mode_carousel_starting'====== Args={}
2026-04-23 20:38:31,392 : INFO : EventManager : Event: ======'player_battery_charged_yesorno'====== Args={'value': 1, 'prev_value': 0, 'change': 1, 'player_num': 1, 'source': 'base'}
2026-04-23 20:38:31,393 : INFO : Mode.carousel : Started. Priority: 200
2026-04-23 20:38:31,393 : INFO : EventManager : Event: ======'modes_active_modes_changed'====== Args={}
2026-04-23 20:38:31,393 : INFO : EventManager : Event: ======'mode_carousel_started'====== Args={}
2026-04-23 20:38:31,393 : INFO : blinkenlight.bl_scoop_arrow_led : Color (0, 0, 255) with key carousel added
2026-04-23 20:38:31,395 : INFO : EventManager : Event: ======'carousel_item_highlighted'====== Args={'carousel': 'carousel', 'direction': None, 'item': 'intergalactic'}
2026-04-23 20:38:31,399 : INFO : EventManager : Event: ======'widget_charges_remaining_removed'====== Args={'_from_bcp': True}
2026-04-23 20:38:31,401 : INFO : EventManager : Event: ======'slide_current_mode_highlighted_created'====== Args={'_from_bcp': True}
2026-04-23 20:38:31,401 : INFO : EventManager : Event: ======'random_mode_picker_threemcsand1dj'====== Args={'_from_bcp': True}
2026-04-23 20:38:31,402 : INFO : EventManager : Event: ======'carousel_advance'====== Args={'priority': 0}
2026-04-23 20:38:31,402 : INFO : EventManager : Event: ======'carousel_advance_2'====== Args={'priority': 0}
2026-04-23 20:38:31,402 : INFO : EventManager : Event: ======'carousel_advance_3'====== Args={'priority': 0}
2026-04-23 20:38:31,402 : INFO : EventManager : Event: ======'carousel_advance_4'====== Args={'priority': 0}
2026-04-23 20:38:31,402 : INFO : EventManager : Event: ======'carousel_advance_5'====== Args={'priority': 0}
2026-04-23 20:38:31,402 : INFO : EventManager : Event: ======'carousel_item_highlighted'====== Args={'carousel': 'carousel', 'direction': 'forwards', 'item': 'paulrevere'}
2026-04-23 20:38:31,404 : INFO : EventManager : Event: ======'carousel_item_highlighted'====== Args={'carousel': 'carousel', 'direction': 'forwards', 'item': 'sabotage'}
2026-04-23 20:38:31,405 : INFO : EventManager : Event: ======'carousel_item_highlighted'====== Args={'carousel': 'carousel', 'direction': 'forwards', 'item': 'highplainsdrifter'}
2026-04-23 20:38:31,407 : INFO : EventManager : Event: ======'carousel_item_highlighted'====== Args={'carousel': 'carousel', 'direction': 'forwards', 'item': 'threemcsand1dj'}
2026-04-23 20:38:31,408 : INFO : EventManager : Event: ======'carousel_item_highlighted'====== Args={'carousel': 'carousel', 'direction': 'forwards', 'item': 'toomanyrappers'}
2026-04-23 20:38:31,498 : INFO : SwitchController : <<<<<<< 's_spinner' inactive >>>>>>>
2026-04-23 20:38:31,759 : INFO : EventManager : Event: ======'player_instruments_instrument_rotate_tick'====== Args={'value': 1, 'prev_value': 0, 'change': 1, 'player_num': 1}
2026-04-23 20:38:31,760 : INFO : Timer.instrument_rotate : Timer Complete
2026-04-23 20:38:31,760 : INFO : Timer.instrument_rotate : Stopping Timer
2026-04-23 20:38:31,761 : INFO : EventManager : Event: ======'timer_instrument_rotate_stopped'====== Args={'ticks': 1, 'ticks_remaining': 1}
2026-04-23 20:38:31,761 : INFO : EventManager : Event: ======'timer_instrument_rotate_complete'====== Args={'ticks': 1, 'ticks_remaining': 1}
2026-04-23 20:38:31,761 : INFO : EventManager : Event: ======'player_shot_middle_drop'====== Args={'value': 0, 'prev_value': 1, 'change': -1, 'player_num': 1}
2026-04-23 20:38:31,762 : INFO : EventManager : Event: ======'player_shot_top_drop'====== Args={'value': 1, 'prev_value': 0, 'change': 1, 'player_num': 1}
2026-04-23 20:38:31,762 : INFO : EventManager : Event: ======'player_instruments_instrument_rotate_tick'====== Args={'value': 0, 'prev_value': 1, 'change': -1, 'player_num': 1}
2026-04-23 20:38:31,763 : INFO : Timer.instrument_rotate : Starting Timer.
2026-04-23 20:38:31,763 : INFO : EventManager : Event: ======'timer_instrument_rotate_started'====== Args={'ticks': 0, 'ticks_remaining': 1}
2026-04-23 20:38:31,763 : INFO : EventManager : Event: ======'timer_instrument_rotate_tick'====== Args={'ticks': 0, 'ticks_remaining': 1}
2026-04-23 20:38:32,390 : INFO : EventManager : Event: ======'spinner_basic_spinner_inactive'====== Args={'hits': 10}
2026-04-23 20:38:32,581 : INFO : SwitchController : <<<<<<< 's_right_lower_pop' active >>>>>>>
2026-04-23 20:38:32,581 : INFO : EventManager : Event: ======'s_right_lower_pop_active'====== Args={}
2026-04-23 20:38:32,582 : INFO : EventManager : Event: ======'machine_var_audits_switches_s_right_lower_pop'====== Args={'value': 260, 'prev_value': 259, 'change': 1}
2026-04-23 20:38:32,583 : INFO : EventManager : Event: ======'machine_var_audits_shots_pop3'====== Args={'value': 248, 'prev_value': 247, 'change': 1}
2026-04-23 20:38:32,583 : INFO : EventManager : Event: ======'pop3_hit'====== Args={'profile': 'base_shot_profile', 'state': 'off', 'advancing': False}
2026-04-23 20:38:32,583 : INFO : EventManager : Event: ======'pop3_base_shot_profile_hit'====== Args={'profile': 'base_shot_profile', 'state': 'off', 'advancing': False}
2026-04-23 20:38:32,583 : INFO : EventManager : Event: ======'pop3_base_shot_profile_off_hit'====== Args={'profile': 'base_shot_profile', 'state': 'off', 'advancing': False}
2026-04-23 20:38:32,584 : INFO : EventManager : Event: ======'pop3_off_hit'====== Args={'profile': 'base_shot_profile', 'state': 'off', 'advancing': False}
2026-04-23 20:38:32,584 : INFO : EventManager : Event: ======'carousel_item_highlighted'====== Args={'carousel': 'carousel', 'direction': 'backwards', 'item': 'threemcsand1dj'}
2026-04-23 20:38:32,585 : INFO : EventManager : Event: ======'player_score'====== Args={'value': 34052010, 'prev_value': 34050900, 'change': 1110, 'player_num': 1, 'source': 'base'}
2026-04-23 20:38:32,681 : INFO : SwitchController : <<<<<<< 's_right_lower_pop' inactive >>>>>>>
2026-04-23 20:38:32,764 : INFO : EventManager : Event: ======'player_instruments_instrument_rotate_tick'====== Args={'value': 1, 'prev_value': 0, 'change': 1, 'player_num': 1}
2026-04-23 20:38:32,765 : INFO : Timer.instrument_rotate : Timer Complete
2026-04-23 20:38:32,765 : INFO : Timer.instrument_rotate : Stopping Timer
2026-04-23 20:38:32,766 : INFO : EventManager : Event: ======'timer_instrument_rotate_stopped'====== Args={'ticks': 1, 'ticks_remaining': 1}
2026-04-23 20:38:32,766 : INFO : EventManager : Event: ======'timer_instrument_rotate_complete'====== Args={'ticks': 1, 'ticks_remaining': 1}
2026-04-23 20:38:32,766 : INFO : EventManager : Event: ======'player_shot_bottom_drop'====== Args={'value': 1, 'prev_value': 0, 'change': 1, 'player_num': 1}
2026-04-23 20:38:32,767 : INFO : EventManager : Event: ======'player_shot_top_drop'====== Args={'value': 0, 'prev_value': 1, 'change': -1, 'player_num': 1}
2026-04-23 20:38:32,767 : INFO : EventManager : Event: ======'player_instruments_instrument_rotate_tick'====== Args={'value': 0, 'prev_value': 1, 'change': -1, 'player_num': 1}
2026-04-23 20:38:32,768 : INFO : Timer.instrument_rotate : Starting Timer.
2026-04-23 20:38:32,768 : INFO : EventManager : Event: ======'timer_instrument_rotate_started'====== Args={'ticks': 0, 'ticks_remaining': 1}
2026-04-23 20:38:32,768 : INFO : EventManager : Event: ======'timer_instrument_rotate_tick'====== Args={'ticks': 0, 'ticks_remaining': 1}
2026-04-23 20:38:32,831 : INFO : SwitchController : <<<<<<< 's_right_lower_pop' active >>>>>>>
2026-04-23 20:38:32,832 : INFO : EventManager : Event: ======'s_right_lower_pop_active'====== Args={}
2026-04-23 20:38:32,832 : INFO : EventManager : Event: ======'machine_var_audits_switches_s_right_lower_pop'====== Args={'value': 261, 'prev_value': 260, 'change': 1}
2026-04-23 20:38:32,833 : INFO : EventManager : Event: ======'machine_var_audits_shots_pop3'====== Args={'value': 249, 'prev_value': 248, 'change': 1}
2026-04-23 20:38:32,833 : INFO : EventManager : Event: ======'pop3_hit'====== Args={'profile': 'base_shot_profile', 'state': 'off', 'advancing': False}
2026-04-23 20:38:32,833 : INFO : EventManager : Event: ======'pop3_base_shot_profile_hit'====== Args={'profile': 'base_shot_profile', 'state': 'off', 'advancing': False}
2026-04-23 20:38:32,833 : INFO : EventManager : Event: ======'pop3_base_shot_profile_off_hit'====== Args={'profile': 'base_shot_profile', 'state': 'off', 'advancing': False}
2026-04-23 20:38:32,833 : INFO : EventManager : Event: ======'pop3_off_hit'====== Args={'profile': 'base_shot_profile', 'state': 'off', 'advancing': False}
2026-04-23 20:38:32,833 : INFO : EventManager : Event: ======'carousel_item_highlighted'====== Args={'carousel': 'carousel', 'direction': 'backwards', 'item': 'highplainsdrifter'}
2026-04-23 20:38:32,834 : INFO : EventManager : Event: ======'player_score'====== Args={'value': 34053120, 'prev_value': 34052010, 'change': 1110, 'player_num': 1, 'source': 'base'}
2026-04-23 20:38:32,930 : INFO : SwitchController : <<<<<<< 's_right_lower_pop' inactive >>>>>>>
2026-04-23 20:38:33,147 : INFO : SwitchController : <<<<<<< 's_right_lower_pop' active >>>>>>>
2026-04-23 20:38:33,147 : INFO : EventManager : Event: ======'s_right_lower_pop_active'====== Args={}
2026-04-23 20:38:33,148 : INFO : EventManager : Event: ======'machine_var_audits_switches_s_right_lower_pop'====== Args={'value': 262, 'prev_value': 261, 'change': 1}
2026-04-23 20:38:33,148 : INFO : EventManager : Event: ======'machine_var_audits_shots_pop3'====== Args={'value': 250, 'prev_value': 249, 'change': 1}
2026-04-23 20:38:33,149 : INFO : EventManager : Event: ======'pop3_hit'====== Args={'profile': 'base_shot_profile', 'state': 'off', 'advancing': False}
2026-04-23 20:38:33,149 : INFO : EventManager : Event: ======'pop3_base_shot_profile_hit'====== Args={'profile': 'base_shot_profile', 'state': 'off', 'advancing': False}
2026-04-23 20:38:33,149 : INFO : EventManager : Event: ======'pop3_base_shot_profile_off_hit'====== Args={'profile': 'base_shot_profile', 'state': 'off', 'advancing': False}
2026-04-23 20:38:33,149 : INFO : EventManager : Event: ======'pop3_off_hit'====== Args={'profile': 'base_shot_profile', 'state': 'off', 'advancing': False}
2026-04-23 20:38:33,149 : INFO : EventManager : Event: ======'carousel_item_highlighted'====== Args={'carousel': 'carousel', 'direction': 'backwards', 'item': 'sabotage'}
2026-04-23 20:38:33,150 : INFO : EventManager : Event: ======'player_score'====== Args={'value': 34054230, 'prev_value': 34053120, 'change': 1110, 'player_num': 1, 'source': 'base'}
2026-04-23 20:38:33,264 : INFO : SwitchController : <<<<<<< 's_right_lower_pop' inactive >>>>>>>
2026-04-23 20:38:33,775 : INFO : EventManager : Event: ======'player_instruments_instrument_rotate_tick'====== Args={'value': 1, 'prev_value': 0, 'change': 1, 'player_num': 1}
2026-04-23 20:38:33,776 : INFO : Timer.instrument_rotate : Timer Complete
2026-04-23 20:38:33,776 : INFO : Timer.instrument_rotate : Stopping Timer
2026-04-23 20:38:33,776 : INFO : EventManager : Event: ======'timer_instrument_rotate_stopped'====== Args={'ticks': 1, 'ticks_remaining': 1}
2026-04-23 20:38:33,776 : INFO : EventManager : Event: ======'timer_instrument_rotate_complete'====== Args={'ticks': 1, 'ticks_remaining': 1}
2026-04-23 20:38:33,776 : INFO : EventManager : Event: ======'player_shot_bottom_drop'====== Args={'value': 0, 'prev_value': 1, 'change': -1, 'player_num': 1}
2026-04-23 20:38:33,777 : INFO : EventManager : Event: ======'player_shot_middle_drop'====== Args={'value': 1, 'prev_value': 0, 'change': 1, 'player_num': 1}
2026-04-23 20:38:33,777 : INFO : EventManager : Event: ======'player_instruments_instrument_rotate_tick'====== Args={'value': 0, 'prev_value': 1, 'change': -1, 'player_num': 1}
2026-04-23 20:38:33,778 : INFO : Timer.instrument_rotate : Starting Timer.
2026-04-23 20:38:33,778 : INFO : EventManager : Event: ======'timer_instrument_rotate_started'====== Args={'ticks': 0, 'ticks_remaining': 1}
2026-04-23 20:38:33,778 : INFO : EventManager : Event: ======'timer_instrument_rotate_tick'====== Args={'ticks': 0, 'ticks_remaining': 1}
2026-04-23 20:38:34,213 : INFO : SwitchController : <<<<<<< 's_scoop' active >>>>>>>
2026-04-23 20:38:34,214 : INFO : EventManager : Event: ======'s_scoop_active'====== Args={}
2026-04-23 20:38:34,214 : INFO : EventManager : Event: ======'machine_var_audits_switches_s_scoop'====== Args={'value': 130, 'prev_value': 129, 'change': 1}
2026-04-23 20:38:34,214 : INFO : EventManager : Event: ======'machine_var_audits_shots_scoop'====== Args={'value': 130, 'prev_value': 129, 'change': 1}
2026-04-23 20:38:34,215 : INFO : EventManager : Event: ======'scoop_hit'====== Args={'profile': 'base_shot_profile', 'state': 'off', 'advancing': False}
2026-04-23 20:38:34,215 : INFO : EventManager : Event: ======'scoop_base_shot_profile_hit'====== Args={'profile': 'base_shot_profile', 'state': 'off', 'advancing': False}
2026-04-23 20:38:34,215 : INFO : EventManager : Event: ======'scoop_base_shot_profile_off_hit'====== Args={'profile': 'base_shot_profile', 'state': 'off', 'advancing': False}
2026-04-23 20:38:34,215 : INFO : EventManager : Event: ======'scoop_off_hit'====== Args={'profile': 'base_shot_profile', 'state': 'off', 'advancing': False}
2026-04-23 20:38:34,216 : INFO : EventManager : Event: ======'carousel_item_selected'====== Args={'carousel': 'carousel', 'item': 'sabotage'}
2026-04-23 20:38:34,216 : INFO : EventManager : Event: ======'player_score'====== Args={'value': 34056540, 'prev_value': 34054230, 'change': 2310, 'player_num': 1, 'source': 'base'}
2026-04-23 20:38:34,217 : INFO : EventManager : Event: ======'logicblock_superpops_counter_updated'====== Args={'value': 3, 'enabled': True}
2026-04-23 20:38:34,217 : INFO : EventManager : Event: ======'counter_superpops_counter_hit'====== Args={'count': 3, 'hits': 3, 'remaining': 1}
2026-04-23 20:38:34,217 : INFO : EventManager : Event: ======'logicblock_superpops_counter_hit'====== Args={'count': 3, 'hits': 3, 'remaining': 1}
2026-04-23 20:38:34,218 : INFO : EventManager : Event: ======'mode_sabotage_will_start'====== Args={'carousel': 'carousel', 'item': 'sabotage'}
2026-04-23 20:38:34,218 : INFO : EventManager : Event: ======'player_sabotage_sabotage_intro_show_tick'====== Args={'value': 0, 'prev_value': 0, 'change': 0, 'player_num': 1}
2026-04-23 20:38:34,219 : INFO : EventManager : Event: ======'player_sabotage_sabotage_time_remaining_tick'====== Args={'value': 60, 'prev_value': 0, 'change': 60, 'player_num': 1}
2026-04-23 20:38:34,220 : INFO : EventManager : Unordered handler for class <timer.playfield_x_timer> on event ball_will_end with priority 1. Handlers: [RegisteredHandler(callback=<bound method Timer.pause of <timer.playfield_x_timer>>, priority=1, kwargs={'timer_value': None}, key=UUID('2662d6ff-6890-4f8f-b9a8-93998c42d451'), condition=None, blocking_facility=None), RegisteredHandler(callback=<bound method Timer.jump of <timer.playfield_x_timer>>, priority=1, kwargs={'timer_value': <NativeTemplate 30.0>}, key=UUID('496e1753-6f90-4e8f-b0d4-6e405053567e'), condition=None, blocking_facility=None)]. The order of those handlers is not defined and they will be executed in random order. This might lead to race conditions and potential bugs.
2026-04-23 20:38:34,223 : INFO : EventManager : Unordered handler for class <timer.playfield_x_timer> on event ball_will_end with priority 1. Handlers: [RegisteredHandler(callback=<bound method Timer.pause of <timer.playfield_x_timer>>, priority=1, kwargs={'timer_value': None}, key=UUID('2662d6ff-6890-4f8f-b9a8-93998c42d451'), condition=None, blocking_facility=None), RegisteredHandler(callback=<bound method Timer.jump of <timer.playfield_x_timer>>, priority=1, kwargs={'timer_value': <NativeTemplate 30.0>}, key=UUID('496e1753-6f90-4e8f-b0d4-6e405053567e'), condition=None, blocking_facility=None)]. The order of those handlers is not defined and they will be executed in random order. This might lead to race conditions and potential bugs.
2026-04-23 20:38:34,224 : INFO : EventManager : Event: ======'mode_sabotage_starting'====== Args={'carousel': 'carousel', 'item': 'sabotage'}
2026-04-23 20:38:34,224 : INFO : EventManager : Event: ======'mode_carousel_will_stop'====== Args={}
2026-04-23 20:38:34,224 : INFO : EventManager : Event: ======'mode_carousel_stopping'====== Args={}
2026-04-23 20:38:34,224 : INFO : blinkenlight.bl_scoop_arrow_led : Color removed with key carousel
2026-04-23 20:38:34,225 : INFO : Mode.carousel : Stopped.
2026-04-23 20:38:34,225 : INFO : EventManager : Event: ======'modes_active_modes_changed'====== Args={}
2026-04-23 20:38:34,225 : INFO : EventManager : Event: ======'mode_carousel_stopped'====== Args={}
2026-04-23 20:38:34,225 : INFO : EventManager : Event: ======'clear'====== Args={'key': 'carousel'}
2026-04-23 20:38:34,226 : INFO : Mode.sabotage : Started. Priority: 1001
2026-04-23 20:38:34,226 : INFO : EventManager : Event: ======'modes_active_modes_changed'====== Args={}
2026-04-23 20:38:34,226 : INFO : EventManager : Event: ======'mode_sabotage_started'====== Args={'carousel': 'carousel', 'item': 'sabotage'}
2026-04-23 20:38:34,229 : INFO : EventManager : Event: ======'player_mode_blocking_flag'====== Args={'value': 1, 'prev_value': 0, 'change': 1, 'player_num': 1, 'source': 'sabotage'}
2026-04-23 20:38:34,230 : INFO : EventManager : Event: ======'achievement_sabotage_mode_changed_state'====== Args={'restore': False, 'state': 'started', 'selected': False}
2026-04-23 20:38:34,230 : INFO : EventManager : Event: ======'achievement_sabotage_mode_state_started'====== Args={'restore': False, 'state': 'started', 'selected': False}
2026-04-23 20:38:34,231 : INFO : EventManager : Event: ======'player_mode_sabotage_score'====== Args={'value': 0, 'prev_value': 1, 'change': -1, 'player_num': 1, 'source': 'base'}
2026-04-23 20:38:34,231 : INFO : EventManager : Event: ======'player_modes_played'====== Args={'value': 2, 'prev_value': 1, 'change': 1, 'player_num': 1, 'source': 'base'}
2026-04-23 20:38:34,231 : INFO : EventManager : Event: ======'player_battery_charged_yesorno'====== Args={'value': 0, 'prev_value': 1, 'change': -1, 'player_num': 1, 'source': 'base'}
2026-04-23 20:38:34,232 : INFO : EventManager : Event: ======'player_sabotage_played'====== Args={'value': 1, 'prev_value': 0, 'change': 1, 'player_num': 1, 'source': 'base'}
2026-04-23 20:38:34,232 : INFO : EventManager : Event: ======'logicblock_played_modes_count_updated'====== Args={'value': 2, 'enabled': True}
2026-04-23 20:38:34,232 : INFO : EventManager : Event: ======'counter_played_modes_count_hit'====== Args={'count': 2, 'hits': 2, 'remaining': -3}
2026-04-23 20:38:34,232 : INFO : EventManager : Event: ======'logicblock_played_modes_count_hit'====== Args={'count': 2, 'hits': 2, 'remaining': -3}
2026-04-23 20:38:34,232 : INFO : EventManager : Event: ======'logicblock_playing_all_modes_updated'====== Args={'value': [False, False, False, False, True, False, True, False], 'enabled': True}
2026-04-23 20:38:34,232 : INFO : EventManager : Event: ======'logicblock_playing_all_modes_hit'====== Args={'step': 4}
2026-04-23 20:38:34,233 : INFO : Timer.sabotage_intro_show : Starting Timer.
2026-04-23 20:38:34,233 : INFO : EventManager : Event: ======'timer_sabotage_intro_show_started'====== Args={'ticks': 0, 'ticks_remaining': 11}
2026-04-23 20:38:34,233 : INFO : EventManager : Event: ======'timer_sabotage_intro_show_tick'====== Args={'ticks': 0, 'ticks_remaining': 11}
2026-04-23 20:38:34,246 : INFO : EventManager : Event: ======'slide_current_mode_highlighted_removed'====== Args={'_from_bcp': True}
2026-04-23 20:38:34,247 : INFO : EventManager : Event: ======'slide_base_removed'====== Args={'_from_bcp': True}
2026-04-23 20:38:34,248 : INFO : EventManager : Event: ======'slide_basevideo1_removed'====== Args={'_from_bcp': True}
2026-04-23 20:38:34,266 : INFO : EventManager : Event: ======'slide_sabotage_created'====== Args={'_from_bcp': True}
2026-04-23 20:38:34,271 : INFO : EventManager : Event: ======'slide_sabotage_instructions_created'====== Args={'_from_bcp': True}
2026-04-23 20:38:34,729 : INFO : EventManager : Event: ======'balldevice_bd_scoop_ball_count_changed'====== Args={'balls': 1}
2026-04-23 20:38:34,729 : INFO : ball_device.bd_scoop : Received unexpected ball
2026-04-23 20:38:34,729 : INFO : EventManager : Event: ======'balldevice_captured_from_playfield'====== Args={'balls': 1}
2026-04-23 20:38:34,730 : INFO : EventManager : Event: ======'sw_playfield_active'====== Args={'balls': 1}
2026-04-23 20:38:34,730 : INFO : EventManager : Event: ======'playfield_ball_count_change'====== Args={'balls': 0, 'change': -1}
2026-04-23 20:38:34,731 : INFO : EventManager : Event: ======'balldevice_bd_scoop_ball_enter'====== Args={'new_balls': 1, 'unclaimed_balls': 1, 'new_available_balls': 1, 'device': <ball_device.bd_scoop>}
2026-04-23 20:38:34,731 : INFO : EventManager : Event: ======'ball_hold_sabotage_scoop_hold_held_ball'====== Args={'balls_held': 1, 'total_balls_held': 1}
2026-04-23 20:38:34,732 : INFO : EventManager : Event: ======'ball_hold_sabotage_scoop_hold_full'====== Args={'balls': 1}
2026-04-23 20:38:34,732 : INFO : EventManager : Event: ======'balldevice_balls_available'====== Args={}
2026-04-23 20:38:34,732 : INFO : EventManager : Event: ======'balldevice_bd_scoop_ball_entered'====== Args={'new_balls': 1, 'device': <ball_device.bd_scoop>}
2026-04-23 20:38:34,780 : INFO : EventManager : Event: ======'player_instruments_instrument_rotate_tick'====== Args={'value': 1, 'prev_value': 0, 'change': 1, 'player_num': 1}
2026-04-23 20:38:34,780 : INFO : Timer.instrument_rotate : Timer Complete
2026-04-23 20:38:34,780 : INFO : Timer.instrument_rotate : Stopping Timer
2026-04-23 20:38:34,781 : INFO : EventManager : Event: ======'timer_instrument_rotate_stopped'====== Args={'ticks': 1, 'ticks_remaining': 1}
2026-04-23 20:38:34,781 : INFO : EventManager : Event: ======'timer_instrument_rotate_complete'====== Args={'ticks': 1, 'ticks_remaining': 1}
2026-04-23 20:38:34,781 : INFO : SwitchController : <<<<<<< 's_right_flipper' active >>>>>>>
2026-04-23 20:38:34,781 : INFO : EventManager : Event: ======'s_right_flipper_active'====== Args={}
2026-04-23 20:38:34,782 : INFO : EventManager : Event: ======'machine_var_audits_switches_s_right_flipper'====== Args={'value': 272, 'prev_value': 271, 'change': 1}
2026-04-23 20:38:34,782 : INFO : EventManager : Event: ======'player_shot_middle_drop'====== Args={'value': 0, 'prev_value': 1, 'change': -1, 'player_num': 1}
2026-04-23 20:38:34,782 : INFO : EventManager : Event: ======'player_shot_top_drop'====== Args={'value': 1, 'prev_value': 0, 'change': 1, 'player_num': 1}
2026-04-23 20:38:34,783 : INFO : EventManager : Event: ======'player_instruments_instrument_rotate_tick'====== Args={'value': 0, 'prev_value': 1, 'change': -1, 'player_num': 1}
2026-04-23 20:38:34,783 : INFO : Timer.instrument_rotate : Starting Timer.
2026-04-23 20:38:34,784 : INFO : EventManager : Event: ======'timer_instrument_rotate_started'====== Args={'ticks': 0, 'ticks_remaining': 1}
2026-04-23 20:38:34,784 : INFO : EventManager : Event: ======'timer_instrument_rotate_tick'====== Args={'ticks': 0, 'ticks_remaining': 1}
2026-04-23 20:38:34,797 : INFO : SwitchController : <<<<<<< 's_left_flipper' active >>>>>>>
2026-04-23 20:38:34,797 : INFO : EventManager : Event: ======'s_left_flipper_active'====== Args={}
2026-04-23 20:38:34,798 : INFO : EventManager : Event: ======'flipper_cancel'====== Args={'triggering_group': 1, 'triggering_switch': 's_left_flipper'}
2026-04-23 20:38:34,798 : INFO : EventManager : Event: ======'machine_var_audits_switches_s_left_flipper'====== Args={'value': 124, 'prev_value': 123, 'change': 1}
2026-04-23 20:38:34,799 : INFO : EventManager : Event: ======'player_sabotage_sabotage_intro_show_tick'====== Args={'value': 11, 'prev_value': 0, 'change': 11, 'player_num': 1}
2026-04-23 20:38:34,799 : INFO : Timer.sabotage_intro_show : Timer Complete
2026-04-23 20:38:34,799 : INFO : Timer.sabotage_intro_show : Stopping Timer
2026-04-23 20:38:34,799 : INFO : EventManager : Event: ======'timer_sabotage_intro_show_stopped'====== Args={'ticks': 11, 'ticks_remaining': 11}
2026-04-23 20:38:34,800 : INFO : EventManager : Event: ======'timer_sabotage_intro_show_complete'====== Args={'ticks': 11, 'ticks_remaining': 11}
2026-04-23 20:38:34,800 : INFO : ball_device.bd_scoop : Adding 1 ball(s) to the eject_queue with target <playfield.playfield>.
2026-04-23 20:38:34,800 : INFO : EventManager : Event: ======'balldevice_balls_available'====== Args={}
2026-04-23 20:38:34,801 : INFO : EventManager : Event: ======'ball_hold_sabotage_scoop_hold_balls_released'====== Args={'balls_released': 1}
2026-04-23 20:38:34,804 : INFO : Timer.sabotage_time_remaining : Starting Timer.
2026-04-23 20:38:34,804 : INFO : EventManager : Event: ======'timer_sabotage_time_remaining_started'====== Args={'ticks': 60, 'ticks_remaining': 60}
2026-04-23 20:38:34,804 : INFO : EventManager : Event: ======'timer_sabotage_time_remaining_tick'====== Args={'ticks': 60, 'ticks_remaining': 60}
2026-04-23 20:38:34,805 : INFO : EventManager : Event: ======'ball_save_mode_start_timer_start'====== Args={}
2026-04-23 20:38:34,805 : INFO : EventManager : Event: ======'ball_save_mode_start_enabled'====== Args={}
2026-04-23 20:38:34,805 : INFO : EventManager : Event: ======'player_sabotage_time_remaining_variable_times_1'====== Args={'value': 60, 'prev_value': 0, 'change': 60, 'player_num': 1, 'source': 'sabotage'}
2026-04-23 20:38:34,811 : INFO : ball_device.bd_scoop : State: waiting_for_target_ready
2026-04-23 20:38:34,812 : INFO : EventManager : Event: ======'balldevice_bd_scoop_ball_eject_attempt'====== Args={'balls': 1, 'target': <playfield.playfield>, 'source': <ball_device.bd_scoop>, 'mechanical_eject': False, 'num_attempts': 0}
2026-04-23 20:38:34,812 : INFO : ball_device.bd_scoop : State: ejecting
2026-04-23 20:38:34,813 : INFO : ball_device.bd_scoop : Ejecting ball to <playfield.playfield>
2026-04-23 20:38:34,813 : INFO : EventManager : Event: ======'balldevice_bd_scoop_ejecting_ball'====== Args={'balls': 1, 'target': <playfield.playfield>, 'source': <ball_device.bd_scoop>, 'mechanical_eject': False, 'num_attempts': 0}
2026-04-23 20:38:34,813 : INFO : ball_device.bd_scoop : Wait for ball to leave device
2026-04-23 20:38:34,819 : INFO : EventManager : Event: ======'slide_sabotage_instructions_removed'====== Args={'_from_bcp': True}
2026-04-23 20:38:34,822 : INFO : EventManager : Event: ======'slide_sabotage_perps_counter_created'====== Args={'_from_bcp': True}
2026-04-23 20:38:34,825 : INFO : EventManager : Event: ======'slide_sabotage_display_timer_created'====== Args={'_from_bcp': True}
2026-04-23 20:38:34,830 : INFO : EventManager : Event: ======'slide_mustache1x_created'====== Args={'_from_bcp': True}
2026-04-23 20:38:34,830 : INFO : EventManager : Event: ======'slide_instrument_blocks_inactive'====== Args={'is_removing': False, '_from_bcp': True}
2026-04-23 20:38:34,831 : INFO : EventManager : Event: ======'slide_mustache1x_active'====== Args={'original_context': 'sabotage', 'original_calling_context': 'timer_sabotage_intro_show_complete', 'priority': 1001.0, 'ticks': 11.0, 'ticks_remaining': 11.0, 'cmd': 'slides_play', '_from_bcp': True}
2026-04-23 20:38:34,837 : INFO : coil.c_scoop_eject : Pulsing Driver for 25ms (1.0 pulse_power)
2026-04-23 20:38:34,838 : INFO : SwitchController : <<<<<<< 's_scoop' inactive >>>>>>>
2026-04-23 20:38:34,839 : INFO : ball_device.bd_scoop : State: ball_left
2026-04-23 20:38:34,839 : INFO : ball_device.bd_scoop : Ball left
2026-04-23 20:38:34,839 : INFO : ball_device.bd_scoop : Wait for confirm with timeout 3.0
2026-04-23 20:38:34,897 : INFO : SwitchController : <<<<<<< 's_right_flipper' inactive >>>>>>>
2026-04-23 20:38:34,897 : INFO : EventManager : Event: ======'sw_right_flipper_inactive'====== Args={}
2026-04-23 20:38:34,898 : INFO : EventManager : Event: ======'both_flippers_one'====== Args={'triggering_group': 2, 'triggering_switch': 's_right_flipper'}
2026-04-23 20:38:34,913 : INFO : SwitchController : <<<<<<< 's_left_flipper' inactive >>>>>>>
2026-04-23 20:38:34,913 : INFO : EventManager : Event: ======'sw_left_flipper_inactive'====== Args={}
2026-04-23 20:38:34,913 : INFO : EventManager : Event: ======'both_flippers_inactive'====== Args={'triggering_group': 1, 'triggering_switch': 's_left_flipper'}
2026-04-23 20:38:35,788 : INFO : EventManager : Event: ======'player_instruments_instrument_rotate_tick'====== Args={'value': 1, 'prev_value': 0, 'change': 1, 'player_num': 1}
2026-04-23 20:38:35,789 : INFO : Timer.instrument_rotate : Timer Complete
2026-04-23 20:38:35,789 : INFO : Timer.instrument_rotate : Stopping Timer
2026-04-23 20:38:35,789 : INFO : EventManager : Event: ======'timer_instrument_rotate_stopped'====== Args={'ticks': 1, 'ticks_remaining': 1}
2026-04-23 20:38:35,789 : INFO : EventManager : Event: ======'timer_instrument_rotate_complete'====== Args={'ticks': 1, 'ticks_remaining': 1}
2026-04-23 20:38:35,790 : INFO : EventManager : Event: ======'player_shot_bottom_drop'====== Args={'value': 1, 'prev_value': 0, 'change': 1, 'player_num': 1}
2026-04-23 20:38:35,790 : INFO : EventManager : Event: ======'player_shot_top_drop'====== Args={'value': 0, 'prev_value': 1, 'change': -1, 'player_num': 1}
2026-04-23 20:38:35,791 : INFO : EventManager : Event: ======'player_instruments_instrument_rotate_tick'====== Args={'value': 0, 'prev_value': 1, 'change': -1, 'player_num': 1}
2026-04-23 20:38:35,791 : INFO : Timer.instrument_rotate : Starting Timer.
2026-04-23 20:38:35,791 : INFO : EventManager : Event: ======'timer_instrument_rotate_started'====== Args={'ticks': 0, 'ticks_remaining': 1}
2026-04-23 20:38:35,791 : INFO : EventManager : Event: ======'timer_instrument_rotate_tick'====== Args={'ticks': 0, 'ticks_remaining': 1}
2026-04-23 20:38:35,805 : INFO : EventManager : Event: ======'player_sabotage_sabotage_time_remaining_tick'====== Args={'value': 59, 'prev_value': 60, 'change': -1, 'player_num': 1}
2026-04-23 20:38:35,806 : INFO : EventManager : Event: ======'timer_sabotage_time_remaining_tick'====== Args={'ticks': 59, 'ticks_remaining': 59}
2026-04-23 20:38:35,807 : INFO : EventManager : Event: ======'player_sabotage_time_remaining_variable_times_1'====== Args={'value': 59, 'prev_value': 60, 'change': -1, 'player_num': 1, 'source': 'sabotage'}
2026-04-23 20:38:36,802 : INFO : EventManager : Event: ======'player_instruments_instrument_rotate_tick'====== Args={'value': 1, 'prev_value': 0, 'change': 1, 'player_num': 1}
2026-04-23 20:38:36,803 : INFO : Timer.instrument_rotate : Timer Complete
2026-04-23 20:38:36,803 : INFO : Timer.instrument_rotate : Stopping Timer
2026-04-23 20:38:36,804 : INFO : EventManager : Event: ======'timer_instrument_rotate_stopped'====== Args={'ticks': 1, 'ticks_remaining': 1}
2026-04-23 20:38:36,804 : INFO : EventManager : Event: ======'timer_instrument_rotate_complete'====== Args={'ticks': 1, 'ticks_remaining': 1}
2026-04-23 20:38:36,804 : INFO : EventManager : Event: ======'player_shot_bottom_drop'====== Args={'value': 0, 'prev_value': 1, 'change': -1, 'player_num': 1}
2026-04-23 20:38:36,805 : INFO : EventManager : Event: ======'player_shot_middle_drop'====== Args={'value': 1, 'prev_value': 0, 'change': 1, 'player_num': 1}
2026-04-23 20:38:36,805 : INFO : EventManager : Event: ======'player_instruments_instrument_rotate_tick'====== Args={'value': 0, 'prev_value': 1, 'change': -1, 'player_num': 1}
2026-04-23 20:38:36,805 : INFO : Timer.instrument_rotate : Starting Timer.
2026-04-23 20:38:36,805 : INFO : EventManager : Event: ======'timer_instrument_rotate_started'====== Args={'ticks': 0, 'ticks_remaining': 1}
2026-04-23 20:38:36,806 : INFO : EventManager : Event: ======'timer_instrument_rotate_tick'====== Args={'ticks': 0, 'ticks_remaining': 1}
2026-04-23 20:38:36,808 : INFO : EventManager : Event: ======'player_sabotage_sabotage_time_remaining_tick'====== Args={'value': 58, 'prev_value': 59, 'change': -1, 'player_num': 1}
2026-04-23 20:38:36,808 : INFO : EventManager : Event: ======'timer_sabotage_time_remaining_tick'====== Args={'ticks': 58, 'ticks_remaining': 58}
2026-04-23 20:38:36,809 : INFO : EventManager : Event: ======'player_sabotage_time_remaining_variable_times_1'====== Args={'value': 58, 'prev_value': 59, 'change': -1, 'player_num': 1, 'source': 'sabotage'}
2026-04-23 20:38:37,587 : INFO : SwitchController : <<<<<<< 's_right_ramp' active >>>>>>>
2026-04-23 20:38:37,587 : INFO : EventManager : Event: ======'playfield_active'====== Args={'source': 'right_ramp'}
2026-04-23 20:38:37,588 : INFO : EventManager : Event: ======'s_right_ramp_active'====== Args={}
2026-04-23 20:38:37,588 : INFO : EventManager : Event: ======'machine_var_audits_switches_s_right_ramp'====== Args={'value': 135, 'prev_value': 134, 'change': 1}
2026-04-23 20:38:37,589 : INFO : EventManager : Event: ======'machine_var_audits_shots_right_ramp'====== Args={'value': 128, 'prev_value': 127, 'change': 1}
2026-04-23 20:38:37,590 : INFO : EventManager : Event: ======'right_ramp_hit'====== Args={'profile': 'base_shot_profile', 'state': 'off', 'advancing': False}
2026-04-23 20:38:37,590 : INFO : EventManager : Event: ======'right_ramp_base_shot_profile_hit'====== Args={'profile': 'base_shot_profile', 'state': 'off', 'advancing': False}
2026-04-23 20:38:37,590 : INFO : EventManager : Event: ======'right_ramp_base_shot_profile_off_hit'====== Args={'profile': 'base_shot_profile', 'state': 'off', 'advancing': False}
2026-04-23 20:38:37,590 : INFO : EventManager : Event: ======'right_ramp_off_hit'====== Args={'profile': 'base_shot_profile', 'state': 'off', 'advancing': False}
2026-04-23 20:38:37,591 : INFO : EventManager : Event: ======'increase_perps'====== Args={'priority': 0}
2026-04-23 20:38:37,591 : INFO : EventManager : Event: ======'player_score'====== Args={'value': 34059550, 'prev_value': 34056540, 'change': 3010, 'player_num': 1, 'source': 'base'}
2026-04-23 20:38:37,592 : INFO : EventManager : Event: ======'logicblock_superdrops_counter_updated'====== Args={'value': 1, 'enabled': True}
2026-04-23 20:38:37,592 : INFO : EventManager : Event: ======'counter_superdrops_counter_hit'====== Args={'count': 1, 'hits': 1, 'remaining': 3}
2026-04-23 20:38:37,592 : INFO : EventManager : Event: ======'logicblock_superdrops_counter_hit'====== Args={'count': 1, 'hits': 1, 'remaining': 3}
2026-04-23 20:38:37,592 : INFO : EventManager : Event: ======'add_sabotage_time_7s'====== Args={'priority': 0}
2026-04-23 20:38:37,592 : INFO : EventManager : Event: ======'player_score'====== Args={'value': 36059550, 'prev_value': 34059550, 'change': 2000000, 'player_num': 1, 'source': 'sabotage'}
2026-04-23 20:38:37,593 : INFO : EventManager : Event: ======'player_mode_sabotage_score'====== Args={'value': 2000000, 'prev_value': 0, 'change': 2000000, 'player_num': 1, 'source': 'sabotage'}
2026-04-23 20:38:37,593 : INFO : EventManager : Event: ======'player_sabotage_perps_caught'====== Args={'value': 1, 'prev_value': 0, 'change': 1, 'player_num': 1, 'source': 'sabotage'}
2026-04-23 20:38:37,593 : INFO : EventManager : Event: ======'player_sabotage_sabotage_time_remaining_tick'====== Args={'value': 65, 'prev_value': 58, 'change': 7, 'player_num': 1}
2026-04-23 20:38:37,593 : INFO : EventManager : Event: ======'timer_sabotage_time_remaining_time_added'====== Args={'ticks': 65, 'ticks_added': 58, 'ticks_remaining': 58}
2026-04-23 20:38:37,608 : INFO : ball_device.bd_scoop : Got eject confirm
2026-04-23 20:38:37,609 : INFO : ball_device.bd_scoop : Eject successful
2026-04-23 20:38:37,609 : INFO : EventManager : Event: ======'balldevice_bd_scoop_ball_eject_success'====== Args={'balls': 1, 'target': <playfield.playfield>}
2026-04-23 20:38:37,610 : INFO : EventManager : Event: ======'balldevice_playfield_ball_enter'====== Args={'new_balls': 1, 'unclaimed_balls': 1, 'device': <playfield.playfield>}
2026-04-23 20:38:37,611 : INFO : EventManager : Event: ======'playfield_ball_count_change'====== Args={'balls': 1, 'change': 1}
2026-04-23 20:38:37,613 : INFO : EventManager : Event: ======'balldevice_bd_scoop_ball_count_changed'====== Args={'balls': 0}
2026-04-23 20:38:37,613 : INFO : ball_device.bd_scoop : State: idle
2026-04-23 20:38:37,659 : INFO : SwitchController : <<<<<<< 's_right_ramp' inactive >>>>>>>
2026-04-23 20:38:37,817 : INFO : EventManager : Event: ======'player_sabotage_sabotage_time_remaining_tick'====== Args={'value': 64, 'prev_value': 65, 'change': -1, 'player_num': 1}
2026-04-23 20:38:37,818 : INFO : EventManager : Event: ======'timer_sabotage_time_remaining_tick'====== Args={'ticks': 64, 'ticks_remaining': 64}
2026-04-23 20:38:37,819 : INFO : EventManager : Event: ======'ball_save_mode_start_hurry_up'====== Args={}
2026-04-23 20:38:37,819 : INFO : EventManager : Event: ======'player_sabotage_time_remaining_variable_times_1'====== Args={'value': 64, 'prev_value': 58, 'change': 6, 'player_num': 1, 'source': 'sabotage'}
2026-04-23 20:38:37,820 : INFO : EventManager : Event: ======'player_instruments_instrument_rotate_tick'====== Args={'value': 1, 'prev_value': 0, 'change': 1, 'player_num': 1}
2026-04-23 20:38:37,820 : INFO : Timer.instrument_rotate : Timer Complete
2026-04-23 20:38:37,820 : INFO : Timer.instrument_rotate : Stopping Timer
2026-04-23 20:38:37,820 : INFO : EventManager : Event: ======'timer_instrument_rotate_stopped'====== Args={'ticks': 1, 'ticks_remaining': 1}
2026-04-23 20:38:37,820 : INFO : EventManager : Event: ======'timer_instrument_rotate_complete'====== Args={'ticks': 1, 'ticks_remaining': 1}
2026-04-23 20:38:37,821 : INFO : EventManager : Event: ======'player_shot_middle_drop'====== Args={'value': 0, 'prev_value': 1, 'change': -1, 'player_num': 1}
2026-04-23 20:38:37,821 : INFO : EventManager : Event: ======'player_shot_top_drop'====== Args={'value': 1, 'prev_value': 0, 'change': 1, 'player_num': 1}
2026-04-23 20:38:37,822 : INFO : EventManager : Event: ======'player_instruments_instrument_rotate_tick'====== Args={'value': 0, 'prev_value': 1, 'change': -1, 'player_num': 1}
2026-04-23 20:38:37,822 : INFO : Timer.instrument_rotate : Starting Timer.
2026-04-23 20:38:37,822 : INFO : EventManager : Event: ======'timer_instrument_rotate_started'====== Args={'ticks': 0, 'ticks_remaining': 1}
2026-04-23 20:38:37,822 : INFO : EventManager : Event: ======'timer_instrument_rotate_tick'====== Args={'ticks': 0, 'ticks_remaining': 1}
2026-04-23 20:38:37,953 : INFO : SwitchController : <<<<<<< 's_right_ramp' active >>>>>>>
2026-04-23 20:38:37,954 : INFO : EventManager : Event: ======'machine_var_audits_switches_s_right_ramp'====== Args={'value': 136, 'prev_value': 135, 'change': 1}
2026-04-23 20:38:38,031 : INFO : SwitchController : <<<<<<< 's_right_ramp' inactive >>>>>>>
2026-04-23 20:38:38,405 : INFO : SwitchController : <<<<<<< 's_right_ramp' active >>>>>>>
2026-04-23 20:38:38,405 : INFO : EventManager : Event: ======'machine_var_audits_switches_s_right_ramp'====== Args={'value': 137, 'prev_value': 136, 'change': 1}
2026-04-23 20:38:38,440 : INFO : EventManager : Event: ======'s_right_ramp_active'====== Args={}
2026-04-23 20:38:38,442 : INFO : EventManager : Event: ======'machine_var_audits_shots_right_ramp'====== Args={'value': 129, 'prev_value': 128, 'change': 1}
2026-04-23 20:38:38,442 : INFO : EventManager : Event: ======'right_ramp_hit'====== Args={'profile': 'base_shot_profile', 'state': 'off', 'advancing': False}
2026-04-23 20:38:38,443 : INFO : EventManager : Event: ======'right_ramp_base_shot_profile_hit'====== Args={'profile': 'base_shot_profile', 'state': 'off', 'advancing': False}
2026-04-23 20:38:38,443 : INFO : EventManager : Event: ======'right_ramp_base_shot_profile_off_hit'====== Args={'profile': 'base_shot_profile', 'state': 'off', 'advancing': False}
2026-04-23 20:38:38,443 : INFO : EventManager : Event: ======'right_ramp_off_hit'====== Args={'profile': 'base_shot_profile', 'state': 'off', 'advancing': False}
2026-04-23 20:38:38,444 : INFO : EventManager : Event: ======'increase_perps'====== Args={'priority': 0}
2026-04-23 20:38:38,444 : INFO : EventManager : Event: ======'player_score'====== Args={'value': 36062560, 'prev_value': 36059550, 'change': 3010, 'player_num': 1, 'source': 'base'}
2026-04-23 20:38:38,444 : INFO : EventManager : Event: ======'logicblock_superdrops_counter_updated'====== Args={'value': 2, 'enabled': True}
2026-04-23 20:38:38,445 : INFO : EventManager : Event: ======'counter_superdrops_counter_hit'====== Args={'count': 2, 'hits': 2, 'remaining': 2}
2026-04-23 20:38:38,445 : INFO : EventManager : Event: ======'logicblock_superdrops_counter_hit'====== Args={'count': 2, 'hits': 2, 'remaining': 2}
2026-04-23 20:38:38,445 : INFO : EventManager : Event: ======'add_sabotage_time_7s'====== Args={'priority': 0}
2026-04-23 20:38:38,445 : INFO : EventManager : Event: ======'player_score'====== Args={'value': 38062560, 'prev_value': 36062560, 'change': 2000000, 'player_num': 1, 'source': 'sabotage'}
2026-04-23 20:38:38,446 : INFO : EventManager : Event: ======'player_mode_sabotage_score'====== Args={'value': 4000000, 'prev_value': 2000000, 'change': 2000000, 'player_num': 1, 'source': 'sabotage'}
2026-04-23 20:38:38,446 : INFO : EventManager : Event: ======'player_sabotage_perps_caught'====== Args={'value': 2, 'prev_value': 1, 'change': 1, 'player_num': 1, 'source': 'sabotage'}
2026-04-23 20:38:38,446 : INFO : EventManager : Event: ======'player_sabotage_sabotage_time_remaining_tick'====== Args={'value': 71, 'prev_value': 64, 'change': 7, 'player_num': 1}
2026-04-23 20:38:38,446 : INFO : EventManager : Event: ======'timer_sabotage_time_remaining_time_added'====== Args={'ticks': 71, 'ticks_added': 64, 'ticks_remaining': 64}
2026-04-23 20:38:38,479 : INFO : SwitchController : <<<<<<< 's_right_ramp' inactive >>>>>>>
2026-04-23 20:38:38,769 : INFO : SwitchController : <<<<<<< 's_right_ramp' active >>>>>>>
2026-04-23 20:38:38,769 : INFO : EventManager : Event: ======'machine_var_audits_switches_s_right_ramp'====== Args={'value': 138, 'prev_value': 137, 'change': 1}
2026-04-23 20:38:38,813 : INFO : EventManager : Event: ======'player_sabotage_sabotage_time_remaining_tick'====== Args={'value': 70, 'prev_value': 71, 'change': -1, 'player_num': 1}
2026-04-23 20:38:38,815 : INFO : EventManager : Event: ======'timer_sabotage_time_remaining_tick'====== Args={'ticks': 70, 'ticks_remaining': 70}
2026-04-23 20:38:38,816 : INFO : EventManager : Event: ======'player_sabotage_time_remaining_variable_times_1'====== Args={'value': 70, 'prev_value': 64, 'change': 6, 'player_num': 1, 'source': 'sabotage'}
2026-04-23 20:38:38,829 : INFO : EventManager : Event: ======'player_instruments_instrument_rotate_tick'====== Args={'value': 1, 'prev_value': 0, 'change': 1, 'player_num': 1}
2026-04-23 20:38:38,830 : INFO : Timer.instrument_rotate : Timer Complete
2026-04-23 20:38:38,831 : INFO : Timer.instrument_rotate : Stopping Timer
2026-04-23 20:38:38,831 : INFO : EventManager : Event: ======'timer_instrument_rotate_stopped'====== Args={'ticks': 1, 'ticks_remaining': 1}
2026-04-23 20:38:38,831 : INFO : EventManager : Event: ======'timer_instrument_rotate_complete'====== Args={'ticks': 1, 'ticks_remaining': 1}
2026-04-23 20:38:38,831 : INFO : EventManager : Event: ======'player_shot_bottom_drop'====== Args={'value': 1, 'prev_value': 0, 'change': 1, 'player_num': 1}
2026-04-23 20:38:38,832 : INFO : EventManager : Event: ======'player_shot_top_drop'====== Args={'value': 0, 'prev_value': 1, 'change': -1, 'player_num': 1}
2026-04-23 20:38:38,832 : INFO : EventManager : Event: ======'player_instruments_instrument_rotate_tick'====== Args={'value': 0, 'prev_value': 1, 'change': -1, 'player_num': 1}
2026-04-23 20:38:38,833 : INFO : Timer.instrument_rotate : Starting Timer.
2026-04-23 20:38:38,833 : INFO : EventManager : Event: ======'timer_instrument_rotate_started'====== Args={'ticks': 0, 'ticks_remaining': 1}
2026-04-23 20:38:38,833 : INFO : EventManager : Event: ======'timer_instrument_rotate_tick'====== Args={'ticks': 0, 'ticks_remaining': 1}
2026-04-23 20:38:38,847 : INFO : SwitchController : <<<<<<< 's_right_ramp' inactive >>>>>>>
2026-04-23 20:38:39,131 : INFO : SwitchController : <<<<<<< 's_right_ramp' active >>>>>>>
2026-04-23 20:38:39,131 : INFO : EventManager : Event: ======'s_right_ramp_active'====== Args={}
2026-04-23 20:38:39,131 : INFO : EventManager : Event: ======'machine_var_audits_switches_s_right_ramp'====== Args={'value': 139, 'prev_value': 138, 'change': 1}
2026-04-23 20:38:39,132 : INFO : EventManager : Event: ======'machine_var_audits_shots_right_ramp'====== Args={'value': 130, 'prev_value': 129, 'change': 1}
2026-04-23 20:38:39,133 : INFO : EventManager : Event: ======'right_ramp_hit'====== Args={'profile': 'base_shot_profile', 'state': 'off', 'advancing': False}
2026-04-23 20:38:39,133 : INFO : EventManager : Event: ======'right_ramp_base_shot_profile_hit'====== Args={'profile': 'base_shot_profile', 'state': 'off', 'advancing': False}
2026-04-23 20:38:39,133 : INFO : EventManager : Event: ======'right_ramp_base_shot_profile_off_hit'====== Args={'profile': 'base_shot_profile', 'state': 'off', 'advancing': False}
2026-04-23 20:38:39,133 : INFO : EventManager : Event: ======'right_ramp_off_hit'====== Args={'profile': 'base_shot_profile', 'state': 'off', 'advancing': False}
2026-04-23 20:38:39,134 : INFO : EventManager : Event: ======'increase_perps'====== Args={'priority': 0}
2026-04-23 20:38:39,134 : INFO : EventManager : Event: ======'player_score'====== Args={'value': 38065570, 'prev_value': 38062560, 'change': 3010, 'player_num': 1, 'source': 'base'}
2026-04-23 20:38:39,135 : INFO : EventManager : Event: ======'logicblock_superdrops_counter_updated'====== Args={'value': 3, 'enabled': True}
2026-04-23 20:38:39,135 : INFO : EventManager : Event: ======'counter_superdrops_counter_hit'====== Args={'count': 3, 'hits': 3, 'remaining': 1}
2026-04-23 20:38:39,135 : INFO : EventManager : Event: ======'logicblock_superdrops_counter_hit'====== Args={'count': 3, 'hits': 3, 'remaining': 1}
2026-04-23 20:38:39,135 : INFO : EventManager : Event: ======'add_sabotage_time_7s'====== Args={'priority': 0}
2026-04-23 20:38:39,136 : INFO : EventManager : Event: ======'player_score'====== Args={'value': 40065570, 'prev_value': 38065570, 'change': 2000000, 'player_num': 1, 'source': 'sabotage'}
2026-04-23 20:38:39,136 : INFO : EventManager : Event: ======'player_mode_sabotage_score'====== Args={'value': 6000000, 'prev_value': 4000000, 'change': 2000000, 'player_num': 1, 'source': 'sabotage'}
2026-04-23 20:38:39,136 : INFO : EventManager : Event: ======'player_sabotage_perps_caught'====== Args={'value': 3, 'prev_value': 2, 'change': 1, 'player_num': 1, 'source': 'sabotage'}
2026-04-23 20:38:39,137 : INFO : EventManager : Event: ======'player_sabotage_sabotage_time_remaining_tick'====== Args={'value': 77, 'prev_value': 70, 'change': 7, 'player_num': 1}
2026-04-23 20:38:39,137 : INFO : EventManager : Event: ======'timer_sabotage_time_remaining_time_added'====== Args={'ticks': 77, 'ticks_added': 70, 'ticks_remaining': 70}
2026-04-23 20:38:39,213 : INFO : SwitchController : <<<<<<< 's_right_ramp' inactive >>>>>>>
2026-04-23 20:38:39,545 : INFO : SwitchController : <<<<<<< 's_right_ramp' active >>>>>>>
2026-04-23 20:38:39,545 : INFO : EventManager : Event: ======'s_right_ramp_active'====== Args={}
2026-04-23 20:38:39,545 : INFO : EventManager : Event: ======'machine_var_audits_switches_s_right_ramp'====== Args={'value': 140, 'prev_value': 139, 'change': 1}
2026-04-23 20:38:39,547 : INFO : EventManager : Event: ======'machine_var_audits_shots_right_ramp'====== Args={'value': 131, 'prev_value': 130, 'change': 1}
2026-04-23 20:38:39,547 : INFO : EventManager : Event: ======'right_ramp_hit'====== Args={'profile': 'base_shot_profile', 'state': 'off', 'advancing': False}
2026-04-23 20:38:39,548 : INFO : EventManager : Event: ======'right_ramp_base_shot_profile_hit'====== Args={'profile': 'base_shot_profile', 'state': 'off', 'advancing': False}
2026-04-23 20:38:39,548 : INFO : EventManager : Event: ======'right_ramp_base_shot_profile_off_hit'====== Args={'profile': 'base_shot_profile', 'state': 'off', 'advancing': False}
2026-04-23 20:38:39,548 : INFO : EventManager : Event: ======'right_ramp_off_hit'====== Args={'profile': 'base_shot_profile', 'state': 'off', 'advancing': False}
2026-04-23 20:38:39,548 : INFO : EventManager : Event: ======'increase_perps'====== Args={'priority': 0}
2026-04-23 20:38:39,549 : INFO : EventManager : Event: ======'player_score'====== Args={'value': 40068580, 'prev_value': 40065570, 'change': 3010, 'player_num': 1, 'source': 'base'}
2026-04-23 20:38:39,549 : INFO : EventManager : Event: ======'logicblock_superdrops_counter_updated'====== Args={'value': 4, 'enabled': True}
2026-04-23 20:38:39,550 : INFO : EventManager : Event: ======'counter_superdrops_counter_hit'====== Args={'count': 4, 'hits': 4, 'remaining': 0}
2026-04-23 20:38:39,550 : INFO : EventManager : Event: ======'logicblock_superdrops_counter_hit'====== Args={'count': 4, 'hits': 4, 'remaining': 0}
2026-04-23 20:38:39,550 : INFO : EventManager : Event: ======'start_superdrops'====== Args={}
2026-04-23 20:38:39,551 : INFO : EventManager : Event: ======'logicblock_superdrops_counter_updated'====== Args={'value': 4, 'enabled': False}
2026-04-23 20:38:39,551 : INFO : EventManager : Event: ======'add_sabotage_time_7s'====== Args={'priority': 0}
2026-04-23 20:38:39,551 : INFO : EventManager : Event: ======'player_score'====== Args={'value': 42068580, 'prev_value': 40068580, 'change': 2000000, 'player_num': 1, 'source': 'sabotage'}
2026-04-23 20:38:39,552 : INFO : EventManager : Event: ======'player_mode_sabotage_score'====== Args={'value': 8000000, 'prev_value': 6000000, 'change': 2000000, 'player_num': 1, 'source': 'sabotage'}
2026-04-23 20:38:39,552 : INFO : EventManager : Event: ======'player_sabotage_perps_caught'====== Args={'value': 4, 'prev_value': 3, 'change': 1, 'player_num': 1, 'source': 'sabotage'}
2026-04-23 20:38:39,552 : INFO : EventManager : Event: ======'player_sabotage_sabotage_time_remaining_tick'====== Args={'value': 84, 'prev_value': 77, 'change': 7, 'player_num': 1}
2026-04-23 20:38:39,552 : INFO : EventManager : Event: ======'timer_sabotage_time_remaining_time_added'====== Args={'ticks': 84, 'ticks_added': 77, 'ticks_remaining': 77}
2026-04-23 20:38:39,553 : INFO : EventManager : Event: ======'sabotage_perps_counter_complete'====== Args={'priority': 0}
2026-04-23 20:38:39,553 : INFO : EventManager : Event: ======'mode_sabotage_success'====== Args={'priority': 0}
2026-04-23 20:38:39,554 : INFO : Timer.sabotage_time_remaining : Pausing Timer for 0 ms
2026-04-23 20:38:39,555 : INFO : EventManager : Event: ======'timer_sabotage_time_remaining_paused'====== Args={'ticks': 84, 'ticks_remaining': 84}
2026-04-23 20:38:39,555 : INFO : EventManager : Event: ======'mode_sabotage_will_stop'====== Args={}
2026-04-23 20:38:39,555 : INFO : EventManager : Event: ======'mode_sabotage_stopping'====== Args={}
2026-04-23 20:38:39,555 : INFO : EventManager : Event: ======'logicblock_battery_charged_status_updated'====== Args={'value': 20, 'enabled': False}
2026-04-23 20:38:39,556 : INFO : EventManager : Event: ======'logicblock_battery_charged_status_updated'====== Args={'value': 20, 'enabled': True}
2026-04-23 20:38:39,556 : INFO : EventManager : Event: ======'logicblock_battery_charged_status_updated'====== Args={'value': 10, 'enabled': True}
2026-04-23 20:38:39,556 : INFO : EventManager : Event: ======'achievement_sabotage_mode_changed_state'====== Args={'restore': False, 'state': 'completed', 'selected': False}
2026-04-23 20:38:39,557 : INFO : EventManager : Event: ======'achievement_sabotage_mode_state_completed'====== Args={'restore': False, 'state': 'completed', 'selected': False}
2026-04-23 20:38:39,557 : INFO : EventManager : Event: ======'player_modes_completed'====== Args={'value': 2, 'prev_value': 1, 'change': 1, 'player_num': 1, 'source': 'base'}
2026-04-23 20:38:39,558 : INFO : EventManager : Event: ======'player_makesomenoise_mode_multiplier'====== Args={'value': 5, 'prev_value': 3, 'change': 2, 'player_num': 1, 'source': 'base'}
2026-04-23 20:38:39,558 : INFO : EventManager : Event: ======'player_bodhisattvavow_mode_multiplier'====== Args={'value': 5, 'prev_value': 3, 'change': 2, 'player_num': 1, 'source': 'base'}
2026-04-23 20:38:39,558 : INFO : EventManager : Event: ======'logicblock_completed_modes_count_updated'====== Args={'value': 2, 'enabled': True}
2026-04-23 20:38:39,558 : INFO : EventManager : Event: ======'counter_completed_modes_count_hit'====== Args={'count': 2, 'hits': 2, 'remaining': 7}
2026-04-23 20:38:39,559 : INFO : EventManager : Event: ======'logicblock_completed_modes_count_hit'====== Args={'count': 2, 'hits': 2, 'remaining': 7}
2026-04-23 20:38:39,559 : INFO : EventManager : Event: ======'player_charges_remaining_variable'====== Args={'value': 10, 'prev_value': 0, 'change': 10, 'player_num': 1, 'source': 'batterycharger'}
2026-04-23 20:38:39,560 : INFO : EventManager : Event: ======'achievement_wizard1_changed_state'====== Args={'restore': False, 'state': 'enabled', 'selected': False}
2026-04-23 20:38:39,560 : INFO : EventManager : Event: ======'achievement_wizard1_state_enabled'====== Args={'restore': False, 'state': 'enabled', 'selected': False}
2026-04-23 20:38:39,562 : INFO : EventManager : Event: ======'player_chcheckitout_multiball_blocking_flag'====== Args={'value': 1, 'prev_value': 0, 'change': 1, 'player_num': 1, 'source': 'base'}
2026-04-23 20:38:39,562 : INFO : EventManager : Event: ======'player_bodymovin_multiball_blocking_flag'====== Args={'value': 1, 'prev_value': 0, 'change': 1, 'player_num': 1, 'source': 'base'}
2026-04-23 20:38:39,563 : INFO : EventManager : Event: ======'logicblock_drop_target_bank_counter_updated'====== Args={'value': 1, 'enabled': False}
2026-04-23 20:38:39,564 : INFO : EventManager : Event: ======'logicblock_qualify_chcheckitout_multiball_updated'====== Args={'value': 0, 'enabled': False}
2026-04-23 20:38:39,564 : INFO : EventManager : Event: ======'logicblock_chcheckitout_multiball_ready_updated'====== Args={'value': 0, 'enabled': False}
2026-04-23 20:38:39,564 : INFO : EventManager : Event: ======'logicblock_enable_bodymovin_lock_1_updated'====== Args={'value': 0, 'enabled': False}
2026-04-23 20:38:39,564 : INFO : EventManager : Event: ======'logicblock_bodymovin_lock_1_updated'====== Args={'value': 0, 'enabled': False}
2026-04-23 20:38:39,565 : INFO : EventManager : Event: ======'logicblock_enable_bodymovin_lock_2_updated'====== Args={'value': 0, 'enabled': False}
2026-04-23 20:38:39,565 : INFO : EventManager : Event: ======'logicblock_bodymovin_lock_2_updated'====== Args={'value': 0, 'enabled': False}
2026-04-23 20:38:39,565 : INFO : EventManager : Event: ======'logicblock_enable_bodymovin_lock_3_updated'====== Args={'value': 0, 'enabled': False}
2026-04-23 20:38:39,565 : INFO : EventManager : Event: ======'logicblock_bodymovin_multiball_ready_updated'====== Args={'value': 0, 'enabled': False}
2026-04-23 20:38:39,565 : INFO : EventManager : Event: ======'mode_superdrops_will_start'====== Args={}
2026-04-23 20:38:39,566 : INFO : EventManager : Event: ======'player_superdrops_superdrops_timer_tick'====== Args={'value': 0, 'prev_value': 0, 'change': 0, 'player_num': 1}
2026-04-23 20:38:39,566 : INFO : Timer.superdrops_timer : Starting Timer.
2026-04-23 20:38:39,566 : INFO : EventManager : Event: ======'timer_superdrops_timer_started'====== Args={'ticks': 0, 'ticks_remaining': 30}
2026-04-23 20:38:39,567 : INFO : EventManager : Event: ======'timer_superdrops_timer_tick'====== Args={'ticks': 0, 'ticks_remaining': 30}
2026-04-23 20:38:39,567 : INFO : EventManager : Event: ======'mode_superdrops_starting'====== Args={}
2026-04-23 20:38:39,567 : INFO : Mode.superdrops : Started. Priority: 20000
2026-04-23 20:38:39,567 : INFO : EventManager : Event: ======'modes_active_modes_changed'====== Args={}
2026-04-23 20:38:39,567 : INFO : EventManager : Event: ======'mode_superdrops_started'====== Args={}
2026-04-23 20:38:39,568 : INFO : EventManager : Event: ======'achievement_superdrops_super_mode_changed_state'====== Args={'restore': False, 'state': 'started', 'selected': False}
2026-04-23 20:38:39,568 : INFO : EventManager : Event: ======'achievement_superdrops_super_mode_state_started'====== Args={'restore': False, 'state': 'started', 'selected': False}
2026-04-23 20:38:39,568 : INFO : EventManager : Event: ======'player_characters_collected'====== Args={'value': 1, 'prev_value': 0, 'change': 1, 'player_num': 1, 'source': 'base'}
2026-04-23 20:38:39,568 : INFO : EventManager : Event: ======'player_adroc_collected'====== Args={'value': 1, 'prev_value': 0, 'change': 1, 'player_num': 1, 'source': 'base'}
2026-04-23 20:38:39,569 : INFO : EventManager : Event: ======'timer_superdrops_timer_tick'====== Args={'ticks': 0, 'ticks_remaining': 30}
2026-04-23 20:38:39,569 : INFO : Mode.sabotage : Stopped.
2026-04-23 20:38:39,569 : INFO : EventManager : Event: ======'modes_active_modes_changed'====== Args={}
2026-04-23 20:38:39,569 : INFO : EventManager : Event: ======'mode_sabotage_stopped'====== Args={}
2026-04-23 20:38:39,570 : INFO : EventManager : Event: ======'clear'====== Args={'key': 'sabotage'}
2026-04-23 20:38:39,570 : INFO : EventManager : Event: ======'logicblock_battery_charged_status_updated'====== Args={'value': 20, 'enabled': True}
2026-04-23 20:38:39,571 : INFO : EventManager : Event: ======'logicblock_battery_charged_status_updated'====== Args={'value': 20, 'enabled': True}
2026-04-23 20:38:39,571 : INFO : EventManager : Event: ======'logicblock_battery_charged_status_updated'====== Args={'value': 10, 'enabled': True}
2026-04-23 20:38:39,572 : INFO : EventManager : Event: ======'player_mode_blocking_flag'====== Args={'value': 0, 'prev_value': 1, 'change': -1, 'player_num': 1, 'source': 'base'}
2026-04-23 20:38:39,572 : INFO : Timer.sabotage_intro_show : Stopping Timer
2026-04-23 20:38:39,572 : INFO : EventManager : Event: ======'timer_sabotage_intro_show_stopped'====== Args={'ticks': 11, 'ticks_remaining': 11}
2026-04-23 20:38:39,574 : INFO : Timer.sabotage_time_remaining : Stopping Timer
2026-04-23 20:38:39,574 : INFO : EventManager : Event: ======'timer_sabotage_time_remaining_stopped'====== Args={'ticks': 84, 'ticks_remaining': 84}
2026-04-23 20:38:39,585 : INFO : EventManager : Event: ======'slide_sabotage_removed'====== Args={'_from_bcp': True}
2026-04-23 20:38:39,594 : INFO : EventManager : Event: ======'slide_sabotage_display_timer_removed'====== Args={'_from_bcp': True}
2026-04-23 20:38:39,595 : INFO : EventManager : Event: ======'slide_sabotage_perps_counter_removed'====== Args={'_from_bcp': True}
2026-04-23 20:38:39,596 : INFO : EventManager : Event: ======'slide_mustache1x_inactive'====== Args={'is_removing': True, '_from_bcp': True}
2026-04-23 20:38:39,597 : INFO : EventManager : Event: ======'slide_instrument_blocks_active'====== Args={'_from_bcp': True}
2026-04-23 20:38:39,597 : INFO : EventManager : Event: ======'slide_mustache1x_removed'====== Args={'_from_bcp': True}
2026-04-23 20:38:39,597 : INFO : EventManager : Event: ======'slide_base_created'====== Args={'_from_bcp': True}
2026-04-23 20:38:39,598 : INFO : EventManager : Event: ======'play_base_video2'====== Args={'_from_bcp': True}
2026-04-23 20:38:39,616 : INFO : SwitchController : <<<<<<< 's_right_ramp' inactive >>>>>>>
2026-04-23 20:38:39,621 : INFO : EventManager : Event: ======'slide_sabotagefinish_created'====== Args={'_from_bcp': True}
2026-04-23 20:38:39,666 : INFO : EventManager : Event: ======'widget_adroc_circle_active'====== Args={'original_context': 'base', 'original_calling_context': 'mode_superdrops_started', 'priority': 100.0, 'cmd': 'widgets_play', '_from_bcp': True}
2026-04-23 20:38:39,682 : INFO : EventManager : Event: ======'slide_basevideo2_created'====== Args={'_from_bcp': True}
2026-04-23 20:38:39,812 : INFO : EventManager : Event: ======'ball_save_mode_start_grace_period'====== Args={}
2026-04-23 20:38:39,843 : INFO : EventManager : Event: ======'player_instruments_instrument_rotate_tick'====== Args={'value': 1, 'prev_value': 0, 'change': 1, 'player_num': 1}
2026-04-23 20:38:39,844 : INFO : Timer.instrument_rotate : Timer Complete
2026-04-23 20:38:39,845 : INFO : Timer.instrument_rotate : Stopping Timer
2026-04-23 20:38:39,845 : INFO : EventManager : Event: ======'timer_instrument_rotate_stopped'====== Args={'ticks': 1, 'ticks_remaining': 1}
2026-04-23 20:38:39,845 : INFO : EventManager : Event: ======'timer_instrument_rotate_complete'====== Args={'ticks': 1, 'ticks_remaining': 1}
2026-04-23 20:38:39,845 : INFO : EventManager : Event: ======'player_shot_bottom_drop'====== Args={'value': 0, 'prev_value': 1, 'change': -1, 'player_num': 1}
2026-04-23 20:38:39,846 : INFO : EventManager : Event: ======'player_shot_middle_drop'====== Args={'value': 1, 'prev_value': 0, 'change': 1, 'player_num': 1}
2026-04-23 20:38:39,846 : INFO : EventManager : Event: ======'player_instruments_instrument_rotate_tick'====== Args={'value': 0, 'prev_value': 1, 'change': -1, 'player_num': 1}
2026-04-23 20:38:39,847 : INFO : Timer.instrument_rotate : Starting Timer.
2026-04-23 20:38:39,847 : INFO : EventManager : Event: ======'timer_instrument_rotate_started'====== Args={'ticks': 0, 'ticks_remaining': 1}
2026-04-23 20:38:39,847 : INFO : EventManager : Event: ======'timer_instrument_rotate_tick'====== Args={'ticks': 0, 'ticks_remaining': 1}
2026-04-23 20:38:40,580 : INFO : EventManager : Event: ======'player_superdrops_superdrops_timer_tick'====== Args={'value': 1, 'prev_value': 0, 'change': 1, 'player_num': 1}
2026-04-23 20:38:40,581 : INFO : EventManager : Event: ======'timer_superdrops_timer_tick'====== Args={'ticks': 1, 'ticks_remaining': 29}
2026-04-23 20:38:40,596 : INFO : EventManager : Event: ======'right_ramp_to_left_orbit_combo_timeout'====== Args={}
2026-04-23 20:38:40,597 : INFO : EventManager : Event: ======'right_ramp_to_left_ramp_combo_timeout'====== Args={}
2026-04-23 20:38:40,598 : INFO : EventManager : Event: ======'right_ramp_to_inner_loop_combo_timeout'====== Args={}
2026-04-23 20:38:40,598 : INFO : EventManager : Event: ======'right_ramp_to_captive_ball_combo_timeout'====== Args={}
2026-04-23 20:38:40,599 : INFO : EventManager : Event: ======'right_ramp_to_right_orbit_combo_timeout'====== Args={}
2026-04-23 20:38:40,819 : INFO : EventManager : Event: ======'ball_save_mode_start_disabled'====== Args={}
2026-04-23 20:38:40,849 : INFO : EventManager : Event: ======'player_instruments_instrument_rotate_tick'====== Args={'value': 1, 'prev_value': 0, 'change': 1, 'player_num': 1}
2026-04-23 20:38:40,850 : INFO : Timer.instrument_rotate : Timer Complete
2026-04-23 20:38:40,850 : INFO : Timer.instrument_rotate : Stopping Timer
2026-04-23 20:38:40,850 : INFO : EventManager : Event: ======'timer_instrument_rotate_stopped'====== Args={'ticks': 1, 'ticks_remaining': 1}
2026-04-23 20:38:40,850 : INFO : EventManager : Event: ======'timer_instrument_rotate_complete'====== Args={'ticks': 1, 'ticks_remaining': 1}
2026-04-23 20:38:40,850 : INFO : EventManager : Event: ======'player_shot_middle_drop'====== Args={'value': 0, 'prev_value': 1, 'change': -1, 'player_num': 1}
2026-04-23 20:38:40,851 : INFO : EventManager : Event: ======'player_shot_top_drop'====== Args={'value': 1, 'prev_value': 0, 'change': 1, 'player_num': 1}
2026-04-23 20:38:40,851 : INFO : EventManager : Event: ======'player_instruments_instrument_rotate_tick'====== Args={'value': 0, 'prev_value': 1, 'change': -1, 'player_num': 1}
2026-04-23 20:38:40,852 : INFO : Timer.instrument_rotate : Starting Timer.
2026-04-23 20:38:40,852 : INFO : EventManager : Event: ======'timer_instrument_rotate_started'====== Args={'ticks': 0, 'ticks_remaining': 1}
2026-04-23 20:38:40,852 : INFO : EventManager : Event: ======'timer_instrument_rotate_tick'====== Args={'ticks': 0, 'ticks_remaining': 1}
2026-04-23 20:38:41,460 : INFO : EventManager : Event: ======'right_ramp_to_left_orbit_combo_timeout'====== Args={}
2026-04-23 20:38:41,461 : INFO : EventManager : Event: ======'right_ramp_to_left_ramp_combo_timeout'====== Args={}
2026-04-23 20:38:41,461 : INFO : EventManager : Event: ======'right_ramp_to_inner_loop_combo_timeout'====== Args={}
2026-04-23 20:38:41,461 : INFO : EventManager : Event: ======'right_ramp_to_captive_ball_combo_timeout'====== Args={}
2026-04-23 20:38:41,461 : INFO : EventManager : Event: ======'right_ramp_to_right_orbit_combo_timeout'====== Args={}
2026-04-23 20:38:41,569 : INFO : EventManager : Event: ======'player_superdrops_superdrops_timer_tick'====== Args={'value': 2, 'prev_value': 1, 'change': 1, 'player_num': 1}
2026-04-23 20:38:41,570 : INFO : EventManager : Event: ======'timer_superdrops_timer_tick'====== Args={'ticks': 2, 'ticks_remaining': 28}
2026-04-23 20:38:41,867 : INFO : EventManager : Event: ======'player_instruments_instrument_rotate_tick'====== Args={'value': 1, 'prev_value': 0, 'change': 1, 'player_num': 1}
2026-04-23 20:38:41,868 : INFO : Timer.instrument_rotate : Timer Complete
2026-04-23 20:38:41,868 : INFO : Timer.instrument_rotate : Stopping Timer
2026-04-23 20:38:41,868 : INFO : EventManager : Event: ======'timer_instrument_rotate_stopped'====== Args={'ticks': 1, 'ticks_remaining': 1}
2026-04-23 20:38:41,869 : INFO : EventManager : Event: ======'timer_instrument_rotate_complete'====== Args={'ticks': 1, 'ticks_remaining': 1}
2026-04-23 20:38:41,869 : INFO : EventManager : Event: ======'player_shot_bottom_drop'====== Args={'value': 1, 'prev_value': 0, 'change': 1, 'player_num': 1}
2026-04-23 20:38:41,870 : INFO : EventManager : Event: ======'player_shot_top_drop'====== Args={'value': 0, 'prev_value': 1, 'change': -1, 'player_num': 1}
2026-04-23 20:38:41,870 : INFO : EventManager : Event: ======'player_instruments_instrument_rotate_tick'====== Args={'value': 0, 'prev_value': 1, 'change': -1, 'player_num': 1}
2026-04-23 20:38:41,871 : INFO : Timer.instrument_rotate : Starting Timer.
2026-04-23 20:38:41,871 : INFO : EventManager : Event: ======'timer_instrument_rotate_started'====== Args={'ticks': 0, 'ticks_remaining': 1}
2026-04-23 20:38:41,871 : INFO : EventManager : Event: ======'timer_instrument_rotate_tick'====== Args={'ticks': 0, 'ticks_remaining': 1}
2026-04-23 20:38:42,149 : INFO : EventManager : Event: ======'right_ramp_to_left_orbit_combo_timeout'====== Args={}
2026-04-23 20:38:42,150 : INFO : EventManager : Event: ======'right_ramp_to_left_ramp_combo_timeout'====== Args={}
2026-04-23 20:38:42,150 : INFO : EventManager : Event: ======'right_ramp_to_inner_loop_combo_timeout'====== Args={}
2026-04-23 20:38:42,150 : INFO : EventManager : Event: ======'right_ramp_to_captive_ball_combo_timeout'====== Args={}
2026-04-23 20:38:42,150 : INFO : EventManager : Event: ======'right_ramp_to_right_orbit_combo_timeout'====== Args={}
2026-04-23 20:38:42,554 : INFO : EventManager : Event: ======'right_ramp_to_left_orbit_combo_timeout'====== Args={}
2026-04-23 20:38:42,555 : INFO : EventManager : Event: ======'right_ramp_to_left_ramp_combo_timeout'====== Args={}
2026-04-23 20:38:42,555 : INFO : EventManager : Event: ======'right_ramp_to_inner_loop_combo_timeout'====== Args={}
2026-04-23 20:38:42,556 : INFO : EventManager : Event: ======'right_ramp_to_captive_ball_combo_timeout'====== Args={}
2026-04-23 20:38:42,556 : INFO : EventManager : Event: ======'right_ramp_to_right_orbit_combo_timeout'====== Args={}
2026-04-23 20:38:42,569 : INFO : EventManager : Event: ======'player_superdrops_superdrops_timer_tick'====== Args={'value': 3, 'prev_value': 2, 'change': 1, 'player_num': 1}
2026-04-23 20:38:42,570 : INFO : EventManager : Event: ======'timer_superdrops_timer_tick'====== Args={'ticks': 3, 'ticks_remaining': 27}
2026-04-23 20:38:42,881 : INFO : EventManager : Event: ======'player_instruments_instrument_rotate_tick'====== Args={'value': 1, 'prev_value': 0, 'change': 1, 'player_num': 1}
2026-04-23 20:38:42,882 : INFO : Timer.instrument_rotate : Timer Complete
2026-04-23 20:38:42,882 : INFO : Timer.instrument_rotate : Stopping Timer
2026-04-23 20:38:42,882 : INFO : EventManager : Event: ======'timer_instrument_rotate_stopped'====== Args={'ticks': 1, 'ticks_remaining': 1}
2026-04-23 20:38:42,882 : INFO : EventManager : Event: ======'timer_instrument_rotate_complete'====== Args={'ticks': 1, 'ticks_remaining': 1}
2026-04-23 20:38:42,883 : INFO : EventManager : Event: ======'player_shot_bottom_drop'====== Args={'value': 0, 'prev_value': 1, 'change': -1, 'player_num': 1}
2026-04-23 20:38:42,883 : INFO : EventManager : Event: ======'player_shot_middle_drop'====== Args={'value': 1, 'prev_value': 0, 'change': 1, 'player_num': 1}
2026-04-23 20:38:42,883 : INFO : EventManager : Event: ======'player_instruments_instrument_rotate_tick'====== Args={'value': 0, 'prev_value': 1, 'change': -1, 'player_num': 1}
2026-04-23 20:38:42,883 : INFO : Timer.instrument_rotate : Starting Timer.
2026-04-23 20:38:42,884 : INFO : EventManager : Event: ======'timer_instrument_rotate_started'====== Args={'ticks': 0, 'ticks_remaining': 1}
2026-04-23 20:38:42,884 : INFO : EventManager : Event: ======'timer_instrument_rotate_tick'====== Args={'ticks': 0, 'ticks_remaining': 1}
2026-04-23 20:38:43,584 : INFO : EventManager : Event: ======'player_superdrops_superdrops_timer_tick'====== Args={'value': 4, 'prev_value': 3, 'change': 1, 'player_num': 1}
2026-04-23 20:38:43,585 : INFO : EventManager : Event: ======'timer_superdrops_timer_tick'====== Args={'ticks': 4, 'ticks_remaining': 26}
2026-04-23 20:38:43,895 : INFO : EventManager : Event: ======'player_instruments_instrument_rotate_tick'====== Args={'value': 1, 'prev_value': 0, 'change': 1, 'player_num': 1}
2026-04-23 20:38:43,896 : INFO : Timer.instrument_rotate : Timer Complete
2026-04-23 20:38:43,896 : INFO : Timer.instrument_rotate : Stopping Timer
2026-04-23 20:38:43,896 : INFO : EventManager : Event: ======'timer_instrument_rotate_stopped'====== Args={'ticks': 1, 'ticks_remaining': 1}
2026-04-23 20:38:43,896 : INFO : EventManager : Event: ======'timer_instrument_rotate_complete'====== Args={'ticks': 1, 'ticks_remaining': 1}
2026-04-23 20:38:43,896 : INFO : EventManager : Event: ======'player_shot_middle_drop'====== Args={'value': 0, 'prev_value': 1, 'change': -1, 'player_num': 1}
2026-04-23 20:38:43,897 : INFO : EventManager : Event: ======'player_shot_top_drop'====== Args={'value': 1, 'prev_value': 0, 'change': 1, 'player_num': 1}
2026-04-23 20:38:43,897 : INFO : EventManager : Event: ======'player_instruments_instrument_rotate_tick'====== Args={'value': 0, 'prev_value': 1, 'change': -1, 'player_num': 1}
2026-04-23 20:38:43,897 : INFO : Timer.instrument_rotate : Starting Timer.
2026-04-23 20:38:43,897 : INFO : EventManager : Event: ======'timer_instrument_rotate_started'====== Args={'ticks': 0, 'ticks_remaining': 1}
2026-04-23 20:38:43,897 : INFO : EventManager : Event: ======'timer_instrument_rotate_tick'====== Args={'ticks': 0, 'ticks_remaining': 1}
2026-04-23 20:38:44,580 : INFO : EventManager : Event: ======'player_superdrops_superdrops_timer_tick'====== Args={'value': 5, 'prev_value': 4, 'change': 1, 'player_num': 1}
2026-04-23 20:38:44,581 : INFO : EventManager : Event: ======'timer_superdrops_timer_tick'====== Args={'ticks': 5, 'ticks_remaining': 25}
2026-04-23 20:38:44,908 : INFO : EventManager : Event: ======'player_instruments_instrument_rotate_tick'====== Args={'value': 1, 'prev_value': 0, 'change': 1, 'player_num': 1}
2026-04-23 20:38:44,910 : INFO : Timer.instrument_rotate : Timer Complete
2026-04-23 20:38:44,910 : INFO : Timer.instrument_rotate : Stopping Timer
2026-04-23 20:38:44,910 : INFO : EventManager : Event: ======'timer_instrument_rotate_stopped'====== Args={'ticks': 1, 'ticks_remaining': 1}
2026-04-23 20:38:44,910 : INFO : EventManager : Event: ======'timer_instrument_rotate_complete'====== Args={'ticks': 1, 'ticks_remaining': 1}
2026-04-23 20:38:44,911 : INFO : EventManager : Event: ======'player_shot_bottom_drop'====== Args={'value': 1, 'prev_value': 0, 'change': 1, 'player_num': 1}
2026-04-23 20:38:44,911 : INFO : EventManager : Event: ======'player_shot_top_drop'====== Args={'value': 0, 'prev_value': 1, 'change': -1, 'player_num': 1}
2026-04-23 20:38:44,912 : INFO : EventManager : Event: ======'player_instruments_instrument_rotate_tick'====== Args={'value': 0, 'prev_value': 1, 'change': -1, 'player_num': 1}
2026-04-23 20:38:44,912 : INFO : Timer.instrument_rotate : Starting Timer.
2026-04-23 20:38:44,913 : INFO : EventManager : Event: ======'timer_instrument_rotate_started'====== Args={'ticks': 0, 'ticks_remaining': 1}
2026-04-23 20:38:44,913 : INFO : EventManager : Event: ======'timer_instrument_rotate_tick'====== Args={'ticks': 0, 'ticks_remaining': 1}
2026-04-23 20:38:45,571 : INFO : EventManager : Event: ======'player_superdrops_superdrops_timer_tick'====== Args={'value': 6, 'prev_value': 5, 'change': 1, 'player_num': 1}
2026-04-23 20:38:45,572 : INFO : EventManager : Event: ======'timer_superdrops_timer_tick'====== Args={'ticks': 6, 'ticks_remaining': 24}
2026-04-23 20:38:45,572 : INFO : EventManager : Event: ======'slide_sabotagefinish_removed'====== Args={'_from_bcp': True}
2026-04-23 20:38:45,926 : INFO : EventManager : Event: ======'player_instruments_instrument_rotate_tick'====== Args={'value': 1, 'prev_value': 0, 'change': 1, 'player_num': 1}
2026-04-23 20:38:45,926 : INFO : Timer.instrument_rotate : Timer Complete
2026-04-23 20:38:45,926 : INFO : Timer.instrument_rotate : Stopping Timer
2026-04-23 20:38:45,927 : INFO : EventManager : Event: ======'timer_instrument_rotate_stopped'====== Args={'ticks': 1, 'ticks_remaining': 1}
2026-04-23 20:38:45,927 : INFO : EventManager : Event: ======'timer_instrument_rotate_complete'====== Args={'ticks': 1, 'ticks_remaining': 1}
2026-04-23 20:38:45,927 : INFO : EventManager : Event: ======'player_shot_bottom_drop'====== Args={'value': 0, 'prev_value': 1, 'change': -1, 'player_num': 1}
2026-04-23 20:38:45,927 : INFO : EventManager : Event: ======'player_shot_middle_drop'====== Args={'value': 1, 'prev_value': 0, 'change': 1, 'player_num': 1}
2026-04-23 20:38:45,928 : INFO : EventManager : Event: ======'player_instruments_instrument_rotate_tick'====== Args={'value': 0, 'prev_value': 1, 'change': -1, 'player_num': 1}
2026-04-23 20:38:45,928 : INFO : Timer.instrument_rotate : Starting Timer.
2026-04-23 20:38:45,928 : INFO : EventManager : Event: ======'timer_instrument_rotate_started'====== Args={'ticks': 0, 'ticks_remaining': 1}
2026-04-23 20:38:45,928 : INFO : EventManager : Event: ======'timer_instrument_rotate_tick'====== Args={'ticks': 0, 'ticks_remaining': 1}
2026-04-23 20:38:46,584 : INFO : EventManager : Event: ======'player_superdrops_superdrops_timer_tick'====== Args={'value': 7, 'prev_value': 6, 'change': 1, 'player_num': 1}
2026-04-23 20:38:46,585 : INFO : EventManager : Event: ======'timer_superdrops_timer_tick'====== Args={'ticks': 7, 'ticks_remaining': 23}
2026-04-23 20:38:46,943 : INFO : EventManager : Event: ======'player_instruments_instrument_rotate_tick'====== Args={'value': 1, 'prev_value': 0, 'change': 1, 'player_num': 1}
2026-04-23 20:38:46,943 : INFO : Timer.instrument_rotate : Timer Complete
2026-04-23 20:38:46,943 : INFO : Timer.instrument_rotate : Stopping Timer
2026-04-23 20:38:46,943 : INFO : EventManager : Event: ======'timer_instrument_rotate_stopped'====== Args={'ticks': 1, 'ticks_remaining': 1}
2026-04-23 20:38:46,943 : INFO : EventManager : Event: ======'timer_instrument_rotate_complete'====== Args={'ticks': 1, 'ticks_remaining': 1}
2026-04-23 20:38:46,944 : INFO : EventManager : Event: ======'player_shot_middle_drop'====== Args={'value': 0, 'prev_value': 1, 'change': -1, 'player_num': 1}
2026-04-23 20:38:46,944 : INFO : EventManager : Event: ======'player_shot_top_drop'====== Args={'value': 1, 'prev_value': 0, 'change': 1, 'player_num': 1}
2026-04-23 20:38:46,944 : INFO : EventManager : Event: ======'player_instruments_instrument_rotate_tick'====== Args={'value': 0, 'prev_value': 1, 'change': -1, 'player_num': 1}
2026-04-23 20:38:46,944 : INFO : Timer.instrument_rotate : Starting Timer.
2026-04-23 20:38:46,944 : INFO : EventManager : Event: ======'timer_instrument_rotate_started'====== Args={'ticks': 0, 'ticks_remaining': 1}
2026-04-23 20:38:46,944 : INFO : EventManager : Event: ======'timer_instrument_rotate_tick'====== Args={'ticks': 0, 'ticks_remaining': 1}
2026-04-23 20:38:47,581 : INFO : EventManager : Event: ======'player_superdrops_superdrops_timer_tick'====== Args={'value': 8, 'prev_value': 7, 'change': 1, 'player_num': 1}
2026-04-23 20:38:47,582 : INFO : EventManager : Event: ======'timer_superdrops_timer_tick'====== Args={'ticks': 8, 'ticks_remaining': 22}
2026-04-23 20:38:47,957 : INFO : EventManager : Event: ======'player_instruments_instrument_rotate_tick'====== Args={'value': 1, 'prev_value': 0, 'change': 1, 'player_num': 1}
2026-04-23 20:38:47,958 : INFO : Timer.instrument_rotate : Timer Complete
2026-04-23 20:38:47,958 : INFO : Timer.instrument_rotate : Stopping Timer
2026-04-23 20:38:47,959 : INFO : EventManager : Event: ======'timer_instrument_rotate_stopped'====== Args={'ticks': 1, 'ticks_remaining': 1}
2026-04-23 20:38:47,959 : INFO : EventManager : Event: ======'timer_instrument_rotate_complete'====== Args={'ticks': 1, 'ticks_remaining': 1}
2026-04-23 20:38:47,959 : INFO : EventManager : Event: ======'player_shot_bottom_drop'====== Args={'value': 1, 'prev_value': 0, 'change': 1, 'player_num': 1}
2026-04-23 20:38:47,959 : INFO : EventManager : Event: ======'player_shot_top_drop'====== Args={'value': 0, 'prev_value': 1, 'change': -1, 'player_num': 1}
2026-04-23 20:38:47,959 : INFO : EventManager : Event: ======'player_instruments_instrument_rotate_tick'====== Args={'value': 0, 'prev_value': 1, 'change': -1, 'player_num': 1}
2026-04-23 20:38:47,960 : INFO : Timer.instrument_rotate : Starting Timer.
2026-04-23 20:38:47,960 : INFO : EventManager : Event: ======'timer_instrument_rotate_started'====== Args={'ticks': 0, 'ticks_remaining': 1}
2026-04-23 20:38:47,960 : INFO : EventManager : Event: ======'timer_instrument_rotate_tick'====== Args={'ticks': 0, 'ticks_remaining': 1}
2026-04-23 20:38:48,581 : INFO : EventManager : Event: ======'player_superdrops_superdrops_timer_tick'====== Args={'value': 9, 'prev_value': 8, 'change': 1, 'player_num': 1}
2026-04-23 20:38:48,582 : INFO : EventManager : Event: ======'timer_superdrops_timer_tick'====== Args={'ticks': 9, 'ticks_remaining': 21}
2026-04-23 20:38:48,973 : INFO : EventManager : Event: ======'player_instruments_instrument_rotate_tick'====== Args={'value': 1, 'prev_value': 0, 'change': 1, 'player_num': 1}
2026-04-23 20:38:48,974 : INFO : Timer.instrument_rotate : Timer Complete
2026-04-23 20:38:48,974 : INFO : Timer.instrument_rotate : Stopping Timer
2026-04-23 20:38:48,974 : INFO : EventManager : Event: ======'timer_instrument_rotate_stopped'====== Args={'ticks': 1, 'ticks_remaining': 1}
2026-04-23 20:38:48,974 : INFO : EventManager : Event: ======'timer_instrument_rotate_complete'====== Args={'ticks': 1, 'ticks_remaining': 1}
2026-04-23 20:38:48,974 : INFO : EventManager : Event: ======'player_shot_bottom_drop'====== Args={'value': 0, 'prev_value': 1, 'change': -1, 'player_num': 1}
2026-04-23 20:38:48,974 : INFO : EventManager : Event: ======'player_shot_middle_drop'====== Args={'value': 1, 'prev_value': 0, 'change': 1, 'player_num': 1}
2026-04-23 20:38:48,975 : INFO : EventManager : Event: ======'player_instruments_instrument_rotate_tick'====== Args={'value': 0, 'prev_value': 1, 'change': -1, 'player_num': 1}
2026-04-23 20:38:48,975 : INFO : Timer.instrument_rotate : Starting Timer.
2026-04-23 20:38:48,975 : INFO : EventManager : Event: ======'timer_instrument_rotate_started'====== Args={'ticks': 0, 'ticks_remaining': 1}
2026-04-23 20:38:48,975 : INFO : EventManager : Event: ======'timer_instrument_rotate_tick'====== Args={'ticks': 0, 'ticks_remaining': 1}
2026-04-23 20:38:49,582 : INFO : EventManager : Event: ======'player_superdrops_superdrops_timer_tick'====== Args={'value': 10, 'prev_value': 9, 'change': 1, 'player_num': 1}
2026-04-23 20:38:49,583 : INFO : EventManager : Event: ======'timer_superdrops_timer_tick'====== Args={'ticks': 10, 'ticks_remaining': 20}
2026-04-23 20:38:49,987 : INFO : EventManager : Event: ======'player_instruments_instrument_rotate_tick'====== Args={'value': 1, 'prev_value': 0, 'change': 1, 'player_num': 1}
2026-04-23 20:38:49,988 : INFO : Timer.instrument_rotate : Timer Complete
2026-04-23 20:38:49,988 : INFO : Timer.instrument_rotate : Stopping Timer
2026-04-23 20:38:49,988 : INFO : EventManager : Event: ======'timer_instrument_rotate_stopped'====== Args={'ticks': 1, 'ticks_remaining': 1}
2026-04-23 20:38:49,988 : INFO : EventManager : Event: ======'timer_instrument_rotate_complete'====== Args={'ticks': 1, 'ticks_remaining': 1}
2026-04-23 20:38:49,988 : INFO : EventManager : Event: ======'player_shot_middle_drop'====== Args={'value': 0, 'prev_value': 1, 'change': -1, 'player_num': 1}
2026-04-23 20:38:49,989 : INFO : EventManager : Event: ======'player_shot_top_drop'====== Args={'value': 1, 'prev_value': 0, 'change': 1, 'player_num': 1}
2026-04-23 20:38:49,989 : INFO : EventManager : Event: ======'player_instruments_instrument_rotate_tick'====== Args={'value': 0, 'prev_value': 1, 'change': -1, 'player_num': 1}
2026-04-23 20:38:49,989 : INFO : Timer.instrument_rotate : Starting Timer.
2026-04-23 20:38:49,990 : INFO : EventManager : Event: ======'timer_instrument_rotate_started'====== Args={'ticks': 0, 'ticks_remaining': 1}
2026-04-23 20:38:49,990 : INFO : EventManager : Event: ======'timer_instrument_rotate_tick'====== Args={'ticks': 0, 'ticks_remaining': 1}
2026-04-23 20:38:50,577 : INFO : EventManager : Event: ======'player_superdrops_superdrops_timer_tick'====== Args={'value': 11, 'prev_value': 10, 'change': 1, 'player_num': 1}
2026-04-23 20:38:50,578 : INFO : EventManager : Event: ======'timer_superdrops_timer_tick'====== Args={'ticks': 11, 'ticks_remaining': 19}
2026-04-23 20:38:50,664 : INFO : SwitchController : <<<<<<< 's_scoop' active >>>>>>>
2026-04-23 20:38:50,665 : INFO : EventManager : Event: ======'s_scoop_active'====== Args={}
2026-04-23 20:38:50,665 : INFO : EventManager : Event: ======'machine_var_audits_switches_s_scoop'====== Args={'value': 131, 'prev_value': 130, 'change': 1}
2026-04-23 20:38:50,666 : INFO : EventManager : Event: ======'machine_var_audits_shots_scoop'====== Args={'value': 131, 'prev_value': 130, 'change': 1}
2026-04-23 20:38:50,667 : INFO : EventManager : Event: ======'scoop_hit'====== Args={'profile': 'base_shot_profile', 'state': 'off', 'advancing': False}
2026-04-23 20:38:50,667 : INFO : EventManager : Event: ======'scoop_base_shot_profile_hit'====== Args={'profile': 'base_shot_profile', 'state': 'off', 'advancing': False}
2026-04-23 20:38:50,667 : INFO : EventManager : Event: ======'scoop_base_shot_profile_off_hit'====== Args={'profile': 'base_shot_profile', 'state': 'off', 'advancing': False}
2026-04-23 20:38:50,667 : INFO : EventManager : Event: ======'scoop_off_hit'====== Args={'profile': 'base_shot_profile', 'state': 'off', 'advancing': False}
2026-04-23 20:38:50,667 : INFO : EventManager : Event: ======'achievement_wizard1_changed_state'====== Args={'restore': False, 'state': 'started', 'selected': False}
2026-04-23 20:38:50,667 : INFO : EventManager : Event: ======'start_wizardcarousel'====== Args={'restore': False, 'state': 'started', 'selected': False}
2026-04-23 20:38:50,668 : INFO : EventManager : Event: ======'player_score'====== Args={'value': 42070890, 'prev_value': 42068580, 'change': 2310, 'player_num': 1, 'source': 'base'}
2026-04-23 20:38:50,668 : INFO : EventManager : Event: ======'logicblock_superpops_counter_updated'====== Args={'value': 4, 'enabled': True}
2026-04-23 20:38:50,668 : INFO : EventManager : Event: ======'counter_superpops_counter_hit'====== Args={'count': 4, 'hits': 4, 'remaining': 0}
2026-04-23 20:38:50,668 : INFO : EventManager : Event: ======'logicblock_superpops_counter_hit'====== Args={'count': 4, 'hits': 4, 'remaining': 0}
2026-04-23 20:38:50,668 : INFO : EventManager : Event: ======'start_superpops'====== Args={}
2026-04-23 20:38:50,668 : INFO : EventManager : Event: ======'logicblock_superpops_counter_updated'====== Args={'value': 4, 'enabled': False}
2026-04-23 20:38:50,669 : INFO : EventManager : Event: ======'mode_wizardcarousel_will_start'====== Args={'restore': False, 'state': 'started', 'selected': False}
2026-04-23 20:38:50,669 : INFO : EventManager : Event: ======'player_wizardcarousel_wizard_choice_select_tick'====== Args={'value': 10, 'prev_value': 0, 'change': 10, 'player_num': 1}
2026-04-23 20:38:50,669 : INFO : Timer.wizard_choice_select : Starting Timer.
2026-04-23 20:38:50,670 : INFO : EventManager : Event: ======'timer_wizard_choice_select_started'====== Args={'ticks': 10, 'ticks_remaining': 10}
2026-04-23 20:38:50,670 : INFO : EventManager : Event: ======'timer_wizard_choice_select_tick'====== Args={'ticks': 10, 'ticks_remaining': 10}
2026-04-23 20:38:50,671 : INFO : EventManager : Event: ======'mode_wizardcarousel_starting'====== Args={'restore': False, 'state': 'started', 'selected': False}
2026-04-23 20:38:50,671 : INFO : EventManager : Event: ======'mode_superpops_will_start'====== Args={}
2026-04-23 20:38:50,672 : INFO : EventManager : Event: ======'player_superpops_superpops_timer_tick'====== Args={'value': 0, 'prev_value': 0, 'change': 0, 'player_num': 1}
2026-04-23 20:38:50,673 : INFO : Timer.superpops_timer : Starting Timer.
2026-04-23 20:38:50,673 : INFO : EventManager : Event: ======'timer_superpops_timer_started'====== Args={'ticks': 0, 'ticks_remaining': 30}
2026-04-23 20:38:50,673 : INFO : EventManager : Event: ======'timer_superpops_timer_tick'====== Args={'ticks': 0, 'ticks_remaining': 30}
2026-04-23 20:38:50,674 : INFO : EventManager : Event: ======'mode_superpops_starting'====== Args={}
2026-04-23 20:38:50,674 : INFO : Mode.superpops : Started. Priority: 20000
2026-04-23 20:38:50,674 : INFO : EventManager : Event: ======'modes_active_modes_changed'====== Args={}
2026-04-23 20:38:50,674 : INFO : EventManager : Event: ======'mode_superpops_started'====== Args={}
2026-04-23 20:38:50,675 : INFO : EventManager : Event: ======'achievement_superpops_super_mode_changed_state'====== Args={'restore': False, 'state': 'started', 'selected': False}
2026-04-23 20:38:50,675 : INFO : EventManager : Event: ======'achievement_superpops_super_mode_state_started'====== Args={'restore': False, 'state': 'started', 'selected': False}
2026-04-23 20:38:50,675 : INFO : EventManager : Event: ======'player_characters_collected'====== Args={'value': 2, 'prev_value': 1, 'change': 1, 'player_num': 1, 'source': 'base'}
2026-04-23 20:38:50,676 : INFO : EventManager : Event: ======'player_mmm_collected'====== Args={'value': 1, 'prev_value': 0, 'change': 1, 'player_num': 1, 'source': 'base'}
2026-04-23 20:38:50,676 : INFO : EventManager : Event: ======'timer_superpops_timer_tick'====== Args={'ticks': 0, 'ticks_remaining': 30}
2026-04-23 20:38:50,676 : INFO : Mode.wizardcarousel : Started. Priority: 200
2026-04-23 20:38:50,676 : INFO : EventManager : Event: ======'modes_active_modes_changed'====== Args={}
2026-04-23 20:38:50,676 : INFO : EventManager : Event: ======'mode_wizardcarousel_started'====== Args={'restore': False, 'state': 'started', 'selected': False}
2026-04-23 20:38:50,679 : INFO : EventManager : Event: ======'carousel_item_highlighted'====== Args={'carousel': 'wizardcarousel', 'direction': None, 'item': 'makesomenoise'}
2026-04-23 20:38:50,742 : INFO : EventManager : Event: ======'widget_mmm_circle_active'====== Args={'original_context': 'base', 'original_calling_context': 'mode_superpops_started', 'priority': 100.0, 'cmd': 'widgets_play', '_from_bcp': True}
2026-04-23 20:38:50,743 : INFO : EventManager : Event: ======'slide_base_removed'====== Args={'_from_bcp': True}
2026-04-23 20:38:50,744 : INFO : EventManager : Event: ======'slide_basevideo2_removed'====== Args={'_from_bcp': True}
2026-04-23 20:38:50,771 : INFO : EventManager : Event: ======'slide_current_wizard_mode_highlighted_created'====== Args={'_from_bcp': True}
2026-04-23 20:38:50,772 : INFO : EventManager : Event: ======'random_mode_picker_bodhisattvavow'====== Args={'_from_bcp': True}
2026-04-23 20:38:50,772 : INFO : EventManager : Event: ======'carousel_advance'====== Args={'priority': 0}
2026-04-23 20:38:50,772 : INFO : EventManager : Event: ======'carousel_advance_2'====== Args={'priority': 0}
2026-04-23 20:38:51,000 : INFO : EventManager : Event: ======'player_instruments_instrument_rotate_tick'====== Args={'value': 1, 'prev_value': 0, 'change': 1, 'player_num': 1}
2026-04-23 20:38:51,001 : INFO : Timer.instrument_rotate : Timer Complete
2026-04-23 20:38:51,001 : INFO : Timer.instrument_rotate : Stopping Timer
2026-04-23 20:38:51,002 : INFO : EventManager : Event: ======'timer_instrument_rotate_stopped'====== Args={'ticks': 1, 'ticks_remaining': 1}
2026-04-23 20:38:51,002 : INFO : EventManager : Event: ======'timer_instrument_rotate_complete'====== Args={'ticks': 1, 'ticks_remaining': 1}
2026-04-23 20:38:51,002 : INFO : EventManager : Event: ======'player_shot_bottom_drop'====== Args={'value': 1, 'prev_value': 0, 'change': 1, 'player_num': 1}
2026-04-23 20:38:51,002 : INFO : EventManager : Event: ======'player_shot_top_drop'====== Args={'value': 0, 'prev_value': 1, 'change': -1, 'player_num': 1}
2026-04-23 20:38:51,003 : INFO : EventManager : Event: ======'player_instruments_instrument_rotate_tick'====== Args={'value': 0, 'prev_value': 1, 'change': -1, 'player_num': 1}
2026-04-23 20:38:51,003 : INFO : Timer.instrument_rotate : Starting Timer.
2026-04-23 20:38:51,003 : INFO : EventManager : Event: ======'timer_instrument_rotate_started'====== Args={'ticks': 0, 'ticks_remaining': 1}
2026-04-23 20:38:51,003 : INFO : EventManager : Event: ======'timer_instrument_rotate_tick'====== Args={'ticks': 0, 'ticks_remaining': 1}
2026-04-23 20:38:51,174 : INFO : EventManager : Event: ======'balldevice_bd_scoop_ball_count_changed'====== Args={'balls': 1}
2026-04-23 20:38:51,174 : INFO : ball_device.bd_scoop : Received unexpected ball
2026-04-23 20:38:51,174 : INFO : EventManager : Event: ======'balldevice_captured_from_playfield'====== Args={'balls': 1}
2026-04-23 20:38:51,174 : INFO : EventManager : Event: ======'sw_playfield_active'====== Args={'balls': 1}
2026-04-23 20:38:51,175 : INFO : EventManager : Event: ======'playfield_ball_count_change'====== Args={'balls': 0, 'change': -1}
2026-04-23 20:38:51,175 : INFO : EventManager : Event: ======'balldevice_bd_scoop_ball_enter'====== Args={'new_balls': 1, 'unclaimed_balls': 1, 'new_available_balls': 1, 'device': <ball_device.bd_scoop>}
2026-04-23 20:38:51,176 : INFO : EventManager : Event: ======'ball_hold_wizard_scoop_hold_held_ball'====== Args={'balls_held': 1, 'total_balls_held': 1}
2026-04-23 20:38:51,176 : INFO : EventManager : Event: ======'ball_hold_wizard_scoop_hold_full'====== Args={'balls': 1}
2026-04-23 20:38:51,177 : INFO : EventManager : Event: ======'balldevice_balls_available'====== Args={}
2026-04-23 20:38:51,177 : INFO : EventManager : Event: ======'balldevice_bd_scoop_ball_entered'====== Args={'new_balls': 1, 'device': <ball_device.bd_scoop>}
2026-04-23 20:38:51,580 : INFO : EventManager : Event: ======'player_superdrops_superdrops_timer_tick'====== Args={'value': 12, 'prev_value': 11, 'change': 1, 'player_num': 1}
2026-04-23 20:38:51,581 : INFO : EventManager : Event: ======'timer_superdrops_timer_tick'====== Args={'ticks': 12, 'ticks_remaining': 18}
2026-04-23 20:38:51,693 : INFO : EventManager : Event: ======'player_superpops_superpops_timer_tick'====== Args={'value': 1, 'prev_value': 0, 'change': 1, 'player_num': 1}
2026-04-23 20:38:51,694 : INFO : EventManager : Event: ======'timer_superpops_timer_tick'====== Args={'ticks': 1, 'ticks_remaining': 29}
2026-04-23 20:38:51,694 : INFO : EventManager : Event: ======'player_wizardcarousel_wizard_choice_select_tick'====== Args={'value': 9, 'prev_value': 10, 'change': -1, 'player_num': 1}
2026-04-23 20:38:51,695 : INFO : EventManager : Event: ======'timer_wizard_choice_select_tick'====== Args={'ticks': 9, 'ticks_remaining': 9}
2026-04-23 20:38:51,695 : INFO : EventManager : Event: ======'player_wizard_choice_select_variable_times_1'====== Args={'value': 9, 'prev_value': 10, 'change': -1, 'player_num': 1, 'source': 'wizardcarousel'}
2026-04-23 20:38:52,016 : INFO : EventManager : Event: ======'player_instruments_instrument_rotate_tick'====== Args={'value': 1, 'prev_value': 0, 'change': 1, 'player_num': 1}
2026-04-23 20:38:52,017 : INFO : Timer.instrument_rotate : Timer Complete
2026-04-23 20:38:52,017 : INFO : Timer.instrument_rotate : Stopping Timer
2026-04-23 20:38:52,017 : INFO : EventManager : Event: ======'timer_instrument_rotate_stopped'====== Args={'ticks': 1, 'ticks_remaining': 1}
2026-04-23 20:38:52,017 : INFO : EventManager : Event: ======'timer_instrument_rotate_complete'====== Args={'ticks': 1, 'ticks_remaining': 1}
2026-04-23 20:38:52,017 : INFO : EventManager : Event: ======'player_shot_bottom_drop'====== Args={'value': 0, 'prev_value': 1, 'change': -1, 'player_num': 1}
2026-04-23 20:38:52,018 : INFO : EventManager : Event: ======'player_shot_middle_drop'====== Args={'value': 1, 'prev_value': 0, 'change': 1, 'player_num': 1}
2026-04-23 20:38:52,018 : INFO : EventManager : Event: ======'player_instruments_instrument_rotate_tick'====== Args={'value': 0, 'prev_value': 1, 'change': -1, 'player_num': 1}
2026-04-23 20:38:52,018 : INFO : Timer.instrument_rotate : Starting Timer.
2026-04-23 20:38:52,018 : INFO : EventManager : Event: ======'timer_instrument_rotate_started'====== Args={'ticks': 0, 'ticks_remaining': 1}
2026-04-23 20:38:52,019 : INFO : EventManager : Event: ======'timer_instrument_rotate_tick'====== Args={'ticks': 0, 'ticks_remaining': 1}
2026-04-23 20:38:52,575 : INFO : EventManager : Event: ======'player_superdrops_superdrops_timer_tick'====== Args={'value': 13, 'prev_value': 12, 'change': 1, 'player_num': 1}
2026-04-23 20:38:52,576 : INFO : EventManager : Event: ======'timer_superdrops_timer_tick'====== Args={'ticks': 13, 'ticks_remaining': 17}
2026-04-23 20:38:52,685 : INFO : EventManager : Event: ======'player_superpops_superpops_timer_tick'====== Args={'value': 2, 'prev_value': 1, 'change': 1, 'player_num': 1}
2026-04-23 20:38:52,686 : INFO : EventManager : Event: ======'timer_superpops_timer_tick'====== Args={'ticks': 2, 'ticks_remaining': 28}
2026-04-23 20:38:52,687 : INFO : EventManager : Event: ======'player_wizardcarousel_wizard_choice_select_tick'====== Args={'value': 8, 'prev_value': 9, 'change': -1, 'player_num': 1}
2026-04-23 20:38:52,687 : INFO : EventManager : Event: ======'timer_wizard_choice_select_tick'====== Args={'ticks': 8, 'ticks_remaining': 8}
2026-04-23 20:38:52,687 : INFO : EventManager : Event: ======'player_wizard_choice_select_variable_times_1'====== Args={'value': 8, 'prev_value': 9, 'change': -1, 'player_num': 1, 'source': 'wizardcarousel'}
2026-04-23 20:38:53,029 : INFO : EventManager : Event: ======'player_instruments_instrument_rotate_tick'====== Args={'value': 1, 'prev_value': 0, 'change': 1, 'player_num': 1}
2026-04-23 20:38:53,030 : INFO : Timer.instrument_rotate : Timer Complete
2026-04-23 20:38:53,030 : INFO : Timer.instrument_rotate : Stopping Timer
2026-04-23 20:38:53,030 : INFO : EventManager : Event: ======'timer_instrument_rotate_stopped'====== Args={'ticks': 1, 'ticks_remaining': 1}
2026-04-23 20:38:53,030 : INFO : EventManager : Event: ======'timer_instrument_rotate_complete'====== Args={'ticks': 1, 'ticks_remaining': 1}
2026-04-23 20:38:53,030 : INFO : EventManager : Event: ======'player_shot_middle_drop'====== Args={'value': 0, 'prev_value': 1, 'change': -1, 'player_num': 1}
2026-04-23 20:38:53,031 : INFO : EventManager : Event: ======'player_shot_top_drop'====== Args={'value': 1, 'prev_value': 0, 'change': 1, 'player_num': 1}
2026-04-23 20:38:53,031 : INFO : EventManager : Event: ======'player_instruments_instrument_rotate_tick'====== Args={'value': 0, 'prev_value': 1, 'change': -1, 'player_num': 1}
2026-04-23 20:38:53,032 : INFO : Timer.instrument_rotate : Starting Timer.
2026-04-23 20:38:53,032 : INFO : EventManager : Event: ======'timer_instrument_rotate_started'====== Args={'ticks': 0, 'ticks_remaining': 1}
2026-04-23 20:38:53,032 : INFO : EventManager : Event: ======'timer_instrument_rotate_tick'====== Args={'ticks': 0, 'ticks_remaining': 1}
2026-04-23 20:38:53,192 : INFO : SwitchController : <<<<<<< 's_right_flipper' active >>>>>>>
2026-04-23 20:38:53,193 : INFO : EventManager : Event: ======'s_right_flipper_active'====== Args={}
2026-04-23 20:38:53,194 : INFO : EventManager : Event: ======'machine_var_audits_switches_s_right_flipper'====== Args={'value': 273, 'prev_value': 272, 'change': 1}
2026-04-23 20:38:53,195 : INFO : EventManager : Event: ======'carousel_item_highlighted'====== Args={'carousel': 'wizardcarousel', 'direction': 'forwards', 'item': 'sureshot'}
2026-04-23 20:38:53,197 : INFO : EventManager : Event: ======'player_wizardcarousel_wizard_choice_select_tick'====== Args={'value': 10, 'prev_value': 8, 'change': 2, 'player_num': 1}
2026-04-23 20:38:53,325 : INFO : SwitchController : <<<<<<< 's_right_flipper' inactive >>>>>>>
2026-04-23 20:38:53,326 : INFO : EventManager : Event: ======'sw_right_flipper_inactive'====== Args={}
2026-04-23 20:38:53,575 : INFO : EventManager : Event: ======'player_superdrops_superdrops_timer_tick'====== Args={'value': 14, 'prev_value': 13, 'change': 1, 'player_num': 1}
2026-04-23 20:38:53,576 : INFO : EventManager : Event: ======'timer_superdrops_timer_tick'====== Args={'ticks': 14, 'ticks_remaining': 16}
2026-04-23 20:38:53,683 : INFO : EventManager : Event: ======'player_superpops_superpops_timer_tick'====== Args={'value': 3, 'prev_value': 2, 'change': 1, 'player_num': 1}
2026-04-23 20:38:53,684 : INFO : EventManager : Event: ======'timer_superpops_timer_tick'====== Args={'ticks': 3, 'ticks_remaining': 27}
2026-04-23 20:38:54,043 : INFO : EventManager : Event: ======'player_instruments_instrument_rotate_tick'====== Args={'value': 1, 'prev_value': 0, 'change': 1, 'player_num': 1}
2026-04-23 20:38:54,043 : INFO : Timer.instrument_rotate : Timer Complete
2026-04-23 20:38:54,044 : INFO : Timer.instrument_rotate : Stopping Timer
2026-04-23 20:38:54,044 : INFO : EventManager : Event: ======'timer_instrument_rotate_stopped'====== Args={'ticks': 1, 'ticks_remaining': 1}
2026-04-23 20:38:54,044 : INFO : EventManager : Event: ======'timer_instrument_rotate_complete'====== Args={'ticks': 1, 'ticks_remaining': 1}
2026-04-23 20:38:54,044 : INFO : EventManager : Event: ======'player_shot_bottom_drop'====== Args={'value': 1, 'prev_value': 0, 'change': 1, 'player_num': 1}
2026-04-23 20:38:54,044 : INFO : EventManager : Event: ======'player_shot_top_drop'====== Args={'value': 0, 'prev_value': 1, 'change': -1, 'player_num': 1}
2026-04-23 20:38:54,045 : INFO : EventManager : Event: ======'player_instruments_instrument_rotate_tick'====== Args={'value': 0, 'prev_value': 1, 'change': -1, 'player_num': 1}
2026-04-23 20:38:54,045 : INFO : Timer.instrument_rotate : Starting Timer.
2026-04-23 20:38:54,045 : INFO : EventManager : Event: ======'timer_instrument_rotate_started'====== Args={'ticks': 0, 'ticks_remaining': 1}
2026-04-23 20:38:54,046 : INFO : EventManager : Event: ======'timer_instrument_rotate_tick'====== Args={'ticks': 0, 'ticks_remaining': 1}
2026-04-23 20:38:54,198 : INFO : EventManager : Event: ======'player_wizardcarousel_wizard_choice_select_tick'====== Args={'value': 9, 'prev_value': 10, 'change': -1, 'player_num': 1}
2026-04-23 20:38:54,199 : INFO : EventManager : Event: ======'timer_wizard_choice_select_tick'====== Args={'ticks': 9, 'ticks_remaining': 9}
2026-04-23 20:38:54,199 : INFO : EventManager : Event: ======'player_wizard_choice_select_variable_times_1'====== Args={'value': 9, 'prev_value': 8, 'change': 1, 'player_num': 1, 'source': 'wizardcarousel'}
2026-04-23 20:38:54,258 : INFO : SwitchController : <<<<<<< 's_right_flipper' active >>>>>>>
2026-04-23 20:38:54,259 : INFO : EventManager : Event: ======'s_right_flipper_active'====== Args={}
2026-04-23 20:38:54,260 : INFO : EventManager : Event: ======'machine_var_audits_switches_s_right_flipper'====== Args={'value': 274, 'prev_value': 273, 'change': 1}
2026-04-23 20:38:54,261 : INFO : EventManager : Event: ======'carousel_item_highlighted'====== Args={'carousel': 'wizardcarousel', 'direction': 'forwards', 'item': 'bodhisattvavow'}
2026-04-23 20:38:54,262 : INFO : EventManager : Event: ======'player_wizardcarousel_wizard_choice_select_tick'====== Args={'value': 10, 'prev_value': 9, 'change': 1, 'player_num': 1}
2026-04-23 20:38:54,392 : INFO : SwitchController : <<<<<<< 's_right_flipper' inactive >>>>>>>
2026-04-23 20:38:54,392 : INFO : EventManager : Event: ======'sw_right_flipper_inactive'====== Args={}
2026-04-23 20:38:54,576 : INFO : EventManager : Event: ======'player_superdrops_superdrops_timer_tick'====== Args={'value': 15, 'prev_value': 14, 'change': 1, 'player_num': 1}
2026-04-23 20:38:54,577 : INFO : EventManager : Event: ======'timer_superdrops_timer_tick'====== Args={'ticks': 15, 'ticks_remaining': 15}
2026-04-23 20:38:54,685 : INFO : EventManager : Event: ======'player_superpops_superpops_timer_tick'====== Args={'value': 4, 'prev_value': 3, 'change': 1, 'player_num': 1}
2026-04-23 20:38:54,686 : INFO : EventManager : Event: ======'timer_superpops_timer_tick'====== Args={'ticks': 4, 'ticks_remaining': 26}
2026-04-23 20:38:55,059 : INFO : EventManager : Event: ======'player_instruments_instrument_rotate_tick'====== Args={'value': 1, 'prev_value': 0, 'change': 1, 'player_num': 1}
2026-04-23 20:38:55,060 : INFO : Timer.instrument_rotate : Timer Complete
2026-04-23 20:38:55,060 : INFO : Timer.instrument_rotate : Stopping Timer
2026-04-23 20:38:55,060 : INFO : EventManager : Event: ======'timer_instrument_rotate_stopped'====== Args={'ticks': 1, 'ticks_remaining': 1}
2026-04-23 20:38:55,060 : INFO : EventManager : Event: ======'timer_instrument_rotate_complete'====== Args={'ticks': 1, 'ticks_remaining': 1}
2026-04-23 20:38:55,061 : INFO : EventManager : Event: ======'player_shot_bottom_drop'====== Args={'value': 0, 'prev_value': 1, 'change': -1, 'player_num': 1}
2026-04-23 20:38:55,061 : INFO : EventManager : Event: ======'player_shot_middle_drop'====== Args={'value': 1, 'prev_value': 0, 'change': 1, 'player_num': 1}
2026-04-23 20:38:55,062 : INFO : EventManager : Event: ======'player_instruments_instrument_rotate_tick'====== Args={'value': 0, 'prev_value': 1, 'change': -1, 'player_num': 1}
2026-04-23 20:38:55,062 : INFO : Timer.instrument_rotate : Starting Timer.
2026-04-23 20:38:55,062 : INFO : EventManager : Event: ======'timer_instrument_rotate_started'====== Args={'ticks': 0, 'ticks_remaining': 1}
2026-04-23 20:38:55,062 : INFO : EventManager : Event: ======'timer_instrument_rotate_tick'====== Args={'ticks': 0, 'ticks_remaining': 1}
2026-04-23 20:38:55,263 : INFO : EventManager : Event: ======'player_wizardcarousel_wizard_choice_select_tick'====== Args={'value': 9, 'prev_value': 10, 'change': -1, 'player_num': 1}
2026-04-23 20:38:55,264 : INFO : EventManager : Event: ======'timer_wizard_choice_select_tick'====== Args={'ticks': 9, 'ticks_remaining': 9}
2026-04-23 20:38:55,578 : INFO : EventManager : Event: ======'player_superdrops_superdrops_timer_tick'====== Args={'value': 16, 'prev_value': 15, 'change': 1, 'player_num': 1}
2026-04-23 20:38:55,579 : INFO : EventManager : Event: ======'timer_superdrops_timer_tick'====== Args={'ticks': 16, 'ticks_remaining': 14}
2026-04-23 20:38:55,687 : INFO : EventManager : Event: ======'player_superpops_superpops_timer_tick'====== Args={'value': 5, 'prev_value': 4, 'change': 1, 'player_num': 1}
2026-04-23 20:38:55,688 : INFO : EventManager : Event: ======'timer_superpops_timer_tick'====== Args={'ticks': 5, 'ticks_remaining': 25}
2026-04-23 20:38:56,077 : INFO : EventManager : Event: ======'player_instruments_instrument_rotate_tick'====== Args={'value': 1, 'prev_value': 0, 'change': 1, 'player_num': 1}
2026-04-23 20:38:56,079 : INFO : Timer.instrument_rotate : Timer Complete
2026-04-23 20:38:56,079 : INFO : Timer.instrument_rotate : Stopping Timer
2026-04-23 20:38:56,079 : INFO : EventManager : Event: ======'timer_instrument_rotate_stopped'====== Args={'ticks': 1, 'ticks_remaining': 1}
2026-04-23 20:38:56,079 : INFO : EventManager : Event: ======'timer_instrument_rotate_complete'====== Args={'ticks': 1, 'ticks_remaining': 1}
2026-04-23 20:38:56,080 : INFO : EventManager : Event: ======'player_shot_middle_drop'====== Args={'value': 0, 'prev_value': 1, 'change': -1, 'player_num': 1}
2026-04-23 20:38:56,080 : INFO : EventManager : Event: ======'player_shot_top_drop'====== Args={'value': 1, 'prev_value': 0, 'change': 1, 'player_num': 1}
2026-04-23 20:38:56,081 : INFO : EventManager : Event: ======'player_instruments_instrument_rotate_tick'====== Args={'value': 0, 'prev_value': 1, 'change': -1, 'player_num': 1}
2026-04-23 20:38:56,081 : INFO : Timer.instrument_rotate : Starting Timer.
2026-04-23 20:38:56,081 : INFO : EventManager : Event: ======'timer_instrument_rotate_started'====== Args={'ticks': 0, 'ticks_remaining': 1}
2026-04-23 20:38:56,081 : INFO : EventManager : Event: ======'timer_instrument_rotate_tick'====== Args={'ticks': 0, 'ticks_remaining': 1}
2026-04-23 20:38:56,266 : INFO : EventManager : Event: ======'player_wizardcarousel_wizard_choice_select_tick'====== Args={'value': 8, 'prev_value': 9, 'change': -1, 'player_num': 1}
2026-04-23 20:38:56,267 : INFO : EventManager : Event: ======'timer_wizard_choice_select_tick'====== Args={'ticks': 8, 'ticks_remaining': 8}
2026-04-23 20:38:56,267 : INFO : EventManager : Event: ======'player_wizard_choice_select_variable_times_1'====== Args={'value': 8, 'prev_value': 9, 'change': -1, 'player_num': 1, 'source': 'wizardcarousel'}
2026-04-23 20:38:56,579 : INFO : EventManager : Event: ======'player_superdrops_superdrops_timer_tick'====== Args={'value': 17, 'prev_value': 16, 'change': 1, 'player_num': 1}
2026-04-23 20:38:56,580 : INFO : EventManager : Event: ======'timer_superdrops_timer_tick'====== Args={'ticks': 17, 'ticks_remaining': 13}
2026-04-23 20:38:56,689 : INFO : EventManager : Event: ======'player_superpops_superpops_timer_tick'====== Args={'value': 6, 'prev_value': 5, 'change': 1, 'player_num': 1}
2026-04-23 20:38:56,690 : INFO : EventManager : Event: ======'timer_superpops_timer_tick'====== Args={'ticks': 6, 'ticks_remaining': 24}
2026-04-23 20:38:57,096 : INFO : EventManager : Event: ======'player_instruments_instrument_rotate_tick'====== Args={'value': 1, 'prev_value': 0, 'change': 1, 'player_num': 1}
2026-04-23 20:38:57,096 : INFO : Timer.instrument_rotate : Timer Complete
2026-04-23 20:38:57,097 : INFO : Timer.instrument_rotate : Stopping Timer
2026-04-23 20:38:57,097 : INFO : EventManager : Event: ======'timer_instrument_rotate_stopped'====== Args={'ticks': 1, 'ticks_remaining': 1}
2026-04-23 20:38:57,097 : INFO : EventManager : Event: ======'timer_instrument_rotate_complete'====== Args={'ticks': 1, 'ticks_remaining': 1}
2026-04-23 20:38:57,098 : INFO : EventManager : Event: ======'player_shot_bottom_drop'====== Args={'value': 1, 'prev_value': 0, 'change': 1, 'player_num': 1}
2026-04-23 20:38:57,098 : INFO : EventManager : Event: ======'player_shot_top_drop'====== Args={'value': 0, 'prev_value': 1, 'change': -1, 'player_num': 1}
2026-04-23 20:38:57,099 : INFO : EventManager : Event: ======'player_instruments_instrument_rotate_tick'====== Args={'value': 0, 'prev_value': 1, 'change': -1, 'player_num': 1}
2026-04-23 20:38:57,099 : INFO : Timer.instrument_rotate : Starting Timer.
2026-04-23 20:38:57,100 : INFO : EventManager : Event: ======'timer_instrument_rotate_started'====== Args={'ticks': 0, 'ticks_remaining': 1}
2026-04-23 20:38:57,100 : INFO : EventManager : Event: ======'timer_instrument_rotate_tick'====== Args={'ticks': 0, 'ticks_remaining': 1}
2026-04-23 20:38:57,267 : INFO : EventManager : Event: ======'player_wizardcarousel_wizard_choice_select_tick'====== Args={'value': 7, 'prev_value': 8, 'change': -1, 'player_num': 1}
2026-04-23 20:38:57,268 : INFO : EventManager : Event: ======'timer_wizard_choice_select_tick'====== Args={'ticks': 7, 'ticks_remaining': 7}
2026-04-23 20:38:57,268 : INFO : EventManager : Event: ======'player_wizard_choice_select_variable_times_1'====== Args={'value': 7, 'prev_value': 8, 'change': -1, 'player_num': 1, 'source': 'wizardcarousel'}
2026-04-23 20:38:57,579 : INFO : EventManager : Event: ======'player_superdrops_superdrops_timer_tick'====== Args={'value': 18, 'prev_value': 17, 'change': 1, 'player_num': 1}
2026-04-23 20:38:57,580 : INFO : EventManager : Event: ======'timer_superdrops_timer_tick'====== Args={'ticks': 18, 'ticks_remaining': 12}
2026-04-23 20:38:57,690 : INFO : EventManager : Event: ======'player_superpops_superpops_timer_tick'====== Args={'value': 7, 'prev_value': 6, 'change': 1, 'player_num': 1}
2026-04-23 20:38:57,691 : INFO : EventManager : Event: ======'timer_superpops_timer_tick'====== Args={'ticks': 7, 'ticks_remaining': 23}
2026-04-23 20:38:58,112 : INFO : EventManager : Event: ======'player_instruments_instrument_rotate_tick'====== Args={'value': 1, 'prev_value': 0, 'change': 1, 'player_num': 1}
2026-04-23 20:38:58,113 : INFO : Timer.instrument_rotate : Timer Complete
2026-04-23 20:38:58,113 : INFO : Timer.instrument_rotate : Stopping Timer
2026-04-23 20:38:58,113 : INFO : EventManager : Event: ======'timer_instrument_rotate_stopped'====== Args={'ticks': 1, 'ticks_remaining': 1}
2026-04-23 20:38:58,114 : INFO : EventManager : Event: ======'timer_instrument_rotate_complete'====== Args={'ticks': 1, 'ticks_remaining': 1}
2026-04-23 20:38:58,114 : INFO : EventManager : Event: ======'player_shot_bottom_drop'====== Args={'value': 0, 'prev_value': 1, 'change': -1, 'player_num': 1}
2026-04-23 20:38:58,114 : INFO : EventManager : Event: ======'player_shot_middle_drop'====== Args={'value': 1, 'prev_value': 0, 'change': 1, 'player_num': 1}
2026-04-23 20:38:58,115 : INFO : EventManager : Event: ======'player_instruments_instrument_rotate_tick'====== Args={'value': 0, 'prev_value': 1, 'change': -1, 'player_num': 1}
2026-04-23 20:38:58,115 : INFO : Timer.instrument_rotate : Starting Timer.
2026-04-23 20:38:58,115 : INFO : EventManager : Event: ======'timer_instrument_rotate_started'====== Args={'ticks': 0, 'ticks_remaining': 1}
2026-04-23 20:38:58,115 : INFO : EventManager : Event: ======'timer_instrument_rotate_tick'====== Args={'ticks': 0, 'ticks_remaining': 1}
2026-04-23 20:38:58,269 : INFO : EventManager : Event: ======'player_wizardcarousel_wizard_choice_select_tick'====== Args={'value': 6, 'prev_value': 7, 'change': -1, 'player_num': 1}
2026-04-23 20:38:58,270 : INFO : EventManager : Event: ======'timer_wizard_choice_select_tick'====== Args={'ticks': 6, 'ticks_remaining': 6}
2026-04-23 20:38:58,270 : INFO : EventManager : Event: ======'player_wizard_choice_select_variable_times_1'====== Args={'value': 6, 'prev_value': 7, 'change': -1, 'player_num': 1, 'source': 'wizardcarousel'}
2026-04-23 20:38:58,582 : INFO : EventManager : Event: ======'player_superdrops_superdrops_timer_tick'====== Args={'value': 19, 'prev_value': 18, 'change': 1, 'player_num': 1}
2026-04-23 20:38:58,583 : INFO : EventManager : Event: ======'timer_superdrops_timer_tick'====== Args={'ticks': 19, 'ticks_remaining': 11}
2026-04-23 20:38:58,691 : INFO : EventManager : Event: ======'player_superpops_superpops_timer_tick'====== Args={'value': 8, 'prev_value': 7, 'change': 1, 'player_num': 1}
2026-04-23 20:38:58,692 : INFO : EventManager : Event: ======'timer_superpops_timer_tick'====== Args={'ticks': 8, 'ticks_remaining': 22}
2026-04-23 20:38:59,126 : INFO : EventManager : Event: ======'player_instruments_instrument_rotate_tick'====== Args={'value': 1, 'prev_value': 0, 'change': 1, 'player_num': 1}
2026-04-23 20:38:59,127 : INFO : Timer.instrument_rotate : Timer Complete
2026-04-23 20:38:59,128 : INFO : Timer.instrument_rotate : Stopping Timer
2026-04-23 20:38:59,128 : INFO : EventManager : Event: ======'timer_instrument_rotate_stopped'====== Args={'ticks': 1, 'ticks_remaining': 1}
2026-04-23 20:38:59,128 : INFO : EventManager : Event: ======'timer_instrument_rotate_complete'====== Args={'ticks': 1, 'ticks_remaining': 1}
2026-04-23 20:38:59,129 : INFO : EventManager : Event: ======'player_shot_middle_drop'====== Args={'value': 0, 'prev_value': 1, 'change': -1, 'player_num': 1}
2026-04-23 20:38:59,129 : INFO : EventManager : Event: ======'player_shot_top_drop'====== Args={'value': 1, 'prev_value': 0, 'change': 1, 'player_num': 1}
2026-04-23 20:38:59,130 : INFO : EventManager : Event: ======'player_instruments_instrument_rotate_tick'====== Args={'value': 0, 'prev_value': 1, 'change': -1, 'player_num': 1}
2026-04-23 20:38:59,130 : INFO : Timer.instrument_rotate : Starting Timer.
2026-04-23 20:38:59,130 : INFO : EventManager : Event: ======'timer_instrument_rotate_started'====== Args={'ticks': 0, 'ticks_remaining': 1}
2026-04-23 20:38:59,130 : INFO : EventManager : Event: ======'timer_instrument_rotate_tick'====== Args={'ticks': 0, 'ticks_remaining': 1}
2026-04-23 20:38:59,266 : INFO : EventManager : Event: ======'player_wizardcarousel_wizard_choice_select_tick'====== Args={'value': 5, 'prev_value': 6, 'change': -1, 'player_num': 1}
2026-04-23 20:38:59,267 : INFO : EventManager : Event: ======'timer_wizard_choice_select_tick'====== Args={'ticks': 5, 'ticks_remaining': 5}
2026-04-23 20:38:59,267 : INFO : EventManager : Event: ======'player_wizard_choice_select_variable_times_1'====== Args={'value': 5, 'prev_value': 6, 'change': -1, 'player_num': 1, 'source': 'wizardcarousel'}
2026-04-23 20:38:59,572 : INFO : EventManager : Event: ======'player_superdrops_superdrops_timer_tick'====== Args={'value': 20, 'prev_value': 19, 'change': 1, 'player_num': 1}
2026-04-23 20:38:59,573 : INFO : EventManager : Event: ======'timer_superdrops_timer_tick'====== Args={'ticks': 20, 'ticks_remaining': 10}
2026-04-23 20:38:59,688 : INFO : EventManager : Event: ======'player_superpops_superpops_timer_tick'====== Args={'value': 9, 'prev_value': 8, 'change': 1, 'player_num': 1}
2026-04-23 20:38:59,689 : INFO : EventManager : Event: ======'timer_superpops_timer_tick'====== Args={'ticks': 9, 'ticks_remaining': 21}
2026-04-23 20:39:00,141 : INFO : EventManager : Event: ======'player_instruments_instrument_rotate_tick'====== Args={'value': 1, 'prev_value': 0, 'change': 1, 'player_num': 1}
2026-04-23 20:39:00,142 : INFO : Timer.instrument_rotate : Timer Complete
2026-04-23 20:39:00,142 : INFO : Timer.instrument_rotate : Stopping Timer
2026-04-23 20:39:00,143 : INFO : EventManager : Event: ======'timer_instrument_rotate_stopped'====== Args={'ticks': 1, 'ticks_remaining': 1}
2026-04-23 20:39:00,143 : INFO : EventManager : Event: ======'timer_instrument_rotate_complete'====== Args={'ticks': 1, 'ticks_remaining': 1}
2026-04-23 20:39:00,143 : INFO : EventManager : Event: ======'player_shot_bottom_drop'====== Args={'value': 1, 'prev_value': 0, 'change': 1, 'player_num': 1}
2026-04-23 20:39:00,144 : INFO : EventManager : Event: ======'player_shot_top_drop'====== Args={'value': 0, 'prev_value': 1, 'change': -1, 'player_num': 1}
2026-04-23 20:39:00,144 : INFO : EventManager : Event: ======'player_instruments_instrument_rotate_tick'====== Args={'value': 0, 'prev_value': 1, 'change': -1, 'player_num': 1}
2026-04-23 20:39:00,144 : INFO : Timer.instrument_rotate : Starting Timer.
2026-04-23 20:39:00,145 : INFO : EventManager : Event: ======'timer_instrument_rotate_started'====== Args={'ticks': 0, 'ticks_remaining': 1}
2026-04-23 20:39:00,145 : INFO : EventManager : Event: ======'timer_instrument_rotate_tick'====== Args={'ticks': 0, 'ticks_remaining': 1}
2026-04-23 20:39:00,264 : INFO : EventManager : Event: ======'player_wizardcarousel_wizard_choice_select_tick'====== Args={'value': 4, 'prev_value': 5, 'change': -1, 'player_num': 1}
2026-04-23 20:39:00,265 : INFO : EventManager : Event: ======'timer_wizard_choice_select_tick'====== Args={'ticks': 4, 'ticks_remaining': 4}
2026-04-23 20:39:00,266 : INFO : EventManager : Event: ======'player_wizard_choice_select_variable_times_1'====== Args={'value': 4, 'prev_value': 5, 'change': -1, 'player_num': 1, 'source': 'wizardcarousel'}
2026-04-23 20:39:00,576 : INFO : EventManager : Event: ======'player_superdrops_superdrops_timer_tick'====== Args={'value': 21, 'prev_value': 20, 'change': 1, 'player_num': 1}
2026-04-23 20:39:00,577 : INFO : EventManager : Event: ======'timer_superdrops_timer_tick'====== Args={'ticks': 21, 'ticks_remaining': 9}
2026-04-23 20:39:00,686 : INFO : EventManager : Event: ======'player_superpops_superpops_timer_tick'====== Args={'value': 10, 'prev_value': 9, 'change': 1, 'player_num': 1}
2026-04-23 20:39:00,687 : INFO : EventManager : Event: ======'timer_superpops_timer_tick'====== Args={'ticks': 10, 'ticks_remaining': 20}
2026-04-23 20:39:01,153 : INFO : EventManager : Event: ======'player_instruments_instrument_rotate_tick'====== Args={'value': 1, 'prev_value': 0, 'change': 1, 'player_num': 1}
2026-04-23 20:39:01,154 : INFO : Timer.instrument_rotate : Timer Complete
2026-04-23 20:39:01,154 : INFO : Timer.instrument_rotate : Stopping Timer
2026-04-23 20:39:01,154 : INFO : EventManager : Event: ======'timer_instrument_rotate_stopped'====== Args={'ticks': 1, 'ticks_remaining': 1}
2026-04-23 20:39:01,154 : INFO : EventManager : Event: ======'timer_instrument_rotate_complete'====== Args={'ticks': 1, 'ticks_remaining': 1}
2026-04-23 20:39:01,155 : INFO : EventManager : Event: ======'player_shot_bottom_drop'====== Args={'value': 0, 'prev_value': 1, 'change': -1, 'player_num': 1}
2026-04-23 20:39:01,156 : INFO : EventManager : Event: ======'player_shot_middle_drop'====== Args={'value': 1, 'prev_value': 0, 'change': 1, 'player_num': 1}
2026-04-23 20:39:01,156 : INFO : EventManager : Event: ======'player_instruments_instrument_rotate_tick'====== Args={'value': 0, 'prev_value': 1, 'change': -1, 'player_num': 1}
2026-04-23 20:39:01,156 : INFO : Timer.instrument_rotate : Starting Timer.
2026-04-23 20:39:01,157 : INFO : EventManager : Event: ======'timer_instrument_rotate_started'====== Args={'ticks': 0, 'ticks_remaining': 1}
2026-04-23 20:39:01,157 : INFO : EventManager : Event: ======'timer_instrument_rotate_tick'====== Args={'ticks': 0, 'ticks_remaining': 1}
2026-04-23 20:39:01,264 : INFO : EventManager : Event: ======'player_wizardcarousel_wizard_choice_select_tick'====== Args={'value': 3, 'prev_value': 4, 'change': -1, 'player_num': 1}
2026-04-23 20:39:01,265 : INFO : EventManager : Event: ======'timer_wizard_choice_select_tick'====== Args={'ticks': 3, 'ticks_remaining': 3}
2026-04-23 20:39:01,265 : INFO : EventManager : Event: ======'player_wizard_choice_select_variable_times_1'====== Args={'value': 3, 'prev_value': 4, 'change': -1, 'player_num': 1, 'source': 'wizardcarousel'}
2026-04-23 20:39:01,576 : INFO : EventManager : Event: ======'player_superdrops_superdrops_timer_tick'====== Args={'value': 22, 'prev_value': 21, 'change': 1, 'player_num': 1}
2026-04-23 20:39:01,577 : INFO : EventManager : Event: ======'timer_superdrops_timer_tick'====== Args={'ticks': 22, 'ticks_remaining': 8}
2026-04-23 20:39:01,685 : INFO : EventManager : Event: ======'player_superpops_superpops_timer_tick'====== Args={'value': 11, 'prev_value': 10, 'change': 1, 'player_num': 1}
2026-04-23 20:39:01,686 : INFO : EventManager : Event: ======'timer_superpops_timer_tick'====== Args={'ticks': 11, 'ticks_remaining': 19}
2026-04-23 20:39:02,006 : INFO : SwitchController : <<<<<<< 's_right_flipper' active >>>>>>>
2026-04-23 20:39:02,006 : INFO : EventManager : Event: ======'s_right_flipper_active'====== Args={}
2026-04-23 20:39:02,008 : INFO : EventManager : Event: ======'machine_var_audits_switches_s_right_flipper'====== Args={'value': 275, 'prev_value': 274, 'change': 1}
2026-04-23 20:39:02,008 : INFO : SwitchController : <<<<<<< 's_left_flipper' active >>>>>>>
2026-04-23 20:39:02,008 : INFO : EventManager : Event: ======'s_left_flipper_active'====== Args={}
2026-04-23 20:39:02,009 : INFO : EventManager : Event: ======'flipper_cancel'====== Args={'triggering_group': 1, 'triggering_switch': 's_left_flipper'}
2026-04-23 20:39:02,009 : INFO : EventManager : Event: ======'machine_var_audits_switches_s_left_flipper'====== Args={'value': 125, 'prev_value': 124, 'change': 1}
2026-04-23 20:39:02,010 : INFO : EventManager : Event: ======'carousel_item_highlighted'====== Args={'carousel': 'wizardcarousel', 'direction': 'forwards', 'item': 'makesomenoise'}
2026-04-23 20:39:02,011 : INFO : EventManager : Event: ======'player_wizardcarousel_wizard_choice_select_tick'====== Args={'value': 10, 'prev_value': 3, 'change': 7, 'player_num': 1}
2026-04-23 20:39:02,011 : INFO : EventManager : Event: ======'carousel_item_highlighted'====== Args={'carousel': 'wizardcarousel', 'direction': 'backwards', 'item': 'bodhisattvavow'}
2026-04-23 20:39:02,012 : INFO : EventManager : Event: ======'carousel_item_selected'====== Args={'carousel': 'wizardcarousel', 'item': 'bodhisattvavow'}
2026-04-23 20:39:02,013 : INFO : EventManager : Event: ======'mode_bodhivow_will_start'====== Args={'carousel': 'wizardcarousel', 'item': 'bodhisattvavow'}
2026-04-23 20:39:02,014 : INFO : EventManager : Event: ======'player_bodhivow_bodhisattvavow_intro_show_tick'====== Args={'value': 0, 'prev_value': 0, 'change': 0, 'player_num': 1}
2026-04-23 20:39:02,015 : INFO : EventManager : Event: ======'player_bodhivow_bodhisattvavow_time_remaining_tick'====== Args={'value': 60, 'prev_value': 0, 'change': 60, 'player_num': 1}
2026-04-23 20:39:02,021 : INFO : EventManager : Unordered handler for class <timer.playfield_x_timer> on event ball_will_end with priority 1. Handlers: [RegisteredHandler(callback=<bound method Timer.pause of <timer.playfield_x_timer>>, priority=1, kwargs={'timer_value': None}, key=UUID('2662d6ff-6890-4f8f-b9a8-93998c42d451'), condition=None, blocking_facility=None), RegisteredHandler(callback=<bound method Timer.jump of <timer.playfield_x_timer>>, priority=1, kwargs={'timer_value': <NativeTemplate 30.0>}, key=UUID('496e1753-6f90-4e8f-b0d4-6e405053567e'), condition=None, blocking_facility=None)]. The order of those handlers is not defined and they will be executed in random order. This might lead to race conditions and potential bugs.
2026-04-23 20:39:02,023 : INFO : EventManager : Event: ======'mode_bodhivow_starting'====== Args={'carousel': 'wizardcarousel', 'item': 'bodhisattvavow'}
2026-04-23 20:39:02,024 : INFO : EventManager : Event: ======'mode_wizardcarousel_will_stop'====== Args={}
2026-04-23 20:39:02,024 : INFO : EventManager : Event: ======'mode_wizardcarousel_stopping'====== Args={}
2026-04-23 20:39:02,024 : INFO : Mode.wizardcarousel : Stopped.
2026-04-23 20:39:02,024 : INFO : EventManager : Event: ======'modes_active_modes_changed'====== Args={}
2026-04-23 20:39:02,025 : INFO : EventManager : Event: ======'mode_wizardcarousel_stopped'====== Args={}
2026-04-23 20:39:02,025 : INFO : EventManager : Event: ======'clear'====== Args={'key': 'wizardcarousel'}
2026-04-23 20:39:02,025 : INFO : EventManager : Event: ======'player_wizard_choice_select_variable_times_1'====== Args={'value': 10, 'prev_value': 3, 'change': 7, 'player_num': 1, 'source': 'base'}
2026-04-23 20:39:02,026 : INFO : Timer.wizard_choice_select : Stopping Timer
2026-04-23 20:39:02,026 : INFO : EventManager : Event: ======'timer_wizard_choice_select_stopped'====== Args={'ticks': 10, 'ticks_remaining': 10}
2026-04-23 20:39:02,027 : INFO : EventManager : Event: ======'logicblock_bodhisattvavow_area1_counter_updated'====== Args={'value': 1, 'enabled': True}
2026-04-23 20:39:02,027 : INFO : EventManager : Event: ======'logicblock_bodhisattvavow_area2_counter_updated'====== Args={'value': 1, 'enabled': True}
2026-04-23 20:39:02,027 : INFO : EventManager : Event: ======'logicblock_bodhisattvavow_area3_counter_updated'====== Args={'value': 1, 'enabled': True}
2026-04-23 20:39:02,028 : INFO : EventManager : Event: ======'logicblock_bodhisattvavow_area4_counter_updated'====== Args={'value': 1, 'enabled': True}
2026-04-23 20:39:02,028 : INFO : EventManager : Event: ======'logicblock_bodhisattvavow_area5_counter_updated'====== Args={'value': 1, 'enabled': True}
2026-04-23 20:39:02,028 : INFO : EventManager : Event: ======'logicblock_bodhisattvavow_area1_counter_updated'====== Args={'value': 1, 'enabled': True}
2026-04-23 20:39:02,028 : INFO : EventManager : Event: ======'logicblock_bodhisattvavow_area2_counter_updated'====== Args={'value': 1, 'enabled': True}
2026-04-23 20:39:02,028 : INFO : EventManager : Event: ======'logicblock_bodhisattvavow_area3_counter_updated'====== Args={'value': 1, 'enabled': True}
2026-04-23 20:39:02,028 : INFO : EventManager : Event: ======'logicblock_bodhisattvavow_area4_counter_updated'====== Args={'value': 1, 'enabled': True}
2026-04-23 20:39:02,028 : INFO : EventManager : Event: ======'logicblock_bodhisattvavow_area5_counter_updated'====== Args={'value': 1, 'enabled': True}
2026-04-23 20:39:02,029 : INFO : Mode.bodhivow : Started. Priority: 5001
2026-04-23 20:39:02,029 : INFO : EventManager : Event: ======'modes_active_modes_changed'====== Args={}
2026-04-23 20:39:02,029 : INFO : EventManager : Event: ======'mode_bodhivow_started'====== Args={'carousel': 'wizardcarousel', 'item': 'bodhisattvavow'}
2026-04-23 20:39:02,030 : INFO : EventManager : Event: ======'logicblock_bodhisattvavow_area1_counter_updated'====== Args={'value': 1, 'enabled': True}
2026-04-23 20:39:02,030 : INFO : EventManager : Event: ======'logicblock_bodhisattvavow_area1_counter_updated'====== Args={'value': 1, 'enabled': True}
2026-04-23 20:39:02,030 : INFO : EventManager : Event: ======'logicblock_bodhisattvavow_area2_counter_updated'====== Args={'value': 1, 'enabled': True}
2026-04-23 20:39:02,030 : INFO : EventManager : Event: ======'logicblock_bodhisattvavow_area2_counter_updated'====== Args={'value': 1, 'enabled': True}
2026-04-23 20:39:02,030 : INFO : EventManager : Event: ======'logicblock_bodhisattvavow_area3_counter_updated'====== Args={'value': 1, 'enabled': True}
2026-04-23 20:39:02,030 : INFO : EventManager : Event: ======'logicblock_bodhisattvavow_area3_counter_updated'====== Args={'value': 1, 'enabled': True}
2026-04-23 20:39:02,030 : INFO : EventManager : Event: ======'logicblock_bodhisattvavow_area4_counter_updated'====== Args={'value': 1, 'enabled': True}
2026-04-23 20:39:02,030 : INFO : EventManager : Event: ======'logicblock_bodhisattvavow_area4_counter_updated'====== Args={'value': 1, 'enabled': True}
2026-04-23 20:39:02,030 : INFO : EventManager : Event: ======'logicblock_bodhisattvavow_area5_counter_updated'====== Args={'value': 1, 'enabled': True}
2026-04-23 20:39:02,031 : INFO : EventManager : Event: ======'logicblock_bodhisattvavow_area5_counter_updated'====== Args={'value': 1, 'enabled': True}
2026-04-23 20:39:02,031 : INFO : EventManager : Event: ======'player_mode_blocking_flag'====== Args={'value': 1, 'prev_value': 0, 'change': 1, 'player_num': 1, 'source': 'bodhivow'}
2026-04-23 20:39:02,031 : INFO : EventManager : Event: ======'player_modes_played'====== Args={'value': 3, 'prev_value': 2, 'change': 1, 'player_num': 1, 'source': 'bodhivow'}
2026-04-23 20:39:02,031 : INFO : EventManager : Event: ======'player_modes_completed'====== Args={'value': 3, 'prev_value': 2, 'change': 1, 'player_num': 1, 'source': 'bodhivow'}
2026-04-23 20:39:02,032 : INFO : EventManager : Event: ======'achievement_bodhisattvavow_mode_changed_state'====== Args={'restore': False, 'state': 'started', 'selected': False}
2026-04-23 20:39:02,032 : INFO : EventManager : Event: ======'achievement_bodhisattvavow_mode_state_started'====== Args={'restore': False, 'state': 'started', 'selected': False}
2026-04-23 20:39:02,032 : INFO : EventManager : Event: ======'achievement_wizard1_changed_state'====== Args={'restore': False, 'state': 'completed', 'selected': False}
2026-04-23 20:39:02,032 : INFO : EventManager : Event: ======'wizard1_played'====== Args={'restore': False, 'state': 'completed', 'selected': False}
2026-04-23 20:39:02,033 : INFO : Timer.bodhisattvavow_intro_show : Starting Timer.
2026-04-23 20:39:02,033 : INFO : EventManager : Event: ======'timer_bodhisattvavow_intro_show_started'====== Args={'ticks': 0, 'ticks_remaining': 8}
2026-04-23 20:39:02,033 : INFO : EventManager : Event: ======'timer_bodhisattvavow_intro_show_tick'====== Args={'ticks': 0, 'ticks_remaining': 8}
2026-04-23 20:39:02,033 : INFO : EventManager : Event: ======'player_bodhisattvavow_intro_show_variable_times_100'====== Args={'value': 0, 'prev_value': 0, 'change': 0, 'player_num': 1, 'source': 'bodhivow'}
2026-04-23 20:39:02,050 : INFO : EventManager : Event: ======'slide_current_wizard_mode_highlighted_removed'====== Args={'_from_bcp': True}
2026-04-23 20:39:02,070 : INFO : EventManager : Event: ======'slide_bodhisattvavow_created'====== Args={'_from_bcp': True}
2026-04-23 20:39:02,071 : INFO : EventManager : Event: ======'slide_bodhisattvavow_instructions_created'====== Args={'_from_bcp': True}
2026-04-23 20:39:02,103 : INFO : SwitchController : <<<<<<< 's_left_flipper' inactive >>>>>>>
2026-04-23 20:39:02,103 : INFO : EventManager : Event: ======'sw_left_flipper_inactive'====== Args={}
2026-04-23 20:39:02,103 : INFO : EventManager : Event: ======'both_flippers_one'====== Args={'triggering_group': 1, 'triggering_switch': 's_left_flipper'}
2026-04-23 20:39:02,103 : INFO : SwitchController : <<<<<<< 's_right_flipper' inactive >>>>>>>
2026-04-23 20:39:02,103 : INFO : EventManager : Event: ======'sw_right_flipper_inactive'====== Args={}
2026-04-23 20:39:02,103 : INFO : EventManager : Event: ======'both_flippers_inactive'====== Args={'triggering_group': 2, 'triggering_switch': 's_right_flipper'}
2026-04-23 20:39:02,170 : INFO : EventManager : Event: ======'player_instruments_instrument_rotate_tick'====== Args={'value': 1, 'prev_value': 0, 'change': 1, 'player_num': 1}
2026-04-23 20:39:02,171 : INFO : Timer.instrument_rotate : Timer Complete
2026-04-23 20:39:02,171 : INFO : Timer.instrument_rotate : Stopping Timer
2026-04-23 20:39:02,171 : INFO : EventManager : Event: ======'timer_instrument_rotate_stopped'====== Args={'ticks': 1, 'ticks_remaining': 1}
2026-04-23 20:39:02,171 : INFO : EventManager : Event: ======'timer_instrument_rotate_complete'====== Args={'ticks': 1, 'ticks_remaining': 1}
2026-04-23 20:39:02,172 : INFO : EventManager : Event: ======'player_shot_middle_drop'====== Args={'value': 0, 'prev_value': 1, 'change': -1, 'player_num': 1}
2026-04-23 20:39:02,172 : INFO : EventManager : Event: ======'player_shot_top_drop'====== Args={'value': 1, 'prev_value': 0, 'change': 1, 'player_num': 1}
2026-04-23 20:39:02,173 : INFO : EventManager : Event: ======'player_instruments_instrument_rotate_tick'====== Args={'value': 0, 'prev_value': 1, 'change': -1, 'player_num': 1}
2026-04-23 20:39:02,173 : INFO : Timer.instrument_rotate : Starting Timer.
2026-04-23 20:39:02,173 : INFO : EventManager : Event: ======'timer_instrument_rotate_started'====== Args={'ticks': 0, 'ticks_remaining': 1}
2026-04-23 20:39:02,173 : INFO : EventManager : Event: ======'timer_instrument_rotate_tick'====== Args={'ticks': 0, 'ticks_remaining': 1}
2026-04-23 20:39:02,580 : INFO : EventManager : Event: ======'player_superdrops_superdrops_timer_tick'====== Args={'value': 23, 'prev_value': 22, 'change': 1, 'player_num': 1}
2026-04-23 20:39:02,581 : INFO : EventManager : Event: ======'timer_superdrops_timer_tick'====== Args={'ticks': 23, 'ticks_remaining': 7}
2026-04-23 20:39:02,689 : INFO : EventManager : Event: ======'player_superpops_superpops_timer_tick'====== Args={'value': 12, 'prev_value': 11, 'change': 1, 'player_num': 1}
2026-04-23 20:39:02,690 : INFO : EventManager : Event: ======'timer_superpops_timer_tick'====== Args={'ticks': 12, 'ticks_remaining': 18}
2026-04-23 20:39:03,048 : INFO : EventManager : Event: ======'player_bodhivow_bodhisattvavow_intro_show_tick'====== Args={'value': 1, 'prev_value': 0, 'change': 1, 'player_num': 1}
2026-04-23 20:39:03,048 : INFO : EventManager : Event: ======'timer_bodhisattvavow_intro_show_tick'====== Args={'ticks': 1, 'ticks_remaining': 7}
2026-04-23 20:39:03,049 : INFO : EventManager : Event: ======'player_bodhisattvavow_intro_show_variable_times_100'====== Args={'value': 100, 'prev_value': 0, 'change': 100, 'player_num': 1, 'source': 'bodhivow'}
2026-04-23 20:39:03,174 : INFO : EventManager : Event: ======'player_instruments_instrument_rotate_tick'====== Args={'value': 1, 'prev_value': 0, 'change': 1, 'player_num': 1}
2026-04-23 20:39:03,174 : INFO : Timer.instrument_rotate : Timer Complete
2026-04-23 20:39:03,175 : INFO : Timer.instrument_rotate : Stopping Timer
2026-04-23 20:39:03,175 : INFO : EventManager : Event: ======'timer_instrument_rotate_stopped'====== Args={'ticks': 1, 'ticks_remaining': 1}
2026-04-23 20:39:03,175 : INFO : EventManager : Event: ======'timer_instrument_rotate_complete'====== Args={'ticks': 1, 'ticks_remaining': 1}
2026-04-23 20:39:03,175 : INFO : EventManager : Event: ======'player_shot_bottom_drop'====== Args={'value': 1, 'prev_value': 0, 'change': 1, 'player_num': 1}
2026-04-23 20:39:03,176 : INFO : EventManager : Event: ======'player_shot_top_drop'====== Args={'value': 0, 'prev_value': 1, 'change': -1, 'player_num': 1}
2026-04-23 20:39:03,176 : INFO : EventManager : Event: ======'player_instruments_instrument_rotate_tick'====== Args={'value': 0, 'prev_value': 1, 'change': -1, 'player_num': 1}
2026-04-23 20:39:03,176 : INFO : Timer.instrument_rotate : Starting Timer.
2026-04-23 20:39:03,176 : INFO : EventManager : Event: ======'timer_instrument_rotate_started'====== Args={'ticks': 0, 'ticks_remaining': 1}
2026-04-23 20:39:03,176 : INFO : EventManager : Event: ======'timer_instrument_rotate_tick'====== Args={'ticks': 0, 'ticks_remaining': 1}
2026-04-23 20:39:03,580 : INFO : EventManager : Event: ======'player_superdrops_superdrops_timer_tick'====== Args={'value': 24, 'prev_value': 23, 'change': 1, 'player_num': 1}
2026-04-23 20:39:03,581 : INFO : EventManager : Event: ======'timer_superdrops_timer_tick'====== Args={'ticks': 24, 'ticks_remaining': 6}
2026-04-23 20:39:03,690 : INFO : EventManager : Event: ======'player_superpops_superpops_timer_tick'====== Args={'value': 13, 'prev_value': 12, 'change': 1, 'player_num': 1}
2026-04-23 20:39:03,691 : INFO : EventManager : Event: ======'timer_superpops_timer_tick'====== Args={'ticks': 13, 'ticks_remaining': 17}
2026-04-23 20:39:04,048 : INFO : EventManager : Event: ======'player_bodhivow_bodhisattvavow_intro_show_tick'====== Args={'value': 2, 'prev_value': 1, 'change': 1, 'player_num': 1}
2026-04-23 20:39:04,049 : INFO : EventManager : Event: ======'timer_bodhisattvavow_intro_show_tick'====== Args={'ticks': 2, 'ticks_remaining': 6}
2026-04-23 20:39:04,050 : INFO : EventManager : Event: ======'player_bodhisattvavow_intro_show_variable_times_100'====== Args={'value': 200, 'prev_value': 100, 'change': 100, 'player_num': 1, 'source': 'bodhivow'}
2026-04-23 20:39:04,188 : INFO : EventManager : Event: ======'player_instruments_instrument_rotate_tick'====== Args={'value': 1, 'prev_value': 0, 'change': 1, 'player_num': 1}
2026-04-23 20:39:04,189 : INFO : Timer.instrument_rotate : Timer Complete
2026-04-23 20:39:04,189 : INFO : Timer.instrument_rotate : Stopping Timer
2026-04-23 20:39:04,189 : INFO : EventManager : Event: ======'timer_instrument_rotate_stopped'====== Args={'ticks': 1, 'ticks_remaining': 1}
2026-04-23 20:39:04,189 : INFO : EventManager : Event: ======'timer_instrument_rotate_complete'====== Args={'ticks': 1, 'ticks_remaining': 1}
2026-04-23 20:39:04,189 : INFO : EventManager : Event: ======'player_shot_bottom_drop'====== Args={'value': 0, 'prev_value': 1, 'change': -1, 'player_num': 1}
2026-04-23 20:39:04,190 : INFO : EventManager : Event: ======'player_shot_middle_drop'====== Args={'value': 1, 'prev_value': 0, 'change': 1, 'player_num': 1}
2026-04-23 20:39:04,190 : INFO : EventManager : Event: ======'player_instruments_instrument_rotate_tick'====== Args={'value': 0, 'prev_value': 1, 'change': -1, 'player_num': 1}
2026-04-23 20:39:04,190 : INFO : Timer.instrument_rotate : Starting Timer.
2026-04-23 20:39:04,191 : INFO : EventManager : Event: ======'timer_instrument_rotate_started'====== Args={'ticks': 0, 'ticks_remaining': 1}
2026-04-23 20:39:04,191 : INFO : EventManager : Event: ======'timer_instrument_rotate_tick'====== Args={'ticks': 0, 'ticks_remaining': 1}
2026-04-23 20:39:04,578 : INFO : EventManager : Event: ======'player_superdrops_superdrops_timer_tick'====== Args={'value': 25, 'prev_value': 24, 'change': 1, 'player_num': 1}
2026-04-23 20:39:04,579 : INFO : EventManager : Event: ======'timer_superdrops_timer_tick'====== Args={'ticks': 25, 'ticks_remaining': 5}
2026-04-23 20:39:04,687 : INFO : EventManager : Event: ======'player_superpops_superpops_timer_tick'====== Args={'value': 14, 'prev_value': 13, 'change': 1, 'player_num': 1}
2026-04-23 20:39:04,688 : INFO : EventManager : Event: ======'timer_superpops_timer_tick'====== Args={'ticks': 14, 'ticks_remaining': 16}
2026-04-23 20:39:05,045 : INFO : EventManager : Event: ======'player_bodhivow_bodhisattvavow_intro_show_tick'====== Args={'value': 3, 'prev_value': 2, 'change': 1, 'player_num': 1}
2026-04-23 20:39:05,046 : INFO : EventManager : Event: ======'timer_bodhisattvavow_intro_show_tick'====== Args={'ticks': 3, 'ticks_remaining': 5}
2026-04-23 20:39:05,046 : INFO : EventManager : Event: ======'player_bodhisattvavow_intro_show_variable_times_100'====== Args={'value': 300, 'prev_value': 200, 'change': 100, 'player_num': 1, 'source': 'bodhivow'}
2026-04-23 20:39:05,202 : INFO : EventManager : Event: ======'player_instruments_instrument_rotate_tick'====== Args={'value': 1, 'prev_value': 0, 'change': 1, 'player_num': 1}
2026-04-23 20:39:05,203 : INFO : Timer.instrument_rotate : Timer Complete
2026-04-23 20:39:05,203 : INFO : Timer.instrument_rotate : Stopping Timer
2026-04-23 20:39:05,203 : INFO : EventManager : Event: ======'timer_instrument_rotate_stopped'====== Args={'ticks': 1, 'ticks_remaining': 1}
2026-04-23 20:39:05,203 : INFO : EventManager : Event: ======'timer_instrument_rotate_complete'====== Args={'ticks': 1, 'ticks_remaining': 1}
2026-04-23 20:39:05,204 : INFO : EventManager : Event: ======'player_shot_middle_drop'====== Args={'value': 0, 'prev_value': 1, 'change': -1, 'player_num': 1}
2026-04-23 20:39:05,204 : INFO : EventManager : Event: ======'player_shot_top_drop'====== Args={'value': 1, 'prev_value': 0, 'change': 1, 'player_num': 1}
2026-04-23 20:39:05,205 : INFO : EventManager : Event: ======'player_instruments_instrument_rotate_tick'====== Args={'value': 0, 'prev_value': 1, 'change': -1, 'player_num': 1}
2026-04-23 20:39:05,205 : INFO : Timer.instrument_rotate : Starting Timer.
2026-04-23 20:39:05,205 : INFO : EventManager : Event: ======'timer_instrument_rotate_started'====== Args={'ticks': 0, 'ticks_remaining': 1}
2026-04-23 20:39:05,205 : INFO : EventManager : Event: ======'timer_instrument_rotate_tick'====== Args={'ticks': 0, 'ticks_remaining': 1}
2026-04-23 20:39:05,575 : INFO : EventManager : Event: ======'player_superdrops_superdrops_timer_tick'====== Args={'value': 26, 'prev_value': 25, 'change': 1, 'player_num': 1}
2026-04-23 20:39:05,576 : INFO : EventManager : Event: ======'timer_superdrops_timer_tick'====== Args={'ticks': 26, 'ticks_remaining': 4}
2026-04-23 20:39:05,686 : INFO : EventManager : Event: ======'player_superpops_superpops_timer_tick'====== Args={'value': 15, 'prev_value': 14, 'change': 1, 'player_num': 1}
2026-04-23 20:39:05,686 : INFO : EventManager : Event: ======'timer_superpops_timer_tick'====== Args={'ticks': 15, 'ticks_remaining': 15}
2026-04-23 20:39:06,047 : INFO : EventManager : Event: ======'player_bodhivow_bodhisattvavow_intro_show_tick'====== Args={'value': 4, 'prev_value': 3, 'change': 1, 'player_num': 1}
2026-04-23 20:39:06,048 : INFO : EventManager : Event: ======'timer_bodhisattvavow_intro_show_tick'====== Args={'ticks': 4, 'ticks_remaining': 4}
2026-04-23 20:39:06,048 : INFO : EventManager : Event: ======'player_bodhisattvavow_intro_show_variable_times_100'====== Args={'value': 400, 'prev_value': 300, 'change': 100, 'player_num': 1, 'source': 'bodhivow'}
2026-04-23 20:39:06,219 : INFO : EventManager : Event: ======'player_instruments_instrument_rotate_tick'====== Args={'value': 1, 'prev_value': 0, 'change': 1, 'player_num': 1}
2026-04-23 20:39:06,220 : INFO : Timer.instrument_rotate : Timer Complete
2026-04-23 20:39:06,220 : INFO : Timer.instrument_rotate : Stopping Timer
2026-04-23 20:39:06,220 : INFO : EventManager : Event: ======'timer_instrument_rotate_stopped'====== Args={'ticks': 1, 'ticks_remaining': 1}
2026-04-23 20:39:06,221 : INFO : EventManager : Event: ======'timer_instrument_rotate_complete'====== Args={'ticks': 1, 'ticks_remaining': 1}
2026-04-23 20:39:06,221 : INFO : EventManager : Event: ======'player_shot_bottom_drop'====== Args={'value': 1, 'prev_value': 0, 'change': 1, 'player_num': 1}
2026-04-23 20:39:06,222 : INFO : EventManager : Event: ======'player_shot_top_drop'====== Args={'value': 0, 'prev_value': 1, 'change': -1, 'player_num': 1}
2026-04-23 20:39:06,222 : INFO : EventManager : Event: ======'player_instruments_instrument_rotate_tick'====== Args={'value': 0, 'prev_value': 1, 'change': -1, 'player_num': 1}
2026-04-23 20:39:06,222 : INFO : Timer.instrument_rotate : Starting Timer.
2026-04-23 20:39:06,222 : INFO : EventManager : Event: ======'timer_instrument_rotate_started'====== Args={'ticks': 0, 'ticks_remaining': 1}
2026-04-23 20:39:06,222 : INFO : EventManager : Event: ======'timer_instrument_rotate_tick'====== Args={'ticks': 0, 'ticks_remaining': 1}
2026-04-23 20:39:06,579 : INFO : EventManager : Event: ======'player_superdrops_superdrops_timer_tick'====== Args={'value': 27, 'prev_value': 26, 'change': 1, 'player_num': 1}
2026-04-23 20:39:06,580 : INFO : EventManager : Event: ======'timer_superdrops_timer_tick'====== Args={'ticks': 27, 'ticks_remaining': 3}
2026-04-23 20:39:06,689 : INFO : EventManager : Event: ======'player_superpops_superpops_timer_tick'====== Args={'value': 16, 'prev_value': 15, 'change': 1, 'player_num': 1}
2026-04-23 20:39:06,690 : INFO : EventManager : Event: ======'timer_superpops_timer_tick'====== Args={'ticks': 16, 'ticks_remaining': 14}
2026-04-23 20:39:07,033 : INFO : EventManager : Event: ======'player_bodhivow_bodhisattvavow_intro_show_tick'====== Args={'value': 5, 'prev_value': 4, 'change': 1, 'player_num': 1}
2026-04-23 20:39:07,034 : INFO : EventManager : Event: ======'timer_bodhisattvavow_intro_show_tick'====== Args={'ticks': 5, 'ticks_remaining': 3}
2026-04-23 20:39:07,035 : INFO : EventManager : Event: ======'player_bodhisattvavow_intro_show_variable_times_100'====== Args={'value': 500, 'prev_value': 400, 'change': 100, 'player_num': 1, 'source': 'bodhivow'}
2026-04-23 20:39:07,224 : INFO : EventManager : Event: ======'player_instruments_instrument_rotate_tick'====== Args={'value': 1, 'prev_value': 0, 'change': 1, 'player_num': 1}
2026-04-23 20:39:07,226 : INFO : Timer.instrument_rotate : Timer Complete
2026-04-23 20:39:07,226 : INFO : Timer.instrument_rotate : Stopping Timer
2026-04-23 20:39:07,226 : INFO : EventManager : Event: ======'timer_instrument_rotate_stopped'====== Args={'ticks': 1, 'ticks_remaining': 1}
2026-04-23 20:39:07,226 : INFO : EventManager : Event: ======'timer_instrument_rotate_complete'====== Args={'ticks': 1, 'ticks_remaining': 1}
2026-04-23 20:39:07,226 : INFO : EventManager : Event: ======'player_shot_bottom_drop'====== Args={'value': 0, 'prev_value': 1, 'change': -1, 'player_num': 1}
2026-04-23 20:39:07,227 : INFO : EventManager : Event: ======'player_shot_middle_drop'====== Args={'value': 1, 'prev_value': 0, 'change': 1, 'player_num': 1}
2026-04-23 20:39:07,227 : INFO : EventManager : Event: ======'player_instruments_instrument_rotate_tick'====== Args={'value': 0, 'prev_value': 1, 'change': -1, 'player_num': 1}
2026-04-23 20:39:07,227 : INFO : Timer.instrument_rotate : Starting Timer.
2026-04-23 20:39:07,227 : INFO : EventManager : Event: ======'timer_instrument_rotate_started'====== Args={'ticks': 0, 'ticks_remaining': 1}
2026-04-23 20:39:07,227 : INFO : EventManager : Event: ======'timer_instrument_rotate_tick'====== Args={'ticks': 0, 'ticks_remaining': 1}
2026-04-23 20:39:07,583 : INFO : EventManager : Event: ======'player_superdrops_superdrops_timer_tick'====== Args={'value': 28, 'prev_value': 27, 'change': 1, 'player_num': 1}
2026-04-23 20:39:07,584 : INFO : EventManager : Event: ======'timer_superdrops_timer_tick'====== Args={'ticks': 28, 'ticks_remaining': 2}
2026-04-23 20:39:07,677 : INFO : EventManager : Event: ======'player_superpops_superpops_timer_tick'====== Args={'value': 17, 'prev_value': 16, 'change': 1, 'player_num': 1}
2026-04-23 20:39:07,678 : INFO : EventManager : Event: ======'timer_superpops_timer_tick'====== Args={'ticks': 17, 'ticks_remaining': 13}
2026-04-23 20:39:08,035 : INFO : EventManager : Event: ======'player_bodhivow_bodhisattvavow_intro_show_tick'====== Args={'value': 6, 'prev_value': 5, 'change': 1, 'player_num': 1}
2026-04-23 20:39:08,036 : INFO : EventManager : Event: ======'timer_bodhisattvavow_intro_show_tick'====== Args={'ticks': 6, 'ticks_remaining': 2}
2026-04-23 20:39:08,036 : INFO : EventManager : Event: ======'player_bodhisattvavow_intro_show_variable_times_100'====== Args={'value': 600, 'prev_value': 500, 'change': 100, 'player_num': 1, 'source': 'bodhivow'}
2026-04-23 20:39:08,239 : INFO : EventManager : Event: ======'player_instruments_instrument_rotate_tick'====== Args={'value': 1, 'prev_value': 0, 'change': 1, 'player_num': 1}
2026-04-23 20:39:08,239 : INFO : Timer.instrument_rotate : Timer Complete
2026-04-23 20:39:08,239 : INFO : Timer.instrument_rotate : Stopping Timer
2026-04-23 20:39:08,240 : INFO : EventManager : Event: ======'timer_instrument_rotate_stopped'====== Args={'ticks': 1, 'ticks_remaining': 1}
2026-04-23 20:39:08,240 : INFO : EventManager : Event: ======'timer_instrument_rotate_complete'====== Args={'ticks': 1, 'ticks_remaining': 1}
2026-04-23 20:39:08,240 : INFO : EventManager : Event: ======'player_shot_middle_drop'====== Args={'value': 0, 'prev_value': 1, 'change': -1, 'player_num': 1}
2026-04-23 20:39:08,240 : INFO : EventManager : Event: ======'player_shot_top_drop'====== Args={'value': 1, 'prev_value': 0, 'change': 1, 'player_num': 1}
2026-04-23 20:39:08,241 : INFO : EventManager : Event: ======'player_instruments_instrument_rotate_tick'====== Args={'value': 0, 'prev_value': 1, 'change': -1, 'player_num': 1}
2026-04-23 20:39:08,241 : INFO : Timer.instrument_rotate : Starting Timer.
2026-04-23 20:39:08,241 : INFO : EventManager : Event: ======'timer_instrument_rotate_started'====== Args={'ticks': 0, 'ticks_remaining': 1}
2026-04-23 20:39:08,241 : INFO : EventManager : Event: ======'timer_instrument_rotate_tick'====== Args={'ticks': 0, 'ticks_remaining': 1}
2026-04-23 20:39:08,583 : INFO : EventManager : Event: ======'player_superdrops_superdrops_timer_tick'====== Args={'value': 29, 'prev_value': 28, 'change': 1, 'player_num': 1}
2026-04-23 20:39:08,584 : INFO : EventManager : Event: ======'timer_superdrops_timer_tick'====== Args={'ticks': 29, 'ticks_remaining': 1}
2026-04-23 20:39:08,677 : INFO : EventManager : Event: ======'player_superpops_superpops_timer_tick'====== Args={'value': 18, 'prev_value': 17, 'change': 1, 'player_num': 1}
2026-04-23 20:39:08,678 : INFO : EventManager : Event: ======'timer_superpops_timer_tick'====== Args={'ticks': 18, 'ticks_remaining': 12}
2026-04-23 20:39:09,047 : INFO : EventManager : Event: ======'player_bodhivow_bodhisattvavow_intro_show_tick'====== Args={'value': 7, 'prev_value': 6, 'change': 1, 'player_num': 1}
2026-04-23 20:39:09,048 : INFO : EventManager : Event: ======'timer_bodhisattvavow_intro_show_tick'====== Args={'ticks': 7, 'ticks_remaining': 1}
2026-04-23 20:39:09,049 : INFO : EventManager : Event: ======'player_bodhisattvavow_intro_show_variable_times_100'====== Args={'value': 700, 'prev_value': 600, 'change': 100, 'player_num': 1, 'source': 'bodhivow'}
2026-04-23 20:39:09,249 : INFO : EventManager : Event: ======'player_instruments_instrument_rotate_tick'====== Args={'value': 1, 'prev_value': 0, 'change': 1, 'player_num': 1}
2026-04-23 20:39:09,250 : INFO : Timer.instrument_rotate : Timer Complete
2026-04-23 20:39:09,250 : INFO : Timer.instrument_rotate : Stopping Timer
2026-04-23 20:39:09,251 : INFO : EventManager : Event: ======'timer_instrument_rotate_stopped'====== Args={'ticks': 1, 'ticks_remaining': 1}
2026-04-23 20:39:09,251 : INFO : EventManager : Event: ======'timer_instrument_rotate_complete'====== Args={'ticks': 1, 'ticks_remaining': 1}
2026-04-23 20:39:09,251 : INFO : EventManager : Event: ======'player_shot_bottom_drop'====== Args={'value': 1, 'prev_value': 0, 'change': 1, 'player_num': 1}
2026-04-23 20:39:09,251 : INFO : EventManager : Event: ======'player_shot_top_drop'====== Args={'value': 0, 'prev_value': 1, 'change': -1, 'player_num': 1}
2026-04-23 20:39:09,252 : INFO : EventManager : Event: ======'player_instruments_instrument_rotate_tick'====== Args={'value': 0, 'prev_value': 1, 'change': -1, 'player_num': 1}
2026-04-23 20:39:09,252 : INFO : Timer.instrument_rotate : Starting Timer.
2026-04-23 20:39:09,252 : INFO : EventManager : Event: ======'timer_instrument_rotate_started'====== Args={'ticks': 0, 'ticks_remaining': 1}
2026-04-23 20:39:09,252 : INFO : EventManager : Event: ======'timer_instrument_rotate_tick'====== Args={'ticks': 0, 'ticks_remaining': 1}
2026-04-23 20:39:09,576 : INFO : EventManager : Event: ======'player_superdrops_superdrops_timer_tick'====== Args={'value': 30, 'prev_value': 29, 'change': 1, 'player_num': 1}
2026-04-23 20:39:09,577 : INFO : Timer.superdrops_timer : Timer Complete
2026-04-23 20:39:09,577 : INFO : Timer.superdrops_timer : Stopping Timer
2026-04-23 20:39:09,578 : INFO : EventManager : Event: ======'timer_superdrops_timer_stopped'====== Args={'ticks': 30, 'ticks_remaining': 1}
2026-04-23 20:39:09,578 : INFO : EventManager : Event: ======'timer_superdrops_timer_complete'====== Args={'ticks': 30, 'ticks_remaining': 1}
2026-04-23 20:39:09,578 : INFO : EventManager : Event: ======'mode_superdrops_complete'====== Args={'priority': 0}
2026-04-23 20:39:09,579 : INFO : EventManager : Event: ======'mode_superdrops_will_stop'====== Args={}
2026-04-23 20:39:09,579 : INFO : EventManager : Event: ======'mode_superdrops_stopping'====== Args={}
2026-04-23 20:39:09,579 : INFO : Mode.superdrops : Stopped.
2026-04-23 20:39:09,579 : INFO : EventManager : Event: ======'modes_active_modes_changed'====== Args={}
2026-04-23 20:39:09,579 : INFO : EventManager : Event: ======'mode_superdrops_stopped'====== Args={}
2026-04-23 20:39:09,579 : INFO : EventManager : Event: ======'clear'====== Args={'key': 'superdrops'}
2026-04-23 20:39:09,580 : INFO : EventManager : Event: ======'achievement_superdrops_super_mode_changed_state'====== Args={'restore': False, 'state': 'completed', 'selected': False}
2026-04-23 20:39:09,580 : INFO : EventManager : Event: ======'achievement_superdrops_super_mode_state_completed'====== Args={'restore': False, 'state': 'completed', 'selected': False}
2026-04-23 20:39:09,580 : INFO : EventManager : Event: ======'logicblock_super_modes_played_counter_updated'====== Args={'value': 1, 'enabled': True}
2026-04-23 20:39:09,581 : INFO : EventManager : Event: ======'counter_super_modes_played_counter_hit'====== Args={'count': 1, 'hits': 1, 'remaining': 4}
2026-04-23 20:39:09,581 : INFO : EventManager : Event: ======'logicblock_super_modes_played_counter_hit'====== Args={'count': 1, 'hits': 1, 'remaining': 4}
2026-04-23 20:39:09,581 : INFO : Timer.superdrops_timer : Stopping Timer
2026-04-23 20:39:09,581 : INFO : EventManager : Event: ======'timer_superdrops_timer_stopped'====== Args={'ticks': 30, 'ticks_remaining': 1}
2026-04-23 20:39:09,686 : INFO : EventManager : Event: ======'player_superpops_superpops_timer_tick'====== Args={'value': 19, 'prev_value': 18, 'change': 1, 'player_num': 1}
2026-04-23 20:39:09,687 : INFO : EventManager : Event: ======'timer_superpops_timer_tick'====== Args={'ticks': 19, 'ticks_remaining': 11}
2026-04-23 20:39:10,010 : INFO : EventManager : Event: ======'slide_bodhisattvavow_instructions_removed'====== Args={'_from_bcp': True}
2026-04-23 20:39:10,047 : INFO : EventManager : Event: ======'player_bodhivow_bodhisattvavow_intro_show_tick'====== Args={'value': 8, 'prev_value': 7, 'change': 1, 'player_num': 1}
2026-04-23 20:39:10,048 : INFO : Timer.bodhisattvavow_intro_show : Timer Complete
2026-04-23 20:39:10,048 : INFO : Timer.bodhisattvavow_intro_show : Stopping Timer
2026-04-23 20:39:10,048 : INFO : EventManager : Event: ======'timer_bodhisattvavow_intro_show_stopped'====== Args={'ticks': 8, 'ticks_remaining': 1}
2026-04-23 20:39:10,048 : INFO : EventManager : Event: ======'timer_bodhisattvavow_intro_show_complete'====== Args={'ticks': 8, 'ticks_remaining': 1}
2026-04-23 20:39:10,049 : INFO : EventManager : Event: ======'balls_in_play'====== Args={'balls': 4}
2026-04-23 20:39:10,049 : INFO : ball_device.bd_plunger : Adding 3 ball(s) to the eject_queue with target <playfield.playfield>.
2026-04-23 20:39:10,049 : INFO : EventManager : Event: ======'balldevice_balls_available'====== Args={}
2026-04-23 20:39:10,050 : INFO : EventManager : Event: ======'balldevice_balls_available'====== Args={}
2026-04-23 20:39:10,050 : INFO : EventManager : Event: ======'balldevice_balls_available'====== Args={}
2026-04-23 20:39:10,050 : INFO : EventManager : Event: ======'ball_save_bodhisattvavow_timer_start'====== Args={}
2026-04-23 20:39:10,051 : INFO : EventManager : Event: ======'multiball_bodhisattvavow_started'====== Args={'balls': 4}
2026-04-23 20:39:10,051 : INFO : ball_device.bd_scoop : Adding 1 ball(s) to the eject_queue with target <playfield.playfield>.
2026-04-23 20:39:10,051 : INFO : EventManager : Event: ======'balldevice_balls_available'====== Args={}
2026-04-23 20:39:10,051 : INFO : EventManager : Event: ======'ball_hold_wizard_scoop_hold_balls_released'====== Args={'balls_released': 1}
2026-04-23 20:39:10,053 : INFO : Timer.bodhisattvavow_time_remaining : Starting Timer.
2026-04-23 20:39:10,053 : INFO : EventManager : Event: ======'timer_bodhisattvavow_time_remaining_started'====== Args={'ticks': 60, 'ticks_remaining': 60}
2026-04-23 20:39:10,053 : INFO : EventManager : Event: ======'timer_bodhisattvavow_time_remaining_tick'====== Args={'ticks': 60, 'ticks_remaining': 60}
2026-04-23 20:39:10,055 : INFO : EventManager : Event: ======'player_bodhisattvavow_time_remaining_variable_times_1'====== Args={'value': 60, 'prev_value': 45, 'change': 15, 'player_num': 1, 'source': 'bodhivow'}
2026-04-23 20:39:10,057 : INFO : ball_device.bd_trough : State: waiting_for_target_ready
2026-04-23 20:39:10,057 : INFO : EventManager : Event: ======'balldevice_bd_trough_ball_eject_attempt'====== Args={'balls': 1, 'target': <ball_device.bd_plunger>, 'source': <ball_device.bd_trough>, 'mechanical_eject': False, 'num_attempts': 0}
2026-04-23 20:39:10,057 : INFO : ball_device.bd_plunger : State: waiting_for_ball
2026-04-23 20:39:10,058 : INFO : ball_device.bd_scoop : State: waiting_for_target_ready
2026-04-23 20:39:10,058 : INFO : EventManager : Event: ======'balldevice_bd_scoop_ball_eject_attempt'====== Args={'balls': 1, 'target': <playfield.playfield>, 'source': <ball_device.bd_scoop>, 'mechanical_eject': False, 'num_attempts': 0}
2026-04-23 20:39:10,059 : INFO : ball_device.bd_scoop : State: ejecting
2026-04-23 20:39:10,059 : INFO : ball_device.bd_scoop : Ejecting ball to <playfield.playfield>
2026-04-23 20:39:10,059 : INFO : EventManager : Event: ======'balldevice_bd_scoop_ejecting_ball'====== Args={'balls': 1, 'target': <playfield.playfield>, 'source': <ball_device.bd_scoop>, 'mechanical_eject': False, 'num_attempts': 0}
2026-04-23 20:39:10,060 : INFO : ball_device.bd_trough : State: ejecting
2026-04-23 20:39:10,060 : INFO : ball_device.bd_trough : Ejecting ball to <ball_device.bd_plunger>
2026-04-23 20:39:10,060 : INFO : EventManager : Event: ======'balldevice_bd_trough_ejecting_ball'====== Args={'balls': 1, 'target': <ball_device.bd_plunger>, 'source': <ball_device.bd_trough>, 'mechanical_eject': False, 'num_attempts': 0}
2026-04-23 20:39:10,061 : INFO : ball_device.bd_trough : Wait for ball to leave device
2026-04-23 20:39:10,061 : INFO : coil.c_trough_eject : Pulsing Driver for 15ms (1.0 pulse_power)
2026-04-23 20:39:10,062 : INFO : SwitchController : <<<<<<< 's_trough2' inactive >>>>>>>
2026-04-23 20:39:10,062 : INFO : ball_device.bd_scoop : Wait for ball to leave device
2026-04-23 20:39:10,063 : INFO : ball_device.bd_trough : State: ball_left
2026-04-23 20:39:10,064 : INFO : ball_device.bd_trough : Ball left
2026-04-23 20:39:10,064 : INFO : ball_device.bd_trough : Wait for confirm with timeout 3.0
2026-04-23 20:39:10,076 : INFO : EventManager : Event: ======'slide_bodhisattvavow_display_timer_created'====== Args={'_from_bcp': True}
2026-04-23 20:39:10,084 : INFO : EventManager : Event: ======'slide_instrument_blocks_inactive'====== Args={'is_removing': False, '_from_bcp': True}
2026-04-23 20:39:10,084 : INFO : EventManager : Event: ======'slide_bodhisattvavow_display_timer_active'====== Args={'original_context': 'bodhivow', 'original_calling_context': 'timer_bodhisattvavow_intro_show_complete', 'priority': 5001.0, 'ticks': 8.0, 'ticks_remaining': 1.0, 'cmd': 'slides_play', '_from_bcp': True}
2026-04-23 20:39:10,093 : INFO : coil.c_scoop_eject : Pulsing Driver for 25ms (1.0 pulse_power)
2026-04-23 20:39:10,094 : INFO : SwitchController : <<<<<<< 's_scoop' inactive >>>>>>>
2026-04-23 20:39:10,094 : INFO : ball_device.bd_scoop : State: ball_left
2026-04-23 20:39:10,095 : INFO : ball_device.bd_scoop : Ball left
2026-04-23 20:39:10,095 : INFO : ball_device.bd_scoop : Wait for confirm with timeout 3.0
2026-04-23 20:39:10,172 : INFO : SwitchController : <<<<<<< 's_plunger' active >>>>>>>
2026-04-23 20:39:10,172 : INFO : EventManager : Event: ======'machine_var_audits_switches_s_plunger'====== Args={'value': 137, 'prev_value': 136, 'change': 1}
2026-04-23 20:39:10,264 : INFO : EventManager : Event: ======'player_instruments_instrument_rotate_tick'====== Args={'value': 1, 'prev_value': 0, 'change': 1, 'player_num': 1}
2026-04-23 20:39:10,265 : INFO : Timer.instrument_rotate : Timer Complete
2026-04-23 20:39:10,265 : INFO : Timer.instrument_rotate : Stopping Timer
2026-04-23 20:39:10,265 : INFO : EventManager : Event: ======'timer_instrument_rotate_stopped'====== Args={'ticks': 1, 'ticks_remaining': 1}
2026-04-23 20:39:10,265 : INFO : EventManager : Event: ======'timer_instrument_rotate_complete'====== Args={'ticks': 1, 'ticks_remaining': 1}
2026-04-23 20:39:10,265 : INFO : EventManager : Event: ======'player_shot_bottom_drop'====== Args={'value': 0, 'prev_value': 1, 'change': -1, 'player_num': 1}
2026-04-23 20:39:10,266 : INFO : EventManager : Event: ======'player_shot_middle_drop'====== Args={'value': 1, 'prev_value': 0, 'change': 1, 'player_num': 1}
2026-04-23 20:39:10,266 : INFO : EventManager : Event: ======'player_instruments_instrument_rotate_tick'====== Args={'value': 0, 'prev_value': 1, 'change': -1, 'player_num': 1}
2026-04-23 20:39:10,266 : INFO : Timer.instrument_rotate : Starting Timer.
2026-04-23 20:39:10,266 : INFO : EventManager : Event: ======'timer_instrument_rotate_started'====== Args={'ticks': 0, 'ticks_remaining': 1}
2026-04-23 20:39:10,266 : INFO : EventManager : Event: ======'timer_instrument_rotate_tick'====== Args={'ticks': 0, 'ticks_remaining': 1}
2026-04-23 20:39:10,674 : INFO : ball_device.bd_plunger : Received ball from <ball_device.bd_trough>
2026-04-23 20:39:10,674 : INFO : EventManager : Event: ======'balldevice_bd_plunger_ball_enter'====== Args={'new_balls': 1, 'unclaimed_balls': 0, 'new_available_balls': 0, 'device': <ball_device.bd_plunger>}
2026-04-23 20:39:10,675 : INFO : EventManager : Event: ======'balldevice_bd_plunger_ball_entered'====== Args={'new_balls': 0, 'device': <ball_device.bd_plunger>}
2026-04-23 20:39:10,675 : INFO : EventManager : Event: ======'balldevice_bd_plunger_ball_count_changed'====== Args={'balls': 1}
2026-04-23 20:39:10,676 : INFO : ball_device.bd_trough : Got eject confirm
2026-04-23 20:39:10,676 : INFO : ball_device.bd_trough : Eject successful
2026-04-23 20:39:10,676 : INFO : EventManager : Event: ======'balldevice_bd_trough_ball_eject_success'====== Args={'balls': 1, 'target': <ball_device.bd_plunger>}
2026-04-23 20:39:10,676 : INFO : EventManager : Event: ======'balldevice_bd_trough_ball_count_changed'====== Args={'balls': 4}
2026-04-23 20:39:10,676 : INFO : ball_device.bd_trough : State: idle
2026-04-23 20:39:10,676 : INFO : ball_device.bd_plunger : State: waiting_for_target_ready
2026-04-23 20:39:10,677 : INFO : EventManager : Event: ======'balldevice_bd_plunger_ball_eject_attempt'====== Args={'balls': 1, 'target': <playfield.playfield>, 'source': <ball_device.bd_plunger>, 'mechanical_eject': False, 'num_attempts': 0}
2026-04-23 20:39:10,677 : INFO : ball_device.bd_plunger : State: ejecting
2026-04-23 20:39:10,678 : INFO : ball_device.bd_plunger : Ejecting ball to <playfield.playfield>
2026-04-23 20:39:10,678 : INFO : EventManager : Event: ======'balldevice_bd_plunger_ejecting_ball'====== Args={'balls': 1, 'target': <playfield.playfield>, 'source': <ball_device.bd_plunger>, 'mechanical_eject': False, 'num_attempts': 0}
2026-04-23 20:39:10,678 : INFO : EventManager : Event: ======'player_superpops_superpops_timer_tick'====== Args={'value': 20, 'prev_value': 19, 'change': 1, 'player_num': 1}
2026-04-23 20:39:10,678 : INFO : EventManager : Event: ======'timer_superpops_timer_tick'====== Args={'ticks': 20, 'ticks_remaining': 10}
2026-04-23 20:39:10,679 : INFO : ball_device.bd_trough : State: waiting_for_target_ready
2026-04-23 20:39:10,679 : INFO : EventManager : Event: ======'balldevice_bd_trough_ball_eject_attempt'====== Args={'balls': 1, 'target': <ball_device.bd_plunger>, 'source': <ball_device.bd_trough>, 'mechanical_eject': False, 'num_attempts': 0}
2026-04-23 20:39:10,680 : INFO : ball_device.bd_plunger : Wait for ball to leave device
2026-04-23 20:39:10,680 : INFO : coil.c_plunger : Pulsing Driver for 20ms (1.0 pulse_power)
2026-04-23 20:39:10,680 : INFO : SwitchController : <<<<<<< 's_plunger' inactive >>>>>>>
2026-04-23 20:39:10,680 : INFO : EventManager : Event: ======'ball_out'====== Args={}
2026-04-23 20:39:10,681 : INFO : ball_device.bd_plunger : State: ball_left
2026-04-23 20:39:10,681 : INFO : ball_device.bd_plunger : Ball left
2026-04-23 20:39:10,681 : INFO : ball_device.bd_plunger : Wait for confirm with timeout 3.0
2026-04-23 20:39:11,063 : INFO : EventManager : Event: ======'player_bodhivow_bodhisattvavow_time_remaining_tick'====== Args={'value': 59, 'prev_value': 60, 'change': -1, 'player_num': 1}
2026-04-23 20:39:11,065 : INFO : EventManager : Event: ======'timer_bodhisattvavow_time_remaining_tick'====== Args={'ticks': 59, 'ticks_remaining': 59}
2026-04-23 20:39:11,065 : INFO : EventManager : Event: ======'player_bodhisattvavow_time_remaining_variable_times_1'====== Args={'value': 59, 'prev_value': 60, 'change': -1, 'player_num': 1, 'source': 'bodhivow'}
2026-04-23 20:39:11,282 : INFO : EventManager : Event: ======'player_instruments_instrument_rotate_tick'====== Args={'value': 1, 'prev_value': 0, 'change': 1, 'player_num': 1}
2026-04-23 20:39:11,283 : INFO : Timer.instrument_rotate : Timer Complete
2026-04-23 20:39:11,283 : INFO : Timer.instrument_rotate : Stopping Timer
2026-04-23 20:39:11,283 : INFO : EventManager : Event: ======'timer_instrument_rotate_stopped'====== Args={'ticks': 1, 'ticks_remaining': 1}
2026-04-23 20:39:11,284 : INFO : EventManager : Event: ======'timer_instrument_rotate_complete'====== Args={'ticks': 1, 'ticks_remaining': 1}
2026-04-23 20:39:11,284 : INFO : EventManager : Event: ======'player_shot_middle_drop'====== Args={'value': 0, 'prev_value': 1, 'change': -1, 'player_num': 1}
2026-04-23 20:39:11,284 : INFO : EventManager : Event: ======'player_shot_top_drop'====== Args={'value': 1, 'prev_value': 0, 'change': 1, 'player_num': 1}
2026-04-23 20:39:11,285 : INFO : EventManager : Event: ======'player_instruments_instrument_rotate_tick'====== Args={'value': 0, 'prev_value': 1, 'change': -1, 'player_num': 1}
2026-04-23 20:39:11,285 : INFO : Timer.instrument_rotate : Starting Timer.
2026-04-23 20:39:11,285 : INFO : EventManager : Event: ======'timer_instrument_rotate_started'====== Args={'ticks': 0, 'ticks_remaining': 1}
2026-04-23 20:39:11,285 : INFO : EventManager : Event: ======'timer_instrument_rotate_tick'====== Args={'ticks': 0, 'ticks_remaining': 1}
2026-04-23 20:39:11,689 : INFO : EventManager : Event: ======'player_superpops_superpops_timer_tick'====== Args={'value': 21, 'prev_value': 20, 'change': 1, 'player_num': 1}
2026-04-23 20:39:11,690 : INFO : EventManager : Event: ======'timer_superpops_timer_tick'====== Args={'ticks': 21, 'ticks_remaining': 9}
2026-04-23 20:39:12,062 : INFO : EventManager : Event: ======'player_bodhivow_bodhisattvavow_time_remaining_tick'====== Args={'value': 58, 'prev_value': 59, 'change': -1, 'player_num': 1}
2026-04-23 20:39:12,063 : INFO : EventManager : Event: ======'timer_bodhisattvavow_time_remaining_tick'====== Args={'ticks': 58, 'ticks_remaining': 58}
2026-04-23 20:39:12,063 : INFO : EventManager : Event: ======'player_bodhisattvavow_time_remaining_variable_times_1'====== Args={'value': 58, 'prev_value': 59, 'change': -1, 'player_num': 1, 'source': 'bodhivow'}
2026-04-23 20:39:12,296 : INFO : EventManager : Event: ======'player_instruments_instrument_rotate_tick'====== Args={'value': 1, 'prev_value': 0, 'change': 1, 'player_num': 1}
2026-04-23 20:39:12,297 : INFO : Timer.instrument_rotate : Timer Complete
2026-04-23 20:39:12,297 : INFO : Timer.instrument_rotate : Stopping Timer
2026-04-23 20:39:12,297 : INFO : EventManager : Event: ======'timer_instrument_rotate_stopped'====== Args={'ticks': 1, 'ticks_remaining': 1}
2026-04-23 20:39:12,298 : INFO : EventManager : Event: ======'timer_instrument_rotate_complete'====== Args={'ticks': 1, 'ticks_remaining': 1}
2026-04-23 20:39:12,298 : INFO : EventManager : Event: ======'player_shot_bottom_drop'====== Args={'value': 1, 'prev_value': 0, 'change': 1, 'player_num': 1}
2026-04-23 20:39:12,298 : INFO : EventManager : Event: ======'player_shot_top_drop'====== Args={'value': 0, 'prev_value': 1, 'change': -1, 'player_num': 1}
2026-04-23 20:39:12,299 : INFO : EventManager : Event: ======'player_instruments_instrument_rotate_tick'====== Args={'value': 0, 'prev_value': 1, 'change': -1, 'player_num': 1}
2026-04-23 20:39:12,299 : INFO : Timer.instrument_rotate : Starting Timer.
2026-04-23 20:39:12,299 : INFO : EventManager : Event: ======'timer_instrument_rotate_started'====== Args={'ticks': 0, 'ticks_remaining': 1}
2026-04-23 20:39:12,299 : INFO : EventManager : Event: ======'timer_instrument_rotate_tick'====== Args={'ticks': 0, 'ticks_remaining': 1}
2026-04-23 20:39:12,689 : INFO : EventManager : Event: ======'player_superpops_superpops_timer_tick'====== Args={'value': 22, 'prev_value': 21, 'change': 1, 'player_num': 1}
2026-04-23 20:39:12,690 : INFO : EventManager : Event: ======'timer_superpops_timer_tick'====== Args={'ticks': 22, 'ticks_remaining': 8}
2026-04-23 20:39:13,061 : INFO : EventManager : Event: ======'player_bodhivow_bodhisattvavow_time_remaining_tick'====== Args={'value': 57, 'prev_value': 58, 'change': -1, 'player_num': 1}
2026-04-23 20:39:13,062 : INFO : EventManager : Event: ======'timer_bodhisattvavow_time_remaining_tick'====== Args={'ticks': 57, 'ticks_remaining': 57}
2026-04-23 20:39:13,063 : INFO : EventManager : Event: ======'player_bodhisattvavow_time_remaining_variable_times_1'====== Args={'value': 57, 'prev_value': 58, 'change': -1, 'player_num': 1, 'source': 'bodhivow'}
2026-04-23 20:39:13,107 : INFO : ball_device.bd_scoop : State: failed_confirm
2026-04-23 20:39:13,107 : INFO : ball_device.bd_scoop : Got timeout (3.0s) before confirm from <playfield.playfield>
2026-04-23 20:39:13,217 : INFO : ball_device.bd_scoop : Confirming eject because target is playfield and ball did not return.
2026-04-23 20:39:13,217 : INFO : ball_device.bd_scoop : Eject successful
2026-04-23 20:39:13,217 : INFO : EventManager : Event: ======'balldevice_bd_scoop_ball_eject_success'====== Args={'balls': 1, 'target': <playfield.playfield>}
2026-04-23 20:39:13,218 : INFO : EventManager : Event: ======'balldevice_playfield_ball_enter'====== Args={'new_balls': 1, 'unclaimed_balls': 1, 'device': <playfield.playfield>}
2026-04-23 20:39:13,218 : INFO : EventManager : Event: ======'playfield_ball_count_change'====== Args={'balls': 1, 'change': 1}
2026-04-23 20:39:13,218 : INFO : EventManager : Event: ======'balldevice_bd_scoop_ball_count_changed'====== Args={'balls': 0}
2026-04-23 20:39:13,219 : INFO : ball_device.bd_scoop : State: idle
2026-04-23 20:39:13,312 : INFO : EventManager : Event: ======'player_instruments_instrument_rotate_tick'====== Args={'value': 1, 'prev_value': 0, 'change': 1, 'player_num': 1}
2026-04-23 20:39:13,313 : INFO : Timer.instrument_rotate : Timer Complete
2026-04-23 20:39:13,313 : INFO : Timer.instrument_rotate : Stopping Timer
2026-04-23 20:39:13,313 : INFO : EventManager : Event: ======'timer_instrument_rotate_stopped'====== Args={'ticks': 1, 'ticks_remaining': 1}
2026-04-23 20:39:13,314 : INFO : EventManager : Event: ======'timer_instrument_rotate_complete'====== Args={'ticks': 1, 'ticks_remaining': 1}
2026-04-23 20:39:13,314 : INFO : EventManager : Event: ======'player_shot_bottom_drop'====== Args={'value': 0, 'prev_value': 1, 'change': -1, 'player_num': 1}
2026-04-23 20:39:13,314 : INFO : EventManager : Event: ======'player_shot_middle_drop'====== Args={'value': 1, 'prev_value': 0, 'change': 1, 'player_num': 1}
2026-04-23 20:39:13,315 : INFO : EventManager : Event: ======'player_instruments_instrument_rotate_tick'====== Args={'value': 0, 'prev_value': 1, 'change': -1, 'player_num': 1}
2026-04-23 20:39:13,315 : INFO : Timer.instrument_rotate : Starting Timer.
2026-04-23 20:39:13,315 : INFO : EventManager : Event: ======'timer_instrument_rotate_started'====== Args={'ticks': 0, 'ticks_remaining': 1}
2026-04-23 20:39:13,315 : INFO : EventManager : Event: ======'timer_instrument_rotate_tick'====== Args={'ticks': 0, 'ticks_remaining': 1}
2026-04-23 20:39:13,685 : INFO : EventManager : Event: ======'player_superpops_superpops_timer_tick'====== Args={'value': 23, 'prev_value': 22, 'change': 1, 'player_num': 1}
2026-04-23 20:39:13,686 : INFO : EventManager : Event: ======'timer_superpops_timer_tick'====== Args={'ticks': 23, 'ticks_remaining': 7}
2026-04-23 20:39:13,687 : INFO : ball_device.bd_plunger : State: failed_confirm
2026-04-23 20:39:13,687 : INFO : ball_device.bd_plunger : Got timeout (3.0s) before confirm from <playfield.playfield>
2026-04-23 20:39:13,794 : INFO : ball_device.bd_plunger : Confirming eject because target is playfield and ball did not return.
2026-04-23 20:39:13,794 : INFO : ball_device.bd_plunger : Eject successful
2026-04-23 20:39:13,794 : INFO : EventManager : Event: ======'balldevice_bd_plunger_ball_eject_success'====== Args={'balls': 1, 'target': <playfield.playfield>}
2026-04-23 20:39:13,795 : INFO : EventManager : Event: ======'balldevice_playfield_ball_enter'====== Args={'new_balls': 1, 'unclaimed_balls': 1, 'device': <playfield.playfield>}
2026-04-23 20:39:13,795 : INFO : EventManager : Event: ======'playfield_ball_count_change'====== Args={'balls': 2, 'change': 1}
2026-04-23 20:39:13,796 : INFO : EventManager : Event: ======'balldevice_bd_plunger_ball_count_changed'====== Args={'balls': 0}
2026-04-23 20:39:13,796 : INFO : ball_device.bd_plunger : State: idle
2026-04-23 20:39:13,796 : INFO : ball_device.bd_trough : State: ejecting
2026-04-23 20:39:13,797 : INFO : ball_device.bd_trough : Ejecting ball to <ball_device.bd_plunger>
2026-04-23 20:39:13,797 : INFO : EventManager : Event: ======'balldevice_bd_trough_ejecting_ball'====== Args={'balls': 1, 'target': <ball_device.bd_plunger>, 'source': <ball_device.bd_trough>, 'mechanical_eject': False, 'num_attempts': 0}
2026-04-23 20:39:13,798 : INFO : ball_device.bd_trough : Wait for ball to leave device
2026-04-23 20:39:13,798 : INFO : coil.c_trough_eject : Pulsing Driver for 15ms (1.0 pulse_power)
2026-04-23 20:39:13,798 : INFO : SwitchController : <<<<<<< 's_trough3' inactive >>>>>>>
2026-04-23 20:39:13,798 : INFO : ball_device.bd_plunger : State: waiting_for_ball
2026-04-23 20:39:13,799 : INFO : ball_device.bd_trough : State: ball_left
2026-04-23 20:39:13,800 : INFO : ball_device.bd_trough : Ball left
2026-04-23 20:39:13,800 : INFO : ball_device.bd_trough : Wait for confirm with timeout 3.0
2026-04-23 20:39:13,902 : INFO : SwitchController : <<<<<<< 's_plunger' active >>>>>>>
2026-04-23 20:39:13,902 : INFO : EventManager : Event: ======'machine_var_audits_switches_s_plunger'====== Args={'value': 138, 'prev_value': 137, 'change': 1}
2026-04-23 20:39:14,056 : INFO : EventManager : Event: ======'player_bodhivow_bodhisattvavow_time_remaining_tick'====== Args={'value': 56, 'prev_value': 57, 'change': -1, 'player_num': 1}
2026-04-23 20:39:14,058 : INFO : EventManager : Event: ======'timer_bodhisattvavow_time_remaining_tick'====== Args={'ticks': 56, 'ticks_remaining': 56}
2026-04-23 20:39:14,058 : INFO : EventManager : Event: ======'player_bodhisattvavow_time_remaining_variable_times_1'====== Args={'value': 56, 'prev_value': 57, 'change': -1, 'player_num': 1, 'source': 'bodhivow'}
2026-04-23 20:39:14,324 : INFO : EventManager : Event: ======'player_instruments_instrument_rotate_tick'====== Args={'value': 1, 'prev_value': 0, 'change': 1, 'player_num': 1}
2026-04-23 20:39:14,325 : INFO : Timer.instrument_rotate : Timer Complete
2026-04-23 20:39:14,325 : INFO : Timer.instrument_rotate : Stopping Timer
2026-04-23 20:39:14,326 : INFO : EventManager : Event: ======'timer_instrument_rotate_stopped'====== Args={'ticks': 1, 'ticks_remaining': 1}
2026-04-23 20:39:14,326 : INFO : EventManager : Event: ======'timer_instrument_rotate_complete'====== Args={'ticks': 1, 'ticks_remaining': 1}
2026-04-23 20:39:14,327 : INFO : EventManager : Event: ======'player_shot_middle_drop'====== Args={'value': 0, 'prev_value': 1, 'change': -1, 'player_num': 1}
2026-04-23 20:39:14,328 : INFO : EventManager : Event: ======'player_shot_top_drop'====== Args={'value': 1, 'prev_value': 0, 'change': 1, 'player_num': 1}
2026-04-23 20:39:14,329 : INFO : EventManager : Event: ======'player_instruments_instrument_rotate_tick'====== Args={'value': 0, 'prev_value': 1, 'change': -1, 'player_num': 1}
2026-04-23 20:39:14,330 : INFO : Timer.instrument_rotate : Starting Timer.
2026-04-23 20:39:14,331 : INFO : EventManager : Event: ======'timer_instrument_rotate_started'====== Args={'ticks': 0, 'ticks_remaining': 1}
2026-04-23 20:39:14,331 : INFO : EventManager : Event: ======'timer_instrument_rotate_tick'====== Args={'ticks': 0, 'ticks_remaining': 1}
2026-04-23 20:39:14,417 : INFO : ball_device.bd_plunger : Received ball from <ball_device.bd_trough>
2026-04-23 20:39:14,417 : INFO : EventManager : Event: ======'balldevice_bd_plunger_ball_enter'====== Args={'new_balls': 1, 'unclaimed_balls': 0, 'new_available_balls': 0, 'device': <ball_device.bd_plunger>}
2026-04-23 20:39:14,418 : INFO : EventManager : Event: ======'balldevice_bd_plunger_ball_entered'====== Args={'new_balls': 0, 'device': <ball_device.bd_plunger>}
2026-04-23 20:39:14,419 : INFO : EventManager : Event: ======'balldevice_bd_plunger_ball_count_changed'====== Args={'balls': 1}
2026-04-23 20:39:14,419 : INFO : ball_device.bd_trough : Got eject confirm
2026-04-23 20:39:14,419 : INFO : ball_device.bd_trough : Eject successful
2026-04-23 20:39:14,419 : INFO : EventManager : Event: ======'balldevice_bd_trough_ball_eject_success'====== Args={'balls': 1, 'target': <ball_device.bd_plunger>}
2026-04-23 20:39:14,420 : INFO : EventManager : Event: ======'balldevice_bd_trough_ball_count_changed'====== Args={'balls': 3}
2026-04-23 20:39:14,420 : INFO : ball_device.bd_trough : State: idle
2026-04-23 20:39:14,420 : INFO : ball_device.bd_plunger : State: waiting_for_target_ready
2026-04-23 20:39:14,421 : INFO : EventManager : Event: ======'balldevice_bd_plunger_ball_eject_attempt'====== Args={'balls': 1, 'target': <playfield.playfield>, 'source': <ball_device.bd_plunger>, 'mechanical_eject': False, 'num_attempts': 0}
2026-04-23 20:39:14,421 : INFO : ball_device.bd_plunger : State: ejecting
2026-04-23 20:39:14,422 : INFO : ball_device.bd_plunger : Ejecting ball to <playfield.playfield>
2026-04-23 20:39:14,422 : INFO : EventManager : Event: ======'balldevice_bd_plunger_ejecting_ball'====== Args={'balls': 1, 'target': <playfield.playfield>, 'source': <ball_device.bd_plunger>, 'mechanical_eject': False, 'num_attempts': 0}
2026-04-23 20:39:14,423 : INFO : ball_device.bd_trough : State: waiting_for_target_ready
2026-04-23 20:39:14,423 : INFO : EventManager : Event: ======'balldevice_bd_trough_ball_eject_attempt'====== Args={'balls': 1, 'target': <ball_device.bd_plunger>, 'source': <ball_device.bd_trough>, 'mechanical_eject': False, 'num_attempts': 0}
2026-04-23 20:39:14,423 : INFO : ball_device.bd_plunger : Wait for ball to leave device
2026-04-23 20:39:14,423 : INFO : coil.c_plunger : Pulsing Driver for 20ms (1.0 pulse_power)
2026-04-23 20:39:14,423 : INFO : SwitchController : <<<<<<< 's_plunger' inactive >>>>>>>
2026-04-23 20:39:14,424 : INFO : EventManager : Event: ======'ball_out'====== Args={}
2026-04-23 20:39:14,424 : INFO : ball_device.bd_plunger : State: ball_left
2026-04-23 20:39:14,425 : INFO : ball_device.bd_plunger : Ball left
2026-04-23 20:39:14,425 : INFO : ball_device.bd_plunger : Wait for confirm with timeout 3.0
2026-04-23 20:39:14,681 : INFO : EventManager : Event: ======'player_superpops_superpops_timer_tick'====== Args={'value': 24, 'prev_value': 23, 'change': 1, 'player_num': 1}
2026-04-23 20:39:14,682 : INFO : EventManager : Event: ======'timer_superpops_timer_tick'====== Args={'ticks': 24, 'ticks_remaining': 6}
2026-04-23 20:39:15,056 : INFO : EventManager : Event: ======'player_bodhivow_bodhisattvavow_time_remaining_tick'====== Args={'value': 55, 'prev_value': 56, 'change': -1, 'player_num': 1}
2026-04-23 20:39:15,057 : INFO : EventManager : Event: ======'timer_bodhisattvavow_time_remaining_tick'====== Args={'ticks': 55, 'ticks_remaining': 55}
2026-04-23 20:39:15,057 : INFO : EventManager : Event: ======'player_bodhisattvavow_time_remaining_variable_times_1'====== Args={'value': 55, 'prev_value': 56, 'change': -1, 'player_num': 1, 'source': 'bodhivow'}
2026-04-23 20:39:15,335 : INFO : EventManager : Event: ======'player_instruments_instrument_rotate_tick'====== Args={'value': 1, 'prev_value': 0, 'change': 1, 'player_num': 1}
2026-04-23 20:39:15,336 : INFO : Timer.instrument_rotate : Timer Complete
2026-04-23 20:39:15,336 : INFO : Timer.instrument_rotate : Stopping Timer
2026-04-23 20:39:15,336 : INFO : EventManager : Event: ======'timer_instrument_rotate_stopped'====== Args={'ticks': 1, 'ticks_remaining': 1}
2026-04-23 20:39:15,336 : INFO : EventManager : Event: ======'timer_instrument_rotate_complete'====== Args={'ticks': 1, 'ticks_remaining': 1}
2026-04-23 20:39:15,337 : INFO : EventManager : Event: ======'player_shot_bottom_drop'====== Args={'value': 1, 'prev_value': 0, 'change': 1, 'player_num': 1}
2026-04-23 20:39:15,337 : INFO : EventManager : Event: ======'player_shot_top_drop'====== Args={'value': 0, 'prev_value': 1, 'change': -1, 'player_num': 1}
2026-04-23 20:39:15,338 : INFO : EventManager : Event: ======'player_instruments_instrument_rotate_tick'====== Args={'value': 0, 'prev_value': 1, 'change': -1, 'player_num': 1}
2026-04-23 20:39:15,338 : INFO : Timer.instrument_rotate : Starting Timer.
2026-04-23 20:39:15,338 : INFO : EventManager : Event: ======'timer_instrument_rotate_started'====== Args={'ticks': 0, 'ticks_remaining': 1}
2026-04-23 20:39:15,338 : INFO : EventManager : Event: ======'timer_instrument_rotate_tick'====== Args={'ticks': 0, 'ticks_remaining': 1}
2026-04-23 20:39:15,679 : INFO : EventManager : Event: ======'player_superpops_superpops_timer_tick'====== Args={'value': 25, 'prev_value': 24, 'change': 1, 'player_num': 1}
2026-04-23 20:39:15,681 : INFO : EventManager : Event: ======'timer_superpops_timer_tick'====== Args={'ticks': 25, 'ticks_remaining': 5}
2026-04-23 20:39:16,067 : INFO : EventManager : Event: ======'player_bodhivow_bodhisattvavow_time_remaining_tick'====== Args={'value': 54, 'prev_value': 55, 'change': -1, 'player_num': 1}
2026-04-23 20:39:16,068 : INFO : EventManager : Event: ======'timer_bodhisattvavow_time_remaining_tick'====== Args={'ticks': 54, 'ticks_remaining': 54}
2026-04-23 20:39:16,068 : INFO : EventManager : Event: ======'player_bodhisattvavow_time_remaining_variable_times_1'====== Args={'value': 54, 'prev_value': 55, 'change': -1, 'player_num': 1, 'source': 'bodhivow'}
2026-04-23 20:39:16,348 : INFO : EventManager : Event: ======'player_instruments_instrument_rotate_tick'====== Args={'value': 1, 'prev_value': 0, 'change': 1, 'player_num': 1}
2026-04-23 20:39:16,349 : INFO : Timer.instrument_rotate : Timer Complete
2026-04-23 20:39:16,349 : INFO : Timer.instrument_rotate : Stopping Timer
2026-04-23 20:39:16,349 : INFO : EventManager : Event: ======'timer_instrument_rotate_stopped'====== Args={'ticks': 1, 'ticks_remaining': 1}
2026-04-23 20:39:16,349 : INFO : EventManager : Event: ======'timer_instrument_rotate_complete'====== Args={'ticks': 1, 'ticks_remaining': 1}
2026-04-23 20:39:16,350 : INFO : EventManager : Event: ======'player_shot_bottom_drop'====== Args={'value': 0, 'prev_value': 1, 'change': -1, 'player_num': 1}
2026-04-23 20:39:16,350 : INFO : EventManager : Event: ======'player_shot_middle_drop'====== Args={'value': 1, 'prev_value': 0, 'change': 1, 'player_num': 1}
2026-04-23 20:39:16,350 : INFO : EventManager : Event: ======'player_instruments_instrument_rotate_tick'====== Args={'value': 0, 'prev_value': 1, 'change': -1, 'player_num': 1}
2026-04-23 20:39:16,350 : INFO : Timer.instrument_rotate : Starting Timer.
2026-04-23 20:39:16,351 : INFO : EventManager : Event: ======'timer_instrument_rotate_started'====== Args={'ticks': 0, 'ticks_remaining': 1}
2026-04-23 20:39:16,351 : INFO : EventManager : Event: ======'timer_instrument_rotate_tick'====== Args={'ticks': 0, 'ticks_remaining': 1}
2026-04-23 20:39:16,689 : INFO : EventManager : Event: ======'player_superpops_superpops_timer_tick'====== Args={'value': 26, 'prev_value': 25, 'change': 1, 'player_num': 1}
2026-04-23 20:39:16,691 : INFO : EventManager : Event: ======'timer_superpops_timer_tick'====== Args={'ticks': 26, 'ticks_remaining': 4}
2026-04-23 20:39:17,067 : INFO : EventManager : Event: ======'player_bodhivow_bodhisattvavow_time_remaining_tick'====== Args={'value': 53, 'prev_value': 54, 'change': -1, 'player_num': 1}
2026-04-23 20:39:17,069 : INFO : EventManager : Event: ======'timer_bodhisattvavow_time_remaining_tick'====== Args={'ticks': 53, 'ticks_remaining': 53}
2026-04-23 20:39:17,070 : INFO : EventManager : Event: ======'player_bodhisattvavow_time_remaining_variable_times_1'====== Args={'value': 53, 'prev_value': 54, 'change': -1, 'player_num': 1, 'source': 'bodhivow'}
2026-04-23 20:39:17,362 : INFO : EventManager : Event: ======'player_instruments_instrument_rotate_tick'====== Args={'value': 1, 'prev_value': 0, 'change': 1, 'player_num': 1}
2026-04-23 20:39:17,363 : INFO : Timer.instrument_rotate : Timer Complete
2026-04-23 20:39:17,364 : INFO : Timer.instrument_rotate : Stopping Timer
2026-04-23 20:39:17,364 : INFO : EventManager : Event: ======'timer_instrument_rotate_stopped'====== Args={'ticks': 1, 'ticks_remaining': 1}
2026-04-23 20:39:17,364 : INFO : EventManager : Event: ======'timer_instrument_rotate_complete'====== Args={'ticks': 1, 'ticks_remaining': 1}
2026-04-23 20:39:17,364 : INFO : EventManager : Event: ======'player_shot_middle_drop'====== Args={'value': 0, 'prev_value': 1, 'change': -1, 'player_num': 1}
2026-04-23 20:39:17,365 : INFO : EventManager : Event: ======'player_shot_top_drop'====== Args={'value': 1, 'prev_value': 0, 'change': 1, 'player_num': 1}
2026-04-23 20:39:17,366 : INFO : EventManager : Event: ======'player_instruments_instrument_rotate_tick'====== Args={'value': 0, 'prev_value': 1, 'change': -1, 'player_num': 1}
2026-04-23 20:39:17,367 : INFO : Timer.instrument_rotate : Starting Timer.
2026-04-23 20:39:17,367 : INFO : EventManager : Event: ======'timer_instrument_rotate_started'====== Args={'ticks': 0, 'ticks_remaining': 1}
2026-04-23 20:39:17,367 : INFO : EventManager : Event: ======'timer_instrument_rotate_tick'====== Args={'ticks': 0, 'ticks_remaining': 1}
2026-04-23 20:39:17,440 : INFO : ball_device.bd_plunger : State: failed_confirm
2026-04-23 20:39:17,441 : INFO : ball_device.bd_plunger : Got timeout (3.0s) before confirm from <playfield.playfield>
2026-04-23 20:39:17,548 : INFO : ball_device.bd_plunger : Confirming eject because target is playfield and ball did not return.
2026-04-23 20:39:17,548 : INFO : ball_device.bd_plunger : Eject successful
2026-04-23 20:39:17,548 : INFO : EventManager : Event: ======'balldevice_bd_plunger_ball_eject_success'====== Args={'balls': 1, 'target': <playfield.playfield>}
2026-04-23 20:39:17,549 : INFO : EventManager : Event: ======'balldevice_playfield_ball_enter'====== Args={'new_balls': 1, 'unclaimed_balls': 1, 'device': <playfield.playfield>}
2026-04-23 20:39:17,550 : INFO : EventManager : Event: ======'playfield_ball_count_change'====== Args={'balls': 3, 'change': 1}
2026-04-23 20:39:17,550 : INFO : EventManager : Event: ======'balldevice_bd_plunger_ball_count_changed'====== Args={'balls': 0}
2026-04-23 20:39:17,550 : INFO : ball_device.bd_plunger : State: idle
2026-04-23 20:39:17,551 : INFO : ball_device.bd_trough : State: ejecting
2026-04-23 20:39:17,551 : INFO : ball_device.bd_trough : Ejecting ball to <ball_device.bd_plunger>
2026-04-23 20:39:17,551 : INFO : EventManager : Event: ======'balldevice_bd_trough_ejecting_ball'====== Args={'balls': 1, 'target': <ball_device.bd_plunger>, 'source': <ball_device.bd_trough>, 'mechanical_eject': False, 'num_attempts': 0}
2026-04-23 20:39:17,552 : INFO : ball_device.bd_trough : Wait for ball to leave device
2026-04-23 20:39:17,552 : INFO : coil.c_trough_eject : Pulsing Driver for 15ms (1.0 pulse_power)
2026-04-23 20:39:17,553 : INFO : SwitchController : <<<<<<< 's_trough4' inactive >>>>>>>
2026-04-23 20:39:17,553 : INFO : ball_device.bd_plunger : State: waiting_for_ball
2026-04-23 20:39:17,554 : INFO : ball_device.bd_trough : State: ball_left
2026-04-23 20:39:17,555 : INFO : ball_device.bd_trough : Ball left
2026-04-23 20:39:17,555 : INFO : ball_device.bd_trough : Wait for confirm with timeout 3.0
2026-04-23 20:39:17,658 : INFO : SwitchController : <<<<<<< 's_plunger' active >>>>>>>
2026-04-23 20:39:17,658 : INFO : EventManager : Event: ======'machine_var_audits_switches_s_plunger'====== Args={'value': 139, 'prev_value': 138, 'change': 1}
2026-04-23 20:39:17,689 : INFO : EventManager : Event: ======'player_superpops_superpops_timer_tick'====== Args={'value': 27, 'prev_value': 26, 'change': 1, 'player_num': 1}
2026-04-23 20:39:17,690 : INFO : EventManager : Event: ======'timer_superpops_timer_tick'====== Args={'ticks': 27, 'ticks_remaining': 3}
2026-04-23 20:39:18,065 : INFO : EventManager : Event: ======'player_bodhivow_bodhisattvavow_time_remaining_tick'====== Args={'value': 52, 'prev_value': 53, 'change': -1, 'player_num': 1}
2026-04-23 20:39:18,065 : INFO : EventManager : Event: ======'timer_bodhisattvavow_time_remaining_tick'====== Args={'ticks': 52, 'ticks_remaining': 52}
2026-04-23 20:39:18,066 : INFO : EventManager : Event: ======'player_bodhisattvavow_time_remaining_variable_times_1'====== Args={'value': 52, 'prev_value': 53, 'change': -1, 'player_num': 1, 'source': 'bodhivow'}
2026-04-23 20:39:18,173 : INFO : ball_device.bd_plunger : Received ball from <ball_device.bd_trough>
2026-04-23 20:39:18,174 : INFO : EventManager : Event: ======'balldevice_bd_plunger_ball_enter'====== Args={'new_balls': 1, 'unclaimed_balls': 0, 'new_available_balls': 0, 'device': <ball_device.bd_plunger>}
2026-04-23 20:39:18,174 : INFO : EventManager : Event: ======'balldevice_bd_plunger_ball_entered'====== Args={'new_balls': 0, 'device': <ball_device.bd_plunger>}
2026-04-23 20:39:18,175 : INFO : EventManager : Event: ======'balldevice_bd_plunger_ball_count_changed'====== Args={'balls': 1}
2026-04-23 20:39:18,175 : INFO : ball_device.bd_trough : Got eject confirm
2026-04-23 20:39:18,175 : INFO : ball_device.bd_trough : Eject successful
2026-04-23 20:39:18,175 : INFO : EventManager : Event: ======'balldevice_bd_trough_ball_eject_success'====== Args={'balls': 1, 'target': <ball_device.bd_plunger>}
2026-04-23 20:39:18,176 : INFO : EventManager : Event: ======'balldevice_bd_trough_ball_count_changed'====== Args={'balls': 2}
2026-04-23 20:39:18,176 : INFO : ball_device.bd_trough : State: idle
2026-04-23 20:39:18,177 : INFO : ball_device.bd_plunger : State: waiting_for_target_ready
2026-04-23 20:39:18,177 : INFO : EventManager : Event: ======'balldevice_bd_plunger_ball_eject_attempt'====== Args={'balls': 1, 'target': <playfield.playfield>, 'source': <ball_device.bd_plunger>, 'mechanical_eject': False, 'num_attempts': 0}
2026-04-23 20:39:18,177 : INFO : ball_device.bd_plunger : State: ejecting
2026-04-23 20:39:18,177 : INFO : ball_device.bd_plunger : Ejecting ball to <playfield.playfield>
2026-04-23 20:39:18,177 : INFO : EventManager : Event: ======'balldevice_bd_plunger_ejecting_ball'====== Args={'balls': 1, 'target': <playfield.playfield>, 'source': <ball_device.bd_plunger>, 'mechanical_eject': False, 'num_attempts': 0}
2026-04-23 20:39:18,178 : INFO : ball_device.bd_plunger : Wait for ball to leave device
2026-04-23 20:39:18,179 : INFO : coil.c_plunger : Pulsing Driver for 20ms (1.0 pulse_power)
2026-04-23 20:39:18,179 : INFO : SwitchController : <<<<<<< 's_plunger' inactive >>>>>>>
2026-04-23 20:39:18,179 : INFO : EventManager : Event: ======'ball_out'====== Args={}
2026-04-23 20:39:18,180 : INFO : ball_device.bd_plunger : State: ball_left
2026-04-23 20:39:18,180 : INFO : ball_device.bd_plunger : Ball left
2026-04-23 20:39:18,181 : INFO : ball_device.bd_plunger : Wait for confirm with timeout 3.0
2026-04-23 20:39:18,377 : INFO : EventManager : Event: ======'player_instruments_instrument_rotate_tick'====== Args={'value': 1, 'prev_value': 0, 'change': 1, 'player_num': 1}
2026-04-23 20:39:18,378 : INFO : Timer.instrument_rotate : Timer Complete
2026-04-23 20:39:18,378 : INFO : Timer.instrument_rotate : Stopping Timer
2026-04-23 20:39:18,378 : INFO : EventManager : Event: ======'timer_instrument_rotate_stopped'====== Args={'ticks': 1, 'ticks_remaining': 1}
2026-04-23 20:39:18,379 : INFO : EventManager : Event: ======'timer_instrument_rotate_complete'====== Args={'ticks': 1, 'ticks_remaining': 1}
2026-04-23 20:39:18,379 : INFO : EventManager : Event: ======'player_shot_bottom_drop'====== Args={'value': 1, 'prev_value': 0, 'change': 1, 'player_num': 1}
2026-04-23 20:39:18,379 : INFO : EventManager : Event: ======'player_shot_top_drop'====== Args={'value': 0, 'prev_value': 1, 'change': -1, 'player_num': 1}
2026-04-23 20:39:18,380 : INFO : EventManager : Event: ======'player_instruments_instrument_rotate_tick'====== Args={'value': 0, 'prev_value': 1, 'change': -1, 'player_num': 1}
2026-04-23 20:39:18,380 : INFO : Timer.instrument_rotate : Starting Timer.
2026-04-23 20:39:18,381 : INFO : EventManager : Event: ======'timer_instrument_rotate_started'====== Args={'ticks': 0, 'ticks_remaining': 1}
2026-04-23 20:39:18,381 : INFO : EventManager : Event: ======'timer_instrument_rotate_tick'====== Args={'ticks': 0, 'ticks_remaining': 1}
2026-04-23 20:39:18,690 : INFO : EventManager : Event: ======'player_superpops_superpops_timer_tick'====== Args={'value': 28, 'prev_value': 27, 'change': 1, 'player_num': 1}
2026-04-23 20:39:18,691 : INFO : EventManager : Event: ======'timer_superpops_timer_tick'====== Args={'ticks': 28, 'ticks_remaining': 2}
2026-04-23 20:39:19,054 : INFO : EventManager : Event: ======'player_bodhivow_bodhisattvavow_time_remaining_tick'====== Args={'value': 51, 'prev_value': 52, 'change': -1, 'player_num': 1}
2026-04-23 20:39:19,054 : INFO : EventManager : Event: ======'timer_bodhisattvavow_time_remaining_tick'====== Args={'ticks': 51, 'ticks_remaining': 51}
2026-04-23 20:39:19,055 : INFO : EventManager : Event: ======'player_bodhisattvavow_time_remaining_variable_times_1'====== Args={'value': 51, 'prev_value': 52, 'change': -1, 'player_num': 1, 'source': 'bodhivow'}
2026-04-23 20:39:19,383 : INFO : EventManager : Event: ======'player_instruments_instrument_rotate_tick'====== Args={'value': 1, 'prev_value': 0, 'change': 1, 'player_num': 1}
2026-04-23 20:39:19,384 : INFO : Timer.instrument_rotate : Timer Complete
2026-04-23 20:39:19,384 : INFO : Timer.instrument_rotate : Stopping Timer
2026-04-23 20:39:19,384 : INFO : EventManager : Event: ======'timer_instrument_rotate_stopped'====== Args={'ticks': 1, 'ticks_remaining': 1}
2026-04-23 20:39:19,384 : INFO : EventManager : Event: ======'timer_instrument_rotate_complete'====== Args={'ticks': 1, 'ticks_remaining': 1}
2026-04-23 20:39:19,384 : INFO : EventManager : Event: ======'player_shot_bottom_drop'====== Args={'value': 0, 'prev_value': 1, 'change': -1, 'player_num': 1}
2026-04-23 20:39:19,385 : INFO : EventManager : Event: ======'player_shot_middle_drop'====== Args={'value': 1, 'prev_value': 0, 'change': 1, 'player_num': 1}
2026-04-23 20:39:19,385 : INFO : EventManager : Event: ======'player_instruments_instrument_rotate_tick'====== Args={'value': 0, 'prev_value': 1, 'change': -1, 'player_num': 1}
2026-04-23 20:39:19,385 : INFO : Timer.instrument_rotate : Starting Timer.
2026-04-23 20:39:19,385 : INFO : EventManager : Event: ======'timer_instrument_rotate_started'====== Args={'ticks': 0, 'ticks_remaining': 1}
2026-04-23 20:39:19,386 : INFO : EventManager : Event: ======'timer_instrument_rotate_tick'====== Args={'ticks': 0, 'ticks_remaining': 1}
2026-04-23 20:39:19,680 : INFO : EventManager : Event: ======'player_superpops_superpops_timer_tick'====== Args={'value': 29, 'prev_value': 28, 'change': 1, 'player_num': 1}
2026-04-23 20:39:19,680 : INFO : EventManager : Event: ======'timer_superpops_timer_tick'====== Args={'ticks': 29, 'ticks_remaining': 1}
2026-04-23 20:39:20,054 : INFO : EventManager : Event: ======'player_bodhivow_bodhisattvavow_time_remaining_tick'====== Args={'value': 50, 'prev_value': 51, 'change': -1, 'player_num': 1}
2026-04-23 20:39:20,055 : INFO : EventManager : Event: ======'timer_bodhisattvavow_time_remaining_tick'====== Args={'ticks': 50, 'ticks_remaining': 50}
2026-04-23 20:39:20,056 : INFO : EventManager : Event: ======'player_bodhisattvavow_time_remaining_variable_times_1'====== Args={'value': 50, 'prev_value': 51, 'change': -1, 'player_num': 1, 'source': 'bodhivow'}
2026-04-23 20:39:20,090 : INFO : SwitchController : <<<<<<< 's_right_ramp' active >>>>>>>
2026-04-23 20:39:20,091 : INFO : EventManager : Event: ======'s_right_ramp_active'====== Args={}
2026-04-23 20:39:20,091 : INFO : EventManager : Event: ======'machine_var_audits_switches_s_right_ramp'====== Args={'value': 141, 'prev_value': 140, 'change': 1}
2026-04-23 20:39:20,102 : INFO : EventManager : Event: ======'machine_var_audits_shots_right_ramp'====== Args={'value': 132, 'prev_value': 131, 'change': 1}
2026-04-23 20:39:20,102 : INFO : EventManager : Event: ======'right_ramp_hit'====== Args={'profile': 'base_shot_profile', 'state': 'off', 'advancing': False}
2026-04-23 20:39:20,102 : INFO : EventManager : Event: ======'right_ramp_base_shot_profile_hit'====== Args={'profile': 'base_shot_profile', 'state': 'off', 'advancing': False}
2026-04-23 20:39:20,103 : INFO : EventManager : Event: ======'right_ramp_base_shot_profile_off_hit'====== Args={'profile': 'base_shot_profile', 'state': 'off', 'advancing': False}
2026-04-23 20:39:20,103 : INFO : EventManager : Event: ======'right_ramp_off_hit'====== Args={'profile': 'base_shot_profile', 'state': 'off', 'advancing': False}
2026-04-23 20:39:20,103 : INFO : EventManager : Event: ======'logicblock_bodhisattvavow_area3_counter_updated'====== Args={'value': 2, 'enabled': True}
2026-04-23 20:39:20,103 : INFO : EventManager : Event: ======'counter_bodhisattvavow_area3_counter_hit'====== Args={'count': 2, 'hits': 1, 'remaining': 3}
2026-04-23 20:39:20,103 : INFO : EventManager : Event: ======'logicblock_bodhisattvavow_area3_counter_hit'====== Args={'count': 2, 'hits': 1, 'remaining': 3}
2026-04-23 20:39:20,103 : INFO : EventManager : Event: ======'player_score'====== Args={'value': 42073900, 'prev_value': 42070890, 'change': 3010, 'player_num': 1, 'source': 'base'}
2026-04-23 20:39:20,162 : INFO : SwitchController : <<<<<<< 's_right_ramp' inactive >>>>>>>
2026-04-23 20:39:20,399 : INFO : EventManager : Event: ======'player_instruments_instrument_rotate_tick'====== Args={'value': 1, 'prev_value': 0, 'change': 1, 'player_num': 1}
2026-04-23 20:39:20,400 : INFO : Timer.instrument_rotate : Timer Complete
2026-04-23 20:39:20,400 : INFO : Timer.instrument_rotate : Stopping Timer
2026-04-23 20:39:20,400 : INFO : EventManager : Event: ======'timer_instrument_rotate_stopped'====== Args={'ticks': 1, 'ticks_remaining': 1}
2026-04-23 20:39:20,400 : INFO : EventManager : Event: ======'timer_instrument_rotate_complete'====== Args={'ticks': 1, 'ticks_remaining': 1}
2026-04-23 20:39:20,401 : INFO : EventManager : Event: ======'player_shot_middle_drop'====== Args={'value': 0, 'prev_value': 1, 'change': -1, 'player_num': 1}
2026-04-23 20:39:20,401 : INFO : EventManager : Event: ======'player_shot_top_drop'====== Args={'value': 1, 'prev_value': 0, 'change': 1, 'player_num': 1}
2026-04-23 20:39:20,402 : INFO : EventManager : Event: ======'player_instruments_instrument_rotate_tick'====== Args={'value': 0, 'prev_value': 1, 'change': -1, 'player_num': 1}
2026-04-23 20:39:20,402 : INFO : Timer.instrument_rotate : Starting Timer.
2026-04-23 20:39:20,402 : INFO : EventManager : Event: ======'timer_instrument_rotate_started'====== Args={'ticks': 0, 'ticks_remaining': 1}
2026-04-23 20:39:20,402 : INFO : EventManager : Event: ======'timer_instrument_rotate_tick'====== Args={'ticks': 0, 'ticks_remaining': 1}
2026-04-23 20:39:20,682 : INFO : EventManager : Event: ======'player_superpops_superpops_timer_tick'====== Args={'value': 30, 'prev_value': 29, 'change': 1, 'player_num': 1}
2026-04-23 20:39:20,683 : INFO : Timer.superpops_timer : Timer Complete
2026-04-23 20:39:20,683 : INFO : Timer.superpops_timer : Stopping Timer
2026-04-23 20:39:20,683 : INFO : EventManager : Event: ======'timer_superpops_timer_stopped'====== Args={'ticks': 30, 'ticks_remaining': 1}
2026-04-23 20:39:20,684 : INFO : EventManager : Event: ======'timer_superpops_timer_complete'====== Args={'ticks': 30, 'ticks_remaining': 1}
2026-04-23 20:39:20,684 : INFO : EventManager : Event: ======'mode_superpops_complete'====== Args={'priority': 0}
2026-04-23 20:39:20,684 : INFO : EventManager : Event: ======'mode_superpops_will_stop'====== Args={}
2026-04-23 20:39:20,685 : INFO : EventManager : Event: ======'mode_superpops_stopping'====== Args={}
2026-04-23 20:39:20,685 : INFO : Mode.superpops : Stopped.
2026-04-23 20:39:20,685 : INFO : EventManager : Event: ======'modes_active_modes_changed'====== Args={}
2026-04-23 20:39:20,685 : INFO : EventManager : Event: ======'mode_superpops_stopped'====== Args={}
2026-04-23 20:39:20,685 : INFO : EventManager : Event: ======'clear'====== Args={'key': 'superpops'}
2026-04-23 20:39:20,685 : INFO : EventManager : Event: ======'achievement_superpops_super_mode_changed_state'====== Args={'restore': False, 'state': 'completed', 'selected': False}
2026-04-23 20:39:20,686 : INFO : EventManager : Event: ======'achievement_superpops_super_mode_state_completed'====== Args={'restore': False, 'state': 'completed', 'selected': False}
2026-04-23 20:39:20,686 : INFO : EventManager : Event: ======'logicblock_super_modes_played_counter_updated'====== Args={'value': 2, 'enabled': True}
2026-04-23 20:39:20,686 : INFO : EventManager : Event: ======'counter_super_modes_played_counter_hit'====== Args={'count': 2, 'hits': 2, 'remaining': 3}
2026-04-23 20:39:20,686 : INFO : EventManager : Event: ======'logicblock_super_modes_played_counter_hit'====== Args={'count': 2, 'hits': 2, 'remaining': 3}
2026-04-23 20:39:20,687 : INFO : Timer.superpops_timer : Stopping Timer
2026-04-23 20:39:20,687 : INFO : EventManager : Event: ======'timer_superpops_timer_stopped'====== Args={'ticks': 30, 'ticks_remaining': 1}
2026-04-23 20:39:21,056 : INFO : EventManager : Event: ======'player_bodhivow_bodhisattvavow_time_remaining_tick'====== Args={'value': 49, 'prev_value': 50, 'change': -1, 'player_num': 1}
2026-04-23 20:39:21,057 : INFO : EventManager : Event: ======'timer_bodhisattvavow_time_remaining_tick'====== Args={'ticks': 49, 'ticks_remaining': 49}
2026-04-23 20:39:21,058 : INFO : EventManager : Event: ======'player_bodhisattvavow_time_remaining_variable_times_1'====== Args={'value': 49, 'prev_value': 50, 'change': -1, 'player_num': 1, 'source': 'bodhivow'}
2026-04-23 20:39:21,182 : INFO : ball_device.bd_plunger : State: failed_confirm
2026-04-23 20:39:21,182 : INFO : ball_device.bd_plunger : Got timeout (3.0s) before confirm from <playfield.playfield>
2026-04-23 20:39:21,291 : INFO : ball_device.bd_plunger : Confirming eject because target is playfield and ball did not return.
2026-04-23 20:39:21,291 : INFO : ball_device.bd_plunger : Eject successful
2026-04-23 20:39:21,291 : INFO : EventManager : Event: ======'balldevice_bd_plunger_ball_eject_success'====== Args={'balls': 1, 'target': <playfield.playfield>}
2026-04-23 20:39:21,292 : INFO : EventManager : Event: ======'balldevice_playfield_ball_enter'====== Args={'new_balls': 1, 'unclaimed_balls': 1, 'device': <playfield.playfield>}
2026-04-23 20:39:21,292 : INFO : EventManager : Event: ======'playfield_ball_count_change'====== Args={'balls': 4, 'change': 1}
2026-04-23 20:39:21,293 : INFO : EventManager : Event: ======'balldevice_bd_plunger_ball_count_changed'====== Args={'balls': 0}
2026-04-23 20:39:21,293 : INFO : ball_device.bd_plunger : State: idle
2026-04-23 20:39:21,417 : INFO : EventManager : Event: ======'player_instruments_instrument_rotate_tick'====== Args={'value': 1, 'prev_value': 0, 'change': 1, 'player_num': 1}
2026-04-23 20:39:21,418 : INFO : Timer.instrument_rotate : Timer Complete
2026-04-23 20:39:21,418 : INFO : Timer.instrument_rotate : Stopping Timer
2026-04-23 20:39:21,418 : INFO : EventManager : Event: ======'timer_instrument_rotate_stopped'====== Args={'ticks': 1, 'ticks_remaining': 1}
2026-04-23 20:39:21,418 : INFO : EventManager : Event: ======'timer_instrument_rotate_complete'====== Args={'ticks': 1, 'ticks_remaining': 1}
2026-04-23 20:39:21,419 : INFO : EventManager : Event: ======'player_shot_bottom_drop'====== Args={'value': 1, 'prev_value': 0, 'change': 1, 'player_num': 1}
2026-04-23 20:39:21,419 : INFO : EventManager : Event: ======'player_shot_top_drop'====== Args={'value': 0, 'prev_value': 1, 'change': -1, 'player_num': 1}
2026-04-23 20:39:21,420 : INFO : EventManager : Event: ======'player_instruments_instrument_rotate_tick'====== Args={'value': 0, 'prev_value': 1, 'change': -1, 'player_num': 1}
2026-04-23 20:39:21,420 : INFO : Timer.instrument_rotate : Starting Timer.
2026-04-23 20:39:21,420 : INFO : EventManager : Event: ======'timer_instrument_rotate_started'====== Args={'ticks': 0, 'ticks_remaining': 1}
2026-04-23 20:39:21,420 : INFO : EventManager : Event: ======'timer_instrument_rotate_tick'====== Args={'ticks': 0, 'ticks_remaining': 1}
2026-04-23 20:39:22,056 : INFO : EventManager : Event: ======'player_bodhivow_bodhisattvavow_time_remaining_tick'====== Args={'value': 48, 'prev_value': 49, 'change': -1, 'player_num': 1}
2026-04-23 20:39:22,057 : INFO : EventManager : Event: ======'timer_bodhisattvavow_time_remaining_tick'====== Args={'ticks': 48, 'ticks_remaining': 48}
2026-04-23 20:39:22,058 : INFO : EventManager : Event: ======'player_bodhisattvavow_time_remaining_variable_times_1'====== Args={'value': 48, 'prev_value': 49, 'change': -1, 'player_num': 1, 'source': 'bodhivow'}
2026-04-23 20:39:22,431 : INFO : EventManager : Event: ======'player_instruments_instrument_rotate_tick'====== Args={'value': 1, 'prev_value': 0, 'change': 1, 'player_num': 1}
2026-04-23 20:39:22,432 : INFO : Timer.instrument_rotate : Timer Complete
2026-04-23 20:39:22,432 : INFO : Timer.instrument_rotate : Stopping Timer
2026-04-23 20:39:22,432 : INFO : EventManager : Event: ======'timer_instrument_rotate_stopped'====== Args={'ticks': 1, 'ticks_remaining': 1}
2026-04-23 20:39:22,432 : INFO : EventManager : Event: ======'timer_instrument_rotate_complete'====== Args={'ticks': 1, 'ticks_remaining': 1}
2026-04-23 20:39:22,433 : INFO : EventManager : Event: ======'player_shot_bottom_drop'====== Args={'value': 0, 'prev_value': 1, 'change': -1, 'player_num': 1}
2026-04-23 20:39:22,433 : INFO : EventManager : Event: ======'player_shot_middle_drop'====== Args={'value': 1, 'prev_value': 0, 'change': 1, 'player_num': 1}
2026-04-23 20:39:22,434 : INFO : EventManager : Event: ======'player_instruments_instrument_rotate_tick'====== Args={'value': 0, 'prev_value': 1, 'change': -1, 'player_num': 1}
2026-04-23 20:39:22,434 : INFO : Timer.instrument_rotate : Starting Timer.
2026-04-23 20:39:22,434 : INFO : EventManager : Event: ======'timer_instrument_rotate_started'====== Args={'ticks': 0, 'ticks_remaining': 1}
2026-04-23 20:39:22,434 : INFO : EventManager : Event: ======'timer_instrument_rotate_tick'====== Args={'ticks': 0, 'ticks_remaining': 1}
2026-04-23 20:39:23,054 : INFO : EventManager : Event: ======'player_bodhivow_bodhisattvavow_time_remaining_tick'====== Args={'value': 47, 'prev_value': 48, 'change': -1, 'player_num': 1}
2026-04-23 20:39:23,055 : INFO : EventManager : Event: ======'timer_bodhisattvavow_time_remaining_tick'====== Args={'ticks': 47, 'ticks_remaining': 47}
2026-04-23 20:39:23,056 : INFO : EventManager : Event: ======'player_bodhisattvavow_time_remaining_variable_times_1'====== Args={'value': 47, 'prev_value': 48, 'change': -1, 'player_num': 1, 'source': 'bodhivow'}
2026-04-23 20:39:23,116 : INFO : EventManager : Event: ======'right_ramp_to_left_orbit_combo_timeout'====== Args={}
2026-04-23 20:39:23,117 : INFO : EventManager : Event: ======'right_ramp_to_left_ramp_combo_timeout'====== Args={}
2026-04-23 20:39:23,117 : INFO : EventManager : Event: ======'right_ramp_to_inner_loop_combo_timeout'====== Args={}
2026-04-23 20:39:23,117 : INFO : EventManager : Event: ======'right_ramp_to_captive_ball_combo_timeout'====== Args={}
2026-04-23 20:39:23,118 : INFO : EventManager : Event: ======'right_ramp_to_right_orbit_combo_timeout'====== Args={}
2026-04-23 20:39:23,261 : INFO : SwitchController : <<<<<<< 's_right_ramp' active >>>>>>>
2026-04-23 20:39:23,261 : INFO : EventManager : Event: ======'s_right_ramp_active'====== Args={}
2026-04-23 20:39:23,261 : INFO : EventManager : Event: ======'machine_var_audits_switches_s_right_ramp'====== Args={'value': 142, 'prev_value': 141, 'change': 1}
2026-04-23 20:39:23,262 : INFO : EventManager : Event: ======'machine_var_audits_shots_right_ramp'====== Args={'value': 133, 'prev_value': 132, 'change': 1}
2026-04-23 20:39:23,263 : INFO : EventManager : Event: ======'right_ramp_hit'====== Args={'profile': 'base_shot_profile', 'state': 'off', 'advancing': False}
2026-04-23 20:39:23,263 : INFO : EventManager : Event: ======'right_ramp_base_shot_profile_hit'====== Args={'profile': 'base_shot_profile', 'state': 'off', 'advancing': False}
2026-04-23 20:39:23,264 : INFO : EventManager : Event: ======'right_ramp_base_shot_profile_off_hit'====== Args={'profile': 'base_shot_profile', 'state': 'off', 'advancing': False}
2026-04-23 20:39:23,264 : INFO : EventManager : Event: ======'right_ramp_off_hit'====== Args={'profile': 'base_shot_profile', 'state': 'off', 'advancing': False}
2026-04-23 20:39:23,264 : INFO : EventManager : Event: ======'logicblock_bodhisattvavow_area3_counter_updated'====== Args={'value': 3, 'enabled': True}
2026-04-23 20:39:23,264 : INFO : EventManager : Event: ======'counter_bodhisattvavow_area3_counter_hit'====== Args={'count': 3, 'hits': 2, 'remaining': 2}
2026-04-23 20:39:23,264 : INFO : EventManager : Event: ======'logicblock_bodhisattvavow_area3_counter_hit'====== Args={'count': 3, 'hits': 2, 'remaining': 2}
2026-04-23 20:39:23,265 : INFO : EventManager : Event: ======'player_score'====== Args={'value': 42076910, 'prev_value': 42073900, 'change': 3010, 'player_num': 1, 'source': 'base'}
2026-04-23 20:39:23,371 : INFO : SwitchController : <<<<<<< 's_right_ramp' inactive >>>>>>>
2026-04-23 20:39:23,446 : INFO : EventManager : Event: ======'player_instruments_instrument_rotate_tick'====== Args={'value': 1, 'prev_value': 0, 'change': 1, 'player_num': 1}
2026-04-23 20:39:23,447 : INFO : Timer.instrument_rotate : Timer Complete
2026-04-23 20:39:23,447 : INFO : Timer.instrument_rotate : Stopping Timer
2026-04-23 20:39:23,447 : INFO : EventManager : Event: ======'timer_instrument_rotate_stopped'====== Args={'ticks': 1, 'ticks_remaining': 1}
2026-04-23 20:39:23,447 : INFO : EventManager : Event: ======'timer_instrument_rotate_complete'====== Args={'ticks': 1, 'ticks_remaining': 1}
2026-04-23 20:39:23,448 : INFO : EventManager : Event: ======'player_shot_middle_drop'====== Args={'value': 0, 'prev_value': 1, 'change': -1, 'player_num': 1}
2026-04-23 20:39:23,448 : INFO : EventManager : Event: ======'player_shot_top_drop'====== Args={'value': 1, 'prev_value': 0, 'change': 1, 'player_num': 1}
2026-04-23 20:39:23,449 : INFO : EventManager : Event: ======'player_instruments_instrument_rotate_tick'====== Args={'value': 0, 'prev_value': 1, 'change': -1, 'player_num': 1}
2026-04-23 20:39:23,449 : INFO : Timer.instrument_rotate : Starting Timer.
2026-04-23 20:39:23,449 : INFO : EventManager : Event: ======'timer_instrument_rotate_started'====== Args={'ticks': 0, 'ticks_remaining': 1}
2026-04-23 20:39:23,449 : INFO : EventManager : Event: ======'timer_instrument_rotate_tick'====== Args={'ticks': 0, 'ticks_remaining': 1}
2026-04-23 20:39:24,055 : INFO : EventManager : Event: ======'player_bodhivow_bodhisattvavow_time_remaining_tick'====== Args={'value': 46, 'prev_value': 47, 'change': -1, 'player_num': 1}
2026-04-23 20:39:24,056 : INFO : EventManager : Event: ======'timer_bodhisattvavow_time_remaining_tick'====== Args={'ticks': 46, 'ticks_remaining': 46}
2026-04-23 20:39:24,058 : INFO : EventManager : Event: ======'player_bodhisattvavow_time_remaining_variable_times_1'====== Args={'value': 46, 'prev_value': 47, 'change': -1, 'player_num': 1, 'source': 'bodhivow'}
2026-04-23 20:39:24,460 : INFO : EventManager : Event: ======'player_instruments_instrument_rotate_tick'====== Args={'value': 1, 'prev_value': 0, 'change': 1, 'player_num': 1}
2026-04-23 20:39:24,461 : INFO : Timer.instrument_rotate : Timer Complete
2026-04-23 20:39:24,461 : INFO : Timer.instrument_rotate : Stopping Timer
2026-04-23 20:39:24,461 : INFO : EventManager : Event: ======'timer_instrument_rotate_stopped'====== Args={'ticks': 1, 'ticks_remaining': 1}
2026-04-23 20:39:24,461 : INFO : EventManager : Event: ======'timer_instrument_rotate_complete'====== Args={'ticks': 1, 'ticks_remaining': 1}
2026-04-23 20:39:24,461 : INFO : EventManager : Event: ======'player_shot_bottom_drop'====== Args={'value': 1, 'prev_value': 0, 'change': 1, 'player_num': 1}
2026-04-23 20:39:24,462 : INFO : EventManager : Event: ======'player_shot_top_drop'====== Args={'value': 0, 'prev_value': 1, 'change': -1, 'player_num': 1}
2026-04-23 20:39:24,462 : INFO : EventManager : Event: ======'player_instruments_instrument_rotate_tick'====== Args={'value': 0, 'prev_value': 1, 'change': -1, 'player_num': 1}
2026-04-23 20:39:24,463 : INFO : Timer.instrument_rotate : Starting Timer.
2026-04-23 20:39:24,463 : INFO : EventManager : Event: ======'timer_instrument_rotate_started'====== Args={'ticks': 0, 'ticks_remaining': 1}
2026-04-23 20:39:24,463 : INFO : EventManager : Event: ======'timer_instrument_rotate_tick'====== Args={'ticks': 0, 'ticks_remaining': 1}
2026-04-23 20:39:24,921 : INFO : SwitchController : <<<<<<< 's_right_orbit' active >>>>>>>
2026-04-23 20:39:24,921 : INFO : EventManager : Event: ======'s_right_orbit_active'====== Args={}
2026-04-23 20:39:24,921 : INFO : EventManager : Event: ======'machine_var_audits_switches_s_right_orbit'====== Args={'value': 55, 'prev_value': 54, 'change': 1}
2026-04-23 20:39:24,922 : INFO : EventManager : Event: ======'player_score'====== Args={'value': 42077020, 'prev_value': 42076910, 'change': 110, 'player_num': 1, 'source': 'base'}
2026-04-23 20:39:25,003 : INFO : SwitchController : <<<<<<< 's_right_orbit' inactive >>>>>>>
2026-04-23 20:39:25,068 : INFO : EventManager : Event: ======'player_bodhivow_bodhisattvavow_time_remaining_tick'====== Args={'value': 45, 'prev_value': 46, 'change': -1, 'player_num': 1}
2026-04-23 20:39:25,069 : INFO : EventManager : Event: ======'timer_bodhisattvavow_time_remaining_tick'====== Args={'ticks': 45, 'ticks_remaining': 45}
2026-04-23 20:39:25,070 : INFO : EventManager : Event: ======'player_bodhisattvavow_time_remaining_variable_times_1'====== Args={'value': 45, 'prev_value': 46, 'change': -1, 'player_num': 1, 'source': 'bodhivow'}
2026-04-23 20:39:25,476 : INFO : EventManager : Event: ======'player_instruments_instrument_rotate_tick'====== Args={'value': 1, 'prev_value': 0, 'change': 1, 'player_num': 1}
2026-04-23 20:39:25,477 : INFO : Timer.instrument_rotate : Timer Complete
2026-04-23 20:39:25,477 : INFO : Timer.instrument_rotate : Stopping Timer
2026-04-23 20:39:25,477 : INFO : EventManager : Event: ======'timer_instrument_rotate_stopped'====== Args={'ticks': 1, 'ticks_remaining': 1}
2026-04-23 20:39:25,478 : INFO : EventManager : Event: ======'timer_instrument_rotate_complete'====== Args={'ticks': 1, 'ticks_remaining': 1}
2026-04-23 20:39:25,478 : INFO : EventManager : Event: ======'player_shot_bottom_drop'====== Args={'value': 0, 'prev_value': 1, 'change': -1, 'player_num': 1}
2026-04-23 20:39:25,479 : INFO : EventManager : Event: ======'player_shot_middle_drop'====== Args={'value': 1, 'prev_value': 0, 'change': 1, 'player_num': 1}
2026-04-23 20:39:25,480 : INFO : EventManager : Event: ======'player_instruments_instrument_rotate_tick'====== Args={'value': 0, 'prev_value': 1, 'change': -1, 'player_num': 1}
2026-04-23 20:39:25,481 : INFO : Timer.instrument_rotate : Starting Timer.
2026-04-23 20:39:25,481 : INFO : EventManager : Event: ======'timer_instrument_rotate_started'====== Args={'ticks': 0, 'ticks_remaining': 1}
2026-04-23 20:39:25,482 : INFO : EventManager : Event: ======'timer_instrument_rotate_tick'====== Args={'ticks': 0, 'ticks_remaining': 1}
2026-04-23 20:39:25,901 : INFO : SwitchController : <<<<<<< 's_left_orbit' active >>>>>>>
2026-04-23 20:39:25,901 : INFO : EventManager : Event: ======'s_left_orbit_active'====== Args={}
2026-04-23 20:39:25,901 : INFO : EventManager : Event: ======'machine_var_audits_switches_s_left_orbit'====== Args={'value': 15, 'prev_value': 14, 'change': 1}
2026-04-23 20:39:25,902 : INFO : EventManager : Event: ======'player_score'====== Args={'value': 42077130, 'prev_value': 42077020, 'change': 110, 'player_num': 1, 'source': 'base'}
2026-04-23 20:39:25,903 : INFO : EventManager : Event: ======'right_orbit_sequence_hit'====== Args={'elapsed': 0.9801148000406101}
2026-04-23 20:39:25,903 : INFO : EventManager : Event: ======'machine_var_audits_shots_right_orbit'====== Args={'value': 5, 'prev_value': 4, 'change': 1}
2026-04-23 20:39:25,903 : INFO : EventManager : Event: ======'right_orbit_hit'====== Args={'profile': 'base_shot_profile', 'state': 'off', 'advancing': False}
2026-04-23 20:39:25,904 : INFO : EventManager : Event: ======'right_orbit_base_shot_profile_hit'====== Args={'profile': 'base_shot_profile', 'state': 'off', 'advancing': False}
2026-04-23 20:39:25,904 : INFO : EventManager : Event: ======'right_orbit_base_shot_profile_off_hit'====== Args={'profile': 'base_shot_profile', 'state': 'off', 'advancing': False}
2026-04-23 20:39:25,904 : INFO : EventManager : Event: ======'right_orbit_off_hit'====== Args={'profile': 'base_shot_profile', 'state': 'off', 'advancing': False}
2026-04-23 20:39:25,904 : INFO : EventManager : Event: ======'logicblock_bodhisattvavow_area3_counter_updated'====== Args={'value': 4, 'enabled': True}
2026-04-23 20:39:25,904 : INFO : EventManager : Event: ======'counter_bodhisattvavow_area3_counter_hit'====== Args={'count': 4, 'hits': 3, 'remaining': 1}
2026-04-23 20:39:25,905 : INFO : EventManager : Event: ======'logicblock_bodhisattvavow_area3_counter_hit'====== Args={'count': 4, 'hits': 3, 'remaining': 1}
2026-04-23 20:39:25,905 : INFO : EventManager : Event: ======'uppost_down'====== Args={'priority': 0}
2026-04-23 20:39:25,905 : INFO : EventManager : Event: ======'player_score'====== Args={'value': 42078140, 'prev_value': 42077130, 'change': 1010, 'player_num': 1, 'source': 'base'}
2026-04-23 20:39:25,905 : INFO : EventManager : Event: ======'logicblock_supercombos_counter_updated'====== Args={'value': 1, 'enabled': True}
2026-04-23 20:39:25,906 : INFO : EventManager : Event: ======'counter_supercombos_counter_hit'====== Args={'count': 1, 'hits': 1, 'remaining': 3}
2026-04-23 20:39:25,906 : INFO : EventManager : Event: ======'logicblock_supercombos_counter_hit'====== Args={'count': 1, 'hits': 1, 'remaining': 3}
2026-04-23 20:39:25,906 : INFO : EventManager : Event: ======'diverter_up_post_deactivating'====== Args={}
2026-04-23 20:39:25,906 : INFO : coil.c_uppost : Disabling Driver
2026-04-23 20:39:25,906 : INFO : EventManager : Event: ======'right_ramp_to_right_orbit_combo_hit'====== Args={'elapsed': 2.640929299988784}
2026-04-23 20:39:25,907 : INFO : EventManager : Event: ======'diverter_up_post_deactivating'====== Args={}
2026-04-23 20:39:25,907 : INFO : coil.c_uppost : Disabling Driver
2026-04-23 20:39:25,907 : INFO : EventManager : Event: ======'combo_hit'====== Args={'priority': 0}
2026-04-23 20:39:25,907 : INFO : EventManager : Event: ======'player_combos'====== Args={'value': 1, 'prev_value': 0, 'change': 1, 'player_num': 1, 'source': 'base'}
2026-04-23 20:39:25,907 : INFO : EventManager : Event: ======'logicblock_combos_count_updated'====== Args={'value': 1, 'enabled': True}
2026-04-23 20:39:25,907 : INFO : EventManager : Event: ======'counter_combos_count_hit'====== Args={'count': 1}
2026-04-23 20:39:25,908 : INFO : EventManager : Event: ======'logicblock_combos_count_hit'====== Args={'count': 1}
2026-04-23 20:39:25,963 : INFO : SwitchController : <<<<<<< 's_left_orbit' inactive >>>>>>>
2026-04-23 20:39:26,054 : INFO : EventManager : Event: ======'player_bodhivow_bodhisattvavow_time_remaining_tick'====== Args={'value': 44, 'prev_value': 45, 'change': -1, 'player_num': 1}
2026-04-23 20:39:26,055 : INFO : EventManager : Event: ======'timer_bodhisattvavow_time_remaining_tick'====== Args={'ticks': 44, 'ticks_remaining': 44}
2026-04-23 20:39:26,056 : INFO : EventManager : Event: ======'player_bodhisattvavow_time_remaining_variable_times_1'====== Args={'value': 44, 'prev_value': 45, 'change': -1, 'player_num': 1, 'source': 'bodhivow'}
2026-04-23 20:39:26,274 : INFO : EventManager : Event: ======'right_ramp_to_left_orbit_combo_timeout'====== Args={}
2026-04-23 20:39:26,275 : INFO : EventManager : Event: ======'right_ramp_to_left_ramp_combo_timeout'====== Args={}
2026-04-23 20:39:26,276 : INFO : EventManager : Event: ======'right_ramp_to_inner_loop_combo_timeout'====== Args={}
2026-04-23 20:39:26,276 : INFO : EventManager : Event: ======'right_ramp_to_captive_ball_combo_timeout'====== Args={}
2026-04-23 20:39:26,493 : INFO : EventManager : Event: ======'player_instruments_instrument_rotate_tick'====== Args={'value': 1, 'prev_value': 0, 'change': 1, 'player_num': 1}
2026-04-23 20:39:26,494 : INFO : Timer.instrument_rotate : Timer Complete
2026-04-23 20:39:26,494 : INFO : Timer.instrument_rotate : Stopping Timer
2026-04-23 20:39:26,494 : INFO : EventManager : Event: ======'timer_instrument_rotate_stopped'====== Args={'ticks': 1, 'ticks_remaining': 1}
2026-04-23 20:39:26,494 : INFO : EventManager : Event: ======'timer_instrument_rotate_complete'====== Args={'ticks': 1, 'ticks_remaining': 1}
2026-04-23 20:39:26,495 : INFO : EventManager : Event: ======'player_shot_middle_drop'====== Args={'value': 0, 'prev_value': 1, 'change': -1, 'player_num': 1}
2026-04-23 20:39:26,495 : INFO : EventManager : Event: ======'player_shot_top_drop'====== Args={'value': 1, 'prev_value': 0, 'change': 1, 'player_num': 1}
2026-04-23 20:39:26,495 : INFO : EventManager : Event: ======'player_instruments_instrument_rotate_tick'====== Args={'value': 0, 'prev_value': 1, 'change': -1, 'player_num': 1}
2026-04-23 20:39:26,495 : INFO : Timer.instrument_rotate : Starting Timer.
2026-04-23 20:39:26,495 : INFO : EventManager : Event: ======'timer_instrument_rotate_started'====== Args={'ticks': 0, 'ticks_remaining': 1}
2026-04-23 20:39:26,495 : INFO : EventManager : Event: ======'timer_instrument_rotate_tick'====== Args={'ticks': 0, 'ticks_remaining': 1}
2026-04-23 20:39:26,930 : INFO : EventManager : Event: ======'right_orbit_backdoor_sequence_timeout'====== Args={}
2026-04-23 20:39:27,056 : INFO : EventManager : Event: ======'player_bodhivow_bodhisattvavow_time_remaining_tick'====== Args={'value': 43, 'prev_value': 44, 'change': -1, 'player_num': 1}
2026-04-23 20:39:27,057 : INFO : EventManager : Event: ======'timer_bodhisattvavow_time_remaining_tick'====== Args={'ticks': 43, 'ticks_remaining': 43}
2026-04-23 20:39:27,057 : INFO : EventManager : Event: ======'player_bodhisattvavow_time_remaining_variable_times_1'====== Args={'value': 43, 'prev_value': 44, 'change': -1, 'player_num': 1, 'source': 'bodhivow'}
2026-04-23 20:39:27,496 : INFO : EventManager : Event: ======'player_instruments_instrument_rotate_tick'====== Args={'value': 1, 'prev_value': 0, 'change': 1, 'player_num': 1}
2026-04-23 20:39:27,497 : INFO : Timer.instrument_rotate : Timer Complete
2026-04-23 20:39:27,497 : INFO : Timer.instrument_rotate : Stopping Timer
2026-04-23 20:39:27,497 : INFO : EventManager : Event: ======'timer_instrument_rotate_stopped'====== Args={'ticks': 1, 'ticks_remaining': 1}
2026-04-23 20:39:27,497 : INFO : EventManager : Event: ======'timer_instrument_rotate_complete'====== Args={'ticks': 1, 'ticks_remaining': 1}
2026-04-23 20:39:27,497 : INFO : EventManager : Event: ======'player_shot_bottom_drop'====== Args={'value': 1, 'prev_value': 0, 'change': 1, 'player_num': 1}
2026-04-23 20:39:27,498 : INFO : EventManager : Event: ======'player_shot_top_drop'====== Args={'value': 0, 'prev_value': 1, 'change': -1, 'player_num': 1}
2026-04-23 20:39:27,498 : INFO : EventManager : Event: ======'player_instruments_instrument_rotate_tick'====== Args={'value': 0, 'prev_value': 1, 'change': -1, 'player_num': 1}
2026-04-23 20:39:27,499 : INFO : Timer.instrument_rotate : Starting Timer.
2026-04-23 20:39:27,499 : INFO : EventManager : Event: ======'timer_instrument_rotate_started'====== Args={'ticks': 0, 'ticks_remaining': 1}
2026-04-23 20:39:27,499 : INFO : EventManager : Event: ======'timer_instrument_rotate_tick'====== Args={'ticks': 0, 'ticks_remaining': 1}
2026-04-23 20:39:28,031 : INFO : SwitchController : <<<<<<< 's_left_ramp' active >>>>>>>
2026-04-23 20:39:28,031 : INFO : EventManager : Event: ======'s_left_ramp_active'====== Args={}
2026-04-23 20:39:28,032 : INFO : EventManager : Event: ======'machine_var_audits_switches_s_left_ramp'====== Args={'value': 44, 'prev_value': 43, 'change': 1}
2026-04-23 20:39:28,033 : INFO : EventManager : Event: ======'machine_var_audits_shots_left_ramp'====== Args={'value': 43, 'prev_value': 42, 'change': 1}
2026-04-23 20:39:28,034 : INFO : EventManager : Event: ======'left_ramp_hit'====== Args={'profile': 'base_shot_profile', 'state': 'off', 'advancing': False}
2026-04-23 20:39:28,034 : INFO : EventManager : Event: ======'left_ramp_base_shot_profile_hit'====== Args={'profile': 'base_shot_profile', 'state': 'off', 'advancing': False}
2026-04-23 20:39:28,034 : INFO : EventManager : Event: ======'left_ramp_base_shot_profile_off_hit'====== Args={'profile': 'base_shot_profile', 'state': 'off', 'advancing': False}
2026-04-23 20:39:28,035 : INFO : EventManager : Event: ======'left_ramp_off_hit'====== Args={'profile': 'base_shot_profile', 'state': 'off', 'advancing': False}
2026-04-23 20:39:28,035 : INFO : EventManager : Event: ======'logicblock_bodhisattvavow_area2_counter_updated'====== Args={'value': 2, 'enabled': True}
2026-04-23 20:39:28,035 : INFO : EventManager : Event: ======'counter_bodhisattvavow_area2_counter_hit'====== Args={'count': 2, 'hits': 1, 'remaining': 3}
2026-04-23 20:39:28,035 : INFO : EventManager : Event: ======'logicblock_bodhisattvavow_area2_counter_hit'====== Args={'count': 2, 'hits': 1, 'remaining': 3}
2026-04-23 20:39:28,036 : INFO : EventManager : Event: ======'player_score'====== Args={'value': 42081150, 'prev_value': 42078140, 'change': 3010, 'player_num': 1, 'source': 'base'}
2026-04-23 20:39:28,036 : INFO : EventManager : Event: ======'logicblock_superspins_counter_updated'====== Args={'value': 1, 'enabled': True}
2026-04-23 20:39:28,036 : INFO : EventManager : Event: ======'counter_superspins_counter_hit'====== Args={'count': 1, 'hits': 1, 'remaining': 3}
2026-04-23 20:39:28,036 : INFO : EventManager : Event: ======'logicblock_superspins_counter_hit'====== Args={'count': 1, 'hits': 1, 'remaining': 3}
2026-04-23 20:39:28,037 : INFO : EventManager : Event: ======'right_orbit_to_left_ramp_combo_hit'====== Args={'elapsed': 2.1300755999982357}
2026-04-23 20:39:28,037 : INFO : EventManager : Event: ======'combo_hit'====== Args={'priority': 0}
2026-04-23 20:39:28,037 : INFO : EventManager : Event: ======'player_combos'====== Args={'value': 2, 'prev_value': 1, 'change': 1, 'player_num': 1, 'source': 'base'}
2026-04-23 20:39:28,038 : INFO : EventManager : Event: ======'logicblock_combos_count_updated'====== Args={'value': 2, 'enabled': True}
2026-04-23 20:39:28,038 : INFO : EventManager : Event: ======'counter_combos_count_hit'====== Args={'count': 2}
2026-04-23 20:39:28,038 : INFO : EventManager : Event: ======'logicblock_combos_count_hit'====== Args={'count': 2}
2026-04-23 20:39:28,055 : INFO : EventManager : Event: ======'player_bodhivow_bodhisattvavow_time_remaining_tick'====== Args={'value': 42, 'prev_value': 43, 'change': -1, 'player_num': 1}
2026-04-23 20:39:28,056 : INFO : EventManager : Event: ======'timer_bodhisattvavow_time_remaining_tick'====== Args={'ticks': 42, 'ticks_remaining': 42}
2026-04-23 20:39:28,056 : INFO : EventManager : Event: ======'player_bodhisattvavow_time_remaining_variable_times_1'====== Args={'value': 42, 'prev_value': 43, 'change': -1, 'player_num': 1, 'source': 'bodhivow'}
2026-04-23 20:39:28,113 : INFO : SwitchController : <<<<<<< 's_left_ramp' inactive >>>>>>>
2026-04-23 20:39:28,507 : INFO : EventManager : Event: ======'player_instruments_instrument_rotate_tick'====== Args={'value': 1, 'prev_value': 0, 'change': 1, 'player_num': 1}
2026-04-23 20:39:28,508 : INFO : Timer.instrument_rotate : Timer Complete
2026-04-23 20:39:28,508 : INFO : Timer.instrument_rotate : Stopping Timer
2026-04-23 20:39:28,508 : INFO : EventManager : Event: ======'timer_instrument_rotate_stopped'====== Args={'ticks': 1, 'ticks_remaining': 1}
2026-04-23 20:39:28,508 : INFO : EventManager : Event: ======'timer_instrument_rotate_complete'====== Args={'ticks': 1, 'ticks_remaining': 1}
2026-04-23 20:39:28,509 : INFO : EventManager : Event: ======'player_shot_bottom_drop'====== Args={'value': 0, 'prev_value': 1, 'change': -1, 'player_num': 1}
2026-04-23 20:39:28,510 : INFO : EventManager : Event: ======'player_shot_middle_drop'====== Args={'value': 1, 'prev_value': 0, 'change': 1, 'player_num': 1}
2026-04-23 20:39:28,510 : INFO : EventManager : Event: ======'player_instruments_instrument_rotate_tick'====== Args={'value': 0, 'prev_value': 1, 'change': -1, 'player_num': 1}
2026-04-23 20:39:28,510 : INFO : Timer.instrument_rotate : Starting Timer.
2026-04-23 20:39:28,510 : INFO : EventManager : Event: ======'timer_instrument_rotate_started'====== Args={'ticks': 0, 'ticks_remaining': 1}
2026-04-23 20:39:28,510 : INFO : EventManager : Event: ======'timer_instrument_rotate_tick'====== Args={'ticks': 0, 'ticks_remaining': 1}
2026-04-23 20:39:28,916 : INFO : EventManager : Event: ======'right_orbit_to_left_orbit_combo_timeout'====== Args={}
2026-04-23 20:39:28,917 : INFO : EventManager : Event: ======'right_orbit_to_inner_loop_combo_timeout'====== Args={}
2026-04-23 20:39:28,917 : INFO : EventManager : Event: ======'right_orbit_to_captive_ball_combo_timeout'====== Args={}
2026-04-23 20:39:28,917 : INFO : EventManager : Event: ======'right_orbit_to_right_ramp_combo_timeout'====== Args={}
2026-04-23 20:39:29,057 : INFO : EventManager : Event: ======'player_bodhivow_bodhisattvavow_time_remaining_tick'====== Args={'value': 41, 'prev_value': 42, 'change': -1, 'player_num': 1}
2026-04-23 20:39:29,058 : INFO : EventManager : Event: ======'timer_bodhisattvavow_time_remaining_tick'====== Args={'ticks': 41, 'ticks_remaining': 41}
2026-04-23 20:39:29,059 : INFO : EventManager : Event: ======'player_bodhisattvavow_time_remaining_variable_times_1'====== Args={'value': 41, 'prev_value': 42, 'change': -1, 'player_num': 1, 'source': 'bodhivow'}
2026-04-23 20:39:29,525 : INFO : EventManager : Event: ======'player_instruments_instrument_rotate_tick'====== Args={'value': 1, 'prev_value': 0, 'change': 1, 'player_num': 1}
2026-04-23 20:39:29,526 : INFO : Timer.instrument_rotate : Timer Complete
2026-04-23 20:39:29,526 : INFO : Timer.instrument_rotate : Stopping Timer
2026-04-23 20:39:29,527 : INFO : EventManager : Event: ======'timer_instrument_rotate_stopped'====== Args={'ticks': 1, 'ticks_remaining': 1}
2026-04-23 20:39:29,527 : INFO : EventManager : Event: ======'timer_instrument_rotate_complete'====== Args={'ticks': 1, 'ticks_remaining': 1}
2026-04-23 20:39:29,527 : INFO : EventManager : Event: ======'player_shot_middle_drop'====== Args={'value': 0, 'prev_value': 1, 'change': -1, 'player_num': 1}
2026-04-23 20:39:29,528 : INFO : EventManager : Event: ======'player_shot_top_drop'====== Args={'value': 1, 'prev_value': 0, 'change': 1, 'player_num': 1}
2026-04-23 20:39:29,529 : INFO : EventManager : Event: ======'player_instruments_instrument_rotate_tick'====== Args={'value': 0, 'prev_value': 1, 'change': -1, 'player_num': 1}
2026-04-23 20:39:29,529 : INFO : Timer.instrument_rotate : Starting Timer.
2026-04-23 20:39:29,529 : INFO : EventManager : Event: ======'timer_instrument_rotate_started'====== Args={'ticks': 0, 'ticks_remaining': 1}
2026-04-23 20:39:29,529 : INFO : EventManager : Event: ======'timer_instrument_rotate_tick'====== Args={'ticks': 0, 'ticks_remaining': 1}
2026-04-23 20:39:30,056 : INFO : EventManager : Event: ======'player_bodhivow_bodhisattvavow_time_remaining_tick'====== Args={'value': 40, 'prev_value': 41, 'change': -1, 'player_num': 1}
2026-04-23 20:39:30,058 : INFO : EventManager : Event: ======'timer_bodhisattvavow_time_remaining_tick'====== Args={'ticks': 40, 'ticks_remaining': 40}
2026-04-23 20:39:30,059 : INFO : EventManager : Event: ======'player_bodhisattvavow_time_remaining_variable_times_1'====== Args={'value': 40, 'prev_value': 41, 'change': -1, 'player_num': 1, 'source': 'bodhivow'}
2026-04-23 20:39:30,542 : INFO : EventManager : Event: ======'player_instruments_instrument_rotate_tick'====== Args={'value': 1, 'prev_value': 0, 'change': 1, 'player_num': 1}
2026-04-23 20:39:30,544 : INFO : Timer.instrument_rotate : Timer Complete
2026-04-23 20:39:30,544 : INFO : Timer.instrument_rotate : Stopping Timer
2026-04-23 20:39:30,544 : INFO : EventManager : Event: ======'timer_instrument_rotate_stopped'====== Args={'ticks': 1, 'ticks_remaining': 1}
2026-04-23 20:39:30,544 : INFO : EventManager : Event: ======'timer_instrument_rotate_complete'====== Args={'ticks': 1, 'ticks_remaining': 1}
2026-04-23 20:39:30,545 : INFO : EventManager : Event: ======'player_shot_bottom_drop'====== Args={'value': 1, 'prev_value': 0, 'change': 1, 'player_num': 1}
2026-04-23 20:39:30,545 : INFO : EventManager : Event: ======'player_shot_top_drop'====== Args={'value': 0, 'prev_value': 1, 'change': -1, 'player_num': 1}
2026-04-23 20:39:30,546 : INFO : EventManager : Event: ======'player_instruments_instrument_rotate_tick'====== Args={'value': 0, 'prev_value': 1, 'change': -1, 'player_num': 1}
2026-04-23 20:39:30,546 : INFO : Timer.instrument_rotate : Starting Timer.
2026-04-23 20:39:30,546 : INFO : EventManager : Event: ======'timer_instrument_rotate_started'====== Args={'ticks': 0, 'ticks_remaining': 1}
2026-04-23 20:39:30,546 : INFO : EventManager : Event: ======'timer_instrument_rotate_tick'====== Args={'ticks': 0, 'ticks_remaining': 1}
2026-04-23 20:39:31,040 : INFO : EventManager : Event: ======'left_ramp_to_left_orbit_combo_timeout'====== Args={}
2026-04-23 20:39:31,041 : INFO : EventManager : Event: ======'left_ramp_to_inner_loop_combo_timeout'====== Args={}
2026-04-23 20:39:31,042 : INFO : EventManager : Event: ======'left_ramp_to_captive_ball_combo_timeout'====== Args={}
2026-04-23 20:39:31,042 : INFO : EventManager : Event: ======'left_ramp_to_right_ramp_combo_timeout'====== Args={}
2026-04-23 20:39:31,042 : INFO : EventManager : Event: ======'left_ramp_to_right_orbit_combo_timeout'====== Args={}
2026-04-23 20:39:31,055 : INFO : EventManager : Event: ======'player_bodhivow_bodhisattvavow_time_remaining_tick'====== Args={'value': 39, 'prev_value': 40, 'change': -1, 'player_num': 1}
2026-04-23 20:39:31,056 : INFO : EventManager : Event: ======'timer_bodhisattvavow_time_remaining_tick'====== Args={'ticks': 39, 'ticks_remaining': 39}
2026-04-23 20:39:31,057 : INFO : EventManager : Event: ======'player_bodhisattvavow_time_remaining_variable_times_1'====== Args={'value': 39, 'prev_value': 40, 'change': -1, 'player_num': 1, 'source': 'bodhivow'}
2026-04-23 20:39:31,555 : INFO : EventManager : Event: ======'player_instruments_instrument_rotate_tick'====== Args={'value': 1, 'prev_value': 0, 'change': 1, 'player_num': 1}
2026-04-23 20:39:31,556 : INFO : Timer.instrument_rotate : Timer Complete
2026-04-23 20:39:31,557 : INFO : Timer.instrument_rotate : Stopping Timer
2026-04-23 20:39:31,557 : INFO : EventManager : Event: ======'timer_instrument_rotate_stopped'====== Args={'ticks': 1, 'ticks_remaining': 1}
2026-04-23 20:39:31,557 : INFO : EventManager : Event: ======'timer_instrument_rotate_complete'====== Args={'ticks': 1, 'ticks_remaining': 1}
2026-04-23 20:39:31,557 : INFO : EventManager : Event: ======'player_shot_bottom_drop'====== Args={'value': 0, 'prev_value': 1, 'change': -1, 'player_num': 1}
2026-04-23 20:39:31,558 : INFO : EventManager : Event: ======'player_shot_middle_drop'====== Args={'value': 1, 'prev_value': 0, 'change': 1, 'player_num': 1}
2026-04-23 20:39:31,558 : INFO : EventManager : Event: ======'player_instruments_instrument_rotate_tick'====== Args={'value': 0, 'prev_value': 1, 'change': -1, 'player_num': 1}
2026-04-23 20:39:31,559 : INFO : Timer.instrument_rotate : Starting Timer.
2026-04-23 20:39:31,559 : INFO : EventManager : Event: ======'timer_instrument_rotate_started'====== Args={'ticks': 0, 'ticks_remaining': 1}
2026-04-23 20:39:31,559 : INFO : EventManager : Event: ======'timer_instrument_rotate_tick'====== Args={'ticks': 0, 'ticks_remaining': 1}
2026-04-23 20:39:32,070 : INFO : EventManager : Event: ======'player_bodhivow_bodhisattvavow_time_remaining_tick'====== Args={'value': 38, 'prev_value': 39, 'change': -1, 'player_num': 1}
2026-04-23 20:39:32,071 : INFO : EventManager : Event: ======'timer_bodhisattvavow_time_remaining_tick'====== Args={'ticks': 38, 'ticks_remaining': 38}
2026-04-23 20:39:32,072 : INFO : EventManager : Event: ======'player_bodhisattvavow_time_remaining_variable_times_1'====== Args={'value': 38, 'prev_value': 39, 'change': -1, 'player_num': 1, 'source': 'bodhivow'}
2026-04-23 20:39:32,570 : INFO : EventManager : Event: ======'player_instruments_instrument_rotate_tick'====== Args={'value': 1, 'prev_value': 0, 'change': 1, 'player_num': 1}
2026-04-23 20:39:32,571 : INFO : Timer.instrument_rotate : Timer Complete
2026-04-23 20:39:32,572 : INFO : Timer.instrument_rotate : Stopping Timer
2026-04-23 20:39:32,572 : INFO : EventManager : Event: ======'timer_instrument_rotate_stopped'====== Args={'ticks': 1, 'ticks_remaining': 1}
2026-04-23 20:39:32,572 : INFO : EventManager : Event: ======'timer_instrument_rotate_complete'====== Args={'ticks': 1, 'ticks_remaining': 1}
2026-04-23 20:39:32,572 : INFO : EventManager : Event: ======'player_shot_middle_drop'====== Args={'value': 0, 'prev_value': 1, 'change': -1, 'player_num': 1}
2026-04-23 20:39:32,573 : INFO : EventManager : Event: ======'player_shot_top_drop'====== Args={'value': 1, 'prev_value': 0, 'change': 1, 'player_num': 1}
2026-04-23 20:39:32,573 : INFO : EventManager : Event: ======'player_instruments_instrument_rotate_tick'====== Args={'value': 0, 'prev_value': 1, 'change': -1, 'player_num': 1}
2026-04-23 20:39:32,574 : INFO : Timer.instrument_rotate : Starting Timer.
2026-04-23 20:39:32,574 : INFO : EventManager : Event: ======'timer_instrument_rotate_started'====== Args={'ticks': 0, 'ticks_remaining': 1}
2026-04-23 20:39:32,574 : INFO : EventManager : Event: ======'timer_instrument_rotate_tick'====== Args={'ticks': 0, 'ticks_remaining': 1}
2026-04-23 20:39:33,070 : INFO : EventManager : Event: ======'player_bodhivow_bodhisattvavow_time_remaining_tick'====== Args={'value': 37, 'prev_value': 38, 'change': -1, 'player_num': 1}
2026-04-23 20:39:33,071 : INFO : EventManager : Event: ======'timer_bodhisattvavow_time_remaining_tick'====== Args={'ticks': 37, 'ticks_remaining': 37}
2026-04-23 20:39:33,072 : INFO : EventManager : Event: ======'player_bodhisattvavow_time_remaining_variable_times_1'====== Args={'value': 37, 'prev_value': 38, 'change': -1, 'player_num': 1, 'source': 'bodhivow'}
2026-04-23 20:39:33,586 : INFO : EventManager : Event: ======'player_instruments_instrument_rotate_tick'====== Args={'value': 1, 'prev_value': 0, 'change': 1, 'player_num': 1}
2026-04-23 20:39:33,587 : INFO : Timer.instrument_rotate : Timer Complete
2026-04-23 20:39:33,587 : INFO : Timer.instrument_rotate : Stopping Timer
2026-04-23 20:39:33,587 : INFO : EventManager : Event: ======'timer_instrument_rotate_stopped'====== Args={'ticks': 1, 'ticks_remaining': 1}
2026-04-23 20:39:33,587 : INFO : EventManager : Event: ======'timer_instrument_rotate_complete'====== Args={'ticks': 1, 'ticks_remaining': 1}
2026-04-23 20:39:33,588 : INFO : EventManager : Event: ======'player_shot_bottom_drop'====== Args={'value': 1, 'prev_value': 0, 'change': 1, 'player_num': 1}
2026-04-23 20:39:33,588 : INFO : EventManager : Event: ======'player_shot_top_drop'====== Args={'value': 0, 'prev_value': 1, 'change': -1, 'player_num': 1}
2026-04-23 20:39:33,588 : INFO : EventManager : Event: ======'player_instruments_instrument_rotate_tick'====== Args={'value': 0, 'prev_value': 1, 'change': -1, 'player_num': 1}
2026-04-23 20:39:33,588 : INFO : Timer.instrument_rotate : Starting Timer.
2026-04-23 20:39:33,589 : INFO : EventManager : Event: ======'timer_instrument_rotate_started'====== Args={'ticks': 0, 'ticks_remaining': 1}
2026-04-23 20:39:33,589 : INFO : EventManager : Event: ======'timer_instrument_rotate_tick'====== Args={'ticks': 0, 'ticks_remaining': 1}
2026-04-23 20:39:34,055 : INFO : EventManager : Event: ======'player_bodhivow_bodhisattvavow_time_remaining_tick'====== Args={'value': 36, 'prev_value': 37, 'change': -1, 'player_num': 1}
2026-04-23 20:39:34,056 : INFO : EventManager : Event: ======'timer_bodhisattvavow_time_remaining_tick'====== Args={'ticks': 36, 'ticks_remaining': 36}
2026-04-23 20:39:34,057 : INFO : EventManager : Event: ======'player_bodhisattvavow_time_remaining_variable_times_1'====== Args={'value': 36, 'prev_value': 37, 'change': -1, 'player_num': 1, 'source': 'bodhivow'}
2026-04-23 20:39:34,597 : INFO : EventManager : Event: ======'player_instruments_instrument_rotate_tick'====== Args={'value': 1, 'prev_value': 0, 'change': 1, 'player_num': 1}
2026-04-23 20:39:34,598 : INFO : Timer.instrument_rotate : Timer Complete
2026-04-23 20:39:34,598 : INFO : Timer.instrument_rotate : Stopping Timer
2026-04-23 20:39:34,598 : INFO : EventManager : Event: ======'timer_instrument_rotate_stopped'====== Args={'ticks': 1, 'ticks_remaining': 1}
2026-04-23 20:39:34,598 : INFO : EventManager : Event: ======'timer_instrument_rotate_complete'====== Args={'ticks': 1, 'ticks_remaining': 1}
2026-04-23 20:39:34,599 : INFO : EventManager : Event: ======'player_shot_bottom_drop'====== Args={'value': 0, 'prev_value': 1, 'change': -1, 'player_num': 1}
2026-04-23 20:39:34,600 : INFO : EventManager : Event: ======'player_shot_middle_drop'====== Args={'value': 1, 'prev_value': 0, 'change': 1, 'player_num': 1}
2026-04-23 20:39:34,600 : INFO : EventManager : Event: ======'player_instruments_instrument_rotate_tick'====== Args={'value': 0, 'prev_value': 1, 'change': -1, 'player_num': 1}
2026-04-23 20:39:34,600 : INFO : Timer.instrument_rotate : Starting Timer.
2026-04-23 20:39:34,601 : INFO : EventManager : Event: ======'timer_instrument_rotate_started'====== Args={'ticks': 0, 'ticks_remaining': 1}
2026-04-23 20:39:34,601 : INFO : EventManager : Event: ======'timer_instrument_rotate_tick'====== Args={'ticks': 0, 'ticks_remaining': 1}
2026-04-23 20:39:35,068 : INFO : EventManager : Event: ======'player_bodhivow_bodhisattvavow_time_remaining_tick'====== Args={'value': 35, 'prev_value': 36, 'change': -1, 'player_num': 1}
2026-04-23 20:39:35,069 : INFO : EventManager : Event: ======'timer_bodhisattvavow_time_remaining_tick'====== Args={'ticks': 35, 'ticks_remaining': 35}
2026-04-23 20:39:35,069 : INFO : EventManager : Event: ======'player_bodhisattvavow_time_remaining_variable_times_1'====== Args={'value': 35, 'prev_value': 36, 'change': -1, 'player_num': 1, 'source': 'bodhivow'}
2026-04-23 20:39:35,604 : INFO : EventManager : Event: ======'player_instruments_instrument_rotate_tick'====== Args={'value': 1, 'prev_value': 0, 'change': 1, 'player_num': 1}
2026-04-23 20:39:35,605 : INFO : Timer.instrument_rotate : Timer Complete
2026-04-23 20:39:35,605 : INFO : Timer.instrument_rotate : Stopping Timer
2026-04-23 20:39:35,605 : INFO : EventManager : Event: ======'timer_instrument_rotate_stopped'====== Args={'ticks': 1, 'ticks_remaining': 1}
2026-04-23 20:39:35,605 : INFO : EventManager : Event: ======'timer_instrument_rotate_complete'====== Args={'ticks': 1, 'ticks_remaining': 1}
2026-04-23 20:39:35,606 : INFO : EventManager : Event: ======'player_shot_middle_drop'====== Args={'value': 0, 'prev_value': 1, 'change': -1, 'player_num': 1}
2026-04-23 20:39:35,607 : INFO : EventManager : Event: ======'player_shot_top_drop'====== Args={'value': 1, 'prev_value': 0, 'change': 1, 'player_num': 1}
2026-04-23 20:39:35,607 : INFO : EventManager : Event: ======'player_instruments_instrument_rotate_tick'====== Args={'value': 0, 'prev_value': 1, 'change': -1, 'player_num': 1}
2026-04-23 20:39:35,608 : INFO : Timer.instrument_rotate : Starting Timer.
2026-04-23 20:39:35,608 : INFO : EventManager : Event: ======'timer_instrument_rotate_started'====== Args={'ticks': 0, 'ticks_remaining': 1}
2026-04-23 20:39:35,608 : INFO : EventManager : Event: ======'timer_instrument_rotate_tick'====== Args={'ticks': 0, 'ticks_remaining': 1}
2026-04-23 20:39:36,058 : INFO : EventManager : Event: ======'player_bodhivow_bodhisattvavow_time_remaining_tick'====== Args={'value': 34, 'prev_value': 35, 'change': -1, 'player_num': 1}
2026-04-23 20:39:36,059 : INFO : EventManager : Event: ======'timer_bodhisattvavow_time_remaining_tick'====== Args={'ticks': 34, 'ticks_remaining': 34}
2026-04-23 20:39:36,060 : INFO : EventManager : Event: ======'player_bodhisattvavow_time_remaining_variable_times_1'====== Args={'value': 34, 'prev_value': 35, 'change': -1, 'player_num': 1, 'source': 'bodhivow'}
2026-04-23 20:39:36,618 : INFO : EventManager : Event: ======'player_instruments_instrument_rotate_tick'====== Args={'value': 1, 'prev_value': 0, 'change': 1, 'player_num': 1}
2026-04-23 20:39:36,619 : INFO : Timer.instrument_rotate : Timer Complete
2026-04-23 20:39:36,619 : INFO : Timer.instrument_rotate : Stopping Timer
2026-04-23 20:39:36,619 : INFO : EventManager : Event: ======'timer_instrument_rotate_stopped'====== Args={'ticks': 1, 'ticks_remaining': 1}
2026-04-23 20:39:36,620 : INFO : EventManager : Event: ======'timer_instrument_rotate_complete'====== Args={'ticks': 1, 'ticks_remaining': 1}
2026-04-23 20:39:36,620 : INFO : EventManager : Event: ======'player_shot_bottom_drop'====== Args={'value': 1, 'prev_value': 0, 'change': 1, 'player_num': 1}
2026-04-23 20:39:36,621 : INFO : EventManager : Event: ======'player_shot_top_drop'====== Args={'value': 0, 'prev_value': 1, 'change': -1, 'player_num': 1}
2026-04-23 20:39:36,621 : INFO : EventManager : Event: ======'player_instruments_instrument_rotate_tick'====== Args={'value': 0, 'prev_value': 1, 'change': -1, 'player_num': 1}
2026-04-23 20:39:36,621 : INFO : Timer.instrument_rotate : Starting Timer.
2026-04-23 20:39:36,621 : INFO : EventManager : Event: ======'timer_instrument_rotate_started'====== Args={'ticks': 0, 'ticks_remaining': 1}
2026-04-23 20:39:36,622 : INFO : EventManager : Event: ======'timer_instrument_rotate_tick'====== Args={'ticks': 0, 'ticks_remaining': 1}
2026-04-23 20:39:37,055 : INFO : EventManager : Event: ======'player_bodhivow_bodhisattvavow_time_remaining_tick'====== Args={'value': 33, 'prev_value': 34, 'change': -1, 'player_num': 1}
2026-04-23 20:39:37,056 : INFO : EventManager : Event: ======'timer_bodhisattvavow_time_remaining_tick'====== Args={'ticks': 33, 'ticks_remaining': 33}
2026-04-23 20:39:37,057 : INFO : EventManager : Event: ======'player_bodhisattvavow_time_remaining_variable_times_1'====== Args={'value': 33, 'prev_value': 34, 'change': -1, 'player_num': 1, 'source': 'bodhivow'}
2026-04-23 20:39:37,632 : INFO : EventManager : Event: ======'player_instruments_instrument_rotate_tick'====== Args={'value': 1, 'prev_value': 0, 'change': 1, 'player_num': 1}
2026-04-23 20:39:37,633 : INFO : Timer.instrument_rotate : Timer Complete
2026-04-23 20:39:37,633 : INFO : Timer.instrument_rotate : Stopping Timer
2026-04-23 20:39:37,633 : INFO : EventManager : Event: ======'timer_instrument_rotate_stopped'====== Args={'ticks': 1, 'ticks_remaining': 1}
2026-04-23 20:39:37,633 : INFO : EventManager : Event: ======'timer_instrument_rotate_complete'====== Args={'ticks': 1, 'ticks_remaining': 1}
2026-04-23 20:39:37,634 : INFO : EventManager : Event: ======'player_shot_bottom_drop'====== Args={'value': 0, 'prev_value': 1, 'change': -1, 'player_num': 1}
2026-04-23 20:39:37,634 : INFO : EventManager : Event: ======'player_shot_middle_drop'====== Args={'value': 1, 'prev_value': 0, 'change': 1, 'player_num': 1}
2026-04-23 20:39:37,634 : INFO : EventManager : Event: ======'player_instruments_instrument_rotate_tick'====== Args={'value': 0, 'prev_value': 1, 'change': -1, 'player_num': 1}
2026-04-23 20:39:37,635 : INFO : Timer.instrument_rotate : Starting Timer.
2026-04-23 20:39:37,635 : INFO : EventManager : Event: ======'timer_instrument_rotate_started'====== Args={'ticks': 0, 'ticks_remaining': 1}
2026-04-23 20:39:37,635 : INFO : EventManager : Event: ======'timer_instrument_rotate_tick'====== Args={'ticks': 0, 'ticks_remaining': 1}
2026-04-23 20:39:38,069 : INFO : EventManager : Event: ======'player_bodhivow_bodhisattvavow_time_remaining_tick'====== Args={'value': 32, 'prev_value': 33, 'change': -1, 'player_num': 1}
2026-04-23 20:39:38,070 : INFO : EventManager : Event: ======'timer_bodhisattvavow_time_remaining_tick'====== Args={'ticks': 32, 'ticks_remaining': 32}
2026-04-23 20:39:38,070 : INFO : EventManager : Event: ======'player_bodhisattvavow_time_remaining_variable_times_1'====== Args={'value': 32, 'prev_value': 33, 'change': -1, 'player_num': 1, 'source': 'bodhivow'}
2026-04-23 20:39:38,636 : INFO : EventManager : Event: ======'player_instruments_instrument_rotate_tick'====== Args={'value': 1, 'prev_value': 0, 'change': 1, 'player_num': 1}
2026-04-23 20:39:38,637 : INFO : Timer.instrument_rotate : Timer Complete
2026-04-23 20:39:38,637 : INFO : Timer.instrument_rotate : Stopping Timer
2026-04-23 20:39:38,637 : INFO : EventManager : Event: ======'timer_instrument_rotate_stopped'====== Args={'ticks': 1, 'ticks_remaining': 1}
2026-04-23 20:39:38,637 : INFO : EventManager : Event: ======'timer_instrument_rotate_complete'====== Args={'ticks': 1, 'ticks_remaining': 1}
2026-04-23 20:39:38,638 : INFO : EventManager : Event: ======'player_shot_middle_drop'====== Args={'value': 0, 'prev_value': 1, 'change': -1, 'player_num': 1}
2026-04-23 20:39:38,638 : INFO : EventManager : Event: ======'player_shot_top_drop'====== Args={'value': 1, 'prev_value': 0, 'change': 1, 'player_num': 1}
2026-04-23 20:39:38,638 : INFO : EventManager : Event: ======'player_instruments_instrument_rotate_tick'====== Args={'value': 0, 'prev_value': 1, 'change': -1, 'player_num': 1}
2026-04-23 20:39:38,639 : INFO : Timer.instrument_rotate : Starting Timer.
2026-04-23 20:39:38,639 : INFO : EventManager : Event: ======'timer_instrument_rotate_started'====== Args={'ticks': 0, 'ticks_remaining': 1}
2026-04-23 20:39:38,639 : INFO : EventManager : Event: ======'timer_instrument_rotate_tick'====== Args={'ticks': 0, 'ticks_remaining': 1}
2026-04-23 20:39:39,059 : INFO : EventManager : Event: ======'player_bodhivow_bodhisattvavow_time_remaining_tick'====== Args={'value': 31, 'prev_value': 32, 'change': -1, 'player_num': 1}
2026-04-23 20:39:39,060 : INFO : EventManager : Event: ======'timer_bodhisattvavow_time_remaining_tick'====== Args={'ticks': 31, 'ticks_remaining': 31}
2026-04-23 20:39:39,061 : INFO : EventManager : Event: ======'player_bodhisattvavow_time_remaining_variable_times_1'====== Args={'value': 31, 'prev_value': 32, 'change': -1, 'player_num': 1, 'source': 'bodhivow'}
2026-04-23 20:39:39,651 : INFO : EventManager : Event: ======'player_instruments_instrument_rotate_tick'====== Args={'value': 1, 'prev_value': 0, 'change': 1, 'player_num': 1}
2026-04-23 20:39:39,652 : INFO : Timer.instrument_rotate : Timer Complete
2026-04-23 20:39:39,652 : INFO : Timer.instrument_rotate : Stopping Timer
2026-04-23 20:39:39,653 : INFO : EventManager : Event: ======'timer_instrument_rotate_stopped'====== Args={'ticks': 1, 'ticks_remaining': 1}
2026-04-23 20:39:39,653 : INFO : EventManager : Event: ======'timer_instrument_rotate_complete'====== Args={'ticks': 1, 'ticks_remaining': 1}
2026-04-23 20:39:39,653 : INFO : EventManager : Event: ======'player_shot_bottom_drop'====== Args={'value': 1, 'prev_value': 0, 'change': 1, 'player_num': 1}
2026-04-23 20:39:39,654 : INFO : EventManager : Event: ======'player_shot_top_drop'====== Args={'value': 0, 'prev_value': 1, 'change': -1, 'player_num': 1}
2026-04-23 20:39:39,654 : INFO : EventManager : Event: ======'player_instruments_instrument_rotate_tick'====== Args={'value': 0, 'prev_value': 1, 'change': -1, 'player_num': 1}
2026-04-23 20:39:39,654 : INFO : Timer.instrument_rotate : Starting Timer.
2026-04-23 20:39:39,654 : INFO : EventManager : Event: ======'timer_instrument_rotate_started'====== Args={'ticks': 0, 'ticks_remaining': 1}
2026-04-23 20:39:39,654 : INFO : EventManager : Event: ======'timer_instrument_rotate_tick'====== Args={'ticks': 0, 'ticks_remaining': 1}
2026-04-23 20:39:40,059 : INFO : EventManager : Event: ======'player_bodhivow_bodhisattvavow_time_remaining_tick'====== Args={'value': 30, 'prev_value': 31, 'change': -1, 'player_num': 1}
2026-04-23 20:39:40,060 : INFO : EventManager : Event: ======'timer_bodhisattvavow_time_remaining_tick'====== Args={'ticks': 30, 'ticks_remaining': 30}
2026-04-23 20:39:40,061 : INFO : EventManager : Event: ======'player_bodhisattvavow_time_remaining_variable_times_1'====== Args={'value': 30, 'prev_value': 31, 'change': -1, 'player_num': 1, 'source': 'bodhivow'}
2026-04-23 20:39:40,666 : INFO : EventManager : Event: ======'player_instruments_instrument_rotate_tick'====== Args={'value': 1, 'prev_value': 0, 'change': 1, 'player_num': 1}
2026-04-23 20:39:40,667 : INFO : Timer.instrument_rotate : Timer Complete
2026-04-23 20:39:40,667 : INFO : Timer.instrument_rotate : Stopping Timer
2026-04-23 20:39:40,667 : INFO : EventManager : Event: ======'timer_instrument_rotate_stopped'====== Args={'ticks': 1, 'ticks_remaining': 1}
2026-04-23 20:39:40,667 : INFO : EventManager : Event: ======'timer_instrument_rotate_complete'====== Args={'ticks': 1, 'ticks_remaining': 1}
2026-04-23 20:39:40,668 : INFO : EventManager : Event: ======'player_shot_bottom_drop'====== Args={'value': 0, 'prev_value': 1, 'change': -1, 'player_num': 1}
2026-04-23 20:39:40,668 : INFO : EventManager : Event: ======'player_shot_middle_drop'====== Args={'value': 1, 'prev_value': 0, 'change': 1, 'player_num': 1}
2026-04-23 20:39:40,669 : INFO : EventManager : Event: ======'player_instruments_instrument_rotate_tick'====== Args={'value': 0, 'prev_value': 1, 'change': -1, 'player_num': 1}
2026-04-23 20:39:40,669 : INFO : Timer.instrument_rotate : Starting Timer.
2026-04-23 20:39:40,669 : INFO : EventManager : Event: ======'timer_instrument_rotate_started'====== Args={'ticks': 0, 'ticks_remaining': 1}
2026-04-23 20:39:40,669 : INFO : EventManager : Event: ======'timer_instrument_rotate_tick'====== Args={'ticks': 0, 'ticks_remaining': 1}
2026-04-23 20:39:41,057 : INFO : EventManager : Event: ======'player_bodhivow_bodhisattvavow_time_remaining_tick'====== Args={'value': 29, 'prev_value': 30, 'change': -1, 'player_num': 1}
2026-04-23 20:39:41,058 : INFO : EventManager : Event: ======'timer_bodhisattvavow_time_remaining_tick'====== Args={'ticks': 29, 'ticks_remaining': 29}
2026-04-23 20:39:41,058 : INFO : EventManager : Event: ======'player_bodhisattvavow_time_remaining_variable_times_1'====== Args={'value': 29, 'prev_value': 30, 'change': -1, 'player_num': 1, 'source': 'bodhivow'}
2026-04-23 20:39:41,670 : INFO : EventManager : Event: ======'player_instruments_instrument_rotate_tick'====== Args={'value': 1, 'prev_value': 0, 'change': 1, 'player_num': 1}
2026-04-23 20:39:41,671 : INFO : Timer.instrument_rotate : Timer Complete
2026-04-23 20:39:41,671 : INFO : Timer.instrument_rotate : Stopping Timer
2026-04-23 20:39:41,671 : INFO : EventManager : Event: ======'timer_instrument_rotate_stopped'====== Args={'ticks': 1, 'ticks_remaining': 1}
2026-04-23 20:39:41,671 : INFO : EventManager : Event: ======'timer_instrument_rotate_complete'====== Args={'ticks': 1, 'ticks_remaining': 1}
2026-04-23 20:39:41,672 : INFO : EventManager : Event: ======'player_shot_middle_drop'====== Args={'value': 0, 'prev_value': 1, 'change': -1, 'player_num': 1}
2026-04-23 20:39:41,673 : INFO : EventManager : Event: ======'player_shot_top_drop'====== Args={'value': 1, 'prev_value': 0, 'change': 1, 'player_num': 1}
2026-04-23 20:39:41,673 : INFO : EventManager : Event: ======'player_instruments_instrument_rotate_tick'====== Args={'value': 0, 'prev_value': 1, 'change': -1, 'player_num': 1}
2026-04-23 20:39:41,673 : INFO : Timer.instrument_rotate : Starting Timer.
2026-04-23 20:39:41,673 : INFO : EventManager : Event: ======'timer_instrument_rotate_started'====== Args={'ticks': 0, 'ticks_remaining': 1}
2026-04-23 20:39:41,673 : INFO : EventManager : Event: ======'timer_instrument_rotate_tick'====== Args={'ticks': 0, 'ticks_remaining': 1}
2026-04-23 20:39:42,058 : INFO : EventManager : Event: ======'player_bodhivow_bodhisattvavow_time_remaining_tick'====== Args={'value': 28, 'prev_value': 29, 'change': -1, 'player_num': 1}
2026-04-23 20:39:42,059 : INFO : EventManager : Event: ======'timer_bodhisattvavow_time_remaining_tick'====== Args={'ticks': 28, 'ticks_remaining': 28}
2026-04-23 20:39:42,060 : INFO : EventManager : Event: ======'player_bodhisattvavow_time_remaining_variable_times_1'====== Args={'value': 28, 'prev_value': 29, 'change': -1, 'player_num': 1, 'source': 'bodhivow'}
2026-04-23 20:39:42,682 : INFO : EventManager : Event: ======'player_instruments_instrument_rotate_tick'====== Args={'value': 1, 'prev_value': 0, 'change': 1, 'player_num': 1}
2026-04-23 20:39:42,684 : INFO : Timer.instrument_rotate : Timer Complete
2026-04-23 20:39:42,684 : INFO : Timer.instrument_rotate : Stopping Timer
2026-04-23 20:39:42,684 : INFO : EventManager : Event: ======'timer_instrument_rotate_stopped'====== Args={'ticks': 1, 'ticks_remaining': 1}
2026-04-23 20:39:42,684 : INFO : EventManager : Event: ======'timer_instrument_rotate_complete'====== Args={'ticks': 1, 'ticks_remaining': 1}
2026-04-23 20:39:42,685 : INFO : EventManager : Event: ======'player_shot_bottom_drop'====== Args={'value': 1, 'prev_value': 0, 'change': 1, 'player_num': 1}
2026-04-23 20:39:42,685 : INFO : EventManager : Event: ======'player_shot_top_drop'====== Args={'value': 0, 'prev_value': 1, 'change': -1, 'player_num': 1}
2026-04-23 20:39:42,686 : INFO : EventManager : Event: ======'player_instruments_instrument_rotate_tick'====== Args={'value': 0, 'prev_value': 1, 'change': -1, 'player_num': 1}
2026-04-23 20:39:42,686 : INFO : Timer.instrument_rotate : Starting Timer.
2026-04-23 20:39:42,686 : INFO : EventManager : Event: ======'timer_instrument_rotate_started'====== Args={'ticks': 0, 'ticks_remaining': 1}
2026-04-23 20:39:42,686 : INFO : EventManager : Event: ======'timer_instrument_rotate_tick'====== Args={'ticks': 0, 'ticks_remaining': 1}
2026-04-23 20:39:43,069 : INFO : EventManager : Event: ======'player_bodhivow_bodhisattvavow_time_remaining_tick'====== Args={'value': 27, 'prev_value': 28, 'change': -1, 'player_num': 1}
2026-04-23 20:39:43,070 : INFO : EventManager : Event: ======'timer_bodhisattvavow_time_remaining_tick'====== Args={'ticks': 27, 'ticks_remaining': 27}
2026-04-23 20:39:43,071 : INFO : EventManager : Event: ======'player_bodhisattvavow_time_remaining_variable_times_1'====== Args={'value': 27, 'prev_value': 28, 'change': -1, 'player_num': 1, 'source': 'bodhivow'}
2026-04-23 20:39:43,695 : INFO : EventManager : Event: ======'player_instruments_instrument_rotate_tick'====== Args={'value': 1, 'prev_value': 0, 'change': 1, 'player_num': 1}
2026-04-23 20:39:43,696 : INFO : Timer.instrument_rotate : Timer Complete
2026-04-23 20:39:43,697 : INFO : Timer.instrument_rotate : Stopping Timer
2026-04-23 20:39:43,697 : INFO : EventManager : Event: ======'timer_instrument_rotate_stopped'====== Args={'ticks': 1, 'ticks_remaining': 1}
2026-04-23 20:39:43,697 : INFO : EventManager : Event: ======'timer_instrument_rotate_complete'====== Args={'ticks': 1, 'ticks_remaining': 1}
2026-04-23 20:39:43,697 : INFO : EventManager : Event: ======'player_shot_bottom_drop'====== Args={'value': 0, 'prev_value': 1, 'change': -1, 'player_num': 1}
2026-04-23 20:39:43,698 : INFO : EventManager : Event: ======'player_shot_middle_drop'====== Args={'value': 1, 'prev_value': 0, 'change': 1, 'player_num': 1}
2026-04-23 20:39:43,698 : INFO : EventManager : Event: ======'player_instruments_instrument_rotate_tick'====== Args={'value': 0, 'prev_value': 1, 'change': -1, 'player_num': 1}
2026-04-23 20:39:43,699 : INFO : Timer.instrument_rotate : Starting Timer.
2026-04-23 20:39:43,699 : INFO : EventManager : Event: ======'timer_instrument_rotate_started'====== Args={'ticks': 0, 'ticks_remaining': 1}
2026-04-23 20:39:43,699 : INFO : EventManager : Event: ======'timer_instrument_rotate_tick'====== Args={'ticks': 0, 'ticks_remaining': 1}
2026-04-23 20:39:44,068 : INFO : EventManager : Event: ======'player_bodhivow_bodhisattvavow_time_remaining_tick'====== Args={'value': 26, 'prev_value': 27, 'change': -1, 'player_num': 1}
2026-04-23 20:39:44,069 : INFO : EventManager : Event: ======'timer_bodhisattvavow_time_remaining_tick'====== Args={'ticks': 26, 'ticks_remaining': 26}
2026-04-23 20:39:44,070 : INFO : EventManager : Event: ======'player_bodhisattvavow_time_remaining_variable_times_1'====== Args={'value': 26, 'prev_value': 27, 'change': -1, 'player_num': 1, 'source': 'bodhivow'}
2026-04-23 20:39:44,708 : INFO : EventManager : Event: ======'player_instruments_instrument_rotate_tick'====== Args={'value': 1, 'prev_value': 0, 'change': 1, 'player_num': 1}
2026-04-23 20:39:44,709 : INFO : Timer.instrument_rotate : Timer Complete
2026-04-23 20:39:44,709 : INFO : Timer.instrument_rotate : Stopping Timer
2026-04-23 20:39:44,709 : INFO : EventManager : Event: ======'timer_instrument_rotate_stopped'====== Args={'ticks': 1, 'ticks_remaining': 1}
2026-04-23 20:39:44,710 : INFO : EventManager : Event: ======'timer_instrument_rotate_complete'====== Args={'ticks': 1, 'ticks_remaining': 1}
2026-04-23 20:39:44,710 : INFO : EventManager : Event: ======'player_shot_middle_drop'====== Args={'value': 0, 'prev_value': 1, 'change': -1, 'player_num': 1}
2026-04-23 20:39:44,710 : INFO : EventManager : Event: ======'player_shot_top_drop'====== Args={'value': 1, 'prev_value': 0, 'change': 1, 'player_num': 1}
2026-04-23 20:39:44,711 : INFO : EventManager : Event: ======'player_instruments_instrument_rotate_tick'====== Args={'value': 0, 'prev_value': 1, 'change': -1, 'player_num': 1}
2026-04-23 20:39:44,711 : INFO : Timer.instrument_rotate : Starting Timer.
2026-04-23 20:39:44,711 : INFO : EventManager : Event: ======'timer_instrument_rotate_started'====== Args={'ticks': 0, 'ticks_remaining': 1}
2026-04-23 20:39:44,711 : INFO : EventManager : Event: ======'timer_instrument_rotate_tick'====== Args={'ticks': 0, 'ticks_remaining': 1}
2026-04-23 20:39:45,063 : INFO : EventManager : Event: ======'player_bodhivow_bodhisattvavow_time_remaining_tick'====== Args={'value': 25, 'prev_value': 26, 'change': -1, 'player_num': 1}
2026-04-23 20:39:45,064 : INFO : EventManager : Event: ======'timer_bodhisattvavow_time_remaining_tick'====== Args={'ticks': 25, 'ticks_remaining': 25}
2026-04-23 20:39:45,065 : INFO : EventManager : Event: ======'player_bodhisattvavow_time_remaining_variable_times_1'====== Args={'value': 25, 'prev_value': 26, 'change': -1, 'player_num': 1, 'source': 'bodhivow'}
2026-04-23 20:39:45,720 : INFO : EventManager : Event: ======'player_instruments_instrument_rotate_tick'====== Args={'value': 1, 'prev_value': 0, 'change': 1, 'player_num': 1}
2026-04-23 20:39:45,721 : INFO : Timer.instrument_rotate : Timer Complete
2026-04-23 20:39:45,721 : INFO : Timer.instrument_rotate : Stopping Timer
2026-04-23 20:39:45,721 : INFO : EventManager : Event: ======'timer_instrument_rotate_stopped'====== Args={'ticks': 1, 'ticks_remaining': 1}
2026-04-23 20:39:45,721 : INFO : EventManager : Event: ======'timer_instrument_rotate_complete'====== Args={'ticks': 1, 'ticks_remaining': 1}
2026-04-23 20:39:45,722 : INFO : EventManager : Event: ======'player_shot_bottom_drop'====== Args={'value': 1, 'prev_value': 0, 'change': 1, 'player_num': 1}
2026-04-23 20:39:45,722 : INFO : EventManager : Event: ======'player_shot_top_drop'====== Args={'value': 0, 'prev_value': 1, 'change': -1, 'player_num': 1}
2026-04-23 20:39:45,723 : INFO : EventManager : Event: ======'player_instruments_instrument_rotate_tick'====== Args={'value': 0, 'prev_value': 1, 'change': -1, 'player_num': 1}
2026-04-23 20:39:45,723 : INFO : Timer.instrument_rotate : Starting Timer.
2026-04-23 20:39:45,723 : INFO : EventManager : Event: ======'timer_instrument_rotate_started'====== Args={'ticks': 0, 'ticks_remaining': 1}
2026-04-23 20:39:45,723 : INFO : EventManager : Event: ======'timer_instrument_rotate_tick'====== Args={'ticks': 0, 'ticks_remaining': 1}
2026-04-23 20:39:46,065 : INFO : EventManager : Event: ======'player_bodhivow_bodhisattvavow_time_remaining_tick'====== Args={'value': 24, 'prev_value': 25, 'change': -1, 'player_num': 1}
2026-04-23 20:39:46,066 : INFO : EventManager : Event: ======'timer_bodhisattvavow_time_remaining_tick'====== Args={'ticks': 24, 'ticks_remaining': 24}
2026-04-23 20:39:46,067 : INFO : EventManager : Event: ======'player_bodhisattvavow_time_remaining_variable_times_1'====== Args={'value': 24, 'prev_value': 25, 'change': -1, 'player_num': 1, 'source': 'bodhivow'}
2026-04-23 20:39:46,724 : INFO : EventManager : Event: ======'player_instruments_instrument_rotate_tick'====== Args={'value': 1, 'prev_value': 0, 'change': 1, 'player_num': 1}
2026-04-23 20:39:46,725 : INFO : Timer.instrument_rotate : Timer Complete
2026-04-23 20:39:46,725 : INFO : Timer.instrument_rotate : Stopping Timer
2026-04-23 20:39:46,725 : INFO : EventManager : Event: ======'timer_instrument_rotate_stopped'====== Args={'ticks': 1, 'ticks_remaining': 1}
2026-04-23 20:39:46,725 : INFO : EventManager : Event: ======'timer_instrument_rotate_complete'====== Args={'ticks': 1, 'ticks_remaining': 1}
2026-04-23 20:39:46,726 : INFO : EventManager : Event: ======'player_shot_bottom_drop'====== Args={'value': 0, 'prev_value': 1, 'change': -1, 'player_num': 1}
2026-04-23 20:39:46,726 : INFO : EventManager : Event: ======'player_shot_middle_drop'====== Args={'value': 1, 'prev_value': 0, 'change': 1, 'player_num': 1}
2026-04-23 20:39:46,727 : INFO : EventManager : Event: ======'player_instruments_instrument_rotate_tick'====== Args={'value': 0, 'prev_value': 1, 'change': -1, 'player_num': 1}
2026-04-23 20:39:46,727 : INFO : Timer.instrument_rotate : Starting Timer.
2026-04-23 20:39:46,727 : INFO : EventManager : Event: ======'timer_instrument_rotate_started'====== Args={'ticks': 0, 'ticks_remaining': 1}
2026-04-23 20:39:46,727 : INFO : EventManager : Event: ======'timer_instrument_rotate_tick'====== Args={'ticks': 0, 'ticks_remaining': 1}
2026-04-23 20:39:47,066 : INFO : EventManager : Event: ======'player_bodhivow_bodhisattvavow_time_remaining_tick'====== Args={'value': 23, 'prev_value': 24, 'change': -1, 'player_num': 1}
2026-04-23 20:39:47,067 : INFO : EventManager : Event: ======'timer_bodhisattvavow_time_remaining_tick'====== Args={'ticks': 23, 'ticks_remaining': 23}
2026-04-23 20:39:47,068 : INFO : EventManager : Event: ======'player_bodhisattvavow_time_remaining_variable_times_1'====== Args={'value': 23, 'prev_value': 24, 'change': -1, 'player_num': 1, 'source': 'bodhivow'}
2026-04-23 20:39:47,739 : INFO : EventManager : Event: ======'player_instruments_instrument_rotate_tick'====== Args={'value': 1, 'prev_value': 0, 'change': 1, 'player_num': 1}
2026-04-23 20:39:47,740 : INFO : Timer.instrument_rotate : Timer Complete
2026-04-23 20:39:47,740 : INFO : Timer.instrument_rotate : Stopping Timer
2026-04-23 20:39:47,740 : INFO : EventManager : Event: ======'timer_instrument_rotate_stopped'====== Args={'ticks': 1, 'ticks_remaining': 1}
2026-04-23 20:39:47,740 : INFO : EventManager : Event: ======'timer_instrument_rotate_complete'====== Args={'ticks': 1, 'ticks_remaining': 1}
2026-04-23 20:39:47,740 : INFO : EventManager : Event: ======'player_shot_middle_drop'====== Args={'value': 0, 'prev_value': 1, 'change': -1, 'player_num': 1}
2026-04-23 20:39:47,740 : INFO : EventManager : Event: ======'player_shot_top_drop'====== Args={'value': 1, 'prev_value': 0, 'change': 1, 'player_num': 1}
2026-04-23 20:39:47,741 : INFO : EventManager : Event: ======'player_instruments_instrument_rotate_tick'====== Args={'value': 0, 'prev_value': 1, 'change': -1, 'player_num': 1}
2026-04-23 20:39:47,741 : INFO : Timer.instrument_rotate : Starting Timer.
2026-04-23 20:39:47,741 : INFO : EventManager : Event: ======'timer_instrument_rotate_started'====== Args={'ticks': 0, 'ticks_remaining': 1}
2026-04-23 20:39:47,741 : INFO : EventManager : Event: ======'timer_instrument_rotate_tick'====== Args={'ticks': 0, 'ticks_remaining': 1}
2026-04-23 20:39:48,067 : INFO : EventManager : Event: ======'player_bodhivow_bodhisattvavow_time_remaining_tick'====== Args={'value': 22, 'prev_value': 23, 'change': -1, 'player_num': 1}
2026-04-23 20:39:48,068 : INFO : EventManager : Event: ======'timer_bodhisattvavow_time_remaining_tick'====== Args={'ticks': 22, 'ticks_remaining': 22}
2026-04-23 20:39:48,069 : INFO : EventManager : Event: ======'player_bodhisattvavow_time_remaining_variable_times_1'====== Args={'value': 22, 'prev_value': 23, 'change': -1, 'player_num': 1, 'source': 'bodhivow'}
2026-04-23 20:39:48,752 : INFO : EventManager : Event: ======'player_instruments_instrument_rotate_tick'====== Args={'value': 1, 'prev_value': 0, 'change': 1, 'player_num': 1}
2026-04-23 20:39:48,753 : INFO : Timer.instrument_rotate : Timer Complete
2026-04-23 20:39:48,754 : INFO : Timer.instrument_rotate : Stopping Timer
2026-04-23 20:39:48,754 : INFO : EventManager : Event: ======'timer_instrument_rotate_stopped'====== Args={'ticks': 1, 'ticks_remaining': 1}
2026-04-23 20:39:48,754 : INFO : EventManager : Event: ======'timer_instrument_rotate_complete'====== Args={'ticks': 1, 'ticks_remaining': 1}
2026-04-23 20:39:48,755 : INFO : EventManager : Event: ======'player_shot_bottom_drop'====== Args={'value': 1, 'prev_value': 0, 'change': 1, 'player_num': 1}
2026-04-23 20:39:48,756 : INFO : EventManager : Event: ======'player_shot_top_drop'====== Args={'value': 0, 'prev_value': 1, 'change': -1, 'player_num': 1}
2026-04-23 20:39:48,756 : INFO : EventManager : Event: ======'player_instruments_instrument_rotate_tick'====== Args={'value': 0, 'prev_value': 1, 'change': -1, 'player_num': 1}
2026-04-23 20:39:48,756 : INFO : Timer.instrument_rotate : Starting Timer.
2026-04-23 20:39:48,756 : INFO : EventManager : Event: ======'timer_instrument_rotate_started'====== Args={'ticks': 0, 'ticks_remaining': 1}
2026-04-23 20:39:48,757 : INFO : EventManager : Event: ======'timer_instrument_rotate_tick'====== Args={'ticks': 0, 'ticks_remaining': 1}
2026-04-23 20:39:49,065 : INFO : EventManager : Event: ======'player_bodhivow_bodhisattvavow_time_remaining_tick'====== Args={'value': 21, 'prev_value': 22, 'change': -1, 'player_num': 1}
2026-04-23 20:39:49,066 : INFO : EventManager : Event: ======'timer_bodhisattvavow_time_remaining_tick'====== Args={'ticks': 21, 'ticks_remaining': 21}
2026-04-23 20:39:49,067 : INFO : EventManager : Event: ======'player_bodhisattvavow_time_remaining_variable_times_1'====== Args={'value': 21, 'prev_value': 22, 'change': -1, 'player_num': 1, 'source': 'bodhivow'}
2026-04-23 20:39:49,766 : INFO : EventManager : Event: ======'player_instruments_instrument_rotate_tick'====== Args={'value': 1, 'prev_value': 0, 'change': 1, 'player_num': 1}
2026-04-23 20:39:49,767 : INFO : Timer.instrument_rotate : Timer Complete
2026-04-23 20:39:49,767 : INFO : Timer.instrument_rotate : Stopping Timer
2026-04-23 20:39:49,767 : INFO : EventManager : Event: ======'timer_instrument_rotate_stopped'====== Args={'ticks': 1, 'ticks_remaining': 1}
2026-04-23 20:39:49,767 : INFO : EventManager : Event: ======'timer_instrument_rotate_complete'====== Args={'ticks': 1, 'ticks_remaining': 1}
2026-04-23 20:39:49,768 : INFO : EventManager : Event: ======'player_shot_bottom_drop'====== Args={'value': 0, 'prev_value': 1, 'change': -1, 'player_num': 1}
2026-04-23 20:39:49,768 : INFO : EventManager : Event: ======'player_shot_middle_drop'====== Args={'value': 1, 'prev_value': 0, 'change': 1, 'player_num': 1}
2026-04-23 20:39:49,769 : INFO : EventManager : Event: ======'player_instruments_instrument_rotate_tick'====== Args={'value': 0, 'prev_value': 1, 'change': -1, 'player_num': 1}
2026-04-23 20:39:49,769 : INFO : Timer.instrument_rotate : Starting Timer.
2026-04-23 20:39:49,769 : INFO : EventManager : Event: ======'timer_instrument_rotate_started'====== Args={'ticks': 0, 'ticks_remaining': 1}
2026-04-23 20:39:49,769 : INFO : EventManager : Event: ======'timer_instrument_rotate_tick'====== Args={'ticks': 0, 'ticks_remaining': 1}
2026-04-23 20:39:50,065 : INFO : EventManager : Event: ======'player_bodhivow_bodhisattvavow_time_remaining_tick'====== Args={'value': 20, 'prev_value': 21, 'change': -1, 'player_num': 1}
2026-04-23 20:39:50,066 : INFO : EventManager : Event: ======'timer_bodhisattvavow_time_remaining_tick'====== Args={'ticks': 20, 'ticks_remaining': 20}
2026-04-23 20:39:50,068 : INFO : EventManager : Event: ======'player_bodhisattvavow_time_remaining_variable_times_1'====== Args={'value': 20, 'prev_value': 21, 'change': -1, 'player_num': 1, 'source': 'bodhivow'}
2026-04-23 20:39:50,783 : INFO : EventManager : Event: ======'player_instruments_instrument_rotate_tick'====== Args={'value': 1, 'prev_value': 0, 'change': 1, 'player_num': 1}
2026-04-23 20:39:50,784 : INFO : Timer.instrument_rotate : Timer Complete
2026-04-23 20:39:50,784 : INFO : Timer.instrument_rotate : Stopping Timer
2026-04-23 20:39:50,785 : INFO : EventManager : Event: ======'timer_instrument_rotate_stopped'====== Args={'ticks': 1, 'ticks_remaining': 1}
2026-04-23 20:39:50,785 : INFO : EventManager : Event: ======'timer_instrument_rotate_complete'====== Args={'ticks': 1, 'ticks_remaining': 1}
2026-04-23 20:39:50,785 : INFO : EventManager : Event: ======'player_shot_middle_drop'====== Args={'value': 0, 'prev_value': 1, 'change': -1, 'player_num': 1}
2026-04-23 20:39:50,785 : INFO : EventManager : Event: ======'player_shot_top_drop'====== Args={'value': 1, 'prev_value': 0, 'change': 1, 'player_num': 1}
2026-04-23 20:39:50,786 : INFO : EventManager : Event: ======'player_instruments_instrument_rotate_tick'====== Args={'value': 0, 'prev_value': 1, 'change': -1, 'player_num': 1}
2026-04-23 20:39:50,786 : INFO : Timer.instrument_rotate : Starting Timer.
2026-04-23 20:39:50,786 : INFO : EventManager : Event: ======'timer_instrument_rotate_started'====== Args={'ticks': 0, 'ticks_remaining': 1}
2026-04-23 20:39:50,787 : INFO : EventManager : Event: ======'timer_instrument_rotate_tick'====== Args={'ticks': 0, 'ticks_remaining': 1}
2026-04-23 20:39:51,064 : INFO : EventManager : Event: ======'player_bodhivow_bodhisattvavow_time_remaining_tick'====== Args={'value': 19, 'prev_value': 20, 'change': -1, 'player_num': 1}
2026-04-23 20:39:51,066 : INFO : EventManager : Event: ======'timer_bodhisattvavow_time_remaining_tick'====== Args={'ticks': 19, 'ticks_remaining': 19}
2026-04-23 20:39:51,067 : INFO : EventManager : Event: ======'player_bodhisattvavow_time_remaining_variable_times_1'====== Args={'value': 19, 'prev_value': 20, 'change': -1, 'player_num': 1, 'source': 'bodhivow'}
2026-04-23 20:39:51,799 : INFO : EventManager : Event: ======'player_instruments_instrument_rotate_tick'====== Args={'value': 1, 'prev_value': 0, 'change': 1, 'player_num': 1}
2026-04-23 20:39:51,800 : INFO : Timer.instrument_rotate : Timer Complete
2026-04-23 20:39:51,800 : INFO : Timer.instrument_rotate : Stopping Timer
2026-04-23 20:39:51,801 : INFO : EventManager : Event: ======'timer_instrument_rotate_stopped'====== Args={'ticks': 1, 'ticks_remaining': 1}
2026-04-23 20:39:51,801 : INFO : EventManager : Event: ======'timer_instrument_rotate_complete'====== Args={'ticks': 1, 'ticks_remaining': 1}
2026-04-23 20:39:51,801 : INFO : EventManager : Event: ======'player_shot_bottom_drop'====== Args={'value': 1, 'prev_value': 0, 'change': 1, 'player_num': 1}
2026-04-23 20:39:51,802 : INFO : EventManager : Event: ======'player_shot_top_drop'====== Args={'value': 0, 'prev_value': 1, 'change': -1, 'player_num': 1}
2026-04-23 20:39:51,802 : INFO : EventManager : Event: ======'player_instruments_instrument_rotate_tick'====== Args={'value': 0, 'prev_value': 1, 'change': -1, 'player_num': 1}
2026-04-23 20:39:51,802 : INFO : Timer.instrument_rotate : Starting Timer.
2026-04-23 20:39:51,802 : INFO : EventManager : Event: ======'timer_instrument_rotate_started'====== Args={'ticks': 0, 'ticks_remaining': 1}
2026-04-23 20:39:51,803 : INFO : EventManager : Event: ======'timer_instrument_rotate_tick'====== Args={'ticks': 0, 'ticks_remaining': 1}
2026-04-23 20:39:52,065 : INFO : EventManager : Event: ======'player_bodhivow_bodhisattvavow_time_remaining_tick'====== Args={'value': 18, 'prev_value': 19, 'change': -1, 'player_num': 1}
2026-04-23 20:39:52,066 : INFO : EventManager : Event: ======'timer_bodhisattvavow_time_remaining_tick'====== Args={'ticks': 18, 'ticks_remaining': 18}
2026-04-23 20:39:52,068 : INFO : EventManager : Event: ======'player_bodhisattvavow_time_remaining_variable_times_1'====== Args={'value': 18, 'prev_value': 19, 'change': -1, 'player_num': 1, 'source': 'bodhivow'}
2026-04-23 20:39:52,816 : INFO : EventManager : Event: ======'player_instruments_instrument_rotate_tick'====== Args={'value': 1, 'prev_value': 0, 'change': 1, 'player_num': 1}
2026-04-23 20:39:52,817 : INFO : Timer.instrument_rotate : Timer Complete
2026-04-23 20:39:52,818 : INFO : Timer.instrument_rotate : Stopping Timer
2026-04-23 20:39:52,818 : INFO : EventManager : Event: ======'timer_instrument_rotate_stopped'====== Args={'ticks': 1, 'ticks_remaining': 1}
2026-04-23 20:39:52,818 : INFO : EventManager : Event: ======'timer_instrument_rotate_complete'====== Args={'ticks': 1, 'ticks_remaining': 1}
2026-04-23 20:39:52,818 : INFO : EventManager : Event: ======'player_shot_bottom_drop'====== Args={'value': 0, 'prev_value': 1, 'change': -1, 'player_num': 1}
2026-04-23 20:39:52,819 : INFO : EventManager : Event: ======'player_shot_middle_drop'====== Args={'value': 1, 'prev_value': 0, 'change': 1, 'player_num': 1}
2026-04-23 20:39:52,819 : INFO : EventManager : Event: ======'player_instruments_instrument_rotate_tick'====== Args={'value': 0, 'prev_value': 1, 'change': -1, 'player_num': 1}
2026-04-23 20:39:52,820 : INFO : Timer.instrument_rotate : Starting Timer.
2026-04-23 20:39:52,820 : INFO : EventManager : Event: ======'timer_instrument_rotate_started'====== Args={'ticks': 0, 'ticks_remaining': 1}
2026-04-23 20:39:52,820 : INFO : EventManager : Event: ======'timer_instrument_rotate_tick'====== Args={'ticks': 0, 'ticks_remaining': 1}
2026-04-23 20:39:53,066 : INFO : EventManager : Event: ======'player_bodhivow_bodhisattvavow_time_remaining_tick'====== Args={'value': 17, 'prev_value': 18, 'change': -1, 'player_num': 1}
2026-04-23 20:39:53,067 : INFO : EventManager : Event: ======'timer_bodhisattvavow_time_remaining_tick'====== Args={'ticks': 17, 'ticks_remaining': 17}
2026-04-23 20:39:53,068 : INFO : EventManager : Event: ======'player_bodhisattvavow_time_remaining_variable_times_1'====== Args={'value': 17, 'prev_value': 18, 'change': -1, 'player_num': 1, 'source': 'bodhivow'}
2026-04-23 20:39:53,831 : INFO : EventManager : Event: ======'player_instruments_instrument_rotate_tick'====== Args={'value': 1, 'prev_value': 0, 'change': 1, 'player_num': 1}
2026-04-23 20:39:53,832 : INFO : Timer.instrument_rotate : Timer Complete
2026-04-23 20:39:53,832 : INFO : Timer.instrument_rotate : Stopping Timer
2026-04-23 20:39:53,832 : INFO : EventManager : Event: ======'timer_instrument_rotate_stopped'====== Args={'ticks': 1, 'ticks_remaining': 1}
2026-04-23 20:39:53,832 : INFO : EventManager : Event: ======'timer_instrument_rotate_complete'====== Args={'ticks': 1, 'ticks_remaining': 1}
2026-04-23 20:39:53,833 : INFO : EventManager : Event: ======'player_shot_middle_drop'====== Args={'value': 0, 'prev_value': 1, 'change': -1, 'player_num': 1}
2026-04-23 20:39:53,833 : INFO : EventManager : Event: ======'player_shot_top_drop'====== Args={'value': 1, 'prev_value': 0, 'change': 1, 'player_num': 1}
2026-04-23 20:39:53,834 : INFO : EventManager : Event: ======'player_instruments_instrument_rotate_tick'====== Args={'value': 0, 'prev_value': 1, 'change': -1, 'player_num': 1}
2026-04-23 20:39:53,834 : INFO : Timer.instrument_rotate : Starting Timer.
2026-04-23 20:39:53,834 : INFO : EventManager : Event: ======'timer_instrument_rotate_started'====== Args={'ticks': 0, 'ticks_remaining': 1}
2026-04-23 20:39:53,834 : INFO : EventManager : Event: ======'timer_instrument_rotate_tick'====== Args={'ticks': 0, 'ticks_remaining': 1}
2026-04-23 20:39:54,064 : INFO : EventManager : Event: ======'player_bodhivow_bodhisattvavow_time_remaining_tick'====== Args={'value': 16, 'prev_value': 17, 'change': -1, 'player_num': 1}
2026-04-23 20:39:54,066 : INFO : EventManager : Event: ======'timer_bodhisattvavow_time_remaining_tick'====== Args={'ticks': 16, 'ticks_remaining': 16}
2026-04-23 20:39:54,067 : INFO : EventManager : Event: ======'player_bodhisattvavow_time_remaining_variable_times_1'====== Args={'value': 16, 'prev_value': 17, 'change': -1, 'player_num': 1, 'source': 'bodhivow'}
2026-04-23 20:39:54,844 : INFO : EventManager : Event: ======'player_instruments_instrument_rotate_tick'====== Args={'value': 1, 'prev_value': 0, 'change': 1, 'player_num': 1}
2026-04-23 20:39:54,845 : INFO : Timer.instrument_rotate : Timer Complete
2026-04-23 20:39:54,846 : INFO : Timer.instrument_rotate : Stopping Timer
2026-04-23 20:39:54,846 : INFO : EventManager : Event: ======'timer_instrument_rotate_stopped'====== Args={'ticks': 1, 'ticks_remaining': 1}
2026-04-23 20:39:54,846 : INFO : EventManager : Event: ======'timer_instrument_rotate_complete'====== Args={'ticks': 1, 'ticks_remaining': 1}
2026-04-23 20:39:54,847 : INFO : EventManager : Event: ======'player_shot_bottom_drop'====== Args={'value': 1, 'prev_value': 0, 'change': 1, 'player_num': 1}
2026-04-23 20:39:54,847 : INFO : EventManager : Event: ======'player_shot_top_drop'====== Args={'value': 0, 'prev_value': 1, 'change': -1, 'player_num': 1}
2026-04-23 20:39:54,847 : INFO : EventManager : Event: ======'player_instruments_instrument_rotate_tick'====== Args={'value': 0, 'prev_value': 1, 'change': -1, 'player_num': 1}
2026-04-23 20:39:54,848 : INFO : Timer.instrument_rotate : Starting Timer.
2026-04-23 20:39:54,848 : INFO : EventManager : Event: ======'timer_instrument_rotate_started'====== Args={'ticks': 0, 'ticks_remaining': 1}
2026-04-23 20:39:54,848 : INFO : EventManager : Event: ======'timer_instrument_rotate_tick'====== Args={'ticks': 0, 'ticks_remaining': 1}
2026-04-23 20:39:55,061 : INFO : EventManager : Event: ======'player_bodhivow_bodhisattvavow_time_remaining_tick'====== Args={'value': 15, 'prev_value': 16, 'change': -1, 'player_num': 1}
2026-04-23 20:39:55,062 : INFO : EventManager : Event: ======'timer_bodhisattvavow_time_remaining_tick'====== Args={'ticks': 15, 'ticks_remaining': 15}
2026-04-23 20:39:55,063 : INFO : EventManager : Event: ======'player_bodhisattvavow_time_remaining_variable_times_1'====== Args={'value': 15, 'prev_value': 16, 'change': -1, 'player_num': 1, 'source': 'bodhivow'}
2026-04-23 20:39:55,671 : INFO : SwitchController : <<<<<<< 's_right_ramp' active >>>>>>>
2026-04-23 20:39:55,671 : INFO : EventManager : Event: ======'s_right_ramp_active'====== Args={}
2026-04-23 20:39:55,672 : INFO : EventManager : Event: ======'machine_var_audits_switches_s_right_ramp'====== Args={'value': 143, 'prev_value': 142, 'change': 1}
2026-04-23 20:39:55,674 : INFO : EventManager : Event: ======'machine_var_audits_shots_right_ramp'====== Args={'value': 134, 'prev_value': 133, 'change': 1}
2026-04-23 20:39:55,674 : INFO : EventManager : Event: ======'right_ramp_hit'====== Args={'profile': 'base_shot_profile', 'state': 'off', 'advancing': False}
2026-04-23 20:39:55,675 : INFO : EventManager : Event: ======'right_ramp_base_shot_profile_hit'====== Args={'profile': 'base_shot_profile', 'state': 'off', 'advancing': False}
2026-04-23 20:39:55,675 : INFO : EventManager : Event: ======'right_ramp_base_shot_profile_off_hit'====== Args={'profile': 'base_shot_profile', 'state': 'off', 'advancing': False}
2026-04-23 20:39:55,675 : INFO : EventManager : Event: ======'right_ramp_off_hit'====== Args={'profile': 'base_shot_profile', 'state': 'off', 'advancing': False}
2026-04-23 20:39:55,676 : INFO : EventManager : Event: ======'logicblock_bodhisattvavow_area3_counter_updated'====== Args={'value': 5, 'enabled': True}
2026-04-23 20:39:55,676 : INFO : EventManager : Event: ======'counter_bodhisattvavow_area3_counter_hit'====== Args={'count': 5, 'hits': 4, 'remaining': 0}
2026-04-23 20:39:55,676 : INFO : EventManager : Event: ======'logicblock_bodhisattvavow_area3_counter_hit'====== Args={'count': 5, 'hits': 4, 'remaining': 0}
2026-04-23 20:39:55,676 : INFO : EventManager : Event: ======'bodhisattvavow_area3_counter_complete'====== Args={}
2026-04-23 20:39:55,676 : INFO : EventManager : Event: ======'logicblock_bodhisattvavow_area3_counter_updated'====== Args={'value': 1, 'enabled': True}
2026-04-23 20:39:55,677 : INFO : EventManager : Event: ======'player_score'====== Args={'value': 42084160, 'prev_value': 42081150, 'change': 3010, 'player_num': 1, 'source': 'base'}
2026-04-23 20:39:55,678 : INFO : EventManager : Event: ======'logicblock_bodhisattvavow_area3_counter_updated'====== Args={'value': 1, 'enabled': True}
2026-04-23 20:39:55,678 : INFO : EventManager : Event: ======'logicblock_bodhisattvavow_area3_counter_updated'====== Args={'value': 1, 'enabled': True}
2026-04-23 20:39:55,678 : INFO : EventManager : Event: ======'add_bodhisattvavow_time_10s'====== Args={'priority': 0}
2026-04-23 20:39:55,678 : INFO : EventManager : Event: ======'player_bodhivow_bodhisattvavow_time_remaining_tick'====== Args={'value': 25, 'prev_value': 15, 'change': 10, 'player_num': 1}
2026-04-23 20:39:55,678 : INFO : EventManager : Event: ======'timer_bodhisattvavow_time_remaining_time_added'====== Args={'ticks': 25, 'ticks_added': 15, 'ticks_remaining': 15}
2026-04-23 20:39:55,733 : INFO : SwitchController : <<<<<<< 's_right_ramp' inactive >>>>>>>
2026-04-23 20:39:55,858 : INFO : EventManager : Event: ======'player_instruments_instrument_rotate_tick'====== Args={'value': 1, 'prev_value': 0, 'change': 1, 'player_num': 1}
2026-04-23 20:39:55,859 : INFO : Timer.instrument_rotate : Timer Complete
2026-04-23 20:39:55,859 : INFO : Timer.instrument_rotate : Stopping Timer
2026-04-23 20:39:55,859 : INFO : EventManager : Event: ======'timer_instrument_rotate_stopped'====== Args={'ticks': 1, 'ticks_remaining': 1}
2026-04-23 20:39:55,859 : INFO : EventManager : Event: ======'timer_instrument_rotate_complete'====== Args={'ticks': 1, 'ticks_remaining': 1}
2026-04-23 20:39:55,860 : INFO : EventManager : Event: ======'player_shot_bottom_drop'====== Args={'value': 0, 'prev_value': 1, 'change': -1, 'player_num': 1}
2026-04-23 20:39:55,860 : INFO : EventManager : Event: ======'player_shot_middle_drop'====== Args={'value': 1, 'prev_value': 0, 'change': 1, 'player_num': 1}
2026-04-23 20:39:55,861 : INFO : EventManager : Event: ======'player_instruments_instrument_rotate_tick'====== Args={'value': 0, 'prev_value': 1, 'change': -1, 'player_num': 1}
2026-04-23 20:39:55,861 : INFO : Timer.instrument_rotate : Starting Timer.
2026-04-23 20:39:55,861 : INFO : EventManager : Event: ======'timer_instrument_rotate_started'====== Args={'ticks': 0, 'ticks_remaining': 1}
2026-04-23 20:39:55,861 : INFO : EventManager : Event: ======'timer_instrument_rotate_tick'====== Args={'ticks': 0, 'ticks_remaining': 1}
2026-04-23 20:39:56,062 : INFO : EventManager : Event: ======'player_bodhivow_bodhisattvavow_time_remaining_tick'====== Args={'value': 24, 'prev_value': 25, 'change': -1, 'player_num': 1}
2026-04-23 20:39:56,063 : INFO : EventManager : Event: ======'timer_bodhisattvavow_time_remaining_tick'====== Args={'ticks': 24, 'ticks_remaining': 24}
2026-04-23 20:39:56,063 : INFO : EventManager : Event: ======'player_bodhisattvavow_time_remaining_variable_times_1'====== Args={'value': 24, 'prev_value': 15, 'change': 9, 'player_num': 1, 'source': 'bodhivow'}
2026-04-23 20:39:56,875 : INFO : EventManager : Event: ======'player_instruments_instrument_rotate_tick'====== Args={'value': 1, 'prev_value': 0, 'change': 1, 'player_num': 1}
2026-04-23 20:39:56,876 : INFO : Timer.instrument_rotate : Timer Complete
2026-04-23 20:39:56,876 : INFO : Timer.instrument_rotate : Stopping Timer
2026-04-23 20:39:56,876 : INFO : EventManager : Event: ======'timer_instrument_rotate_stopped'====== Args={'ticks': 1, 'ticks_remaining': 1}
2026-04-23 20:39:56,877 : INFO : EventManager : Event: ======'timer_instrument_rotate_complete'====== Args={'ticks': 1, 'ticks_remaining': 1}
2026-04-23 20:39:56,877 : INFO : EventManager : Event: ======'player_shot_middle_drop'====== Args={'value': 0, 'prev_value': 1, 'change': -1, 'player_num': 1}
2026-04-23 20:39:56,878 : INFO : EventManager : Event: ======'player_shot_top_drop'====== Args={'value': 1, 'prev_value': 0, 'change': 1, 'player_num': 1}
2026-04-23 20:39:56,878 : INFO : EventManager : Event: ======'player_instruments_instrument_rotate_tick'====== Args={'value': 0, 'prev_value': 1, 'change': -1, 'player_num': 1}
2026-04-23 20:39:56,878 : INFO : Timer.instrument_rotate : Starting Timer.
2026-04-23 20:39:56,879 : INFO : EventManager : Event: ======'timer_instrument_rotate_started'====== Args={'ticks': 0, 'ticks_remaining': 1}
2026-04-23 20:39:56,879 : INFO : EventManager : Event: ======'timer_instrument_rotate_tick'====== Args={'ticks': 0, 'ticks_remaining': 1}
2026-04-23 20:39:57,061 : INFO : EventManager : Event: ======'player_bodhivow_bodhisattvavow_time_remaining_tick'====== Args={'value': 23, 'prev_value': 24, 'change': -1, 'player_num': 1}
2026-04-23 20:39:57,063 : INFO : EventManager : Event: ======'timer_bodhisattvavow_time_remaining_tick'====== Args={'ticks': 23, 'ticks_remaining': 23}
2026-04-23 20:39:57,063 : INFO : EventManager : Event: ======'player_bodhisattvavow_time_remaining_variable_times_1'====== Args={'value': 23, 'prev_value': 24, 'change': -1, 'player_num': 1, 'source': 'bodhivow'}
2026-04-23 20:39:57,886 : INFO : EventManager : Event: ======'player_instruments_instrument_rotate_tick'====== Args={'value': 1, 'prev_value': 0, 'change': 1, 'player_num': 1}
2026-04-23 20:39:57,887 : INFO : Timer.instrument_rotate : Timer Complete
2026-04-23 20:39:57,887 : INFO : Timer.instrument_rotate : Stopping Timer
2026-04-23 20:39:57,887 : INFO : EventManager : Event: ======'timer_instrument_rotate_stopped'====== Args={'ticks': 1, 'ticks_remaining': 1}
2026-04-23 20:39:57,887 : INFO : EventManager : Event: ======'timer_instrument_rotate_complete'====== Args={'ticks': 1, 'ticks_remaining': 1}
2026-04-23 20:39:57,888 : INFO : EventManager : Event: ======'player_shot_bottom_drop'====== Args={'value': 1, 'prev_value': 0, 'change': 1, 'player_num': 1}
2026-04-23 20:39:57,889 : INFO : EventManager : Event: ======'player_shot_top_drop'====== Args={'value': 0, 'prev_value': 1, 'change': -1, 'player_num': 1}
2026-04-23 20:39:57,890 : INFO : EventManager : Event: ======'player_instruments_instrument_rotate_tick'====== Args={'value': 0, 'prev_value': 1, 'change': -1, 'player_num': 1}
2026-04-23 20:39:57,890 : INFO : Timer.instrument_rotate : Starting Timer.
2026-04-23 20:39:57,890 : INFO : EventManager : Event: ======'timer_instrument_rotate_started'====== Args={'ticks': 0, 'ticks_remaining': 1}
2026-04-23 20:39:57,890 : INFO : EventManager : Event: ======'timer_instrument_rotate_tick'====== Args={'ticks': 0, 'ticks_remaining': 1}
2026-04-23 20:39:58,057 : INFO : EventManager : Event: ======'player_bodhivow_bodhisattvavow_time_remaining_tick'====== Args={'value': 22, 'prev_value': 23, 'change': -1, 'player_num': 1}
2026-04-23 20:39:58,059 : INFO : EventManager : Event: ======'timer_bodhisattvavow_time_remaining_tick'====== Args={'ticks': 22, 'ticks_remaining': 22}
2026-04-23 20:39:58,060 : INFO : EventManager : Event: ======'player_bodhisattvavow_time_remaining_variable_times_1'====== Args={'value': 22, 'prev_value': 23, 'change': -1, 'player_num': 1, 'source': 'bodhivow'}
2026-04-23 20:39:58,682 : INFO : EventManager : Event: ======'right_ramp_to_left_orbit_combo_timeout'====== Args={}
2026-04-23 20:39:58,683 : INFO : EventManager : Event: ======'right_ramp_to_left_ramp_combo_timeout'====== Args={}
2026-04-23 20:39:58,683 : INFO : EventManager : Event: ======'right_ramp_to_inner_loop_combo_timeout'====== Args={}
2026-04-23 20:39:58,683 : INFO : EventManager : Event: ======'right_ramp_to_captive_ball_combo_timeout'====== Args={}
2026-04-23 20:39:58,683 : INFO : EventManager : Event: ======'right_ramp_to_right_orbit_combo_timeout'====== Args={}
2026-04-23 20:39:58,900 : INFO : EventManager : Event: ======'player_instruments_instrument_rotate_tick'====== Args={'value': 1, 'prev_value': 0, 'change': 1, 'player_num': 1}
2026-04-23 20:39:58,901 : INFO : Timer.instrument_rotate : Timer Complete
2026-04-23 20:39:58,901 : INFO : Timer.instrument_rotate : Stopping Timer
2026-04-23 20:39:58,901 : INFO : EventManager : Event: ======'timer_instrument_rotate_stopped'====== Args={'ticks': 1, 'ticks_remaining': 1}
2026-04-23 20:39:58,901 : INFO : EventManager : Event: ======'timer_instrument_rotate_complete'====== Args={'ticks': 1, 'ticks_remaining': 1}
2026-04-23 20:39:58,902 : INFO : EventManager : Event: ======'player_shot_bottom_drop'====== Args={'value': 0, 'prev_value': 1, 'change': -1, 'player_num': 1}
2026-04-23 20:39:58,902 : INFO : EventManager : Event: ======'player_shot_middle_drop'====== Args={'value': 1, 'prev_value': 0, 'change': 1, 'player_num': 1}
2026-04-23 20:39:58,903 : INFO : EventManager : Event: ======'player_instruments_instrument_rotate_tick'====== Args={'value': 0, 'prev_value': 1, 'change': -1, 'player_num': 1}
2026-04-23 20:39:58,903 : INFO : Timer.instrument_rotate : Starting Timer.
2026-04-23 20:39:58,904 : INFO : EventManager : Event: ======'timer_instrument_rotate_started'====== Args={'ticks': 0, 'ticks_remaining': 1}
2026-04-23 20:39:58,904 : INFO : EventManager : Event: ======'timer_instrument_rotate_tick'====== Args={'ticks': 0, 'ticks_remaining': 1}
2026-04-23 20:39:59,057 : INFO : EventManager : Event: ======'player_bodhivow_bodhisattvavow_time_remaining_tick'====== Args={'value': 21, 'prev_value': 22, 'change': -1, 'player_num': 1}
2026-04-23 20:39:59,058 : INFO : EventManager : Event: ======'timer_bodhisattvavow_time_remaining_tick'====== Args={'ticks': 21, 'ticks_remaining': 21}
2026-04-23 20:39:59,059 : INFO : EventManager : Event: ======'player_bodhisattvavow_time_remaining_variable_times_1'====== Args={'value': 21, 'prev_value': 22, 'change': -1, 'player_num': 1, 'source': 'bodhivow'}
2026-04-23 20:39:59,916 : INFO : EventManager : Event: ======'player_instruments_instrument_rotate_tick'====== Args={'value': 1, 'prev_value': 0, 'change': 1, 'player_num': 1}
2026-04-23 20:39:59,917 : INFO : Timer.instrument_rotate : Timer Complete
2026-04-23 20:39:59,917 : INFO : Timer.instrument_rotate : Stopping Timer
2026-04-23 20:39:59,917 : INFO : EventManager : Event: ======'timer_instrument_rotate_stopped'====== Args={'ticks': 1, 'ticks_remaining': 1}
2026-04-23 20:39:59,918 : INFO : EventManager : Event: ======'timer_instrument_rotate_complete'====== Args={'ticks': 1, 'ticks_remaining': 1}
2026-04-23 20:39:59,918 : INFO : EventManager : Event: ======'player_shot_middle_drop'====== Args={'value': 0, 'prev_value': 1, 'change': -1, 'player_num': 1}
2026-04-23 20:39:59,919 : INFO : EventManager : Event: ======'player_shot_top_drop'====== Args={'value': 1, 'prev_value': 0, 'change': 1, 'player_num': 1}
2026-04-23 20:39:59,921 : INFO : EventManager : Event: ======'player_instruments_instrument_rotate_tick'====== Args={'value': 0, 'prev_value': 1, 'change': -1, 'player_num': 1}
2026-04-23 20:39:59,921 : INFO : Timer.instrument_rotate : Starting Timer.
2026-04-23 20:39:59,922 : INFO : EventManager : Event: ======'timer_instrument_rotate_started'====== Args={'ticks': 0, 'ticks_remaining': 1}
2026-04-23 20:39:59,922 : INFO : EventManager : Event: ======'timer_instrument_rotate_tick'====== Args={'ticks': 0, 'ticks_remaining': 1}
2026-04-23 20:40:00,056 : INFO : EventManager : Event: ======'player_bodhivow_bodhisattvavow_time_remaining_tick'====== Args={'value': 20, 'prev_value': 21, 'change': -1, 'player_num': 1}
2026-04-23 20:40:00,058 : INFO : EventManager : Event: ======'timer_bodhisattvavow_time_remaining_tick'====== Args={'ticks': 20, 'ticks_remaining': 20}
2026-04-23 20:40:00,059 : INFO : EventManager : Event: ======'player_bodhisattvavow_time_remaining_variable_times_1'====== Args={'value': 20, 'prev_value': 21, 'change': -1, 'player_num': 1, 'source': 'bodhivow'}
2026-04-23 20:40:00,083 : INFO : SwitchController : <<<<<<< 's_center_upper_pop' active >>>>>>>
2026-04-23 20:40:00,083 : INFO : EventManager : Event: ======'s_center_upper_pop_active'====== Args={}
2026-04-23 20:40:00,084 : INFO : EventManager : Event: ======'machine_var_audits_switches_s_center_upper_pop'====== Args={'value': 23, 'prev_value': 22, 'change': 1}
2026-04-23 20:40:00,086 : INFO : EventManager : Event: ======'machine_var_audits_shots_pop2'====== Args={'value': 14, 'prev_value': 13, 'change': 1}
2026-04-23 20:40:00,087 : INFO : EventManager : Event: ======'pop2_hit'====== Args={'profile': 'base_shot_profile', 'state': 'off', 'advancing': False}
2026-04-23 20:40:00,088 : INFO : EventManager : Event: ======'pop2_base_shot_profile_hit'====== Args={'profile': 'base_shot_profile', 'state': 'off', 'advancing': False}
2026-04-23 20:40:00,088 : INFO : EventManager : Event: ======'pop2_base_shot_profile_off_hit'====== Args={'profile': 'base_shot_profile', 'state': 'off', 'advancing': False}
2026-04-23 20:40:00,089 : INFO : EventManager : Event: ======'pop2_off_hit'====== Args={'profile': 'base_shot_profile', 'state': 'off', 'advancing': False}
2026-04-23 20:40:00,089 : INFO : EventManager : Event: ======'player_score'====== Args={'value': 42085270, 'prev_value': 42084160, 'change': 1110, 'player_num': 1, 'source': 'base'}
2026-04-23 20:40:00,157 : INFO : SwitchController : <<<<<<< 's_center_upper_pop' inactive >>>>>>>
2026-04-23 20:40:00,937 : INFO : EventManager : Event: ======'player_instruments_instrument_rotate_tick'====== Args={'value': 1, 'prev_value': 0, 'change': 1, 'player_num': 1}
2026-04-23 20:40:00,938 : INFO : Timer.instrument_rotate : Timer Complete
2026-04-23 20:40:00,938 : INFO : Timer.instrument_rotate : Stopping Timer
2026-04-23 20:40:00,938 : INFO : EventManager : Event: ======'timer_instrument_rotate_stopped'====== Args={'ticks': 1, 'ticks_remaining': 1}
2026-04-23 20:40:00,938 : INFO : EventManager : Event: ======'timer_instrument_rotate_complete'====== Args={'ticks': 1, 'ticks_remaining': 1}
2026-04-23 20:40:00,939 : INFO : EventManager : Event: ======'player_shot_bottom_drop'====== Args={'value': 1, 'prev_value': 0, 'change': 1, 'player_num': 1}
2026-04-23 20:40:00,939 : INFO : EventManager : Event: ======'player_shot_top_drop'====== Args={'value': 0, 'prev_value': 1, 'change': -1, 'player_num': 1}
2026-04-23 20:40:00,940 : INFO : EventManager : Event: ======'player_instruments_instrument_rotate_tick'====== Args={'value': 0, 'prev_value': 1, 'change': -1, 'player_num': 1}
2026-04-23 20:40:00,940 : INFO : Timer.instrument_rotate : Starting Timer.
2026-04-23 20:40:00,940 : INFO : EventManager : Event: ======'timer_instrument_rotate_started'====== Args={'ticks': 0, 'ticks_remaining': 1}
2026-04-23 20:40:00,940 : INFO : EventManager : Event: ======'timer_instrument_rotate_tick'====== Args={'ticks': 0, 'ticks_remaining': 1}
2026-04-23 20:40:01,064 : INFO : EventManager : Event: ======'player_bodhivow_bodhisattvavow_time_remaining_tick'====== Args={'value': 19, 'prev_value': 20, 'change': -1, 'player_num': 1}
2026-04-23 20:40:01,065 : INFO : EventManager : Event: ======'timer_bodhisattvavow_time_remaining_tick'====== Args={'ticks': 19, 'ticks_remaining': 19}
2026-04-23 20:40:01,066 : INFO : EventManager : Event: ======'player_bodhisattvavow_time_remaining_variable_times_1'====== Args={'value': 19, 'prev_value': 20, 'change': -1, 'player_num': 1, 'source': 'bodhivow'}
2026-04-23 20:40:01,945 : INFO : EventManager : Event: ======'player_instruments_instrument_rotate_tick'====== Args={'value': 1, 'prev_value': 0, 'change': 1, 'player_num': 1}
2026-04-23 20:40:01,946 : INFO : Timer.instrument_rotate : Timer Complete
2026-04-23 20:40:01,946 : INFO : Timer.instrument_rotate : Stopping Timer
2026-04-23 20:40:01,946 : INFO : EventManager : Event: ======'timer_instrument_rotate_stopped'====== Args={'ticks': 1, 'ticks_remaining': 1}
2026-04-23 20:40:01,947 : INFO : EventManager : Event: ======'timer_instrument_rotate_complete'====== Args={'ticks': 1, 'ticks_remaining': 1}
2026-04-23 20:40:01,947 : INFO : EventManager : Event: ======'player_shot_bottom_drop'====== Args={'value': 0, 'prev_value': 1, 'change': -1, 'player_num': 1}
2026-04-23 20:40:01,948 : INFO : EventManager : Event: ======'player_shot_middle_drop'====== Args={'value': 1, 'prev_value': 0, 'change': 1, 'player_num': 1}
2026-04-23 20:40:01,948 : INFO : EventManager : Event: ======'player_instruments_instrument_rotate_tick'====== Args={'value': 0, 'prev_value': 1, 'change': -1, 'player_num': 1}
2026-04-23 20:40:01,949 : INFO : Timer.instrument_rotate : Starting Timer.
2026-04-23 20:40:01,949 : INFO : EventManager : Event: ======'timer_instrument_rotate_started'====== Args={'ticks': 0, 'ticks_remaining': 1}
2026-04-23 20:40:01,949 : INFO : EventManager : Event: ======'timer_instrument_rotate_tick'====== Args={'ticks': 0, 'ticks_remaining': 1}
2026-04-23 20:40:02,070 : INFO : EventManager : Event: ======'player_bodhivow_bodhisattvavow_time_remaining_tick'====== Args={'value': 18, 'prev_value': 19, 'change': -1, 'player_num': 1}
2026-04-23 20:40:02,070 : INFO : EventManager : Event: ======'timer_bodhisattvavow_time_remaining_tick'====== Args={'ticks': 18, 'ticks_remaining': 18}
2026-04-23 20:40:02,071 : INFO : EventManager : Event: ======'player_bodhisattvavow_time_remaining_variable_times_1'====== Args={'value': 18, 'prev_value': 19, 'change': -1, 'player_num': 1, 'source': 'bodhivow'}
2026-04-23 20:40:02,356 : INFO : SwitchController : <<<<<<< 's_upper_pop_standup' active >>>>>>>
2026-04-23 20:40:02,357 : INFO : EventManager : Event: ======'s_upper_pop_standup_active'====== Args={}
2026-04-23 20:40:02,357 : INFO : EventManager : Event: ======'machine_var_audits_switches_s_upper_pop_standup'====== Args={'value': 123, 'prev_value': 122, 'change': 1}
2026-04-23 20:40:02,358 : INFO : EventManager : Event: ======'machine_var_audits_shots_upper_pop_standup'====== Args={'value': 120, 'prev_value': 119, 'change': 1}
2026-04-23 20:40:02,358 : INFO : EventManager : Event: ======'upper_pop_standup_hit'====== Args={'profile': 'base_shot_profile', 'state': 'off', 'advancing': False}
2026-04-23 20:40:02,359 : INFO : EventManager : Event: ======'upper_pop_standup_base_shot_profile_hit'====== Args={'profile': 'base_shot_profile', 'state': 'off', 'advancing': False}
2026-04-23 20:40:02,359 : INFO : EventManager : Event: ======'upper_pop_standup_base_shot_profile_off_hit'====== Args={'profile': 'base_shot_profile', 'state': 'off', 'advancing': False}
2026-04-23 20:40:02,359 : INFO : EventManager : Event: ======'upper_pop_standup_off_hit'====== Args={'profile': 'base_shot_profile', 'state': 'off', 'advancing': False}
2026-04-23 20:40:02,359 : INFO : EventManager : Event: ======'logicblock_bodhisattvavow_area1_counter_updated'====== Args={'value': 2, 'enabled': True}
2026-04-23 20:40:02,359 : INFO : EventManager : Event: ======'counter_bodhisattvavow_area1_counter_hit'====== Args={'count': 2, 'hits': 1, 'remaining': 3}
2026-04-23 20:40:02,359 : INFO : EventManager : Event: ======'logicblock_bodhisattvavow_area1_counter_hit'====== Args={'count': 2, 'hits': 1, 'remaining': 3}
2026-04-23 20:40:02,360 : INFO : EventManager : Event: ======'player_score'====== Args={'value': 42090280, 'prev_value': 42085270, 'change': 5010, 'player_num': 1, 'source': 'base'}
2026-04-23 20:40:02,437 : INFO : SwitchController : <<<<<<< 's_upper_pop_standup' inactive >>>>>>>
2026-04-23 20:40:02,950 : INFO : EventManager : Event: ======'player_instruments_instrument_rotate_tick'====== Args={'value': 1, 'prev_value': 0, 'change': 1, 'player_num': 1}
2026-04-23 20:40:02,951 : INFO : Timer.instrument_rotate : Timer Complete
2026-04-23 20:40:02,951 : INFO : Timer.instrument_rotate : Stopping Timer
2026-04-23 20:40:02,951 : INFO : EventManager : Event: ======'timer_instrument_rotate_stopped'====== Args={'ticks': 1, 'ticks_remaining': 1}
2026-04-23 20:40:02,952 : INFO : EventManager : Event: ======'timer_instrument_rotate_complete'====== Args={'ticks': 1, 'ticks_remaining': 1}
2026-04-23 20:40:02,952 : INFO : EventManager : Event: ======'player_shot_middle_drop'====== Args={'value': 0, 'prev_value': 1, 'change': -1, 'player_num': 1}
2026-04-23 20:40:02,953 : INFO : EventManager : Event: ======'player_shot_top_drop'====== Args={'value': 1, 'prev_value': 0, 'change': 1, 'player_num': 1}
2026-04-23 20:40:02,954 : INFO : EventManager : Event: ======'player_instruments_instrument_rotate_tick'====== Args={'value': 0, 'prev_value': 1, 'change': -1, 'player_num': 1}
2026-04-23 20:40:02,954 : INFO : Timer.instrument_rotate : Starting Timer.
2026-04-23 20:40:02,954 : INFO : EventManager : Event: ======'timer_instrument_rotate_started'====== Args={'ticks': 0, 'ticks_remaining': 1}
2026-04-23 20:40:02,954 : INFO : EventManager : Event: ======'timer_instrument_rotate_tick'====== Args={'ticks': 0, 'ticks_remaining': 1}
2026-04-23 20:40:03,057 : INFO : EventManager : Event: ======'player_bodhivow_bodhisattvavow_time_remaining_tick'====== Args={'value': 17, 'prev_value': 18, 'change': -1, 'player_num': 1}
2026-04-23 20:40:03,058 : INFO : EventManager : Event: ======'timer_bodhisattvavow_time_remaining_tick'====== Args={'ticks': 17, 'ticks_remaining': 17}
2026-04-23 20:40:03,059 : INFO : EventManager : Event: ======'player_bodhisattvavow_time_remaining_variable_times_1'====== Args={'value': 17, 'prev_value': 18, 'change': -1, 'player_num': 1, 'source': 'bodhivow'}
2026-04-23 20:40:03,961 : INFO : EventManager : Event: ======'player_instruments_instrument_rotate_tick'====== Args={'value': 1, 'prev_value': 0, 'change': 1, 'player_num': 1}
2026-04-23 20:40:03,962 : INFO : Timer.instrument_rotate : Timer Complete
2026-04-23 20:40:03,962 : INFO : Timer.instrument_rotate : Stopping Timer
2026-04-23 20:40:03,962 : INFO : EventManager : Event: ======'timer_instrument_rotate_stopped'====== Args={'ticks': 1, 'ticks_remaining': 1}
2026-04-23 20:40:03,963 : INFO : EventManager : Event: ======'timer_instrument_rotate_complete'====== Args={'ticks': 1, 'ticks_remaining': 1}
2026-04-23 20:40:03,963 : INFO : EventManager : Event: ======'player_shot_bottom_drop'====== Args={'value': 1, 'prev_value': 0, 'change': 1, 'player_num': 1}
2026-04-23 20:40:03,964 : INFO : EventManager : Event: ======'player_shot_top_drop'====== Args={'value': 0, 'prev_value': 1, 'change': -1, 'player_num': 1}
2026-04-23 20:40:03,964 : INFO : EventManager : Event: ======'player_instruments_instrument_rotate_tick'====== Args={'value': 0, 'prev_value': 1, 'change': -1, 'player_num': 1}
2026-04-23 20:40:03,964 : INFO : Timer.instrument_rotate : Starting Timer.
2026-04-23 20:40:03,964 : INFO : EventManager : Event: ======'timer_instrument_rotate_started'====== Args={'ticks': 0, 'ticks_remaining': 1}
2026-04-23 20:40:03,965 : INFO : EventManager : Event: ======'timer_instrument_rotate_tick'====== Args={'ticks': 0, 'ticks_remaining': 1}
2026-04-23 20:40:04,056 : INFO : EventManager : Event: ======'player_bodhivow_bodhisattvavow_time_remaining_tick'====== Args={'value': 16, 'prev_value': 17, 'change': -1, 'player_num': 1}
2026-04-23 20:40:04,057 : INFO : EventManager : Event: ======'timer_bodhisattvavow_time_remaining_tick'====== Args={'ticks': 16, 'ticks_remaining': 16}
2026-04-23 20:40:04,058 : INFO : EventManager : Event: ======'player_bodhisattvavow_time_remaining_variable_times_1'====== Args={'value': 16, 'prev_value': 17, 'change': -1, 'player_num': 1, 'source': 'bodhivow'}
2026-04-23 20:40:04,967 : INFO : EventManager : Event: ======'player_instruments_instrument_rotate_tick'====== Args={'value': 1, 'prev_value': 0, 'change': 1, 'player_num': 1}
2026-04-23 20:40:04,968 : INFO : Timer.instrument_rotate : Timer Complete
2026-04-23 20:40:04,968 : INFO : Timer.instrument_rotate : Stopping Timer
2026-04-23 20:40:04,968 : INFO : EventManager : Event: ======'timer_instrument_rotate_stopped'====== Args={'ticks': 1, 'ticks_remaining': 1}
2026-04-23 20:40:04,968 : INFO : EventManager : Event: ======'timer_instrument_rotate_complete'====== Args={'ticks': 1, 'ticks_remaining': 1}
2026-04-23 20:40:04,969 : INFO : EventManager : Event: ======'player_shot_bottom_drop'====== Args={'value': 0, 'prev_value': 1, 'change': -1, 'player_num': 1}
2026-04-23 20:40:04,969 : INFO : EventManager : Event: ======'player_shot_middle_drop'====== Args={'value': 1, 'prev_value': 0, 'change': 1, 'player_num': 1}
2026-04-23 20:40:04,970 : INFO : EventManager : Event: ======'player_instruments_instrument_rotate_tick'====== Args={'value': 0, 'prev_value': 1, 'change': -1, 'player_num': 1}
2026-04-23 20:40:04,970 : INFO : Timer.instrument_rotate : Starting Timer.
2026-04-23 20:40:04,970 : INFO : EventManager : Event: ======'timer_instrument_rotate_started'====== Args={'ticks': 0, 'ticks_remaining': 1}
2026-04-23 20:40:04,970 : INFO : EventManager : Event: ======'timer_instrument_rotate_tick'====== Args={'ticks': 0, 'ticks_remaining': 1}
2026-04-23 20:40:05,061 : INFO : EventManager : Event: ======'player_bodhivow_bodhisattvavow_time_remaining_tick'====== Args={'value': 15, 'prev_value': 16, 'change': -1, 'player_num': 1}
2026-04-23 20:40:05,062 : INFO : EventManager : Event: ======'timer_bodhisattvavow_time_remaining_tick'====== Args={'ticks': 15, 'ticks_remaining': 15}
2026-04-23 20:40:05,063 : INFO : EventManager : Event: ======'player_bodhisattvavow_time_remaining_variable_times_1'====== Args={'value': 15, 'prev_value': 16, 'change': -1, 'player_num': 1, 'source': 'bodhivow'}
2026-04-23 20:40:05,983 : INFO : EventManager : Event: ======'player_instruments_instrument_rotate_tick'====== Args={'value': 1, 'prev_value': 0, 'change': 1, 'player_num': 1}
2026-04-23 20:40:05,983 : INFO : Timer.instrument_rotate : Timer Complete
2026-04-23 20:40:05,984 : INFO : Timer.instrument_rotate : Stopping Timer
2026-04-23 20:40:05,984 : INFO : EventManager : Event: ======'timer_instrument_rotate_stopped'====== Args={'ticks': 1, 'ticks_remaining': 1}
2026-04-23 20:40:05,984 : INFO : EventManager : Event: ======'timer_instrument_rotate_complete'====== Args={'ticks': 1, 'ticks_remaining': 1}
2026-04-23 20:40:05,984 : INFO : EventManager : Event: ======'player_shot_middle_drop'====== Args={'value': 0, 'prev_value': 1, 'change': -1, 'player_num': 1}
2026-04-23 20:40:05,984 : INFO : EventManager : Event: ======'player_shot_top_drop'====== Args={'value': 1, 'prev_value': 0, 'change': 1, 'player_num': 1}
2026-04-23 20:40:05,985 : INFO : EventManager : Event: ======'player_instruments_instrument_rotate_tick'====== Args={'value': 0, 'prev_value': 1, 'change': -1, 'player_num': 1}
2026-04-23 20:40:05,985 : INFO : Timer.instrument_rotate : Starting Timer.
2026-04-23 20:40:05,985 : INFO : EventManager : Event: ======'timer_instrument_rotate_started'====== Args={'ticks': 0, 'ticks_remaining': 1}
2026-04-23 20:40:05,985 : INFO : EventManager : Event: ======'timer_instrument_rotate_tick'====== Args={'ticks': 0, 'ticks_remaining': 1}
2026-04-23 20:40:06,060 : INFO : EventManager : Event: ======'player_bodhivow_bodhisattvavow_time_remaining_tick'====== Args={'value': 14, 'prev_value': 15, 'change': -1, 'player_num': 1}
2026-04-23 20:40:06,061 : INFO : EventManager : Event: ======'timer_bodhisattvavow_time_remaining_tick'====== Args={'ticks': 14, 'ticks_remaining': 14}
2026-04-23 20:40:06,061 : INFO : EventManager : Event: ======'player_bodhisattvavow_time_remaining_variable_times_1'====== Args={'value': 14, 'prev_value': 15, 'change': -1, 'player_num': 1, 'source': 'bodhivow'}
2026-04-23 20:40:06,987 : INFO : EventManager : Event: ======'player_instruments_instrument_rotate_tick'====== Args={'value': 1, 'prev_value': 0, 'change': 1, 'player_num': 1}
2026-04-23 20:40:06,988 : INFO : Timer.instrument_rotate : Timer Complete
2026-04-23 20:40:06,988 : INFO : Timer.instrument_rotate : Stopping Timer
2026-04-23 20:40:06,988 : INFO : EventManager : Event: ======'timer_instrument_rotate_stopped'====== Args={'ticks': 1, 'ticks_remaining': 1}
2026-04-23 20:40:06,988 : INFO : EventManager : Event: ======'timer_instrument_rotate_complete'====== Args={'ticks': 1, 'ticks_remaining': 1}
2026-04-23 20:40:06,989 : INFO : EventManager : Event: ======'player_shot_bottom_drop'====== Args={'value': 1, 'prev_value': 0, 'change': 1, 'player_num': 1}
2026-04-23 20:40:06,990 : INFO : EventManager : Event: ======'player_shot_top_drop'====== Args={'value': 0, 'prev_value': 1, 'change': -1, 'player_num': 1}
2026-04-23 20:40:06,990 : INFO : EventManager : Event: ======'player_instruments_instrument_rotate_tick'====== Args={'value': 0, 'prev_value': 1, 'change': -1, 'player_num': 1}
2026-04-23 20:40:06,990 : INFO : Timer.instrument_rotate : Starting Timer.
2026-04-23 20:40:06,991 : INFO : EventManager : Event: ======'timer_instrument_rotate_started'====== Args={'ticks': 0, 'ticks_remaining': 1}
2026-04-23 20:40:06,991 : INFO : EventManager : Event: ======'timer_instrument_rotate_tick'====== Args={'ticks': 0, 'ticks_remaining': 1}
2026-04-23 20:40:07,065 : INFO : EventManager : Event: ======'player_bodhivow_bodhisattvavow_time_remaining_tick'====== Args={'value': 13, 'prev_value': 14, 'change': -1, 'player_num': 1}
2026-04-23 20:40:07,066 : INFO : EventManager : Event: ======'timer_bodhisattvavow_time_remaining_tick'====== Args={'ticks': 13, 'ticks_remaining': 13}
2026-04-23 20:40:07,067 : INFO : EventManager : Event: ======'player_bodhisattvavow_time_remaining_variable_times_1'====== Args={'value': 13, 'prev_value': 14, 'change': -1, 'player_num': 1, 'source': 'bodhivow'}
2026-04-23 20:40:07,992 : INFO : EventManager : Event: ======'player_instruments_instrument_rotate_tick'====== Args={'value': 1, 'prev_value': 0, 'change': 1, 'player_num': 1}
2026-04-23 20:40:07,993 : INFO : Timer.instrument_rotate : Timer Complete
2026-04-23 20:40:07,993 : INFO : Timer.instrument_rotate : Stopping Timer
2026-04-23 20:40:07,993 : INFO : EventManager : Event: ======'timer_instrument_rotate_stopped'====== Args={'ticks': 1, 'ticks_remaining': 1}
2026-04-23 20:40:07,993 : INFO : EventManager : Event: ======'timer_instrument_rotate_complete'====== Args={'ticks': 1, 'ticks_remaining': 1}
2026-04-23 20:40:07,994 : INFO : EventManager : Event: ======'player_shot_bottom_drop'====== Args={'value': 0, 'prev_value': 1, 'change': -1, 'player_num': 1}
2026-04-23 20:40:07,994 : INFO : EventManager : Event: ======'player_shot_middle_drop'====== Args={'value': 1, 'prev_value': 0, 'change': 1, 'player_num': 1}
2026-04-23 20:40:07,994 : INFO : EventManager : Event: ======'player_instruments_instrument_rotate_tick'====== Args={'value': 0, 'prev_value': 1, 'change': -1, 'player_num': 1}
2026-04-23 20:40:07,994 : INFO : Timer.instrument_rotate : Starting Timer.
2026-04-23 20:40:07,994 : INFO : EventManager : Event: ======'timer_instrument_rotate_started'====== Args={'ticks': 0, 'ticks_remaining': 1}
2026-04-23 20:40:07,994 : INFO : EventManager : Event: ======'timer_instrument_rotate_tick'====== Args={'ticks': 0, 'ticks_remaining': 1}
2026-04-23 20:40:08,069 : INFO : EventManager : Event: ======'player_bodhivow_bodhisattvavow_time_remaining_tick'====== Args={'value': 12, 'prev_value': 13, 'change': -1, 'player_num': 1}
2026-04-23 20:40:08,070 : INFO : EventManager : Event: ======'timer_bodhisattvavow_time_remaining_tick'====== Args={'ticks': 12, 'ticks_remaining': 12}
2026-04-23 20:40:08,071 : INFO : EventManager : Event: ======'player_bodhisattvavow_time_remaining_variable_times_1'====== Args={'value': 12, 'prev_value': 13, 'change': -1, 'player_num': 1, 'source': 'bodhivow'}
2026-04-23 20:40:09,010 : INFO : EventManager : Event: ======'player_instruments_instrument_rotate_tick'====== Args={'value': 1, 'prev_value': 0, 'change': 1, 'player_num': 1}
2026-04-23 20:40:09,011 : INFO : Timer.instrument_rotate : Timer Complete
2026-04-23 20:40:09,011 : INFO : Timer.instrument_rotate : Stopping Timer
2026-04-23 20:40:09,011 : INFO : EventManager : Event: ======'timer_instrument_rotate_stopped'====== Args={'ticks': 1, 'ticks_remaining': 1}
2026-04-23 20:40:09,011 : INFO : EventManager : Event: ======'timer_instrument_rotate_complete'====== Args={'ticks': 1, 'ticks_remaining': 1}
2026-04-23 20:40:09,011 : INFO : EventManager : Event: ======'player_shot_middle_drop'====== Args={'value': 0, 'prev_value': 1, 'change': -1, 'player_num': 1}
2026-04-23 20:40:09,012 : INFO : EventManager : Event: ======'player_shot_top_drop'====== Args={'value': 1, 'prev_value': 0, 'change': 1, 'player_num': 1}
2026-04-23 20:40:09,013 : INFO : EventManager : Event: ======'player_instruments_instrument_rotate_tick'====== Args={'value': 0, 'prev_value': 1, 'change': -1, 'player_num': 1}
2026-04-23 20:40:09,013 : INFO : Timer.instrument_rotate : Starting Timer.
2026-04-23 20:40:09,013 : INFO : EventManager : Event: ======'timer_instrument_rotate_started'====== Args={'ticks': 0, 'ticks_remaining': 1}
2026-04-23 20:40:09,013 : INFO : EventManager : Event: ======'timer_instrument_rotate_tick'====== Args={'ticks': 0, 'ticks_remaining': 1}
2026-04-23 20:40:09,056 : INFO : EventManager : Event: ======'player_bodhivow_bodhisattvavow_time_remaining_tick'====== Args={'value': 11, 'prev_value': 12, 'change': -1, 'player_num': 1}
2026-04-23 20:40:09,057 : INFO : EventManager : Event: ======'timer_bodhisattvavow_time_remaining_tick'====== Args={'ticks': 11, 'ticks_remaining': 11}
2026-04-23 20:40:09,057 : INFO : EventManager : Event: ======'player_bodhisattvavow_time_remaining_variable_times_1'====== Args={'value': 11, 'prev_value': 12, 'change': -1, 'player_num': 1, 'source': 'bodhivow'}
2026-04-23 20:40:10,023 : INFO : EventManager : Event: ======'player_instruments_instrument_rotate_tick'====== Args={'value': 1, 'prev_value': 0, 'change': 1, 'player_num': 1}
2026-04-23 20:40:10,024 : INFO : Timer.instrument_rotate : Timer Complete
2026-04-23 20:40:10,024 : INFO : Timer.instrument_rotate : Stopping Timer
2026-04-23 20:40:10,024 : INFO : EventManager : Event: ======'timer_instrument_rotate_stopped'====== Args={'ticks': 1, 'ticks_remaining': 1}
2026-04-23 20:40:10,024 : INFO : EventManager : Event: ======'timer_instrument_rotate_complete'====== Args={'ticks': 1, 'ticks_remaining': 1}
2026-04-23 20:40:10,025 : INFO : EventManager : Event: ======'player_shot_bottom_drop'====== Args={'value': 1, 'prev_value': 0, 'change': 1, 'player_num': 1}
2026-04-23 20:40:10,026 : INFO : EventManager : Event: ======'player_shot_top_drop'====== Args={'value': 0, 'prev_value': 1, 'change': -1, 'player_num': 1}
2026-04-23 20:40:10,027 : INFO : EventManager : Event: ======'player_instruments_instrument_rotate_tick'====== Args={'value': 0, 'prev_value': 1, 'change': -1, 'player_num': 1}
2026-04-23 20:40:10,027 : INFO : Timer.instrument_rotate : Starting Timer.
2026-04-23 20:40:10,027 : INFO : EventManager : Event: ======'timer_instrument_rotate_started'====== Args={'ticks': 0, 'ticks_remaining': 1}
2026-04-23 20:40:10,027 : INFO : EventManager : Event: ======'timer_instrument_rotate_tick'====== Args={'ticks': 0, 'ticks_remaining': 1}
2026-04-23 20:40:10,070 : INFO : EventManager : Event: ======'player_bodhivow_bodhisattvavow_time_remaining_tick'====== Args={'value': 10, 'prev_value': 11, 'change': -1, 'player_num': 1}
2026-04-23 20:40:10,071 : INFO : EventManager : Event: ======'timer_bodhisattvavow_time_remaining_tick'====== Args={'ticks': 10, 'ticks_remaining': 10}
2026-04-23 20:40:10,072 : INFO : EventManager : Event: ======'player_bodhisattvavow_time_remaining_variable_times_1'====== Args={'value': 10, 'prev_value': 11, 'change': -1, 'player_num': 1, 'source': 'bodhivow'}
2026-04-23 20:40:11,041 : INFO : EventManager : Event: ======'player_instruments_instrument_rotate_tick'====== Args={'value': 1, 'prev_value': 0, 'change': 1, 'player_num': 1}
2026-04-23 20:40:11,042 : INFO : Timer.instrument_rotate : Timer Complete
2026-04-23 20:40:11,042 : INFO : Timer.instrument_rotate : Stopping Timer
2026-04-23 20:40:11,042 : INFO : EventManager : Event: ======'timer_instrument_rotate_stopped'====== Args={'ticks': 1, 'ticks_remaining': 1}
2026-04-23 20:40:11,042 : INFO : EventManager : Event: ======'timer_instrument_rotate_complete'====== Args={'ticks': 1, 'ticks_remaining': 1}
2026-04-23 20:40:11,043 : INFO : EventManager : Event: ======'player_shot_bottom_drop'====== Args={'value': 0, 'prev_value': 1, 'change': -1, 'player_num': 1}
2026-04-23 20:40:11,043 : INFO : EventManager : Event: ======'player_shot_middle_drop'====== Args={'value': 1, 'prev_value': 0, 'change': 1, 'player_num': 1}
2026-04-23 20:40:11,044 : INFO : EventManager : Event: ======'player_instruments_instrument_rotate_tick'====== Args={'value': 0, 'prev_value': 1, 'change': -1, 'player_num': 1}
2026-04-23 20:40:11,044 : INFO : Timer.instrument_rotate : Starting Timer.
2026-04-23 20:40:11,044 : INFO : EventManager : Event: ======'timer_instrument_rotate_started'====== Args={'ticks': 0, 'ticks_remaining': 1}
2026-04-23 20:40:11,044 : INFO : EventManager : Event: ======'timer_instrument_rotate_tick'====== Args={'ticks': 0, 'ticks_remaining': 1}
2026-04-23 20:40:11,071 : INFO : EventManager : Event: ======'player_bodhivow_bodhisattvavow_time_remaining_tick'====== Args={'value': 9, 'prev_value': 10, 'change': -1, 'player_num': 1}
2026-04-23 20:40:11,073 : INFO : EventManager : Event: ======'timer_bodhisattvavow_time_remaining_tick'====== Args={'ticks': 9, 'ticks_remaining': 9}
2026-04-23 20:40:11,073 : INFO : EventManager : Event: ======'player_bodhisattvavow_time_remaining_variable_times_1'====== Args={'value': 9, 'prev_value': 10, 'change': -1, 'player_num': 1, 'source': 'bodhivow'}
2026-04-23 20:40:12,056 : INFO : EventManager : Event: ======'player_instruments_instrument_rotate_tick'====== Args={'value': 1, 'prev_value': 0, 'change': 1, 'player_num': 1}
2026-04-23 20:40:12,057 : INFO : Timer.instrument_rotate : Timer Complete
2026-04-23 20:40:12,057 : INFO : Timer.instrument_rotate : Stopping Timer
2026-04-23 20:40:12,057 : INFO : EventManager : Event: ======'timer_instrument_rotate_stopped'====== Args={'ticks': 1, 'ticks_remaining': 1}
2026-04-23 20:40:12,057 : INFO : EventManager : Event: ======'timer_instrument_rotate_complete'====== Args={'ticks': 1, 'ticks_remaining': 1}
2026-04-23 20:40:12,057 : INFO : EventManager : Event: ======'player_bodhivow_bodhisattvavow_time_remaining_tick'====== Args={'value': 8, 'prev_value': 9, 'change': -1, 'player_num': 1}
2026-04-23 20:40:12,058 : INFO : EventManager : Event: ======'timer_bodhisattvavow_time_remaining_tick'====== Args={'ticks': 8, 'ticks_remaining': 8}
2026-04-23 20:40:12,058 : INFO : EventManager : Event: ======'player_shot_middle_drop'====== Args={'value': 0, 'prev_value': 1, 'change': -1, 'player_num': 1}
2026-04-23 20:40:12,059 : INFO : EventManager : Event: ======'player_shot_top_drop'====== Args={'value': 1, 'prev_value': 0, 'change': 1, 'player_num': 1}
2026-04-23 20:40:12,059 : INFO : EventManager : Event: ======'player_instruments_instrument_rotate_tick'====== Args={'value': 0, 'prev_value': 1, 'change': -1, 'player_num': 1}
2026-04-23 20:40:12,059 : INFO : Timer.instrument_rotate : Starting Timer.
2026-04-23 20:40:12,059 : INFO : EventManager : Event: ======'timer_instrument_rotate_started'====== Args={'ticks': 0, 'ticks_remaining': 1}
2026-04-23 20:40:12,059 : INFO : EventManager : Event: ======'timer_instrument_rotate_tick'====== Args={'ticks': 0, 'ticks_remaining': 1}
2026-04-23 20:40:12,060 : INFO : EventManager : Event: ======'player_bodhisattvavow_time_remaining_variable_times_1'====== Args={'value': 8, 'prev_value': 9, 'change': -1, 'player_num': 1, 'source': 'bodhivow'}
2026-04-23 20:40:13,062 : INFO : EventManager : Event: ======'player_bodhivow_bodhisattvavow_time_remaining_tick'====== Args={'value': 7, 'prev_value': 8, 'change': -1, 'player_num': 1}
2026-04-23 20:40:13,063 : INFO : EventManager : Event: ======'timer_bodhisattvavow_time_remaining_tick'====== Args={'ticks': 7, 'ticks_remaining': 7}
2026-04-23 20:40:13,063 : INFO : EventManager : Event: ======'player_instruments_instrument_rotate_tick'====== Args={'value': 1, 'prev_value': 0, 'change': 1, 'player_num': 1}
2026-04-23 20:40:13,064 : INFO : Timer.instrument_rotate : Timer Complete
2026-04-23 20:40:13,064 : INFO : Timer.instrument_rotate : Stopping Timer
2026-04-23 20:40:13,064 : INFO : EventManager : Event: ======'timer_instrument_rotate_stopped'====== Args={'ticks': 1, 'ticks_remaining': 1}
2026-04-23 20:40:13,064 : INFO : EventManager : Event: ======'timer_instrument_rotate_complete'====== Args={'ticks': 1, 'ticks_remaining': 1}
2026-04-23 20:40:13,064 : INFO : EventManager : Event: ======'player_bodhisattvavow_time_remaining_variable_times_1'====== Args={'value': 7, 'prev_value': 8, 'change': -1, 'player_num': 1, 'source': 'bodhivow'}
2026-04-23 20:40:13,064 : INFO : EventManager : Event: ======'player_shot_bottom_drop'====== Args={'value': 1, 'prev_value': 0, 'change': 1, 'player_num': 1}
2026-04-23 20:40:13,065 : INFO : EventManager : Event: ======'player_shot_top_drop'====== Args={'value': 0, 'prev_value': 1, 'change': -1, 'player_num': 1}
2026-04-23 20:40:13,065 : INFO : EventManager : Event: ======'player_instruments_instrument_rotate_tick'====== Args={'value': 0, 'prev_value': 1, 'change': -1, 'player_num': 1}
2026-04-23 20:40:13,065 : INFO : Timer.instrument_rotate : Starting Timer.
2026-04-23 20:40:13,066 : INFO : EventManager : Event: ======'timer_instrument_rotate_started'====== Args={'ticks': 0, 'ticks_remaining': 1}
2026-04-23 20:40:13,066 : INFO : EventManager : Event: ======'timer_instrument_rotate_tick'====== Args={'ticks': 0, 'ticks_remaining': 1}
2026-04-23 20:40:14,063 : INFO : EventManager : Event: ======'player_bodhivow_bodhisattvavow_time_remaining_tick'====== Args={'value': 6, 'prev_value': 7, 'change': -1, 'player_num': 1}
2026-04-23 20:40:14,064 : INFO : EventManager : Event: ======'timer_bodhisattvavow_time_remaining_tick'====== Args={'ticks': 6, 'ticks_remaining': 6}
2026-04-23 20:40:14,066 : INFO : EventManager : Event: ======'player_bodhisattvavow_time_remaining_variable_times_1'====== Args={'value': 6, 'prev_value': 7, 'change': -1, 'player_num': 1, 'source': 'bodhivow'}
2026-04-23 20:40:14,066 : INFO : EventManager : Event: ======'player_instruments_instrument_rotate_tick'====== Args={'value': 1, 'prev_value': 0, 'change': 1, 'player_num': 1}
2026-04-23 20:40:14,067 : INFO : Timer.instrument_rotate : Timer Complete
2026-04-23 20:40:14,067 : INFO : Timer.instrument_rotate : Stopping Timer
2026-04-23 20:40:14,067 : INFO : EventManager : Event: ======'timer_instrument_rotate_stopped'====== Args={'ticks': 1, 'ticks_remaining': 1}
2026-04-23 20:40:14,067 : INFO : EventManager : Event: ======'timer_instrument_rotate_complete'====== Args={'ticks': 1, 'ticks_remaining': 1}
2026-04-23 20:40:14,068 : INFO : EventManager : Event: ======'player_shot_bottom_drop'====== Args={'value': 0, 'prev_value': 1, 'change': -1, 'player_num': 1}
2026-04-23 20:40:14,068 : INFO : EventManager : Event: ======'player_shot_middle_drop'====== Args={'value': 1, 'prev_value': 0, 'change': 1, 'player_num': 1}
2026-04-23 20:40:14,069 : INFO : EventManager : Event: ======'player_instruments_instrument_rotate_tick'====== Args={'value': 0, 'prev_value': 1, 'change': -1, 'player_num': 1}
2026-04-23 20:40:14,069 : INFO : Timer.instrument_rotate : Starting Timer.
2026-04-23 20:40:14,069 : INFO : EventManager : Event: ======'timer_instrument_rotate_started'====== Args={'ticks': 0, 'ticks_remaining': 1}
2026-04-23 20:40:14,069 : INFO : EventManager : Event: ======'timer_instrument_rotate_tick'====== Args={'ticks': 0, 'ticks_remaining': 1}
2026-04-23 20:40:15,063 : INFO : EventManager : Event: ======'player_bodhivow_bodhisattvavow_time_remaining_tick'====== Args={'value': 5, 'prev_value': 6, 'change': -1, 'player_num': 1}
2026-04-23 20:40:15,064 : INFO : EventManager : Event: ======'timer_bodhisattvavow_time_remaining_tick'====== Args={'ticks': 5, 'ticks_remaining': 5}
2026-04-23 20:40:15,065 : INFO : EventManager : Event: ======'player_bodhisattvavow_time_remaining_variable_times_1'====== Args={'value': 5, 'prev_value': 6, 'change': -1, 'player_num': 1, 'source': 'bodhivow'}
2026-04-23 20:40:15,079 : INFO : EventManager : Event: ======'player_instruments_instrument_rotate_tick'====== Args={'value': 1, 'prev_value': 0, 'change': 1, 'player_num': 1}
2026-04-23 20:40:15,080 : INFO : Timer.instrument_rotate : Timer Complete
2026-04-23 20:40:15,080 : INFO : Timer.instrument_rotate : Stopping Timer
2026-04-23 20:40:15,081 : INFO : EventManager : Event: ======'timer_instrument_rotate_stopped'====== Args={'ticks': 1, 'ticks_remaining': 1}
2026-04-23 20:40:15,081 : INFO : EventManager : Event: ======'timer_instrument_rotate_complete'====== Args={'ticks': 1, 'ticks_remaining': 1}
2026-04-23 20:40:15,082 : INFO : EventManager : Event: ======'player_shot_middle_drop'====== Args={'value': 0, 'prev_value': 1, 'change': -1, 'player_num': 1}
2026-04-23 20:40:15,082 : INFO : EventManager : Event: ======'player_shot_top_drop'====== Args={'value': 1, 'prev_value': 0, 'change': 1, 'player_num': 1}
2026-04-23 20:40:15,083 : INFO : EventManager : Event: ======'player_instruments_instrument_rotate_tick'====== Args={'value': 0, 'prev_value': 1, 'change': -1, 'player_num': 1}
2026-04-23 20:40:15,084 : INFO : Timer.instrument_rotate : Starting Timer.
2026-04-23 20:40:15,084 : INFO : EventManager : Event: ======'timer_instrument_rotate_started'====== Args={'ticks': 0, 'ticks_remaining': 1}
2026-04-23 20:40:15,085 : INFO : EventManager : Event: ======'timer_instrument_rotate_tick'====== Args={'ticks': 0, 'ticks_remaining': 1}
2026-04-23 20:40:16,063 : INFO : EventManager : Event: ======'player_bodhivow_bodhisattvavow_time_remaining_tick'====== Args={'value': 4, 'prev_value': 5, 'change': -1, 'player_num': 1}
2026-04-23 20:40:16,064 : INFO : EventManager : Event: ======'timer_bodhisattvavow_time_remaining_tick'====== Args={'ticks': 4, 'ticks_remaining': 4}
2026-04-23 20:40:16,065 : INFO : EventManager : Event: ======'player_bodhisattvavow_time_remaining_variable_times_1'====== Args={'value': 4, 'prev_value': 5, 'change': -1, 'player_num': 1, 'source': 'bodhivow'}
2026-04-23 20:40:16,094 : INFO : EventManager : Event: ======'player_instruments_instrument_rotate_tick'====== Args={'value': 1, 'prev_value': 0, 'change': 1, 'player_num': 1}
2026-04-23 20:40:16,095 : INFO : Timer.instrument_rotate : Timer Complete
2026-04-23 20:40:16,095 : INFO : Timer.instrument_rotate : Stopping Timer
2026-04-23 20:40:16,095 : INFO : EventManager : Event: ======'timer_instrument_rotate_stopped'====== Args={'ticks': 1, 'ticks_remaining': 1}
2026-04-23 20:40:16,095 : INFO : EventManager : Event: ======'timer_instrument_rotate_complete'====== Args={'ticks': 1, 'ticks_remaining': 1}
2026-04-23 20:40:16,096 : INFO : EventManager : Event: ======'player_shot_bottom_drop'====== Args={'value': 1, 'prev_value': 0, 'change': 1, 'player_num': 1}
2026-04-23 20:40:16,096 : INFO : EventManager : Event: ======'player_shot_top_drop'====== Args={'value': 0, 'prev_value': 1, 'change': -1, 'player_num': 1}
2026-04-23 20:40:16,097 : INFO : EventManager : Event: ======'player_instruments_instrument_rotate_tick'====== Args={'value': 0, 'prev_value': 1, 'change': -1, 'player_num': 1}
2026-04-23 20:40:16,097 : INFO : Timer.instrument_rotate : Starting Timer.
2026-04-23 20:40:16,097 : INFO : EventManager : Event: ======'timer_instrument_rotate_started'====== Args={'ticks': 0, 'ticks_remaining': 1}
2026-04-23 20:40:16,097 : INFO : EventManager : Event: ======'timer_instrument_rotate_tick'====== Args={'ticks': 0, 'ticks_remaining': 1}
2026-04-23 20:40:17,058 : INFO : EventManager : Event: ======'player_bodhivow_bodhisattvavow_time_remaining_tick'====== Args={'value': 3, 'prev_value': 4, 'change': -1, 'player_num': 1}
2026-04-23 20:40:17,059 : INFO : EventManager : Event: ======'timer_bodhisattvavow_time_remaining_tick'====== Args={'ticks': 3, 'ticks_remaining': 3}
2026-04-23 20:40:17,060 : INFO : EventManager : Event: ======'player_bodhisattvavow_time_remaining_variable_times_1'====== Args={'value': 3, 'prev_value': 4, 'change': -1, 'player_num': 1, 'source': 'bodhivow'}
2026-04-23 20:40:17,105 : INFO : EventManager : Event: ======'player_instruments_instrument_rotate_tick'====== Args={'value': 1, 'prev_value': 0, 'change': 1, 'player_num': 1}
2026-04-23 20:40:17,106 : INFO : Timer.instrument_rotate : Timer Complete
2026-04-23 20:40:17,106 : INFO : Timer.instrument_rotate : Stopping Timer
2026-04-23 20:40:17,106 : INFO : EventManager : Event: ======'timer_instrument_rotate_stopped'====== Args={'ticks': 1, 'ticks_remaining': 1}
2026-04-23 20:40:17,107 : INFO : EventManager : Event: ======'timer_instrument_rotate_complete'====== Args={'ticks': 1, 'ticks_remaining': 1}
2026-04-23 20:40:17,107 : INFO : EventManager : Event: ======'player_shot_bottom_drop'====== Args={'value': 0, 'prev_value': 1, 'change': -1, 'player_num': 1}
2026-04-23 20:40:17,108 : INFO : EventManager : Event: ======'player_shot_middle_drop'====== Args={'value': 1, 'prev_value': 0, 'change': 1, 'player_num': 1}
2026-04-23 20:40:17,109 : INFO : EventManager : Event: ======'player_instruments_instrument_rotate_tick'====== Args={'value': 0, 'prev_value': 1, 'change': -1, 'player_num': 1}
2026-04-23 20:40:17,110 : INFO : Timer.instrument_rotate : Starting Timer.
2026-04-23 20:40:17,110 : INFO : EventManager : Event: ======'timer_instrument_rotate_started'====== Args={'ticks': 0, 'ticks_remaining': 1}
2026-04-23 20:40:17,110 : INFO : EventManager : Event: ======'timer_instrument_rotate_tick'====== Args={'ticks': 0, 'ticks_remaining': 1}
2026-04-23 20:40:18,059 : INFO : EventManager : Event: ======'player_bodhivow_bodhisattvavow_time_remaining_tick'====== Args={'value': 2, 'prev_value': 3, 'change': -1, 'player_num': 1}
2026-04-23 20:40:18,060 : INFO : EventManager : Event: ======'timer_bodhisattvavow_time_remaining_tick'====== Args={'ticks': 2, 'ticks_remaining': 2}
2026-04-23 20:40:18,061 : INFO : EventManager : Event: ======'player_bodhisattvavow_time_remaining_variable_times_1'====== Args={'value': 2, 'prev_value': 3, 'change': -1, 'player_num': 1, 'source': 'bodhivow'}
2026-04-23 20:40:18,123 : INFO : EventManager : Event: ======'player_instruments_instrument_rotate_tick'====== Args={'value': 1, 'prev_value': 0, 'change': 1, 'player_num': 1}
2026-04-23 20:40:18,124 : INFO : Timer.instrument_rotate : Timer Complete
2026-04-23 20:40:18,124 : INFO : Timer.instrument_rotate : Stopping Timer
2026-04-23 20:40:18,124 : INFO : EventManager : Event: ======'timer_instrument_rotate_stopped'====== Args={'ticks': 1, 'ticks_remaining': 1}
2026-04-23 20:40:18,124 : INFO : EventManager : Event: ======'timer_instrument_rotate_complete'====== Args={'ticks': 1, 'ticks_remaining': 1}
2026-04-23 20:40:18,124 : INFO : EventManager : Event: ======'player_shot_middle_drop'====== Args={'value': 0, 'prev_value': 1, 'change': -1, 'player_num': 1}
2026-04-23 20:40:18,125 : INFO : EventManager : Event: ======'player_shot_top_drop'====== Args={'value': 1, 'prev_value': 0, 'change': 1, 'player_num': 1}
2026-04-23 20:40:18,125 : INFO : EventManager : Event: ======'player_instruments_instrument_rotate_tick'====== Args={'value': 0, 'prev_value': 1, 'change': -1, 'player_num': 1}
2026-04-23 20:40:18,125 : INFO : Timer.instrument_rotate : Starting Timer.
2026-04-23 20:40:18,125 : INFO : EventManager : Event: ======'timer_instrument_rotate_started'====== Args={'ticks': 0, 'ticks_remaining': 1}
2026-04-23 20:40:18,126 : INFO : EventManager : Event: ======'timer_instrument_rotate_tick'====== Args={'ticks': 0, 'ticks_remaining': 1}
2026-04-23 20:40:19,064 : INFO : EventManager : Event: ======'player_bodhivow_bodhisattvavow_time_remaining_tick'====== Args={'value': 1, 'prev_value': 2, 'change': -1, 'player_num': 1}
2026-04-23 20:40:19,065 : INFO : EventManager : Event: ======'timer_bodhisattvavow_time_remaining_tick'====== Args={'ticks': 1, 'ticks_remaining': 1}
2026-04-23 20:40:19,066 : INFO : EventManager : Event: ======'player_bodhisattvavow_time_remaining_variable_times_1'====== Args={'value': 1, 'prev_value': 2, 'change': -1, 'player_num': 1, 'source': 'bodhivow'}
2026-04-23 20:40:19,128 : INFO : EventManager : Event: ======'player_instruments_instrument_rotate_tick'====== Args={'value': 1, 'prev_value': 0, 'change': 1, 'player_num': 1}
2026-04-23 20:40:19,129 : INFO : Timer.instrument_rotate : Timer Complete
2026-04-23 20:40:19,129 : INFO : Timer.instrument_rotate : Stopping Timer
2026-04-23 20:40:19,129 : INFO : EventManager : Event: ======'timer_instrument_rotate_stopped'====== Args={'ticks': 1, 'ticks_remaining': 1}
2026-04-23 20:40:19,130 : INFO : EventManager : Event: ======'timer_instrument_rotate_complete'====== Args={'ticks': 1, 'ticks_remaining': 1}
2026-04-23 20:40:19,130 : INFO : EventManager : Event: ======'player_shot_bottom_drop'====== Args={'value': 1, 'prev_value': 0, 'change': 1, 'player_num': 1}
2026-04-23 20:40:19,131 : INFO : EventManager : Event: ======'player_shot_top_drop'====== Args={'value': 0, 'prev_value': 1, 'change': -1, 'player_num': 1}
2026-04-23 20:40:19,131 : INFO : EventManager : Event: ======'player_instruments_instrument_rotate_tick'====== Args={'value': 0, 'prev_value': 1, 'change': -1, 'player_num': 1}
2026-04-23 20:40:19,131 : INFO : Timer.instrument_rotate : Starting Timer.
2026-04-23 20:40:19,131 : INFO : EventManager : Event: ======'timer_instrument_rotate_started'====== Args={'ticks': 0, 'ticks_remaining': 1}
2026-04-23 20:40:19,132 : INFO : EventManager : Event: ======'timer_instrument_rotate_tick'====== Args={'ticks': 0, 'ticks_remaining': 1}
2026-04-23 20:40:20,063 : INFO : EventManager : Event: ======'player_bodhivow_bodhisattvavow_time_remaining_tick'====== Args={'value': 0, 'prev_value': 1, 'change': -1, 'player_num': 1}
2026-04-23 20:40:20,064 : INFO : Timer.bodhisattvavow_time_remaining : Timer Complete
2026-04-23 20:40:20,064 : INFO : Timer.bodhisattvavow_time_remaining : Stopping Timer
2026-04-23 20:40:20,064 : INFO : EventManager : Event: ======'timer_bodhisattvavow_time_remaining_stopped'====== Args={'ticks': 0, 'ticks_remaining': 1}
2026-04-23 20:40:20,064 : INFO : EventManager : Event: ======'timer_bodhisattvavow_time_remaining_complete'====== Args={'ticks': 0, 'ticks_remaining': 1}
2026-04-23 20:40:20,065 : INFO : EventManager : Event: ======'mode_end_mode_will_start'====== Args={'ticks': 0, 'ticks_remaining': 1}
2026-04-23 20:40:20,066 : INFO : EventManager : Event: ======'mode_end_mode_starting'====== Args={'ticks': 0, 'ticks_remaining': 1}
2026-04-23 20:40:20,066 : INFO : EventManager : Event: ======'ball_save_fake_bodhisattvavow_ball_save_enabled'====== Args={}
2026-04-23 20:40:20,066 : INFO : EventManager : Event: ======'mode_bodhivow_will_stop'====== Args={}
2026-04-23 20:40:20,066 : INFO : EventManager : Event: ======'mode_bodhivow_stopping'====== Args={}
2026-04-23 20:40:20,067 : INFO : EventManager : Event: ======'multiball_bodhisattvavow_shoot_again_ended'====== Args={}
2026-04-23 20:40:20,068 : INFO : Mode.bodhivow : Stopped.
2026-04-23 20:40:20,068 : INFO : EventManager : Event: ======'modes_active_modes_changed'====== Args={}
2026-04-23 20:40:20,071 : INFO : EventManager : Event: ======'mode_bodhivow_stopped'====== Args={}
2026-04-23 20:40:20,072 : INFO : EventManager : Event: ======'clear'====== Args={'key': 'bodhivow'}
2026-04-23 20:40:20,072 : INFO : EventManager : Event: ======'achievement_bodhisattvavow_mode_changed_state'====== Args={'restore': False, 'state': 'completed', 'selected': False}
2026-04-23 20:40:20,072 : INFO : EventManager : Event: ======'achievement_bodhisattvavow_mode_state_completed'====== Args={'restore': False, 'state': 'completed', 'selected': False}
2026-04-23 20:40:20,074 : INFO : EventManager : Event: ======'ball_save_fake_bodhisattvavow_ball_save_disabled'====== Args={}
2026-04-23 20:40:20,074 : INFO : Timer.bodhisattvavow_time_remaining : Stopping Timer
2026-04-23 20:40:20,074 : INFO : EventManager : Event: ======'timer_bodhisattvavow_time_remaining_stopped'====== Args={'ticks': 0, 'ticks_remaining': 1}
2026-04-23 20:40:20,074 : INFO : Timer.bodhisattvavow_intro_show : Stopping Timer
2026-04-23 20:40:20,074 : INFO : EventManager : Event: ======'timer_bodhisattvavow_intro_show_stopped'====== Args={'ticks': 8, 'ticks_remaining': 1}
2026-04-23 20:40:20,075 : INFO : Mode.end_mode : Started. Priority: 8150
2026-04-23 20:40:20,075 : INFO : EventManager : Event: ======'modes_active_modes_changed'====== Args={}
2026-04-23 20:40:20,075 : INFO : EventManager : Event: ======'mode_end_mode_started'====== Args={'ticks': 0, 'ticks_remaining': 1}
2026-04-23 20:40:20,075 : INFO : EventManager : Event: ======'mode_ball_save_end_mode_will_start'====== Args={'ticks': 0, 'ticks_remaining': 1}
2026-04-23 20:40:20,076 : INFO : EventManager : Unordered handler for class <timer.playfield_x_timer> on event ball_will_end with priority 1. Handlers: [RegisteredHandler(callback=<bound method Timer.pause of <timer.playfield_x_timer>>, priority=1, kwargs={'timer_value': None}, key=UUID('2662d6ff-6890-4f8f-b9a8-93998c42d451'), condition=None, blocking_facility=None), RegisteredHandler(callback=<bound method Timer.jump of <timer.playfield_x_timer>>, priority=1, kwargs={'timer_value': <NativeTemplate 30.0>}, key=UUID('496e1753-6f90-4e8f-b0d4-6e405053567e'), condition=None, blocking_facility=None)]. The order of those handlers is not defined and they will be executed in random order. This might lead to race conditions and potential bugs.
2026-04-23 20:40:20,076 : INFO : EventManager : Event: ======'mode_ball_save_end_mode_starting'====== Args={'ticks': 0, 'ticks_remaining': 1}
2026-04-23 20:40:20,076 : INFO : EventManager : Event: ======'disable_flippers'====== Args={'priority': 0}
2026-04-23 20:40:20,077 : INFO : EventManager : Event: ======'disable_pops'====== Args={'priority': 0}
2026-04-23 20:40:20,077 : INFO : EventManager : Event: ======'disable_slings'====== Args={'priority': 0}
2026-04-23 20:40:20,077 : INFO : EventManager : Event: ======'my_queue_end_bodhisattvavow'====== Args={}
2026-04-23 20:40:20,078 : INFO : coil.c_flipper_left_main : Disabling Driver
2026-04-23 20:40:20,078 : INFO : coil.c_flipper_left_hold : Disabling Driver
2026-04-23 20:40:20,078 : INFO : coil.c_flipper_right_main : Disabling Driver
2026-04-23 20:40:20,078 : INFO : coil.c_flipper_right_hold : Disabling Driver
2026-04-23 20:40:20,078 : INFO : coil.c_flipper_top_right_main : Disabling Driver
2026-04-23 20:40:20,078 : INFO : coil.c_flipper_top_right_hold : Disabling Driver
2026-04-23 20:40:20,078 : INFO : coil.c_right_lower_pop : Disabling Driver
2026-04-23 20:40:20,078 : INFO : coil.c_center_upper_pop : Disabling Driver
2026-04-23 20:40:20,079 : INFO : coil.c_left_upper_pop : Disabling Driver
2026-04-23 20:40:20,079 : INFO : coil.c_left_slingshot : Disabling Driver
2026-04-23 20:40:20,079 : INFO : coil.c_right_slingshot : Disabling Driver
2026-04-23 20:40:20,079 : INFO : Mode.ball_save_end_mode : Started. Priority: 9100
2026-04-23 20:40:20,079 : INFO : EventManager : Event: ======'modes_active_modes_changed'====== Args={}
2026-04-23 20:40:20,080 : INFO : EventManager : Event: ======'mode_ball_save_end_mode_started'====== Args={'ticks': 0, 'ticks_remaining': 1}
2026-04-23 20:40:20,080 : INFO : EventManager : Event: ======'ball_save_end_mode_ball_save_enabled'====== Args={}
2026-04-23 20:40:20,081 : INFO : EventManager : Event: ======'start_end_mode_intro'====== Args={}
2026-04-23 20:40:20,096 : INFO : EventManager : Event: ======'slide_bodhisattvavow_removed'====== Args={'_from_bcp': True}
2026-04-23 20:40:20,112 : INFO : EventManager : Event: ======'slide_bodhisattvavow_display_timer_inactive'====== Args={'is_removing': True, '_from_bcp': True}
2026-04-23 20:40:20,112 : INFO : EventManager : Event: ======'slide_instrument_blocks_active'====== Args={'_from_bcp': True}
2026-04-23 20:40:20,113 : INFO : EventManager : Event: ======'slide_bodhisattvavow_display_timer_removed'====== Args={'_from_bcp': True}
2026-04-23 20:40:20,115 : INFO : EventManager : Event: ======'widget_jam_on_active'====== Args={'original_context': 'end_mode', 'original_calling_context': 'mode_end_mode_started', 'priority': 8150.0, 'ticks': 0.0, 'ticks_remaining': 1.0, 'cmd': 'widgets_play', '_from_bcp': True}
2026-04-23 20:40:20,116 : INFO : EventManager : Event: ======'slide_base_created'====== Args={'_from_bcp': True}
2026-04-23 20:40:20,116 : INFO : EventManager : Event: ======'play_base_video3'====== Args={'_from_bcp': True}
2026-04-23 20:40:20,139 : INFO : EventManager : Event: ======'player_instruments_instrument_rotate_tick'====== Args={'value': 1, 'prev_value': 0, 'change': 1, 'player_num': 1}
2026-04-23 20:40:20,140 : INFO : Timer.instrument_rotate : Timer Complete
2026-04-23 20:40:20,140 : INFO : Timer.instrument_rotate : Stopping Timer
2026-04-23 20:40:20,141 : INFO : EventManager : Event: ======'timer_instrument_rotate_stopped'====== Args={'ticks': 1, 'ticks_remaining': 1}
2026-04-23 20:40:20,141 : INFO : EventManager : Event: ======'timer_instrument_rotate_complete'====== Args={'ticks': 1, 'ticks_remaining': 1}
2026-04-23 20:40:20,141 : INFO : EventManager : Event: ======'slide_basevideo3_created'====== Args={'_from_bcp': True}
2026-04-23 20:40:20,143 : INFO : EventManager : Event: ======'player_shot_bottom_drop'====== Args={'value': 0, 'prev_value': 1, 'change': -1, 'player_num': 1}
2026-04-23 20:40:20,143 : INFO : EventManager : Event: ======'player_shot_middle_drop'====== Args={'value': 1, 'prev_value': 0, 'change': 1, 'player_num': 1}
2026-04-23 20:40:20,144 : INFO : EventManager : Event: ======'player_instruments_instrument_rotate_tick'====== Args={'value': 0, 'prev_value': 1, 'change': -1, 'player_num': 1}
2026-04-23 20:40:20,144 : INFO : Timer.instrument_rotate : Starting Timer.
2026-04-23 20:40:20,145 : INFO : EventManager : Event: ======'timer_instrument_rotate_started'====== Args={'ticks': 0, 'ticks_remaining': 1}
2026-04-23 20:40:20,145 : INFO : EventManager : Event: ======'timer_instrument_rotate_tick'====== Args={'ticks': 0, 'ticks_remaining': 1}
2026-04-23 20:40:21,156 : INFO : EventManager : Event: ======'player_instruments_instrument_rotate_tick'====== Args={'value': 1, 'prev_value': 0, 'change': 1, 'player_num': 1}
2026-04-23 20:40:21,157 : INFO : Timer.instrument_rotate : Timer Complete
2026-04-23 20:40:21,157 : INFO : Timer.instrument_rotate : Stopping Timer
2026-04-23 20:40:21,157 : INFO : EventManager : Event: ======'timer_instrument_rotate_stopped'====== Args={'ticks': 1, 'ticks_remaining': 1}
2026-04-23 20:40:21,157 : INFO : EventManager : Event: ======'timer_instrument_rotate_complete'====== Args={'ticks': 1, 'ticks_remaining': 1}
2026-04-23 20:40:21,158 : INFO : EventManager : Event: ======'player_shot_middle_drop'====== Args={'value': 0, 'prev_value': 1, 'change': -1, 'player_num': 1}
2026-04-23 20:40:21,158 : INFO : EventManager : Event: ======'player_shot_top_drop'====== Args={'value': 1, 'prev_value': 0, 'change': 1, 'player_num': 1}
2026-04-23 20:40:21,158 : INFO : EventManager : Event: ======'player_instruments_instrument_rotate_tick'====== Args={'value': 0, 'prev_value': 1, 'change': -1, 'player_num': 1}
2026-04-23 20:40:21,159 : INFO : Timer.instrument_rotate : Starting Timer.
2026-04-23 20:40:21,159 : INFO : EventManager : Event: ======'timer_instrument_rotate_started'====== Args={'ticks': 0, 'ticks_remaining': 1}
2026-04-23 20:40:21,159 : INFO : EventManager : Event: ======'timer_instrument_rotate_tick'====== Args={'ticks': 0, 'ticks_remaining': 1}
2026-04-23 20:40:22,170 : INFO : EventManager : Event: ======'player_instruments_instrument_rotate_tick'====== Args={'value': 1, 'prev_value': 0, 'change': 1, 'player_num': 1}
2026-04-23 20:40:22,171 : INFO : Timer.instrument_rotate : Timer Complete
2026-04-23 20:40:22,171 : INFO : Timer.instrument_rotate : Stopping Timer
2026-04-23 20:40:22,171 : INFO : EventManager : Event: ======'timer_instrument_rotate_stopped'====== Args={'ticks': 1, 'ticks_remaining': 1}
2026-04-23 20:40:22,171 : INFO : EventManager : Event: ======'timer_instrument_rotate_complete'====== Args={'ticks': 1, 'ticks_remaining': 1}
2026-04-23 20:40:22,172 : INFO : EventManager : Event: ======'player_shot_bottom_drop'====== Args={'value': 1, 'prev_value': 0, 'change': 1, 'player_num': 1}
2026-04-23 20:40:22,173 : INFO : EventManager : Event: ======'player_shot_top_drop'====== Args={'value': 0, 'prev_value': 1, 'change': -1, 'player_num': 1}
2026-04-23 20:40:22,173 : INFO : EventManager : Event: ======'player_instruments_instrument_rotate_tick'====== Args={'value': 0, 'prev_value': 1, 'change': -1, 'player_num': 1}
2026-04-23 20:40:22,173 : INFO : Timer.instrument_rotate : Starting Timer.
2026-04-23 20:40:22,173 : INFO : EventManager : Event: ======'timer_instrument_rotate_started'====== Args={'ticks': 0, 'ticks_remaining': 1}
2026-04-23 20:40:22,174 : INFO : EventManager : Event: ======'timer_instrument_rotate_tick'====== Args={'ticks': 0, 'ticks_remaining': 1}
2026-04-23 20:40:23,176 : INFO : EventManager : Event: ======'player_instruments_instrument_rotate_tick'====== Args={'value': 1, 'prev_value': 0, 'change': 1, 'player_num': 1}
2026-04-23 20:40:23,177 : INFO : Timer.instrument_rotate : Timer Complete
2026-04-23 20:40:23,177 : INFO : Timer.instrument_rotate : Stopping Timer
2026-04-23 20:40:23,177 : INFO : EventManager : Event: ======'timer_instrument_rotate_stopped'====== Args={'ticks': 1, 'ticks_remaining': 1}
2026-04-23 20:40:23,177 : INFO : EventManager : Event: ======'timer_instrument_rotate_complete'====== Args={'ticks': 1, 'ticks_remaining': 1}
2026-04-23 20:40:23,178 : INFO : EventManager : Event: ======'player_shot_bottom_drop'====== Args={'value': 0, 'prev_value': 1, 'change': -1, 'player_num': 1}
2026-04-23 20:40:23,178 : INFO : EventManager : Event: ======'player_shot_middle_drop'====== Args={'value': 1, 'prev_value': 0, 'change': 1, 'player_num': 1}
2026-04-23 20:40:23,178 : INFO : EventManager : Event: ======'player_instruments_instrument_rotate_tick'====== Args={'value': 0, 'prev_value': 1, 'change': -1, 'player_num': 1}
2026-04-23 20:40:23,179 : INFO : Timer.instrument_rotate : Starting Timer.
2026-04-23 20:40:23,179 : INFO : EventManager : Event: ======'timer_instrument_rotate_started'====== Args={'ticks': 0, 'ticks_remaining': 1}
2026-04-23 20:40:23,179 : INFO : EventManager : Event: ======'timer_instrument_rotate_tick'====== Args={'ticks': 0, 'ticks_remaining': 1}
2026-04-23 20:40:24,188 : INFO : EventManager : Event: ======'player_instruments_instrument_rotate_tick'====== Args={'value': 1, 'prev_value': 0, 'change': 1, 'player_num': 1}
2026-04-23 20:40:24,189 : INFO : Timer.instrument_rotate : Timer Complete
2026-04-23 20:40:24,189 : INFO : Timer.instrument_rotate : Stopping Timer
2026-04-23 20:40:24,190 : INFO : EventManager : Event: ======'timer_instrument_rotate_stopped'====== Args={'ticks': 1, 'ticks_remaining': 1}
2026-04-23 20:40:24,190 : INFO : EventManager : Event: ======'timer_instrument_rotate_complete'====== Args={'ticks': 1, 'ticks_remaining': 1}
2026-04-23 20:40:24,191 : INFO : EventManager : Event: ======'player_shot_middle_drop'====== Args={'value': 0, 'prev_value': 1, 'change': -1, 'player_num': 1}
2026-04-23 20:40:24,192 : INFO : EventManager : Event: ======'player_shot_top_drop'====== Args={'value': 1, 'prev_value': 0, 'change': 1, 'player_num': 1}
2026-04-23 20:40:24,192 : INFO : EventManager : Event: ======'player_instruments_instrument_rotate_tick'====== Args={'value': 0, 'prev_value': 1, 'change': -1, 'player_num': 1}
2026-04-23 20:40:24,193 : INFO : Timer.instrument_rotate : Starting Timer.
2026-04-23 20:40:24,193 : INFO : EventManager : Event: ======'timer_instrument_rotate_started'====== Args={'ticks': 0, 'ticks_remaining': 1}
2026-04-23 20:40:24,193 : INFO : EventManager : Event: ======'timer_instrument_rotate_tick'====== Args={'ticks': 0, 'ticks_remaining': 1}
2026-04-23 20:40:25,049 : INFO : Machine : Shutting down...
2026-04-23 20:40:25,050 : INFO : EventManager : Event: ======'shutdown'====== Args={}
2026-04-23 20:40:25,050 : INFO : EventManager : Event: ======'mode_service_will_stop'====== Args={}
2026-04-23 20:40:25,051 : INFO : EventManager : Event: ======'mode_service_stopping'====== Args={}
2026-04-23 20:40:25,052 : INFO : Mode.service : Stopped.
2026-04-23 20:40:25,052 : INFO : EventManager : Event: ======'modes_active_modes_changed'====== Args={}
2026-04-23 20:40:25,052 : INFO : EventManager : Event: ======'mode_service_stopped'====== Args={}
2026-04-23 20:40:25,052 : INFO : EventManager : Event: ======'clear'====== Args={'key': 'service'}
2026-04-23 20:40:25,054 : INFO : EventManager : Event: ======'mode_game_will_stop'====== Args={}
2026-04-23 20:40:25,054 : INFO : EventManager : Event: ======'mode_game_stopping'====== Args={}
2026-04-23 20:40:25,055 : INFO : EventManager : Event: ======'mode_end_mode_will_stop'====== Args={}
2026-04-23 20:40:25,056 : INFO : EventManager : Event: ======'mode_end_mode_stopping'====== Args={}
2026-04-23 20:40:25,056 : INFO : EventManager : Event: ======'mode_batterycharger_will_stop'====== Args={}
2026-04-23 20:40:25,056 : INFO : EventManager : Event: ======'mode_batterycharger_stopping'====== Args={}
2026-04-23 20:40:25,056 : INFO : EventManager : Event: ======'mode_ball_save_end_mode_will_stop'====== Args={}
2026-04-23 20:40:25,056 : INFO : EventManager : Event: ======'mode_ball_save_end_mode_stopping'====== Args={}
2026-04-23 20:40:25,056 : INFO : EventManager : Event: ======'mode_multiball_will_stop'====== Args={}
2026-04-23 20:40:25,056 : INFO : EventManager : Event: ======'mode_multiball_stopping'====== Args={}
2026-04-23 20:40:25,056 : INFO : EventManager : Event: ======'mode_instruments_will_stop'====== Args={}
2026-04-23 20:40:25,056 : INFO : EventManager : Event: ======'mode_instruments_stopping'====== Args={}
2026-04-23 20:40:25,056 : INFO : EventManager : Event: ======'mode_base_will_stop'====== Args={}
2026-04-23 20:40:25,056 : INFO : EventManager : Event: ======'mode_base_stopping'====== Args={}
2026-04-23 20:40:25,056 : INFO : EventManager : Event: ======'mode_combos_will_stop'====== Args={}
2026-04-23 20:40:25,056 : INFO : EventManager : Event: ======'mode_combos_stopping'====== Args={}
2026-04-23 20:40:25,057 : INFO : Mode.combos : Stopped.
2026-04-23 20:40:25,058 : INFO : EventManager : Event: ======'modes_active_modes_changed'====== Args={}
2026-04-23 20:40:25,058 : INFO : EventManager : Event: ======'mode_combos_stopped'====== Args={}
2026-04-23 20:40:25,058 : INFO : EventManager : Event: ======'clear'====== Args={'key': 'combos'}
2026-04-23 20:40:25,082 : INFO : Mode.base : Stopped.
2026-04-23 20:40:25,083 : INFO : EventManager : Event: ======'modes_active_modes_changed'====== Args={}
2026-04-23 20:40:25,087 : INFO : EventManager : Event: ======'mode_base_stopped'====== Args={}
2026-04-23 20:40:25,087 : INFO : EventManager : Event: ======'clear'====== Args={'key': 'base'}
2026-04-23 20:40:25,092 : INFO : Timer.bodymovin_ball_2_locked_widget_timer : Stopping Timer
2026-04-23 20:40:25,092 : INFO : EventManager : Event: ======'timer_bodymovin_ball_2_locked_widget_timer_stopped'====== Args={'ticks': 0, 'ticks_remaining': 0}
2026-04-23 20:40:25,093 : INFO : Timer.bodymovin_ball_1_locked_widget_timer : Stopping Timer
2026-04-23 20:40:25,093 : INFO : EventManager : Event: ======'timer_bodymovin_ball_1_locked_widget_timer_stopped'====== Args={'ticks': 0, 'ticks_remaining': 0}
2026-04-23 20:40:25,093 : INFO : Timer.bodymovin_lock_enabled_widget_timer : Stopping Timer
2026-04-23 20:40:25,093 : INFO : EventManager : Event: ======'timer_bodymovin_lock_enabled_widget_timer_stopped'====== Args={'ticks': 0, 'ticks_remaining': 0}
2026-04-23 20:40:25,093 : INFO : Timer.bodymovin_widget_timer : Stopping Timer
2026-04-23 20:40:25,094 : INFO : EventManager : Event: ======'timer_bodymovin_widget_timer_stopped'====== Args={'ticks': 0, 'ticks_remaining': 0}
2026-04-23 20:40:25,094 : INFO : Timer.chcheckitoutfinish_widget_timer : Stopping Timer
2026-04-23 20:40:25,095 : INFO : EventManager : Event: ======'timer_chcheckitoutfinish_widget_timer_stopped'====== Args={'ticks': 0, 'ticks_remaining': 0}
2026-04-23 20:40:25,103 : INFO : Mode.instruments : Stopped.
2026-04-23 20:40:25,104 : INFO : EventManager : Event: ======'modes_active_modes_changed'====== Args={}
2026-04-23 20:40:25,105 : INFO : EventManager : Event: ======'mode_instruments_stopped'====== Args={}
2026-04-23 20:40:25,105 : INFO : EventManager : Event: ======'clear'====== Args={'key': 'instruments'}
2026-04-23 20:40:25,105 : INFO : Timer.playfield_x_timer : Stopping Timer
2026-04-23 20:40:25,105 : INFO : EventManager : Event: ======'timer_playfield_x_timer_stopped'====== Args={'ticks': 30, 'ticks_remaining': 0}
2026-04-23 20:40:25,106 : INFO : Timer.instrument_rotate : Stopping Timer
2026-04-23 20:40:25,106 : INFO : EventManager : Event: ======'timer_instrument_rotate_stopped'====== Args={'ticks': 0, 'ticks_remaining': 1}
2026-04-23 20:40:25,106 : INFO : Mode.multiball : Stopped.
2026-04-23 20:40:25,106 : INFO : EventManager : Event: ======'modes_active_modes_changed'====== Args={}
2026-04-23 20:40:25,107 : INFO : EventManager : Event: ======'mode_multiball_stopped'====== Args={}
2026-04-23 20:40:25,107 : INFO : EventManager : Event: ======'clear'====== Args={'key': 'multiball'}
2026-04-23 20:40:25,107 : INFO : Mode.batterycharger : Stopped.
2026-04-23 20:40:25,107 : INFO : EventManager : Event: ======'modes_active_modes_changed'====== Args={}
2026-04-23 20:40:25,108 : INFO : EventManager : Event: ======'mode_batterycharger_stopped'====== Args={}
2026-04-23 20:40:25,108 : INFO : EventManager : Event: ======'clear'====== Args={'key': 'batterycharger'}
2026-04-23 20:40:25,109 : INFO : Mode.end_mode : Stopped.
2026-04-23 20:40:25,110 : INFO : EventManager : Event: ======'modes_active_modes_changed'====== Args={}
2026-04-23 20:40:25,110 : INFO : EventManager : Event: ======'mode_end_mode_stopped'====== Args={}
2026-04-23 20:40:25,110 : INFO : EventManager : Event: ======'clear'====== Args={'key': 'end_mode'}
2026-04-23 20:40:25,111 : INFO : Mode.ball_save_end_mode : Stopped.
2026-04-23 20:40:25,111 : INFO : EventManager : Event: ======'modes_active_modes_changed'====== Args={}
2026-04-23 20:40:25,111 : INFO : EventManager : Event: ======'mode_ball_save_end_mode_stopped'====== Args={}
2026-04-23 20:40:25,111 : INFO : EventManager : Event: ======'clear'====== Args={'key': 'ball_save_end_mode'}
2026-04-23 20:40:25,112 : INFO : EventManager : Event: ======'ball_save_end_mode_ball_save_disabled'====== Args={}
2026-04-23 20:40:25,112 : INFO : EventManager : Event: ======'end_end_mode'====== Args={}
2026-04-23 20:40:25,113 : INFO : Mode.game : Stopped.
2026-04-23 20:40:25,113 : INFO : EventManager : Event: ======'modes_active_modes_changed'====== Args={}
2026-04-23 20:40:25,113 : INFO : EventManager : Event: ======'mode_game_stopped'====== Args={}
2026-04-23 20:40:25,113 : INFO : EventManager : Event: ======'clear'====== Args={'key': 'game'}
2026-04-23 20:40:25,118 : INFO : root : MPF run loop ended.
