2026-03-17 17:51:43,782 : INFO : root : Loading config.
2026-03-17 17:51:43,785 : INFO : YamlMultifileConfigLoader : Machine config file #1: config.yaml
2026-03-17 17:51:43,786 : INFO : ConfigProcessor : Loading config from cache: C:\Users\sdona\AppData\Local\Temp\3b8fca15c900b8c5017593b227e0c010.mpf_cache
2026-03-17 17:51:43,900 : INFO : ConfigProcessor : Loading config from cache: C:\Users\sdona\AppData\Local\Temp\f6660a7d6ef93b3364a89f3863bac82d.mpf_cache
2026-03-17 17:51:43,901 : INFO : ConfigProcessor : Loading config from cache: C:\Users\sdona\AppData\Local\Temp\63a1edb72ce8f5a08e3b0bd829aa2a0d.mpf_cache
2026-03-17 17:51:43,902 : WARNING : ConfigProcessor : Config file in cache changed: C:\venv\mpf\mmmdrop\modes\base\config\base.yaml
2026-03-17 17:51:43,902 : INFO : ConfigProcessor : Loading config from file C:\venv\mpf\mmmdrop\modes\base\config\base.yaml.
2026-03-17 17:51:44,155 : INFO : ConfigProcessor : Loading config: C:\venv\mpf\mmmdrop\modes\base\config\base.yaml
2026-03-17 17:51:44,159 : INFO : ConfigProcessor : Config file cache created: C:\Users\sdona\AppData\Local\Temp\c340ec0033d1055cd797ffd5447ef414.mpf_cache
2026-03-17 17:51:44,159 : INFO : ConfigProcessor : Loading config from cache: C:\Users\sdona\AppData\Local\Temp\f6660a7d6ef93b3364a89f3863bac82d.mpf_cache
2026-03-17 17:51:44,160 : INFO : ConfigProcessor : Loading config from cache: C:\Users\sdona\AppData\Local\Temp\8c11a28e3c38d4ad47947b6a126f2ee9.mpf_cache
2026-03-17 17:51:44,161 : INFO : ConfigProcessor : Loading config from cache: C:\Users\sdona\AppData\Local\Temp\e391083cdc9e667060411fe5838e93f2.mpf_cache
2026-03-17 17:51:44,162 : INFO : ConfigProcessor : Loading config from cache: C:\Users\sdona\AppData\Local\Temp\f0c219a993d891ee86dcb7eae47dde67.mpf_cache
2026-03-17 17:51:44,162 : INFO : ConfigProcessor : Loading config from cache: C:\Users\sdona\AppData\Local\Temp\96aa58108928490b129531848cd9b506.mpf_cache
2026-03-17 17:51:44,163 : INFO : ConfigProcessor : Loading config from cache: C:\Users\sdona\AppData\Local\Temp\567636b9d9766e3361204e954a8382da.mpf_cache
2026-03-17 17:51:44,164 : INFO : ConfigProcessor : Loading config from cache: C:\Users\sdona\AppData\Local\Temp\8f47ddcaffd9506a6ab610332e5e93e6.mpf_cache
2026-03-17 17:51:44,165 : INFO : ConfigProcessor : Loading config from cache: C:\Users\sdona\AppData\Local\Temp\112f935d1c2002cb40d3e6e497be9e7c.mpf_cache
2026-03-17 17:51:44,165 : INFO : ConfigProcessor : Loading config from cache: C:\Users\sdona\AppData\Local\Temp\a4c67531f25fc6af6ec97b4ab4b5e0a4.mpf_cache
2026-03-17 17:51:44,166 : INFO : ConfigProcessor : Loading config from cache: C:\Users\sdona\AppData\Local\Temp\de8ed6c6d4c48d1b5b054ff74222cb35.mpf_cache
2026-03-17 17:51:44,166 : INFO : ConfigProcessor : Loading config from cache: C:\Users\sdona\AppData\Local\Temp\0511702d1aff7294933b3415dcc6bcd8.mpf_cache
2026-03-17 17:51:44,167 : INFO : ConfigProcessor : Loading config from cache: C:\Users\sdona\AppData\Local\Temp\3eebd8fc985a6907aa555c0256177d6c.mpf_cache
2026-03-17 17:51:44,167 : INFO : ConfigProcessor : Loading config from cache: C:\Users\sdona\AppData\Local\Temp\7f047f20ee2604e573d0056474eb225c.mpf_cache
2026-03-17 17:51:44,168 : INFO : ConfigProcessor : Loading config from cache: C:\Users\sdona\AppData\Local\Temp\7cbf965458447bfe6339fd0c6d804285.mpf_cache
2026-03-17 17:51:44,168 : INFO : ConfigProcessor : Loading config from cache: C:\Users\sdona\AppData\Local\Temp\c09cbc2eb967f07064f0c7aeb253df93.mpf_cache
2026-03-17 17:51:44,169 : INFO : ConfigProcessor : Loading config from cache: C:\Users\sdona\AppData\Local\Temp\3e3e819377c518a390ee259f491dfb06.mpf_cache
2026-03-17 17:51:44,170 : INFO : ConfigProcessor : Loading config from cache: C:\Users\sdona\AppData\Local\Temp\1bbdf2c973c297bc3add8824c296f9ca.mpf_cache
2026-03-17 17:51:44,170 : INFO : ConfigProcessor : Loading config from cache: C:\Users\sdona\AppData\Local\Temp\8743abc5a0185ade0d9653d9d4dd60e6.mpf_cache
2026-03-17 17:51:44,171 : INFO : ConfigProcessor : Loading config from cache: C:\Users\sdona\AppData\Local\Temp\bc1a93e04317e488751dae7b5251780b.mpf_cache
2026-03-17 17:51:44,172 : INFO : ConfigProcessor : Loading config from cache: C:\Users\sdona\AppData\Local\Temp\8a267c6d1ad3bd205388d8363e4a5749.mpf_cache
2026-03-17 17:51:44,172 : INFO : ConfigProcessor : Loading config from cache: C:\Users\sdona\AppData\Local\Temp\507fc1d02e2e92e18a6830a59c5dcf80.mpf_cache
2026-03-17 17:51:44,173 : INFO : ConfigProcessor : Loading config from cache: C:\Users\sdona\AppData\Local\Temp\1d2961d421c758b6953fd569505e4b2d.mpf_cache
2026-03-17 17:51:44,174 : INFO : ConfigProcessor : Loading config from cache: C:\Users\sdona\AppData\Local\Temp\9e72e5fa0fd05160f49186c6524c14c9.mpf_cache
2026-03-17 17:51:44,174 : INFO : ConfigProcessor : Loading config from cache: C:\Users\sdona\AppData\Local\Temp\f7ea71975115b23719e8d60bf22b5425.mpf_cache
2026-03-17 17:51:44,175 : INFO : ConfigProcessor : Loading config from cache: C:\Users\sdona\AppData\Local\Temp\56c9cddbcff0d1410386b266159a0775.mpf_cache
2026-03-17 17:51:44,175 : INFO : ConfigProcessor : Loading config from cache: C:\Users\sdona\AppData\Local\Temp\6c385f71891889a392ac696568578c7f.mpf_cache
2026-03-17 17:51:44,176 : INFO : ConfigProcessor : Loading config from cache: C:\Users\sdona\AppData\Local\Temp\8bff58349a5bdf4b88bcb50c5fc898e7.mpf_cache
2026-03-17 17:51:44,177 : INFO : ConfigProcessor : Loading config from cache: C:\Users\sdona\AppData\Local\Temp\d3db07b89a5b253150cba0100f357975.mpf_cache
2026-03-17 17:51:44,178 : INFO : ConfigProcessor : Loading config from cache: C:\Users\sdona\AppData\Local\Temp\e6b55d6a1c06b0dd6369c964181bf8d3.mpf_cache
2026-03-17 17:51:44,179 : INFO : ConfigProcessor : Loading config from cache: C:\Users\sdona\AppData\Local\Temp\3ca5ed94cee484bbd3980c38d47f8b3d.mpf_cache
2026-03-17 17:51:44,180 : INFO : ConfigProcessor : Loading config from cache: C:\Users\sdona\AppData\Local\Temp\c400bf69dd848f9ec4f3356496b25a78.mpf_cache
2026-03-17 17:51:44,180 : INFO : ConfigProcessor : Loading config from cache: C:\Users\sdona\AppData\Local\Temp\b5a54abfbba58cd6005650aabe85cb35.mpf_cache
2026-03-17 17:51:44,180 : INFO : ConfigProcessor : Loading config from cache: C:\Users\sdona\AppData\Local\Temp\b9cf3f1e934d5266c0035de47faec02b.mpf_cache
2026-03-17 17:51:44,181 : INFO : ConfigProcessor : Loading config from cache: C:\Users\sdona\AppData\Local\Temp\67d6cae7afaea6fe987e87f8d3a3ea21.mpf_cache
2026-03-17 17:51:44,181 : INFO : ConfigProcessor : Loading config from cache: C:\Users\sdona\AppData\Local\Temp\e4c5b832148a7d383976fcf70408e8af.mpf_cache
2026-03-17 17:51:44,182 : INFO : ConfigProcessor : Loading config from cache: C:\Users\sdona\AppData\Local\Temp\3dc9c0f3b8def4f05bfb99cee3b83b66.mpf_cache
2026-03-17 17:51:44,182 : INFO : ConfigProcessor : Loading config from cache: C:\Users\sdona\AppData\Local\Temp\dce98d0c8129174f78168c3f3b9d3db8.mpf_cache
2026-03-17 17:51:44,183 : INFO : ConfigProcessor : Loading config from cache: C:\Users\sdona\AppData\Local\Temp\141b19e6c0168c485bbb38b6543175a8.mpf_cache
2026-03-17 17:51:44,183 : INFO : ConfigProcessor : Loading config from cache: C:\Users\sdona\AppData\Local\Temp\ada3b5b562837d919d62b9df0d0de8d3.mpf_cache
2026-03-17 17:51:44,183 : INFO : ConfigProcessor : Loading config from cache: C:\Users\sdona\AppData\Local\Temp\4e6dd3b0a361d042ad5ab93a8cc8b437.mpf_cache
2026-03-17 17:51:44,184 : INFO : ConfigProcessor : Loading config from cache: C:\Users\sdona\AppData\Local\Temp\e97c871403fe82070ff249d62d7cfe22.mpf_cache
2026-03-17 17:51:44,184 : INFO : ConfigProcessor : Loading config from cache: C:\Users\sdona\AppData\Local\Temp\64b6da5876f56fc970400d85dfe882ec.mpf_cache
2026-03-17 17:51:44,185 : INFO : ConfigProcessor : Loading config from cache: C:\Users\sdona\AppData\Local\Temp\c5a11fc9367393a964e333a780e846f7.mpf_cache
2026-03-17 17:51:44,185 : INFO : ConfigProcessor : Loading config from cache: C:\Users\sdona\AppData\Local\Temp\2816335dd466496617c9461f091e66f7.mpf_cache
2026-03-17 17:51:44,186 : INFO : ConfigProcessor : Loading config from cache: C:\Users\sdona\AppData\Local\Temp\6359f7257429add2d261e94bcafd60d5.mpf_cache
2026-03-17 17:51:44,186 : INFO : ConfigProcessor : Loading config from cache: C:\Users\sdona\AppData\Local\Temp\e1f034e230342bd5fff9d9c9df707a6d.mpf_cache
2026-03-17 17:51:44,187 : INFO : ConfigProcessor : Loading config from cache: C:\Users\sdona\AppData\Local\Temp\bed2bac5ea254e8ca98f6dd45e865fd8.mpf_cache
2026-03-17 17:51:44,187 : INFO : ConfigProcessor : Loading config from cache: C:\Users\sdona\AppData\Local\Temp\48e8797b77339ec89f8005d20046fbbb.mpf_cache
2026-03-17 17:51:44,187 : INFO : ConfigProcessor : Loading config from cache: C:\Users\sdona\AppData\Local\Temp\b0b8ed4dbd306ac2f063788d81ec6bc4.mpf_cache
2026-03-17 17:51:44,188 : INFO : ConfigProcessor : Loading config from cache: C:\Users\sdona\AppData\Local\Temp\98b42cbd2eba7845afea8d7862634639.mpf_cache
2026-03-17 17:51:44,188 : INFO : ConfigProcessor : Loading config from cache: C:\Users\sdona\AppData\Local\Temp\44893055a228bb5e0381bfc6f9c0abd7.mpf_cache
2026-03-17 17:51:44,189 : INFO : ConfigProcessor : Loading config from cache: C:\Users\sdona\AppData\Local\Temp\2042660f443afc84f0703d0905ba54ee.mpf_cache
2026-03-17 17:51:44,189 : INFO : ConfigProcessor : Loading config from cache: C:\Users\sdona\AppData\Local\Temp\b7377a92c3675f0a1d484d3ce048d2dc.mpf_cache
2026-03-17 17:51:44,190 : INFO : ConfigProcessor : Loading config from cache: C:\Users\sdona\AppData\Local\Temp\dd7647dd44793170b37285bb75f4ccd8.mpf_cache
2026-03-17 17:51:44,190 : INFO : ConfigProcessor : Loading config from cache: C:\Users\sdona\AppData\Local\Temp\e2d7f53c0c71e4d0bd9bdd0119e59cc4.mpf_cache
2026-03-17 17:51:44,191 : INFO : ConfigProcessor : Loading config from cache: C:\Users\sdona\AppData\Local\Temp\8c6fac435f6ad554a9aceeec6bf90d60.mpf_cache
2026-03-17 17:51:44,191 : INFO : ConfigProcessor : Loading config from cache: C:\Users\sdona\AppData\Local\Temp\189e01913405dcf21368edf880785f17.mpf_cache
2026-03-17 17:51:44,192 : INFO : ConfigProcessor : Loading config from cache: C:\Users\sdona\AppData\Local\Temp\9c2447d5008e5c2337580412edd81bce.mpf_cache
2026-03-17 17:51:44,192 : INFO : ConfigProcessor : Loading config from cache: C:\Users\sdona\AppData\Local\Temp\ecb35127b61fe2c3f803378f52b53af8.mpf_cache
2026-03-17 17:51:44,192 : INFO : ConfigProcessor : Loading config from cache: C:\Users\sdona\AppData\Local\Temp\a453bc519324a010fc5f97d23b1d6283.mpf_cache
2026-03-17 17:51:44,193 : INFO : ConfigProcessor : Loading config from cache: C:\Users\sdona\AppData\Local\Temp\e134e8f85ba8fa9c3d7f1500ca292437.mpf_cache
2026-03-17 17:51:44,194 : INFO : ConfigProcessor : Loading config from cache: C:\Users\sdona\AppData\Local\Temp\b24b6909ee6e0520126bbce60d1ed210.mpf_cache
2026-03-17 17:51:44,194 : INFO : ConfigProcessor : Loading config from cache: C:\Users\sdona\AppData\Local\Temp\cba807ea4a81180f6dd01afffacec8ed.mpf_cache
2026-03-17 17:51:44,195 : INFO : ConfigProcessor : Loading config from cache: C:\Users\sdona\AppData\Local\Temp\1ea2aa0876194c7260510f0845fe4bfe.mpf_cache
2026-03-17 17:51:44,196 : INFO : ConfigProcessor : Loading config from cache: C:\Users\sdona\AppData\Local\Temp\a173d53041ed6761e8719c2951eee9e5.mpf_cache
2026-03-17 17:51:44,196 : INFO : ConfigProcessor : Loading config from cache: C:\Users\sdona\AppData\Local\Temp\f071e720e1ef2a753ced60502153911a.mpf_cache
2026-03-17 17:51:44,197 : INFO : ConfigProcessor : Loading config from cache: C:\Users\sdona\AppData\Local\Temp\a464c65b0880a71dbe3e02b1f7271abd.mpf_cache
2026-03-17 17:51:44,197 : INFO : ConfigProcessor : Loading config from cache: C:\Users\sdona\AppData\Local\Temp\b4bf5fa77bdb26872f42159f572a3499.mpf_cache
2026-03-17 17:51:44,198 : INFO : ConfigProcessor : Loading config from cache: C:\Users\sdona\AppData\Local\Temp\cd6f6abb19272a94675a232f8f899ac9.mpf_cache
2026-03-17 17:51:44,198 : INFO : ConfigProcessor : Loading config from cache: C:\Users\sdona\AppData\Local\Temp\5c997126cef538283363f6706780c8e5.mpf_cache
2026-03-17 17:51:44,198 : INFO : ConfigProcessor : Loading config from cache: C:\Users\sdona\AppData\Local\Temp\51c405745738281c3f5e2edc082329f1.mpf_cache
2026-03-17 17:51:44,199 : INFO : ConfigProcessor : Loading config from cache: C:\Users\sdona\AppData\Local\Temp\cbc61a9ec21d345237ebbced62572970.mpf_cache
2026-03-17 17:51:44,199 : INFO : ConfigProcessor : Loading config from cache: C:\Users\sdona\AppData\Local\Temp\9cc025b47f8f9d3c347b30180674086b.mpf_cache
2026-03-17 17:51:44,200 : INFO : ConfigProcessor : Loading config from cache: C:\Users\sdona\AppData\Local\Temp\c25e7c71bc90546538d4e68911be6658.mpf_cache
2026-03-17 17:51:44,200 : INFO : ConfigProcessor : Loading config from cache: C:\Users\sdona\AppData\Local\Temp\3f778658fc8e6107c1e17d48b06d7ee6.mpf_cache
2026-03-17 17:51:44,201 : INFO : ConfigProcessor : Loading config from cache: C:\Users\sdona\AppData\Local\Temp\b7a51086f1e3c926b3977a0d025a1faa.mpf_cache
2026-03-17 17:51:44,201 : INFO : ConfigProcessor : Loading config from cache: C:\Users\sdona\AppData\Local\Temp\ec4132b455be94a0d574302cefc63c5b.mpf_cache
2026-03-17 17:51:44,201 : INFO : ConfigProcessor : Loading config from cache: C:\Users\sdona\AppData\Local\Temp\479eb3ca656e084fa2e092204a5b8039.mpf_cache
2026-03-17 17:51:44,202 : INFO : ConfigProcessor : Loading config from cache: C:\Users\sdona\AppData\Local\Temp\72c6471bcc79f7fe09ca74bb815a63d2.mpf_cache
2026-03-17 17:51:44,202 : INFO : ConfigProcessor : Loading config from cache: C:\Users\sdona\AppData\Local\Temp\bdb81eccbf19551abd8bea5fafeca7c0.mpf_cache
2026-03-17 17:51:44,203 : INFO : ConfigProcessor : Loading config from cache: C:\Users\sdona\AppData\Local\Temp\8f065719b93e886777277178babee650.mpf_cache
2026-03-17 17:51:44,203 : INFO : ConfigProcessor : Loading config from cache: C:\Users\sdona\AppData\Local\Temp\7fef0463a0df344c3146c845257ec616.mpf_cache
2026-03-17 17:51:44,204 : INFO : ConfigProcessor : Loading config from cache: C:\Users\sdona\AppData\Local\Temp\a4f333ad36a077996c49298642b6bdcf.mpf_cache
2026-03-17 17:51:44,204 : INFO : ConfigProcessor : Loading config from cache: C:\Users\sdona\AppData\Local\Temp\0d8a36344103e35d76354a371e334b3c.mpf_cache
2026-03-17 17:51:44,204 : INFO : ConfigProcessor : Loading config from cache: C:\Users\sdona\AppData\Local\Temp\e8d69d74f27089cda2650299e9916804.mpf_cache
2026-03-17 17:51:44,205 : INFO : ConfigProcessor : Loading config from cache: C:\Users\sdona\AppData\Local\Temp\05530f35bd950f18d27d3fd571d96823.mpf_cache
2026-03-17 17:51:44,205 : INFO : ConfigProcessor : Loading config from cache: C:\Users\sdona\AppData\Local\Temp\4e4d5acb898bd12d08de71e0e289ff70.mpf_cache
2026-03-17 17:51:44,206 : INFO : ConfigProcessor : Loading config from cache: C:\Users\sdona\AppData\Local\Temp\fc1e3f85304c911eb844eb65d36e61be.mpf_cache
2026-03-17 17:51:44,206 : INFO : ConfigProcessor : Loading config from cache: C:\Users\sdona\AppData\Local\Temp\53223d3922288729ee504c1b2a98bb55.mpf_cache
2026-03-17 17:51:44,207 : INFO : ConfigProcessor : Loading config from cache: C:\Users\sdona\AppData\Local\Temp\8d20136ddb274338050d1d1ccc1a5e4f.mpf_cache
2026-03-17 17:51:44,207 : INFO : ConfigProcessor : Loading config from cache: C:\Users\sdona\AppData\Local\Temp\1254d50720d6d5d0da0e84e29cdbaa7a.mpf_cache
2026-03-17 17:51:44,208 : INFO : ConfigProcessor : Loading config from cache: C:\Users\sdona\AppData\Local\Temp\1a7ae31e9f779b1261e3d1eee1831b27.mpf_cache
2026-03-17 17:51:44,208 : INFO : ConfigProcessor : Loading config from cache: C:\Users\sdona\AppData\Local\Temp\692e0c43627147fbc0fcd151f5f74c28.mpf_cache
2026-03-17 17:51:44,209 : INFO : ConfigProcessor : Loading config from cache: C:\Users\sdona\AppData\Local\Temp\8e3ea42c38f2105e0d9462648474c540.mpf_cache
2026-03-17 17:51:44,209 : INFO : ConfigProcessor : Loading config from cache: C:\Users\sdona\AppData\Local\Temp\5b32fc835ab7d8baac196d503e431901.mpf_cache
2026-03-17 17:51:44,210 : INFO : ConfigProcessor : Loading config from cache: C:\Users\sdona\AppData\Local\Temp\a61b86d39bcc5a5ea0a5885549542355.mpf_cache
2026-03-17 17:51:44,211 : INFO : ConfigProcessor : Loading config from cache: C:\Users\sdona\AppData\Local\Temp\0be197154604f4b199c224fe0066296a.mpf_cache
2026-03-17 17:51:44,211 : INFO : ConfigProcessor : Loading config from cache: C:\Users\sdona\AppData\Local\Temp\8be1835d379617cb3def36e5084020f6.mpf_cache
2026-03-17 17:51:44,212 : INFO : ConfigProcessor : Loading config from cache: C:\Users\sdona\AppData\Local\Temp\600d86d9f0ce58b92a4c456466b707cc.mpf_cache
2026-03-17 17:51:44,212 : INFO : ConfigProcessor : Loading config from cache: C:\Users\sdona\AppData\Local\Temp\3b8a30babd008550b0699281f52ed27a.mpf_cache
2026-03-17 17:51:44,213 : INFO : ConfigProcessor : Loading config from cache: C:\Users\sdona\AppData\Local\Temp\1605f6efa0d082cac196fbacc374bc42.mpf_cache
2026-03-17 17:51:44,213 : INFO : ConfigProcessor : Loading config from cache: C:\Users\sdona\AppData\Local\Temp\7e2767447a32b13b699b93d64e0ad4e1.mpf_cache
2026-03-17 17:51:44,214 : INFO : ConfigProcessor : Loading config from cache: C:\Users\sdona\AppData\Local\Temp\2afc3d032f598172139245ac02c70f84.mpf_cache
2026-03-17 17:51:44,214 : INFO : ConfigProcessor : Loading config from cache: C:\Users\sdona\AppData\Local\Temp\ec387031d703ca01cd1e512f54ea45a6.mpf_cache
2026-03-17 17:51:44,214 : INFO : ConfigProcessor : Loading config from cache: C:\Users\sdona\AppData\Local\Temp\6060c5cf25a8bbaedfcd18b580aef368.mpf_cache
2026-03-17 17:51:44,215 : INFO : ConfigProcessor : Loading config from cache: C:\Users\sdona\AppData\Local\Temp\62ef5d872b70fca48f955a2e25312807.mpf_cache
2026-03-17 17:51:44,215 : INFO : ConfigProcessor : Loading config from cache: C:\Users\sdona\AppData\Local\Temp\c52aca253ccfb6abe708ff6ee9d67c14.mpf_cache
2026-03-17 17:51:44,215 : INFO : ConfigProcessor : Loading config from cache: C:\Users\sdona\AppData\Local\Temp\f4a78d1a7bce952f8a932d586083fdd8.mpf_cache
2026-03-17 17:51:44,216 : INFO : ConfigProcessor : Loading config from cache: C:\Users\sdona\AppData\Local\Temp\bb94c9c1e15d87765c90f1ffc77705c9.mpf_cache
2026-03-17 17:51:44,216 : INFO : ConfigProcessor : Loading config from cache: C:\Users\sdona\AppData\Local\Temp\9d4ee1bead7c17d1b5b361b9a86c5113.mpf_cache
2026-03-17 17:51:44,217 : INFO : ConfigProcessor : Loading config from cache: C:\Users\sdona\AppData\Local\Temp\9eeb681ca391f55fc1b328483a35afc6.mpf_cache
2026-03-17 17:51:44,217 : INFO : ConfigProcessor : Loading config from cache: C:\Users\sdona\AppData\Local\Temp\019a5133c8eb0a0be84c7200575a8bf2.mpf_cache
2026-03-17 17:51:44,217 : INFO : ConfigProcessor : Loading config from cache: C:\Users\sdona\AppData\Local\Temp\ce0801e7c3c55e24fe9cf2e243ba629e.mpf_cache
2026-03-17 17:51:44,218 : INFO : ConfigProcessor : Loading config from cache: C:\Users\sdona\AppData\Local\Temp\1ecbcaf9f778e10bebb5864384a052b1.mpf_cache
2026-03-17 17:51:44,218 : INFO : ConfigProcessor : Loading config from cache: C:\Users\sdona\AppData\Local\Temp\3e3112b90b19809ee2bd61b31a556fec.mpf_cache
2026-03-17 17:51:44,219 : INFO : ConfigProcessor : Loading config from cache: C:\Users\sdona\AppData\Local\Temp\a34cd612c3896eec02ac2e9f2e3a7c0d.mpf_cache
2026-03-17 17:51:44,220 : INFO : ConfigProcessor : Loading config from cache: C:\Users\sdona\AppData\Local\Temp\56517da7e9d99d554e319ce0801be25b.mpf_cache
2026-03-17 17:51:44,220 : INFO : ConfigProcessor : Loading config from cache: C:\Users\sdona\AppData\Local\Temp\a9d290bb07feb2ddcedb63fa81b4a7f4.mpf_cache
2026-03-17 17:51:44,221 : INFO : ConfigProcessor : Loading config from cache: C:\Users\sdona\AppData\Local\Temp\965f4f60d3740a8c83f2d2eb1f4c8cfc.mpf_cache
2026-03-17 17:51:44,221 : INFO : ConfigProcessor : Loading config from cache: C:\Users\sdona\AppData\Local\Temp\9b344eb280fe382fefe59edea2f1176a.mpf_cache
2026-03-17 17:51:44,222 : INFO : ConfigProcessor : Loading config from cache: C:\Users\sdona\AppData\Local\Temp\ac821f52899dc68030dd952fdacc88a6.mpf_cache
2026-03-17 17:51:44,223 : INFO : ConfigProcessor : Loading config from cache: C:\Users\sdona\AppData\Local\Temp\6ba912a63b7c348f0f92fd7751916e09.mpf_cache
2026-03-17 17:51:44,223 : INFO : ConfigProcessor : Loading config from cache: C:\Users\sdona\AppData\Local\Temp\dd9dffa1d18960178033f021f1e04e5f.mpf_cache
2026-03-17 17:51:44,224 : INFO : ConfigProcessor : Loading config from cache: C:\Users\sdona\AppData\Local\Temp\5405df938f7ef9af99b1c654cacd899d.mpf_cache
2026-03-17 17:51:44,224 : INFO : ConfigProcessor : Loading config from cache: C:\Users\sdona\AppData\Local\Temp\856582d286ed2569cf4ebe5e0a18a6ab.mpf_cache
2026-03-17 17:51:44,225 : INFO : ConfigProcessor : Loading config from cache: C:\Users\sdona\AppData\Local\Temp\b6358a411d905a5cd182acc999f35ce1.mpf_cache
2026-03-17 17:51:44,225 : INFO : ConfigProcessor : Loading config from cache: C:\Users\sdona\AppData\Local\Temp\f2a5eaa34f5d1ecac89f455f052ead1d.mpf_cache
2026-03-17 17:51:44,226 : INFO : ConfigProcessor : Loading config from cache: C:\Users\sdona\AppData\Local\Temp\a1de2d1ed186be80b98325271562433f.mpf_cache
2026-03-17 17:51:44,227 : INFO : ConfigProcessor : Loading config from cache: C:\Users\sdona\AppData\Local\Temp\ec27e73423a3a2d10d6ef7f0c927ff8b.mpf_cache
2026-03-17 17:51:44,228 : INFO : ConfigProcessor : Loading config from cache: C:\Users\sdona\AppData\Local\Temp\b0dcc6e235c149859bee863082d5c857.mpf_cache
2026-03-17 17:51:44,228 : INFO : Machine : Mission Pinball Framework Core Engine v0.80.0.dev12
2026-03-17 17:51:44,228 : INFO : Machine : Command line arguments: {'no_load_cache': False, 'create_config_cache': True, 'bcp': True, 'configfile': ['config.yaml'], 'force_assets_load': False, 'platform_integration_test': False, 'jsonlogging': False, 'logfile': 'logs\\2026-03-17-17-51-43-mpf-PinballLaptop.log', 'pause': False, 'production': False, 'text_ui': True, 'loglevel': 15, 'consoleloglevel': 20, 'force_platform': 'smart_virtual', 'syslog_address': None, 'full_logfile_path': 'C:\\venv\\mpf\\mmmdrop\\logs\\2026-03-17-17-51-43-mpf-PinballLaptop.log'}
2026-03-17 17:51:44,228 : INFO : Machine : MPF path: c:\venv\mpf\Lib\site-packages\mpf
2026-03-17 17:51:44,228 : INFO : Machine : Machine path: C:\venv\mpf\mmmdrop
2026-03-17 17:51:44,228 : INFO : Machine : Platform: win32
2026-03-17 17:51:44,228 : INFO : Machine : Python executable location: c:\venv\mpf\Scripts\python.exe
2026-03-17 17:51:44,229 : INFO : Machine : Python version: 3.13.11 (64-bit)
2026-03-17 17:51:44,231 : INFO : Machine : Initializing MPF...
2026-03-17 17:51:44,293 : INFO : EventManager : Event: ======'machine_var_credits_string'====== Args={'value': 'FREE PLAY', 'prev_value': None, 'change': True}
2026-03-17 17:51:44,322 : INFO : EventManager : Event: ======'machine_var_fast_audio_headphones_volume'====== Args={'value': 10, 'prev_value': None, 'change': True}
2026-03-17 17:51:44,322 : INFO : EventManager : Event: ======'machine_var_fast_audio_main_volume'====== Args={'value': 44, 'prev_value': None, 'change': True}
2026-03-17 17:51:44,322 : INFO : EventManager : Event: ======'machine_var_master_volume'====== Args={'value': 0.65, 'prev_value': None, 'change': True}
2026-03-17 17:51:44,322 : INFO : EventManager : Event: ======'machine_var_player1_score'====== Args={'value': 43929730, 'prev_value': None, 'change': True}
2026-03-17 17:51:44,322 : INFO : EventManager : Event: ======'machine_var_game_just_played'====== Args={'value': 0, 'prev_value': None, 'change': True}
2026-03-17 17:51:44,322 : INFO : EventManager : Event: ======'machine_var_mpf_version'====== Args={'value': 'Mission Pinball Framework v0.80.0.dev12', 'prev_value': None, 'change': True}
2026-03-17 17:51:44,323 : INFO : EventManager : Event: ======'machine_var_mpf_extended_version'====== Args={'value': 'Mission Pinball Framework v0.80.0.dev12, Config version:6, Show version: 6, BCP version:1.1', 'prev_value': None, 'change': True}
2026-03-17 17:51:44,323 : INFO : EventManager : Event: ======'machine_var_python_version'====== Args={'value': '3.13.11', 'prev_value': None, 'change': True}
2026-03-17 17:51:44,356 : INFO : EventManager : Event: ======'machine_var_platform'====== Args={'value': 'Windows-11-10.0.26200-SP0', 'prev_value': None, 'change': True}
2026-03-17 17:51:44,356 : INFO : EventManager : Event: ======'machine_var_platform_system'====== Args={'value': 'Windows', 'prev_value': None, 'change': True}
2026-03-17 17:51:44,356 : INFO : EventManager : Event: ======'machine_var_platform_release'====== Args={'value': '11', 'prev_value': None, 'change': True}
2026-03-17 17:51:44,356 : INFO : EventManager : Event: ======'machine_var_platform_version'====== Args={'value': '10.0.26200', 'prev_value': None, 'change': True}
2026-03-17 17:51:44,356 : INFO : EventManager : Event: ======'machine_var_platform_machine'====== Args={'value': 'AMD64', 'prev_value': None, 'change': True}
2026-03-17 17:51:44,356 : INFO : EventManager : Event: ======'machine_var_log_file_path'====== Args={'value': 'C:\\venv\\mpf\\mmmdrop\\logs\\2026-03-17-17-51-43-mpf-PinballLaptop.log', 'prev_value': None, 'change': True}
2026-03-17 17:51:44,356 : INFO : EventManager : Event: ======'init_phase_1'====== Args={}
2026-03-17 17:51:44,441 : INFO : EventManager : Event: ======'drop_target_bank_three_bank_up'====== Args={}
2026-03-17 17:51:44,442 : INFO : EventManager : Event: ======'init_phase_2'====== Args={}
2026-03-17 17:51:44,442 : INFO : SwitchController : Found active switch: ('3208-0', <Platform.SmartVirtual>) <switch.s_trough1>
2026-03-17 17:51:44,442 : INFO : SwitchController : Found active switch: ('3208-1', <Platform.SmartVirtual>) <switch.s_trough2>
2026-03-17 17:51:44,442 : INFO : SwitchController : Found active switch: ('3208-2', <Platform.SmartVirtual>) <switch.s_trough3>
2026-03-17 17:51:44,442 : INFO : SwitchController : Found active switch: ('3208-3', <Platform.SmartVirtual>) <switch.s_trough4>
2026-03-17 17:51:44,442 : INFO : SwitchController : Found active switch: ('3208-4', <Platform.SmartVirtual>) <switch.s_trough5>
2026-03-17 17:51:44,442 : INFO : SwitchController : Found active switch: ('3208-5', <Platform.SmartVirtual>) <switch.s_trough6>
2026-03-17 17:51:44,501 : INFO : EventManager : Event: ======'machine_var_score1_label'====== Args={'value': 'GRAND CHAMPION', 'prev_value': None, 'change': True}
2026-03-17 17:51:44,501 : INFO : EventManager : Event: ======'machine_var_score1_name'====== Args={'value': 'MCA', 'prev_value': None, 'change': True}
2026-03-17 17:51:44,501 : INFO : EventManager : Event: ======'machine_var_score1_value'====== Args={'value': 300000000, 'prev_value': None, 'change': True}
2026-03-17 17:51:44,501 : INFO : EventManager : Event: ======'machine_var_score2_label'====== Args={'value': 'HIGH SCORE 1', 'prev_value': None, 'change': True}
2026-03-17 17:51:44,501 : INFO : EventManager : Event: ======'machine_var_score2_name'====== Args={'value': 'ADR', 'prev_value': None, 'change': True}
2026-03-17 17:51:44,501 : INFO : EventManager : Event: ======'machine_var_score2_value'====== Args={'value': 250000000, 'prev_value': None, 'change': True}
2026-03-17 17:51:44,501 : INFO : EventManager : Event: ======'machine_var_score3_label'====== Args={'value': 'HIGH SCORE 2', 'prev_value': None, 'change': True}
2026-03-17 17:51:44,501 : INFO : EventManager : Event: ======'machine_var_score3_name'====== Args={'value': 'MIK', 'prev_value': None, 'change': True}
2026-03-17 17:51:44,501 : INFO : EventManager : Event: ======'machine_var_score3_value'====== Args={'value': 200000000, 'prev_value': None, 'change': True}
2026-03-17 17:51:44,501 : INFO : EventManager : Event: ======'machine_var_score4_label'====== Args={'value': 'HIGH SCORE 3', 'prev_value': None, 'change': True}
2026-03-17 17:51:44,501 : INFO : EventManager : Event: ======'machine_var_score4_name'====== Args={'value': 'MMM', 'prev_value': None, 'change': True}
2026-03-17 17:51:44,501 : INFO : EventManager : Event: ======'machine_var_score4_value'====== Args={'value': 150000000, 'prev_value': None, 'change': True}
2026-03-17 17:51:44,501 : INFO : EventManager : Event: ======'machine_var_score5_label'====== Args={'value': 'HIGH SCORE 4', 'prev_value': None, 'change': True}
2026-03-17 17:51:44,501 : INFO : EventManager : Event: ======'machine_var_score5_name'====== Args={'value': 'DJH', 'prev_value': None, 'change': True}
2026-03-17 17:51:44,501 : INFO : EventManager : Event: ======'machine_var_score5_value'====== Args={'value': 100000000, 'prev_value': None, 'change': True}
2026-03-17 17:51:44,502 : INFO : EventManager : Event: ======'machine_var_multiball_chcheckitout_score1_label'====== Args={'value': 'CH-CHECK IT OUT MULTIBALL CHAMPION', 'prev_value': None, 'change': True}
2026-03-17 17:51:44,502 : INFO : EventManager : Event: ======'machine_var_multiball_chcheckitout_score1_name'====== Args={'value': 'MCA', 'prev_value': None, 'change': True}
2026-03-17 17:51:44,502 : INFO : EventManager : Event: ======'machine_var_multiball_chcheckitout_score1_value'====== Args={'value': 10000000, 'prev_value': None, 'change': True}
2026-03-17 17:51:44,502 : INFO : EventManager : Event: ======'machine_var_multiball_bodymovin_score1_label'====== Args={'value': "BODY MOVIN' MULTIBALL CHAMPION", 'prev_value': None, 'change': True}
2026-03-17 17:51:44,502 : INFO : EventManager : Event: ======'machine_var_multiball_bodymovin_score1_name'====== Args={'value': 'MIK', 'prev_value': None, 'change': True}
2026-03-17 17:51:44,502 : INFO : EventManager : Event: ======'machine_var_multiball_bodymovin_score1_value'====== Args={'value': 10000000, 'prev_value': None, 'change': True}
2026-03-17 17:51:44,502 : INFO : EventManager : Event: ======'machine_var_mode_fingerlickingood_score1_label'====== Args={'value': "FINGER LICKIN' GOOD CHAMPION", 'prev_value': None, 'change': True}
2026-03-17 17:51:44,502 : INFO : EventManager : Event: ======'machine_var_mode_fingerlickingood_score1_name'====== Args={'value': 'DJH', 'prev_value': None, 'change': True}
2026-03-17 17:51:44,502 : INFO : EventManager : Event: ======'machine_var_mode_fingerlickingood_score1_value'====== Args={'value': 5000000, 'prev_value': None, 'change': True}
2026-03-17 17:51:44,502 : INFO : EventManager : Event: ======'machine_var_mode_highplainsdrifter_score1_label'====== Args={'value': 'HIGH PLAINS DRIFTER CHAMPION', 'prev_value': None, 'change': True}
2026-03-17 17:51:44,502 : INFO : EventManager : Event: ======'machine_var_mode_highplainsdrifter_score1_name'====== Args={'value': 'MCA', 'prev_value': None, 'change': True}
2026-03-17 17:51:44,502 : INFO : EventManager : Event: ======'machine_var_mode_highplainsdrifter_score1_value'====== Args={'value': 5000000, 'prev_value': None, 'change': True}
2026-03-17 17:51:44,502 : INFO : EventManager : Event: ======'machine_var_mode_intergalactic_score1_label'====== Args={'value': 'INTERGALACTIC CHAMPION', 'prev_value': None, 'change': True}
2026-03-17 17:51:44,502 : INFO : EventManager : Event: ======'machine_var_mode_intergalactic_score1_name'====== Args={'value': 'SLD', 'prev_value': None, 'change': True}
2026-03-17 17:51:44,502 : INFO : EventManager : Event: ======'machine_var_mode_intergalactic_score1_value'====== Args={'value': 21000000, 'prev_value': None, 'change': True}
2026-03-17 17:51:44,502 : INFO : EventManager : Event: ======'machine_var_mode_paulrevere_score1_label'====== Args={'value': 'PAUL REVERE CHAMPION', 'prev_value': None, 'change': True}
2026-03-17 17:51:44,502 : INFO : EventManager : Event: ======'machine_var_mode_paulrevere_score1_name'====== Args={'value': 'ADR', 'prev_value': None, 'change': True}
2026-03-17 17:51:44,502 : INFO : EventManager : Event: ======'machine_var_mode_paulrevere_score1_value'====== Args={'value': 5000000, 'prev_value': None, 'change': True}
2026-03-17 17:51:44,502 : INFO : EventManager : Event: ======'machine_var_mode_sabotage_score1_label'====== Args={'value': 'SABOTAGE CHAMPION', 'prev_value': None, 'change': True}
2026-03-17 17:51:44,502 : INFO : EventManager : Event: ======'machine_var_mode_sabotage_score1_name'====== Args={'value': 'SLD', 'prev_value': None, 'change': True}
2026-03-17 17:51:44,502 : INFO : EventManager : Event: ======'machine_var_mode_sabotage_score1_value'====== Args={'value': 12000000, 'prev_value': None, 'change': True}
2026-03-17 17:51:44,502 : INFO : EventManager : Event: ======'machine_var_mode_threemcsand1dj_score1_label'====== Args={'value': "3 MC'S AND 1 DJ CHAMPION", 'prev_value': None, 'change': True}
2026-03-17 17:51:44,502 : INFO : EventManager : Event: ======'machine_var_mode_threemcsand1dj_score1_name'====== Args={'value': 'MMM', 'prev_value': None, 'change': True}
2026-03-17 17:51:44,503 : INFO : EventManager : Event: ======'machine_var_mode_threemcsand1dj_score1_value'====== Args={'value': 5000000, 'prev_value': None, 'change': True}
2026-03-17 17:51:44,503 : INFO : EventManager : Event: ======'machine_var_mode_toomanyrappers_score1_label'====== Args={'value': 'TOO MANY RAPPERS CHAMPION', 'prev_value': None, 'change': True}
2026-03-17 17:51:44,503 : INFO : EventManager : Event: ======'machine_var_mode_toomanyrappers_score1_name'====== Args={'value': 'DJH', 'prev_value': None, 'change': True}
2026-03-17 17:51:44,503 : INFO : EventManager : Event: ======'machine_var_mode_toomanyrappers_score1_value'====== Args={'value': 5000000, 'prev_value': None, 'change': True}
2026-03-17 17:51:44,503 : INFO : EventManager : Event: ======'machine_var_mode_tripletrouble_score1_label'====== Args={'value': 'TRIPLE TROUBLE CHAMPION', 'prev_value': None, 'change': True}
2026-03-17 17:51:44,503 : INFO : EventManager : Event: ======'machine_var_mode_tripletrouble_score1_name'====== Args={'value': 'MCA', 'prev_value': None, 'change': True}
2026-03-17 17:51:44,503 : INFO : EventManager : Event: ======'machine_var_mode_tripletrouble_score1_value'====== Args={'value': 5000000, 'prev_value': None, 'change': True}
2026-03-17 17:51:44,503 : INFO : EventManager : Event: ======'machine_var_mode_makesomenoise_score1_label'====== Args={'value': 'MAKE SOME NOISE CHAMPION', 'prev_value': None, 'change': True}
2026-03-17 17:51:44,503 : INFO : EventManager : Event: ======'machine_var_mode_makesomenoise_score1_name'====== Args={'value': 'MIK', 'prev_value': None, 'change': True}
2026-03-17 17:51:44,503 : INFO : EventManager : Event: ======'machine_var_mode_makesomenoise_score1_value'====== Args={'value': 5000000, 'prev_value': None, 'change': True}
2026-03-17 17:51:44,504 : INFO : EventManager : Event: ======'bcp_connection_attempt'====== Args={'name': 'local_display', 'host': 'localhost', 'port': 5050}
2026-03-17 17:51:44,506 : INFO : BCPClientSocket : Connecting BCP to 'local_display' at localhost:5050...
2026-03-17 17:51:50,736 : INFO : BCPClientSocket : Connected BCP to 'local_display' localhost:5050
2026-03-17 17:51:50,737 : INFO : EventManager : Event: ======'bcp_clients_connected'====== Args={}
2026-03-17 17:51:50,738 : INFO : ball_device.bd_trough : BCH: Initial count: 6
2026-03-17 17:51:50,738 : INFO : ball_device.bd_trough : State: idle
2026-03-17 17:51:50,738 : INFO : ball_device.bd_plunger : BCH: Initial count: 0
2026-03-17 17:51:50,739 : INFO : ball_device.bd_plunger : State: idle
2026-03-17 17:51:50,739 : INFO : ball_device.bd_scoop : BCH: Initial count: 0
2026-03-17 17:51:50,739 : INFO : ball_device.bd_scoop : State: idle
2026-03-17 17:51:50,764 : INFO : EventManager : Event: ======'init_phase_3'====== Args={}
2026-03-17 17:51:50,800 : INFO : EventManager : Event: ======'init_phase_4'====== Args={}
2026-03-17 17:51:50,801 : INFO : BallController : Initial balls found: 6
2026-03-17 17:51:50,802 : INFO : EventManager : Event: ======'machine_var_audits_events_game_ended'====== Args={'value': 68, 'prev_value': None, 'change': True}
2026-03-17 17:51:50,802 : INFO : EventManager : Event: ======'machine_var_audits_events_game_started'====== Args={'value': 995, 'prev_value': None, 'change': True}
2026-03-17 17:51:50,802 : INFO : EventManager : Event: ======'machine_var_audits_missing_switches_s_captive_ball'====== Args={'value': 3, 'prev_value': None, 'change': True}
2026-03-17 17:51:50,802 : INFO : EventManager : Event: ======'machine_var_audits_missing_switches_s_center_upper_pop'====== Args={'value': 10, 'prev_value': None, 'change': True}
2026-03-17 17:51:50,802 : INFO : EventManager : Event: ======'machine_var_audits_missing_switches_s_inner_orbit'====== Args={'value': 10, 'prev_value': None, 'change': True}
2026-03-17 17:51:50,802 : INFO : EventManager : Event: ======'machine_var_audits_missing_switches_s_left_flipper'====== Args={'value': 2, 'prev_value': None, 'change': True}
2026-03-17 17:51:50,802 : INFO : EventManager : Event: ======'machine_var_audits_missing_switches_s_left_inlane'====== Args={'value': 10, 'prev_value': None, 'change': True}
2026-03-17 17:51:50,802 : INFO : EventManager : Event: ======'machine_var_audits_missing_switches_s_left_orbit'====== Args={'value': 3, 'prev_value': None, 'change': True}
2026-03-17 17:51:50,802 : INFO : EventManager : Event: ======'machine_var_audits_missing_switches_s_left_outlane'====== Args={'value': 10, 'prev_value': None, 'change': True}
2026-03-17 17:51:50,802 : INFO : EventManager : Event: ======'machine_var_audits_missing_switches_s_left_ramp'====== Args={'value': 3, 'prev_value': None, 'change': True}
2026-03-17 17:51:50,802 : INFO : EventManager : Event: ======'machine_var_audits_missing_switches_s_left_slingshot'====== Args={'value': 10, 'prev_value': None, 'change': True}
2026-03-17 17:51:50,802 : INFO : EventManager : Event: ======'machine_var_audits_missing_switches_s_left_upper_pop'====== Args={'value': 10, 'prev_value': None, 'change': True}
2026-03-17 17:51:50,802 : INFO : EventManager : Event: ======'machine_var_audits_missing_switches_s_pop_standup'====== Args={'value': 26, 'prev_value': None, 'change': True}
2026-03-17 17:51:50,802 : INFO : EventManager : Event: ======'machine_var_audits_missing_switches_s_right_inlane'====== Args={'value': 10, 'prev_value': None, 'change': True}
2026-03-17 17:51:50,802 : INFO : EventManager : Event: ======'machine_var_audits_missing_switches_s_right_orbit'====== Args={'value': 3, 'prev_value': None, 'change': True}
2026-03-17 17:51:50,802 : INFO : EventManager : Event: ======'machine_var_audits_missing_switches_s_right_outlane'====== Args={'value': 10, 'prev_value': None, 'change': True}
2026-03-17 17:51:50,802 : INFO : EventManager : Event: ======'machine_var_audits_missing_switches_s_right_ramp'====== Args={'value': 2, 'prev_value': None, 'change': True}
2026-03-17 17:51:50,802 : INFO : EventManager : Event: ======'machine_var_audits_missing_switches_s_right_slingshot'====== Args={'value': 10, 'prev_value': None, 'change': True}
2026-03-17 17:51:50,803 : INFO : EventManager : Event: ======'machine_var_audits_missing_switches_s_scoop'====== Args={'value': 2, 'prev_value': None, 'change': True}
2026-03-17 17:51:50,803 : INFO : EventManager : Event: ======'machine_var_audits_missing_switches_s_service_down'====== Args={'value': 640, 'prev_value': None, 'change': True}
2026-03-17 17:51:50,803 : INFO : EventManager : Event: ======'machine_var_audits_missing_switches_s_service_enter'====== Args={'value': 389, 'prev_value': None, 'change': True}
2026-03-17 17:51:50,803 : INFO : EventManager : Event: ======'machine_var_audits_missing_switches_s_service_esc'====== Args={'value': 640, 'prev_value': None, 'change': True}
2026-03-17 17:51:50,803 : INFO : EventManager : Event: ======'machine_var_audits_missing_switches_s_service_up'====== Args={'value': 208, 'prev_value': None, 'change': True}
2026-03-17 17:51:50,803 : INFO : EventManager : Event: ======'machine_var_audits_missing_switches_s_spinner'====== Args={'value': 2, 'prev_value': None, 'change': True}
2026-03-17 17:51:50,803 : INFO : EventManager : Event: ======'machine_var_audits_missing_switches_s_start'====== Args={'value': 26, 'prev_value': None, 'change': True}
2026-03-17 17:51:50,803 : INFO : EventManager : Event: ======'machine_var_audits_missing_switches_s_three_bank_bottom'====== Args={'value': 2, 'prev_value': None, 'change': True}
2026-03-17 17:51:50,803 : INFO : EventManager : Event: ======'machine_var_audits_missing_switches_s_three_bank_middle'====== Args={'value': 2, 'prev_value': None, 'change': True}
2026-03-17 17:51:50,803 : INFO : EventManager : Event: ======'machine_var_audits_missing_switches_s_three_bank_standup'====== Args={'value': 26, 'prev_value': None, 'change': True}
2026-03-17 17:51:50,803 : INFO : EventManager : Event: ======'machine_var_audits_missing_switches_s_three_bank_top'====== Args={'value': 2, 'prev_value': None, 'change': True}
2026-03-17 17:51:50,803 : INFO : EventManager : Event: ======'machine_var_audits_missing_switches_s_tilt_bob'====== Args={'value': 83, 'prev_value': None, 'change': True}
2026-03-17 17:51:50,803 : INFO : EventManager : Event: ======'machine_var_audits_missing_switches_s_top_right_flipper'====== Args={'value': 921, 'prev_value': None, 'change': True}
2026-03-17 17:51:50,803 : INFO : EventManager : Event: ======'machine_var_audits_missing_switches_s_trough1'====== Args={'value': 2, 'prev_value': None, 'change': True}
2026-03-17 17:51:50,803 : INFO : EventManager : Event: ======'machine_var_audits_missing_switches_s_trough2'====== Args={'value': 26, 'prev_value': None, 'change': True}
2026-03-17 17:51:50,803 : INFO : EventManager : Event: ======'machine_var_audits_missing_switches_s_trough3'====== Args={'value': 26, 'prev_value': None, 'change': True}
2026-03-17 17:51:50,803 : INFO : EventManager : Event: ======'machine_var_audits_missing_switches_s_trough4'====== Args={'value': 26, 'prev_value': None, 'change': True}
2026-03-17 17:51:50,803 : INFO : EventManager : Event: ======'machine_var_audits_missing_switches_s_trough5'====== Args={'value': 238, 'prev_value': None, 'change': True}
2026-03-17 17:51:50,803 : INFO : EventManager : Event: ======'machine_var_audits_missing_switches_s_trough6'====== Args={'value': 770, 'prev_value': None, 'change': True}
2026-03-17 17:51:50,803 : INFO : EventManager : Event: ======'machine_var_audits_missing_switches_s_trough_jam'====== Args={'value': 921, 'prev_value': None, 'change': True}
2026-03-17 17:51:50,803 : INFO : EventManager : Event: ======'machine_var_audits_missing_switches_s_tshirt_bottom_standup'====== Args={'value': 10, 'prev_value': None, 'change': True}
2026-03-17 17:51:50,803 : INFO : EventManager : Event: ======'machine_var_audits_missing_switches_s_tshirt_top_standup'====== Args={'value': 10, 'prev_value': None, 'change': True}
2026-03-17 17:51:50,803 : INFO : EventManager : Event: ======'machine_var_audits_missing_switches_s_upper_pop_standup'====== Args={'value': 10, 'prev_value': None, 'change': True}
2026-03-17 17:51:50,803 : INFO : EventManager : Event: ======'machine_var_audits_missing_switches_service_esc'====== Args={'value': 1, 'prev_value': None, 'change': True}
2026-03-17 17:51:50,803 : INFO : EventManager : Event: ======'machine_var_audits_player_score'====== Args={'value': {'average': 12143502, 'top': [179589170, 147275560, 142237180, 85092890, 49818280, 43929730, 38155360, 32035610, 25030460, 20034230], 'total': 72}, 'prev_value': None, 'change': True}
2026-03-17 17:51:50,803 : INFO : EventManager : Event: ======'machine_var_audits_shots_bodymovin_captiveball'====== Args={'value': 1, 'prev_value': None, 'change': True}
2026-03-17 17:51:50,803 : INFO : EventManager : Event: ======'machine_var_audits_shots_bodymovin_inner_loop'====== Args={'value': 2, 'prev_value': None, 'change': True}
2026-03-17 17:51:50,803 : INFO : EventManager : Event: ======'machine_var_audits_shots_bodymovin_leftorbit'====== Args={'value': 2, 'prev_value': None, 'change': True}
2026-03-17 17:51:50,803 : INFO : EventManager : Event: ======'machine_var_audits_shots_bodymovin_leftramp'====== Args={'value': 12, 'prev_value': None, 'change': True}
2026-03-17 17:51:50,803 : INFO : EventManager : Event: ======'machine_var_audits_shots_bodymovin_rightorbit'====== Args={'value': 1, 'prev_value': None, 'change': True}
2026-03-17 17:51:50,804 : INFO : EventManager : Event: ======'machine_var_audits_shots_bodymovin_rightramp'====== Args={'value': 12, 'prev_value': None, 'change': True}
2026-03-17 17:51:50,804 : INFO : EventManager : Event: ======'machine_var_audits_shots_bottom_drop'====== Args={'value': 240, 'prev_value': None, 'change': True}
2026-03-17 17:51:50,804 : INFO : EventManager : Event: ======'machine_var_audits_shots_captive_ball'====== Args={'value': 137, 'prev_value': None, 'change': True}
2026-03-17 17:51:50,804 : INFO : EventManager : Event: ======'machine_var_audits_shots_inner_loop'====== Args={'value': 103, 'prev_value': None, 'change': True}
2026-03-17 17:51:50,804 : INFO : EventManager : Event: ======'machine_var_audits_shots_inner_loop_backdoor'====== Args={'value': 1, 'prev_value': None, 'change': True}
2026-03-17 17:51:50,804 : INFO : EventManager : Event: ======'machine_var_audits_shots_left_inlane'====== Args={'value': 41, 'prev_value': None, 'change': True}
2026-03-17 17:51:50,804 : INFO : EventManager : Event: ======'machine_var_audits_shots_left_orbit'====== Args={'value': 166, 'prev_value': None, 'change': True}
2026-03-17 17:51:50,804 : INFO : EventManager : Event: ======'machine_var_audits_shots_left_orbit_backdoor'====== Args={'value': 11, 'prev_value': None, 'change': True}
2026-03-17 17:51:50,804 : INFO : EventManager : Event: ======'machine_var_audits_shots_left_outlane'====== Args={'value': 32, 'prev_value': None, 'change': True}
2026-03-17 17:51:50,804 : INFO : EventManager : Event: ======'machine_var_audits_shots_left_ramp'====== Args={'value': 518, 'prev_value': None, 'change': True}
2026-03-17 17:51:50,804 : INFO : EventManager : Event: ======'machine_var_audits_shots_middle_drop'====== Args={'value': 262, 'prev_value': None, 'change': True}
2026-03-17 17:51:50,804 : INFO : EventManager : Event: ======'machine_var_audits_shots_pop1'====== Args={'value': 43, 'prev_value': None, 'change': True}
2026-03-17 17:51:50,804 : INFO : EventManager : Event: ======'machine_var_audits_shots_pop2'====== Args={'value': 84, 'prev_value': None, 'change': True}
2026-03-17 17:51:50,804 : INFO : EventManager : Event: ======'machine_var_audits_shots_pop3'====== Args={'value': 1170, 'prev_value': None, 'change': True}
2026-03-17 17:51:50,804 : INFO : EventManager : Event: ======'machine_var_audits_shots_pop_standup'====== Args={'value': 502, 'prev_value': None, 'change': True}
2026-03-17 17:51:50,804 : INFO : EventManager : Event: ======'machine_var_audits_shots_right_inlane'====== Args={'value': 37, 'prev_value': None, 'change': True}
2026-03-17 17:51:50,804 : INFO : EventManager : Event: ======'machine_var_audits_shots_right_orbit'====== Args={'value': 167, 'prev_value': None, 'change': True}
2026-03-17 17:51:50,804 : INFO : EventManager : Event: ======'machine_var_audits_shots_right_orbit_backdoor'====== Args={'value': 6, 'prev_value': None, 'change': True}
2026-03-17 17:51:50,804 : INFO : EventManager : Event: ======'machine_var_audits_shots_right_outlane'====== Args={'value': 23, 'prev_value': None, 'change': True}
2026-03-17 17:51:50,804 : INFO : EventManager : Event: ======'machine_var_audits_shots_right_ramp'====== Args={'value': 831, 'prev_value': None, 'change': True}
2026-03-17 17:51:50,804 : INFO : EventManager : Event: ======'machine_var_audits_shots_scoop'====== Args={'value': 715, 'prev_value': None, 'change': True}
2026-03-17 17:51:50,804 : INFO : EventManager : Event: ======'machine_var_audits_shots_skill_captive'====== Args={'value': 16, 'prev_value': None, 'change': True}
2026-03-17 17:51:50,804 : INFO : EventManager : Event: ======'machine_var_audits_shots_skill_drop_targets'====== Args={'value': 240, 'prev_value': None, 'change': True}
2026-03-17 17:51:50,804 : INFO : EventManager : Event: ======'machine_var_audits_shots_skill_side_targets'====== Args={'value': 27, 'prev_value': None, 'change': True}
2026-03-17 17:51:50,804 : INFO : EventManager : Event: ======'machine_var_audits_shots_skillshot_drop_targets'====== Args={'value': 550, 'prev_value': None, 'change': True}
2026-03-17 17:51:50,804 : INFO : EventManager : Event: ======'machine_var_audits_shots_skillshot_hideout_plunge'====== Args={'value': 1, 'prev_value': None, 'change': True}
2026-03-17 17:51:50,804 : INFO : EventManager : Event: ======'machine_var_audits_shots_skillshot_left_outlane'====== Args={'value': 3, 'prev_value': None, 'change': True}
2026-03-17 17:51:50,804 : INFO : EventManager : Event: ======'machine_var_audits_shots_skillshot_lower_pop'====== Args={'value': 27, 'prev_value': None, 'change': True}
2026-03-17 17:51:50,804 : INFO : EventManager : Event: ======'machine_var_audits_shots_skillshot_side_targets'====== Args={'value': 17, 'prev_value': None, 'change': True}
2026-03-17 17:51:50,804 : INFO : EventManager : Event: ======'machine_var_audits_shots_skillshot_super'====== Args={'value': 5, 'prev_value': None, 'change': True}
2026-03-17 17:51:50,804 : INFO : EventManager : Event: ======'machine_var_audits_shots_spinner'====== Args={'value': 2638, 'prev_value': None, 'change': True}
2026-03-17 17:51:50,804 : INFO : EventManager : Event: ======'machine_var_audits_shots_three_bank_standup'====== Args={'value': 94, 'prev_value': None, 'change': True}
2026-03-17 17:51:50,805 : INFO : EventManager : Event: ======'machine_var_audits_shots_toomanyrappers_captiveball'====== Args={'value': 3, 'prev_value': None, 'change': True}
2026-03-17 17:51:50,805 : INFO : EventManager : Event: ======'machine_var_audits_shots_toomanyrappers_leftorbit'====== Args={'value': 8, 'prev_value': None, 'change': True}
2026-03-17 17:51:50,805 : INFO : EventManager : Event: ======'machine_var_audits_shots_toomanyrappers_leftramp'====== Args={'value': 2, 'prev_value': None, 'change': True}
2026-03-17 17:51:50,805 : INFO : EventManager : Event: ======'machine_var_audits_shots_toomanyrappers_rightorbit'====== Args={'value': 27, 'prev_value': None, 'change': True}
2026-03-17 17:51:50,805 : INFO : EventManager : Event: ======'machine_var_audits_shots_toomanyrappers_rightramp'====== Args={'value': 68, 'prev_value': None, 'change': True}
2026-03-17 17:51:50,805 : INFO : EventManager : Event: ======'machine_var_audits_shots_toomanyrappers_scoop'====== Args={'value': 22, 'prev_value': None, 'change': True}
2026-03-17 17:51:50,805 : INFO : EventManager : Event: ======'machine_var_audits_shots_top_drop'====== Args={'value': 665, 'prev_value': None, 'change': True}
2026-03-17 17:51:50,805 : INFO : EventManager : Event: ======'machine_var_audits_shots_tshirt_bottom_standup'====== Args={'value': 146, 'prev_value': None, 'change': True}
2026-03-17 17:51:50,805 : INFO : EventManager : Event: ======'machine_var_audits_shots_tshirt_top_standup'====== Args={'value': 150, 'prev_value': None, 'change': True}
2026-03-17 17:51:50,805 : INFO : EventManager : Event: ======'machine_var_audits_shots_upper_pop_standup'====== Args={'value': 41, 'prev_value': None, 'change': True}
2026-03-17 17:51:50,805 : INFO : EventManager : Event: ======'machine_var_audits_switches_s_captive_ball'====== Args={'value': 344, 'prev_value': None, 'change': True}
2026-03-17 17:51:50,805 : INFO : EventManager : Event: ======'machine_var_audits_switches_s_center_upper_pop'====== Args={'value': 323, 'prev_value': None, 'change': True}
2026-03-17 17:51:50,805 : INFO : EventManager : Event: ======'machine_var_audits_switches_s_inner_orbit'====== Args={'value': 116, 'prev_value': None, 'change': True}
2026-03-17 17:51:50,805 : INFO : EventManager : Event: ======'machine_var_audits_switches_s_left_flipper'====== Args={'value': 1790, 'prev_value': None, 'change': True}
2026-03-17 17:51:50,805 : INFO : EventManager : Event: ======'machine_var_audits_switches_s_left_inlane'====== Args={'value': 152, 'prev_value': None, 'change': True}
2026-03-17 17:51:50,805 : INFO : EventManager : Event: ======'machine_var_audits_switches_s_left_orbit'====== Args={'value': 362, 'prev_value': None, 'change': True}
2026-03-17 17:51:50,805 : INFO : EventManager : Event: ======'machine_var_audits_switches_s_left_outlane'====== Args={'value': 89, 'prev_value': None, 'change': True}
2026-03-17 17:51:50,805 : INFO : EventManager : Event: ======'machine_var_audits_switches_s_left_ramp'====== Args={'value': 659, 'prev_value': None, 'change': True}
2026-03-17 17:51:50,805 : INFO : EventManager : Event: ======'machine_var_audits_switches_s_left_slingshot'====== Args={'value': 261, 'prev_value': None, 'change': True}
2026-03-17 17:51:50,805 : INFO : EventManager : Event: ======'machine_var_audits_switches_s_left_upper_pop'====== Args={'value': 218, 'prev_value': None, 'change': True}
2026-03-17 17:51:50,805 : INFO : EventManager : Event: ======'machine_var_audits_switches_s_plunger'====== Args={'value': 2181, 'prev_value': None, 'change': True}
2026-03-17 17:51:50,805 : INFO : EventManager : Event: ======'machine_var_audits_switches_s_pop_standup'====== Args={'value': 626, 'prev_value': None, 'change': True}
2026-03-17 17:51:50,805 : INFO : EventManager : Event: ======'machine_var_audits_switches_s_right_flipper'====== Args={'value': 2670, 'prev_value': None, 'change': True}
2026-03-17 17:51:50,805 : INFO : EventManager : Event: ======'machine_var_audits_switches_s_right_inlane'====== Args={'value': 145, 'prev_value': None, 'change': True}
2026-03-17 17:51:50,805 : INFO : EventManager : Event: ======'machine_var_audits_switches_s_right_lower_pop'====== Args={'value': 1951, 'prev_value': None, 'change': True}
2026-03-17 17:51:50,805 : INFO : EventManager : Event: ======'machine_var_audits_switches_s_right_orbit'====== Args={'value': 476, 'prev_value': None, 'change': True}
2026-03-17 17:51:50,805 : INFO : EventManager : Event: ======'machine_var_audits_switches_s_right_outlane'====== Args={'value': 76, 'prev_value': None, 'change': True}
2026-03-17 17:51:50,805 : INFO : EventManager : Event: ======'machine_var_audits_switches_s_right_ramp'====== Args={'value': 1000, 'prev_value': None, 'change': True}
2026-03-17 17:51:50,805 : INFO : EventManager : Event: ======'machine_var_audits_switches_s_right_slingshot'====== Args={'value': 367, 'prev_value': None, 'change': True}
2026-03-17 17:51:50,805 : INFO : EventManager : Event: ======'machine_var_audits_switches_s_scoop'====== Args={'value': 1060, 'prev_value': None, 'change': True}
2026-03-17 17:51:50,805 : INFO : EventManager : Event: ======'machine_var_audits_switches_s_service_down'====== Args={'value': 0, 'prev_value': None, 'change': True}
2026-03-17 17:51:50,806 : INFO : EventManager : Event: ======'machine_var_audits_switches_s_service_enter'====== Args={'value': 1, 'prev_value': None, 'change': True}
2026-03-17 17:51:50,806 : INFO : EventManager : Event: ======'machine_var_audits_switches_s_service_esc'====== Args={'value': 0, 'prev_value': None, 'change': True}
2026-03-17 17:51:50,806 : INFO : EventManager : Event: ======'machine_var_audits_switches_s_service_up'====== Args={'value': 3, 'prev_value': None, 'change': True}
2026-03-17 17:51:50,806 : INFO : EventManager : Event: ======'machine_var_audits_switches_s_spinner'====== Args={'value': 4698, 'prev_value': None, 'change': True}
2026-03-17 17:51:50,806 : INFO : EventManager : Event: ======'machine_var_audits_switches_s_start'====== Args={'value': 97, 'prev_value': None, 'change': True}
2026-03-17 17:51:50,806 : INFO : EventManager : Event: ======'machine_var_audits_switches_s_three_bank_bottom'====== Args={'value': 735, 'prev_value': None, 'change': True}
2026-03-17 17:51:50,806 : INFO : EventManager : Event: ======'machine_var_audits_switches_s_three_bank_middle'====== Args={'value': 797, 'prev_value': None, 'change': True}
2026-03-17 17:51:50,806 : INFO : EventManager : Event: ======'machine_var_audits_switches_s_three_bank_standup'====== Args={'value': 336, 'prev_value': None, 'change': True}
2026-03-17 17:51:50,806 : INFO : EventManager : Event: ======'machine_var_audits_switches_s_three_bank_top'====== Args={'value': 1206, 'prev_value': None, 'change': True}
2026-03-17 17:51:50,806 : INFO : EventManager : Event: ======'machine_var_audits_switches_s_tilt_bob'====== Args={'value': 62, 'prev_value': None, 'change': True}
2026-03-17 17:51:50,806 : INFO : EventManager : Event: ======'machine_var_audits_switches_s_top_right_flipper'====== Args={'value': 1294, 'prev_value': None, 'change': True}
2026-03-17 17:51:50,806 : INFO : EventManager : Event: ======'machine_var_audits_switches_s_trough1'====== Args={'value': 561, 'prev_value': None, 'change': True}
2026-03-17 17:51:50,806 : INFO : EventManager : Event: ======'machine_var_audits_switches_s_trough2'====== Args={'value': 386, 'prev_value': None, 'change': True}
2026-03-17 17:51:50,806 : INFO : EventManager : Event: ======'machine_var_audits_switches_s_trough3'====== Args={'value': 313, 'prev_value': None, 'change': True}
2026-03-17 17:51:50,806 : INFO : EventManager : Event: ======'machine_var_audits_switches_s_trough4'====== Args={'value': 193, 'prev_value': None, 'change': True}
2026-03-17 17:51:50,806 : INFO : EventManager : Event: ======'machine_var_audits_switches_s_trough5'====== Args={'value': 162, 'prev_value': None, 'change': True}
2026-03-17 17:51:50,806 : INFO : EventManager : Event: ======'machine_var_audits_switches_s_trough6'====== Args={'value': 161, 'prev_value': None, 'change': True}
2026-03-17 17:51:50,806 : INFO : EventManager : Event: ======'machine_var_audits_switches_s_trough_jam'====== Args={'value': 206, 'prev_value': None, 'change': True}
2026-03-17 17:51:50,806 : INFO : EventManager : Event: ======'machine_var_audits_switches_s_tshirt_bottom_standup'====== Args={'value': 209, 'prev_value': None, 'change': True}
2026-03-17 17:51:50,806 : INFO : EventManager : Event: ======'machine_var_audits_switches_s_tshirt_top_standup'====== Args={'value': 243, 'prev_value': None, 'change': True}
2026-03-17 17:51:50,806 : INFO : EventManager : Event: ======'machine_var_audits_switches_s_upper_pop_standup'====== Args={'value': 216, 'prev_value': None, 'change': True}
2026-03-17 17:51:50,806 : INFO : EventManager : Event: ======'machine_var_audits_switches_service_down'====== Args={'value': 1, 'prev_value': None, 'change': True}
2026-03-17 17:51:50,806 : INFO : EventManager : Event: ======'machine_var_audits_switches_service_enter'====== Args={'value': 2, 'prev_value': None, 'change': True}
2026-03-17 17:51:50,806 : INFO : EventManager : Event: ======'machine_var_audits_switches_service_esc'====== Args={'value': 0, 'prev_value': None, 'change': True}
2026-03-17 17:51:50,806 : INFO : EventManager : Event: ======'machine_var_audits_switches_service_up'====== Args={'value': 2, 'prev_value': None, 'change': True}
2026-03-17 17:51:50,807 : INFO : EventManager : Event: ======'init_phase_5'====== Args={}
2026-03-17 17:51:50,807 : INFO : EventManager : Event: ======'init_done'====== Args={}
2026-03-17 17:51:50,808 : INFO : EventManager : Event: ======'machine_reset_phase_1'====== Args={}
2026-03-17 17:51:50,816 : INFO : EventManager : Event: ======'machine_reset_phase_2'====== Args={}
2026-03-17 17:51:50,816 : INFO : EventManager : Event: ======'game_just_played'====== Args={'priority': 0, 'action': 'set_machine', 'int': 0}
2026-03-17 17:51:50,816 : INFO : EventManager : Event: ======'machine_reset_phase_3'====== Args={}
2026-03-17 17:51:50,816 : INFO : drop_target_bank.three_bank : All targets are already up. Will not reset bank.
2026-03-17 17:51:50,816 : INFO : EventManager : Event: ======'reset_complete'====== Args={}
2026-03-17 17:51:50,816 : INFO : EventManager : Event: ======'mode_service_will_start'====== Args={}
2026-03-17 17:51:50,817 : INFO : EventManager : Event: ======'mode_service_starting'====== Args={}
2026-03-17 17:51:50,817 : INFO : EventManager : Event: ======'mode_attract_will_start'====== Args={}
2026-03-17 17:51:50,818 : INFO : Timer.attract_intro_timer : Starting Timer.
2026-03-17 17:51:50,818 : INFO : EventManager : Event: ======'timer_attract_intro_timer_started'====== Args={'ticks': 0, 'ticks_remaining': 16}
2026-03-17 17:51:50,818 : INFO : EventManager : Event: ======'timer_attract_intro_timer_tick'====== Args={'ticks': 0, 'ticks_remaining': 16}
2026-03-17 17:51:50,823 : INFO : EventManager : Event: ======'mode_attract_starting'====== Args={}
2026-03-17 17:51:50,823 : INFO : Mode.service : Started. Priority: 100000
2026-03-17 17:51:50,824 : INFO : EventManager : Event: ======'modes_active_modes_changed'====== Args={}
2026-03-17 17:51:50,824 : INFO : EventManager : Event: ======'mode_service_started'====== Args={}
2026-03-17 17:51:50,825 : INFO : EventManager : Event: ======'logicblock_mca_sequence_updated'====== Args={'value': 0, 'enabled': True}
2026-03-17 17:51:50,825 : INFO : EventManager : Event: ======'logicblock_adr_sequence_updated'====== Args={'value': 0, 'enabled': True}
2026-03-17 17:51:50,825 : INFO : EventManager : Event: ======'logicblock_christmas_sequence_updated'====== Args={'value': 0, 'enabled': True}
2026-03-17 17:51:50,825 : INFO : EventManager : Event: ======'logicblock_muppets_sequence_updated'====== Args={'value': 0, 'enabled': True}
2026-03-17 17:51:50,825 : INFO : EventManager : Event: ======'logicblock_mca_sequence_updated'====== Args={'value': 0, 'enabled': True}
2026-03-17 17:51:50,825 : INFO : EventManager : Event: ======'logicblock_adr_sequence_updated'====== Args={'value': 0, 'enabled': True}
2026-03-17 17:51:50,825 : INFO : EventManager : Event: ======'logicblock_christmas_sequence_updated'====== Args={'value': 0, 'enabled': True}
2026-03-17 17:51:50,825 : INFO : EventManager : Event: ======'logicblock_muppets_sequence_updated'====== Args={'value': 0, 'enabled': True}
2026-03-17 17:51:50,825 : INFO : Mode.attract : Started. Priority: 10
2026-03-17 17:51:50,825 : INFO : EventManager : Event: ======'modes_active_modes_changed'====== Args={}
2026-03-17 17:51:50,825 : INFO : EventManager : Event: ======'mode_attract_started'====== Args={}
2026-03-17 17:51:50,825 : INFO : EventManager : Event: ======'logicblock_mca_sequence_updated'====== Args={'value': 0, 'enabled': True}
2026-03-17 17:51:50,825 : INFO : EventManager : Event: ======'logicblock_mca_sequence_updated'====== Args={'value': 0, 'enabled': True}
2026-03-17 17:51:50,825 : INFO : EventManager : Event: ======'logicblock_adr_sequence_updated'====== Args={'value': 0, 'enabled': True}
2026-03-17 17:51:50,825 : INFO : EventManager : Event: ======'logicblock_adr_sequence_updated'====== Args={'value': 0, 'enabled': True}
2026-03-17 17:51:50,825 : INFO : EventManager : Event: ======'logicblock_christmas_sequence_updated'====== Args={'value': 0, 'enabled': True}
2026-03-17 17:51:50,825 : INFO : EventManager : Event: ======'logicblock_christmas_sequence_updated'====== Args={'value': 0, 'enabled': True}
2026-03-17 17:51:50,825 : INFO : EventManager : Event: ======'logicblock_muppets_sequence_updated'====== Args={'value': 0, 'enabled': True}
2026-03-17 17:51:50,825 : INFO : EventManager : Event: ======'logicblock_muppets_sequence_updated'====== Args={'value': 0, 'enabled': True}
2026-03-17 17:51:50,826 : INFO : EventManager : Event: ======'timer_attract_intro_timer_tick'====== Args={'ticks': 0, 'ticks_remaining': 16}
2026-03-17 17:51:50,827 : INFO : EventManager : Event: ======'collecting_balls_complete'====== Args={}
2026-03-17 17:51:50,827 : INFO : EventManager : Event: ======'carousel_item_highlighted'====== Args={'carousel': 'attract', 'direction': None, 'item': 'mpf_logo'}
2026-03-17 17:51:50,828 : INFO : Timer.attract_carousel_timer : Starting Timer.
2026-03-17 17:51:50,828 : INFO : EventManager : Event: ======'timer_attract_carousel_timer_started'====== Args={'ticks': 0, 'ticks_remaining': 5}
2026-03-17 17:51:50,828 : INFO : EventManager : Event: ======'timer_attract_carousel_timer_tick'====== Args={'ticks': 0, 'ticks_remaining': 5}
2026-03-17 17:51:50,830 : INFO : Machine : Starting the main run loop with active modes: [<Mode.service>, <Mode.attract>]
2026-03-17 17:51:50,834 : INFO : EventManager : Event: ======'slide_loading_created'====== Args={'_from_bcp': True}
2026-03-17 17:51:50,835 : INFO : EventManager : Event: ======'slide__removed'====== Args={'_from_bcp': True}
2026-03-17 17:51:50,835 : INFO : EventManager : Event: ======'slide_loading_active'====== Args={'original_context': '_global', 'original_calling_context': 'init_done', 'priority': 0.0, 'cmd': 'slides_play', '_from_bcp': True}
2026-03-17 17:51:50,873 : INFO : EventManager : Event: ======'slide_attract_load_created'====== Args={'_from_bcp': True}
2026-03-17 17:51:50,873 : INFO : EventManager : Event: ======'slide_loading_inactive'====== Args={'is_removing': True, '_from_bcp': True}
2026-03-17 17:51:50,873 : INFO : EventManager : Event: ======'slide_attract_load_active'====== Args={'original_context': 'attract', 'original_calling_context': 'mode_attract_started{machine.game_just_played==0}', 'priority': 10.0, 'cmd': 'slides_play', '_from_bcp': True}
2026-03-17 17:51:50,874 : INFO : EventManager : Event: ======'slide_loading_removed'====== Args={'_from_bcp': True}
2026-03-17 17:51:51,410 : INFO : BcpServer : New client connected.
2026-03-17 17:51:51,828 : INFO : EventManager : Event: ======'timer_attract_intro_timer_tick'====== Args={'ticks': 1, 'ticks_remaining': 15}
2026-03-17 17:51:51,830 : INFO : EventManager : Event: ======'timer_attract_carousel_timer_tick'====== Args={'ticks': 1, 'ticks_remaining': 4}
2026-03-17 17:51:52,838 : INFO : EventManager : Event: ======'timer_attract_intro_timer_tick'====== Args={'ticks': 2, 'ticks_remaining': 14}
2026-03-17 17:51:52,839 : INFO : EventManager : Event: ======'timer_attract_carousel_timer_tick'====== Args={'ticks': 2, 'ticks_remaining': 3}
2026-03-17 17:51:53,834 : INFO : EventManager : Event: ======'timer_attract_intro_timer_tick'====== Args={'ticks': 3, 'ticks_remaining': 13}
2026-03-17 17:51:53,835 : INFO : EventManager : Event: ======'timer_attract_carousel_timer_tick'====== Args={'ticks': 3, 'ticks_remaining': 2}
2026-03-17 17:51:53,876 : INFO : SwitchController : <<<<<<< 's_start' active >>>>>>>
2026-03-17 17:51:54,043 : INFO : SwitchController : <<<<<<< 's_start' inactive >>>>>>>
2026-03-17 17:51:54,043 : INFO : EventManager : Event: ======'sw_start_inactive'====== Args={}
2026-03-17 17:51:54,044 : INFO : EventManager : Event: ======'request_to_start_game'====== Args={}
2026-03-17 17:51:54,045 : INFO : EventManager : Event: ======'game_start'====== Args={'buttons': [], 'hold_time': 0.1677488000059384}
2026-03-17 17:51:54,046 : INFO : EventManager : Event: ======'mode_game_will_start'====== Args={'buttons': [], 'hold_time': 0.1677488000059384}
2026-03-17 17:51:54,046 : INFO : EventManager : Event: ======'mode_game_starting'====== Args={'buttons': [], 'hold_time': 0.1677488000059384}
2026-03-17 17:51:54,047 : INFO : EventManager : Event: ======'mode_attract_will_stop'====== Args={}
2026-03-17 17:51:54,047 : INFO : EventManager : Event: ======'mode_attract_stopping'====== Args={}
2026-03-17 17:51:54,047 : INFO : Mode.game : Started. Priority: 20
2026-03-17 17:51:54,047 : INFO : EventManager : Event: ======'modes_active_modes_changed'====== Args={}
2026-03-17 17:51:54,047 : INFO : EventManager : Event: ======'mode_game_started'====== Args={'buttons': [], 'hold_time': 0.1677488000059384}
2026-03-17 17:51:54,048 : INFO : Mode.attract : Stopped.
2026-03-17 17:51:54,048 : INFO : EventManager : Event: ======'modes_active_modes_changed'====== Args={}
2026-03-17 17:51:54,049 : INFO : EventManager : Event: ======'mode_attract_stopped'====== Args={}
2026-03-17 17:51:54,049 : INFO : EventManager : Event: ======'clear'====== Args={'key': 'attract'}
2026-03-17 17:51:54,049 : INFO : Timer.mca_attract_video_timer : Stopping Timer
2026-03-17 17:51:54,049 : INFO : EventManager : Event: ======'timer_mca_attract_video_timer_stopped'====== Args={'ticks': 0, 'ticks_remaining': 0}
2026-03-17 17:51:54,049 : INFO : Timer.muppets_attract_video_timer : Stopping Timer
2026-03-17 17:51:54,049 : INFO : EventManager : Event: ======'timer_muppets_attract_video_timer_stopped'====== Args={'ticks': 0, 'ticks_remaining': 0}
2026-03-17 17:51:54,050 : INFO : Timer.attract_carousel_timer : Stopping Timer
2026-03-17 17:51:54,050 : INFO : EventManager : Event: ======'timer_attract_carousel_timer_stopped'====== Args={'ticks': 3, 'ticks_remaining': 2}
2026-03-17 17:51:54,050 : INFO : Timer.adr_attract_video_timer : Stopping Timer
2026-03-17 17:51:54,050 : INFO : EventManager : Event: ======'timer_adr_attract_video_timer_stopped'====== Args={'ticks': 0, 'ticks_remaining': 0}
2026-03-17 17:51:54,050 : INFO : Timer.attract_intro_timer : Stopping Timer
2026-03-17 17:51:54,050 : INFO : EventManager : Event: ======'timer_attract_intro_timer_stopped'====== Args={'ticks': 3, 'ticks_remaining': 13}
2026-03-17 17:51:54,050 : INFO : Timer.christmas_attract_video_timer : Stopping Timer
2026-03-17 17:51:54,050 : INFO : EventManager : Event: ======'timer_christmas_attract_video_timer_stopped'====== Args={'ticks': 0, 'ticks_remaining': 0}
2026-03-17 17:51:54,050 : INFO : EventManager : Event: ======'game_will_start'====== Args={}
2026-03-17 17:51:54,053 : INFO : EventManager : Event: ======'game_starting'====== Args={'game': <Mode.game>}
2026-03-17 17:51:54,054 : INFO : EventManager : Unordered handler for class <Auditor> on event game_ended with priority 1. Handlers: [RegisteredHandler(callback=<bound method Auditor.disable of <Auditor>>, priority=1, kwargs={}, key=UUID('7c748188-2255-414e-9a38-5115b46fd9b5'), condition=None, blocking_facility=None), RegisteredHandler(callback=<bound method Auditor._save_audits of <Auditor>>, priority=1, kwargs={}, key=UUID('0a97e833-a9c2-46a4-8dc8-81e1081a4f9f'), condition=None, blocking_facility=None)]. The order of those handlers is not defined and they will be executed in random order. This might lead to race conditions and potential bugs.
2026-03-17 17:51:54,054 : INFO : EventManager : Event: ======'player_add_request'====== Args={}
2026-03-17 17:51:54,055 : INFO : EventManager : Event: ======'player_will_add'====== Args={'number': 1}
2026-03-17 17:51:54,056 : INFO : EventManager : Event: ======'player_adding'====== Args={'player': <Player 1>, 'number': 1}
2026-03-17 17:51:54,056 : INFO : EventManager : Event: ======'player_added'====== Args={'player': <Player 1>, 'num': 1}
2026-03-17 17:51:54,056 : INFO : Mode.game : Player added successfully. Total players: 1
2026-03-17 17:51:54,056 : INFO : EventManager : Event: ======'player_index'====== Args={'value': 0, 'prev_value': 0, 'change': 0, 'player_num': 1}
2026-03-17 17:51:54,056 : INFO : EventManager : Event: ======'player_number'====== Args={'value': 1, 'prev_value': 1, 'change': 0, 'player_num': 1}
2026-03-17 17:51:54,057 : INFO : EventManager : Event: ======'player_chcheckitout_multiball_blocking_flag'====== Args={'value': 0, 'prev_value': 0, 'change': 0, 'player_num': 1}
2026-03-17 17:51:54,057 : INFO : EventManager : Event: ======'player_bodymovin_multiball_blocking_flag'====== Args={'value': 0, 'prev_value': 0, 'change': 0, 'player_num': 1}
2026-03-17 17:51:54,057 : INFO : EventManager : Event: ======'player_mode_blocking_flag'====== Args={'value': 0, 'prev_value': 0, 'change': 0, 'player_num': 1}
2026-03-17 17:51:54,057 : INFO : EventManager : Event: ======'player_battery_charged_yesorno'====== Args={'value': 0, 'prev_value': 0, 'change': 0, 'player_num': 1}
2026-03-17 17:51:54,057 : INFO : EventManager : Event: ======'player_combos'====== Args={'value': 0, 'prev_value': 0, 'change': 0, 'player_num': 1}
2026-03-17 17:51:54,057 : INFO : EventManager : Event: ======'player_modes_played'====== Args={'value': 0, 'prev_value': 0, 'change': 0, 'player_num': 1}
2026-03-17 17:51:54,057 : INFO : EventManager : Event: ======'player_modes_completed'====== Args={'value': 0, 'prev_value': 0, 'change': 0, 'player_num': 1}
2026-03-17 17:51:54,057 : INFO : EventManager : Event: ======'player_chcheckitout_qualified_flag'====== Args={'value': 0, 'prev_value': 0, 'change': 0, 'player_num': 1}
2026-03-17 17:51:54,057 : INFO : EventManager : Event: ======'player_bodymovin_lock1_qualified_flag'====== Args={'value': 0, 'prev_value': 0, 'change': 0, 'player_num': 1}
2026-03-17 17:51:54,058 : INFO : EventManager : Event: ======'player_bodymovin_lock2_qualified_flag'====== Args={'value': 0, 'prev_value': 0, 'change': 0, 'player_num': 1}
2026-03-17 17:51:54,058 : INFO : EventManager : Event: ======'player_bodymovin_lock1_locked_flag'====== Args={'value': 1, 'prev_value': 1, 'change': 0, 'player_num': 1}
2026-03-17 17:51:54,058 : INFO : EventManager : Event: ======'player_bodymovin_lock2_locked_flag'====== Args={'value': 0, 'prev_value': 0, 'change': 0, 'player_num': 1}
2026-03-17 17:51:54,058 : INFO : EventManager : Event: ======'player_bodymovin_multiball_qualified_flag'====== Args={'value': 0, 'prev_value': 0, 'change': 0, 'player_num': 1}
2026-03-17 17:51:54,058 : INFO : EventManager : Event: ======'player_bodymovin_round'====== Args={'value': 0, 'prev_value': 0, 'change': 0, 'player_num': 1}
2026-03-17 17:51:54,058 : INFO : EventManager : Event: ======'player_girls_bonus_score'====== Args={'value': 0, 'prev_value': 0, 'change': 0, 'player_num': 1}
2026-03-17 17:51:54,058 : INFO : EventManager : Event: ======'player_girls_blocking_flag'====== Args={'value': 0, 'prev_value': 0, 'change': 0, 'player_num': 1}
2026-03-17 17:51:54,058 : INFO : EventManager : Event: ======'player_characters_collected'====== Args={'value': 0, 'prev_value': 0, 'change': 0, 'player_num': 1}
2026-03-17 17:51:54,058 : INFO : EventManager : Event: ======'player_adroc_collected'====== Args={'value': 0, 'prev_value': 0, 'change': 0, 'player_num': 1}
2026-03-17 17:51:54,059 : INFO : EventManager : Event: ======'player_mca_collected'====== Args={'value': 0, 'prev_value': 0, 'change': 0, 'player_num': 1}
2026-03-17 17:51:54,059 : INFO : EventManager : Event: ======'player_miked_collected'====== Args={'value': 0, 'prev_value': 0, 'change': 0, 'player_num': 1}
2026-03-17 17:51:54,059 : INFO : EventManager : Event: ======'player_mmm_collected'====== Args={'value': 0, 'prev_value': 0, 'change': 0, 'player_num': 1}
2026-03-17 17:51:54,059 : INFO : EventManager : Event: ======'player_djhurr_collected'====== Args={'value': 0, 'prev_value': 0, 'change': 0, 'player_num': 1}
2026-03-17 17:51:54,059 : INFO : EventManager : Event: ======'player_chcheckitout_multiplier'====== Args={'value': 0, 'prev_value': 0, 'change': 0, 'player_num': 1}
2026-03-17 17:51:54,059 : INFO : EventManager : Event: ======'player_microphone_collected'====== Args={'value': 0, 'prev_value': 0, 'change': 0, 'player_num': 1}
2026-03-17 17:51:54,059 : INFO : EventManager : Event: ======'player_turntable_collected'====== Args={'value': 0, 'prev_value': 0, 'change': 0, 'player_num': 1}
2026-03-17 17:51:54,059 : INFO : EventManager : Event: ======'player_boombox_collected'====== Args={'value': 0, 'prev_value': 0, 'change': 0, 'player_num': 1}
2026-03-17 17:51:54,060 : INFO : EventManager : Event: ======'player_playfield_x'====== Args={'value': 1, 'prev_value': 1, 'change': 0, 'player_num': 1}
2026-03-17 17:51:54,060 : INFO : EventManager : Event: ======'player_drop_target_bank_counter_count'====== Args={'value': 0, 'prev_value': 0, 'change': 0, 'player_num': 1}
2026-03-17 17:51:54,060 : INFO : EventManager : Event: ======'player_score'====== Args={'value': 0, 'prev_value': 0, 'change': 0, 'player_num': 1}
2026-03-17 17:51:54,060 : INFO : EventManager : Event: ======'game_started'====== Args={}
2026-03-17 17:51:54,061 : INFO : EventManager : Event: ======'mode_tilt_will_start'====== Args={}
2026-03-17 17:51:54,062 : INFO : EventManager : Event: ======'mode_tilt_starting'====== Args={}
2026-03-17 17:51:54,062 : INFO : EventManager : Event: ======'machine_var_game_just_played'====== Args={'value': 1, 'prev_value': 0, 'change': 1}
2026-03-17 17:51:54,062 : INFO : Mode.tilt : Started. Priority: 1000000
2026-03-17 17:51:54,062 : INFO : EventManager : Event: ======'modes_active_modes_changed'====== Args={}
2026-03-17 17:51:54,062 : INFO : EventManager : Event: ======'mode_tilt_started'====== Args={}
2026-03-17 17:51:54,064 : INFO : EventManager : Event: ======'player_turn_will_start'====== Args={'player': <Player 1>, 'number': 1}
2026-03-17 17:51:54,064 : INFO : EventManager : Event: ======'player_turn_starting'====== Args={'player': <Player 1>, 'number': 1}
2026-03-17 17:51:54,065 : INFO : EventManager : Event: ======'player_ball'====== Args={'value': 1, 'prev_value': 0, 'change': 1, 'player_num': 1}
2026-03-17 17:51:54,065 : INFO : EventManager : Event: ======'player_turn_started'====== Args={'player': <Player 1>, 'number': 1}
2026-03-17 17:51:54,086 : INFO : EventManager : Event: ======'ball_will_start'====== Args={'player': 1, 'ball': 1, 'balls_remaining': 2, 'is_extra_ball': False}
2026-03-17 17:51:54,087 : INFO : EventManager : Event: ======'ball_starting'====== Args={'player': 1, 'ball': 1, 'balls_remaining': 2, 'is_extra_ball': False}
2026-03-17 17:51:54,088 : INFO : EventManager : Event: ======'mode_batterycharger_will_start'====== Args={'queue': <QueuedEvent>, 'player': 1, 'ball': 1, 'balls_remaining': 2, 'is_extra_ball': False}
2026-03-17 17:51:54,098 : INFO : EventManager : Event: ======'mode_batterycharger_starting'====== Args={'queue': <QueuedEvent>, 'player': 1, 'ball': 1, 'balls_remaining': 2, 'is_extra_ball': False}
2026-03-17 17:51:54,099 : INFO : EventManager : Event: ======'mode_base_will_start'====== Args={'queue': <QueuedEvent>, 'player': 1, 'ball': 1, 'balls_remaining': 2, 'is_extra_ball': False}
2026-03-17 17:51:54,100 : INFO : EventManager : Event: ======'player_shot_left_orbit_enabled'====== Args={'value': True, 'prev_value': 0, 'change': 1, 'player_num': 1}
2026-03-17 17:51:54,100 : INFO : EventManager : Event: ======'player_shot_right_orbit_enabled'====== Args={'value': True, 'prev_value': 0, 'change': 1, 'player_num': 1}
2026-03-17 17:51:54,100 : INFO : EventManager : Event: ======'player_shot_inner_loop_enabled'====== Args={'value': True, 'prev_value': 0, 'change': 1, 'player_num': 1}
2026-03-17 17:51:54,101 : INFO : EventManager : Event: ======'player_shot_left_orbit_backdoor_enabled'====== Args={'value': True, 'prev_value': 0, 'change': 1, 'player_num': 1}
2026-03-17 17:51:54,101 : INFO : EventManager : Event: ======'player_shot_right_orbit_backdoor_enabled'====== Args={'value': True, 'prev_value': 0, 'change': 1, 'player_num': 1}
2026-03-17 17:51:54,101 : INFO : EventManager : Event: ======'player_shot_inner_loop_backdoor_enabled'====== Args={'value': True, 'prev_value': 0, 'change': 1, 'player_num': 1}
2026-03-17 17:51:54,102 : INFO : EventManager : Event: ======'player_shot_right_ramp_enabled'====== Args={'value': True, 'prev_value': 0, 'change': 1, 'player_num': 1}
2026-03-17 17:51:54,102 : INFO : EventManager : Event: ======'player_shot_left_ramp_enabled'====== Args={'value': True, 'prev_value': 0, 'change': 1, 'player_num': 1}
2026-03-17 17:51:54,103 : INFO : EventManager : Event: ======'player_shot_pop_standup_enabled'====== Args={'value': True, 'prev_value': 0, 'change': 1, 'player_num': 1}
2026-03-17 17:51:54,103 : INFO : EventManager : Event: ======'player_shot_upper_pop_standup_enabled'====== Args={'value': True, 'prev_value': 0, 'change': 1, 'player_num': 1}
2026-03-17 17:51:54,103 : INFO : EventManager : Event: ======'player_shot_scoop_enabled'====== Args={'value': True, 'prev_value': 0, 'change': 1, 'player_num': 1}
2026-03-17 17:51:54,104 : INFO : EventManager : Event: ======'player_shot_captive_ball_enabled'====== Args={'value': True, 'prev_value': 0, 'change': 1, 'player_num': 1}
2026-03-17 17:51:54,104 : INFO : EventManager : Event: ======'player_shot_three_bank_standup_enabled'====== Args={'value': True, 'prev_value': 0, 'change': 1, 'player_num': 1}
2026-03-17 17:51:54,104 : INFO : EventManager : Event: ======'player_shot_spinner_enabled'====== Args={'value': True, 'prev_value': 0, 'change': 1, 'player_num': 1}
2026-03-17 17:51:54,105 : INFO : EventManager : Event: ======'player_shot_pop1_enabled'====== Args={'value': True, 'prev_value': 0, 'change': 1, 'player_num': 1}
2026-03-17 17:51:54,105 : INFO : EventManager : Event: ======'player_shot_pop2_enabled'====== Args={'value': True, 'prev_value': 0, 'change': 1, 'player_num': 1}
2026-03-17 17:51:54,105 : INFO : EventManager : Event: ======'player_shot_pop3_enabled'====== Args={'value': True, 'prev_value': 0, 'change': 1, 'player_num': 1}
2026-03-17 17:51:54,105 : INFO : EventManager : Event: ======'player_shot_bottom_drop_enabled'====== Args={'value': True, 'prev_value': 0, 'change': 1, 'player_num': 1}
2026-03-17 17:51:54,106 : INFO : EventManager : Event: ======'player_shot_middle_drop_enabled'====== Args={'value': True, 'prev_value': 0, 'change': 1, 'player_num': 1}
2026-03-17 17:51:54,106 : INFO : EventManager : Event: ======'player_shot_top_drop_enabled'====== Args={'value': True, 'prev_value': 0, 'change': 1, 'player_num': 1}
2026-03-17 17:51:54,106 : INFO : EventManager : Event: ======'player_shot_tshirt_top_standup_enabled'====== Args={'value': True, 'prev_value': 0, 'change': 1, 'player_num': 1}
2026-03-17 17:51:54,107 : INFO : EventManager : Event: ======'player_shot_tshirt_bottom_standup_enabled'====== Args={'value': True, 'prev_value': 0, 'change': 1, 'player_num': 1}
2026-03-17 17:51:54,108 : INFO : EventManager : Event: ======'player_shot_left_outlane_enabled'====== Args={'value': True, 'prev_value': 0, 'change': 1, 'player_num': 1}
2026-03-17 17:51:54,108 : INFO : EventManager : Event: ======'player_shot_left_inlane_enabled'====== Args={'value': True, 'prev_value': 0, 'change': 1, 'player_num': 1}
2026-03-17 17:51:54,109 : INFO : EventManager : Event: ======'player_shot_right_inlane_enabled'====== Args={'value': True, 'prev_value': 0, 'change': 1, 'player_num': 1}
2026-03-17 17:51:54,109 : INFO : EventManager : Event: ======'player_shot_right_outlane_enabled'====== Args={'value': True, 'prev_value': 0, 'change': 1, 'player_num': 1}
2026-03-17 17:51:54,109 : INFO : EventManager : Event: ======'sg_lanes_complete'====== Args={'state': 'unlit'}
2026-03-17 17:51:54,109 : INFO : EventManager : Event: ======'sg_lanes_unlit_complete'====== Args={}
2026-03-17 17:51:54,110 : INFO : EventManager : Event: ======'sg_tshirts_complete'====== Args={'state': 'flash'}
2026-03-17 17:51:54,110 : INFO : EventManager : Event: ======'sg_tshirts_flash_complete'====== Args={}
2026-03-17 17:51:54,114 : INFO : EventManager : Event: ======'player_base_chcheckitoutfinish_widget_timer_tick'====== Args={'value': 0, 'prev_value': 0, 'change': 0, 'player_num': 1}
2026-03-17 17:51:54,114 : INFO : EventManager : Event: ======'player_base_bodymovin_widget_timer_tick'====== Args={'value': 0, 'prev_value': 0, 'change': 0, 'player_num': 1}
2026-03-17 17:51:54,115 : INFO : EventManager : Event: ======'player_base_bodymovin_lock_enabled_widget_timer_tick'====== Args={'value': 0, 'prev_value': 0, 'change': 0, 'player_num': 1}
2026-03-17 17:51:54,116 : INFO : EventManager : Event: ======'player_base_bodymovin_ball_1_locked_widget_timer_tick'====== Args={'value': 0, 'prev_value': 0, 'change': 0, 'player_num': 1}
2026-03-17 17:51:54,116 : INFO : EventManager : Event: ======'player_base_bodymovin_ball_2_locked_widget_timer_tick'====== Args={'value': 0, 'prev_value': 0, 'change': 0, 'player_num': 1}
2026-03-17 17:51:54,117 : INFO : EventManager : Event: ======'achievement_wizard1_changed_state'====== Args={'restore': False, 'state': 'disabled', 'selected': False}
2026-03-17 17:51:54,117 : INFO : EventManager : Event: ======'achievement_wizard1_state_disabled'====== Args={'restore': False, 'state': 'disabled', 'selected': False}
2026-03-17 17:51:54,117 : INFO : EventManager : Event: ======'achievement_intergalactic_mode_changed_state'====== Args={'restore': False, 'state': 'enabled', 'selected': False}
2026-03-17 17:51:54,117 : INFO : EventManager : Event: ======'achievement_intergalactic_mode_state_enabled'====== Args={'restore': False, 'state': 'enabled', 'selected': False}
2026-03-17 17:51:54,117 : INFO : EventManager : Event: ======'achievement_paulrevere_mode_changed_state'====== Args={'restore': False, 'state': 'enabled', 'selected': False}
2026-03-17 17:51:54,117 : INFO : EventManager : Event: ======'achievement_paulrevere_mode_state_enabled'====== Args={'restore': False, 'state': 'enabled', 'selected': False}
2026-03-17 17:51:54,118 : INFO : EventManager : Event: ======'achievement_tripletrouble_mode_changed_state'====== Args={'restore': False, 'state': 'enabled', 'selected': False}
2026-03-17 17:51:54,118 : INFO : EventManager : Event: ======'achievement_tripletrouble_mode_state_enabled'====== Args={'restore': False, 'state': 'enabled', 'selected': False}
2026-03-17 17:51:54,118 : INFO : EventManager : Event: ======'achievement_sabotage_mode_changed_state'====== Args={'restore': False, 'state': 'enabled', 'selected': False}
2026-03-17 17:51:54,118 : INFO : EventManager : Event: ======'achievement_sabotage_mode_state_enabled'====== Args={'restore': False, 'state': 'enabled', 'selected': False}
2026-03-17 17:51:54,118 : INFO : EventManager : Event: ======'achievement_fingerlickingood_mode_changed_state'====== Args={'restore': False, 'state': 'enabled', 'selected': False}
2026-03-17 17:51:54,118 : INFO : EventManager : Event: ======'achievement_fingerlickingood_mode_state_enabled'====== Args={'restore': False, 'state': 'enabled', 'selected': False}
2026-03-17 17:51:54,118 : INFO : EventManager : Event: ======'achievement_toomanyrappers_mode_changed_state'====== Args={'restore': False, 'state': 'enabled', 'selected': False}
2026-03-17 17:51:54,118 : INFO : EventManager : Event: ======'achievement_toomanyrappers_mode_state_enabled'====== Args={'restore': False, 'state': 'enabled', 'selected': False}
2026-03-17 17:51:54,119 : INFO : EventManager : Event: ======'achievement_threemcsand1dj_mode_changed_state'====== Args={'restore': False, 'state': 'enabled', 'selected': False}
2026-03-17 17:51:54,119 : INFO : EventManager : Event: ======'achievement_threemcsand1dj_mode_state_enabled'====== Args={'restore': False, 'state': 'enabled', 'selected': False}
2026-03-17 17:51:54,119 : INFO : EventManager : Event: ======'achievement_highplainsdrifter_mode_changed_state'====== Args={'restore': False, 'state': 'enabled', 'selected': False}
2026-03-17 17:51:54,119 : INFO : EventManager : Event: ======'achievement_highplainsdrifter_mode_state_enabled'====== Args={'restore': False, 'state': 'enabled', 'selected': False}
2026-03-17 17:51:54,119 : INFO : EventManager : Event: ======'achievement_chcheckitout_multiball_changed_state'====== Args={'restore': False, 'state': 'enabled', 'selected': False}
2026-03-17 17:51:54,120 : INFO : EventManager : Event: ======'achievement_chcheckitout_multiball_state_enabled'====== Args={'restore': False, 'state': 'enabled', 'selected': False}
2026-03-17 17:51:54,120 : INFO : EventManager : Event: ======'achievement_bodymovin_multiball_changed_state'====== Args={'restore': False, 'state': 'enabled', 'selected': False}
2026-03-17 17:51:54,120 : INFO : EventManager : Event: ======'achievement_bodymovin_multiball_state_enabled'====== Args={'restore': False, 'state': 'enabled', 'selected': False}
2026-03-17 17:51:54,120 : INFO : EventManager : Event: ======'achievement_superpops_super_mode_changed_state'====== Args={'restore': False, 'state': 'enabled', 'selected': False}
2026-03-17 17:51:54,120 : INFO : EventManager : Event: ======'achievement_superpops_super_mode_state_enabled'====== Args={'restore': False, 'state': 'enabled', 'selected': False}
2026-03-17 17:51:54,120 : INFO : EventManager : Event: ======'achievement_superdrops_super_mode_changed_state'====== Args={'restore': False, 'state': 'enabled', 'selected': False}
2026-03-17 17:51:54,120 : INFO : EventManager : Event: ======'achievement_superdrops_super_mode_state_enabled'====== Args={'restore': False, 'state': 'enabled', 'selected': False}
2026-03-17 17:51:54,120 : INFO : EventManager : Event: ======'achievement_superspins_super_mode_changed_state'====== Args={'restore': False, 'state': 'enabled', 'selected': False}
2026-03-17 17:51:54,121 : INFO : EventManager : Event: ======'achievement_superspins_super_mode_state_enabled'====== Args={'restore': False, 'state': 'enabled', 'selected': False}
2026-03-17 17:51:54,121 : INFO : EventManager : Event: ======'achievement_superstandups_super_mode_changed_state'====== Args={'restore': False, 'state': 'enabled', 'selected': False}
2026-03-17 17:51:54,121 : INFO : EventManager : Event: ======'achievement_superstandups_super_mode_state_enabled'====== Args={'restore': False, 'state': 'enabled', 'selected': False}
2026-03-17 17:51:54,121 : INFO : EventManager : Event: ======'achievement_supercombos_super_mode_changed_state'====== Args={'restore': False, 'state': 'enabled', 'selected': False}
2026-03-17 17:51:54,121 : INFO : EventManager : Event: ======'achievement_supercombos_super_mode_state_enabled'====== Args={'restore': False, 'state': 'enabled', 'selected': False}
2026-03-17 17:51:54,121 : INFO : EventManager : Event: ======'achievement_girls_frenzy_changed_state'====== Args={'restore': False, 'state': 'disabled', 'selected': False}
2026-03-17 17:51:54,121 : INFO : EventManager : Event: ======'achievement_girls_frenzy_state_disabled'====== Args={'restore': False, 'state': 'disabled', 'selected': False}
2026-03-17 17:51:54,127 : INFO : EventManager : Unordered handler for class <Auditor> on event game_ended with priority 1. Handlers: [RegisteredHandler(callback=<bound method Auditor.disable of <Auditor>>, priority=1, kwargs={}, key=UUID('7c748188-2255-414e-9a38-5115b46fd9b5'), condition=None, blocking_facility=None), RegisteredHandler(callback=<bound method Auditor._save_audits of <Auditor>>, priority=1, kwargs={}, key=UUID('0a97e833-a9c2-46a4-8dc8-81e1081a4f9f'), condition=None, blocking_facility=None)]. The order of those handlers is not defined and they will be executed in random order. This might lead to race conditions and potential bugs.
2026-03-17 17:51:54,148 : INFO : EventManager : Event: ======'mode_base_starting'====== Args={'queue': <QueuedEvent>, 'player': 1, 'ball': 1, 'balls_remaining': 2, 'is_extra_ball': False}
2026-03-17 17:51:54,149 : INFO : drop_target_bank.three_bank : All targets are already up. Will not reset bank.
2026-03-17 17:51:54,150 : INFO : EventManager : Event: ======'balls_in_play'====== Args={'balls': 1}
2026-03-17 17:51:54,150 : INFO : EventManager : Event: ======'ball_started'====== Args={'player': 1, 'ball': 1, 'balls_remaining': 2, 'is_extra_ball': False}
2026-03-17 17:51:54,151 : INFO : EventManager : Event: ======'logicblock_battery_charged_status_updated'====== Args={'value': 20, 'enabled': False}
2026-03-17 17:51:54,152 : INFO : Mode.batterycharger : Started. Priority: 200
2026-03-17 17:51:54,152 : INFO : EventManager : Event: ======'modes_active_modes_changed'====== Args={}
2026-03-17 17:51:54,152 : INFO : EventManager : Event: ======'mode_batterycharger_started'====== Args={'queue': <QueuedEvent>, 'player': 1, 'ball': 1, 'balls_remaining': 2, 'is_extra_ball': False}
2026-03-17 17:51:54,153 : INFO : EventManager : Event: ======'logicblock_completed_modes_count_updated'====== Args={'value': 0, 'enabled': True}
2026-03-17 17:51:54,153 : INFO : EventManager : Event: ======'logicblock_played_modes_count_updated'====== Args={'value': 0, 'enabled': True}
2026-03-17 17:51:54,153 : INFO : EventManager : Event: ======'logicblock_combos_count_updated'====== Args={'value': 0, 'enabled': True}
2026-03-17 17:51:54,153 : INFO : EventManager : Event: ======'logicblock_superpops_counter_updated'====== Args={'value': 0, 'enabled': True}
2026-03-17 17:51:54,153 : INFO : EventManager : Event: ======'logicblock_superdrops_counter_updated'====== Args={'value': 0, 'enabled': True}
2026-03-17 17:51:54,154 : INFO : EventManager : Event: ======'logicblock_superstandups_counter_updated'====== Args={'value': 0, 'enabled': True}
2026-03-17 17:51:54,154 : INFO : EventManager : Event: ======'logicblock_superspins_counter_updated'====== Args={'value': 0, 'enabled': True}
2026-03-17 17:51:54,154 : INFO : EventManager : Event: ======'logicblock_supercombos_counter_updated'====== Args={'value': 0, 'enabled': True}
2026-03-17 17:51:54,154 : INFO : EventManager : Event: ======'logicblock_super_modes_played_counter_updated'====== Args={'value': 0, 'enabled': True}
2026-03-17 17:51:54,154 : INFO : EventManager : Event: ======'logicblock_qualify_chcheckitout_multiball_updated'====== Args={'value': 0, 'enabled': False}
2026-03-17 17:51:54,154 : INFO : EventManager : Event: ======'logicblock_chcheckitout_multiball_ready_updated'====== Args={'value': 0, 'enabled': False}
2026-03-17 17:51:54,154 : INFO : EventManager : Event: ======'logicblock_enable_bodymovin_lock_1_updated'====== Args={'value': 0, 'enabled': False}
2026-03-17 17:51:54,155 : INFO : EventManager : Event: ======'logicblock_bodymovin_lock_1_updated'====== Args={'value': 0, 'enabled': False}
2026-03-17 17:51:54,155 : INFO : EventManager : Event: ======'logicblock_enable_bodymovin_lock_2_updated'====== Args={'value': 0, 'enabled': False}
2026-03-17 17:51:54,155 : INFO : EventManager : Event: ======'logicblock_bodymovin_lock_2_updated'====== Args={'value': 0, 'enabled': False}
2026-03-17 17:51:54,155 : INFO : EventManager : Event: ======'logicblock_enable_bodymovin_lock_3_updated'====== Args={'value': 0, 'enabled': False}
2026-03-17 17:51:54,155 : INFO : EventManager : Event: ======'logicblock_bodymovin_multiball_ready_updated'====== Args={'value': 0, 'enabled': False}
2026-03-17 17:51:54,155 : INFO : EventManager : Event: ======'logicblock_drop_target_bank_counter_updated'====== Args={'value': 0, 'enabled': False}
2026-03-17 17:51:54,155 : INFO : EventManager : Event: ======'logicblock_completed_modes_count_updated'====== Args={'value': 0, 'enabled': True}
2026-03-17 17:51:54,155 : INFO : EventManager : Event: ======'logicblock_played_modes_count_updated'====== Args={'value': 0, 'enabled': True}
2026-03-17 17:51:54,155 : INFO : EventManager : Event: ======'logicblock_combos_count_updated'====== Args={'value': 0, 'enabled': True}
2026-03-17 17:51:54,155 : INFO : EventManager : Event: ======'logicblock_superpops_counter_updated'====== Args={'value': 0, 'enabled': True}
2026-03-17 17:51:54,155 : INFO : EventManager : Event: ======'logicblock_superdrops_counter_updated'====== Args={'value': 0, 'enabled': True}
2026-03-17 17:51:54,155 : INFO : EventManager : Event: ======'logicblock_superstandups_counter_updated'====== Args={'value': 0, 'enabled': True}
2026-03-17 17:51:54,155 : INFO : EventManager : Event: ======'logicblock_superspins_counter_updated'====== Args={'value': 0, 'enabled': True}
2026-03-17 17:51:54,155 : INFO : EventManager : Event: ======'logicblock_supercombos_counter_updated'====== Args={'value': 0, 'enabled': True}
2026-03-17 17:51:54,156 : INFO : EventManager : Event: ======'logicblock_super_modes_played_counter_updated'====== Args={'value': 0, 'enabled': True}
2026-03-17 17:51:54,156 : INFO : Mode.base : Started. Priority: 100
2026-03-17 17:51:54,156 : INFO : EventManager : Event: ======'modes_active_modes_changed'====== Args={}
2026-03-17 17:51:54,156 : INFO : EventManager : Event: ======'mode_base_started'====== Args={'queue': <QueuedEvent>, 'player': 1, 'ball': 1, 'balls_remaining': 2, 'is_extra_ball': False}
2026-03-17 17:51:54,157 : INFO : EventManager : Event: ======'mode_combos_will_start'====== Args={'player': 1, 'ball': 1, 'balls_remaining': 2, 'is_extra_ball': False}
2026-03-17 17:51:54,164 : INFO : EventManager : Event: ======'mode_combos_starting'====== Args={'player': 1, 'ball': 1, 'balls_remaining': 2, 'is_extra_ball': False}
2026-03-17 17:51:54,165 : INFO : EventManager : Event: ======'mode_skill_shot_will_start'====== Args={'player': 1, 'ball': 1, 'balls_remaining': 2, 'is_extra_ball': False}
2026-03-17 17:51:54,165 : INFO : EventManager : Event: ======'player_shot_skillshot_side_targets_enabled'====== Args={'value': True, 'prev_value': 0, 'change': 1, 'player_num': 1}
2026-03-17 17:51:54,165 : INFO : EventManager : Event: ======'player_shot_skillshot_hideout_plunge_enabled'====== Args={'value': True, 'prev_value': 0, 'change': 1, 'player_num': 1}
2026-03-17 17:51:54,165 : INFO : EventManager : Event: ======'player_shot_skillshot_super_enabled'====== Args={'value': True, 'prev_value': 0, 'change': 1, 'player_num': 1}
2026-03-17 17:51:54,166 : INFO : EventManager : Event: ======'player_shot_skillshot_left_outlane_enabled'====== Args={'value': True, 'prev_value': 0, 'change': 1, 'player_num': 1}
2026-03-17 17:51:54,166 : INFO : EventManager : Event: ======'player_shot_skillshot_drop_targets_enabled'====== Args={'value': True, 'prev_value': 0, 'change': 1, 'player_num': 1}
2026-03-17 17:51:54,166 : INFO : EventManager : Event: ======'player_shot_skillshot_lower_pop_enabled'====== Args={'value': True, 'prev_value': 0, 'change': 1, 'player_num': 1}
2026-03-17 17:51:54,166 : INFO : EventManager : Event: ======'skillshot_complete'====== Args={'state': 'off'}
2026-03-17 17:51:54,166 : INFO : EventManager : Event: ======'skillshot_off_complete'====== Args={}
2026-03-17 17:51:54,167 : INFO : EventManager : Event: ======'player_skill_shot_skill_shot_timeout_tick'====== Args={'value': 0, 'prev_value': 0, 'change': 0, 'player_num': 1}
2026-03-17 17:51:54,167 : INFO : EventManager : Unordered handler for class <timer.skill_shot_timeout> on event ball_starting with priority 1. Handlers: [RegisteredHandler(callback=<bound method Timer.reset of <timer.skill_shot_timeout>>, priority=1, kwargs={}, key=UUID('7e4251cf-4dee-46ba-9eec-afbf7966c759'), condition=None, blocking_facility=None), RegisteredHandler(callback=<bound method Timer.pause of <timer.skill_shot_timeout>>, priority=1, kwargs={'timer_value': None}, key=UUID('8d1d581c-d6eb-41cf-a5f7-fd65cff6065e'), condition=None, blocking_facility=None)]. The order of those handlers is not defined and they will be executed in random order. This might lead to race conditions and potential bugs.
2026-03-17 17:51:54,170 : INFO : EventManager : Event: ======'mode_skill_shot_starting'====== Args={'player': 1, 'ball': 1, 'balls_remaining': 2, 'is_extra_ball': False}
2026-03-17 17:51:54,170 : INFO : EventManager : Event: ======'logicblock_battery_charged_status_updated'====== Args={'value': 20, 'enabled': False}
2026-03-17 17:51:54,170 : INFO : EventManager : Event: ======'logicblock_battery_charged_status_updated'====== Args={'value': 20, 'enabled': True}
2026-03-17 17:51:54,171 : INFO : EventManager : Event: ======'logicblock_drop_target_bank_counter_updated'====== Args={'value': 0, 'enabled': True}
2026-03-17 17:51:54,171 : INFO : EventManager : Event: ======'logicblock_combos_count_updated'====== Args={'value': 0, 'enabled': True}
2026-03-17 17:51:54,171 : INFO : EventManager : Event: ======'logicblock_combos_count_updated'====== Args={'value': 0, 'enabled': True}
2026-03-17 17:51:54,171 : INFO : EventManager : Event: ======'logicblock_superpops_counter_updated'====== Args={'value': 0, 'enabled': True}
2026-03-17 17:51:54,171 : INFO : EventManager : Event: ======'logicblock_superpops_counter_updated'====== Args={'value': 0, 'enabled': True}
2026-03-17 17:51:54,171 : INFO : EventManager : Event: ======'logicblock_superdrops_counter_updated'====== Args={'value': 0, 'enabled': True}
2026-03-17 17:51:54,171 : INFO : EventManager : Event: ======'logicblock_superdrops_counter_updated'====== Args={'value': 0, 'enabled': True}
2026-03-17 17:51:54,171 : INFO : EventManager : Event: ======'logicblock_superstandups_counter_updated'====== Args={'value': 0, 'enabled': True}
2026-03-17 17:51:54,171 : INFO : EventManager : Event: ======'logicblock_superstandups_counter_updated'====== Args={'value': 0, 'enabled': True}
2026-03-17 17:51:54,172 : INFO : EventManager : Event: ======'logicblock_superspins_counter_updated'====== Args={'value': 0, 'enabled': True}
2026-03-17 17:51:54,172 : INFO : EventManager : Event: ======'logicblock_superspins_counter_updated'====== Args={'value': 0, 'enabled': True}
2026-03-17 17:51:54,172 : INFO : EventManager : Event: ======'logicblock_supercombos_counter_updated'====== Args={'value': 0, 'enabled': True}
2026-03-17 17:51:54,172 : INFO : EventManager : Event: ======'logicblock_supercombos_counter_updated'====== Args={'value': 0, 'enabled': True}
2026-03-17 17:51:54,172 : INFO : EventManager : Event: ======'logicblock_super_modes_played_counter_updated'====== Args={'value': 0, 'enabled': True}
2026-03-17 17:51:54,172 : INFO : EventManager : Event: ======'logicblock_super_modes_played_counter_updated'====== Args={'value': 0, 'enabled': True}
2026-03-17 17:51:54,172 : INFO : EventManager : Event: ======'logicblock_qualify_chcheckitout_multiball_updated'====== Args={'value': 0, 'enabled': False}
2026-03-17 17:51:54,172 : INFO : EventManager : Event: ======'logicblock_qualify_chcheckitout_multiball_updated'====== Args={'value': 0, 'enabled': True}
2026-03-17 17:51:54,172 : INFO : EventManager : Event: ======'logicblock_enable_bodymovin_lock_2_updated'====== Args={'value': 0, 'enabled': False}
2026-03-17 17:51:54,172 : INFO : EventManager : Event: ======'logicblock_enable_bodymovin_lock_2_updated'====== Args={'value': 0, 'enabled': True}
2026-03-17 17:51:54,173 : INFO : EventManager : Event: ======'battery_charged'====== Args={'priority': 0}
2026-03-17 17:51:54,173 : INFO : EventManager : Event: ======'logicblock_drop_target_bank_counter_updated'====== Args={'value': 1, 'enabled': True}
2026-03-17 17:51:54,174 : INFO : EventManager : Event: ======'player_charges_remaining_variable'====== Args={'value': 20, 'prev_value': 0, 'change': 20, 'player_num': 1, 'source': 'batterycharger'}
2026-03-17 17:51:54,174 : INFO : EventManager : Event: ======'mode_carousel_will_start'====== Args={'priority': 0}
2026-03-17 17:51:54,178 : INFO : EventManager : Event: ======'mode_carousel_starting'====== Args={'priority': 0}
2026-03-17 17:51:54,179 : INFO : EventManager : Event: ======'player_battery_charged_yesorno'====== Args={'value': 1, 'prev_value': 0, 'change': 1, 'player_num': 1, 'source': 'base'}
2026-03-17 17:51:54,179 : INFO : EventManager : Event: ======'logicblock_battery_charged_status_updated'====== Args={'value': 0, 'enabled': True}
2026-03-17 17:51:54,180 : INFO : EventManager : Event: ======'battery_charged'====== Args={}
2026-03-17 17:51:54,180 : INFO : EventManager : Event: ======'logicblock_battery_charged_status_updated'====== Args={'value': 0, 'enabled': False}
2026-03-17 17:51:54,181 : INFO : EventManager : Event: ======'player_charges_remaining_variable'====== Args={'value': 0, 'prev_value': 20, 'change': -20, 'player_num': 1, 'source': 'batterycharger'}
2026-03-17 17:51:54,181 : INFO : EventManager : Event: ======'mode_multiball_will_start'====== Args={'queue': <QueuedEvent>, 'player': 1, 'ball': 1, 'balls_remaining': 2, 'is_extra_ball': False}
2026-03-17 17:51:54,183 : INFO : EventManager : Event: ======'mode_multiball_starting'====== Args={'queue': <QueuedEvent>, 'player': 1, 'ball': 1, 'balls_remaining': 2, 'is_extra_ball': False}
2026-03-17 17:51:54,184 : INFO : EventManager : Event: ======'ball_save_default_enabled'====== Args={}
2026-03-17 17:51:54,184 : INFO : Mode.multiball : Started. Priority: 1000
2026-03-17 17:51:54,185 : INFO : EventManager : Event: ======'modes_active_modes_changed'====== Args={}
2026-03-17 17:51:54,185 : INFO : EventManager : Event: ======'mode_multiball_started'====== Args={'queue': <QueuedEvent>, 'player': 1, 'ball': 1, 'balls_remaining': 2, 'is_extra_ball': False}
2026-03-17 17:51:54,185 : INFO : Mode.carousel : Started. Priority: 200
2026-03-17 17:51:54,185 : INFO : EventManager : Event: ======'modes_active_modes_changed'====== Args={}
2026-03-17 17:51:54,185 : INFO : EventManager : Event: ======'mode_carousel_started'====== Args={'priority': 0}
2026-03-17 17:51:54,186 : INFO : blinkenlight.bl_scoop_arrow_led : Color (0, 0, 255) with key carousel added
2026-03-17 17:51:54,187 : INFO : EventManager : Event: ======'carousel_item_highlighted'====== Args={'carousel': 'carousel', 'direction': None, 'item': 'intergalactic'}
2026-03-17 17:51:54,188 : INFO : Mode.skill_shot : Started. Priority: 500
2026-03-17 17:51:54,188 : INFO : EventManager : Event: ======'modes_active_modes_changed'====== Args={}
2026-03-17 17:51:54,188 : INFO : EventManager : Event: ======'mode_skill_shot_started'====== Args={'player': 1, 'ball': 1, 'balls_remaining': 2, 'is_extra_ball': False}
2026-03-17 17:51:54,189 : INFO : EventManager : Event: ======'advance_skill_hideout'====== Args={'player': 1, 'ball': 1, 'balls_remaining': 2, 'is_extra_ball': False}
2026-03-17 17:51:54,189 : INFO : EventManager : Event: ======'player_shot_skillshot_hideout_plunge'====== Args={'value': 1, 'prev_value': 0, 'change': 1, 'player_num': 1}
2026-03-17 17:51:54,190 : INFO : Mode.combos : Started. Priority: 2000
2026-03-17 17:51:54,190 : INFO : EventManager : Event: ======'modes_active_modes_changed'====== Args={}
2026-03-17 17:51:54,190 : INFO : EventManager : Event: ======'mode_combos_started'====== Args={'player': 1, 'ball': 1, 'balls_remaining': 2, 'is_extra_ball': False}
2026-03-17 17:51:54,191 : INFO : EventManager : Event: ======'single_player_ball_started'====== Args={}
2026-03-17 17:51:54,196 : INFO : EventManager : Event: ======'ball_start_target'====== Args={'target': 'playfield'}
2026-03-17 17:51:54,197 : INFO : EventManager : Event: ======'slide_base_created'====== Args={'_from_bcp': True}
2026-03-17 17:51:54,198 : INFO : ball_device.bd_plunger : Setting up player-controlled eject. Balls: 1, Target: <playfield.playfield>, player_controlled_eject_event: None
2026-03-17 17:51:54,198 : INFO : EventManager : Event: ======'balldevice_balls_available'====== Args={}
2026-03-17 17:51:54,199 : INFO : EventManager : Event: ======'play_base_video1'====== Args={'_from_bcp': True}
2026-03-17 17:51:54,200 : INFO : ball_device.bd_trough : State: waiting_for_target_ready
2026-03-17 17:51:54,200 : INFO : EventManager : Event: ======'balldevice_bd_trough_ball_eject_attempt'====== Args={'balls': 1, 'target': <ball_device.bd_plunger>, 'source': <ball_device.bd_trough>, 'mechanical_eject': True, 'num_attempts': 0}
2026-03-17 17:51:54,201 : INFO : ball_device.bd_plunger : State: waiting_for_ball
2026-03-17 17:51:54,201 : INFO : ball_device.bd_trough : State: ejecting
2026-03-17 17:51:54,202 : INFO : ball_device.bd_trough : Ejecting ball to <ball_device.bd_plunger>
2026-03-17 17:51:54,202 : INFO : EventManager : Event: ======'balldevice_bd_trough_ejecting_ball'====== Args={'balls': 1, 'target': <ball_device.bd_plunger>, 'source': <ball_device.bd_trough>, 'mechanical_eject': True, 'num_attempts': 0}
2026-03-17 17:51:54,204 : INFO : ball_device.bd_trough : Wait for ball to leave device
2026-03-17 17:51:54,204 : INFO : coil.c_trough_eject : Pulsing Driver for 15ms (1.0 pulse_power)
2026-03-17 17:51:54,205 : INFO : SwitchController : <<<<<<< 's_trough1' inactive >>>>>>>
2026-03-17 17:51:54,206 : INFO : ball_device.bd_trough : State: ball_left
2026-03-17 17:51:54,207 : INFO : ball_device.bd_trough : Ball left
2026-03-17 17:51:54,207 : INFO : ball_device.bd_trough : Wait for confirm with timeout 3.0
2026-03-17 17:51:54,319 : INFO : SwitchController : <<<<<<< 's_plunger' active >>>>>>>
2026-03-17 17:51:54,319 : INFO : EventManager : Event: ======'machine_var_audits_switches_s_plunger'====== Args={'value': 2182, 'prev_value': 2181, 'change': 1}
2026-03-17 17:51:54,486 : INFO : EventManager : Event: ======'slide_score_overlay_created'====== Args={'_from_bcp': True}
2026-03-17 17:51:54,706 : INFO : EventManager : Event: ======'slide_super_circles_created'====== Args={'_from_bcp': True}
2026-03-17 17:51:54,707 : INFO : EventManager : Event: ======'slide_attract_load_inactive'====== Args={'is_removing': True, '_from_bcp': True}
2026-03-17 17:51:54,708 : INFO : EventManager : Event: ======'slide_super_circles_active'====== Args={'original_context': 'base', 'original_calling_context': 'mode_base_started', 'priority': 100.0, 'queue': '<QueuedEvent>', 'player': 1.0, 'ball': 1.0, 'balls_remaining': 2.0, 'is_extra_ball': False, 'cmd': 'slides_play', '_from_bcp': True}
2026-03-17 17:51:54,715 : INFO : EventManager : Event: ======'slide_attract_load_removed'====== Args={'_from_bcp': True}
2026-03-17 17:51:54,825 : INFO : EventManager : Event: ======'slide_current_mode_highlighted_created'====== Args={'_from_bcp': True}
2026-03-17 17:51:54,826 : INFO : EventManager : Event: ======'random_mode_picker_highplainsdrifter'====== Args={'_from_bcp': True}
2026-03-17 17:51:54,827 : INFO : EventManager : Event: ======'carousel_advance'====== Args={'priority': 0}
2026-03-17 17:51:54,827 : INFO : EventManager : Event: ======'carousel_advance_2'====== Args={'priority': 0}
2026-03-17 17:51:54,827 : INFO : EventManager : Event: ======'carousel_advance_3'====== Args={'priority': 0}
2026-03-17 17:51:54,827 : INFO : EventManager : Event: ======'carousel_advance_4'====== Args={'priority': 0}
2026-03-17 17:51:54,827 : INFO : EventManager : Event: ======'carousel_item_highlighted'====== Args={'carousel': 'carousel', 'direction': 'forwards', 'item': 'paulrevere'}
2026-03-17 17:51:54,828 : INFO : EventManager : Event: ======'carousel_item_highlighted'====== Args={'carousel': 'carousel', 'direction': 'forwards', 'item': 'tripletrouble'}
2026-03-17 17:51:54,829 : INFO : EventManager : Event: ======'carousel_item_highlighted'====== Args={'carousel': 'carousel', 'direction': 'forwards', 'item': 'sabotage'}
2026-03-17 17:51:54,830 : INFO : EventManager : Event: ======'carousel_item_highlighted'====== Args={'carousel': 'carousel', 'direction': 'forwards', 'item': 'highplainsdrifter'}
2026-03-17 17:51:54,832 : INFO : ball_device.bd_plunger : Received ball from <ball_device.bd_trough>
2026-03-17 17:51:54,832 : INFO : EventManager : Event: ======'balldevice_bd_plunger_ball_enter'====== Args={'new_balls': 1, 'unclaimed_balls': 0, 'new_available_balls': 0, 'device': <ball_device.bd_plunger>}
2026-03-17 17:51:54,833 : INFO : EventManager : Event: ======'balldevice_bd_plunger_ball_entered'====== Args={'new_balls': 0, 'device': <ball_device.bd_plunger>}
2026-03-17 17:51:54,834 : INFO : EventManager : Event: ======'balldevice_bd_plunger_ball_count_changed'====== Args={'balls': 1}
2026-03-17 17:51:54,834 : INFO : ball_device.bd_trough : Got eject confirm
2026-03-17 17:51:54,834 : INFO : ball_device.bd_trough : Eject successful
2026-03-17 17:51:54,834 : INFO : EventManager : Event: ======'balldevice_bd_trough_ball_eject_success'====== Args={'balls': 1, 'target': <ball_device.bd_plunger>}
2026-03-17 17:51:54,836 : INFO : EventManager : Event: ======'balldevice_bd_trough_ball_count_changed'====== Args={'balls': 5}
2026-03-17 17:51:54,836 : INFO : ball_device.bd_trough : State: idle
2026-03-17 17:51:54,836 : INFO : ball_device.bd_plunger : State: waiting_for_target_ready
2026-03-17 17:51:54,837 : INFO : EventManager : Event: ======'balldevice_bd_plunger_ball_eject_attempt'====== Args={'balls': 1, 'target': <playfield.playfield>, 'source': <ball_device.bd_plunger>, 'mechanical_eject': True, 'num_attempts': 0}
2026-03-17 17:51:54,837 : INFO : ball_device.bd_plunger : State: ejecting
2026-03-17 17:51:54,837 : INFO : ball_device.bd_plunger : Ejecting ball to <playfield.playfield>
2026-03-17 17:51:54,837 : INFO : EventManager : Event: ======'balldevice_bd_plunger_ejecting_ball'====== Args={'balls': 1, 'target': <playfield.playfield>, 'source': <ball_device.bd_plunger>, 'mechanical_eject': True, 'num_attempts': 0}
2026-03-17 17:51:54,839 : INFO : EventManager : Event: ======'slide_skillshot_overlay_hideout_created'====== Args={'_from_bcp': True}
2026-03-17 17:51:54,839 : INFO : EventManager : Event: ======'slide_super_circles_inactive'====== Args={'is_removing': False, '_from_bcp': True}
2026-03-17 17:51:54,840 : INFO : EventManager : Event: ======'slide_skillshot_overlay_hideout_active'====== Args={'original_context': 'skill_shot', 'original_calling_context': 'player_shot_skillshot_hideout_plunge{device.shots.skillshot_hideout_plunge.state==1}', 'priority': 500.0, 'value': 1.0, 'prev_value': 0.0, 'change': 1.0, 'player_num': 1.0, 'cmd': 'slides_play', '_from_bcp': True}
2026-03-17 17:51:54,840 : INFO : ball_device.bd_plunger : Wait for ball to leave device
2026-03-17 17:51:54,844 : INFO : EventManager : Event: ======'slide_basevideo1_created'====== Args={'_from_bcp': True}
2026-03-17 17:51:56,016 : INFO : SwitchController : <<<<<<< 's_right_flipper' active >>>>>>>
2026-03-17 17:51:56,016 : INFO : EventManager : Event: ======'s_right_flipper_active'====== Args={}
2026-03-17 17:51:56,017 : INFO : EventManager : Event: ======'machine_var_audits_switches_s_right_flipper'====== Args={'value': 2671, 'prev_value': 2670, 'change': 1}
2026-03-17 17:51:56,018 : INFO : EventManager : Event: ======'player_shot_skillshot_hideout_plunge'====== Args={'value': 0, 'prev_value': 1, 'change': -1, 'player_num': 1}
2026-03-17 17:51:56,018 : INFO : EventManager : Event: ======'player_shot_skillshot_super'====== Args={'value': 1, 'prev_value': 0, 'change': 1, 'player_num': 1}
2026-03-17 17:51:56,032 : INFO : EventManager : Event: ======'slide_skillshot_overlay_hideout_inactive'====== Args={'is_removing': True, '_from_bcp': True}
2026-03-17 17:51:56,033 : INFO : EventManager : Event: ======'slide_super_circles_active'====== Args={'_from_bcp': True}
2026-03-17 17:51:56,034 : INFO : EventManager : Event: ======'slide_skillshot_overlay_hideout_removed'====== Args={'_from_bcp': True}
2026-03-17 17:51:56,035 : INFO : EventManager : Event: ======'slide_skillshot_overlay_super_created'====== Args={'_from_bcp': True}
2026-03-17 17:51:56,035 : INFO : EventManager : Event: ======'slide_super_circles_inactive'====== Args={'is_removing': False, '_from_bcp': True}
2026-03-17 17:51:56,035 : INFO : EventManager : Event: ======'slide_skillshot_overlay_super_active'====== Args={'original_context': 'skill_shot', 'original_calling_context': 'player_shot_skillshot_super{device.shots.skillshot_super.state==1}', 'priority': 500.0, 'value': 1.0, 'prev_value': 0.0, 'change': 1.0, 'player_num': 1.0, 'cmd': 'slides_play', '_from_bcp': True}
2026-03-17 17:51:56,122 : INFO : SwitchController : <<<<<<< 's_right_flipper' inactive >>>>>>>
2026-03-17 17:51:56,123 : INFO : EventManager : Event: ======'sw_right_flipper_inactive'====== Args={}
2026-03-17 17:51:56,565 : INFO : SwitchController : <<<<<<< 's_right_flipper' active >>>>>>>
2026-03-17 17:51:56,565 : INFO : EventManager : Event: ======'s_right_flipper_active'====== Args={}
2026-03-17 17:51:56,567 : INFO : EventManager : Event: ======'machine_var_audits_switches_s_right_flipper'====== Args={'value': 2672, 'prev_value': 2671, 'change': 1}
2026-03-17 17:51:56,568 : INFO : EventManager : Event: ======'player_shot_skillshot_super'====== Args={'value': 0, 'prev_value': 1, 'change': -1, 'player_num': 1}
2026-03-17 17:51:56,568 : INFO : EventManager : Event: ======'player_shot_skillshot_lower_pop'====== Args={'value': 1, 'prev_value': 0, 'change': 1, 'player_num': 1}
2026-03-17 17:51:56,583 : INFO : EventManager : Event: ======'slide_skillshot_overlay_super_inactive'====== Args={'is_removing': True, '_from_bcp': True}
2026-03-17 17:51:56,584 : INFO : EventManager : Event: ======'slide_super_circles_active'====== Args={'_from_bcp': True}
2026-03-17 17:51:56,586 : INFO : EventManager : Event: ======'slide_skillshot_overlay_super_removed'====== Args={'_from_bcp': True}
2026-03-17 17:51:56,586 : INFO : EventManager : Event: ======'slide_skillshot_overlay_lowerpop_created'====== Args={'_from_bcp': True}
2026-03-17 17:51:56,586 : INFO : EventManager : Event: ======'slide_super_circles_inactive'====== Args={'is_removing': False, '_from_bcp': True}
2026-03-17 17:51:56,588 : INFO : EventManager : Event: ======'slide_skillshot_overlay_lowerpop_active'====== Args={'original_context': 'skill_shot', 'original_calling_context': 'player_shot_skillshot_lower_pop{device.shots.skillshot_lower_pop.state==1}', 'priority': 500.0, 'value': 1.0, 'prev_value': 0.0, 'change': 1.0, 'player_num': 1.0, 'cmd': 'slides_play', '_from_bcp': True}
2026-03-17 17:51:56,682 : INFO : SwitchController : <<<<<<< 's_right_flipper' inactive >>>>>>>
2026-03-17 17:51:56,682 : INFO : EventManager : Event: ======'sw_right_flipper_inactive'====== Args={}
2026-03-17 17:52:30,420 : INFO : SwitchController : <<<<<<< 's_plunger' inactive >>>>>>>
2026-03-17 17:52:30,421 : INFO : EventManager : Event: ======'ball_out'====== Args={}
2026-03-17 17:52:30,421 : INFO : EventManager : Event: ======'ball_save_default_timer_start'====== Args={}
2026-03-17 17:52:30,422 : INFO : ball_device.bd_plunger : State: ball_left
2026-03-17 17:52:30,422 : INFO : ball_device.bd_plunger : Ball left
2026-03-17 17:52:30,423 : INFO : ball_device.bd_plunger : Wait for confirm with timeout 3.0
2026-03-17 17:52:30,754 : INFO : SwitchController : <<<<<<< 's_right_lower_pop' active >>>>>>>
2026-03-17 17:52:30,754 : INFO : EventManager : Event: ======'playfield_active'====== Args={'source': 'skillshot_lower_pop'}
2026-03-17 17:52:30,755 : INFO : EventManager : Event: ======'playfield_active'====== Args={'source': 'pop3'}
2026-03-17 17:52:30,755 : INFO : EventManager : Event: ======'s_right_lower_pop_active'====== Args={}
2026-03-17 17:52:30,755 : INFO : EventManager : Event: ======'playfield_active'====== Args={'source': 'right_lower_pop'}
2026-03-17 17:52:30,755 : INFO : EventManager : Event: ======'machine_var_audits_switches_s_right_lower_pop'====== Args={'value': 1952, 'prev_value': 1951, 'change': 1}
2026-03-17 17:52:30,756 : INFO : EventManager : Event: ======'player_shot_skillshot_lower_pop'====== Args={'value': 0, 'prev_value': 1, 'change': -1, 'player_num': 1}
2026-03-17 17:52:30,757 : INFO : EventManager : Event: ======'machine_var_audits_shots_skillshot_lower_pop'====== Args={'value': 28, 'prev_value': 27, 'change': 1}
2026-03-17 17:52:30,757 : INFO : EventManager : Event: ======'skillshot_lower_pop_hit'====== Args={'profile': 'skill_shot_profile', 'state': 'lit', 'advancing': True}
2026-03-17 17:52:30,757 : INFO : EventManager : Event: ======'skillshot_lower_pop_skill_shot_profile_hit'====== Args={'profile': 'skill_shot_profile', 'state': 'lit', 'advancing': True}
2026-03-17 17:52:30,757 : INFO : EventManager : Event: ======'skillshot_lower_pop_skill_shot_profile_lit_hit'====== Args={'profile': 'skill_shot_profile', 'state': 'lit', 'advancing': True}
2026-03-17 17:52:30,757 : INFO : EventManager : Event: ======'skillshot_lower_pop_lit_hit'====== Args={'profile': 'skill_shot_profile', 'state': 'lit', 'advancing': True}
2026-03-17 17:52:30,757 : INFO : EventManager : Event: ======'machine_var_audits_shots_pop3'====== Args={'value': 1171, 'prev_value': 1170, 'change': 1}
2026-03-17 17:52:30,758 : INFO : EventManager : Event: ======'pop3_hit'====== Args={'profile': 'base_shot_profile', 'state': 'off', 'advancing': False}
2026-03-17 17:52:30,758 : INFO : EventManager : Event: ======'pop3_base_shot_profile_hit'====== Args={'profile': 'base_shot_profile', 'state': 'off', 'advancing': False}
2026-03-17 17:52:30,758 : INFO : EventManager : Event: ======'pop3_base_shot_profile_off_hit'====== Args={'profile': 'base_shot_profile', 'state': 'off', 'advancing': False}
2026-03-17 17:52:30,758 : INFO : EventManager : Event: ======'pop3_off_hit'====== Args={'profile': 'base_shot_profile', 'state': 'off', 'advancing': False}
2026-03-17 17:52:30,758 : INFO : EventManager : Event: ======'skillshot_complete'====== Args={'state': 'off'}
2026-03-17 17:52:30,758 : INFO : EventManager : Event: ======'skillshot_off_complete'====== Args={}
2026-03-17 17:52:30,758 : INFO : EventManager : Event: ======'skillshot_hit'====== Args={'shot': 'skillshot_lower_pop'}
2026-03-17 17:52:30,759 : INFO : EventManager : Event: ======'skillshot_lit_hit'====== Args={'shot': 'skillshot_lower_pop'}
2026-03-17 17:52:30,759 : INFO : EventManager : Event: ======'mode_skill_shot_will_stop'====== Args={}
2026-03-17 17:52:30,759 : INFO : EventManager : Event: ======'mode_skill_shot_stopping'====== Args={}
2026-03-17 17:52:30,759 : INFO : EventManager : Event: ======'player_score'====== Args={'value': 3000000, 'prev_value': 0, 'change': 3000000, 'player_num': 1, 'source': 'skill_shot'}
2026-03-17 17:52:30,759 : INFO : EventManager : Event: ======'player_bonus_multiplier'====== Args={'value': 2, 'prev_value': 0, 'change': 2, 'player_num': 1, 'source': 'skill_shot'}
2026-03-17 17:52:30,759 : INFO : EventManager : Event: ======'carousel_item_highlighted'====== Args={'carousel': 'carousel', 'direction': 'backwards', 'item': 'sabotage'}
2026-03-17 17:52:30,760 : INFO : EventManager : Event: ======'player_score'====== Args={'value': 3001110, 'prev_value': 3000000, 'change': 1110, 'player_num': 1, 'source': 'base'}
2026-03-17 17:52:30,761 : INFO : Mode.skill_shot : Stopped.
2026-03-17 17:52:30,761 : INFO : EventManager : Event: ======'modes_active_modes_changed'====== Args={}
2026-03-17 17:52:30,761 : INFO : EventManager : Event: ======'mode_skill_shot_stopped'====== Args={}
2026-03-17 17:52:30,761 : INFO : EventManager : Event: ======'clear'====== Args={'key': 'skill_shot'}
2026-03-17 17:52:30,761 : INFO : EventManager : Event: ======'mode_instruments_will_start'====== Args={}
2026-03-17 17:52:30,761 : INFO : EventManager : Event: ======'instrument_drops_complete'====== Args={'state': 'off'}
2026-03-17 17:52:30,761 : INFO : EventManager : Event: ======'instrument_drops_off_complete'====== Args={}
2026-03-17 17:52:30,763 : INFO : EventManager : Event: ======'player_instruments_instrument_rotate_tick'====== Args={'value': 0, 'prev_value': 0, 'change': 0, 'player_num': 1}
2026-03-17 17:52:30,763 : INFO : EventManager : Event: ======'player_instruments_playfield_x_timer_tick'====== Args={'value': 30, 'prev_value': 0, 'change': 30, 'player_num': 1}
2026-03-17 17:52:30,764 : INFO : EventManager : Unordered handler for class <timer.playfield_x_timer> on event start_playfield_x_timer with priority 1. Handlers: [RegisteredHandler(callback=<bound method Timer.start of <timer.playfield_x_timer>>, priority=1, kwargs={}, key=UUID('77a1eee9-348c-4c58-826a-907e757b2c3c'), condition=None, blocking_facility=None), RegisteredHandler(callback=<bound method Timer.restart of <timer.playfield_x_timer>>, priority=1, kwargs={}, key=UUID('a8455c32-ae8c-4a2a-9506-dc54bb23921b'), condition=None, blocking_facility=None)]. The order of those handlers is not defined and they will be executed in random order. This might lead to race conditions and potential bugs.
2026-03-17 17:52:30,764 : INFO : EventManager : Unordered handler for class <timer.playfield_x_timer> on event ball_will_end with priority 1. Handlers: [RegisteredHandler(callback=<bound method Timer.pause of <timer.playfield_x_timer>>, priority=1, kwargs={'timer_value': None}, key=UUID('46ef7e51-0015-424e-a836-f599d68a4b19'), condition=None, blocking_facility=None), RegisteredHandler(callback=<bound method Timer.jump of <timer.playfield_x_timer>>, priority=1, kwargs={'timer_value': <NativeTemplate 30.0>}, key=UUID('7622b67b-099a-4dd1-95f4-635620ed311a'), condition=None, blocking_facility=None)]. The order of those handlers is not defined and they will be executed in random order. This might lead to race conditions and potential bugs.
2026-03-17 17:52:30,764 : INFO : EventManager : Unordered handler for class <timer.playfield_x_timer> on event ball_will_end with priority 1. Handlers: [RegisteredHandler(callback=<bound method Timer.pause of <timer.playfield_x_timer>>, priority=1, kwargs={'timer_value': None}, key=UUID('46ef7e51-0015-424e-a836-f599d68a4b19'), condition=None, blocking_facility=None), RegisteredHandler(callback=<bound method Timer.jump of <timer.playfield_x_timer>>, priority=1, kwargs={'timer_value': <NativeTemplate 30.0>}, key=UUID('7622b67b-099a-4dd1-95f4-635620ed311a'), condition=None, blocking_facility=None)]. The order of those handlers is not defined and they will be executed in random order. This might lead to race conditions and potential bugs.
2026-03-17 17:52:30,765 : INFO : EventManager : Unordered handler for class <timer.playfield_x_timer> on event start_playfield_x_timer with priority 1. Handlers: [RegisteredHandler(callback=<bound method Timer.start of <timer.playfield_x_timer>>, priority=1, kwargs={}, key=UUID('77a1eee9-348c-4c58-826a-907e757b2c3c'), condition=None, blocking_facility=None), RegisteredHandler(callback=<bound method Timer.restart of <timer.playfield_x_timer>>, priority=1, kwargs={}, key=UUID('a8455c32-ae8c-4a2a-9506-dc54bb23921b'), condition=None, blocking_facility=None)]. The order of those handlers is not defined and they will be executed in random order. This might lead to race conditions and potential bugs.
2026-03-17 17:52:30,765 : INFO : EventManager : Unordered handler for class <timer.playfield_x_timer> on event start_playfield_x_timer with priority 1. Handlers: [RegisteredHandler(callback=<bound method Timer.start of <timer.playfield_x_timer>>, priority=1, kwargs={}, key=UUID('77a1eee9-348c-4c58-826a-907e757b2c3c'), condition=None, blocking_facility=None), RegisteredHandler(callback=<bound method Timer.restart of <timer.playfield_x_timer>>, priority=1, kwargs={}, key=UUID('a8455c32-ae8c-4a2a-9506-dc54bb23921b'), condition=None, blocking_facility=None)]. The order of those handlers is not defined and they will be executed in random order. This might lead to race conditions and potential bugs.
2026-03-17 17:52:30,765 : INFO : EventManager : Unordered handler for class <timer.playfield_x_timer> on event start_playfield_x_timer with priority 1. Handlers: [RegisteredHandler(callback=<bound method Timer.start of <timer.playfield_x_timer>>, priority=1, kwargs={}, key=UUID('77a1eee9-348c-4c58-826a-907e757b2c3c'), condition=None, blocking_facility=None), RegisteredHandler(callback=<bound method Timer.restart of <timer.playfield_x_timer>>, priority=1, kwargs={}, key=UUID('a8455c32-ae8c-4a2a-9506-dc54bb23921b'), condition=None, blocking_facility=None)]. The order of those handlers is not defined and they will be executed in random order. This might lead to race conditions and potential bugs.
2026-03-17 17:52:30,766 : INFO : EventManager : Unordered handler for class <timer.playfield_x_timer> on event ball_will_end with priority 1. Handlers: [RegisteredHandler(callback=<bound method Timer.pause of <timer.playfield_x_timer>>, priority=1, kwargs={'timer_value': None}, key=UUID('46ef7e51-0015-424e-a836-f599d68a4b19'), condition=None, blocking_facility=None), RegisteredHandler(callback=<bound method Timer.jump of <timer.playfield_x_timer>>, priority=1, kwargs={'timer_value': <NativeTemplate 30.0>}, key=UUID('7622b67b-099a-4dd1-95f4-635620ed311a'), condition=None, blocking_facility=None)]. The order of those handlers is not defined and they will be executed in random order. This might lead to race conditions and potential bugs.
2026-03-17 17:52:30,767 : INFO : EventManager : Event: ======'mode_instruments_starting'====== Args={}
2026-03-17 17:52:30,770 : INFO : Timer.skill_shot_timeout : Stopping Timer
2026-03-17 17:52:30,770 : INFO : EventManager : Event: ======'timer_skill_shot_timeout_stopped'====== Args={'ticks': 0, 'ticks_remaining': 0}
2026-03-17 17:52:30,786 : INFO : EventManager : Event: ======'logicblock_turntable_start_sequence_updated'====== Args={'value': 0, 'enabled': True}
2026-03-17 17:52:30,786 : INFO : EventManager : Event: ======'logicblock_microphone_start_sequence_updated'====== Args={'value': 0, 'enabled': True}
2026-03-17 17:52:30,786 : INFO : EventManager : Event: ======'logicblock_boombox_start_sequence_updated'====== Args={'value': 0, 'enabled': True}
2026-03-17 17:52:30,787 : INFO : EventManager : Event: ======'logicblock_instruments_updated'====== Args={'value': [False, False, False], 'enabled': True}
2026-03-17 17:52:30,787 : INFO : EventManager : Event: ======'logicblock_turntable_start_sequence_updated'====== Args={'value': 0, 'enabled': True}
2026-03-17 17:52:30,787 : INFO : EventManager : Event: ======'logicblock_turntable_collect_updated'====== Args={'value': 0, 'enabled': False}
2026-03-17 17:52:30,787 : INFO : EventManager : Event: ======'logicblock_microphone_start_sequence_updated'====== Args={'value': 0, 'enabled': True}
2026-03-17 17:52:30,787 : INFO : EventManager : Event: ======'logicblock_microphone_collect_updated'====== Args={'value': 0, 'enabled': False}
2026-03-17 17:52:30,787 : INFO : EventManager : Event: ======'logicblock_boombox_start_sequence_updated'====== Args={'value': 0, 'enabled': True}
2026-03-17 17:52:30,787 : INFO : EventManager : Event: ======'logicblock_boombox_collect_updated'====== Args={'value': 0, 'enabled': False}
2026-03-17 17:52:30,787 : INFO : EventManager : Event: ======'logicblock_instruments_updated'====== Args={'value': [False, False, False], 'enabled': True}
2026-03-17 17:52:30,787 : INFO : Mode.instruments : Started. Priority: 750
2026-03-17 17:52:30,788 : INFO : EventManager : Event: ======'modes_active_modes_changed'====== Args={}
2026-03-17 17:52:30,788 : INFO : EventManager : Event: ======'mode_instruments_started'====== Args={}
2026-03-17 17:52:30,788 : INFO : EventManager : Event: ======'logicblock_turntable_start_sequence_updated'====== Args={'value': 0, 'enabled': True}
2026-03-17 17:52:30,788 : INFO : EventManager : Event: ======'logicblock_microphone_start_sequence_updated'====== Args={'value': 0, 'enabled': True}
2026-03-17 17:52:30,789 : INFO : EventManager : Event: ======'logicblock_boombox_start_sequence_updated'====== Args={'value': 0, 'enabled': True}
2026-03-17 17:52:30,789 : INFO : EventManager : Event: ======'logicblock_instruments_updated'====== Args={'value': [False, False, False], 'enabled': True}
2026-03-17 17:52:30,789 : INFO : EventManager : Event: ======'logicblock_instruments_updated'====== Args={'value': [False, False, False], 'enabled': True}
2026-03-17 17:52:30,789 : INFO : EventManager : Event: ======'logicblock_turntable_start_sequence_updated'====== Args={'value': 0, 'enabled': True}
2026-03-17 17:52:30,789 : INFO : EventManager : Event: ======'logicblock_turntable_start_sequence_updated'====== Args={'value': 0, 'enabled': True}
2026-03-17 17:52:30,789 : INFO : EventManager : Event: ======'logicblock_microphone_start_sequence_updated'====== Args={'value': 0, 'enabled': True}
2026-03-17 17:52:30,789 : INFO : EventManager : Event: ======'logicblock_microphone_start_sequence_updated'====== Args={'value': 0, 'enabled': True}
2026-03-17 17:52:30,789 : INFO : EventManager : Event: ======'logicblock_boombox_start_sequence_updated'====== Args={'value': 0, 'enabled': True}
2026-03-17 17:52:30,790 : INFO : EventManager : Event: ======'logicblock_boombox_start_sequence_updated'====== Args={'value': 0, 'enabled': True}
2026-03-17 17:52:30,790 : INFO : EventManager : Event: ======'pick_instrument_start'====== Args={'priority': 0}
2026-03-17 17:52:30,790 : INFO : Timer.instrument_rotate : Starting Timer.
2026-03-17 17:52:30,790 : INFO : EventManager : Event: ======'timer_instrument_rotate_started'====== Args={'ticks': 0, 'ticks_remaining': 1}
2026-03-17 17:52:30,790 : INFO : EventManager : Event: ======'timer_instrument_rotate_tick'====== Args={'ticks': 0, 'ticks_remaining': 1}
2026-03-17 17:52:30,791 : INFO : EventManager : Event: ======'advance_instrument_bottom'====== Args={}
2026-03-17 17:52:30,791 : INFO : EventManager : Event: ======'player_shot_bottom_drop'====== Args={'value': 1, 'prev_value': 0, 'change': 1, 'player_num': 1}
2026-03-17 17:52:30,794 : INFO : ball_device.bd_plunger : Got eject confirm
2026-03-17 17:52:30,794 : INFO : ball_device.bd_plunger : Eject successful
2026-03-17 17:52:30,794 : INFO : EventManager : Event: ======'balldevice_bd_plunger_ball_eject_success'====== Args={'balls': 1, 'target': <playfield.playfield>}
2026-03-17 17:52:30,795 : INFO : EventManager : Event: ======'balldevice_playfield_ball_enter'====== Args={'new_balls': 1, 'unclaimed_balls': 1, 'device': <playfield.playfield>}
2026-03-17 17:52:30,795 : INFO : EventManager : Event: ======'playfield_ball_count_change'====== Args={'balls': 1, 'change': 1}
2026-03-17 17:52:30,797 : INFO : EventManager : Event: ======'balldevice_bd_plunger_ball_count_changed'====== Args={'balls': 0}
2026-03-17 17:52:30,797 : INFO : ball_device.bd_plunger : State: idle
2026-03-17 17:52:30,798 : INFO : EventManager : Event: ======'slide_skillshot_overlay_lowerpop_inactive'====== Args={'is_removing': True, '_from_bcp': True}
2026-03-17 17:52:30,798 : INFO : EventManager : Event: ======'slide_super_circles_active'====== Args={'_from_bcp': True}
2026-03-17 17:52:30,798 : INFO : EventManager : Event: ======'slide_skillshot_overlay_lowerpop_removed'====== Args={'_from_bcp': True}
2026-03-17 17:52:30,811 : INFO : EventManager : Event: ======'widget_skillshot_success_overlay_active'====== Args={'original_context': 'base', 'original_calling_context': 'skillshot_lit_hit', 'priority': 100.0, 'shot': 'skillshot_lower_pop', 'cmd': 'widgets_play', '_from_bcp': True}
2026-03-17 17:52:30,850 : INFO : EventManager : Event: ======'slide_instrument_blocks_created'====== Args={'_from_bcp': True}
2026-03-17 17:52:30,851 : INFO : EventManager : Event: ======'slide_super_circles_inactive'====== Args={'is_removing': False, '_from_bcp': True}
2026-03-17 17:52:30,851 : INFO : EventManager : Event: ======'slide_instrument_blocks_active'====== Args={'original_context': 'instruments', 'original_calling_context': 'mode_instruments_started', 'priority': 750.0, 'cmd': 'slides_play', '_from_bcp': True}
2026-03-17 17:52:30,911 : INFO : SwitchController : <<<<<<< 's_right_lower_pop' inactive >>>>>>>
2026-03-17 17:52:31,798 : INFO : EventManager : Event: ======'player_instruments_instrument_rotate_tick'====== Args={'value': 1, 'prev_value': 0, 'change': 1, 'player_num': 1}
2026-03-17 17:52:31,812 : INFO : Timer.instrument_rotate : Timer Complete
2026-03-17 17:52:31,812 : INFO : Timer.instrument_rotate : Stopping Timer
2026-03-17 17:52:31,813 : INFO : EventManager : Event: ======'timer_instrument_rotate_stopped'====== Args={'ticks': 1, 'ticks_remaining': 1}
2026-03-17 17:52:31,813 : INFO : EventManager : Event: ======'timer_instrument_rotate_complete'====== Args={'ticks': 1, 'ticks_remaining': 1}
2026-03-17 17:52:31,813 : INFO : EventManager : Event: ======'player_shot_bottom_drop'====== Args={'value': 0, 'prev_value': 1, 'change': -1, 'player_num': 1}
2026-03-17 17:52:31,814 : INFO : EventManager : Event: ======'player_shot_middle_drop'====== Args={'value': 1, 'prev_value': 0, 'change': 1, 'player_num': 1}
2026-03-17 17:52:31,814 : INFO : EventManager : Event: ======'player_instruments_instrument_rotate_tick'====== Args={'value': 0, 'prev_value': 1, 'change': -1, 'player_num': 1}
2026-03-17 17:52:31,815 : INFO : Timer.instrument_rotate : Starting Timer.
2026-03-17 17:52:31,815 : INFO : EventManager : Event: ======'timer_instrument_rotate_started'====== Args={'ticks': 0, 'ticks_remaining': 1}
2026-03-17 17:52:31,815 : INFO : EventManager : Event: ======'timer_instrument_rotate_tick'====== Args={'ticks': 0, 'ticks_remaining': 1}
2026-03-17 17:52:32,789 : INFO : EventManager : Event: ======'widget_skillshot_success_overlay_removed'====== Args={'_from_bcp': True}
2026-03-17 17:52:32,830 : INFO : EventManager : Event: ======'player_instruments_instrument_rotate_tick'====== Args={'value': 1, 'prev_value': 0, 'change': 1, 'player_num': 1}
2026-03-17 17:52:32,831 : INFO : Timer.instrument_rotate : Timer Complete
2026-03-17 17:52:32,831 : INFO : Timer.instrument_rotate : Stopping Timer
2026-03-17 17:52:32,831 : INFO : EventManager : Event: ======'timer_instrument_rotate_stopped'====== Args={'ticks': 1, 'ticks_remaining': 1}
2026-03-17 17:52:32,831 : INFO : EventManager : Event: ======'timer_instrument_rotate_complete'====== Args={'ticks': 1, 'ticks_remaining': 1}
2026-03-17 17:52:32,832 : INFO : EventManager : Event: ======'player_shot_middle_drop'====== Args={'value': 0, 'prev_value': 1, 'change': -1, 'player_num': 1}
2026-03-17 17:52:32,832 : INFO : EventManager : Event: ======'player_shot_top_drop'====== Args={'value': 1, 'prev_value': 0, 'change': 1, 'player_num': 1}
2026-03-17 17:52:32,832 : INFO : EventManager : Event: ======'player_instruments_instrument_rotate_tick'====== Args={'value': 0, 'prev_value': 1, 'change': -1, 'player_num': 1}
2026-03-17 17:52:32,832 : INFO : Timer.instrument_rotate : Starting Timer.
2026-03-17 17:52:32,833 : INFO : EventManager : Event: ======'timer_instrument_rotate_started'====== Args={'ticks': 0, 'ticks_remaining': 1}
2026-03-17 17:52:32,833 : INFO : EventManager : Event: ======'timer_instrument_rotate_tick'====== Args={'ticks': 0, 'ticks_remaining': 1}
2026-03-17 17:52:33,845 : INFO : EventManager : Event: ======'player_instruments_instrument_rotate_tick'====== Args={'value': 1, 'prev_value': 0, 'change': 1, 'player_num': 1}
2026-03-17 17:52:33,846 : INFO : Timer.instrument_rotate : Timer Complete
2026-03-17 17:52:33,846 : INFO : Timer.instrument_rotate : Stopping Timer
2026-03-17 17:52:33,846 : INFO : EventManager : Event: ======'timer_instrument_rotate_stopped'====== Args={'ticks': 1, 'ticks_remaining': 1}
2026-03-17 17:52:33,846 : INFO : EventManager : Event: ======'timer_instrument_rotate_complete'====== Args={'ticks': 1, 'ticks_remaining': 1}
2026-03-17 17:52:33,846 : INFO : EventManager : Event: ======'player_shot_bottom_drop'====== Args={'value': 1, 'prev_value': 0, 'change': 1, 'player_num': 1}
2026-03-17 17:52:33,847 : INFO : EventManager : Event: ======'player_shot_top_drop'====== Args={'value': 0, 'prev_value': 1, 'change': -1, 'player_num': 1}
2026-03-17 17:52:33,847 : INFO : EventManager : Event: ======'player_instruments_instrument_rotate_tick'====== Args={'value': 0, 'prev_value': 1, 'change': -1, 'player_num': 1}
2026-03-17 17:52:33,847 : INFO : Timer.instrument_rotate : Starting Timer.
2026-03-17 17:52:33,847 : INFO : EventManager : Event: ======'timer_instrument_rotate_started'====== Args={'ticks': 0, 'ticks_remaining': 1}
2026-03-17 17:52:33,848 : INFO : EventManager : Event: ======'timer_instrument_rotate_tick'====== Args={'ticks': 0, 'ticks_remaining': 1}
2026-03-17 17:52:34,862 : INFO : EventManager : Event: ======'player_instruments_instrument_rotate_tick'====== Args={'value': 1, 'prev_value': 0, 'change': 1, 'player_num': 1}
2026-03-17 17:52:34,863 : INFO : Timer.instrument_rotate : Timer Complete
2026-03-17 17:52:34,863 : INFO : Timer.instrument_rotate : Stopping Timer
2026-03-17 17:52:34,863 : INFO : EventManager : Event: ======'timer_instrument_rotate_stopped'====== Args={'ticks': 1, 'ticks_remaining': 1}
2026-03-17 17:52:34,863 : INFO : EventManager : Event: ======'timer_instrument_rotate_complete'====== Args={'ticks': 1, 'ticks_remaining': 1}
2026-03-17 17:52:34,864 : INFO : EventManager : Event: ======'player_shot_bottom_drop'====== Args={'value': 0, 'prev_value': 1, 'change': -1, 'player_num': 1}
2026-03-17 17:52:34,864 : INFO : EventManager : Event: ======'player_shot_middle_drop'====== Args={'value': 1, 'prev_value': 0, 'change': 1, 'player_num': 1}
2026-03-17 17:52:34,864 : INFO : EventManager : Event: ======'player_instruments_instrument_rotate_tick'====== Args={'value': 0, 'prev_value': 1, 'change': -1, 'player_num': 1}
2026-03-17 17:52:34,865 : INFO : Timer.instrument_rotate : Starting Timer.
2026-03-17 17:52:34,865 : INFO : EventManager : Event: ======'timer_instrument_rotate_started'====== Args={'ticks': 0, 'ticks_remaining': 1}
2026-03-17 17:52:34,865 : INFO : EventManager : Event: ======'timer_instrument_rotate_tick'====== Args={'ticks': 0, 'ticks_remaining': 1}
2026-03-17 17:52:35,874 : INFO : EventManager : Event: ======'player_instruments_instrument_rotate_tick'====== Args={'value': 1, 'prev_value': 0, 'change': 1, 'player_num': 1}
2026-03-17 17:52:35,875 : INFO : Timer.instrument_rotate : Timer Complete
2026-03-17 17:52:35,876 : INFO : Timer.instrument_rotate : Stopping Timer
2026-03-17 17:52:35,876 : INFO : EventManager : Event: ======'timer_instrument_rotate_stopped'====== Args={'ticks': 1, 'ticks_remaining': 1}
2026-03-17 17:52:35,876 : INFO : EventManager : Event: ======'timer_instrument_rotate_complete'====== Args={'ticks': 1, 'ticks_remaining': 1}
2026-03-17 17:52:35,876 : INFO : EventManager : Event: ======'player_shot_middle_drop'====== Args={'value': 0, 'prev_value': 1, 'change': -1, 'player_num': 1}
2026-03-17 17:52:35,877 : INFO : EventManager : Event: ======'player_shot_top_drop'====== Args={'value': 1, 'prev_value': 0, 'change': 1, 'player_num': 1}
2026-03-17 17:52:35,877 : INFO : EventManager : Event: ======'player_instruments_instrument_rotate_tick'====== Args={'value': 0, 'prev_value': 1, 'change': -1, 'player_num': 1}
2026-03-17 17:52:35,877 : INFO : Timer.instrument_rotate : Starting Timer.
2026-03-17 17:52:35,877 : INFO : EventManager : Event: ======'timer_instrument_rotate_started'====== Args={'ticks': 0, 'ticks_remaining': 1}
2026-03-17 17:52:35,877 : INFO : EventManager : Event: ======'timer_instrument_rotate_tick'====== Args={'ticks': 0, 'ticks_remaining': 1}
2026-03-17 17:52:36,435 : INFO : EventManager : Event: ======'ball_save_default_hurry_up'====== Args={}
2026-03-17 17:52:36,889 : INFO : EventManager : Event: ======'player_instruments_instrument_rotate_tick'====== Args={'value': 1, 'prev_value': 0, 'change': 1, 'player_num': 1}
2026-03-17 17:52:36,890 : INFO : Timer.instrument_rotate : Timer Complete
2026-03-17 17:52:36,890 : INFO : Timer.instrument_rotate : Stopping Timer
2026-03-17 17:52:36,890 : INFO : EventManager : Event: ======'timer_instrument_rotate_stopped'====== Args={'ticks': 1, 'ticks_remaining': 1}
2026-03-17 17:52:36,890 : INFO : EventManager : Event: ======'timer_instrument_rotate_complete'====== Args={'ticks': 1, 'ticks_remaining': 1}
2026-03-17 17:52:36,891 : INFO : EventManager : Event: ======'player_shot_bottom_drop'====== Args={'value': 1, 'prev_value': 0, 'change': 1, 'player_num': 1}
2026-03-17 17:52:36,891 : INFO : EventManager : Event: ======'player_shot_top_drop'====== Args={'value': 0, 'prev_value': 1, 'change': -1, 'player_num': 1}
2026-03-17 17:52:36,891 : INFO : EventManager : Event: ======'player_instruments_instrument_rotate_tick'====== Args={'value': 0, 'prev_value': 1, 'change': -1, 'player_num': 1}
2026-03-17 17:52:36,892 : INFO : Timer.instrument_rotate : Starting Timer.
2026-03-17 17:52:36,892 : INFO : EventManager : Event: ======'timer_instrument_rotate_started'====== Args={'ticks': 0, 'ticks_remaining': 1}
2026-03-17 17:52:36,892 : INFO : EventManager : Event: ======'timer_instrument_rotate_tick'====== Args={'ticks': 0, 'ticks_remaining': 1}
2026-03-17 17:52:37,903 : INFO : EventManager : Event: ======'player_instruments_instrument_rotate_tick'====== Args={'value': 1, 'prev_value': 0, 'change': 1, 'player_num': 1}
2026-03-17 17:52:37,904 : INFO : Timer.instrument_rotate : Timer Complete
2026-03-17 17:52:37,904 : INFO : Timer.instrument_rotate : Stopping Timer
2026-03-17 17:52:37,904 : INFO : EventManager : Event: ======'timer_instrument_rotate_stopped'====== Args={'ticks': 1, 'ticks_remaining': 1}
2026-03-17 17:52:37,905 : INFO : EventManager : Event: ======'timer_instrument_rotate_complete'====== Args={'ticks': 1, 'ticks_remaining': 1}
2026-03-17 17:52:37,905 : INFO : EventManager : Event: ======'player_shot_bottom_drop'====== Args={'value': 0, 'prev_value': 1, 'change': -1, 'player_num': 1}
2026-03-17 17:52:37,905 : INFO : EventManager : Event: ======'player_shot_middle_drop'====== Args={'value': 1, 'prev_value': 0, 'change': 1, 'player_num': 1}
2026-03-17 17:52:37,906 : INFO : EventManager : Event: ======'player_instruments_instrument_rotate_tick'====== Args={'value': 0, 'prev_value': 1, 'change': -1, 'player_num': 1}
2026-03-17 17:52:37,906 : INFO : Timer.instrument_rotate : Starting Timer.
2026-03-17 17:52:37,906 : INFO : EventManager : Event: ======'timer_instrument_rotate_started'====== Args={'ticks': 0, 'ticks_remaining': 1}
2026-03-17 17:52:37,906 : INFO : EventManager : Event: ======'timer_instrument_rotate_tick'====== Args={'ticks': 0, 'ticks_remaining': 1}
2026-03-17 17:52:38,920 : INFO : EventManager : Event: ======'player_instruments_instrument_rotate_tick'====== Args={'value': 1, 'prev_value': 0, 'change': 1, 'player_num': 1}
2026-03-17 17:52:38,921 : INFO : Timer.instrument_rotate : Timer Complete
2026-03-17 17:52:38,921 : INFO : Timer.instrument_rotate : Stopping Timer
2026-03-17 17:52:38,921 : INFO : EventManager : Event: ======'timer_instrument_rotate_stopped'====== Args={'ticks': 1, 'ticks_remaining': 1}
2026-03-17 17:52:38,922 : INFO : EventManager : Event: ======'timer_instrument_rotate_complete'====== Args={'ticks': 1, 'ticks_remaining': 1}
2026-03-17 17:52:38,922 : INFO : EventManager : Event: ======'player_shot_middle_drop'====== Args={'value': 0, 'prev_value': 1, 'change': -1, 'player_num': 1}
2026-03-17 17:52:38,922 : INFO : EventManager : Event: ======'player_shot_top_drop'====== Args={'value': 1, 'prev_value': 0, 'change': 1, 'player_num': 1}
2026-03-17 17:52:38,923 : INFO : EventManager : Event: ======'player_instruments_instrument_rotate_tick'====== Args={'value': 0, 'prev_value': 1, 'change': -1, 'player_num': 1}
2026-03-17 17:52:38,923 : INFO : Timer.instrument_rotate : Starting Timer.
2026-03-17 17:52:38,923 : INFO : EventManager : Event: ======'timer_instrument_rotate_started'====== Args={'ticks': 0, 'ticks_remaining': 1}
2026-03-17 17:52:38,923 : INFO : EventManager : Event: ======'timer_instrument_rotate_tick'====== Args={'ticks': 0, 'ticks_remaining': 1}
2026-03-17 17:52:39,936 : INFO : EventManager : Event: ======'player_instruments_instrument_rotate_tick'====== Args={'value': 1, 'prev_value': 0, 'change': 1, 'player_num': 1}
2026-03-17 17:52:39,937 : INFO : Timer.instrument_rotate : Timer Complete
2026-03-17 17:52:39,937 : INFO : Timer.instrument_rotate : Stopping Timer
2026-03-17 17:52:39,937 : INFO : EventManager : Event: ======'timer_instrument_rotate_stopped'====== Args={'ticks': 1, 'ticks_remaining': 1}
2026-03-17 17:52:39,937 : INFO : EventManager : Event: ======'timer_instrument_rotate_complete'====== Args={'ticks': 1, 'ticks_remaining': 1}
2026-03-17 17:52:39,938 : INFO : EventManager : Event: ======'player_shot_bottom_drop'====== Args={'value': 1, 'prev_value': 0, 'change': 1, 'player_num': 1}
2026-03-17 17:52:39,938 : INFO : EventManager : Event: ======'player_shot_top_drop'====== Args={'value': 0, 'prev_value': 1, 'change': -1, 'player_num': 1}
2026-03-17 17:52:39,938 : INFO : EventManager : Event: ======'player_instruments_instrument_rotate_tick'====== Args={'value': 0, 'prev_value': 1, 'change': -1, 'player_num': 1}
2026-03-17 17:52:39,938 : INFO : Timer.instrument_rotate : Starting Timer.
2026-03-17 17:52:39,939 : INFO : EventManager : Event: ======'timer_instrument_rotate_started'====== Args={'ticks': 0, 'ticks_remaining': 1}
2026-03-17 17:52:39,939 : INFO : EventManager : Event: ======'timer_instrument_rotate_tick'====== Args={'ticks': 0, 'ticks_remaining': 1}
2026-03-17 17:52:40,423 : INFO : EventManager : Event: ======'ball_save_default_grace_period'====== Args={}
2026-03-17 17:52:40,952 : INFO : EventManager : Event: ======'player_instruments_instrument_rotate_tick'====== Args={'value': 1, 'prev_value': 0, 'change': 1, 'player_num': 1}
2026-03-17 17:52:40,953 : INFO : Timer.instrument_rotate : Timer Complete
2026-03-17 17:52:40,953 : INFO : Timer.instrument_rotate : Stopping Timer
2026-03-17 17:52:40,953 : INFO : EventManager : Event: ======'timer_instrument_rotate_stopped'====== Args={'ticks': 1, 'ticks_remaining': 1}
2026-03-17 17:52:40,954 : INFO : EventManager : Event: ======'timer_instrument_rotate_complete'====== Args={'ticks': 1, 'ticks_remaining': 1}
2026-03-17 17:52:40,954 : INFO : EventManager : Event: ======'player_shot_bottom_drop'====== Args={'value': 0, 'prev_value': 1, 'change': -1, 'player_num': 1}
2026-03-17 17:52:40,954 : INFO : EventManager : Event: ======'player_shot_middle_drop'====== Args={'value': 1, 'prev_value': 0, 'change': 1, 'player_num': 1}
2026-03-17 17:52:40,955 : INFO : EventManager : Event: ======'player_instruments_instrument_rotate_tick'====== Args={'value': 0, 'prev_value': 1, 'change': -1, 'player_num': 1}
2026-03-17 17:52:40,955 : INFO : Timer.instrument_rotate : Starting Timer.
2026-03-17 17:52:40,955 : INFO : EventManager : Event: ======'timer_instrument_rotate_started'====== Args={'ticks': 0, 'ticks_remaining': 1}
2026-03-17 17:52:40,955 : INFO : EventManager : Event: ======'timer_instrument_rotate_tick'====== Args={'ticks': 0, 'ticks_remaining': 1}
2026-03-17 17:52:41,967 : INFO : EventManager : Event: ======'player_instruments_instrument_rotate_tick'====== Args={'value': 1, 'prev_value': 0, 'change': 1, 'player_num': 1}
2026-03-17 17:52:41,968 : INFO : Timer.instrument_rotate : Timer Complete
2026-03-17 17:52:41,968 : INFO : Timer.instrument_rotate : Stopping Timer
2026-03-17 17:52:41,968 : INFO : EventManager : Event: ======'timer_instrument_rotate_stopped'====== Args={'ticks': 1, 'ticks_remaining': 1}
2026-03-17 17:52:41,969 : INFO : EventManager : Event: ======'timer_instrument_rotate_complete'====== Args={'ticks': 1, 'ticks_remaining': 1}
2026-03-17 17:52:41,969 : INFO : EventManager : Event: ======'player_shot_middle_drop'====== Args={'value': 0, 'prev_value': 1, 'change': -1, 'player_num': 1}
2026-03-17 17:52:41,969 : INFO : EventManager : Event: ======'player_shot_top_drop'====== Args={'value': 1, 'prev_value': 0, 'change': 1, 'player_num': 1}
2026-03-17 17:52:41,970 : INFO : EventManager : Event: ======'player_instruments_instrument_rotate_tick'====== Args={'value': 0, 'prev_value': 1, 'change': -1, 'player_num': 1}
2026-03-17 17:52:41,970 : INFO : Timer.instrument_rotate : Starting Timer.
2026-03-17 17:52:41,970 : INFO : EventManager : Event: ======'timer_instrument_rotate_started'====== Args={'ticks': 0, 'ticks_remaining': 1}
2026-03-17 17:52:41,970 : INFO : EventManager : Event: ======'timer_instrument_rotate_tick'====== Args={'ticks': 0, 'ticks_remaining': 1}
2026-03-17 17:52:42,433 : INFO : EventManager : Event: ======'ball_save_default_disabled'====== Args={}
2026-03-17 17:52:42,979 : INFO : EventManager : Event: ======'player_instruments_instrument_rotate_tick'====== Args={'value': 1, 'prev_value': 0, 'change': 1, 'player_num': 1}
2026-03-17 17:52:42,980 : INFO : Timer.instrument_rotate : Timer Complete
2026-03-17 17:52:42,981 : INFO : Timer.instrument_rotate : Stopping Timer
2026-03-17 17:52:42,981 : INFO : EventManager : Event: ======'timer_instrument_rotate_stopped'====== Args={'ticks': 1, 'ticks_remaining': 1}
2026-03-17 17:52:42,981 : INFO : EventManager : Event: ======'timer_instrument_rotate_complete'====== Args={'ticks': 1, 'ticks_remaining': 1}
2026-03-17 17:52:42,981 : INFO : EventManager : Event: ======'player_shot_bottom_drop'====== Args={'value': 1, 'prev_value': 0, 'change': 1, 'player_num': 1}
2026-03-17 17:52:42,981 : INFO : EventManager : Event: ======'player_shot_top_drop'====== Args={'value': 0, 'prev_value': 1, 'change': -1, 'player_num': 1}
2026-03-17 17:52:42,982 : INFO : EventManager : Event: ======'player_instruments_instrument_rotate_tick'====== Args={'value': 0, 'prev_value': 1, 'change': -1, 'player_num': 1}
2026-03-17 17:52:42,982 : INFO : Timer.instrument_rotate : Starting Timer.
2026-03-17 17:52:42,982 : INFO : EventManager : Event: ======'timer_instrument_rotate_started'====== Args={'ticks': 0, 'ticks_remaining': 1}
2026-03-17 17:52:42,982 : INFO : EventManager : Event: ======'timer_instrument_rotate_tick'====== Args={'ticks': 0, 'ticks_remaining': 1}
2026-03-17 17:52:43,994 : INFO : EventManager : Event: ======'player_instruments_instrument_rotate_tick'====== Args={'value': 1, 'prev_value': 0, 'change': 1, 'player_num': 1}
2026-03-17 17:52:43,995 : INFO : Timer.instrument_rotate : Timer Complete
2026-03-17 17:52:43,995 : INFO : Timer.instrument_rotate : Stopping Timer
2026-03-17 17:52:43,995 : INFO : EventManager : Event: ======'timer_instrument_rotate_stopped'====== Args={'ticks': 1, 'ticks_remaining': 1}
2026-03-17 17:52:43,996 : INFO : EventManager : Event: ======'timer_instrument_rotate_complete'====== Args={'ticks': 1, 'ticks_remaining': 1}
2026-03-17 17:52:43,996 : INFO : EventManager : Event: ======'player_shot_bottom_drop'====== Args={'value': 0, 'prev_value': 1, 'change': -1, 'player_num': 1}
2026-03-17 17:52:43,996 : INFO : EventManager : Event: ======'player_shot_middle_drop'====== Args={'value': 1, 'prev_value': 0, 'change': 1, 'player_num': 1}
2026-03-17 17:52:43,997 : INFO : EventManager : Event: ======'player_instruments_instrument_rotate_tick'====== Args={'value': 0, 'prev_value': 1, 'change': -1, 'player_num': 1}
2026-03-17 17:52:43,997 : INFO : Timer.instrument_rotate : Starting Timer.
2026-03-17 17:52:43,997 : INFO : EventManager : Event: ======'timer_instrument_rotate_started'====== Args={'ticks': 0, 'ticks_remaining': 1}
2026-03-17 17:52:43,997 : INFO : EventManager : Event: ======'timer_instrument_rotate_tick'====== Args={'ticks': 0, 'ticks_remaining': 1}
2026-03-17 17:52:45,010 : INFO : EventManager : Event: ======'player_instruments_instrument_rotate_tick'====== Args={'value': 1, 'prev_value': 0, 'change': 1, 'player_num': 1}
2026-03-17 17:52:45,011 : INFO : Timer.instrument_rotate : Timer Complete
2026-03-17 17:52:45,011 : INFO : Timer.instrument_rotate : Stopping Timer
2026-03-17 17:52:45,011 : INFO : EventManager : Event: ======'timer_instrument_rotate_stopped'====== Args={'ticks': 1, 'ticks_remaining': 1}
2026-03-17 17:52:45,011 : INFO : EventManager : Event: ======'timer_instrument_rotate_complete'====== Args={'ticks': 1, 'ticks_remaining': 1}
2026-03-17 17:52:45,012 : INFO : EventManager : Event: ======'player_shot_middle_drop'====== Args={'value': 0, 'prev_value': 1, 'change': -1, 'player_num': 1}
2026-03-17 17:52:45,012 : INFO : EventManager : Event: ======'player_shot_top_drop'====== Args={'value': 1, 'prev_value': 0, 'change': 1, 'player_num': 1}
2026-03-17 17:52:45,012 : INFO : EventManager : Event: ======'player_instruments_instrument_rotate_tick'====== Args={'value': 0, 'prev_value': 1, 'change': -1, 'player_num': 1}
2026-03-17 17:52:45,012 : INFO : Timer.instrument_rotate : Starting Timer.
2026-03-17 17:52:45,012 : INFO : EventManager : Event: ======'timer_instrument_rotate_started'====== Args={'ticks': 0, 'ticks_remaining': 1}
2026-03-17 17:52:45,013 : INFO : EventManager : Event: ======'timer_instrument_rotate_tick'====== Args={'ticks': 0, 'ticks_remaining': 1}
2026-03-17 17:52:46,025 : INFO : EventManager : Event: ======'player_instruments_instrument_rotate_tick'====== Args={'value': 1, 'prev_value': 0, 'change': 1, 'player_num': 1}
2026-03-17 17:52:46,026 : INFO : Timer.instrument_rotate : Timer Complete
2026-03-17 17:52:46,026 : INFO : Timer.instrument_rotate : Stopping Timer
2026-03-17 17:52:46,026 : INFO : EventManager : Event: ======'timer_instrument_rotate_stopped'====== Args={'ticks': 1, 'ticks_remaining': 1}
2026-03-17 17:52:46,026 : INFO : EventManager : Event: ======'timer_instrument_rotate_complete'====== Args={'ticks': 1, 'ticks_remaining': 1}
2026-03-17 17:52:46,027 : INFO : EventManager : Event: ======'player_shot_bottom_drop'====== Args={'value': 1, 'prev_value': 0, 'change': 1, 'player_num': 1}
2026-03-17 17:52:46,027 : INFO : EventManager : Event: ======'player_shot_top_drop'====== Args={'value': 0, 'prev_value': 1, 'change': -1, 'player_num': 1}
2026-03-17 17:52:46,027 : INFO : EventManager : Event: ======'player_instruments_instrument_rotate_tick'====== Args={'value': 0, 'prev_value': 1, 'change': -1, 'player_num': 1}
2026-03-17 17:52:46,028 : INFO : Timer.instrument_rotate : Starting Timer.
2026-03-17 17:52:46,028 : INFO : EventManager : Event: ======'timer_instrument_rotate_started'====== Args={'ticks': 0, 'ticks_remaining': 1}
2026-03-17 17:52:46,028 : INFO : EventManager : Event: ======'timer_instrument_rotate_tick'====== Args={'ticks': 0, 'ticks_remaining': 1}
2026-03-17 17:52:47,032 : INFO : EventManager : Event: ======'player_instruments_instrument_rotate_tick'====== Args={'value': 1, 'prev_value': 0, 'change': 1, 'player_num': 1}
2026-03-17 17:52:47,033 : INFO : Timer.instrument_rotate : Timer Complete
2026-03-17 17:52:47,033 : INFO : Timer.instrument_rotate : Stopping Timer
2026-03-17 17:52:47,033 : INFO : EventManager : Event: ======'timer_instrument_rotate_stopped'====== Args={'ticks': 1, 'ticks_remaining': 1}
2026-03-17 17:52:47,033 : INFO : EventManager : Event: ======'timer_instrument_rotate_complete'====== Args={'ticks': 1, 'ticks_remaining': 1}
2026-03-17 17:52:47,033 : INFO : EventManager : Event: ======'player_shot_bottom_drop'====== Args={'value': 0, 'prev_value': 1, 'change': -1, 'player_num': 1}
2026-03-17 17:52:47,034 : INFO : EventManager : Event: ======'player_shot_middle_drop'====== Args={'value': 1, 'prev_value': 0, 'change': 1, 'player_num': 1}
2026-03-17 17:52:47,034 : INFO : EventManager : Event: ======'player_instruments_instrument_rotate_tick'====== Args={'value': 0, 'prev_value': 1, 'change': -1, 'player_num': 1}
2026-03-17 17:52:47,034 : INFO : Timer.instrument_rotate : Starting Timer.
2026-03-17 17:52:47,034 : INFO : EventManager : Event: ======'timer_instrument_rotate_started'====== Args={'ticks': 0, 'ticks_remaining': 1}
2026-03-17 17:52:47,034 : INFO : EventManager : Event: ======'timer_instrument_rotate_tick'====== Args={'ticks': 0, 'ticks_remaining': 1}
2026-03-17 17:52:48,046 : INFO : EventManager : Event: ======'player_instruments_instrument_rotate_tick'====== Args={'value': 1, 'prev_value': 0, 'change': 1, 'player_num': 1}
2026-03-17 17:52:48,047 : INFO : Timer.instrument_rotate : Timer Complete
2026-03-17 17:52:48,047 : INFO : Timer.instrument_rotate : Stopping Timer
2026-03-17 17:52:48,047 : INFO : EventManager : Event: ======'timer_instrument_rotate_stopped'====== Args={'ticks': 1, 'ticks_remaining': 1}
2026-03-17 17:52:48,047 : INFO : EventManager : Event: ======'timer_instrument_rotate_complete'====== Args={'ticks': 1, 'ticks_remaining': 1}
2026-03-17 17:52:48,048 : INFO : EventManager : Event: ======'player_shot_middle_drop'====== Args={'value': 0, 'prev_value': 1, 'change': -1, 'player_num': 1}
2026-03-17 17:52:48,048 : INFO : EventManager : Event: ======'player_shot_top_drop'====== Args={'value': 1, 'prev_value': 0, 'change': 1, 'player_num': 1}
2026-03-17 17:52:48,048 : INFO : EventManager : Event: ======'player_instruments_instrument_rotate_tick'====== Args={'value': 0, 'prev_value': 1, 'change': -1, 'player_num': 1}
2026-03-17 17:52:48,049 : INFO : Timer.instrument_rotate : Starting Timer.
2026-03-17 17:52:48,049 : INFO : EventManager : Event: ======'timer_instrument_rotate_started'====== Args={'ticks': 0, 'ticks_remaining': 1}
2026-03-17 17:52:48,049 : INFO : EventManager : Event: ======'timer_instrument_rotate_tick'====== Args={'ticks': 0, 'ticks_remaining': 1}
2026-03-17 17:52:49,060 : INFO : EventManager : Event: ======'player_instruments_instrument_rotate_tick'====== Args={'value': 1, 'prev_value': 0, 'change': 1, 'player_num': 1}
2026-03-17 17:52:49,061 : INFO : Timer.instrument_rotate : Timer Complete
2026-03-17 17:52:49,061 : INFO : Timer.instrument_rotate : Stopping Timer
2026-03-17 17:52:49,061 : INFO : EventManager : Event: ======'timer_instrument_rotate_stopped'====== Args={'ticks': 1, 'ticks_remaining': 1}
2026-03-17 17:52:49,062 : INFO : EventManager : Event: ======'timer_instrument_rotate_complete'====== Args={'ticks': 1, 'ticks_remaining': 1}
2026-03-17 17:52:49,062 : INFO : EventManager : Event: ======'player_shot_bottom_drop'====== Args={'value': 1, 'prev_value': 0, 'change': 1, 'player_num': 1}
2026-03-17 17:52:49,062 : INFO : EventManager : Event: ======'player_shot_top_drop'====== Args={'value': 0, 'prev_value': 1, 'change': -1, 'player_num': 1}
2026-03-17 17:52:49,063 : INFO : EventManager : Event: ======'player_instruments_instrument_rotate_tick'====== Args={'value': 0, 'prev_value': 1, 'change': -1, 'player_num': 1}
2026-03-17 17:52:49,063 : INFO : Timer.instrument_rotate : Starting Timer.
2026-03-17 17:52:49,063 : INFO : EventManager : Event: ======'timer_instrument_rotate_started'====== Args={'ticks': 0, 'ticks_remaining': 1}
2026-03-17 17:52:49,063 : INFO : EventManager : Event: ======'timer_instrument_rotate_tick'====== Args={'ticks': 0, 'ticks_remaining': 1}
2026-03-17 17:52:50,072 : INFO : EventManager : Event: ======'player_instruments_instrument_rotate_tick'====== Args={'value': 1, 'prev_value': 0, 'change': 1, 'player_num': 1}
2026-03-17 17:52:50,073 : INFO : Timer.instrument_rotate : Timer Complete
2026-03-17 17:52:50,074 : INFO : Timer.instrument_rotate : Stopping Timer
2026-03-17 17:52:50,074 : INFO : EventManager : Event: ======'timer_instrument_rotate_stopped'====== Args={'ticks': 1, 'ticks_remaining': 1}
2026-03-17 17:52:50,074 : INFO : EventManager : Event: ======'timer_instrument_rotate_complete'====== Args={'ticks': 1, 'ticks_remaining': 1}
2026-03-17 17:52:50,074 : INFO : EventManager : Event: ======'player_shot_bottom_drop'====== Args={'value': 0, 'prev_value': 1, 'change': -1, 'player_num': 1}
2026-03-17 17:52:50,075 : INFO : EventManager : Event: ======'player_shot_middle_drop'====== Args={'value': 1, 'prev_value': 0, 'change': 1, 'player_num': 1}
2026-03-17 17:52:50,075 : INFO : EventManager : Event: ======'player_instruments_instrument_rotate_tick'====== Args={'value': 0, 'prev_value': 1, 'change': -1, 'player_num': 1}
2026-03-17 17:52:50,075 : INFO : Timer.instrument_rotate : Starting Timer.
2026-03-17 17:52:50,075 : INFO : EventManager : Event: ======'timer_instrument_rotate_started'====== Args={'ticks': 0, 'ticks_remaining': 1}
2026-03-17 17:52:50,075 : INFO : EventManager : Event: ======'timer_instrument_rotate_tick'====== Args={'ticks': 0, 'ticks_remaining': 1}
2026-03-17 17:52:51,090 : INFO : EventManager : Event: ======'player_instruments_instrument_rotate_tick'====== Args={'value': 1, 'prev_value': 0, 'change': 1, 'player_num': 1}
2026-03-17 17:52:51,091 : INFO : Timer.instrument_rotate : Timer Complete
2026-03-17 17:52:51,091 : INFO : Timer.instrument_rotate : Stopping Timer
2026-03-17 17:52:51,092 : INFO : EventManager : Event: ======'timer_instrument_rotate_stopped'====== Args={'ticks': 1, 'ticks_remaining': 1}
2026-03-17 17:52:51,092 : INFO : EventManager : Event: ======'timer_instrument_rotate_complete'====== Args={'ticks': 1, 'ticks_remaining': 1}
2026-03-17 17:52:51,092 : INFO : EventManager : Event: ======'player_shot_middle_drop'====== Args={'value': 0, 'prev_value': 1, 'change': -1, 'player_num': 1}
2026-03-17 17:52:51,092 : INFO : EventManager : Event: ======'player_shot_top_drop'====== Args={'value': 1, 'prev_value': 0, 'change': 1, 'player_num': 1}
2026-03-17 17:52:51,093 : INFO : EventManager : Event: ======'player_instruments_instrument_rotate_tick'====== Args={'value': 0, 'prev_value': 1, 'change': -1, 'player_num': 1}
2026-03-17 17:52:51,093 : INFO : Timer.instrument_rotate : Starting Timer.
2026-03-17 17:52:51,093 : INFO : EventManager : Event: ======'timer_instrument_rotate_started'====== Args={'ticks': 0, 'ticks_remaining': 1}
2026-03-17 17:52:51,093 : INFO : EventManager : Event: ======'timer_instrument_rotate_tick'====== Args={'ticks': 0, 'ticks_remaining': 1}
2026-03-17 17:52:52,103 : INFO : EventManager : Event: ======'player_instruments_instrument_rotate_tick'====== Args={'value': 1, 'prev_value': 0, 'change': 1, 'player_num': 1}
2026-03-17 17:52:52,104 : INFO : Timer.instrument_rotate : Timer Complete
2026-03-17 17:52:52,104 : INFO : Timer.instrument_rotate : Stopping Timer
2026-03-17 17:52:52,104 : INFO : EventManager : Event: ======'timer_instrument_rotate_stopped'====== Args={'ticks': 1, 'ticks_remaining': 1}
2026-03-17 17:52:52,104 : INFO : EventManager : Event: ======'timer_instrument_rotate_complete'====== Args={'ticks': 1, 'ticks_remaining': 1}
2026-03-17 17:52:52,105 : INFO : EventManager : Event: ======'player_shot_bottom_drop'====== Args={'value': 1, 'prev_value': 0, 'change': 1, 'player_num': 1}
2026-03-17 17:52:52,105 : INFO : EventManager : Event: ======'player_shot_top_drop'====== Args={'value': 0, 'prev_value': 1, 'change': -1, 'player_num': 1}
2026-03-17 17:52:52,105 : INFO : EventManager : Event: ======'player_instruments_instrument_rotate_tick'====== Args={'value': 0, 'prev_value': 1, 'change': -1, 'player_num': 1}
2026-03-17 17:52:52,106 : INFO : Timer.instrument_rotate : Starting Timer.
2026-03-17 17:52:52,106 : INFO : EventManager : Event: ======'timer_instrument_rotate_started'====== Args={'ticks': 0, 'ticks_remaining': 1}
2026-03-17 17:52:52,106 : INFO : EventManager : Event: ======'timer_instrument_rotate_tick'====== Args={'ticks': 0, 'ticks_remaining': 1}
2026-03-17 17:52:53,118 : INFO : EventManager : Event: ======'player_instruments_instrument_rotate_tick'====== Args={'value': 1, 'prev_value': 0, 'change': 1, 'player_num': 1}
2026-03-17 17:52:53,119 : INFO : Timer.instrument_rotate : Timer Complete
2026-03-17 17:52:53,119 : INFO : Timer.instrument_rotate : Stopping Timer
2026-03-17 17:52:53,119 : INFO : EventManager : Event: ======'timer_instrument_rotate_stopped'====== Args={'ticks': 1, 'ticks_remaining': 1}
2026-03-17 17:52:53,119 : INFO : EventManager : Event: ======'timer_instrument_rotate_complete'====== Args={'ticks': 1, 'ticks_remaining': 1}
2026-03-17 17:52:53,120 : INFO : EventManager : Event: ======'player_shot_bottom_drop'====== Args={'value': 0, 'prev_value': 1, 'change': -1, 'player_num': 1}
2026-03-17 17:52:53,120 : INFO : EventManager : Event: ======'player_shot_middle_drop'====== Args={'value': 1, 'prev_value': 0, 'change': 1, 'player_num': 1}
2026-03-17 17:52:53,120 : INFO : EventManager : Event: ======'player_instruments_instrument_rotate_tick'====== Args={'value': 0, 'prev_value': 1, 'change': -1, 'player_num': 1}
2026-03-17 17:52:53,120 : INFO : Timer.instrument_rotate : Starting Timer.
2026-03-17 17:52:53,121 : INFO : EventManager : Event: ======'timer_instrument_rotate_started'====== Args={'ticks': 0, 'ticks_remaining': 1}
2026-03-17 17:52:53,121 : INFO : EventManager : Event: ======'timer_instrument_rotate_tick'====== Args={'ticks': 0, 'ticks_remaining': 1}
2026-03-17 17:52:54,132 : INFO : EventManager : Event: ======'player_instruments_instrument_rotate_tick'====== Args={'value': 1, 'prev_value': 0, 'change': 1, 'player_num': 1}
2026-03-17 17:52:54,133 : INFO : Timer.instrument_rotate : Timer Complete
2026-03-17 17:52:54,134 : INFO : Timer.instrument_rotate : Stopping Timer
2026-03-17 17:52:54,134 : INFO : EventManager : Event: ======'timer_instrument_rotate_stopped'====== Args={'ticks': 1, 'ticks_remaining': 1}
2026-03-17 17:52:54,134 : INFO : EventManager : Event: ======'timer_instrument_rotate_complete'====== Args={'ticks': 1, 'ticks_remaining': 1}
2026-03-17 17:52:54,134 : INFO : EventManager : Event: ======'player_shot_middle_drop'====== Args={'value': 0, 'prev_value': 1, 'change': -1, 'player_num': 1}
2026-03-17 17:52:54,135 : INFO : EventManager : Event: ======'player_shot_top_drop'====== Args={'value': 1, 'prev_value': 0, 'change': 1, 'player_num': 1}
2026-03-17 17:52:54,135 : INFO : EventManager : Event: ======'player_instruments_instrument_rotate_tick'====== Args={'value': 0, 'prev_value': 1, 'change': -1, 'player_num': 1}
2026-03-17 17:52:54,135 : INFO : Timer.instrument_rotate : Starting Timer.
2026-03-17 17:52:54,135 : INFO : EventManager : Event: ======'timer_instrument_rotate_started'====== Args={'ticks': 0, 'ticks_remaining': 1}
2026-03-17 17:52:54,135 : INFO : EventManager : Event: ======'timer_instrument_rotate_tick'====== Args={'ticks': 0, 'ticks_remaining': 1}
2026-03-17 17:52:55,136 : INFO : EventManager : Event: ======'player_instruments_instrument_rotate_tick'====== Args={'value': 1, 'prev_value': 0, 'change': 1, 'player_num': 1}
2026-03-17 17:52:55,137 : INFO : Timer.instrument_rotate : Timer Complete
2026-03-17 17:52:55,137 : INFO : Timer.instrument_rotate : Stopping Timer
2026-03-17 17:52:55,137 : INFO : EventManager : Event: ======'timer_instrument_rotate_stopped'====== Args={'ticks': 1, 'ticks_remaining': 1}
2026-03-17 17:52:55,137 : INFO : EventManager : Event: ======'timer_instrument_rotate_complete'====== Args={'ticks': 1, 'ticks_remaining': 1}
2026-03-17 17:52:55,138 : INFO : EventManager : Event: ======'player_shot_bottom_drop'====== Args={'value': 1, 'prev_value': 0, 'change': 1, 'player_num': 1}
2026-03-17 17:52:55,138 : INFO : EventManager : Event: ======'player_shot_top_drop'====== Args={'value': 0, 'prev_value': 1, 'change': -1, 'player_num': 1}
2026-03-17 17:52:55,139 : INFO : EventManager : Event: ======'player_instruments_instrument_rotate_tick'====== Args={'value': 0, 'prev_value': 1, 'change': -1, 'player_num': 1}
2026-03-17 17:52:55,139 : INFO : Timer.instrument_rotate : Starting Timer.
2026-03-17 17:52:55,139 : INFO : EventManager : Event: ======'timer_instrument_rotate_started'====== Args={'ticks': 0, 'ticks_remaining': 1}
2026-03-17 17:52:55,139 : INFO : EventManager : Event: ======'timer_instrument_rotate_tick'====== Args={'ticks': 0, 'ticks_remaining': 1}
2026-03-17 17:52:56,149 : INFO : EventManager : Event: ======'player_instruments_instrument_rotate_tick'====== Args={'value': 1, 'prev_value': 0, 'change': 1, 'player_num': 1}
2026-03-17 17:52:56,150 : INFO : Timer.instrument_rotate : Timer Complete
2026-03-17 17:52:56,150 : INFO : Timer.instrument_rotate : Stopping Timer
2026-03-17 17:52:56,150 : INFO : EventManager : Event: ======'timer_instrument_rotate_stopped'====== Args={'ticks': 1, 'ticks_remaining': 1}
2026-03-17 17:52:56,150 : INFO : EventManager : Event: ======'timer_instrument_rotate_complete'====== Args={'ticks': 1, 'ticks_remaining': 1}
2026-03-17 17:52:56,151 : INFO : EventManager : Event: ======'player_shot_bottom_drop'====== Args={'value': 0, 'prev_value': 1, 'change': -1, 'player_num': 1}
2026-03-17 17:52:56,151 : INFO : EventManager : Event: ======'player_shot_middle_drop'====== Args={'value': 1, 'prev_value': 0, 'change': 1, 'player_num': 1}
2026-03-17 17:52:56,151 : INFO : EventManager : Event: ======'player_instruments_instrument_rotate_tick'====== Args={'value': 0, 'prev_value': 1, 'change': -1, 'player_num': 1}
2026-03-17 17:52:56,152 : INFO : Timer.instrument_rotate : Starting Timer.
2026-03-17 17:52:56,152 : INFO : EventManager : Event: ======'timer_instrument_rotate_started'====== Args={'ticks': 0, 'ticks_remaining': 1}
2026-03-17 17:52:56,152 : INFO : EventManager : Event: ======'timer_instrument_rotate_tick'====== Args={'ticks': 0, 'ticks_remaining': 1}
2026-03-17 17:52:57,163 : INFO : EventManager : Event: ======'player_instruments_instrument_rotate_tick'====== Args={'value': 1, 'prev_value': 0, 'change': 1, 'player_num': 1}
2026-03-17 17:52:57,163 : INFO : Timer.instrument_rotate : Timer Complete
2026-03-17 17:52:57,164 : INFO : Timer.instrument_rotate : Stopping Timer
2026-03-17 17:52:57,164 : INFO : EventManager : Event: ======'timer_instrument_rotate_stopped'====== Args={'ticks': 1, 'ticks_remaining': 1}
2026-03-17 17:52:57,164 : INFO : EventManager : Event: ======'timer_instrument_rotate_complete'====== Args={'ticks': 1, 'ticks_remaining': 1}
2026-03-17 17:52:57,164 : INFO : EventManager : Event: ======'player_shot_middle_drop'====== Args={'value': 0, 'prev_value': 1, 'change': -1, 'player_num': 1}
2026-03-17 17:52:57,165 : INFO : EventManager : Event: ======'player_shot_top_drop'====== Args={'value': 1, 'prev_value': 0, 'change': 1, 'player_num': 1}
2026-03-17 17:52:57,165 : INFO : EventManager : Event: ======'player_instruments_instrument_rotate_tick'====== Args={'value': 0, 'prev_value': 1, 'change': -1, 'player_num': 1}
2026-03-17 17:52:57,165 : INFO : Timer.instrument_rotate : Starting Timer.
2026-03-17 17:52:57,165 : INFO : EventManager : Event: ======'timer_instrument_rotate_started'====== Args={'ticks': 0, 'ticks_remaining': 1}
2026-03-17 17:52:57,165 : INFO : EventManager : Event: ======'timer_instrument_rotate_tick'====== Args={'ticks': 0, 'ticks_remaining': 1}
2026-03-17 17:52:58,177 : INFO : EventManager : Event: ======'player_instruments_instrument_rotate_tick'====== Args={'value': 1, 'prev_value': 0, 'change': 1, 'player_num': 1}
2026-03-17 17:52:58,178 : INFO : Timer.instrument_rotate : Timer Complete
2026-03-17 17:52:58,178 : INFO : Timer.instrument_rotate : Stopping Timer
2026-03-17 17:52:58,178 : INFO : EventManager : Event: ======'timer_instrument_rotate_stopped'====== Args={'ticks': 1, 'ticks_remaining': 1}
2026-03-17 17:52:58,178 : INFO : EventManager : Event: ======'timer_instrument_rotate_complete'====== Args={'ticks': 1, 'ticks_remaining': 1}
2026-03-17 17:52:58,179 : INFO : EventManager : Event: ======'player_shot_bottom_drop'====== Args={'value': 1, 'prev_value': 0, 'change': 1, 'player_num': 1}
2026-03-17 17:52:58,179 : INFO : EventManager : Event: ======'player_shot_top_drop'====== Args={'value': 0, 'prev_value': 1, 'change': -1, 'player_num': 1}
2026-03-17 17:52:58,179 : INFO : EventManager : Event: ======'player_instruments_instrument_rotate_tick'====== Args={'value': 0, 'prev_value': 1, 'change': -1, 'player_num': 1}
2026-03-17 17:52:58,179 : INFO : Timer.instrument_rotate : Starting Timer.
2026-03-17 17:52:58,180 : INFO : EventManager : Event: ======'timer_instrument_rotate_started'====== Args={'ticks': 0, 'ticks_remaining': 1}
2026-03-17 17:52:58,180 : INFO : EventManager : Event: ======'timer_instrument_rotate_tick'====== Args={'ticks': 0, 'ticks_remaining': 1}
2026-03-17 17:52:59,194 : INFO : EventManager : Event: ======'player_instruments_instrument_rotate_tick'====== Args={'value': 1, 'prev_value': 0, 'change': 1, 'player_num': 1}
2026-03-17 17:52:59,195 : INFO : Timer.instrument_rotate : Timer Complete
2026-03-17 17:52:59,196 : INFO : Timer.instrument_rotate : Stopping Timer
2026-03-17 17:52:59,196 : INFO : EventManager : Event: ======'timer_instrument_rotate_stopped'====== Args={'ticks': 1, 'ticks_remaining': 1}
2026-03-17 17:52:59,196 : INFO : EventManager : Event: ======'timer_instrument_rotate_complete'====== Args={'ticks': 1, 'ticks_remaining': 1}
2026-03-17 17:52:59,196 : INFO : EventManager : Event: ======'player_shot_bottom_drop'====== Args={'value': 0, 'prev_value': 1, 'change': -1, 'player_num': 1}
2026-03-17 17:52:59,196 : INFO : EventManager : Event: ======'player_shot_middle_drop'====== Args={'value': 1, 'prev_value': 0, 'change': 1, 'player_num': 1}
2026-03-17 17:52:59,197 : INFO : EventManager : Event: ======'player_instruments_instrument_rotate_tick'====== Args={'value': 0, 'prev_value': 1, 'change': -1, 'player_num': 1}
2026-03-17 17:52:59,197 : INFO : Timer.instrument_rotate : Starting Timer.
2026-03-17 17:52:59,197 : INFO : EventManager : Event: ======'timer_instrument_rotate_started'====== Args={'ticks': 0, 'ticks_remaining': 1}
2026-03-17 17:52:59,197 : INFO : EventManager : Event: ======'timer_instrument_rotate_tick'====== Args={'ticks': 0, 'ticks_remaining': 1}
2026-03-17 17:53:00,205 : INFO : EventManager : Event: ======'player_instruments_instrument_rotate_tick'====== Args={'value': 1, 'prev_value': 0, 'change': 1, 'player_num': 1}
2026-03-17 17:53:00,206 : INFO : Timer.instrument_rotate : Timer Complete
2026-03-17 17:53:00,206 : INFO : Timer.instrument_rotate : Stopping Timer
2026-03-17 17:53:00,206 : INFO : EventManager : Event: ======'timer_instrument_rotate_stopped'====== Args={'ticks': 1, 'ticks_remaining': 1}
2026-03-17 17:53:00,206 : INFO : EventManager : Event: ======'timer_instrument_rotate_complete'====== Args={'ticks': 1, 'ticks_remaining': 1}
2026-03-17 17:53:00,207 : INFO : EventManager : Event: ======'player_shot_middle_drop'====== Args={'value': 0, 'prev_value': 1, 'change': -1, 'player_num': 1}
2026-03-17 17:53:00,207 : INFO : EventManager : Event: ======'player_shot_top_drop'====== Args={'value': 1, 'prev_value': 0, 'change': 1, 'player_num': 1}
2026-03-17 17:53:00,208 : INFO : EventManager : Event: ======'player_instruments_instrument_rotate_tick'====== Args={'value': 0, 'prev_value': 1, 'change': -1, 'player_num': 1}
2026-03-17 17:53:00,208 : INFO : Timer.instrument_rotate : Starting Timer.
2026-03-17 17:53:00,208 : INFO : EventManager : Event: ======'timer_instrument_rotate_started'====== Args={'ticks': 0, 'ticks_remaining': 1}
2026-03-17 17:53:00,208 : INFO : EventManager : Event: ======'timer_instrument_rotate_tick'====== Args={'ticks': 0, 'ticks_remaining': 1}
2026-03-17 17:53:01,219 : INFO : EventManager : Event: ======'player_instruments_instrument_rotate_tick'====== Args={'value': 1, 'prev_value': 0, 'change': 1, 'player_num': 1}
2026-03-17 17:53:01,220 : INFO : Timer.instrument_rotate : Timer Complete
2026-03-17 17:53:01,221 : INFO : Timer.instrument_rotate : Stopping Timer
2026-03-17 17:53:01,221 : INFO : EventManager : Event: ======'timer_instrument_rotate_stopped'====== Args={'ticks': 1, 'ticks_remaining': 1}
2026-03-17 17:53:01,221 : INFO : EventManager : Event: ======'timer_instrument_rotate_complete'====== Args={'ticks': 1, 'ticks_remaining': 1}
2026-03-17 17:53:01,221 : INFO : EventManager : Event: ======'player_shot_bottom_drop'====== Args={'value': 1, 'prev_value': 0, 'change': 1, 'player_num': 1}
2026-03-17 17:53:01,221 : INFO : EventManager : Event: ======'player_shot_top_drop'====== Args={'value': 0, 'prev_value': 1, 'change': -1, 'player_num': 1}
2026-03-17 17:53:01,222 : INFO : EventManager : Event: ======'player_instruments_instrument_rotate_tick'====== Args={'value': 0, 'prev_value': 1, 'change': -1, 'player_num': 1}
2026-03-17 17:53:01,222 : INFO : Timer.instrument_rotate : Starting Timer.
2026-03-17 17:53:01,222 : INFO : EventManager : Event: ======'timer_instrument_rotate_started'====== Args={'ticks': 0, 'ticks_remaining': 1}
2026-03-17 17:53:01,222 : INFO : EventManager : Event: ======'timer_instrument_rotate_tick'====== Args={'ticks': 0, 'ticks_remaining': 1}
2026-03-17 17:53:02,236 : INFO : EventManager : Event: ======'player_instruments_instrument_rotate_tick'====== Args={'value': 1, 'prev_value': 0, 'change': 1, 'player_num': 1}
2026-03-17 17:53:02,237 : INFO : Timer.instrument_rotate : Timer Complete
2026-03-17 17:53:02,237 : INFO : Timer.instrument_rotate : Stopping Timer
2026-03-17 17:53:02,237 : INFO : EventManager : Event: ======'timer_instrument_rotate_stopped'====== Args={'ticks': 1, 'ticks_remaining': 1}
2026-03-17 17:53:02,237 : INFO : EventManager : Event: ======'timer_instrument_rotate_complete'====== Args={'ticks': 1, 'ticks_remaining': 1}
2026-03-17 17:53:02,238 : INFO : EventManager : Event: ======'player_shot_bottom_drop'====== Args={'value': 0, 'prev_value': 1, 'change': -1, 'player_num': 1}
2026-03-17 17:53:02,238 : INFO : EventManager : Event: ======'player_shot_middle_drop'====== Args={'value': 1, 'prev_value': 0, 'change': 1, 'player_num': 1}
2026-03-17 17:53:02,238 : INFO : EventManager : Event: ======'player_instruments_instrument_rotate_tick'====== Args={'value': 0, 'prev_value': 1, 'change': -1, 'player_num': 1}
2026-03-17 17:53:02,238 : INFO : Timer.instrument_rotate : Starting Timer.
2026-03-17 17:53:02,238 : INFO : EventManager : Event: ======'timer_instrument_rotate_started'====== Args={'ticks': 0, 'ticks_remaining': 1}
2026-03-17 17:53:02,239 : INFO : EventManager : Event: ======'timer_instrument_rotate_tick'====== Args={'ticks': 0, 'ticks_remaining': 1}
2026-03-17 17:53:03,249 : INFO : EventManager : Event: ======'player_instruments_instrument_rotate_tick'====== Args={'value': 1, 'prev_value': 0, 'change': 1, 'player_num': 1}
2026-03-17 17:53:03,250 : INFO : Timer.instrument_rotate : Timer Complete
2026-03-17 17:53:03,250 : INFO : Timer.instrument_rotate : Stopping Timer
2026-03-17 17:53:03,250 : INFO : EventManager : Event: ======'timer_instrument_rotate_stopped'====== Args={'ticks': 1, 'ticks_remaining': 1}
2026-03-17 17:53:03,250 : INFO : EventManager : Event: ======'timer_instrument_rotate_complete'====== Args={'ticks': 1, 'ticks_remaining': 1}
2026-03-17 17:53:03,251 : INFO : EventManager : Event: ======'player_shot_middle_drop'====== Args={'value': 0, 'prev_value': 1, 'change': -1, 'player_num': 1}
2026-03-17 17:53:03,252 : INFO : EventManager : Event: ======'player_shot_top_drop'====== Args={'value': 1, 'prev_value': 0, 'change': 1, 'player_num': 1}
2026-03-17 17:53:03,252 : INFO : EventManager : Event: ======'player_instruments_instrument_rotate_tick'====== Args={'value': 0, 'prev_value': 1, 'change': -1, 'player_num': 1}
2026-03-17 17:53:03,252 : INFO : Timer.instrument_rotate : Starting Timer.
2026-03-17 17:53:03,252 : INFO : EventManager : Event: ======'timer_instrument_rotate_started'====== Args={'ticks': 0, 'ticks_remaining': 1}
2026-03-17 17:53:03,252 : INFO : EventManager : Event: ======'timer_instrument_rotate_tick'====== Args={'ticks': 0, 'ticks_remaining': 1}
2026-03-17 17:53:04,261 : INFO : EventManager : Event: ======'player_instruments_instrument_rotate_tick'====== Args={'value': 1, 'prev_value': 0, 'change': 1, 'player_num': 1}
2026-03-17 17:53:04,262 : INFO : Timer.instrument_rotate : Timer Complete
2026-03-17 17:53:04,262 : INFO : Timer.instrument_rotate : Stopping Timer
2026-03-17 17:53:04,262 : INFO : EventManager : Event: ======'timer_instrument_rotate_stopped'====== Args={'ticks': 1, 'ticks_remaining': 1}
2026-03-17 17:53:04,262 : INFO : EventManager : Event: ======'timer_instrument_rotate_complete'====== Args={'ticks': 1, 'ticks_remaining': 1}
2026-03-17 17:53:04,262 : INFO : EventManager : Event: ======'player_shot_bottom_drop'====== Args={'value': 1, 'prev_value': 0, 'change': 1, 'player_num': 1}
2026-03-17 17:53:04,263 : INFO : EventManager : Event: ======'player_shot_top_drop'====== Args={'value': 0, 'prev_value': 1, 'change': -1, 'player_num': 1}
2026-03-17 17:53:04,263 : INFO : EventManager : Event: ======'player_instruments_instrument_rotate_tick'====== Args={'value': 0, 'prev_value': 1, 'change': -1, 'player_num': 1}
2026-03-17 17:53:04,263 : INFO : Timer.instrument_rotate : Starting Timer.
2026-03-17 17:53:04,263 : INFO : EventManager : Event: ======'timer_instrument_rotate_started'====== Args={'ticks': 0, 'ticks_remaining': 1}
2026-03-17 17:53:04,263 : INFO : EventManager : Event: ======'timer_instrument_rotate_tick'====== Args={'ticks': 0, 'ticks_remaining': 1}
2026-03-17 17:53:05,266 : INFO : EventManager : Event: ======'player_instruments_instrument_rotate_tick'====== Args={'value': 1, 'prev_value': 0, 'change': 1, 'player_num': 1}
2026-03-17 17:53:05,267 : INFO : Timer.instrument_rotate : Timer Complete
2026-03-17 17:53:05,267 : INFO : Timer.instrument_rotate : Stopping Timer
2026-03-17 17:53:05,267 : INFO : EventManager : Event: ======'timer_instrument_rotate_stopped'====== Args={'ticks': 1, 'ticks_remaining': 1}
2026-03-17 17:53:05,267 : INFO : EventManager : Event: ======'timer_instrument_rotate_complete'====== Args={'ticks': 1, 'ticks_remaining': 1}
2026-03-17 17:53:05,268 : INFO : EventManager : Event: ======'player_shot_bottom_drop'====== Args={'value': 0, 'prev_value': 1, 'change': -1, 'player_num': 1}
2026-03-17 17:53:05,268 : INFO : EventManager : Event: ======'player_shot_middle_drop'====== Args={'value': 1, 'prev_value': 0, 'change': 1, 'player_num': 1}
2026-03-17 17:53:05,268 : INFO : EventManager : Event: ======'player_instruments_instrument_rotate_tick'====== Args={'value': 0, 'prev_value': 1, 'change': -1, 'player_num': 1}
2026-03-17 17:53:05,269 : INFO : Timer.instrument_rotate : Starting Timer.
2026-03-17 17:53:05,269 : INFO : EventManager : Event: ======'timer_instrument_rotate_started'====== Args={'ticks': 0, 'ticks_remaining': 1}
2026-03-17 17:53:05,269 : INFO : EventManager : Event: ======'timer_instrument_rotate_tick'====== Args={'ticks': 0, 'ticks_remaining': 1}
2026-03-17 17:53:06,278 : INFO : EventManager : Event: ======'player_instruments_instrument_rotate_tick'====== Args={'value': 1, 'prev_value': 0, 'change': 1, 'player_num': 1}
2026-03-17 17:53:06,279 : INFO : Timer.instrument_rotate : Timer Complete
2026-03-17 17:53:06,279 : INFO : Timer.instrument_rotate : Stopping Timer
2026-03-17 17:53:06,279 : INFO : EventManager : Event: ======'timer_instrument_rotate_stopped'====== Args={'ticks': 1, 'ticks_remaining': 1}
2026-03-17 17:53:06,279 : INFO : EventManager : Event: ======'timer_instrument_rotate_complete'====== Args={'ticks': 1, 'ticks_remaining': 1}
2026-03-17 17:53:06,279 : INFO : EventManager : Event: ======'player_shot_middle_drop'====== Args={'value': 0, 'prev_value': 1, 'change': -1, 'player_num': 1}
2026-03-17 17:53:06,280 : INFO : EventManager : Event: ======'player_shot_top_drop'====== Args={'value': 1, 'prev_value': 0, 'change': 1, 'player_num': 1}
2026-03-17 17:53:06,280 : INFO : EventManager : Event: ======'player_instruments_instrument_rotate_tick'====== Args={'value': 0, 'prev_value': 1, 'change': -1, 'player_num': 1}
2026-03-17 17:53:06,280 : INFO : Timer.instrument_rotate : Starting Timer.
2026-03-17 17:53:06,280 : INFO : EventManager : Event: ======'timer_instrument_rotate_started'====== Args={'ticks': 0, 'ticks_remaining': 1}
2026-03-17 17:53:06,280 : INFO : EventManager : Event: ======'timer_instrument_rotate_tick'====== Args={'ticks': 0, 'ticks_remaining': 1}
2026-03-17 17:53:07,280 : INFO : EventManager : Event: ======'player_instruments_instrument_rotate_tick'====== Args={'value': 1, 'prev_value': 0, 'change': 1, 'player_num': 1}
2026-03-17 17:53:07,281 : INFO : Timer.instrument_rotate : Timer Complete
2026-03-17 17:53:07,281 : INFO : Timer.instrument_rotate : Stopping Timer
2026-03-17 17:53:07,282 : INFO : EventManager : Event: ======'timer_instrument_rotate_stopped'====== Args={'ticks': 1, 'ticks_remaining': 1}
2026-03-17 17:53:07,282 : INFO : EventManager : Event: ======'timer_instrument_rotate_complete'====== Args={'ticks': 1, 'ticks_remaining': 1}
2026-03-17 17:53:07,282 : INFO : EventManager : Event: ======'player_shot_bottom_drop'====== Args={'value': 1, 'prev_value': 0, 'change': 1, 'player_num': 1}
2026-03-17 17:53:07,282 : INFO : EventManager : Event: ======'player_shot_top_drop'====== Args={'value': 0, 'prev_value': 1, 'change': -1, 'player_num': 1}
2026-03-17 17:53:07,283 : INFO : EventManager : Event: ======'player_instruments_instrument_rotate_tick'====== Args={'value': 0, 'prev_value': 1, 'change': -1, 'player_num': 1}
2026-03-17 17:53:07,283 : INFO : Timer.instrument_rotate : Starting Timer.
2026-03-17 17:53:07,283 : INFO : EventManager : Event: ======'timer_instrument_rotate_started'====== Args={'ticks': 0, 'ticks_remaining': 1}
2026-03-17 17:53:07,283 : INFO : EventManager : Event: ======'timer_instrument_rotate_tick'====== Args={'ticks': 0, 'ticks_remaining': 1}
2026-03-17 17:53:08,292 : INFO : EventManager : Event: ======'player_instruments_instrument_rotate_tick'====== Args={'value': 1, 'prev_value': 0, 'change': 1, 'player_num': 1}
2026-03-17 17:53:08,293 : INFO : Timer.instrument_rotate : Timer Complete
2026-03-17 17:53:08,293 : INFO : Timer.instrument_rotate : Stopping Timer
2026-03-17 17:53:08,293 : INFO : EventManager : Event: ======'timer_instrument_rotate_stopped'====== Args={'ticks': 1, 'ticks_remaining': 1}
2026-03-17 17:53:08,293 : INFO : EventManager : Event: ======'timer_instrument_rotate_complete'====== Args={'ticks': 1, 'ticks_remaining': 1}
2026-03-17 17:53:08,294 : INFO : EventManager : Event: ======'player_shot_bottom_drop'====== Args={'value': 0, 'prev_value': 1, 'change': -1, 'player_num': 1}
2026-03-17 17:53:08,294 : INFO : EventManager : Event: ======'player_shot_middle_drop'====== Args={'value': 1, 'prev_value': 0, 'change': 1, 'player_num': 1}
2026-03-17 17:53:08,294 : INFO : EventManager : Event: ======'player_instruments_instrument_rotate_tick'====== Args={'value': 0, 'prev_value': 1, 'change': -1, 'player_num': 1}
2026-03-17 17:53:08,294 : INFO : Timer.instrument_rotate : Starting Timer.
2026-03-17 17:53:08,294 : INFO : EventManager : Event: ======'timer_instrument_rotate_started'====== Args={'ticks': 0, 'ticks_remaining': 1}
2026-03-17 17:53:08,295 : INFO : EventManager : Event: ======'timer_instrument_rotate_tick'====== Args={'ticks': 0, 'ticks_remaining': 1}
2026-03-17 17:53:09,308 : INFO : EventManager : Event: ======'player_instruments_instrument_rotate_tick'====== Args={'value': 1, 'prev_value': 0, 'change': 1, 'player_num': 1}
2026-03-17 17:53:09,309 : INFO : Timer.instrument_rotate : Timer Complete
2026-03-17 17:53:09,309 : INFO : Timer.instrument_rotate : Stopping Timer
2026-03-17 17:53:09,309 : INFO : EventManager : Event: ======'timer_instrument_rotate_stopped'====== Args={'ticks': 1, 'ticks_remaining': 1}
2026-03-17 17:53:09,309 : INFO : EventManager : Event: ======'timer_instrument_rotate_complete'====== Args={'ticks': 1, 'ticks_remaining': 1}
2026-03-17 17:53:09,309 : INFO : EventManager : Event: ======'player_shot_middle_drop'====== Args={'value': 0, 'prev_value': 1, 'change': -1, 'player_num': 1}
2026-03-17 17:53:09,310 : INFO : EventManager : Event: ======'player_shot_top_drop'====== Args={'value': 1, 'prev_value': 0, 'change': 1, 'player_num': 1}
2026-03-17 17:53:09,310 : INFO : EventManager : Event: ======'player_instruments_instrument_rotate_tick'====== Args={'value': 0, 'prev_value': 1, 'change': -1, 'player_num': 1}
2026-03-17 17:53:09,310 : INFO : Timer.instrument_rotate : Starting Timer.
2026-03-17 17:53:09,310 : INFO : EventManager : Event: ======'timer_instrument_rotate_started'====== Args={'ticks': 0, 'ticks_remaining': 1}
2026-03-17 17:53:09,310 : INFO : EventManager : Event: ======'timer_instrument_rotate_tick'====== Args={'ticks': 0, 'ticks_remaining': 1}
2026-03-17 17:53:10,322 : INFO : EventManager : Event: ======'player_instruments_instrument_rotate_tick'====== Args={'value': 1, 'prev_value': 0, 'change': 1, 'player_num': 1}
2026-03-17 17:53:10,323 : INFO : Timer.instrument_rotate : Timer Complete
2026-03-17 17:53:10,323 : INFO : Timer.instrument_rotate : Stopping Timer
2026-03-17 17:53:10,323 : INFO : EventManager : Event: ======'timer_instrument_rotate_stopped'====== Args={'ticks': 1, 'ticks_remaining': 1}
2026-03-17 17:53:10,323 : INFO : EventManager : Event: ======'timer_instrument_rotate_complete'====== Args={'ticks': 1, 'ticks_remaining': 1}
2026-03-17 17:53:10,323 : INFO : EventManager : Event: ======'player_shot_bottom_drop'====== Args={'value': 1, 'prev_value': 0, 'change': 1, 'player_num': 1}
2026-03-17 17:53:10,324 : INFO : EventManager : Event: ======'player_shot_top_drop'====== Args={'value': 0, 'prev_value': 1, 'change': -1, 'player_num': 1}
2026-03-17 17:53:10,324 : INFO : EventManager : Event: ======'player_instruments_instrument_rotate_tick'====== Args={'value': 0, 'prev_value': 1, 'change': -1, 'player_num': 1}
2026-03-17 17:53:10,324 : INFO : Timer.instrument_rotate : Starting Timer.
2026-03-17 17:53:10,325 : INFO : EventManager : Event: ======'timer_instrument_rotate_started'====== Args={'ticks': 0, 'ticks_remaining': 1}
2026-03-17 17:53:10,325 : INFO : EventManager : Event: ======'timer_instrument_rotate_tick'====== Args={'ticks': 0, 'ticks_remaining': 1}
2026-03-17 17:53:11,074 : INFO : Machine : Shutting down...
2026-03-17 17:53:11,074 : INFO : EventManager : Event: ======'shutdown'====== Args={}
2026-03-17 17:53:11,075 : INFO : EventManager : Event: ======'mode_service_will_stop'====== Args={}
2026-03-17 17:53:11,075 : INFO : EventManager : Event: ======'mode_service_stopping'====== Args={}
2026-03-17 17:53:11,075 : INFO : Mode.service : Stopped.
2026-03-17 17:53:11,075 : INFO : EventManager : Event: ======'modes_active_modes_changed'====== Args={}
2026-03-17 17:53:11,076 : INFO : EventManager : Event: ======'mode_service_stopped'====== Args={}
2026-03-17 17:53:11,076 : INFO : EventManager : Event: ======'clear'====== Args={'key': 'service'}
2026-03-17 17:53:11,077 : INFO : EventManager : Event: ======'mode_game_will_stop'====== Args={}
2026-03-17 17:53:11,077 : INFO : EventManager : Event: ======'mode_game_stopping'====== Args={}
2026-03-17 17:53:11,078 : INFO : EventManager : Event: ======'mode_carousel_will_stop'====== Args={}
2026-03-17 17:53:11,078 : INFO : EventManager : Event: ======'mode_carousel_stopping'====== Args={}
2026-03-17 17:53:11,078 : INFO : EventManager : Event: ======'mode_instruments_will_stop'====== Args={}
2026-03-17 17:53:11,078 : INFO : EventManager : Event: ======'mode_instruments_stopping'====== Args={}
2026-03-17 17:53:11,078 : INFO : EventManager : Event: ======'mode_combos_will_stop'====== Args={}
2026-03-17 17:53:11,078 : INFO : EventManager : Event: ======'mode_combos_stopping'====== Args={}
2026-03-17 17:53:11,078 : INFO : EventManager : Event: ======'mode_batterycharger_will_stop'====== Args={}
2026-03-17 17:53:11,078 : INFO : EventManager : Event: ======'mode_batterycharger_stopping'====== Args={}
2026-03-17 17:53:11,078 : INFO : EventManager : Event: ======'mode_multiball_will_stop'====== Args={}
2026-03-17 17:53:11,078 : INFO : EventManager : Event: ======'mode_multiball_stopping'====== Args={}
2026-03-17 17:53:11,078 : INFO : EventManager : Event: ======'mode_base_will_stop'====== Args={}
2026-03-17 17:53:11,078 : INFO : EventManager : Event: ======'mode_base_stopping'====== Args={}
2026-03-17 17:53:11,079 : INFO : blinkenlight.bl_scoop_arrow_led : Color removed with key carousel
2026-03-17 17:53:11,079 : INFO : Mode.base : Stopped.
2026-03-17 17:53:11,079 : INFO : EventManager : Event: ======'modes_active_modes_changed'====== Args={}
2026-03-17 17:53:11,082 : INFO : EventManager : Event: ======'mode_base_stopped'====== Args={}
2026-03-17 17:53:11,082 : INFO : EventManager : Event: ======'clear'====== Args={'key': 'base'}
2026-03-17 17:53:11,086 : INFO : Timer.chcheckitoutfinish_widget_timer : Stopping Timer
2026-03-17 17:53:11,086 : INFO : EventManager : Event: ======'timer_chcheckitoutfinish_widget_timer_stopped'====== Args={'ticks': 0, 'ticks_remaining': 0}
2026-03-17 17:53:11,086 : INFO : Timer.bodymovin_widget_timer : Stopping Timer
2026-03-17 17:53:11,086 : INFO : EventManager : Event: ======'timer_bodymovin_widget_timer_stopped'====== Args={'ticks': 0, 'ticks_remaining': 0}
2026-03-17 17:53:11,087 : INFO : Timer.bodymovin_lock_enabled_widget_timer : Stopping Timer
2026-03-17 17:53:11,087 : INFO : EventManager : Event: ======'timer_bodymovin_lock_enabled_widget_timer_stopped'====== Args={'ticks': 0, 'ticks_remaining': 0}
2026-03-17 17:53:11,087 : INFO : Timer.bodymovin_ball_1_locked_widget_timer : Stopping Timer
2026-03-17 17:53:11,087 : INFO : EventManager : Event: ======'timer_bodymovin_ball_1_locked_widget_timer_stopped'====== Args={'ticks': 0, 'ticks_remaining': 0}
2026-03-17 17:53:11,087 : INFO : Timer.bodymovin_ball_2_locked_widget_timer : Stopping Timer
2026-03-17 17:53:11,087 : INFO : EventManager : Event: ======'timer_bodymovin_ball_2_locked_widget_timer_stopped'====== Args={'ticks': 0, 'ticks_remaining': 0}
2026-03-17 17:53:11,088 : INFO : Mode.multiball : Stopped.
2026-03-17 17:53:11,088 : INFO : EventManager : Event: ======'modes_active_modes_changed'====== Args={}
2026-03-17 17:53:11,088 : INFO : EventManager : Event: ======'mode_multiball_stopped'====== Args={}
2026-03-17 17:53:11,088 : INFO : EventManager : Event: ======'clear'====== Args={'key': 'multiball'}
2026-03-17 17:53:11,089 : INFO : Mode.batterycharger : Stopped.
2026-03-17 17:53:11,089 : INFO : EventManager : Event: ======'modes_active_modes_changed'====== Args={}
2026-03-17 17:53:11,090 : INFO : EventManager : Event: ======'mode_batterycharger_stopped'====== Args={}
2026-03-17 17:53:11,090 : INFO : EventManager : Event: ======'clear'====== Args={'key': 'batterycharger'}
2026-03-17 17:53:11,090 : INFO : Mode.combos : Stopped.
2026-03-17 17:53:11,090 : INFO : EventManager : Event: ======'modes_active_modes_changed'====== Args={}
2026-03-17 17:53:11,091 : INFO : EventManager : Event: ======'mode_combos_stopped'====== Args={}
2026-03-17 17:53:11,091 : INFO : EventManager : Event: ======'clear'====== Args={'key': 'combos'}
2026-03-17 17:53:11,099 : INFO : Mode.instruments : Stopped.
2026-03-17 17:53:11,099 : INFO : EventManager : Event: ======'modes_active_modes_changed'====== Args={}
2026-03-17 17:53:11,099 : INFO : EventManager : Event: ======'mode_instruments_stopped'====== Args={}
2026-03-17 17:53:11,100 : INFO : EventManager : Event: ======'clear'====== Args={'key': 'instruments'}
2026-03-17 17:53:11,100 : INFO : Timer.playfield_x_timer : Stopping Timer
2026-03-17 17:53:11,101 : INFO : EventManager : Event: ======'timer_playfield_x_timer_stopped'====== Args={'ticks': 30, 'ticks_remaining': 0}
2026-03-17 17:53:11,101 : INFO : Timer.instrument_rotate : Stopping Timer
2026-03-17 17:53:11,101 : INFO : EventManager : Event: ======'timer_instrument_rotate_stopped'====== Args={'ticks': 0, 'ticks_remaining': 1}
2026-03-17 17:53:11,101 : INFO : Mode.carousel : Stopped.
2026-03-17 17:53:11,101 : INFO : EventManager : Event: ======'modes_active_modes_changed'====== Args={}
2026-03-17 17:53:11,102 : INFO : EventManager : Event: ======'mode_carousel_stopped'====== Args={}
2026-03-17 17:53:11,102 : INFO : EventManager : Event: ======'clear'====== Args={'key': 'carousel'}
2026-03-17 17:53:11,103 : INFO : Mode.game : Stopped.
2026-03-17 17:53:11,103 : INFO : EventManager : Event: ======'modes_active_modes_changed'====== Args={}
2026-03-17 17:53:11,103 : INFO : EventManager : Event: ======'mode_game_stopped'====== Args={}
2026-03-17 17:53:11,103 : INFO : EventManager : Event: ======'clear'====== Args={'key': 'game'}
2026-03-17 17:53:11,110 : INFO : root : MPF run loop ended.
