2026-01-19 13:12:35,257 : INFO : root : Loading config.
2026-01-19 13:12:35,271 : INFO : YamlMultifileConfigLoader : Machine config file #1: config.yaml
2026-01-19 13:12:35,272 : INFO : ConfigProcessor : Loading config from cache: C:\Users\sdona\AppData\Local\Temp\3b8fca15c900b8c5017593b227e0c010.mpf_cache
2026-01-19 13:12:35,472 : INFO : ConfigProcessor : Loading config from cache: C:\Users\sdona\AppData\Local\Temp\f6660a7d6ef93b3364a89f3863bac82d.mpf_cache
2026-01-19 13:12:35,485 : INFO : ConfigProcessor : Loading config from cache: C:\Users\sdona\AppData\Local\Temp\63a1edb72ce8f5a08e3b0bd829aa2a0d.mpf_cache
2026-01-19 13:12:35,498 : INFO : ConfigProcessor : Loading config from cache: C:\Users\sdona\AppData\Local\Temp\c340ec0033d1055cd797ffd5447ef414.mpf_cache
2026-01-19 13:12:35,511 : INFO : ConfigProcessor : Loading config from cache: C:\Users\sdona\AppData\Local\Temp\f6660a7d6ef93b3364a89f3863bac82d.mpf_cache
2026-01-19 13:12:35,513 : INFO : ConfigProcessor : Loading config from cache: C:\Users\sdona\AppData\Local\Temp\8c11a28e3c38d4ad47947b6a126f2ee9.mpf_cache
2026-01-19 13:12:35,525 : INFO : ConfigProcessor : Loading config from cache: C:\Users\sdona\AppData\Local\Temp\e391083cdc9e667060411fe5838e93f2.mpf_cache
2026-01-19 13:12:35,546 : INFO : ConfigProcessor : Loading config from cache: C:\Users\sdona\AppData\Local\Temp\f0c219a993d891ee86dcb7eae47dde67.mpf_cache
2026-01-19 13:12:35,567 : INFO : ConfigProcessor : Loading config from cache: C:\Users\sdona\AppData\Local\Temp\96aa58108928490b129531848cd9b506.mpf_cache
2026-01-19 13:12:35,585 : INFO : ConfigProcessor : Loading config from cache: C:\Users\sdona\AppData\Local\Temp\567636b9d9766e3361204e954a8382da.mpf_cache
2026-01-19 13:12:35,604 : INFO : ConfigProcessor : Loading config from cache: C:\Users\sdona\AppData\Local\Temp\8f47ddcaffd9506a6ab610332e5e93e6.mpf_cache
2026-01-19 13:12:35,622 : INFO : ConfigProcessor : Loading config from cache: C:\Users\sdona\AppData\Local\Temp\112f935d1c2002cb40d3e6e497be9e7c.mpf_cache
2026-01-19 13:12:35,638 : INFO : ConfigProcessor : Loading config from cache: C:\Users\sdona\AppData\Local\Temp\a4c67531f25fc6af6ec97b4ab4b5e0a4.mpf_cache
2026-01-19 13:12:35,657 : INFO : ConfigProcessor : Loading config from cache: C:\Users\sdona\AppData\Local\Temp\de8ed6c6d4c48d1b5b054ff74222cb35.mpf_cache
2026-01-19 13:12:35,673 : INFO : ConfigProcessor : Loading config from cache: C:\Users\sdona\AppData\Local\Temp\0511702d1aff7294933b3415dcc6bcd8.mpf_cache
2026-01-19 13:12:35,691 : INFO : ConfigProcessor : Loading config from cache: C:\Users\sdona\AppData\Local\Temp\3eebd8fc985a6907aa555c0256177d6c.mpf_cache
2026-01-19 13:12:35,705 : INFO : ConfigProcessor : Loading config from cache: C:\Users\sdona\AppData\Local\Temp\7f047f20ee2604e573d0056474eb225c.mpf_cache
2026-01-19 13:12:35,717 : INFO : ConfigProcessor : Loading config from cache: C:\Users\sdona\AppData\Local\Temp\7cbf965458447bfe6339fd0c6d804285.mpf_cache
2026-01-19 13:12:35,730 : INFO : ConfigProcessor : Loading config from cache: C:\Users\sdona\AppData\Local\Temp\c09cbc2eb967f07064f0c7aeb253df93.mpf_cache
2026-01-19 13:12:35,743 : INFO : ConfigProcessor : Loading config from cache: C:\Users\sdona\AppData\Local\Temp\3e3e819377c518a390ee259f491dfb06.mpf_cache
2026-01-19 13:12:35,755 : INFO : ConfigProcessor : Loading config from cache: C:\Users\sdona\AppData\Local\Temp\1bbdf2c973c297bc3add8824c296f9ca.mpf_cache
2026-01-19 13:12:35,769 : INFO : ConfigProcessor : Loading config from cache: C:\Users\sdona\AppData\Local\Temp\8743abc5a0185ade0d9653d9d4dd60e6.mpf_cache
2026-01-19 13:12:35,781 : INFO : ConfigProcessor : Loading config from cache: C:\Users\sdona\AppData\Local\Temp\bc1a93e04317e488751dae7b5251780b.mpf_cache
2026-01-19 13:12:35,793 : INFO : ConfigProcessor : Loading config from cache: C:\Users\sdona\AppData\Local\Temp\8a267c6d1ad3bd205388d8363e4a5749.mpf_cache
2026-01-19 13:12:35,805 : INFO : ConfigProcessor : Loading config from cache: C:\Users\sdona\AppData\Local\Temp\507fc1d02e2e92e18a6830a59c5dcf80.mpf_cache
2026-01-19 13:12:35,817 : INFO : ConfigProcessor : Loading config from cache: C:\Users\sdona\AppData\Local\Temp\1d2961d421c758b6953fd569505e4b2d.mpf_cache
2026-01-19 13:12:35,828 : INFO : ConfigProcessor : Loading config from cache: C:\Users\sdona\AppData\Local\Temp\9e72e5fa0fd05160f49186c6524c14c9.mpf_cache
2026-01-19 13:12:35,838 : INFO : ConfigProcessor : Loading config from cache: C:\Users\sdona\AppData\Local\Temp\f7ea71975115b23719e8d60bf22b5425.mpf_cache
2026-01-19 13:12:35,849 : INFO : ConfigProcessor : Loading config from cache: C:\Users\sdona\AppData\Local\Temp\56c9cddbcff0d1410386b266159a0775.mpf_cache
2026-01-19 13:12:35,860 : INFO : ConfigProcessor : Loading config from cache: C:\Users\sdona\AppData\Local\Temp\6c385f71891889a392ac696568578c7f.mpf_cache
2026-01-19 13:12:35,872 : INFO : ConfigProcessor : Loading config from cache: C:\Users\sdona\AppData\Local\Temp\8bff58349a5bdf4b88bcb50c5fc898e7.mpf_cache
2026-01-19 13:12:35,886 : INFO : ConfigProcessor : Loading config from cache: C:\Users\sdona\AppData\Local\Temp\e6b55d6a1c06b0dd6369c964181bf8d3.mpf_cache
2026-01-19 13:12:35,899 : INFO : ConfigProcessor : Loading config from cache: C:\Users\sdona\AppData\Local\Temp\c400bf69dd848f9ec4f3356496b25a78.mpf_cache
2026-01-19 13:12:35,911 : INFO : ConfigProcessor : Loading config from cache: C:\Users\sdona\AppData\Local\Temp\b5a54abfbba58cd6005650aabe85cb35.mpf_cache
2026-01-19 13:12:35,923 : INFO : ConfigProcessor : Loading config from cache: C:\Users\sdona\AppData\Local\Temp\b9cf3f1e934d5266c0035de47faec02b.mpf_cache
2026-01-19 13:12:35,936 : INFO : ConfigProcessor : Loading config from cache: C:\Users\sdona\AppData\Local\Temp\67d6cae7afaea6fe987e87f8d3a3ea21.mpf_cache
2026-01-19 13:12:35,947 : INFO : ConfigProcessor : Loading config from cache: C:\Users\sdona\AppData\Local\Temp\e4c5b832148a7d383976fcf70408e8af.mpf_cache
2026-01-19 13:12:35,958 : INFO : ConfigProcessor : Loading config from cache: C:\Users\sdona\AppData\Local\Temp\dce98d0c8129174f78168c3f3b9d3db8.mpf_cache
2026-01-19 13:12:35,970 : INFO : ConfigProcessor : Loading config from cache: C:\Users\sdona\AppData\Local\Temp\141b19e6c0168c485bbb38b6543175a8.mpf_cache
2026-01-19 13:12:35,985 : INFO : ConfigProcessor : Loading config from cache: C:\Users\sdona\AppData\Local\Temp\ada3b5b562837d919d62b9df0d0de8d3.mpf_cache
2026-01-19 13:12:35,987 : INFO : ConfigProcessor : Loading config from cache: C:\Users\sdona\AppData\Local\Temp\4e6dd3b0a361d042ad5ab93a8cc8b437.mpf_cache
2026-01-19 13:12:36,001 : INFO : ConfigProcessor : Loading config from cache: C:\Users\sdona\AppData\Local\Temp\e97c871403fe82070ff249d62d7cfe22.mpf_cache
2026-01-19 13:12:36,014 : INFO : ConfigProcessor : Loading config from cache: C:\Users\sdona\AppData\Local\Temp\64b6da5876f56fc970400d85dfe882ec.mpf_cache
2026-01-19 13:12:36,026 : INFO : ConfigProcessor : Loading config from cache: C:\Users\sdona\AppData\Local\Temp\c5a11fc9367393a964e333a780e846f7.mpf_cache
2026-01-19 13:12:36,040 : INFO : ConfigProcessor : Loading config from cache: C:\Users\sdona\AppData\Local\Temp\2816335dd466496617c9461f091e66f7.mpf_cache
2026-01-19 13:12:36,050 : INFO : ConfigProcessor : Loading config from cache: C:\Users\sdona\AppData\Local\Temp\6359f7257429add2d261e94bcafd60d5.mpf_cache
2026-01-19 13:12:36,073 : INFO : ConfigProcessor : Loading config from cache: C:\Users\sdona\AppData\Local\Temp\e1f034e230342bd5fff9d9c9df707a6d.mpf_cache
2026-01-19 13:12:36,088 : INFO : ConfigProcessor : Loading config from cache: C:\Users\sdona\AppData\Local\Temp\bed2bac5ea254e8ca98f6dd45e865fd8.mpf_cache
2026-01-19 13:12:36,102 : INFO : ConfigProcessor : Loading config from cache: C:\Users\sdona\AppData\Local\Temp\48e8797b77339ec89f8005d20046fbbb.mpf_cache
2026-01-19 13:12:36,115 : INFO : ConfigProcessor : Loading config from cache: C:\Users\sdona\AppData\Local\Temp\b0b8ed4dbd306ac2f063788d81ec6bc4.mpf_cache
2026-01-19 13:12:36,118 : INFO : ConfigProcessor : Loading config from cache: C:\Users\sdona\AppData\Local\Temp\98b42cbd2eba7845afea8d7862634639.mpf_cache
2026-01-19 13:12:36,131 : INFO : ConfigProcessor : Loading config from cache: C:\Users\sdona\AppData\Local\Temp\44893055a228bb5e0381bfc6f9c0abd7.mpf_cache
2026-01-19 13:12:36,145 : INFO : ConfigProcessor : Loading config from cache: C:\Users\sdona\AppData\Local\Temp\2042660f443afc84f0703d0905ba54ee.mpf_cache
2026-01-19 13:12:36,147 : INFO : ConfigProcessor : Loading config from cache: C:\Users\sdona\AppData\Local\Temp\dd7647dd44793170b37285bb75f4ccd8.mpf_cache
2026-01-19 13:12:36,160 : INFO : ConfigProcessor : Loading config from cache: C:\Users\sdona\AppData\Local\Temp\e2d7f53c0c71e4d0bd9bdd0119e59cc4.mpf_cache
2026-01-19 13:12:36,172 : INFO : ConfigProcessor : Loading config from cache: C:\Users\sdona\AppData\Local\Temp\8c6fac435f6ad554a9aceeec6bf90d60.mpf_cache
2026-01-19 13:12:36,185 : INFO : ConfigProcessor : Loading config from cache: C:\Users\sdona\AppData\Local\Temp\189e01913405dcf21368edf880785f17.mpf_cache
2026-01-19 13:12:36,197 : INFO : ConfigProcessor : Loading config from cache: C:\Users\sdona\AppData\Local\Temp\9c2447d5008e5c2337580412edd81bce.mpf_cache
2026-01-19 13:12:36,210 : INFO : ConfigProcessor : Loading config from cache: C:\Users\sdona\AppData\Local\Temp\ecb35127b61fe2c3f803378f52b53af8.mpf_cache
2026-01-19 13:12:36,213 : INFO : ConfigProcessor : Loading config from cache: C:\Users\sdona\AppData\Local\Temp\a453bc519324a010fc5f97d23b1d6283.mpf_cache
2026-01-19 13:12:36,216 : INFO : ConfigProcessor : Loading config from cache: C:\Users\sdona\AppData\Local\Temp\e134e8f85ba8fa9c3d7f1500ca292437.mpf_cache
2026-01-19 13:12:36,228 : INFO : ConfigProcessor : Loading config from cache: C:\Users\sdona\AppData\Local\Temp\b24b6909ee6e0520126bbce60d1ed210.mpf_cache
2026-01-19 13:12:36,240 : INFO : ConfigProcessor : Loading config from cache: C:\Users\sdona\AppData\Local\Temp\cba807ea4a81180f6dd01afffacec8ed.mpf_cache
2026-01-19 13:12:36,253 : INFO : ConfigProcessor : Loading config from cache: C:\Users\sdona\AppData\Local\Temp\1ea2aa0876194c7260510f0845fe4bfe.mpf_cache
2026-01-19 13:12:36,266 : INFO : ConfigProcessor : Loading config from cache: C:\Users\sdona\AppData\Local\Temp\a173d53041ed6761e8719c2951eee9e5.mpf_cache
2026-01-19 13:12:36,279 : INFO : ConfigProcessor : Loading config from cache: C:\Users\sdona\AppData\Local\Temp\f071e720e1ef2a753ced60502153911a.mpf_cache
2026-01-19 13:12:36,293 : INFO : ConfigProcessor : Loading config from cache: C:\Users\sdona\AppData\Local\Temp\a464c65b0880a71dbe3e02b1f7271abd.mpf_cache
2026-01-19 13:12:36,307 : INFO : ConfigProcessor : Loading config from cache: C:\Users\sdona\AppData\Local\Temp\b4bf5fa77bdb26872f42159f572a3499.mpf_cache
2026-01-19 13:12:36,321 : INFO : ConfigProcessor : Loading config from cache: C:\Users\sdona\AppData\Local\Temp\cd6f6abb19272a94675a232f8f899ac9.mpf_cache
2026-01-19 13:12:36,334 : INFO : ConfigProcessor : Loading config from cache: C:\Users\sdona\AppData\Local\Temp\5c997126cef538283363f6706780c8e5.mpf_cache
2026-01-19 13:12:36,348 : INFO : ConfigProcessor : Loading config from cache: C:\Users\sdona\AppData\Local\Temp\51c405745738281c3f5e2edc082329f1.mpf_cache
2026-01-19 13:12:36,363 : INFO : ConfigProcessor : Loading config from cache: C:\Users\sdona\AppData\Local\Temp\cbc61a9ec21d345237ebbced62572970.mpf_cache
2026-01-19 13:12:36,378 : INFO : ConfigProcessor : Loading config from cache: C:\Users\sdona\AppData\Local\Temp\c25e7c71bc90546538d4e68911be6658.mpf_cache
2026-01-19 13:12:36,390 : INFO : ConfigProcessor : Loading config from cache: C:\Users\sdona\AppData\Local\Temp\3f778658fc8e6107c1e17d48b06d7ee6.mpf_cache
2026-01-19 13:12:36,402 : INFO : ConfigProcessor : Loading config from cache: C:\Users\sdona\AppData\Local\Temp\b7a51086f1e3c926b3977a0d025a1faa.mpf_cache
2026-01-19 13:12:36,415 : INFO : ConfigProcessor : Loading config from cache: C:\Users\sdona\AppData\Local\Temp\479eb3ca656e084fa2e092204a5b8039.mpf_cache
2026-01-19 13:12:36,428 : INFO : ConfigProcessor : Loading config from cache: C:\Users\sdona\AppData\Local\Temp\bdb81eccbf19551abd8bea5fafeca7c0.mpf_cache
2026-01-19 13:12:36,441 : INFO : ConfigProcessor : Loading config from cache: C:\Users\sdona\AppData\Local\Temp\8f065719b93e886777277178babee650.mpf_cache
2026-01-19 13:12:36,453 : INFO : ConfigProcessor : Loading config from cache: C:\Users\sdona\AppData\Local\Temp\7fef0463a0df344c3146c845257ec616.mpf_cache
2026-01-19 13:12:36,464 : INFO : ConfigProcessor : Loading config from cache: C:\Users\sdona\AppData\Local\Temp\a4f333ad36a077996c49298642b6bdcf.mpf_cache
2026-01-19 13:12:36,476 : INFO : ConfigProcessor : Loading config from cache: C:\Users\sdona\AppData\Local\Temp\e8d69d74f27089cda2650299e9916804.mpf_cache
2026-01-19 13:12:36,489 : INFO : ConfigProcessor : Loading config from cache: C:\Users\sdona\AppData\Local\Temp\05530f35bd950f18d27d3fd571d96823.mpf_cache
2026-01-19 13:12:36,503 : INFO : ConfigProcessor : Loading config from cache: C:\Users\sdona\AppData\Local\Temp\fc1e3f85304c911eb844eb65d36e61be.mpf_cache
2026-01-19 13:12:36,516 : INFO : ConfigProcessor : Loading config from cache: C:\Users\sdona\AppData\Local\Temp\53223d3922288729ee504c1b2a98bb55.mpf_cache
2026-01-19 13:12:36,531 : INFO : ConfigProcessor : Loading config from cache: C:\Users\sdona\AppData\Local\Temp\8d20136ddb274338050d1d1ccc1a5e4f.mpf_cache
2026-01-19 13:12:36,544 : INFO : ConfigProcessor : Loading config from cache: C:\Users\sdona\AppData\Local\Temp\1254d50720d6d5d0da0e84e29cdbaa7a.mpf_cache
2026-01-19 13:12:36,557 : INFO : ConfigProcessor : Loading config from cache: C:\Users\sdona\AppData\Local\Temp\1a7ae31e9f779b1261e3d1eee1831b27.mpf_cache
2026-01-19 13:12:36,572 : INFO : ConfigProcessor : Loading config from cache: C:\Users\sdona\AppData\Local\Temp\8e3ea42c38f2105e0d9462648474c540.mpf_cache
2026-01-19 13:12:36,585 : INFO : ConfigProcessor : Loading config from cache: C:\Users\sdona\AppData\Local\Temp\a61b86d39bcc5a5ea0a5885549542355.mpf_cache
2026-01-19 13:12:36,598 : INFO : ConfigProcessor : Loading config from cache: C:\Users\sdona\AppData\Local\Temp\0be197154604f4b199c224fe0066296a.mpf_cache
2026-01-19 13:12:36,610 : INFO : ConfigProcessor : Loading config from cache: C:\Users\sdona\AppData\Local\Temp\8be1835d379617cb3def36e5084020f6.mpf_cache
2026-01-19 13:12:36,627 : INFO : ConfigProcessor : Loading config from cache: C:\Users\sdona\AppData\Local\Temp\600d86d9f0ce58b92a4c456466b707cc.mpf_cache
2026-01-19 13:12:36,639 : INFO : ConfigProcessor : Loading config from cache: C:\Users\sdona\AppData\Local\Temp\3b8a30babd008550b0699281f52ed27a.mpf_cache
2026-01-19 13:12:36,652 : INFO : ConfigProcessor : Loading config from cache: C:\Users\sdona\AppData\Local\Temp\1605f6efa0d082cac196fbacc374bc42.mpf_cache
2026-01-19 13:12:36,663 : INFO : ConfigProcessor : Loading config from cache: C:\Users\sdona\AppData\Local\Temp\7e2767447a32b13b699b93d64e0ad4e1.mpf_cache
2026-01-19 13:12:36,673 : INFO : ConfigProcessor : Loading config from cache: C:\Users\sdona\AppData\Local\Temp\2afc3d032f598172139245ac02c70f84.mpf_cache
2026-01-19 13:12:36,686 : INFO : ConfigProcessor : Loading config from cache: C:\Users\sdona\AppData\Local\Temp\ec387031d703ca01cd1e512f54ea45a6.mpf_cache
2026-01-19 13:12:36,698 : INFO : ConfigProcessor : Loading config from cache: C:\Users\sdona\AppData\Local\Temp\6060c5cf25a8bbaedfcd18b580aef368.mpf_cache
2026-01-19 13:12:36,708 : INFO : ConfigProcessor : Loading config from cache: C:\Users\sdona\AppData\Local\Temp\62ef5d872b70fca48f955a2e25312807.mpf_cache
2026-01-19 13:12:36,719 : INFO : ConfigProcessor : Loading config from cache: C:\Users\sdona\AppData\Local\Temp\c52aca253ccfb6abe708ff6ee9d67c14.mpf_cache
2026-01-19 13:12:36,729 : INFO : ConfigProcessor : Loading config from cache: C:\Users\sdona\AppData\Local\Temp\f4a78d1a7bce952f8a932d586083fdd8.mpf_cache
2026-01-19 13:12:36,740 : INFO : ConfigProcessor : Loading config from cache: C:\Users\sdona\AppData\Local\Temp\bb94c9c1e15d87765c90f1ffc77705c9.mpf_cache
2026-01-19 13:12:36,752 : INFO : ConfigProcessor : Loading config from cache: C:\Users\sdona\AppData\Local\Temp\9d4ee1bead7c17d1b5b361b9a86c5113.mpf_cache
2026-01-19 13:12:36,765 : INFO : ConfigProcessor : Loading config from cache: C:\Users\sdona\AppData\Local\Temp\9eeb681ca391f55fc1b328483a35afc6.mpf_cache
2026-01-19 13:12:36,780 : INFO : ConfigProcessor : Loading config from cache: C:\Users\sdona\AppData\Local\Temp\019a5133c8eb0a0be84c7200575a8bf2.mpf_cache
2026-01-19 13:12:36,795 : INFO : ConfigProcessor : Loading config from cache: C:\Users\sdona\AppData\Local\Temp\ce0801e7c3c55e24fe9cf2e243ba629e.mpf_cache
2026-01-19 13:12:36,807 : INFO : ConfigProcessor : Loading config from cache: C:\Users\sdona\AppData\Local\Temp\1ecbcaf9f778e10bebb5864384a052b1.mpf_cache
2026-01-19 13:12:36,821 : INFO : ConfigProcessor : Loading config from cache: C:\Users\sdona\AppData\Local\Temp\9b344eb280fe382fefe59edea2f1176a.mpf_cache
2026-01-19 13:12:36,837 : INFO : ConfigProcessor : Loading config from cache: C:\Users\sdona\AppData\Local\Temp\ac821f52899dc68030dd952fdacc88a6.mpf_cache
2026-01-19 13:12:36,849 : INFO : ConfigProcessor : Loading config from cache: C:\Users\sdona\AppData\Local\Temp\6ba912a63b7c348f0f92fd7751916e09.mpf_cache
2026-01-19 13:12:36,863 : INFO : ConfigProcessor : Loading config from cache: C:\Users\sdona\AppData\Local\Temp\dd9dffa1d18960178033f021f1e04e5f.mpf_cache
2026-01-19 13:12:36,875 : INFO : ConfigProcessor : Loading config from cache: C:\Users\sdona\AppData\Local\Temp\5405df938f7ef9af99b1c654cacd899d.mpf_cache
2026-01-19 13:12:36,889 : INFO : ConfigProcessor : Loading config from cache: C:\Users\sdona\AppData\Local\Temp\856582d286ed2569cf4ebe5e0a18a6ab.mpf_cache
2026-01-19 13:12:36,902 : INFO : Machine : Mission Pinball Framework Core Engine v0.80.0.dev11
2026-01-19 13:12:36,902 : INFO : Machine : Command line arguments: {'no_load_cache': False, 'create_config_cache': True, 'bcp': True, 'configfile': ['config.yaml'], 'force_assets_load': False, 'platform_integration_test': False, 'jsonlogging': False, 'logfile': 'logs\\2026-01-19-13-12-35-mpf-PinballLaptop.log', 'pause': False, 'production': False, 'text_ui': True, 'loglevel': 15, 'consoleloglevel': 20, 'force_platform': 'smart_virtual', 'syslog_address': None, 'full_logfile_path': 'C:\\venv\\mpf\\mmmdrop\\logs\\2026-01-19-13-12-35-mpf-PinballLaptop.log'}
2026-01-19 13:12:36,902 : INFO : Machine : MPF path: c:\venv\mpf\Lib\site-packages\mpf
2026-01-19 13:12:36,902 : INFO : Machine : Machine path: C:\venv\mpf\mmmdrop
2026-01-19 13:12:36,902 : INFO : Machine : Platform: win32
2026-01-19 13:12:36,902 : INFO : Machine : Python executable location: c:\venv\mpf\Scripts\python.exe
2026-01-19 13:12:36,902 : INFO : Machine : Python version: 3.13.11 (64-bit)
2026-01-19 13:12:36,904 : INFO : Machine : Initializing MPF...
2026-01-19 13:12:37,085 : INFO : EventManager : Event: ======'machine_var_credits_string'====== Args={'value': 'FREE PLAY', 'prev_value': None, 'change': True}
2026-01-19 13:12:37,137 : INFO : EventManager : Event: ======'machine_var_fast_audio_headphones_volume'====== Args={'value': 10, 'prev_value': None, 'change': True}
2026-01-19 13:12:37,137 : INFO : EventManager : Event: ======'machine_var_fast_audio_main_volume'====== Args={'value': 44, 'prev_value': None, 'change': True}
2026-01-19 13:12:37,137 : INFO : EventManager : Event: ======'machine_var_master_volume'====== Args={'value': 0.65, 'prev_value': None, 'change': True}
2026-01-19 13:12:37,137 : INFO : EventManager : Event: ======'machine_var_player1_score'====== Args={'value': 20544660, 'prev_value': None, 'change': True}
2026-01-19 13:12:37,137 : INFO : EventManager : Event: ======'machine_var_game_just_played'====== Args={'value': 0, 'prev_value': None, 'change': True}
2026-01-19 13:12:37,137 : INFO : EventManager : Event: ======'machine_var_mpf_version'====== Args={'value': 'Mission Pinball Framework v0.80.0.dev11', 'prev_value': None, 'change': True}
2026-01-19 13:12:37,137 : INFO : EventManager : Event: ======'machine_var_mpf_extended_version'====== Args={'value': 'Mission Pinball Framework v0.80.0.dev11, Config version:6, Show version: 6, BCP version:1.1', 'prev_value': None, 'change': True}
2026-01-19 13:12:37,137 : INFO : EventManager : Event: ======'machine_var_python_version'====== Args={'value': '3.13.11', 'prev_value': None, 'change': True}
2026-01-19 13:12:37,178 : INFO : EventManager : Event: ======'machine_var_platform'====== Args={'value': 'Windows-11-10.0.26200-SP0', 'prev_value': None, 'change': True}
2026-01-19 13:12:37,178 : INFO : EventManager : Event: ======'machine_var_platform_system'====== Args={'value': 'Windows', 'prev_value': None, 'change': True}
2026-01-19 13:12:37,178 : INFO : EventManager : Event: ======'machine_var_platform_release'====== Args={'value': '11', 'prev_value': None, 'change': True}
2026-01-19 13:12:37,178 : INFO : EventManager : Event: ======'machine_var_platform_version'====== Args={'value': '10.0.26200', 'prev_value': None, 'change': True}
2026-01-19 13:12:37,178 : INFO : EventManager : Event: ======'machine_var_platform_machine'====== Args={'value': 'AMD64', 'prev_value': None, 'change': True}
2026-01-19 13:12:37,178 : INFO : EventManager : Event: ======'machine_var_log_file_path'====== Args={'value': 'C:\\venv\\mpf\\mmmdrop\\logs\\2026-01-19-13-12-35-mpf-PinballLaptop.log', 'prev_value': None, 'change': True}
2026-01-19 13:12:37,178 : INFO : EventManager : Event: ======'init_phase_1'====== Args={}
2026-01-19 13:12:37,290 : INFO : EventManager : Event: ======'drop_target_bank_three_bank_up'====== Args={}
2026-01-19 13:12:37,292 : INFO : EventManager : Event: ======'init_phase_2'====== Args={}
2026-01-19 13:12:37,292 : INFO : SwitchController : Found active switch: ('3208-0', <Platform.SmartVirtual>) <switch.s_trough1>
2026-01-19 13:12:37,292 : INFO : SwitchController : Found active switch: ('3208-1', <Platform.SmartVirtual>) <switch.s_trough2>
2026-01-19 13:12:37,292 : INFO : SwitchController : Found active switch: ('3208-2', <Platform.SmartVirtual>) <switch.s_trough3>
2026-01-19 13:12:37,292 : INFO : SwitchController : Found active switch: ('3208-3', <Platform.SmartVirtual>) <switch.s_trough4>
2026-01-19 13:12:37,292 : INFO : SwitchController : Found active switch: ('3208-4', <Platform.SmartVirtual>) <switch.s_trough5>
2026-01-19 13:12:37,292 : INFO : SwitchController : Found active switch: ('3208-5', <Platform.SmartVirtual>) <switch.s_trough6>
2026-01-19 13:12:37,352 : INFO : EventManager : Event: ======'machine_var_score1_label'====== Args={'value': 'GRAND CHAMPION', 'prev_value': None, 'change': True}
2026-01-19 13:12:37,352 : INFO : EventManager : Event: ======'machine_var_score1_name'====== Args={'value': 'MCA', 'prev_value': None, 'change': True}
2026-01-19 13:12:37,352 : INFO : EventManager : Event: ======'machine_var_score1_value'====== Args={'value': 300000000, 'prev_value': None, 'change': True}
2026-01-19 13:12:37,352 : INFO : EventManager : Event: ======'machine_var_score2_label'====== Args={'value': 'HIGH SCORE 1', 'prev_value': None, 'change': True}
2026-01-19 13:12:37,352 : INFO : EventManager : Event: ======'machine_var_score2_name'====== Args={'value': 'ADR', 'prev_value': None, 'change': True}
2026-01-19 13:12:37,353 : INFO : EventManager : Event: ======'machine_var_score2_value'====== Args={'value': 250000000, 'prev_value': None, 'change': True}
2026-01-19 13:12:37,353 : INFO : EventManager : Event: ======'machine_var_score3_label'====== Args={'value': 'HIGH SCORE 2', 'prev_value': None, 'change': True}
2026-01-19 13:12:37,353 : INFO : EventManager : Event: ======'machine_var_score3_name'====== Args={'value': 'MIK', 'prev_value': None, 'change': True}
2026-01-19 13:12:37,353 : INFO : EventManager : Event: ======'machine_var_score3_value'====== Args={'value': 200000000, 'prev_value': None, 'change': True}
2026-01-19 13:12:37,353 : INFO : EventManager : Event: ======'machine_var_score4_label'====== Args={'value': 'HIGH SCORE 3', 'prev_value': None, 'change': True}
2026-01-19 13:12:37,353 : INFO : EventManager : Event: ======'machine_var_score4_name'====== Args={'value': 'MMM', 'prev_value': None, 'change': True}
2026-01-19 13:12:37,353 : INFO : EventManager : Event: ======'machine_var_score4_value'====== Args={'value': 150000000, 'prev_value': None, 'change': True}
2026-01-19 13:12:37,353 : INFO : EventManager : Event: ======'machine_var_score5_label'====== Args={'value': 'HIGH SCORE 4', 'prev_value': None, 'change': True}
2026-01-19 13:12:37,353 : INFO : EventManager : Event: ======'machine_var_score5_name'====== Args={'value': 'DJH', 'prev_value': None, 'change': True}
2026-01-19 13:12:37,353 : INFO : EventManager : Event: ======'machine_var_score5_value'====== Args={'value': 100000000, 'prev_value': None, 'change': True}
2026-01-19 13:12:37,353 : INFO : EventManager : Event: ======'machine_var_multiball_chcheckitout_score1_label'====== Args={'value': 'CH-CHECK IT OUT MULTIBALL CHAMPION', 'prev_value': None, 'change': True}
2026-01-19 13:12:37,353 : INFO : EventManager : Event: ======'machine_var_multiball_chcheckitout_score1_name'====== Args={'value': 'MCA', 'prev_value': None, 'change': True}
2026-01-19 13:12:37,353 : INFO : EventManager : Event: ======'machine_var_multiball_chcheckitout_score1_value'====== Args={'value': 10000000, 'prev_value': None, 'change': True}
2026-01-19 13:12:37,353 : INFO : EventManager : Event: ======'machine_var_multiball_bodymovin_score1_label'====== Args={'value': "BODY MOVIN' MULTIBALL CHAMPION", 'prev_value': None, 'change': True}
2026-01-19 13:12:37,353 : INFO : EventManager : Event: ======'machine_var_multiball_bodymovin_score1_name'====== Args={'value': 'MIK', 'prev_value': None, 'change': True}
2026-01-19 13:12:37,353 : INFO : EventManager : Event: ======'machine_var_multiball_bodymovin_score1_value'====== Args={'value': 10000000, 'prev_value': None, 'change': True}
2026-01-19 13:12:37,353 : INFO : EventManager : Event: ======'machine_var_mode_fingerlickingood_score1_label'====== Args={'value': "FINGER LICKIN' GOOD CHAMPION", 'prev_value': None, 'change': True}
2026-01-19 13:12:37,353 : INFO : EventManager : Event: ======'machine_var_mode_fingerlickingood_score1_name'====== Args={'value': 'DJH', 'prev_value': None, 'change': True}
2026-01-19 13:12:37,353 : INFO : EventManager : Event: ======'machine_var_mode_fingerlickingood_score1_value'====== Args={'value': 5000000, 'prev_value': None, 'change': True}
2026-01-19 13:12:37,353 : INFO : EventManager : Event: ======'machine_var_mode_highplainsdrifter_score1_label'====== Args={'value': 'HIGH PLAINS DRIFTER CHAMPION', 'prev_value': None, 'change': True}
2026-01-19 13:12:37,354 : INFO : EventManager : Event: ======'machine_var_mode_highplainsdrifter_score1_name'====== Args={'value': 'SLDZZ', 'prev_value': None, 'change': True}
2026-01-19 13:12:37,354 : INFO : EventManager : Event: ======'machine_var_mode_highplainsdrifter_score1_value'====== Args={'value': 13500000, 'prev_value': None, 'change': True}
2026-01-19 13:12:37,354 : INFO : EventManager : Event: ======'machine_var_mode_intergalactic_score1_label'====== Args={'value': 'INTERGALACTIC CHAMPION', 'prev_value': None, 'change': True}
2026-01-19 13:12:37,354 : INFO : EventManager : Event: ======'machine_var_mode_intergalactic_score1_name'====== Args={'value': 'MIK', 'prev_value': None, 'change': True}
2026-01-19 13:12:37,354 : INFO : EventManager : Event: ======'machine_var_mode_intergalactic_score1_value'====== Args={'value': 5000000, 'prev_value': None, 'change': True}
2026-01-19 13:12:37,354 : INFO : EventManager : Event: ======'machine_var_mode_paulrevere_score1_label'====== Args={'value': 'PAUL REVERE CHAMPION', 'prev_value': None, 'change': True}
2026-01-19 13:12:37,354 : INFO : EventManager : Event: ======'machine_var_mode_paulrevere_score1_name'====== Args={'value': 'AAA', 'prev_value': None, 'change': True}
2026-01-19 13:12:37,354 : INFO : EventManager : Event: ======'machine_var_mode_paulrevere_score1_value'====== Args={'value': 26000000, 'prev_value': None, 'change': True}
2026-01-19 13:12:37,354 : INFO : EventManager : Event: ======'machine_var_mode_sabotage_score1_label'====== Args={'value': 'SABOTAGE CHAMPION', 'prev_value': None, 'change': True}
2026-01-19 13:12:37,354 : INFO : EventManager : Event: ======'machine_var_mode_sabotage_score1_name'====== Args={'value': 'MIK', 'prev_value': None, 'change': True}
2026-01-19 13:12:37,354 : INFO : EventManager : Event: ======'machine_var_mode_sabotage_score1_value'====== Args={'value': 5000000, 'prev_value': None, 'change': True}
2026-01-19 13:12:37,354 : INFO : EventManager : Event: ======'machine_var_mode_threemcsand1dj_score1_label'====== Args={'value': "3 MC'S AND 1 DJ CHAMPION", 'prev_value': None, 'change': True}
2026-01-19 13:12:37,354 : INFO : EventManager : Event: ======'machine_var_mode_threemcsand1dj_score1_name'====== Args={'value': 'MMM', 'prev_value': None, 'change': True}
2026-01-19 13:12:37,354 : INFO : EventManager : Event: ======'machine_var_mode_threemcsand1dj_score1_value'====== Args={'value': 5000000, 'prev_value': None, 'change': True}
2026-01-19 13:12:37,354 : INFO : EventManager : Event: ======'machine_var_mode_toomanyrappers_score1_label'====== Args={'value': 'TOO MANY RAPPERS CHAMPION', 'prev_value': None, 'change': True}
2026-01-19 13:12:37,354 : INFO : EventManager : Event: ======'machine_var_mode_toomanyrappers_score1_name'====== Args={'value': 'SLD', 'prev_value': None, 'change': True}
2026-01-19 13:12:37,354 : INFO : EventManager : Event: ======'machine_var_mode_toomanyrappers_score1_value'====== Args={'value': 5100000, 'prev_value': None, 'change': True}
2026-01-19 13:12:37,354 : INFO : EventManager : Event: ======'machine_var_mode_tripletrouble_score1_label'====== Args={'value': 'TRIPLE TROUBLE CHAMPION', 'prev_value': None, 'change': True}
2026-01-19 13:12:37,354 : INFO : EventManager : Event: ======'machine_var_mode_tripletrouble_score1_name'====== Args={'value': 'MCA', 'prev_value': None, 'change': True}
2026-01-19 13:12:37,354 : INFO : EventManager : Event: ======'machine_var_mode_tripletrouble_score1_value'====== Args={'value': 5000000, 'prev_value': None, 'change': True}
2026-01-19 13:12:37,354 : INFO : EventManager : Event: ======'machine_var_mode_makesomenoise_score1_label'====== Args={'value': 'MAKE SOME NOISE CHAMPION', 'prev_value': None, 'change': True}
2026-01-19 13:12:37,355 : INFO : EventManager : Event: ======'machine_var_mode_makesomenoise_score1_name'====== Args={'value': 'MIK', 'prev_value': None, 'change': True}
2026-01-19 13:12:37,355 : INFO : EventManager : Event: ======'machine_var_mode_makesomenoise_score1_value'====== Args={'value': 5000000, 'prev_value': None, 'change': True}
2026-01-19 13:12:37,355 : INFO : EventManager : Event: ======'bcp_connection_attempt'====== Args={'name': 'local_display', 'host': 'localhost', 'port': 5050}
2026-01-19 13:12:37,358 : INFO : BCPClientSocket : Connecting BCP to 'local_display' at localhost:5050...
2026-01-19 13:13:21,706 : INFO : BCPClientSocket : Connected BCP to 'local_display' localhost:5050
2026-01-19 13:13:21,707 : INFO : EventManager : Event: ======'bcp_clients_connected'====== Args={}
2026-01-19 13:13:21,707 : INFO : ball_device.bd_trough : BCH: Initial count: 6
2026-01-19 13:13:21,708 : INFO : ball_device.bd_trough : State: idle
2026-01-19 13:13:21,708 : INFO : ball_device.bd_plunger : BCH: Initial count: 0
2026-01-19 13:13:21,709 : INFO : ball_device.bd_plunger : State: idle
2026-01-19 13:13:21,709 : INFO : ball_device.bd_scoop : BCH: Initial count: 0
2026-01-19 13:13:21,709 : INFO : ball_device.bd_scoop : State: idle
2026-01-19 13:13:21,751 : INFO : EventManager : Event: ======'init_phase_3'====== Args={}
2026-01-19 13:13:21,796 : INFO : EventManager : Event: ======'init_phase_4'====== Args={}
2026-01-19 13:13:21,796 : INFO : BallController : Initial balls found: 6
2026-01-19 13:13:21,798 : INFO : EventManager : Event: ======'machine_var_audits_events_game_ended'====== Args={'value': 69, 'prev_value': None, 'change': True}
2026-01-19 13:13:21,798 : INFO : EventManager : Event: ======'machine_var_audits_events_game_started'====== Args={'value': 929, 'prev_value': None, 'change': True}
2026-01-19 13:13:21,798 : INFO : EventManager : Event: ======'machine_var_audits_missing_switches_s_captive_ball'====== Args={'value': 3, 'prev_value': None, 'change': True}
2026-01-19 13:13:21,798 : INFO : EventManager : Event: ======'machine_var_audits_missing_switches_s_center_upper_pop'====== Args={'value': 70, 'prev_value': None, 'change': True}
2026-01-19 13:13:21,799 : INFO : EventManager : Event: ======'machine_var_audits_missing_switches_s_inner_orbit'====== Args={'value': 2, 'prev_value': None, 'change': True}
2026-01-19 13:13:21,799 : INFO : EventManager : Event: ======'machine_var_audits_missing_switches_s_left_flipper'====== Args={'value': 2, 'prev_value': None, 'change': True}
2026-01-19 13:13:21,799 : INFO : EventManager : Event: ======'machine_var_audits_missing_switches_s_left_inlane'====== Args={'value': 9, 'prev_value': None, 'change': True}
2026-01-19 13:13:21,799 : INFO : EventManager : Event: ======'machine_var_audits_missing_switches_s_left_orbit'====== Args={'value': 2, 'prev_value': None, 'change': True}
2026-01-19 13:13:21,799 : INFO : EventManager : Event: ======'machine_var_audits_missing_switches_s_left_outlane'====== Args={'value': 95, 'prev_value': None, 'change': True}
2026-01-19 13:13:21,799 : INFO : EventManager : Event: ======'machine_var_audits_missing_switches_s_left_ramp'====== Args={'value': 2, 'prev_value': None, 'change': True}
2026-01-19 13:13:21,799 : INFO : EventManager : Event: ======'machine_var_audits_missing_switches_s_left_slingshot'====== Args={'value': 167, 'prev_value': None, 'change': True}
2026-01-19 13:13:21,799 : INFO : EventManager : Event: ======'machine_var_audits_missing_switches_s_left_upper_pop'====== Args={'value': 70, 'prev_value': None, 'change': True}
2026-01-19 13:13:21,799 : INFO : EventManager : Event: ======'machine_var_audits_missing_switches_s_pop_standup'====== Args={'value': 20, 'prev_value': None, 'change': True}
2026-01-19 13:13:21,799 : INFO : EventManager : Event: ======'machine_var_audits_missing_switches_s_right_flipper'====== Args={'value': 2, 'prev_value': None, 'change': True}
2026-01-19 13:13:21,799 : INFO : EventManager : Event: ======'machine_var_audits_missing_switches_s_right_inlane'====== Args={'value': 95, 'prev_value': None, 'change': True}
2026-01-19 13:13:21,799 : INFO : EventManager : Event: ======'machine_var_audits_missing_switches_s_right_lower_pop'====== Args={'value': 1, 'prev_value': None, 'change': True}
2026-01-19 13:13:21,799 : INFO : EventManager : Event: ======'machine_var_audits_missing_switches_s_right_orbit'====== Args={'value': 2, 'prev_value': None, 'change': True}
2026-01-19 13:13:21,799 : INFO : EventManager : Event: ======'machine_var_audits_missing_switches_s_right_outlane'====== Args={'value': 239, 'prev_value': None, 'change': True}
2026-01-19 13:13:21,799 : INFO : EventManager : Event: ======'machine_var_audits_missing_switches_s_right_ramp'====== Args={'value': 2, 'prev_value': None, 'change': True}
2026-01-19 13:13:21,799 : INFO : EventManager : Event: ======'machine_var_audits_missing_switches_s_right_slingshot'====== Args={'value': 705, 'prev_value': None, 'change': True}
2026-01-19 13:13:21,800 : INFO : EventManager : Event: ======'machine_var_audits_missing_switches_s_scoop'====== Args={'value': 1, 'prev_value': None, 'change': True}
2026-01-19 13:13:21,800 : INFO : EventManager : Event: ======'machine_var_audits_missing_switches_s_service_down'====== Args={'value': 574, 'prev_value': None, 'change': True}
2026-01-19 13:13:21,800 : INFO : EventManager : Event: ======'machine_var_audits_missing_switches_s_service_enter'====== Args={'value': 323, 'prev_value': None, 'change': True}
2026-01-19 13:13:21,800 : INFO : EventManager : Event: ======'machine_var_audits_missing_switches_s_service_esc'====== Args={'value': 574, 'prev_value': None, 'change': True}
2026-01-19 13:13:21,800 : INFO : EventManager : Event: ======'machine_var_audits_missing_switches_s_service_up'====== Args={'value': 142, 'prev_value': None, 'change': True}
2026-01-19 13:13:21,800 : INFO : EventManager : Event: ======'machine_var_audits_missing_switches_s_spinner'====== Args={'value': 7, 'prev_value': None, 'change': True}
2026-01-19 13:13:21,800 : INFO : EventManager : Event: ======'machine_var_audits_missing_switches_s_start'====== Args={'value': 2, 'prev_value': None, 'change': True}
2026-01-19 13:13:21,800 : INFO : EventManager : Event: ======'machine_var_audits_missing_switches_s_three_bank_bottom'====== Args={'value': 2, 'prev_value': None, 'change': True}
2026-01-19 13:13:21,800 : INFO : EventManager : Event: ======'machine_var_audits_missing_switches_s_three_bank_middle'====== Args={'value': 2, 'prev_value': None, 'change': True}
2026-01-19 13:13:21,800 : INFO : EventManager : Event: ======'machine_var_audits_missing_switches_s_three_bank_standup'====== Args={'value': 2, 'prev_value': None, 'change': True}
2026-01-19 13:13:21,800 : INFO : EventManager : Event: ======'machine_var_audits_missing_switches_s_tilt_bob'====== Args={'value': 17, 'prev_value': None, 'change': True}
2026-01-19 13:13:21,800 : INFO : EventManager : Event: ======'machine_var_audits_missing_switches_s_top_right_flipper'====== Args={'value': 855, 'prev_value': None, 'change': True}
2026-01-19 13:13:21,800 : INFO : EventManager : Event: ======'machine_var_audits_missing_switches_s_trough1'====== Args={'value': 2, 'prev_value': None, 'change': True}
2026-01-19 13:13:21,800 : INFO : EventManager : Event: ======'machine_var_audits_missing_switches_s_trough2'====== Args={'value': 2, 'prev_value': None, 'change': True}
2026-01-19 13:13:21,800 : INFO : EventManager : Event: ======'machine_var_audits_missing_switches_s_trough3'====== Args={'value': 2, 'prev_value': None, 'change': True}
2026-01-19 13:13:21,800 : INFO : EventManager : Event: ======'machine_var_audits_missing_switches_s_trough4'====== Args={'value': 87, 'prev_value': None, 'change': True}
2026-01-19 13:13:21,801 : INFO : EventManager : Event: ======'machine_var_audits_missing_switches_s_trough5'====== Args={'value': 172, 'prev_value': None, 'change': True}
2026-01-19 13:13:21,801 : INFO : EventManager : Event: ======'machine_var_audits_missing_switches_s_trough6'====== Args={'value': 704, 'prev_value': None, 'change': True}
2026-01-19 13:13:21,801 : INFO : EventManager : Event: ======'machine_var_audits_missing_switches_s_trough_jam'====== Args={'value': 855, 'prev_value': None, 'change': True}
2026-01-19 13:13:21,801 : INFO : EventManager : Event: ======'machine_var_audits_missing_switches_s_tshirt_bottom_standup'====== Args={'value': 10, 'prev_value': None, 'change': True}
2026-01-19 13:13:21,801 : INFO : EventManager : Event: ======'machine_var_audits_missing_switches_s_tshirt_top_standup'====== Args={'value': 10, 'prev_value': None, 'change': True}
2026-01-19 13:13:21,801 : INFO : EventManager : Event: ======'machine_var_audits_missing_switches_s_upper_pop_standup'====== Args={'value': 123, 'prev_value': None, 'change': True}
2026-01-19 13:13:21,801 : INFO : EventManager : Event: ======'machine_var_audits_missing_switches_service_esc'====== Args={'value': 1, 'prev_value': None, 'change': True}
2026-01-19 13:13:21,801 : INFO : EventManager : Event: ======'machine_var_audits_player_score'====== Args={'value': {'average': 11815404, 'top': [179589170, 147275560, 142237180, 85092890, 38155360, 33548870, 32035610, 27846870, 25030460, 20544660], 'total': 73}, 'prev_value': None, 'change': True}
2026-01-19 13:13:21,801 : INFO : EventManager : Event: ======'machine_var_audits_shots_bottom_drop'====== Args={'value': 174, 'prev_value': None, 'change': True}
2026-01-19 13:13:21,801 : INFO : EventManager : Event: ======'machine_var_audits_shots_captive_ball'====== Args={'value': 96, 'prev_value': None, 'change': True}
2026-01-19 13:13:21,801 : INFO : EventManager : Event: ======'machine_var_audits_shots_inner_loop'====== Args={'value': 85, 'prev_value': None, 'change': True}
2026-01-19 13:13:21,801 : INFO : EventManager : Event: ======'machine_var_audits_shots_inner_loop_backdoor'====== Args={'value': 1, 'prev_value': None, 'change': True}
2026-01-19 13:13:21,801 : INFO : EventManager : Event: ======'machine_var_audits_shots_left_inlane'====== Args={'value': 44, 'prev_value': None, 'change': True}
2026-01-19 13:13:21,801 : INFO : EventManager : Event: ======'machine_var_audits_shots_left_orbit'====== Args={'value': 164, 'prev_value': None, 'change': True}
2026-01-19 13:13:21,801 : INFO : EventManager : Event: ======'machine_var_audits_shots_left_orbit_backdoor'====== Args={'value': 11, 'prev_value': None, 'change': True}
2026-01-19 13:13:21,802 : INFO : EventManager : Event: ======'machine_var_audits_shots_left_outlane'====== Args={'value': 31, 'prev_value': None, 'change': True}
2026-01-19 13:13:21,802 : INFO : EventManager : Event: ======'machine_var_audits_shots_left_ramp'====== Args={'value': 479, 'prev_value': None, 'change': True}
2026-01-19 13:13:21,802 : INFO : EventManager : Event: ======'machine_var_audits_shots_middle_drop'====== Args={'value': 195, 'prev_value': None, 'change': True}
2026-01-19 13:13:21,802 : INFO : EventManager : Event: ======'machine_var_audits_shots_pop1'====== Args={'value': 38, 'prev_value': None, 'change': True}
2026-01-19 13:13:21,802 : INFO : EventManager : Event: ======'machine_var_audits_shots_pop2'====== Args={'value': 77, 'prev_value': None, 'change': True}
2026-01-19 13:13:21,802 : INFO : EventManager : Event: ======'machine_var_audits_shots_pop3'====== Args={'value': 1097, 'prev_value': None, 'change': True}
2026-01-19 13:13:21,802 : INFO : EventManager : Event: ======'machine_var_audits_shots_pop_standup'====== Args={'value': 491, 'prev_value': None, 'change': True}
2026-01-19 13:13:21,802 : INFO : EventManager : Event: ======'machine_var_audits_shots_right_inlane'====== Args={'value': 36, 'prev_value': None, 'change': True}
2026-01-19 13:13:21,802 : INFO : EventManager : Event: ======'machine_var_audits_shots_right_orbit'====== Args={'value': 167, 'prev_value': None, 'change': True}
2026-01-19 13:13:21,802 : INFO : EventManager : Event: ======'machine_var_audits_shots_right_orbit_backdoor'====== Args={'value': 6, 'prev_value': None, 'change': True}
2026-01-19 13:13:21,802 : INFO : EventManager : Event: ======'machine_var_audits_shots_right_outlane'====== Args={'value': 22, 'prev_value': None, 'change': True}
2026-01-19 13:13:21,802 : INFO : EventManager : Event: ======'machine_var_audits_shots_right_ramp'====== Args={'value': 767, 'prev_value': None, 'change': True}
2026-01-19 13:13:21,802 : INFO : EventManager : Event: ======'machine_var_audits_shots_scoop'====== Args={'value': 653, 'prev_value': None, 'change': True}
2026-01-19 13:13:21,802 : INFO : EventManager : Event: ======'machine_var_audits_shots_skill_captive'====== Args={'value': 16, 'prev_value': None, 'change': True}
2026-01-19 13:13:21,802 : INFO : EventManager : Event: ======'machine_var_audits_shots_skill_drop_targets'====== Args={'value': 240, 'prev_value': None, 'change': True}
2026-01-19 13:13:21,802 : INFO : EventManager : Event: ======'machine_var_audits_shots_skill_side_targets'====== Args={'value': 27, 'prev_value': None, 'change': True}
2026-01-19 13:13:21,803 : INFO : EventManager : Event: ======'machine_var_audits_shots_skillshot_drop_targets'====== Args={'value': 506, 'prev_value': None, 'change': True}
2026-01-19 13:13:21,803 : INFO : EventManager : Event: ======'machine_var_audits_shots_skillshot_hideout_plunge'====== Args={'value': 1, 'prev_value': None, 'change': True}
2026-01-19 13:13:21,803 : INFO : EventManager : Event: ======'machine_var_audits_shots_skillshot_left_outlane'====== Args={'value': 3, 'prev_value': None, 'change': True}
2026-01-19 13:13:21,803 : INFO : EventManager : Event: ======'machine_var_audits_shots_skillshot_lower_pop'====== Args={'value': 1, 'prev_value': None, 'change': True}
2026-01-19 13:13:21,803 : INFO : EventManager : Event: ======'machine_var_audits_shots_skillshot_side_targets'====== Args={'value': 11, 'prev_value': None, 'change': True}
2026-01-19 13:13:21,803 : INFO : EventManager : Event: ======'machine_var_audits_shots_skillshot_super'====== Args={'value': 5, 'prev_value': None, 'change': True}
2026-01-19 13:13:21,803 : INFO : EventManager : Event: ======'machine_var_audits_shots_spinner'====== Args={'value': 2333, 'prev_value': None, 'change': True}
2026-01-19 13:13:21,803 : INFO : EventManager : Event: ======'machine_var_audits_shots_three_bank_standup'====== Args={'value': 88, 'prev_value': None, 'change': True}
2026-01-19 13:13:21,803 : INFO : EventManager : Event: ======'machine_var_audits_shots_toomanyrappers_captiveball'====== Args={'value': 3, 'prev_value': None, 'change': True}
2026-01-19 13:13:21,803 : INFO : EventManager : Event: ======'machine_var_audits_shots_toomanyrappers_leftorbit'====== Args={'value': 8, 'prev_value': None, 'change': True}
2026-01-19 13:13:21,803 : INFO : EventManager : Event: ======'machine_var_audits_shots_toomanyrappers_leftramp'====== Args={'value': 2, 'prev_value': None, 'change': True}
2026-01-19 13:13:21,803 : INFO : EventManager : Event: ======'machine_var_audits_shots_toomanyrappers_rightorbit'====== Args={'value': 27, 'prev_value': None, 'change': True}
2026-01-19 13:13:21,803 : INFO : EventManager : Event: ======'machine_var_audits_shots_toomanyrappers_rightramp'====== Args={'value': 68, 'prev_value': None, 'change': True}
2026-01-19 13:13:21,803 : INFO : EventManager : Event: ======'machine_var_audits_shots_toomanyrappers_scoop'====== Args={'value': 22, 'prev_value': None, 'change': True}
2026-01-19 13:13:21,803 : INFO : EventManager : Event: ======'machine_var_audits_shots_top_drop'====== Args={'value': 562, 'prev_value': None, 'change': True}
2026-01-19 13:13:21,803 : INFO : EventManager : Event: ======'machine_var_audits_shots_tshirt_bottom_standup'====== Args={'value': 117, 'prev_value': None, 'change': True}
2026-01-19 13:13:21,804 : INFO : EventManager : Event: ======'machine_var_audits_shots_tshirt_top_standup'====== Args={'value': 122, 'prev_value': None, 'change': True}
2026-01-19 13:13:21,804 : INFO : EventManager : Event: ======'machine_var_audits_shots_upper_pop_standup'====== Args={'value': 38, 'prev_value': None, 'change': True}
2026-01-19 13:13:21,804 : INFO : EventManager : Event: ======'machine_var_audits_switches_s_captive_ball'====== Args={'value': 303, 'prev_value': None, 'change': True}
2026-01-19 13:13:21,804 : INFO : EventManager : Event: ======'machine_var_audits_switches_s_center_upper_pop'====== Args={'value': 314, 'prev_value': None, 'change': True}
2026-01-19 13:13:21,804 : INFO : EventManager : Event: ======'machine_var_audits_switches_s_inner_orbit'====== Args={'value': 98, 'prev_value': None, 'change': True}
2026-01-19 13:13:21,804 : INFO : EventManager : Event: ======'machine_var_audits_switches_s_left_flipper'====== Args={'value': 1732, 'prev_value': None, 'change': True}
2026-01-19 13:13:21,804 : INFO : EventManager : Event: ======'machine_var_audits_switches_s_left_inlane'====== Args={'value': 155, 'prev_value': None, 'change': True}
2026-01-19 13:13:21,804 : INFO : EventManager : Event: ======'machine_var_audits_switches_s_left_orbit'====== Args={'value': 359, 'prev_value': None, 'change': True}
2026-01-19 13:13:21,804 : INFO : EventManager : Event: ======'machine_var_audits_switches_s_left_outlane'====== Args={'value': 88, 'prev_value': None, 'change': True}
2026-01-19 13:13:21,804 : INFO : EventManager : Event: ======'machine_var_audits_switches_s_left_ramp'====== Args={'value': 619, 'prev_value': None, 'change': True}
2026-01-19 13:13:21,804 : INFO : EventManager : Event: ======'machine_var_audits_switches_s_left_slingshot'====== Args={'value': 260, 'prev_value': None, 'change': True}
2026-01-19 13:13:21,804 : INFO : EventManager : Event: ======'machine_var_audits_switches_s_left_upper_pop'====== Args={'value': 211, 'prev_value': None, 'change': True}
2026-01-19 13:13:21,804 : INFO : EventManager : Event: ======'machine_var_audits_switches_s_plunger'====== Args={'value': 2054, 'prev_value': None, 'change': True}
2026-01-19 13:13:21,804 : INFO : EventManager : Event: ======'machine_var_audits_switches_s_pop_standup'====== Args={'value': 615, 'prev_value': None, 'change': True}
2026-01-19 13:13:21,804 : INFO : EventManager : Event: ======'machine_var_audits_switches_s_right_flipper'====== Args={'value': 2614, 'prev_value': None, 'change': True}
2026-01-19 13:13:21,804 : INFO : EventManager : Event: ======'machine_var_audits_switches_s_right_inlane'====== Args={'value': 144, 'prev_value': None, 'change': True}
2026-01-19 13:13:21,805 : INFO : EventManager : Event: ======'machine_var_audits_switches_s_right_lower_pop'====== Args={'value': 1880, 'prev_value': None, 'change': True}
2026-01-19 13:13:21,805 : INFO : EventManager : Event: ======'machine_var_audits_switches_s_right_orbit'====== Args={'value': 452, 'prev_value': None, 'change': True}
2026-01-19 13:13:21,805 : INFO : EventManager : Event: ======'machine_var_audits_switches_s_right_outlane'====== Args={'value': 75, 'prev_value': None, 'change': True}
2026-01-19 13:13:21,805 : INFO : EventManager : Event: ======'machine_var_audits_switches_s_right_ramp'====== Args={'value': 934, 'prev_value': None, 'change': True}
2026-01-19 13:13:21,805 : INFO : EventManager : Event: ======'machine_var_audits_switches_s_right_slingshot'====== Args={'value': 366, 'prev_value': None, 'change': True}
2026-01-19 13:13:21,805 : INFO : EventManager : Event: ======'machine_var_audits_switches_s_scoop'====== Args={'value': 998, 'prev_value': None, 'change': True}
2026-01-19 13:13:21,805 : INFO : EventManager : Event: ======'machine_var_audits_switches_s_service_down'====== Args={'value': 0, 'prev_value': None, 'change': True}
2026-01-19 13:13:21,805 : INFO : EventManager : Event: ======'machine_var_audits_switches_s_service_enter'====== Args={'value': 1, 'prev_value': None, 'change': True}
2026-01-19 13:13:21,805 : INFO : EventManager : Event: ======'machine_var_audits_switches_s_service_esc'====== Args={'value': 0, 'prev_value': None, 'change': True}
2026-01-19 13:13:21,812 : INFO : EventManager : Event: ======'machine_var_audits_switches_s_service_up'====== Args={'value': 3, 'prev_value': None, 'change': True}
2026-01-19 13:13:21,812 : INFO : EventManager : Event: ======'machine_var_audits_switches_s_spinner'====== Args={'value': 4393, 'prev_value': None, 'change': True}
2026-01-19 13:13:21,812 : INFO : EventManager : Event: ======'machine_var_audits_switches_s_start'====== Args={'value': 102, 'prev_value': None, 'change': True}
2026-01-19 13:13:21,812 : INFO : EventManager : Event: ======'machine_var_audits_switches_s_three_bank_bottom'====== Args={'value': 668, 'prev_value': None, 'change': True}
2026-01-19 13:13:21,812 : INFO : EventManager : Event: ======'machine_var_audits_switches_s_three_bank_middle'====== Args={'value': 730, 'prev_value': None, 'change': True}
2026-01-19 13:13:21,812 : INFO : EventManager : Event: ======'machine_var_audits_switches_s_three_bank_standup'====== Args={'value': 330, 'prev_value': None, 'change': True}
2026-01-19 13:13:21,813 : INFO : EventManager : Event: ======'machine_var_audits_switches_s_three_bank_top'====== Args={'value': 1101, 'prev_value': None, 'change': True}
2026-01-19 13:13:21,813 : INFO : EventManager : Event: ======'machine_var_audits_switches_s_tilt_bob'====== Args={'value': 62, 'prev_value': None, 'change': True}
2026-01-19 13:13:21,813 : INFO : EventManager : Event: ======'machine_var_audits_switches_s_top_right_flipper'====== Args={'value': 1294, 'prev_value': None, 'change': True}
2026-01-19 13:13:21,813 : INFO : EventManager : Event: ======'machine_var_audits_switches_s_trough1'====== Args={'value': 549, 'prev_value': None, 'change': True}
2026-01-19 13:13:21,813 : INFO : EventManager : Event: ======'machine_var_audits_switches_s_trough2'====== Args={'value': 380, 'prev_value': None, 'change': True}
2026-01-19 13:13:21,813 : INFO : EventManager : Event: ======'machine_var_audits_switches_s_trough3'====== Args={'value': 304, 'prev_value': None, 'change': True}
2026-01-19 13:13:21,813 : INFO : EventManager : Event: ======'machine_var_audits_switches_s_trough4'====== Args={'value': 189, 'prev_value': None, 'change': True}
2026-01-19 13:13:21,813 : INFO : EventManager : Event: ======'machine_var_audits_switches_s_trough5'====== Args={'value': 162, 'prev_value': None, 'change': True}
2026-01-19 13:13:21,813 : INFO : EventManager : Event: ======'machine_var_audits_switches_s_trough6'====== Args={'value': 161, 'prev_value': None, 'change': True}
2026-01-19 13:13:21,813 : INFO : EventManager : Event: ======'machine_var_audits_switches_s_trough_jam'====== Args={'value': 206, 'prev_value': None, 'change': True}
2026-01-19 13:13:21,813 : INFO : EventManager : Event: ======'machine_var_audits_switches_s_tshirt_bottom_standup'====== Args={'value': 169, 'prev_value': None, 'change': True}
2026-01-19 13:13:21,813 : INFO : EventManager : Event: ======'machine_var_audits_switches_s_tshirt_top_standup'====== Args={'value': 203, 'prev_value': None, 'change': True}
2026-01-19 13:13:21,813 : INFO : EventManager : Event: ======'machine_var_audits_switches_s_upper_pop_standup'====== Args={'value': 212, 'prev_value': None, 'change': True}
2026-01-19 13:13:21,813 : INFO : EventManager : Event: ======'machine_var_audits_switches_service_down'====== Args={'value': 1, 'prev_value': None, 'change': True}
2026-01-19 13:13:21,813 : INFO : EventManager : Event: ======'machine_var_audits_switches_service_enter'====== Args={'value': 2, 'prev_value': None, 'change': True}
2026-01-19 13:13:21,813 : INFO : EventManager : Event: ======'machine_var_audits_switches_service_esc'====== Args={'value': 0, 'prev_value': None, 'change': True}
2026-01-19 13:13:21,814 : INFO : EventManager : Event: ======'machine_var_audits_switches_service_up'====== Args={'value': 2, 'prev_value': None, 'change': True}
2026-01-19 13:13:21,814 : INFO : EventManager : Event: ======'init_phase_5'====== Args={}
2026-01-19 13:13:21,815 : INFO : EventManager : Event: ======'init_done'====== Args={}
2026-01-19 13:13:21,816 : INFO : EventManager : Event: ======'machine_reset_phase_1'====== Args={}
2026-01-19 13:13:21,829 : INFO : EventManager : Event: ======'machine_reset_phase_2'====== Args={}
2026-01-19 13:13:21,829 : INFO : EventManager : Event: ======'game_just_played'====== Args={'priority': 0, 'action': 'set_machine', 'int': 0}
2026-01-19 13:13:21,829 : INFO : EventManager : Event: ======'machine_reset_phase_3'====== Args={}
2026-01-19 13:13:21,830 : INFO : drop_target_bank.three_bank : All targets are already up. Will not reset bank.
2026-01-19 13:13:21,830 : INFO : EventManager : Event: ======'reset_complete'====== Args={}
2026-01-19 13:13:21,830 : INFO : EventManager : Event: ======'mode_service_will_start'====== Args={}
2026-01-19 13:13:21,831 : INFO : EventManager : Event: ======'mode_service_starting'====== Args={}
2026-01-19 13:13:21,831 : INFO : EventManager : Event: ======'mode_attract_will_start'====== Args={}
2026-01-19 13:13:21,833 : INFO : Timer.attract_intro_timer : Starting Timer.
2026-01-19 13:13:21,833 : INFO : EventManager : Event: ======'timer_attract_intro_timer_started'====== Args={'ticks': 0, 'ticks_remaining': 16}
2026-01-19 13:13:21,833 : INFO : EventManager : Event: ======'timer_attract_intro_timer_tick'====== Args={'ticks': 0, 'ticks_remaining': 16}
2026-01-19 13:13:21,842 : INFO : EventManager : Event: ======'mode_attract_starting'====== Args={}
2026-01-19 13:13:21,842 : INFO : Mode.service : Started. Priority: 100000
2026-01-19 13:13:21,842 : INFO : EventManager : Event: ======'modes_active_modes_changed'====== Args={}
2026-01-19 13:13:21,842 : INFO : EventManager : Event: ======'mode_service_started'====== Args={}
2026-01-19 13:13:21,844 : INFO : EventManager : Event: ======'logicblock_mca_sequence_updated'====== Args={'value': 0, 'enabled': True}
2026-01-19 13:13:21,844 : INFO : EventManager : Event: ======'logicblock_adr_sequence_updated'====== Args={'value': 0, 'enabled': True}
2026-01-19 13:13:21,844 : INFO : EventManager : Event: ======'logicblock_christmas_sequence_updated'====== Args={'value': 0, 'enabled': True}
2026-01-19 13:13:21,844 : INFO : EventManager : Event: ======'logicblock_mca_sequence_updated'====== Args={'value': 0, 'enabled': True}
2026-01-19 13:13:21,844 : INFO : EventManager : Event: ======'logicblock_adr_sequence_updated'====== Args={'value': 0, 'enabled': True}
2026-01-19 13:13:21,844 : INFO : EventManager : Event: ======'logicblock_christmas_sequence_updated'====== Args={'value': 0, 'enabled': True}
2026-01-19 13:13:21,844 : INFO : Mode.attract : Started. Priority: 10
2026-01-19 13:13:21,844 : INFO : EventManager : Event: ======'modes_active_modes_changed'====== Args={}
2026-01-19 13:13:21,844 : INFO : EventManager : Event: ======'mode_attract_started'====== Args={}
2026-01-19 13:13:21,844 : INFO : EventManager : Event: ======'logicblock_mca_sequence_updated'====== Args={'value': 0, 'enabled': True}
2026-01-19 13:13:21,844 : INFO : EventManager : Event: ======'logicblock_mca_sequence_updated'====== Args={'value': 0, 'enabled': True}
2026-01-19 13:13:21,844 : INFO : EventManager : Event: ======'logicblock_adr_sequence_updated'====== Args={'value': 0, 'enabled': True}
2026-01-19 13:13:21,845 : INFO : EventManager : Event: ======'logicblock_adr_sequence_updated'====== Args={'value': 0, 'enabled': True}
2026-01-19 13:13:21,845 : INFO : EventManager : Event: ======'logicblock_christmas_sequence_updated'====== Args={'value': 0, 'enabled': True}
2026-01-19 13:13:21,845 : INFO : EventManager : Event: ======'logicblock_christmas_sequence_updated'====== Args={'value': 0, 'enabled': True}
2026-01-19 13:13:21,846 : INFO : EventManager : Event: ======'timer_attract_intro_timer_tick'====== Args={'ticks': 0, 'ticks_remaining': 16}
2026-01-19 13:13:21,847 : INFO : EventManager : Event: ======'collecting_balls_complete'====== Args={}
2026-01-19 13:13:21,848 : INFO : EventManager : Event: ======'carousel_item_highlighted'====== Args={'carousel': 'attract', 'direction': None, 'item': 'mpf_logo'}
2026-01-19 13:13:21,850 : INFO : EventManager : Event: ======'slide_loading_created'====== Args={'_from_bcp': True}
2026-01-19 13:13:21,850 : INFO : EventManager : Event: ======'slide__removed'====== Args={'_from_bcp': True}
2026-01-19 13:13:21,851 : INFO : EventManager : Event: ======'slide_loading_active'====== Args={'original_context': '_global', 'original_calling_context': 'init_done', 'priority': 0.0, 'cmd': 'slides_play', '_from_bcp': True}
2026-01-19 13:13:21,851 : INFO : Machine : Starting the main run loop with active modes: [<Mode.service>, <Mode.attract>]
2026-01-19 13:13:21,912 : INFO : EventManager : Event: ======'slide_attract_load_created'====== Args={'_from_bcp': True}
2026-01-19 13:13:21,912 : INFO : EventManager : Event: ======'slide_loading_inactive'====== Args={'is_removing': True, '_from_bcp': True}
2026-01-19 13:13:21,912 : INFO : EventManager : Event: ======'slide_attract_load_active'====== Args={'original_context': 'attract', 'original_calling_context': 'mode_attract_started{machine.game_just_played==0}', 'priority': 10.0, 'cmd': 'slides_play', '_from_bcp': True}
2026-01-19 13:13:21,913 : INFO : EventManager : Event: ======'slide_loading_removed'====== Args={'_from_bcp': True}
2026-01-19 13:13:22,859 : INFO : EventManager : Event: ======'timer_attract_intro_timer_tick'====== Args={'ticks': 1, 'ticks_remaining': 15}
2026-01-19 13:13:23,857 : INFO : EventManager : Event: ======'timer_attract_intro_timer_tick'====== Args={'ticks': 2, 'ticks_remaining': 14}
2026-01-19 13:13:24,859 : INFO : EventManager : Event: ======'timer_attract_intro_timer_tick'====== Args={'ticks': 3, 'ticks_remaining': 13}
2026-01-19 13:13:25,041 : INFO : SwitchController : <<<<<<< 's_start' active >>>>>>>
2026-01-19 13:13:25,192 : INFO : SwitchController : <<<<<<< 's_start' inactive >>>>>>>
2026-01-19 13:13:25,193 : INFO : EventManager : Event: ======'sw_start_inactive'====== Args={}
2026-01-19 13:13:25,193 : INFO : EventManager : Event: ======'request_to_start_game'====== Args={}
2026-01-19 13:13:25,193 : INFO : EventManager : Event: ======'game_start'====== Args={'buttons': [], 'hold_time': 0.1510499999999979}
2026-01-19 13:13:25,193 : INFO : EventManager : Event: ======'mode_game_will_start'====== Args={'buttons': [], 'hold_time': 0.1510499999999979}
2026-01-19 13:13:25,194 : INFO : EventManager : Event: ======'mode_game_starting'====== Args={'buttons': [], 'hold_time': 0.1510499999999979}
2026-01-19 13:13:25,194 : INFO : EventManager : Event: ======'mode_attract_will_stop'====== Args={}
2026-01-19 13:13:25,194 : INFO : EventManager : Event: ======'mode_attract_stopping'====== Args={}
2026-01-19 13:13:25,194 : INFO : Mode.game : Started. Priority: 20
2026-01-19 13:13:25,194 : INFO : EventManager : Event: ======'modes_active_modes_changed'====== Args={}
2026-01-19 13:13:25,195 : INFO : EventManager : Event: ======'mode_game_started'====== Args={'buttons': [], 'hold_time': 0.1510499999999979}
2026-01-19 13:13:25,196 : INFO : Mode.attract : Stopped.
2026-01-19 13:13:25,196 : INFO : EventManager : Event: ======'modes_active_modes_changed'====== Args={}
2026-01-19 13:13:25,197 : INFO : EventManager : Event: ======'mode_attract_stopped'====== Args={}
2026-01-19 13:13:25,197 : INFO : EventManager : Event: ======'clear'====== Args={'key': 'attract'}
2026-01-19 13:13:25,197 : INFO : Timer.adr_attract_video_timer : Stopping Timer
2026-01-19 13:13:25,197 : INFO : EventManager : Event: ======'timer_adr_attract_video_timer_stopped'====== Args={'ticks': 0, 'ticks_remaining': 0}
2026-01-19 13:13:25,197 : INFO : Timer.attract_intro_timer : Stopping Timer
2026-01-19 13:13:25,198 : INFO : EventManager : Event: ======'timer_attract_intro_timer_stopped'====== Args={'ticks': 3, 'ticks_remaining': 13}
2026-01-19 13:13:25,198 : INFO : Timer.christmas_attract_video_timer : Stopping Timer
2026-01-19 13:13:25,198 : INFO : EventManager : Event: ======'timer_christmas_attract_video_timer_stopped'====== Args={'ticks': 0, 'ticks_remaining': 0}
2026-01-19 13:13:25,198 : INFO : Timer.mca_attract_video_timer : Stopping Timer
2026-01-19 13:13:25,198 : INFO : EventManager : Event: ======'timer_mca_attract_video_timer_stopped'====== Args={'ticks': 0, 'ticks_remaining': 0}
2026-01-19 13:13:25,198 : INFO : Timer.attract_carousel_timer : Stopping Timer
2026-01-19 13:13:25,198 : INFO : EventManager : Event: ======'timer_attract_carousel_timer_stopped'====== Args={'ticks': 0, 'ticks_remaining': 0}
2026-01-19 13:13:25,198 : INFO : EventManager : Event: ======'game_will_start'====== Args={}
2026-01-19 13:13:25,200 : INFO : EventManager : Event: ======'game_starting'====== Args={'game': <Mode.game>}
2026-01-19 13:13:25,201 : INFO : EventManager : Unordered handler for class <Auditor> on event game_ended with priority 1. Handlers: [RegisteredHandler(callback=<bound method Auditor.disable of <Auditor>>, priority=1, kwargs={}, key=UUID('e72a8e5a-9cde-4507-a405-9e4459c1c727'), condition=None, blocking_facility=None), RegisteredHandler(callback=<bound method Auditor._save_audits of <Auditor>>, priority=1, kwargs={}, key=UUID('70b74085-3da6-442f-8745-d85df90d78a0'), condition=None, blocking_facility=None)]. The order of those handlers is not defined and they will be executed in random order. This might lead to race conditions and potential bugs.
2026-01-19 13:13:25,201 : INFO : EventManager : Event: ======'player_add_request'====== Args={}
2026-01-19 13:13:25,201 : INFO : EventManager : Event: ======'player_will_add'====== Args={'number': 1}
2026-01-19 13:13:25,201 : INFO : EventManager : Event: ======'player_adding'====== Args={'player': <Player 1>, 'number': 1}
2026-01-19 13:13:25,201 : INFO : EventManager : Event: ======'player_added'====== Args={'player': <Player 1>, 'num': 1}
2026-01-19 13:13:25,201 : INFO : Mode.game : Player added successfully. Total players: 1
2026-01-19 13:13:25,202 : INFO : EventManager : Event: ======'player_index'====== Args={'value': 0, 'prev_value': 0, 'change': 0, 'player_num': 1}
2026-01-19 13:13:25,202 : INFO : EventManager : Event: ======'player_number'====== Args={'value': 1, 'prev_value': 1, 'change': 0, 'player_num': 1}
2026-01-19 13:13:25,202 : INFO : EventManager : Event: ======'player_score'====== Args={'value': 0, 'prev_value': 0, 'change': 0, 'player_num': 1}
2026-01-19 13:13:25,203 : INFO : EventManager : Event: ======'game_started'====== Args={}
2026-01-19 13:13:25,203 : INFO : EventManager : Event: ======'mode_tilt_will_start'====== Args={}
2026-01-19 13:13:25,204 : INFO : EventManager : Event: ======'mode_tilt_starting'====== Args={}
2026-01-19 13:13:25,204 : INFO : EventManager : Event: ======'machine_var_game_just_played'====== Args={'value': 1, 'prev_value': 0, 'change': 1}
2026-01-19 13:13:25,204 : INFO : Mode.tilt : Started. Priority: 1000000
2026-01-19 13:13:25,204 : INFO : EventManager : Event: ======'modes_active_modes_changed'====== Args={}
2026-01-19 13:13:25,205 : INFO : EventManager : Event: ======'mode_tilt_started'====== Args={}
2026-01-19 13:13:25,205 : INFO : EventManager : Event: ======'player_turn_will_start'====== Args={'player': <Player 1>, 'number': 1}
2026-01-19 13:13:25,205 : INFO : EventManager : Event: ======'player_turn_starting'====== Args={'player': <Player 1>, 'number': 1}
2026-01-19 13:13:25,206 : INFO : EventManager : Event: ======'player_ball'====== Args={'value': 1, 'prev_value': 0, 'change': 1, 'player_num': 1}
2026-01-19 13:13:25,207 : INFO : EventManager : Event: ======'player_turn_started'====== Args={'player': <Player 1>, 'number': 1}
2026-01-19 13:13:25,208 : INFO : EventManager : Event: ======'ball_will_start'====== Args={'player': 1, 'ball': 1, 'balls_remaining': 2, 'is_extra_ball': False}
2026-01-19 13:13:25,209 : INFO : EventManager : Event: ======'ball_starting'====== Args={'player': 1, 'ball': 1, 'balls_remaining': 2, 'is_extra_ball': False}
2026-01-19 13:13:25,209 : INFO : EventManager : Event: ======'mode_batterycharger_will_start'====== Args={'queue': <QueuedEvent>, 'player': 1, 'ball': 1, 'balls_remaining': 2, 'is_extra_ball': False}
2026-01-19 13:13:25,222 : INFO : EventManager : Event: ======'mode_batterycharger_starting'====== Args={'queue': <QueuedEvent>, 'player': 1, 'ball': 1, 'balls_remaining': 2, 'is_extra_ball': False}
2026-01-19 13:13:25,222 : INFO : EventManager : Event: ======'mode_base_will_start'====== Args={'queue': <QueuedEvent>, 'player': 1, 'ball': 1, 'balls_remaining': 2, 'is_extra_ball': False}
2026-01-19 13:13:25,223 : INFO : EventManager : Event: ======'player_shot_left_orbit_enabled'====== Args={'value': True, 'prev_value': 0, 'change': 1, 'player_num': 1}
2026-01-19 13:13:25,224 : INFO : EventManager : Event: ======'player_shot_right_orbit_enabled'====== Args={'value': True, 'prev_value': 0, 'change': 1, 'player_num': 1}
2026-01-19 13:13:25,224 : INFO : EventManager : Event: ======'player_shot_inner_loop_enabled'====== Args={'value': True, 'prev_value': 0, 'change': 1, 'player_num': 1}
2026-01-19 13:13:25,224 : INFO : EventManager : Event: ======'player_shot_left_orbit_backdoor_enabled'====== Args={'value': True, 'prev_value': 0, 'change': 1, 'player_num': 1}
2026-01-19 13:13:25,224 : INFO : EventManager : Event: ======'player_shot_right_orbit_backdoor_enabled'====== Args={'value': True, 'prev_value': 0, 'change': 1, 'player_num': 1}
2026-01-19 13:13:25,224 : INFO : EventManager : Event: ======'player_shot_inner_loop_backdoor_enabled'====== Args={'value': True, 'prev_value': 0, 'change': 1, 'player_num': 1}
2026-01-19 13:13:25,225 : INFO : EventManager : Event: ======'player_shot_right_ramp_enabled'====== Args={'value': True, 'prev_value': 0, 'change': 1, 'player_num': 1}
2026-01-19 13:13:25,225 : INFO : EventManager : Event: ======'player_shot_left_ramp_enabled'====== Args={'value': True, 'prev_value': 0, 'change': 1, 'player_num': 1}
2026-01-19 13:13:25,225 : INFO : EventManager : Event: ======'player_shot_pop_standup_enabled'====== Args={'value': True, 'prev_value': 0, 'change': 1, 'player_num': 1}
2026-01-19 13:13:25,225 : INFO : EventManager : Event: ======'player_shot_upper_pop_standup_enabled'====== Args={'value': True, 'prev_value': 0, 'change': 1, 'player_num': 1}
2026-01-19 13:13:25,225 : INFO : EventManager : Event: ======'player_shot_scoop_enabled'====== Args={'value': True, 'prev_value': 0, 'change': 1, 'player_num': 1}
2026-01-19 13:13:25,226 : INFO : EventManager : Event: ======'player_shot_captive_ball_enabled'====== Args={'value': True, 'prev_value': 0, 'change': 1, 'player_num': 1}
2026-01-19 13:13:25,226 : INFO : EventManager : Event: ======'player_shot_three_bank_standup_enabled'====== Args={'value': True, 'prev_value': 0, 'change': 1, 'player_num': 1}
2026-01-19 13:13:25,226 : INFO : EventManager : Event: ======'player_shot_spinner_enabled'====== Args={'value': True, 'prev_value': 0, 'change': 1, 'player_num': 1}
2026-01-19 13:13:25,226 : INFO : EventManager : Event: ======'player_shot_pop1_enabled'====== Args={'value': True, 'prev_value': 0, 'change': 1, 'player_num': 1}
2026-01-19 13:13:25,226 : INFO : EventManager : Event: ======'player_shot_pop2_enabled'====== Args={'value': True, 'prev_value': 0, 'change': 1, 'player_num': 1}
2026-01-19 13:13:25,227 : INFO : EventManager : Event: ======'player_shot_pop3_enabled'====== Args={'value': True, 'prev_value': 0, 'change': 1, 'player_num': 1}
2026-01-19 13:13:25,227 : INFO : EventManager : Event: ======'player_shot_bottom_drop_enabled'====== Args={'value': True, 'prev_value': 0, 'change': 1, 'player_num': 1}
2026-01-19 13:13:25,227 : INFO : EventManager : Event: ======'player_shot_middle_drop_enabled'====== Args={'value': True, 'prev_value': 0, 'change': 1, 'player_num': 1}
2026-01-19 13:13:25,227 : INFO : EventManager : Event: ======'player_shot_top_drop_enabled'====== Args={'value': True, 'prev_value': 0, 'change': 1, 'player_num': 1}
2026-01-19 13:13:25,227 : INFO : EventManager : Event: ======'player_shot_tshirt_top_standup_enabled'====== Args={'value': True, 'prev_value': 0, 'change': 1, 'player_num': 1}
2026-01-19 13:13:25,228 : INFO : EventManager : Event: ======'player_shot_tshirt_bottom_standup_enabled'====== Args={'value': True, 'prev_value': 0, 'change': 1, 'player_num': 1}
2026-01-19 13:13:25,229 : INFO : EventManager : Event: ======'player_shot_left_outlane_enabled'====== Args={'value': True, 'prev_value': 0, 'change': 1, 'player_num': 1}
2026-01-19 13:13:25,229 : INFO : EventManager : Event: ======'player_shot_left_inlane_enabled'====== Args={'value': True, 'prev_value': 0, 'change': 1, 'player_num': 1}
2026-01-19 13:13:25,229 : INFO : EventManager : Event: ======'player_shot_right_inlane_enabled'====== Args={'value': True, 'prev_value': 0, 'change': 1, 'player_num': 1}
2026-01-19 13:13:25,229 : INFO : EventManager : Event: ======'player_shot_right_outlane_enabled'====== Args={'value': True, 'prev_value': 0, 'change': 1, 'player_num': 1}
2026-01-19 13:13:25,230 : INFO : EventManager : Event: ======'sg_lanes_complete'====== Args={'state': 'unlit'}
2026-01-19 13:13:25,230 : INFO : EventManager : Event: ======'sg_lanes_unlit_complete'====== Args={}
2026-01-19 13:13:25,230 : INFO : EventManager : Event: ======'sg_tshirts_complete'====== Args={'state': 'flash'}
2026-01-19 13:13:25,230 : INFO : EventManager : Event: ======'sg_tshirts_flash_complete'====== Args={}
2026-01-19 13:13:25,233 : INFO : EventManager : Event: ======'player_base_chcheckitoutfinish_widget_timer_tick'====== Args={'value': 0, 'prev_value': 0, 'change': 0, 'player_num': 1}
2026-01-19 13:13:25,233 : INFO : EventManager : Event: ======'player_base_bodymovin_widget_timer_tick'====== Args={'value': 0, 'prev_value': 0, 'change': 0, 'player_num': 1}
2026-01-19 13:13:25,233 : INFO : EventManager : Event: ======'player_base_bodymovin_lock_enabled_widget_timer_tick'====== Args={'value': 0, 'prev_value': 0, 'change': 0, 'player_num': 1}
2026-01-19 13:13:25,233 : INFO : EventManager : Event: ======'player_base_bodymovin_ball_1_locked_widget_timer_tick'====== Args={'value': 0, 'prev_value': 0, 'change': 0, 'player_num': 1}
2026-01-19 13:13:25,233 : INFO : EventManager : Event: ======'player_base_bodymovin_ball_2_locked_widget_timer_tick'====== Args={'value': 0, 'prev_value': 0, 'change': 0, 'player_num': 1}
2026-01-19 13:13:25,234 : INFO : EventManager : Event: ======'achievement_wizard1_changed_state'====== Args={'restore': False, 'state': 'disabled', 'selected': False}
2026-01-19 13:13:25,234 : INFO : EventManager : Event: ======'achievement_wizard1_state_disabled'====== Args={'restore': False, 'state': 'disabled', 'selected': False}
2026-01-19 13:13:25,234 : INFO : EventManager : Event: ======'achievement_intergalactic_mode_changed_state'====== Args={'restore': False, 'state': 'enabled', 'selected': False}
2026-01-19 13:13:25,234 : INFO : EventManager : Event: ======'achievement_intergalactic_mode_state_enabled'====== Args={'restore': False, 'state': 'enabled', 'selected': False}
2026-01-19 13:13:25,234 : INFO : EventManager : Event: ======'achievement_paulrevere_mode_changed_state'====== Args={'restore': False, 'state': 'enabled', 'selected': False}
2026-01-19 13:13:25,234 : INFO : EventManager : Event: ======'achievement_paulrevere_mode_state_enabled'====== Args={'restore': False, 'state': 'enabled', 'selected': False}
2026-01-19 13:13:25,234 : INFO : EventManager : Event: ======'achievement_tripletrouble_mode_changed_state'====== Args={'restore': False, 'state': 'enabled', 'selected': False}
2026-01-19 13:13:25,234 : INFO : EventManager : Event: ======'achievement_tripletrouble_mode_state_enabled'====== Args={'restore': False, 'state': 'enabled', 'selected': False}
2026-01-19 13:13:25,235 : INFO : EventManager : Event: ======'achievement_sabotage_mode_changed_state'====== Args={'restore': False, 'state': 'enabled', 'selected': False}
2026-01-19 13:13:25,235 : INFO : EventManager : Event: ======'achievement_sabotage_mode_state_enabled'====== Args={'restore': False, 'state': 'enabled', 'selected': False}
2026-01-19 13:13:25,235 : INFO : EventManager : Event: ======'achievement_fingerlickingood_mode_changed_state'====== Args={'restore': False, 'state': 'enabled', 'selected': False}
2026-01-19 13:13:25,235 : INFO : EventManager : Event: ======'achievement_fingerlickingood_mode_state_enabled'====== Args={'restore': False, 'state': 'enabled', 'selected': False}
2026-01-19 13:13:25,235 : INFO : EventManager : Event: ======'achievement_toomanyrappers_mode_changed_state'====== Args={'restore': False, 'state': 'enabled', 'selected': False}
2026-01-19 13:13:25,235 : INFO : EventManager : Event: ======'achievement_toomanyrappers_mode_state_enabled'====== Args={'restore': False, 'state': 'enabled', 'selected': False}
2026-01-19 13:13:25,235 : INFO : EventManager : Event: ======'achievement_threemcsand1dj_mode_changed_state'====== Args={'restore': False, 'state': 'enabled', 'selected': False}
2026-01-19 13:13:25,235 : INFO : EventManager : Event: ======'achievement_threemcsand1dj_mode_state_enabled'====== Args={'restore': False, 'state': 'enabled', 'selected': False}
2026-01-19 13:13:25,235 : INFO : EventManager : Event: ======'achievement_highplainsdrifter_mode_changed_state'====== Args={'restore': False, 'state': 'enabled', 'selected': False}
2026-01-19 13:13:25,235 : INFO : EventManager : Event: ======'achievement_highplainsdrifter_mode_state_enabled'====== Args={'restore': False, 'state': 'enabled', 'selected': False}
2026-01-19 13:13:25,235 : INFO : EventManager : Event: ======'achievement_chcheckitout_multiball_changed_state'====== Args={'restore': False, 'state': 'enabled', 'selected': False}
2026-01-19 13:13:25,235 : INFO : EventManager : Event: ======'achievement_chcheckitout_multiball_state_enabled'====== Args={'restore': False, 'state': 'enabled', 'selected': False}
2026-01-19 13:13:25,235 : INFO : EventManager : Event: ======'achievement_bodymovin_multiball_changed_state'====== Args={'restore': False, 'state': 'enabled', 'selected': False}
2026-01-19 13:13:25,235 : INFO : EventManager : Event: ======'achievement_bodymovin_multiball_state_enabled'====== Args={'restore': False, 'state': 'enabled', 'selected': False}
2026-01-19 13:13:25,236 : INFO : EventManager : Event: ======'achievement_superpops_super_mode_changed_state'====== Args={'restore': False, 'state': 'enabled', 'selected': False}
2026-01-19 13:13:25,236 : INFO : EventManager : Event: ======'achievement_superpops_super_mode_state_enabled'====== Args={'restore': False, 'state': 'enabled', 'selected': False}
2026-01-19 13:13:25,252 : INFO : EventManager : Event: ======'achievement_superdrops_super_mode_changed_state'====== Args={'restore': False, 'state': 'enabled', 'selected': False}
2026-01-19 13:13:25,252 : INFO : EventManager : Event: ======'achievement_superdrops_super_mode_state_enabled'====== Args={'restore': False, 'state': 'enabled', 'selected': False}
2026-01-19 13:13:25,252 : INFO : EventManager : Event: ======'achievement_superspins_super_mode_changed_state'====== Args={'restore': False, 'state': 'enabled', 'selected': False}
2026-01-19 13:13:25,252 : INFO : EventManager : Event: ======'achievement_superspins_super_mode_state_enabled'====== Args={'restore': False, 'state': 'enabled', 'selected': False}
2026-01-19 13:13:25,252 : INFO : EventManager : Event: ======'achievement_superstandups_super_mode_changed_state'====== Args={'restore': False, 'state': 'enabled', 'selected': False}
2026-01-19 13:13:25,252 : INFO : EventManager : Event: ======'achievement_superstandups_super_mode_state_enabled'====== Args={'restore': False, 'state': 'enabled', 'selected': False}
2026-01-19 13:13:25,252 : INFO : EventManager : Event: ======'achievement_supercombos_super_mode_changed_state'====== Args={'restore': False, 'state': 'enabled', 'selected': False}
2026-01-19 13:13:25,252 : INFO : EventManager : Event: ======'achievement_supercombos_super_mode_state_enabled'====== Args={'restore': False, 'state': 'enabled', 'selected': False}
2026-01-19 13:13:25,252 : INFO : EventManager : Event: ======'achievement_girls_frenzy_changed_state'====== Args={'restore': False, 'state': 'disabled', 'selected': False}
2026-01-19 13:13:25,253 : INFO : EventManager : Event: ======'achievement_girls_frenzy_state_disabled'====== Args={'restore': False, 'state': 'disabled', 'selected': False}
2026-01-19 13:13:25,261 : INFO : EventManager : Unordered handler for class <Auditor> on event game_ended with priority 1. Handlers: [RegisteredHandler(callback=<bound method Auditor.disable of <Auditor>>, priority=1, kwargs={}, key=UUID('e72a8e5a-9cde-4507-a405-9e4459c1c727'), condition=None, blocking_facility=None), RegisteredHandler(callback=<bound method Auditor._save_audits of <Auditor>>, priority=1, kwargs={}, key=UUID('70b74085-3da6-442f-8745-d85df90d78a0'), condition=None, blocking_facility=None)]. The order of those handlers is not defined and they will be executed in random order. This might lead to race conditions and potential bugs.
2026-01-19 13:13:25,294 : INFO : EventManager : Event: ======'mode_base_starting'====== Args={'queue': <QueuedEvent>, 'player': 1, 'ball': 1, 'balls_remaining': 2, 'is_extra_ball': False}
2026-01-19 13:13:25,294 : INFO : drop_target_bank.three_bank : All targets are already up. Will not reset bank.
2026-01-19 13:13:25,295 : INFO : EventManager : Event: ======'balls_in_play'====== Args={'balls': 1}
2026-01-19 13:13:25,295 : INFO : EventManager : Event: ======'ball_started'====== Args={'player': 1, 'ball': 1, 'balls_remaining': 2, 'is_extra_ball': False}
2026-01-19 13:13:25,296 : INFO : EventManager : Event: ======'logicblock_battery_charged_status_updated'====== Args={'value': 20, 'enabled': False}
2026-01-19 13:13:25,296 : INFO : Mode.batterycharger : Started. Priority: 11000
2026-01-19 13:13:25,296 : INFO : EventManager : Event: ======'modes_active_modes_changed'====== Args={}
2026-01-19 13:13:25,296 : INFO : EventManager : Event: ======'mode_batterycharger_started'====== Args={'queue': <QueuedEvent>, 'player': 1, 'ball': 1, 'balls_remaining': 2, 'is_extra_ball': False}
2026-01-19 13:13:25,296 : INFO : EventManager : Event: ======'logicblock_completed_modes_count_updated'====== Args={'value': 0, 'enabled': True}
2026-01-19 13:13:25,296 : INFO : EventManager : Event: ======'logicblock_played_modes_count_updated'====== Args={'value': 0, 'enabled': True}
2026-01-19 13:13:25,296 : INFO : EventManager : Event: ======'logicblock_combos_count_updated'====== Args={'value': 0, 'enabled': True}
2026-01-19 13:13:25,297 : INFO : EventManager : Event: ======'logicblock_superpops_counter_updated'====== Args={'value': 0, 'enabled': True}
2026-01-19 13:13:25,297 : INFO : EventManager : Event: ======'logicblock_superdrops_counter_updated'====== Args={'value': 0, 'enabled': True}
2026-01-19 13:13:25,297 : INFO : EventManager : Event: ======'logicblock_superstandups_counter_updated'====== Args={'value': 0, 'enabled': True}
2026-01-19 13:13:25,297 : INFO : EventManager : Event: ======'logicblock_superspins_counter_updated'====== Args={'value': 0, 'enabled': True}
2026-01-19 13:13:25,297 : INFO : EventManager : Event: ======'logicblock_supercombos_counter_updated'====== Args={'value': 0, 'enabled': True}
2026-01-19 13:13:25,297 : INFO : EventManager : Event: ======'logicblock_super_modes_played_counter_updated'====== Args={'value': 0, 'enabled': True}
2026-01-19 13:13:25,298 : INFO : EventManager : Event: ======'logicblock_qualify_chcheckitout_multiball_updated'====== Args={'value': 0, 'enabled': False}
2026-01-19 13:13:25,298 : INFO : EventManager : Event: ======'logicblock_chcheckitout_multiball_ready_updated'====== Args={'value': 0, 'enabled': False}
2026-01-19 13:13:25,298 : INFO : EventManager : Event: ======'logicblock_enable_bodymovin_lock_1_updated'====== Args={'value': 0, 'enabled': False}
2026-01-19 13:13:25,298 : INFO : EventManager : Event: ======'logicblock_bodymovin_lock_1_updated'====== Args={'value': 0, 'enabled': False}
2026-01-19 13:13:25,298 : INFO : EventManager : Event: ======'logicblock_enable_bodymovin_lock_2_updated'====== Args={'value': 0, 'enabled': False}
2026-01-19 13:13:25,298 : INFO : EventManager : Event: ======'logicblock_bodymovin_lock_2_updated'====== Args={'value': 0, 'enabled': False}
2026-01-19 13:13:25,298 : INFO : EventManager : Event: ======'logicblock_enable_bodymovin_lock_3_updated'====== Args={'value': 0, 'enabled': False}
2026-01-19 13:13:25,298 : INFO : EventManager : Event: ======'logicblock_bodymovin_multiball_ready_updated'====== Args={'value': 0, 'enabled': False}
2026-01-19 13:13:25,298 : INFO : EventManager : Event: ======'logicblock_drop_target_bank_counter_updated'====== Args={'value': 0, 'enabled': False}
2026-01-19 13:13:25,298 : INFO : EventManager : Event: ======'logicblock_completed_modes_count_updated'====== Args={'value': 0, 'enabled': True}
2026-01-19 13:13:25,298 : INFO : EventManager : Event: ======'logicblock_played_modes_count_updated'====== Args={'value': 0, 'enabled': True}
2026-01-19 13:13:25,298 : INFO : EventManager : Event: ======'logicblock_combos_count_updated'====== Args={'value': 0, 'enabled': True}
2026-01-19 13:13:25,298 : INFO : EventManager : Event: ======'logicblock_superpops_counter_updated'====== Args={'value': 0, 'enabled': True}
2026-01-19 13:13:25,298 : INFO : EventManager : Event: ======'logicblock_superdrops_counter_updated'====== Args={'value': 0, 'enabled': True}
2026-01-19 13:13:25,298 : INFO : EventManager : Event: ======'logicblock_superstandups_counter_updated'====== Args={'value': 0, 'enabled': True}
2026-01-19 13:13:25,298 : INFO : EventManager : Event: ======'logicblock_superspins_counter_updated'====== Args={'value': 0, 'enabled': True}
2026-01-19 13:13:25,299 : INFO : EventManager : Event: ======'logicblock_supercombos_counter_updated'====== Args={'value': 0, 'enabled': True}
2026-01-19 13:13:25,299 : INFO : EventManager : Event: ======'logicblock_super_modes_played_counter_updated'====== Args={'value': 0, 'enabled': True}
2026-01-19 13:13:25,299 : INFO : Mode.base : Started. Priority: 100
2026-01-19 13:13:25,299 : INFO : EventManager : Event: ======'modes_active_modes_changed'====== Args={}
2026-01-19 13:13:25,299 : INFO : EventManager : Event: ======'mode_base_started'====== Args={'queue': <QueuedEvent>, 'player': 1, 'ball': 1, 'balls_remaining': 2, 'is_extra_ball': False}
2026-01-19 13:13:25,299 : INFO : EventManager : Event: ======'logicblock_battery_charged_status_updated'====== Args={'value': 20, 'enabled': True}
2026-01-19 13:13:25,299 : INFO : EventManager : Event: ======'mode_combos_will_start'====== Args={'player': 1, 'ball': 1, 'balls_remaining': 2, 'is_extra_ball': False}
2026-01-19 13:13:25,310 : INFO : EventManager : Event: ======'mode_combos_starting'====== Args={'player': 1, 'ball': 1, 'balls_remaining': 2, 'is_extra_ball': False}
2026-01-19 13:13:25,311 : INFO : EventManager : Event: ======'mode_skill_shot_will_start'====== Args={'player': 1, 'ball': 1, 'balls_remaining': 2, 'is_extra_ball': False}
2026-01-19 13:13:25,311 : INFO : EventManager : Event: ======'player_shot_skillshot_side_targets_enabled'====== Args={'value': True, 'prev_value': 0, 'change': 1, 'player_num': 1}
2026-01-19 13:13:25,311 : INFO : EventManager : Event: ======'player_shot_skillshot_hideout_plunge_enabled'====== Args={'value': True, 'prev_value': 0, 'change': 1, 'player_num': 1}
2026-01-19 13:13:25,311 : INFO : EventManager : Event: ======'player_shot_skillshot_super_enabled'====== Args={'value': True, 'prev_value': 0, 'change': 1, 'player_num': 1}
2026-01-19 13:13:25,312 : INFO : EventManager : Event: ======'player_shot_skillshot_left_outlane_enabled'====== Args={'value': True, 'prev_value': 0, 'change': 1, 'player_num': 1}
2026-01-19 13:13:25,312 : INFO : EventManager : Event: ======'player_shot_skillshot_drop_targets_enabled'====== Args={'value': True, 'prev_value': 0, 'change': 1, 'player_num': 1}
2026-01-19 13:13:25,312 : INFO : EventManager : Event: ======'player_shot_skillshot_lower_pop_enabled'====== Args={'value': True, 'prev_value': 0, 'change': 1, 'player_num': 1}
2026-01-19 13:13:25,312 : INFO : EventManager : Event: ======'skillshot_complete'====== Args={'state': 'off'}
2026-01-19 13:13:25,312 : INFO : EventManager : Event: ======'skillshot_off_complete'====== Args={}
2026-01-19 13:13:25,313 : INFO : EventManager : Event: ======'player_skill_shot_skill_shot_timeout_tick'====== Args={'value': 0, 'prev_value': 0, 'change': 0, 'player_num': 1}
2026-01-19 13:13:25,314 : INFO : EventManager : Unordered handler for class <timer.skill_shot_timeout> on event ball_starting with priority 1. Handlers: [RegisteredHandler(callback=<bound method Timer.reset of <timer.skill_shot_timeout>>, priority=1, kwargs={}, key=UUID('d8758359-9589-425b-b01e-ae358df82fa7'), condition=None, blocking_facility=None), RegisteredHandler(callback=<bound method Timer.pause of <timer.skill_shot_timeout>>, priority=1, kwargs={'timer_value': None}, key=UUID('8ceba013-50f9-4aa9-815e-8b338dca5e7e'), condition=None, blocking_facility=None)]. The order of those handlers is not defined and they will be executed in random order. This might lead to race conditions and potential bugs.
2026-01-19 13:13:25,317 : INFO : EventManager : Event: ======'mode_skill_shot_starting'====== Args={'player': 1, 'ball': 1, 'balls_remaining': 2, 'is_extra_ball': False}
2026-01-19 13:13:25,317 : INFO : EventManager : Event: ======'logicblock_drop_target_bank_counter_updated'====== Args={'value': 0, 'enabled': True}
2026-01-19 13:13:25,317 : INFO : EventManager : Event: ======'logicblock_combos_count_updated'====== Args={'value': 0, 'enabled': True}
2026-01-19 13:13:25,318 : INFO : EventManager : Event: ======'logicblock_combos_count_updated'====== Args={'value': 0, 'enabled': True}
2026-01-19 13:13:25,318 : INFO : EventManager : Event: ======'logicblock_superpops_counter_updated'====== Args={'value': 0, 'enabled': True}
2026-01-19 13:13:25,318 : INFO : EventManager : Event: ======'logicblock_superpops_counter_updated'====== Args={'value': 0, 'enabled': True}
2026-01-19 13:13:25,318 : INFO : EventManager : Event: ======'logicblock_superdrops_counter_updated'====== Args={'value': 0, 'enabled': True}
2026-01-19 13:13:25,318 : INFO : EventManager : Event: ======'logicblock_superdrops_counter_updated'====== Args={'value': 0, 'enabled': True}
2026-01-19 13:13:25,318 : INFO : EventManager : Event: ======'logicblock_superstandups_counter_updated'====== Args={'value': 0, 'enabled': True}
2026-01-19 13:13:25,318 : INFO : EventManager : Event: ======'logicblock_superstandups_counter_updated'====== Args={'value': 0, 'enabled': True}
2026-01-19 13:13:25,318 : INFO : EventManager : Event: ======'logicblock_superspins_counter_updated'====== Args={'value': 0, 'enabled': True}
2026-01-19 13:13:25,318 : INFO : EventManager : Event: ======'logicblock_superspins_counter_updated'====== Args={'value': 0, 'enabled': True}
2026-01-19 13:13:25,318 : INFO : EventManager : Event: ======'logicblock_supercombos_counter_updated'====== Args={'value': 0, 'enabled': True}
2026-01-19 13:13:25,318 : INFO : EventManager : Event: ======'logicblock_supercombos_counter_updated'====== Args={'value': 0, 'enabled': True}
2026-01-19 13:13:25,318 : INFO : EventManager : Event: ======'logicblock_super_modes_played_counter_updated'====== Args={'value': 0, 'enabled': True}
2026-01-19 13:13:25,318 : INFO : EventManager : Event: ======'logicblock_super_modes_played_counter_updated'====== Args={'value': 0, 'enabled': True}
2026-01-19 13:13:25,318 : INFO : EventManager : Event: ======'logicblock_qualify_chcheckitout_multiball_updated'====== Args={'value': 0, 'enabled': False}
2026-01-19 13:13:25,319 : INFO : EventManager : Event: ======'logicblock_qualify_chcheckitout_multiball_updated'====== Args={'value': 0, 'enabled': True}
2026-01-19 13:13:25,319 : INFO : EventManager : Event: ======'logicblock_enable_bodymovin_lock_2_updated'====== Args={'value': 0, 'enabled': False}
2026-01-19 13:13:25,319 : INFO : EventManager : Event: ======'logicblock_enable_bodymovin_lock_2_updated'====== Args={'value': 0, 'enabled': True}
2026-01-19 13:13:25,319 : INFO : EventManager : Event: ======'player_chcheckitout_multiball_blocking_flag'====== Args={'value': 0, 'prev_value': 0, 'change': 0, 'player_num': 1, 'source': 'base'}
2026-01-19 13:13:25,319 : INFO : EventManager : Event: ======'player_bodymovin_multiball_blocking_flag'====== Args={'value': 0, 'prev_value': 0, 'change': 0, 'player_num': 1, 'source': 'base'}
2026-01-19 13:13:25,319 : INFO : EventManager : Event: ======'player_mode_blocking_flag'====== Args={'value': 0, 'prev_value': 0, 'change': 0, 'player_num': 1, 'source': 'base'}
2026-01-19 13:13:25,319 : INFO : EventManager : Event: ======'player_battery_charged_yesorno'====== Args={'value': 0, 'prev_value': 0, 'change': 0, 'player_num': 1, 'source': 'base'}
2026-01-19 13:13:25,320 : INFO : EventManager : Event: ======'player_combos'====== Args={'value': 0, 'prev_value': 0, 'change': 0, 'player_num': 1, 'source': 'base'}
2026-01-19 13:13:25,320 : INFO : EventManager : Event: ======'player_modes_played'====== Args={'value': 0, 'prev_value': 0, 'change': 0, 'player_num': 1, 'source': 'base'}
2026-01-19 13:13:25,320 : INFO : EventManager : Event: ======'player_modes_completed'====== Args={'value': 0, 'prev_value': 0, 'change': 0, 'player_num': 1, 'source': 'base'}
2026-01-19 13:13:25,320 : INFO : EventManager : Event: ======'player_chcheckitout_qualified_flag'====== Args={'value': 0, 'prev_value': 0, 'change': 0, 'player_num': 1, 'source': 'base'}
2026-01-19 13:13:25,320 : INFO : EventManager : Event: ======'player_bodymovin_lock1_qualified_flag'====== Args={'value': 0, 'prev_value': 0, 'change': 0, 'player_num': 1, 'source': 'base'}
2026-01-19 13:13:25,320 : INFO : EventManager : Event: ======'player_bodymovin_lock2_qualified_flag'====== Args={'value': 0, 'prev_value': 0, 'change': 0, 'player_num': 1, 'source': 'base'}
2026-01-19 13:13:25,320 : INFO : EventManager : Event: ======'player_bodymovin_lock1_locked_flag'====== Args={'value': 1, 'prev_value': 0, 'change': 1, 'player_num': 1, 'source': 'base'}
2026-01-19 13:13:25,320 : INFO : EventManager : Event: ======'player_bodymovin_lock2_locked_flag'====== Args={'value': 0, 'prev_value': 0, 'change': 0, 'player_num': 1, 'source': 'base'}
2026-01-19 13:13:25,321 : INFO : EventManager : Event: ======'player_bodymovin_multiball_qualified_flag'====== Args={'value': 0, 'prev_value': 0, 'change': 0, 'player_num': 1, 'source': 'base'}
2026-01-19 13:13:25,321 : INFO : EventManager : Event: ======'player_girls_bonus_score'====== Args={'value': 0, 'prev_value': 0, 'change': 0, 'player_num': 1, 'source': 'base'}
2026-01-19 13:13:25,321 : INFO : EventManager : Event: ======'player_girls_blocking_flag'====== Args={'value': 0, 'prev_value': 0, 'change': 0, 'player_num': 1, 'source': 'base'}
2026-01-19 13:13:25,321 : INFO : EventManager : Event: ======'player_characters_collected'====== Args={'value': 0, 'prev_value': 0, 'change': 0, 'player_num': 1, 'source': 'base'}
2026-01-19 13:13:25,321 : INFO : EventManager : Event: ======'player_adroc_collected'====== Args={'value': 0, 'prev_value': 0, 'change': 0, 'player_num': 1, 'source': 'base'}
2026-01-19 13:13:25,321 : INFO : EventManager : Event: ======'player_mca_collected'====== Args={'value': 0, 'prev_value': 0, 'change': 0, 'player_num': 1, 'source': 'base'}
2026-01-19 13:13:25,321 : INFO : EventManager : Event: ======'player_miked_collected'====== Args={'value': 0, 'prev_value': 0, 'change': 0, 'player_num': 1, 'source': 'base'}
2026-01-19 13:13:25,322 : INFO : EventManager : Event: ======'player_mmm_collected'====== Args={'value': 0, 'prev_value': 0, 'change': 0, 'player_num': 1, 'source': 'base'}
2026-01-19 13:13:25,322 : INFO : EventManager : Event: ======'player_djhurr_collected'====== Args={'value': 0, 'prev_value': 0, 'change': 0, 'player_num': 1, 'source': 'base'}
2026-01-19 13:13:25,322 : INFO : EventManager : Event: ======'player_chcheckitout_multiplier'====== Args={'value': 0, 'prev_value': 0, 'change': 0, 'player_num': 1, 'source': 'base'}
2026-01-19 13:13:25,323 : INFO : EventManager : Event: ======'logicblock_drop_target_bank_counter_updated'====== Args={'value': 1, 'enabled': True}
2026-01-19 13:13:25,323 : INFO : EventManager : Event: ======'player_charges_remaining_variable'====== Args={'value': 20, 'prev_value': 0, 'change': 20, 'player_num': 1, 'source': 'batterycharger'}
2026-01-19 13:13:25,324 : INFO : EventManager : Event: ======'player_drop_target_bank_counter_count'====== Args={'value': 0, 'prev_value': 0, 'change': 0, 'player_num': 1, 'source': 'base'}
2026-01-19 13:13:25,324 : INFO : EventManager : Event: ======'player_drop_target_bank_counter_count'====== Args={'value': 1, 'prev_value': 0, 'change': 1, 'player_num': 1, 'source': 'base'}
2026-01-19 13:13:25,325 : INFO : EventManager : Event: ======'logicblock_battery_charged_status_updated'====== Args={'value': 0, 'enabled': True}
2026-01-19 13:13:25,325 : INFO : EventManager : Event: ======'battery_charged'====== Args={}
2026-01-19 13:13:25,325 : INFO : EventManager : Event: ======'logicblock_battery_charged_status_updated'====== Args={'value': 0, 'enabled': False}
2026-01-19 13:13:25,325 : INFO : EventManager : Event: ======'player_charges_remaining_variable'====== Args={'value': 0, 'prev_value': 20, 'change': -20, 'player_num': 1, 'source': 'batterycharger'}
2026-01-19 13:13:25,326 : INFO : EventManager : Event: ======'mode_carousel_will_start'====== Args={}
2026-01-19 13:13:25,331 : INFO : EventManager : Event: ======'mode_carousel_starting'====== Args={}
2026-01-19 13:13:25,331 : INFO : EventManager : Event: ======'player_battery_charged_yesorno'====== Args={'value': 1, 'prev_value': 0, 'change': 1, 'player_num': 1, 'source': 'base'}
2026-01-19 13:13:25,332 : INFO : EventManager : Event: ======'player_drop_target_bank_counter_count'====== Args={'value': 0, 'prev_value': 1, 'change': -1, 'player_num': 1, 'source': 'base'}
2026-01-19 13:13:25,332 : INFO : EventManager : Event: ======'mode_multiball_will_start'====== Args={'queue': <QueuedEvent>, 'player': 1, 'ball': 1, 'balls_remaining': 2, 'is_extra_ball': False}
2026-01-19 13:13:25,333 : INFO : EventManager : Event: ======'mode_multiball_starting'====== Args={'queue': <QueuedEvent>, 'player': 1, 'ball': 1, 'balls_remaining': 2, 'is_extra_ball': False}
2026-01-19 13:13:25,333 : INFO : EventManager : Event: ======'ball_save_default_enabled'====== Args={}
2026-01-19 13:13:25,333 : INFO : Mode.multiball : Started. Priority: 1000
2026-01-19 13:13:25,334 : INFO : EventManager : Event: ======'modes_active_modes_changed'====== Args={}
2026-01-19 13:13:25,334 : INFO : EventManager : Event: ======'mode_multiball_started'====== Args={'queue': <QueuedEvent>, 'player': 1, 'ball': 1, 'balls_remaining': 2, 'is_extra_ball': False}
2026-01-19 13:13:25,334 : INFO : Mode.carousel : Started. Priority: 200
2026-01-19 13:13:25,334 : INFO : EventManager : Event: ======'modes_active_modes_changed'====== Args={}
2026-01-19 13:13:25,334 : INFO : EventManager : Event: ======'mode_carousel_started'====== Args={}
2026-01-19 13:13:25,334 : INFO : blinkenlight.bl_scoop_arrow_led : Color (0, 0, 255) with key carousel added
2026-01-19 13:13:25,335 : INFO : EventManager : Event: ======'carousel_item_highlighted'====== Args={'carousel': 'carousel', 'direction': None, 'item': 'intergalactic'}
2026-01-19 13:13:25,335 : INFO : Mode.skill_shot : Started. Priority: 500
2026-01-19 13:13:25,335 : INFO : EventManager : Event: ======'modes_active_modes_changed'====== Args={}
2026-01-19 13:13:25,335 : INFO : EventManager : Event: ======'mode_skill_shot_started'====== Args={'player': 1, 'ball': 1, 'balls_remaining': 2, 'is_extra_ball': False}
2026-01-19 13:13:25,336 : INFO : EventManager : Event: ======'advance_skill_left_outlane'====== Args={'player': 1, 'ball': 1, 'balls_remaining': 2, 'is_extra_ball': False}
2026-01-19 13:13:25,336 : INFO : EventManager : Event: ======'player_shot_skillshot_left_outlane'====== Args={'value': 1, 'prev_value': 0, 'change': 1, 'player_num': 1}
2026-01-19 13:13:25,337 : INFO : Mode.combos : Started. Priority: 2000
2026-01-19 13:13:25,337 : INFO : EventManager : Event: ======'modes_active_modes_changed'====== Args={}
2026-01-19 13:13:25,337 : INFO : EventManager : Event: ======'mode_combos_started'====== Args={'player': 1, 'ball': 1, 'balls_remaining': 2, 'is_extra_ball': False}
2026-01-19 13:13:25,338 : INFO : EventManager : Event: ======'single_player_ball_started'====== Args={}
2026-01-19 13:13:25,338 : INFO : EventManager : Event: ======'ball_start_target'====== Args={'target': 'playfield'}
2026-01-19 13:13:25,338 : INFO : ball_device.bd_plunger : Setting up player-controlled eject. Balls: 1, Target: <playfield.playfield>, player_controlled_eject_event: None
2026-01-19 13:13:25,338 : INFO : EventManager : Event: ======'balldevice_balls_available'====== Args={}
2026-01-19 13:13:25,339 : INFO : ball_device.bd_trough : State: waiting_for_target_ready
2026-01-19 13:13:25,339 : INFO : EventManager : Event: ======'balldevice_bd_trough_ball_eject_attempt'====== Args={'balls': 1, 'target': <ball_device.bd_plunger>, 'source': <ball_device.bd_trough>, 'mechanical_eject': True, 'num_attempts': 0}
2026-01-19 13:13:25,339 : INFO : ball_device.bd_plunger : State: waiting_for_ball
2026-01-19 13:13:25,339 : INFO : ball_device.bd_trough : State: ejecting
2026-01-19 13:13:25,339 : INFO : ball_device.bd_trough : Ejecting ball to <ball_device.bd_plunger>
2026-01-19 13:13:25,340 : INFO : EventManager : Event: ======'balldevice_bd_trough_ejecting_ball'====== Args={'balls': 1, 'target': <ball_device.bd_plunger>, 'source': <ball_device.bd_trough>, 'mechanical_eject': True, 'num_attempts': 0}
2026-01-19 13:13:25,340 : INFO : ball_device.bd_trough : Wait for ball to leave device
2026-01-19 13:13:25,341 : INFO : coil.c_trough_eject : Pulsing Driver for 15ms (1.0 pulse_power)
2026-01-19 13:13:25,341 : INFO : SwitchController : <<<<<<< 's_trough1' inactive >>>>>>>
2026-01-19 13:13:25,342 : INFO : ball_device.bd_trough : State: ball_left
2026-01-19 13:13:25,342 : INFO : ball_device.bd_trough : Ball left
2026-01-19 13:13:25,342 : INFO : ball_device.bd_trough : Wait for confirm with timeout 3.0
2026-01-19 13:13:25,344 : INFO : EventManager : Event: ======'slide_base_created'====== Args={'_from_bcp': True}
2026-01-19 13:13:25,344 : INFO : EventManager : Event: ======'play_base_video3'====== Args={'_from_bcp': True}
2026-01-19 13:13:25,456 : INFO : SwitchController : <<<<<<< 's_plunger' active >>>>>>>
2026-01-19 13:13:25,457 : INFO : EventManager : Event: ======'machine_var_audits_switches_s_plunger'====== Args={'value': 2055, 'prev_value': 2054, 'change': 1}
2026-01-19 13:13:25,641 : INFO : EventManager : Event: ======'slide_score_overlay_created'====== Args={'_from_bcp': True}
2026-01-19 13:13:25,902 : INFO : EventManager : Event: ======'slide_super_circles_created'====== Args={'_from_bcp': True}
2026-01-19 13:13:25,903 : INFO : EventManager : Event: ======'slide_attract_load_inactive'====== Args={'is_removing': True, '_from_bcp': True}
2026-01-19 13:13:25,903 : INFO : EventManager : Event: ======'slide_super_circles_active'====== Args={'original_context': 'base', 'original_calling_context': 'mode_base_started', 'priority': 100.0, 'queue': '<QueuedEvent>', 'player': 1.0, 'ball': 1.0, 'balls_remaining': 2.0, 'is_extra_ball': False, 'cmd': 'slides_play', '_from_bcp': True}
2026-01-19 13:13:25,910 : INFO : EventManager : Event: ======'slide_attract_load_removed'====== Args={'_from_bcp': True}
2026-01-19 13:13:25,972 : INFO : ball_device.bd_plunger : Received ball from <ball_device.bd_trough>
2026-01-19 13:13:25,972 : INFO : EventManager : Event: ======'balldevice_bd_plunger_ball_enter'====== Args={'new_balls': 1, 'unclaimed_balls': 0, 'new_available_balls': 0, 'device': <ball_device.bd_plunger>}
2026-01-19 13:13:25,972 : INFO : EventManager : Event: ======'balldevice_bd_plunger_ball_entered'====== Args={'new_balls': 0, 'device': <ball_device.bd_plunger>}
2026-01-19 13:13:25,972 : INFO : EventManager : Event: ======'balldevice_bd_plunger_ball_count_changed'====== Args={'balls': 1}
2026-01-19 13:13:25,973 : INFO : ball_device.bd_trough : Got eject confirm
2026-01-19 13:13:25,973 : INFO : ball_device.bd_trough : Eject successful
2026-01-19 13:13:25,973 : INFO : EventManager : Event: ======'balldevice_bd_trough_ball_eject_success'====== Args={'balls': 1, 'target': <ball_device.bd_plunger>}
2026-01-19 13:13:25,973 : INFO : ball_device.bd_plunger : State: waiting_for_target_ready
2026-01-19 13:13:25,973 : INFO : EventManager : Event: ======'balldevice_bd_plunger_ball_eject_attempt'====== Args={'balls': 1, 'target': <playfield.playfield>, 'source': <ball_device.bd_plunger>, 'mechanical_eject': True, 'num_attempts': 0}
2026-01-19 13:13:25,973 : INFO : EventManager : Event: ======'balldevice_bd_trough_ball_count_changed'====== Args={'balls': 5}
2026-01-19 13:13:25,973 : INFO : ball_device.bd_trough : State: idle
2026-01-19 13:13:25,973 : INFO : ball_device.bd_plunger : State: ejecting
2026-01-19 13:13:25,973 : INFO : ball_device.bd_plunger : Ejecting ball to <playfield.playfield>
2026-01-19 13:13:25,973 : INFO : EventManager : Event: ======'balldevice_bd_plunger_ejecting_ball'====== Args={'balls': 1, 'target': <playfield.playfield>, 'source': <ball_device.bd_plunger>, 'mechanical_eject': True, 'num_attempts': 0}
2026-01-19 13:13:25,974 : INFO : ball_device.bd_plunger : Wait for ball to leave device
2026-01-19 13:13:26,043 : INFO : EventManager : Event: ======'slide_current_mode_highlighted_created'====== Args={'_from_bcp': True}
2026-01-19 13:13:26,043 : INFO : EventManager : Event: ======'random_mode_picker_highplainsdrifter'====== Args={'_from_bcp': True}
2026-01-19 13:13:26,043 : INFO : EventManager : Event: ======'carousel_advance'====== Args={'priority': 0}
2026-01-19 13:13:26,043 : INFO : EventManager : Event: ======'carousel_advance_2'====== Args={'priority': 0}
2026-01-19 13:13:26,043 : INFO : EventManager : Event: ======'carousel_advance_3'====== Args={'priority': 0}
2026-01-19 13:13:26,043 : INFO : EventManager : Event: ======'carousel_advance_4'====== Args={'priority': 0}
2026-01-19 13:13:26,043 : INFO : EventManager : Event: ======'carousel_item_highlighted'====== Args={'carousel': 'carousel', 'direction': 'forwards', 'item': 'paulrevere'}
2026-01-19 13:13:26,044 : INFO : EventManager : Event: ======'carousel_item_highlighted'====== Args={'carousel': 'carousel', 'direction': 'forwards', 'item': 'tripletrouble'}
2026-01-19 13:13:26,044 : INFO : EventManager : Event: ======'carousel_item_highlighted'====== Args={'carousel': 'carousel', 'direction': 'forwards', 'item': 'sabotage'}
2026-01-19 13:13:26,044 : INFO : EventManager : Event: ======'carousel_item_highlighted'====== Args={'carousel': 'carousel', 'direction': 'forwards', 'item': 'highplainsdrifter'}
2026-01-19 13:13:26,058 : INFO : EventManager : Event: ======'slide_skillshot_overlay_leftoutlane_created'====== Args={'_from_bcp': True}
2026-01-19 13:13:26,059 : INFO : EventManager : Event: ======'slide_super_circles_inactive'====== Args={'is_removing': False, '_from_bcp': True}
2026-01-19 13:13:26,059 : INFO : EventManager : Event: ======'slide_skillshot_overlay_leftoutlane_active'====== Args={'original_context': 'skill_shot', 'original_calling_context': 'player_shot_skillshot_left_outlane{device.shots.skillshot_left_outlane.state==1}', 'priority': 500.0, 'value': 1.0, 'prev_value': 0.0, 'change': 1.0, 'player_num': 1.0, 'cmd': 'slides_play', '_from_bcp': True}
2026-01-19 13:13:26,072 : INFO : EventManager : Event: ======'slide_basevideo3_created'====== Args={'_from_bcp': True}
2026-01-19 13:13:26,597 : INFO : SwitchController : <<<<<<< 's_plunger' inactive >>>>>>>
2026-01-19 13:13:26,597 : INFO : EventManager : Event: ======'ball_out'====== Args={}
2026-01-19 13:13:26,597 : INFO : EventManager : Event: ======'ball_save_default_timer_start'====== Args={}
2026-01-19 13:13:26,597 : INFO : ball_device.bd_plunger : State: ball_left
2026-01-19 13:13:26,598 : INFO : ball_device.bd_plunger : Ball left
2026-01-19 13:13:26,598 : INFO : ball_device.bd_plunger : Wait for confirm with timeout 3.0
2026-01-19 13:13:27,095 : INFO : SwitchController : <<<<<<< 's_three_bank_top' active >>>>>>>
2026-01-19 13:13:27,096 : INFO : EventManager : Event: ======'playfield_active'====== Args={'source': 'skillshot_drop_targets'}
2026-01-19 13:13:27,096 : INFO : EventManager : Event: ======'playfield_active'====== Args={'source': 'top_drop'}
2026-01-19 13:13:27,096 : INFO : EventManager : Event: ======'s_three_bank_top_active'====== Args={}
2026-01-19 13:13:27,096 : INFO : EventManager : Event: ======'playfield_active'====== Args={'source': 'top'}
2026-01-19 13:13:27,096 : INFO : EventManager : Event: ======'drop_target_top_down'====== Args={'device': <drop_target.top>}
2026-01-19 13:13:27,096 : INFO : EventManager : Event: ======'drop_target_bank_three_bank_mixed'====== Args={'prev_value': <DropTargetBankState.UP: 'up'>, 'down': 1}
2026-01-19 13:13:27,096 : INFO : EventManager : Event: ======'machine_var_audits_switches_s_three_bank_top'====== Args={'value': 1102, 'prev_value': 1101, 'change': 1}
2026-01-19 13:13:27,097 : INFO : EventManager : Event: ======'player_shot_skillshot_drop_targets'====== Args={'value': 1, 'prev_value': 0, 'change': 1, 'player_num': 1}
2026-01-19 13:13:27,098 : INFO : EventManager : Event: ======'machine_var_audits_shots_skillshot_drop_targets'====== Args={'value': 507, 'prev_value': 506, 'change': 1}
2026-01-19 13:13:27,098 : INFO : EventManager : Event: ======'skillshot_drop_targets_hit'====== Args={'profile': 'skill_shot_profile', 'state': 'off', 'advancing': True}
2026-01-19 13:13:27,098 : INFO : EventManager : Event: ======'skillshot_drop_targets_skill_shot_profile_hit'====== Args={'profile': 'skill_shot_profile', 'state': 'off', 'advancing': True}
2026-01-19 13:13:27,098 : INFO : EventManager : Event: ======'skillshot_drop_targets_skill_shot_profile_off_hit'====== Args={'profile': 'skill_shot_profile', 'state': 'off', 'advancing': True}
2026-01-19 13:13:27,098 : INFO : EventManager : Event: ======'skillshot_drop_targets_off_hit'====== Args={'profile': 'skill_shot_profile', 'state': 'off', 'advancing': True}
2026-01-19 13:13:27,098 : INFO : EventManager : Event: ======'machine_var_audits_shots_top_drop'====== Args={'value': 563, 'prev_value': 562, 'change': 1}
2026-01-19 13:13:27,098 : INFO : EventManager : Event: ======'top_drop_hit'====== Args={'profile': 'base_shot_profile', 'state': 'off', 'advancing': False}
2026-01-19 13:13:27,098 : INFO : EventManager : Event: ======'top_drop_base_shot_profile_hit'====== Args={'profile': 'base_shot_profile', 'state': 'off', 'advancing': False}
2026-01-19 13:13:27,098 : INFO : EventManager : Event: ======'top_drop_base_shot_profile_off_hit'====== Args={'profile': 'base_shot_profile', 'state': 'off', 'advancing': False}
2026-01-19 13:13:27,098 : INFO : EventManager : Event: ======'top_drop_off_hit'====== Args={'profile': 'base_shot_profile', 'state': 'off', 'advancing': False}
2026-01-19 13:13:27,099 : INFO : EventManager : Event: ======'skillshot_hit'====== Args={'shot': 'skillshot_drop_targets'}
2026-01-19 13:13:27,099 : INFO : EventManager : Event: ======'skillshot_off_hit'====== Args={'shot': 'skillshot_drop_targets'}
2026-01-19 13:13:27,099 : INFO : EventManager : Event: ======'mode_skill_shot_will_stop'====== Args={}
2026-01-19 13:13:27,099 : INFO : EventManager : Event: ======'mode_skill_shot_stopping'====== Args={}
2026-01-19 13:13:27,099 : INFO : EventManager : Event: ======'player_score'====== Args={'value': 2220, 'prev_value': 0, 'change': 2220, 'player_num': 1, 'source': 'base'}
2026-01-19 13:13:27,099 : INFO : Mode.skill_shot : Stopped.
2026-01-19 13:13:27,100 : INFO : EventManager : Event: ======'modes_active_modes_changed'====== Args={}
2026-01-19 13:13:27,100 : INFO : EventManager : Event: ======'mode_skill_shot_stopped'====== Args={}
2026-01-19 13:13:27,100 : INFO : EventManager : Event: ======'clear'====== Args={'key': 'skill_shot'}
2026-01-19 13:13:27,100 : INFO : Timer.skill_shot_timeout : Stopping Timer
2026-01-19 13:13:27,100 : INFO : EventManager : Event: ======'timer_skill_shot_timeout_stopped'====== Args={'ticks': 0, 'ticks_remaining': 0}
2026-01-19 13:13:27,105 : INFO : ball_device.bd_plunger : Got eject confirm
2026-01-19 13:13:27,105 : INFO : ball_device.bd_plunger : Eject successful
2026-01-19 13:13:27,105 : INFO : EventManager : Event: ======'balldevice_bd_plunger_ball_eject_success'====== Args={'balls': 1, 'target': <playfield.playfield>}
2026-01-19 13:13:27,105 : INFO : EventManager : Event: ======'balldevice_playfield_ball_enter'====== Args={'new_balls': 1, 'unclaimed_balls': 1, 'device': <playfield.playfield>}
2026-01-19 13:13:27,105 : INFO : EventManager : Event: ======'playfield_ball_count_change'====== Args={'balls': 1, 'change': 1}
2026-01-19 13:13:27,105 : INFO : EventManager : Event: ======'balldevice_bd_plunger_ball_count_changed'====== Args={'balls': 0}
2026-01-19 13:13:27,106 : INFO : ball_device.bd_plunger : State: idle
2026-01-19 13:13:27,116 : INFO : EventManager : Event: ======'slide_skillshot_overlay_droptargets_created'====== Args={'_from_bcp': True}
2026-01-19 13:13:27,117 : INFO : EventManager : Event: ======'slide_skillshot_overlay_leftoutlane_inactive'====== Args={'is_removing': False, '_from_bcp': True}
2026-01-19 13:13:27,117 : INFO : EventManager : Event: ======'slide_skillshot_overlay_droptargets_active'====== Args={'original_context': 'skill_shot', 'original_calling_context': 'player_shot_skillshot_drop_targets{device.shots.skillshot_drop_targets.state==1}', 'priority': 500.0, 'value': 1.0, 'prev_value': 0.0, 'change': 1.0, 'player_num': 1.0, 'cmd': 'slides_play', '_from_bcp': True}
2026-01-19 13:13:27,117 : INFO : EventManager : Event: ======'slide_skillshot_overlay_droptargets_inactive'====== Args={'is_removing': True, '_from_bcp': True}
2026-01-19 13:13:27,118 : INFO : EventManager : Event: ======'slide_skillshot_overlay_leftoutlane_active'====== Args={'_from_bcp': True}
2026-01-19 13:13:27,118 : INFO : EventManager : Event: ======'slide_skillshot_overlay_droptargets_removed'====== Args={'_from_bcp': True}
2026-01-19 13:13:27,118 : INFO : EventManager : Event: ======'slide_skillshot_overlay_leftoutlane_inactive'====== Args={'is_removing': True, '_from_bcp': True}
2026-01-19 13:13:27,118 : INFO : EventManager : Event: ======'slide_super_circles_active'====== Args={'_from_bcp': True}
2026-01-19 13:13:27,118 : INFO : EventManager : Event: ======'slide_skillshot_overlay_leftoutlane_removed'====== Args={'_from_bcp': True}
2026-01-19 13:13:28,778 : INFO : SwitchController : <<<<<<< 's_right_lower_pop' active >>>>>>>
2026-01-19 13:13:28,779 : INFO : EventManager : Event: ======'s_right_lower_pop_active'====== Args={}
2026-01-19 13:13:28,779 : INFO : EventManager : Event: ======'machine_var_audits_switches_s_right_lower_pop'====== Args={'value': 1881, 'prev_value': 1880, 'change': 1}
2026-01-19 13:13:28,779 : INFO : EventManager : Event: ======'machine_var_audits_shots_pop3'====== Args={'value': 1098, 'prev_value': 1097, 'change': 1}
2026-01-19 13:13:28,780 : INFO : EventManager : Event: ======'pop3_hit'====== Args={'profile': 'base_shot_profile', 'state': 'off', 'advancing': False}
2026-01-19 13:13:28,780 : INFO : EventManager : Event: ======'pop3_base_shot_profile_hit'====== Args={'profile': 'base_shot_profile', 'state': 'off', 'advancing': False}
2026-01-19 13:13:28,780 : INFO : EventManager : Event: ======'pop3_base_shot_profile_off_hit'====== Args={'profile': 'base_shot_profile', 'state': 'off', 'advancing': False}
2026-01-19 13:13:28,780 : INFO : EventManager : Event: ======'pop3_off_hit'====== Args={'profile': 'base_shot_profile', 'state': 'off', 'advancing': False}
2026-01-19 13:13:28,780 : INFO : EventManager : Event: ======'carousel_item_highlighted'====== Args={'carousel': 'carousel', 'direction': 'backwards', 'item': 'sabotage'}
2026-01-19 13:13:28,780 : INFO : EventManager : Event: ======'player_score'====== Args={'value': 3330, 'prev_value': 2220, 'change': 1110, 'player_num': 1, 'source': 'base'}
2026-01-19 13:13:28,879 : INFO : SwitchController : <<<<<<< 's_right_lower_pop' inactive >>>>>>>
2026-01-19 13:13:30,759 : INFO : SwitchController : <<<<<<< 's_scoop' active >>>>>>>
2026-01-19 13:13:30,759 : INFO : EventManager : Event: ======'s_scoop_active'====== Args={}
2026-01-19 13:13:30,759 : INFO : EventManager : Event: ======'machine_var_audits_switches_s_scoop'====== Args={'value': 999, 'prev_value': 998, 'change': 1}
2026-01-19 13:13:30,760 : INFO : EventManager : Event: ======'machine_var_audits_shots_scoop'====== Args={'value': 654, 'prev_value': 653, 'change': 1}
2026-01-19 13:13:30,760 : INFO : EventManager : Event: ======'scoop_hit'====== Args={'profile': 'base_shot_profile', 'state': 'off', 'advancing': False}
2026-01-19 13:13:30,760 : INFO : EventManager : Event: ======'scoop_base_shot_profile_hit'====== Args={'profile': 'base_shot_profile', 'state': 'off', 'advancing': False}
2026-01-19 13:13:30,761 : INFO : EventManager : Event: ======'scoop_base_shot_profile_off_hit'====== Args={'profile': 'base_shot_profile', 'state': 'off', 'advancing': False}
2026-01-19 13:13:30,761 : INFO : EventManager : Event: ======'scoop_off_hit'====== Args={'profile': 'base_shot_profile', 'state': 'off', 'advancing': False}
2026-01-19 13:13:30,761 : INFO : EventManager : Event: ======'carousel_item_selected'====== Args={'carousel': 'carousel', 'item': 'sabotage'}
2026-01-19 13:13:30,761 : INFO : EventManager : Event: ======'player_score'====== Args={'value': 5640, 'prev_value': 3330, 'change': 2310, 'player_num': 1, 'source': 'base'}
2026-01-19 13:13:30,761 : INFO : EventManager : Event: ======'logicblock_superpops_counter_updated'====== Args={'value': 1, 'enabled': True}
2026-01-19 13:13:30,761 : INFO : EventManager : Event: ======'counter_superpops_counter_hit'====== Args={'count': 1, 'hits': 1, 'remaining': 6}
2026-01-19 13:13:30,761 : INFO : EventManager : Event: ======'logicblock_superpops_counter_hit'====== Args={'count': 1, 'hits': 1, 'remaining': 6}
2026-01-19 13:13:30,762 : INFO : EventManager : Event: ======'mode_carousel_will_stop'====== Args={}
2026-01-19 13:13:30,762 : INFO : EventManager : Event: ======'mode_carousel_stopping'====== Args={}
2026-01-19 13:13:30,762 : INFO : blinkenlight.bl_scoop_arrow_led : Color removed with key carousel
2026-01-19 13:13:30,762 : INFO : Mode.carousel : Stopped.
2026-01-19 13:13:30,762 : INFO : EventManager : Event: ======'modes_active_modes_changed'====== Args={}
2026-01-19 13:13:30,762 : INFO : EventManager : Event: ======'mode_carousel_stopped'====== Args={}
2026-01-19 13:13:30,762 : INFO : EventManager : Event: ======'clear'====== Args={'key': 'carousel'}
2026-01-19 13:13:30,785 : INFO : EventManager : Event: ======'slide_current_mode_highlighted_removed'====== Args={'_from_bcp': True}
2026-01-19 13:13:31,266 : INFO : EventManager : Event: ======'balldevice_bd_scoop_ball_count_changed'====== Args={'balls': 1}
2026-01-19 13:13:31,266 : INFO : ball_device.bd_scoop : Received unexpected ball
2026-01-19 13:13:31,266 : INFO : EventManager : Event: ======'balldevice_captured_from_playfield'====== Args={'balls': 1}
2026-01-19 13:13:31,266 : INFO : EventManager : Event: ======'sw_playfield_active'====== Args={'balls': 1}
2026-01-19 13:13:31,266 : INFO : EventManager : Event: ======'playfield_ball_count_change'====== Args={'balls': 0, 'change': -1}
2026-01-19 13:13:31,266 : INFO : EventManager : Event: ======'balldevice_bd_scoop_ball_enter'====== Args={'new_balls': 1, 'unclaimed_balls': 1, 'new_available_balls': 1, 'device': <ball_device.bd_scoop>}
2026-01-19 13:13:31,267 : INFO : ball_device.bd_scoop : Ejecting 1 unexpected balls using path deque([<ball_device.bd_scoop>, <playfield.playfield>])
2026-01-19 13:13:31,267 : INFO : EventManager : Event: ======'balldevice_balls_available'====== Args={}
2026-01-19 13:13:31,267 : INFO : EventManager : Event: ======'balldevice_balls_available'====== Args={}
2026-01-19 13:13:31,267 : INFO : EventManager : Event: ======'balldevice_bd_scoop_ball_entered'====== Args={'new_balls': 1, 'device': <ball_device.bd_scoop>}
2026-01-19 13:13:31,267 : INFO : ball_device.bd_scoop : State: waiting_for_target_ready
2026-01-19 13:13:31,267 : INFO : EventManager : Event: ======'balldevice_bd_scoop_ball_eject_attempt'====== Args={'balls': 1, 'target': <playfield.playfield>, 'source': <ball_device.bd_scoop>, 'mechanical_eject': False, 'num_attempts': 0}
2026-01-19 13:13:31,268 : INFO : ball_device.bd_scoop : State: ejecting
2026-01-19 13:13:31,268 : INFO : ball_device.bd_scoop : Ejecting ball to <playfield.playfield>
2026-01-19 13:13:31,268 : INFO : EventManager : Event: ======'balldevice_bd_scoop_ejecting_ball'====== Args={'balls': 1, 'target': <playfield.playfield>, 'source': <ball_device.bd_scoop>, 'mechanical_eject': False, 'num_attempts': 0}
2026-01-19 13:13:31,268 : INFO : ball_device.bd_scoop : Wait for ball to leave device
2026-01-19 13:13:31,268 : INFO : coil.c_scoop_eject : Pulsing Driver for 25ms (1.0 pulse_power)
2026-01-19 13:13:31,269 : INFO : SwitchController : <<<<<<< 's_scoop' inactive >>>>>>>
2026-01-19 13:13:31,269 : INFO : ball_device.bd_scoop : State: ball_left
2026-01-19 13:13:31,269 : INFO : ball_device.bd_scoop : Ball left
2026-01-19 13:13:31,269 : INFO : ball_device.bd_scoop : Wait for confirm with timeout 3.0
2026-01-19 13:13:32,610 : INFO : EventManager : Event: ======'ball_save_default_hurry_up'====== Args={}
2026-01-19 13:13:34,280 : INFO : ball_device.bd_scoop : State: failed_confirm
2026-01-19 13:13:34,281 : INFO : ball_device.bd_scoop : Got timeout (3.0s) before confirm from <playfield.playfield>
2026-01-19 13:13:34,389 : INFO : ball_device.bd_scoop : Confirming eject because target is playfield and ball did not return.
2026-01-19 13:13:34,390 : INFO : ball_device.bd_scoop : Eject successful
2026-01-19 13:13:34,390 : INFO : EventManager : Event: ======'balldevice_bd_scoop_ball_eject_success'====== Args={'balls': 1, 'target': <playfield.playfield>}
2026-01-19 13:13:34,390 : INFO : EventManager : Event: ======'balldevice_playfield_ball_enter'====== Args={'new_balls': 1, 'unclaimed_balls': 1, 'device': <playfield.playfield>}
2026-01-19 13:13:34,390 : INFO : EventManager : Event: ======'playfield_ball_count_change'====== Args={'balls': 1, 'change': 1}
2026-01-19 13:13:34,390 : INFO : EventManager : Event: ======'balldevice_bd_scoop_ball_count_changed'====== Args={'balls': 0}
2026-01-19 13:13:34,390 : INFO : ball_device.bd_scoop : State: idle
2026-01-19 13:13:36,554 : INFO : SwitchController : <<<<<<< 's_left_flipper' active >>>>>>>
2026-01-19 13:13:36,555 : INFO : EventManager : Event: ======'s_left_flipper_active'====== Args={}
2026-01-19 13:13:36,555 : INFO : EventManager : Event: ======'machine_var_audits_switches_s_left_flipper'====== Args={'value': 1733, 'prev_value': 1732, 'change': 1}
2026-01-19 13:13:36,577 : INFO : SwitchController : <<<<<<< 's_right_flipper' active >>>>>>>
2026-01-19 13:13:36,578 : INFO : EventManager : Event: ======'s_right_flipper_active'====== Args={}
2026-01-19 13:13:36,578 : INFO : EventManager : Event: ======'flipper_cancel'====== Args={'triggering_group': 2, 'triggering_switch': 's_right_flipper'}
2026-01-19 13:13:36,578 : INFO : EventManager : Event: ======'machine_var_audits_switches_s_right_flipper'====== Args={'value': 2615, 'prev_value': 2614, 'change': 1}
2026-01-19 13:13:36,608 : INFO : EventManager : Event: ======'ball_save_default_grace_period'====== Args={}
2026-01-19 13:13:36,754 : INFO : SwitchController : <<<<<<< 's_left_flipper' inactive >>>>>>>
2026-01-19 13:13:36,755 : INFO : EventManager : Event: ======'sw_left_flipper_inactive'====== Args={}
2026-01-19 13:13:36,755 : INFO : EventManager : Event: ======'both_flippers_one'====== Args={'triggering_group': 1, 'triggering_switch': 's_left_flipper'}
2026-01-19 13:13:36,772 : INFO : SwitchController : <<<<<<< 's_right_flipper' inactive >>>>>>>
2026-01-19 13:13:36,773 : INFO : EventManager : Event: ======'sw_right_flipper_inactive'====== Args={}
2026-01-19 13:13:36,773 : INFO : EventManager : Event: ======'both_flippers_inactive'====== Args={'triggering_group': 2, 'triggering_switch': 's_right_flipper'}
2026-01-19 13:13:38,609 : INFO : EventManager : Event: ======'ball_save_default_disabled'====== Args={}
2026-01-19 13:13:39,970 : INFO : SwitchController : <<<<<<< 's_scoop' active >>>>>>>
2026-01-19 13:13:39,970 : INFO : EventManager : Event: ======'s_scoop_active'====== Args={}
2026-01-19 13:13:39,970 : INFO : EventManager : Event: ======'machine_var_audits_switches_s_scoop'====== Args={'value': 1000, 'prev_value': 999, 'change': 1}
2026-01-19 13:13:39,971 : INFO : EventManager : Event: ======'machine_var_audits_shots_scoop'====== Args={'value': 655, 'prev_value': 654, 'change': 1}
2026-01-19 13:13:39,971 : INFO : EventManager : Event: ======'scoop_hit'====== Args={'profile': 'base_shot_profile', 'state': 'off', 'advancing': False}
2026-01-19 13:13:39,971 : INFO : EventManager : Event: ======'scoop_base_shot_profile_hit'====== Args={'profile': 'base_shot_profile', 'state': 'off', 'advancing': False}
2026-01-19 13:13:39,971 : INFO : EventManager : Event: ======'scoop_base_shot_profile_off_hit'====== Args={'profile': 'base_shot_profile', 'state': 'off', 'advancing': False}
2026-01-19 13:13:39,971 : INFO : EventManager : Event: ======'scoop_off_hit'====== Args={'profile': 'base_shot_profile', 'state': 'off', 'advancing': False}
2026-01-19 13:13:39,971 : INFO : EventManager : Event: ======'player_score'====== Args={'value': 7950, 'prev_value': 5640, 'change': 2310, 'player_num': 1, 'source': 'base'}
2026-01-19 13:13:39,971 : INFO : EventManager : Event: ======'logicblock_superpops_counter_updated'====== Args={'value': 2, 'enabled': True}
2026-01-19 13:13:39,972 : INFO : EventManager : Event: ======'counter_superpops_counter_hit'====== Args={'count': 2, 'hits': 2, 'remaining': 5}
2026-01-19 13:13:39,972 : INFO : EventManager : Event: ======'logicblock_superpops_counter_hit'====== Args={'count': 2, 'hits': 2, 'remaining': 5}
2026-01-19 13:13:40,472 : INFO : EventManager : Event: ======'balldevice_bd_scoop_ball_count_changed'====== Args={'balls': 1}
2026-01-19 13:13:40,472 : INFO : ball_device.bd_scoop : Received unexpected ball
2026-01-19 13:13:40,473 : INFO : EventManager : Event: ======'balldevice_captured_from_playfield'====== Args={'balls': 1}
2026-01-19 13:13:40,473 : INFO : EventManager : Event: ======'sw_playfield_active'====== Args={'balls': 1}
2026-01-19 13:13:40,473 : INFO : EventManager : Event: ======'playfield_ball_count_change'====== Args={'balls': 0, 'change': -1}
2026-01-19 13:13:40,473 : INFO : EventManager : Event: ======'balldevice_bd_scoop_ball_enter'====== Args={'new_balls': 1, 'unclaimed_balls': 1, 'new_available_balls': 1, 'device': <ball_device.bd_scoop>}
2026-01-19 13:13:40,474 : INFO : ball_device.bd_scoop : Ejecting 1 unexpected balls using path deque([<ball_device.bd_scoop>, <playfield.playfield>])
2026-01-19 13:13:40,474 : INFO : EventManager : Event: ======'balldevice_balls_available'====== Args={}
2026-01-19 13:13:40,474 : INFO : EventManager : Event: ======'balldevice_balls_available'====== Args={}
2026-01-19 13:13:40,474 : INFO : EventManager : Event: ======'balldevice_bd_scoop_ball_entered'====== Args={'new_balls': 1, 'device': <ball_device.bd_scoop>}
2026-01-19 13:13:40,475 : INFO : ball_device.bd_scoop : State: waiting_for_target_ready
2026-01-19 13:13:40,475 : INFO : EventManager : Event: ======'balldevice_bd_scoop_ball_eject_attempt'====== Args={'balls': 1, 'target': <playfield.playfield>, 'source': <ball_device.bd_scoop>, 'mechanical_eject': False, 'num_attempts': 0}
2026-01-19 13:13:40,475 : INFO : ball_device.bd_scoop : State: ejecting
2026-01-19 13:13:40,475 : INFO : ball_device.bd_scoop : Ejecting ball to <playfield.playfield>
2026-01-19 13:13:40,475 : INFO : EventManager : Event: ======'balldevice_bd_scoop_ejecting_ball'====== Args={'balls': 1, 'target': <playfield.playfield>, 'source': <ball_device.bd_scoop>, 'mechanical_eject': False, 'num_attempts': 0}
2026-01-19 13:13:40,476 : INFO : ball_device.bd_scoop : Wait for ball to leave device
2026-01-19 13:13:40,476 : INFO : coil.c_scoop_eject : Pulsing Driver for 25ms (1.0 pulse_power)
2026-01-19 13:13:40,476 : INFO : SwitchController : <<<<<<< 's_scoop' inactive >>>>>>>
2026-01-19 13:13:40,476 : INFO : ball_device.bd_scoop : State: ball_left
2026-01-19 13:13:40,476 : INFO : ball_device.bd_scoop : Ball left
2026-01-19 13:13:40,476 : INFO : ball_device.bd_scoop : Wait for confirm with timeout 3.0
2026-01-19 13:13:41,185 : INFO : SwitchController : <<<<<<< 's_scoop' active >>>>>>>
2026-01-19 13:13:41,185 : INFO : EventManager : Event: ======'playfield_active'====== Args={'source': 'skillshot_hideout_plunge'}
2026-01-19 13:13:41,185 : INFO : EventManager : Event: ======'playfield_active'====== Args={'source': 'scoop'}
2026-01-19 13:13:41,185 : INFO : EventManager : Event: ======'s_scoop_active'====== Args={}
2026-01-19 13:13:41,185 : INFO : EventManager : Event: ======'machine_var_audits_switches_s_scoop'====== Args={'value': 1001, 'prev_value': 1000, 'change': 1}
2026-01-19 13:13:41,186 : INFO : EventManager : Event: ======'machine_var_audits_shots_scoop'====== Args={'value': 656, 'prev_value': 655, 'change': 1}
2026-01-19 13:13:41,186 : INFO : EventManager : Event: ======'scoop_hit'====== Args={'profile': 'base_shot_profile', 'state': 'off', 'advancing': False}
2026-01-19 13:13:41,186 : INFO : EventManager : Event: ======'scoop_base_shot_profile_hit'====== Args={'profile': 'base_shot_profile', 'state': 'off', 'advancing': False}
2026-01-19 13:13:41,187 : INFO : EventManager : Event: ======'scoop_base_shot_profile_off_hit'====== Args={'profile': 'base_shot_profile', 'state': 'off', 'advancing': False}
2026-01-19 13:13:41,187 : INFO : EventManager : Event: ======'scoop_off_hit'====== Args={'profile': 'base_shot_profile', 'state': 'off', 'advancing': False}
2026-01-19 13:13:41,187 : INFO : EventManager : Event: ======'player_score'====== Args={'value': 10260, 'prev_value': 7950, 'change': 2310, 'player_num': 1, 'source': 'base'}
2026-01-19 13:13:41,187 : INFO : EventManager : Event: ======'logicblock_superpops_counter_updated'====== Args={'value': 3, 'enabled': True}
2026-01-19 13:13:41,187 : INFO : EventManager : Event: ======'counter_superpops_counter_hit'====== Args={'count': 3, 'hits': 3, 'remaining': 4}
2026-01-19 13:13:41,187 : INFO : EventManager : Event: ======'logicblock_superpops_counter_hit'====== Args={'count': 3, 'hits': 3, 'remaining': 4}
2026-01-19 13:13:41,188 : INFO : ball_device.bd_scoop : Got eject confirm
2026-01-19 13:13:41,188 : INFO : ball_device.bd_scoop : Eject successful
2026-01-19 13:13:41,189 : INFO : EventManager : Event: ======'balldevice_bd_scoop_ball_eject_success'====== Args={'balls': 1, 'target': <playfield.playfield>}
2026-01-19 13:13:41,189 : INFO : EventManager : Event: ======'balldevice_playfield_ball_enter'====== Args={'new_balls': 1, 'unclaimed_balls': 1, 'device': <playfield.playfield>}
2026-01-19 13:13:41,189 : INFO : EventManager : Event: ======'playfield_ball_count_change'====== Args={'balls': 1, 'change': 1}
2026-01-19 13:13:41,189 : INFO : EventManager : Event: ======'balldevice_bd_scoop_ball_count_changed'====== Args={'balls': 0}
2026-01-19 13:13:41,690 : INFO : ball_device.bd_scoop : State: idle
2026-01-19 13:13:41,690 : INFO : EventManager : Event: ======'balldevice_bd_scoop_ball_count_changed'====== Args={'balls': 1}
2026-01-19 13:13:41,690 : INFO : ball_device.bd_scoop : Received unexpected ball
2026-01-19 13:13:41,690 : INFO : EventManager : Event: ======'balldevice_captured_from_playfield'====== Args={'balls': 1}
2026-01-19 13:13:41,691 : INFO : EventManager : Event: ======'sw_playfield_active'====== Args={'balls': 1}
2026-01-19 13:13:41,691 : INFO : EventManager : Event: ======'playfield_ball_count_change'====== Args={'balls': 0, 'change': -1}
2026-01-19 13:13:41,691 : INFO : EventManager : Event: ======'balldevice_bd_scoop_ball_enter'====== Args={'new_balls': 1, 'unclaimed_balls': 1, 'new_available_balls': 1, 'device': <ball_device.bd_scoop>}
2026-01-19 13:13:41,691 : INFO : ball_device.bd_scoop : Ejecting 1 unexpected balls using path deque([<ball_device.bd_scoop>, <playfield.playfield>])
2026-01-19 13:13:41,691 : INFO : EventManager : Event: ======'balldevice_balls_available'====== Args={}
2026-01-19 13:13:41,691 : INFO : EventManager : Event: ======'balldevice_balls_available'====== Args={}
2026-01-19 13:13:41,691 : INFO : EventManager : Event: ======'balldevice_bd_scoop_ball_entered'====== Args={'new_balls': 1, 'device': <ball_device.bd_scoop>}
2026-01-19 13:13:41,691 : INFO : ball_device.bd_scoop : State: waiting_for_target_ready
2026-01-19 13:13:41,691 : INFO : EventManager : Event: ======'balldevice_bd_scoop_ball_eject_attempt'====== Args={'balls': 1, 'target': <playfield.playfield>, 'source': <ball_device.bd_scoop>, 'mechanical_eject': False, 'num_attempts': 0}
2026-01-19 13:13:41,692 : INFO : ball_device.bd_scoop : State: ejecting
2026-01-19 13:13:41,692 : INFO : ball_device.bd_scoop : Ejecting ball to <playfield.playfield>
2026-01-19 13:13:41,692 : INFO : EventManager : Event: ======'balldevice_bd_scoop_ejecting_ball'====== Args={'balls': 1, 'target': <playfield.playfield>, 'source': <ball_device.bd_scoop>, 'mechanical_eject': False, 'num_attempts': 0}
2026-01-19 13:13:41,692 : INFO : ball_device.bd_scoop : Wait for ball to leave device
2026-01-19 13:13:41,692 : INFO : coil.c_scoop_eject : Pulsing Driver for 25ms (1.0 pulse_power)
2026-01-19 13:13:41,693 : INFO : SwitchController : <<<<<<< 's_scoop' inactive >>>>>>>
2026-01-19 13:13:41,693 : INFO : ball_device.bd_scoop : State: ball_left
2026-01-19 13:13:41,693 : INFO : ball_device.bd_scoop : Ball left
2026-01-19 13:13:41,693 : INFO : ball_device.bd_scoop : Wait for confirm with timeout 3.0
2026-01-19 13:13:42,018 : INFO : SwitchController : <<<<<<< 's_scoop' active >>>>>>>
2026-01-19 13:13:42,018 : INFO : EventManager : Event: ======'playfield_active'====== Args={'source': 'skillshot_hideout_plunge'}
2026-01-19 13:13:42,018 : INFO : EventManager : Event: ======'playfield_active'====== Args={'source': 'scoop'}
2026-01-19 13:13:42,019 : INFO : EventManager : Event: ======'machine_var_audits_switches_s_scoop'====== Args={'value': 1002, 'prev_value': 1001, 'change': 1}
2026-01-19 13:13:42,019 : INFO : ball_device.bd_scoop : Got eject confirm
2026-01-19 13:13:42,020 : INFO : ball_device.bd_scoop : Eject successful
2026-01-19 13:13:42,020 : INFO : EventManager : Event: ======'balldevice_bd_scoop_ball_eject_success'====== Args={'balls': 1, 'target': <playfield.playfield>}
2026-01-19 13:13:42,020 : INFO : EventManager : Event: ======'balldevice_playfield_ball_enter'====== Args={'new_balls': 1, 'unclaimed_balls': 1, 'device': <playfield.playfield>}
2026-01-19 13:13:42,020 : INFO : EventManager : Event: ======'playfield_ball_count_change'====== Args={'balls': 1, 'change': 1}
2026-01-19 13:13:42,020 : INFO : EventManager : Event: ======'balldevice_bd_scoop_ball_count_changed'====== Args={'balls': 0}
2026-01-19 13:13:42,206 : INFO : EventManager : Event: ======'s_scoop_active'====== Args={}
2026-01-19 13:13:42,206 : INFO : EventManager : Event: ======'machine_var_audits_shots_scoop'====== Args={'value': 657, 'prev_value': 656, 'change': 1}
2026-01-19 13:13:42,206 : INFO : EventManager : Event: ======'scoop_hit'====== Args={'profile': 'base_shot_profile', 'state': 'off', 'advancing': False}
2026-01-19 13:13:42,206 : INFO : EventManager : Event: ======'scoop_base_shot_profile_hit'====== Args={'profile': 'base_shot_profile', 'state': 'off', 'advancing': False}
2026-01-19 13:13:42,206 : INFO : EventManager : Event: ======'scoop_base_shot_profile_off_hit'====== Args={'profile': 'base_shot_profile', 'state': 'off', 'advancing': False}
2026-01-19 13:13:42,206 : INFO : EventManager : Event: ======'scoop_off_hit'====== Args={'profile': 'base_shot_profile', 'state': 'off', 'advancing': False}
2026-01-19 13:13:42,207 : INFO : EventManager : Event: ======'player_score'====== Args={'value': 12570, 'prev_value': 10260, 'change': 2310, 'player_num': 1, 'source': 'base'}
2026-01-19 13:13:42,207 : INFO : EventManager : Event: ======'logicblock_superpops_counter_updated'====== Args={'value': 4, 'enabled': True}
2026-01-19 13:13:42,207 : INFO : EventManager : Event: ======'counter_superpops_counter_hit'====== Args={'count': 4, 'hits': 4, 'remaining': 3}
2026-01-19 13:13:42,207 : INFO : EventManager : Event: ======'logicblock_superpops_counter_hit'====== Args={'count': 4, 'hits': 4, 'remaining': 3}
2026-01-19 13:13:42,533 : INFO : ball_device.bd_scoop : State: idle
2026-01-19 13:13:42,533 : INFO : EventManager : Event: ======'balldevice_bd_scoop_ball_count_changed'====== Args={'balls': 1}
2026-01-19 13:13:42,533 : INFO : ball_device.bd_scoop : Received unexpected ball
2026-01-19 13:13:42,534 : INFO : EventManager : Event: ======'balldevice_captured_from_playfield'====== Args={'balls': 1}
2026-01-19 13:13:42,534 : INFO : EventManager : Event: ======'sw_playfield_active'====== Args={'balls': 1}
2026-01-19 13:13:42,534 : INFO : EventManager : Event: ======'playfield_ball_count_change'====== Args={'balls': 0, 'change': -1}
2026-01-19 13:13:42,534 : INFO : EventManager : Event: ======'balldevice_bd_scoop_ball_enter'====== Args={'new_balls': 1, 'unclaimed_balls': 1, 'new_available_balls': 1, 'device': <ball_device.bd_scoop>}
2026-01-19 13:13:42,534 : INFO : ball_device.bd_scoop : Ejecting 1 unexpected balls using path deque([<ball_device.bd_scoop>, <playfield.playfield>])
2026-01-19 13:13:42,534 : INFO : EventManager : Event: ======'balldevice_balls_available'====== Args={}
2026-01-19 13:13:42,534 : INFO : EventManager : Event: ======'balldevice_balls_available'====== Args={}
2026-01-19 13:13:42,534 : INFO : EventManager : Event: ======'balldevice_bd_scoop_ball_entered'====== Args={'new_balls': 1, 'device': <ball_device.bd_scoop>}
2026-01-19 13:13:42,534 : INFO : ball_device.bd_scoop : State: waiting_for_target_ready
2026-01-19 13:13:42,535 : INFO : EventManager : Event: ======'balldevice_bd_scoop_ball_eject_attempt'====== Args={'balls': 1, 'target': <playfield.playfield>, 'source': <ball_device.bd_scoop>, 'mechanical_eject': False, 'num_attempts': 0}
2026-01-19 13:13:42,535 : INFO : ball_device.bd_scoop : State: ejecting
2026-01-19 13:13:42,535 : INFO : ball_device.bd_scoop : Ejecting ball to <playfield.playfield>
2026-01-19 13:13:42,535 : INFO : EventManager : Event: ======'balldevice_bd_scoop_ejecting_ball'====== Args={'balls': 1, 'target': <playfield.playfield>, 'source': <ball_device.bd_scoop>, 'mechanical_eject': False, 'num_attempts': 0}
2026-01-19 13:13:42,535 : INFO : ball_device.bd_scoop : Wait for ball to leave device
2026-01-19 13:13:42,535 : INFO : coil.c_scoop_eject : Pulsing Driver for 25ms (1.0 pulse_power)
2026-01-19 13:13:42,535 : INFO : SwitchController : <<<<<<< 's_scoop' inactive >>>>>>>
2026-01-19 13:13:42,536 : INFO : ball_device.bd_scoop : State: ball_left
2026-01-19 13:13:42,536 : INFO : ball_device.bd_scoop : Ball left
2026-01-19 13:13:42,536 : INFO : ball_device.bd_scoop : Wait for confirm with timeout 3.0
2026-01-19 13:13:45,537 : INFO : ball_device.bd_scoop : State: failed_confirm
2026-01-19 13:13:45,537 : INFO : ball_device.bd_scoop : Got timeout (3.0s) before confirm from <playfield.playfield>
2026-01-19 13:13:45,645 : INFO : ball_device.bd_scoop : Confirming eject because target is playfield and ball did not return.
2026-01-19 13:13:45,645 : INFO : ball_device.bd_scoop : Eject successful
2026-01-19 13:13:45,645 : INFO : EventManager : Event: ======'balldevice_bd_scoop_ball_eject_success'====== Args={'balls': 1, 'target': <playfield.playfield>}
2026-01-19 13:13:45,646 : INFO : EventManager : Event: ======'balldevice_playfield_ball_enter'====== Args={'new_balls': 1, 'unclaimed_balls': 1, 'device': <playfield.playfield>}
2026-01-19 13:13:45,646 : INFO : EventManager : Event: ======'playfield_ball_count_change'====== Args={'balls': 1, 'change': 1}
2026-01-19 13:13:45,646 : INFO : EventManager : Event: ======'balldevice_bd_scoop_ball_count_changed'====== Args={'balls': 0}
2026-01-19 13:13:45,646 : INFO : ball_device.bd_scoop : State: idle
2026-01-19 13:13:46,359 : INFO : SwitchController : <<<<<<< 's_right_flipper' active >>>>>>>
2026-01-19 13:13:46,359 : INFO : EventManager : Event: ======'s_right_flipper_active'====== Args={}
2026-01-19 13:13:46,359 : INFO : EventManager : Event: ======'machine_var_audits_switches_s_right_flipper'====== Args={'value': 2616, 'prev_value': 2615, 'change': 1}
2026-01-19 13:13:46,384 : INFO : SwitchController : <<<<<<< 's_left_flipper' active >>>>>>>
2026-01-19 13:13:46,384 : INFO : EventManager : Event: ======'s_left_flipper_active'====== Args={}
2026-01-19 13:13:46,384 : INFO : EventManager : Event: ======'flipper_cancel'====== Args={'triggering_group': 1, 'triggering_switch': 's_left_flipper'}
2026-01-19 13:13:46,384 : INFO : EventManager : Event: ======'machine_var_audits_switches_s_left_flipper'====== Args={'value': 1734, 'prev_value': 1733, 'change': 1}
2026-01-19 13:13:46,559 : INFO : SwitchController : <<<<<<< 's_right_flipper' inactive >>>>>>>
2026-01-19 13:13:46,560 : INFO : EventManager : Event: ======'sw_right_flipper_inactive'====== Args={}
2026-01-19 13:13:46,560 : INFO : EventManager : Event: ======'both_flippers_one'====== Args={'triggering_group': 2, 'triggering_switch': 's_right_flipper'}
2026-01-19 13:13:46,560 : INFO : SwitchController : <<<<<<< 's_left_flipper' inactive >>>>>>>
2026-01-19 13:13:46,560 : INFO : EventManager : Event: ======'sw_left_flipper_inactive'====== Args={}
2026-01-19 13:13:46,560 : INFO : EventManager : Event: ======'both_flippers_inactive'====== Args={'triggering_group': 1, 'triggering_switch': 's_left_flipper'}
2026-01-19 13:13:48,099 : INFO : Machine : Shutting down...
2026-01-19 13:13:48,099 : INFO : EventManager : Event: ======'shutdown'====== Args={}
2026-01-19 13:13:48,099 : INFO : EventManager : Event: ======'mode_service_will_stop'====== Args={}
2026-01-19 13:13:48,099 : INFO : EventManager : Event: ======'mode_service_stopping'====== Args={}
2026-01-19 13:13:48,099 : INFO : Mode.service : Stopped.
2026-01-19 13:13:48,099 : INFO : EventManager : Event: ======'modes_active_modes_changed'====== Args={}
2026-01-19 13:13:48,100 : INFO : EventManager : Event: ======'mode_service_stopped'====== Args={}
2026-01-19 13:13:48,100 : INFO : EventManager : Event: ======'clear'====== Args={'key': 'service'}
2026-01-19 13:13:48,101 : INFO : EventManager : Event: ======'mode_game_will_stop'====== Args={}
2026-01-19 13:13:48,102 : INFO : EventManager : Event: ======'mode_game_stopping'====== Args={}
2026-01-19 13:13:48,102 : INFO : EventManager : Event: ======'mode_multiball_will_stop'====== Args={}
2026-01-19 13:13:48,102 : INFO : EventManager : Event: ======'mode_multiball_stopping'====== Args={}
2026-01-19 13:13:48,102 : INFO : EventManager : Event: ======'mode_batterycharger_will_stop'====== Args={}
2026-01-19 13:13:48,102 : INFO : EventManager : Event: ======'mode_batterycharger_stopping'====== Args={}
2026-01-19 13:13:48,103 : INFO : EventManager : Event: ======'mode_combos_will_stop'====== Args={}
2026-01-19 13:13:48,103 : INFO : EventManager : Event: ======'mode_combos_stopping'====== Args={}
2026-01-19 13:13:48,103 : INFO : EventManager : Event: ======'mode_base_will_stop'====== Args={}
2026-01-19 13:13:48,103 : INFO : EventManager : Event: ======'mode_base_stopping'====== Args={}
2026-01-19 13:13:48,104 : INFO : Mode.base : Stopped.
2026-01-19 13:13:48,104 : INFO : EventManager : Event: ======'modes_active_modes_changed'====== Args={}
2026-01-19 13:13:48,106 : INFO : EventManager : Event: ======'mode_base_stopped'====== Args={}
2026-01-19 13:13:48,106 : INFO : EventManager : Event: ======'clear'====== Args={'key': 'base'}
2026-01-19 13:13:48,112 : INFO : Timer.chcheckitoutfinish_widget_timer : Stopping Timer
2026-01-19 13:13:48,112 : INFO : EventManager : Event: ======'timer_chcheckitoutfinish_widget_timer_stopped'====== Args={'ticks': 0, 'ticks_remaining': 0}
2026-01-19 13:13:48,112 : INFO : Timer.bodymovin_widget_timer : Stopping Timer
2026-01-19 13:13:48,112 : INFO : EventManager : Event: ======'timer_bodymovin_widget_timer_stopped'====== Args={'ticks': 0, 'ticks_remaining': 0}
2026-01-19 13:13:48,112 : INFO : Timer.bodymovin_lock_enabled_widget_timer : Stopping Timer
2026-01-19 13:13:48,112 : INFO : EventManager : Event: ======'timer_bodymovin_lock_enabled_widget_timer_stopped'====== Args={'ticks': 0, 'ticks_remaining': 0}
2026-01-19 13:13:48,112 : INFO : Timer.bodymovin_ball_1_locked_widget_timer : Stopping Timer
2026-01-19 13:13:48,112 : INFO : EventManager : Event: ======'timer_bodymovin_ball_1_locked_widget_timer_stopped'====== Args={'ticks': 0, 'ticks_remaining': 0}
2026-01-19 13:13:48,112 : INFO : Timer.bodymovin_ball_2_locked_widget_timer : Stopping Timer
2026-01-19 13:13:48,112 : INFO : EventManager : Event: ======'timer_bodymovin_ball_2_locked_widget_timer_stopped'====== Args={'ticks': 0, 'ticks_remaining': 0}
2026-01-19 13:13:48,113 : INFO : Mode.combos : Stopped.
2026-01-19 13:13:48,113 : INFO : EventManager : Event: ======'modes_active_modes_changed'====== Args={}
2026-01-19 13:13:48,113 : INFO : EventManager : Event: ======'mode_combos_stopped'====== Args={}
2026-01-19 13:13:48,113 : INFO : EventManager : Event: ======'clear'====== Args={'key': 'combos'}
2026-01-19 13:13:48,120 : INFO : Mode.batterycharger : Stopped.
2026-01-19 13:13:48,120 : INFO : EventManager : Event: ======'modes_active_modes_changed'====== Args={}
2026-01-19 13:13:48,121 : INFO : EventManager : Event: ======'mode_batterycharger_stopped'====== Args={}
2026-01-19 13:13:48,121 : INFO : EventManager : Event: ======'clear'====== Args={'key': 'batterycharger'}
2026-01-19 13:13:48,121 : INFO : Mode.multiball : Stopped.
2026-01-19 13:13:48,121 : INFO : EventManager : Event: ======'modes_active_modes_changed'====== Args={}
2026-01-19 13:13:48,121 : INFO : EventManager : Event: ======'mode_multiball_stopped'====== Args={}
2026-01-19 13:13:48,121 : INFO : EventManager : Event: ======'clear'====== Args={'key': 'multiball'}
2026-01-19 13:13:48,122 : INFO : Mode.game : Stopped.
2026-01-19 13:13:48,122 : INFO : EventManager : Event: ======'modes_active_modes_changed'====== Args={}
2026-01-19 13:13:48,123 : INFO : EventManager : Event: ======'mode_game_stopped'====== Args={}
2026-01-19 13:13:48,123 : INFO : EventManager : Event: ======'clear'====== Args={'key': 'game'}
2026-01-19 13:13:48,127 : INFO : root : MPF run loop ended.
