2026-02-14 10:22:53,525 : INFO : root : Loading config.
2026-02-14 10:22:53,529 : INFO : YamlMultifileConfigLoader : Machine config file #1: config.yaml
2026-02-14 10:22:53,530 : INFO : ConfigProcessor : Loading config from cache: C:\Users\sdona\AppData\Local\Temp\3b8fca15c900b8c5017593b227e0c010.mpf_cache
2026-02-14 10:22:53,649 : INFO : ConfigProcessor : Loading config from cache: C:\Users\sdona\AppData\Local\Temp\f6660a7d6ef93b3364a89f3863bac82d.mpf_cache
2026-02-14 10:22:53,650 : INFO : ConfigProcessor : Loading config from cache: C:\Users\sdona\AppData\Local\Temp\63a1edb72ce8f5a08e3b0bd829aa2a0d.mpf_cache
2026-02-14 10:22:53,651 : INFO : ConfigProcessor : Loading config from cache: C:\Users\sdona\AppData\Local\Temp\c340ec0033d1055cd797ffd5447ef414.mpf_cache
2026-02-14 10:22:53,653 : INFO : ConfigProcessor : Loading config from cache: C:\Users\sdona\AppData\Local\Temp\f6660a7d6ef93b3364a89f3863bac82d.mpf_cache
2026-02-14 10:22:53,654 : INFO : ConfigProcessor : Loading config from cache: C:\Users\sdona\AppData\Local\Temp\8c11a28e3c38d4ad47947b6a126f2ee9.mpf_cache
2026-02-14 10:22:53,654 : INFO : ConfigProcessor : Loading config from cache: C:\Users\sdona\AppData\Local\Temp\e391083cdc9e667060411fe5838e93f2.mpf_cache
2026-02-14 10:22:53,655 : INFO : ConfigProcessor : Loading config from cache: C:\Users\sdona\AppData\Local\Temp\f0c219a993d891ee86dcb7eae47dde67.mpf_cache
2026-02-14 10:22:53,656 : INFO : ConfigProcessor : Loading config from cache: C:\Users\sdona\AppData\Local\Temp\96aa58108928490b129531848cd9b506.mpf_cache
2026-02-14 10:22:53,656 : INFO : ConfigProcessor : Loading config from cache: C:\Users\sdona\AppData\Local\Temp\567636b9d9766e3361204e954a8382da.mpf_cache
2026-02-14 10:22:53,657 : INFO : ConfigProcessor : Loading config from cache: C:\Users\sdona\AppData\Local\Temp\8f47ddcaffd9506a6ab610332e5e93e6.mpf_cache
2026-02-14 10:22:53,658 : INFO : ConfigProcessor : Loading config from cache: C:\Users\sdona\AppData\Local\Temp\112f935d1c2002cb40d3e6e497be9e7c.mpf_cache
2026-02-14 10:22:53,659 : INFO : ConfigProcessor : Loading config from cache: C:\Users\sdona\AppData\Local\Temp\a4c67531f25fc6af6ec97b4ab4b5e0a4.mpf_cache
2026-02-14 10:22:53,660 : INFO : ConfigProcessor : Loading config from cache: C:\Users\sdona\AppData\Local\Temp\de8ed6c6d4c48d1b5b054ff74222cb35.mpf_cache
2026-02-14 10:22:53,661 : INFO : ConfigProcessor : Loading config from cache: C:\Users\sdona\AppData\Local\Temp\0511702d1aff7294933b3415dcc6bcd8.mpf_cache
2026-02-14 10:22:53,662 : INFO : ConfigProcessor : Loading config from cache: C:\Users\sdona\AppData\Local\Temp\3eebd8fc985a6907aa555c0256177d6c.mpf_cache
2026-02-14 10:22:53,663 : INFO : ConfigProcessor : Loading config from cache: C:\Users\sdona\AppData\Local\Temp\7f047f20ee2604e573d0056474eb225c.mpf_cache
2026-02-14 10:22:53,664 : INFO : ConfigProcessor : Loading config from cache: C:\Users\sdona\AppData\Local\Temp\7cbf965458447bfe6339fd0c6d804285.mpf_cache
2026-02-14 10:22:53,665 : INFO : ConfigProcessor : Loading config from cache: C:\Users\sdona\AppData\Local\Temp\c09cbc2eb967f07064f0c7aeb253df93.mpf_cache
2026-02-14 10:22:53,665 : INFO : ConfigProcessor : Loading config from cache: C:\Users\sdona\AppData\Local\Temp\3e3e819377c518a390ee259f491dfb06.mpf_cache
2026-02-14 10:22:53,666 : INFO : ConfigProcessor : Loading config from cache: C:\Users\sdona\AppData\Local\Temp\1bbdf2c973c297bc3add8824c296f9ca.mpf_cache
2026-02-14 10:22:53,667 : INFO : ConfigProcessor : Loading config from cache: C:\Users\sdona\AppData\Local\Temp\8743abc5a0185ade0d9653d9d4dd60e6.mpf_cache
2026-02-14 10:22:53,668 : WARNING : ConfigProcessor : Config file in cache changed: C:\venv\mpf\mmmdrop\modes\bodymovin\config\bodymovin.yaml
2026-02-14 10:22:53,668 : INFO : ConfigProcessor : Loading config from file C:\venv\mpf\mmmdrop\modes\bodymovin\config\bodymovin.yaml.
2026-02-14 10:22:53,697 : INFO : ConfigProcessor : Loading config: C:\venv\mpf\mmmdrop\modes\bodymovin\config\bodymovin.yaml
2026-02-14 10:22:53,698 : INFO : ConfigProcessor : Config file cache created: C:\Users\sdona\AppData\Local\Temp\bc1a93e04317e488751dae7b5251780b.mpf_cache
2026-02-14 10:22:53,699 : INFO : ConfigProcessor : Loading config from cache: C:\Users\sdona\AppData\Local\Temp\8a267c6d1ad3bd205388d8363e4a5749.mpf_cache
2026-02-14 10:22:53,700 : INFO : ConfigProcessor : Loading config from cache: C:\Users\sdona\AppData\Local\Temp\507fc1d02e2e92e18a6830a59c5dcf80.mpf_cache
2026-02-14 10:22:53,700 : INFO : ConfigProcessor : Loading config from cache: C:\Users\sdona\AppData\Local\Temp\1d2961d421c758b6953fd569505e4b2d.mpf_cache
2026-02-14 10:22:53,701 : INFO : ConfigProcessor : Loading config from cache: C:\Users\sdona\AppData\Local\Temp\9e72e5fa0fd05160f49186c6524c14c9.mpf_cache
2026-02-14 10:22:53,702 : INFO : ConfigProcessor : Loading config from cache: C:\Users\sdona\AppData\Local\Temp\f7ea71975115b23719e8d60bf22b5425.mpf_cache
2026-02-14 10:22:53,703 : INFO : ConfigProcessor : Loading config from cache: C:\Users\sdona\AppData\Local\Temp\56c9cddbcff0d1410386b266159a0775.mpf_cache
2026-02-14 10:22:53,703 : INFO : ConfigProcessor : Loading config from cache: C:\Users\sdona\AppData\Local\Temp\6c385f71891889a392ac696568578c7f.mpf_cache
2026-02-14 10:22:53,704 : INFO : ConfigProcessor : Loading config from cache: C:\Users\sdona\AppData\Local\Temp\8bff58349a5bdf4b88bcb50c5fc898e7.mpf_cache
2026-02-14 10:22:53,705 : INFO : ConfigProcessor : Loading config from cache: C:\Users\sdona\AppData\Local\Temp\e6b55d6a1c06b0dd6369c964181bf8d3.mpf_cache
2026-02-14 10:22:53,706 : INFO : ConfigProcessor : Loading config from cache: C:\Users\sdona\AppData\Local\Temp\c400bf69dd848f9ec4f3356496b25a78.mpf_cache
2026-02-14 10:22:53,706 : INFO : ConfigProcessor : Loading config from cache: C:\Users\sdona\AppData\Local\Temp\b5a54abfbba58cd6005650aabe85cb35.mpf_cache
2026-02-14 10:22:53,707 : INFO : ConfigProcessor : Loading config from cache: C:\Users\sdona\AppData\Local\Temp\b9cf3f1e934d5266c0035de47faec02b.mpf_cache
2026-02-14 10:22:53,707 : INFO : ConfigProcessor : Loading config from cache: C:\Users\sdona\AppData\Local\Temp\67d6cae7afaea6fe987e87f8d3a3ea21.mpf_cache
2026-02-14 10:22:53,708 : INFO : ConfigProcessor : Loading config from cache: C:\Users\sdona\AppData\Local\Temp\e4c5b832148a7d383976fcf70408e8af.mpf_cache
2026-02-14 10:22:53,709 : INFO : ConfigProcessor : Loading config from cache: C:\Users\sdona\AppData\Local\Temp\dce98d0c8129174f78168c3f3b9d3db8.mpf_cache
2026-02-14 10:22:53,709 : INFO : ConfigProcessor : Loading config from cache: C:\Users\sdona\AppData\Local\Temp\141b19e6c0168c485bbb38b6543175a8.mpf_cache
2026-02-14 10:22:53,709 : INFO : ConfigProcessor : Loading config from cache: C:\Users\sdona\AppData\Local\Temp\ada3b5b562837d919d62b9df0d0de8d3.mpf_cache
2026-02-14 10:22:53,710 : INFO : ConfigProcessor : Loading config from cache: C:\Users\sdona\AppData\Local\Temp\4e6dd3b0a361d042ad5ab93a8cc8b437.mpf_cache
2026-02-14 10:22:53,711 : INFO : ConfigProcessor : Loading config from cache: C:\Users\sdona\AppData\Local\Temp\e97c871403fe82070ff249d62d7cfe22.mpf_cache
2026-02-14 10:22:53,711 : INFO : ConfigProcessor : Loading config from cache: C:\Users\sdona\AppData\Local\Temp\64b6da5876f56fc970400d85dfe882ec.mpf_cache
2026-02-14 10:22:53,712 : INFO : ConfigProcessor : Loading config from cache: C:\Users\sdona\AppData\Local\Temp\c5a11fc9367393a964e333a780e846f7.mpf_cache
2026-02-14 10:22:53,713 : INFO : ConfigProcessor : Loading config from cache: C:\Users\sdona\AppData\Local\Temp\2816335dd466496617c9461f091e66f7.mpf_cache
2026-02-14 10:22:53,714 : INFO : ConfigProcessor : Loading config from cache: C:\Users\sdona\AppData\Local\Temp\6359f7257429add2d261e94bcafd60d5.mpf_cache
2026-02-14 10:22:53,714 : INFO : ConfigProcessor : Loading config from cache: C:\Users\sdona\AppData\Local\Temp\e1f034e230342bd5fff9d9c9df707a6d.mpf_cache
2026-02-14 10:22:53,715 : INFO : ConfigProcessor : Loading config from cache: C:\Users\sdona\AppData\Local\Temp\bed2bac5ea254e8ca98f6dd45e865fd8.mpf_cache
2026-02-14 10:22:53,715 : INFO : ConfigProcessor : Loading config from cache: C:\Users\sdona\AppData\Local\Temp\48e8797b77339ec89f8005d20046fbbb.mpf_cache
2026-02-14 10:22:53,716 : INFO : ConfigProcessor : Loading config from cache: C:\Users\sdona\AppData\Local\Temp\b0b8ed4dbd306ac2f063788d81ec6bc4.mpf_cache
2026-02-14 10:22:53,716 : INFO : ConfigProcessor : Loading config from cache: C:\Users\sdona\AppData\Local\Temp\98b42cbd2eba7845afea8d7862634639.mpf_cache
2026-02-14 10:22:53,717 : INFO : ConfigProcessor : Loading config from cache: C:\Users\sdona\AppData\Local\Temp\44893055a228bb5e0381bfc6f9c0abd7.mpf_cache
2026-02-14 10:22:53,717 : INFO : ConfigProcessor : Loading config from cache: C:\Users\sdona\AppData\Local\Temp\2042660f443afc84f0703d0905ba54ee.mpf_cache
2026-02-14 10:22:53,718 : INFO : ConfigProcessor : Loading config from cache: C:\Users\sdona\AppData\Local\Temp\dd7647dd44793170b37285bb75f4ccd8.mpf_cache
2026-02-14 10:22:53,718 : INFO : ConfigProcessor : Loading config from cache: C:\Users\sdona\AppData\Local\Temp\e2d7f53c0c71e4d0bd9bdd0119e59cc4.mpf_cache
2026-02-14 10:22:53,719 : INFO : ConfigProcessor : Loading config from cache: C:\Users\sdona\AppData\Local\Temp\8c6fac435f6ad554a9aceeec6bf90d60.mpf_cache
2026-02-14 10:22:53,719 : INFO : ConfigProcessor : Loading config from cache: C:\Users\sdona\AppData\Local\Temp\189e01913405dcf21368edf880785f17.mpf_cache
2026-02-14 10:22:53,720 : INFO : ConfigProcessor : Loading config from cache: C:\Users\sdona\AppData\Local\Temp\9c2447d5008e5c2337580412edd81bce.mpf_cache
2026-02-14 10:22:53,720 : INFO : ConfigProcessor : Loading config from cache: C:\Users\sdona\AppData\Local\Temp\ecb35127b61fe2c3f803378f52b53af8.mpf_cache
2026-02-14 10:22:53,721 : INFO : ConfigProcessor : Loading config from cache: C:\Users\sdona\AppData\Local\Temp\a453bc519324a010fc5f97d23b1d6283.mpf_cache
2026-02-14 10:22:53,721 : INFO : ConfigProcessor : Loading config from cache: C:\Users\sdona\AppData\Local\Temp\e134e8f85ba8fa9c3d7f1500ca292437.mpf_cache
2026-02-14 10:22:53,722 : INFO : ConfigProcessor : Loading config from cache: C:\Users\sdona\AppData\Local\Temp\b24b6909ee6e0520126bbce60d1ed210.mpf_cache
2026-02-14 10:22:53,722 : INFO : ConfigProcessor : Loading config from cache: C:\Users\sdona\AppData\Local\Temp\cba807ea4a81180f6dd01afffacec8ed.mpf_cache
2026-02-14 10:22:53,723 : INFO : ConfigProcessor : Loading config from cache: C:\Users\sdona\AppData\Local\Temp\1ea2aa0876194c7260510f0845fe4bfe.mpf_cache
2026-02-14 10:22:53,724 : INFO : ConfigProcessor : Loading config from cache: C:\Users\sdona\AppData\Local\Temp\a173d53041ed6761e8719c2951eee9e5.mpf_cache
2026-02-14 10:22:53,725 : INFO : ConfigProcessor : Loading config from cache: C:\Users\sdona\AppData\Local\Temp\f071e720e1ef2a753ced60502153911a.mpf_cache
2026-02-14 10:22:53,725 : INFO : ConfigProcessor : Loading config from cache: C:\Users\sdona\AppData\Local\Temp\a464c65b0880a71dbe3e02b1f7271abd.mpf_cache
2026-02-14 10:22:53,726 : INFO : ConfigProcessor : Loading config from cache: C:\Users\sdona\AppData\Local\Temp\b4bf5fa77bdb26872f42159f572a3499.mpf_cache
2026-02-14 10:22:53,726 : INFO : ConfigProcessor : Loading config from cache: C:\Users\sdona\AppData\Local\Temp\cd6f6abb19272a94675a232f8f899ac9.mpf_cache
2026-02-14 10:22:53,727 : INFO : ConfigProcessor : Loading config from cache: C:\Users\sdona\AppData\Local\Temp\5c997126cef538283363f6706780c8e5.mpf_cache
2026-02-14 10:22:53,727 : INFO : ConfigProcessor : Loading config from cache: C:\Users\sdona\AppData\Local\Temp\51c405745738281c3f5e2edc082329f1.mpf_cache
2026-02-14 10:22:53,728 : INFO : ConfigProcessor : Loading config from cache: C:\Users\sdona\AppData\Local\Temp\cbc61a9ec21d345237ebbced62572970.mpf_cache
2026-02-14 10:22:53,729 : INFO : ConfigProcessor : Loading config from cache: C:\Users\sdona\AppData\Local\Temp\c25e7c71bc90546538d4e68911be6658.mpf_cache
2026-02-14 10:22:53,729 : INFO : ConfigProcessor : Loading config from cache: C:\Users\sdona\AppData\Local\Temp\3f778658fc8e6107c1e17d48b06d7ee6.mpf_cache
2026-02-14 10:22:53,730 : INFO : ConfigProcessor : Loading config from cache: C:\Users\sdona\AppData\Local\Temp\b7a51086f1e3c926b3977a0d025a1faa.mpf_cache
2026-02-14 10:22:53,731 : INFO : ConfigProcessor : Loading config from cache: C:\Users\sdona\AppData\Local\Temp\479eb3ca656e084fa2e092204a5b8039.mpf_cache
2026-02-14 10:22:53,732 : INFO : ConfigProcessor : Loading config from cache: C:\Users\sdona\AppData\Local\Temp\bdb81eccbf19551abd8bea5fafeca7c0.mpf_cache
2026-02-14 10:22:53,732 : INFO : ConfigProcessor : Loading config from cache: C:\Users\sdona\AppData\Local\Temp\8f065719b93e886777277178babee650.mpf_cache
2026-02-14 10:22:53,733 : INFO : ConfigProcessor : Loading config from cache: C:\Users\sdona\AppData\Local\Temp\7fef0463a0df344c3146c845257ec616.mpf_cache
2026-02-14 10:22:53,733 : INFO : ConfigProcessor : Loading config from cache: C:\Users\sdona\AppData\Local\Temp\a4f333ad36a077996c49298642b6bdcf.mpf_cache
2026-02-14 10:22:53,734 : INFO : ConfigProcessor : Loading config from cache: C:\Users\sdona\AppData\Local\Temp\e8d69d74f27089cda2650299e9916804.mpf_cache
2026-02-14 10:22:53,734 : INFO : ConfigProcessor : Loading config from cache: C:\Users\sdona\AppData\Local\Temp\05530f35bd950f18d27d3fd571d96823.mpf_cache
2026-02-14 10:22:53,735 : INFO : ConfigProcessor : Loading config from cache: C:\Users\sdona\AppData\Local\Temp\fc1e3f85304c911eb844eb65d36e61be.mpf_cache
2026-02-14 10:22:53,735 : INFO : ConfigProcessor : Loading config from cache: C:\Users\sdona\AppData\Local\Temp\53223d3922288729ee504c1b2a98bb55.mpf_cache
2026-02-14 10:22:53,736 : INFO : ConfigProcessor : Loading config from cache: C:\Users\sdona\AppData\Local\Temp\8d20136ddb274338050d1d1ccc1a5e4f.mpf_cache
2026-02-14 10:22:53,736 : INFO : ConfigProcessor : Loading config from cache: C:\Users\sdona\AppData\Local\Temp\1254d50720d6d5d0da0e84e29cdbaa7a.mpf_cache
2026-02-14 10:22:53,737 : INFO : ConfigProcessor : Loading config from cache: C:\Users\sdona\AppData\Local\Temp\1a7ae31e9f779b1261e3d1eee1831b27.mpf_cache
2026-02-14 10:22:53,737 : INFO : ConfigProcessor : Loading config from cache: C:\Users\sdona\AppData\Local\Temp\8e3ea42c38f2105e0d9462648474c540.mpf_cache
2026-02-14 10:22:53,738 : INFO : ConfigProcessor : Loading config from cache: C:\Users\sdona\AppData\Local\Temp\a61b86d39bcc5a5ea0a5885549542355.mpf_cache
2026-02-14 10:22:53,739 : INFO : ConfigProcessor : Loading config from cache: C:\Users\sdona\AppData\Local\Temp\0be197154604f4b199c224fe0066296a.mpf_cache
2026-02-14 10:22:53,740 : INFO : ConfigProcessor : Loading config from cache: C:\Users\sdona\AppData\Local\Temp\8be1835d379617cb3def36e5084020f6.mpf_cache
2026-02-14 10:22:53,741 : INFO : ConfigProcessor : Loading config from cache: C:\Users\sdona\AppData\Local\Temp\600d86d9f0ce58b92a4c456466b707cc.mpf_cache
2026-02-14 10:22:53,741 : INFO : ConfigProcessor : Loading config from cache: C:\Users\sdona\AppData\Local\Temp\3b8a30babd008550b0699281f52ed27a.mpf_cache
2026-02-14 10:22:53,742 : INFO : ConfigProcessor : Loading config from cache: C:\Users\sdona\AppData\Local\Temp\1605f6efa0d082cac196fbacc374bc42.mpf_cache
2026-02-14 10:22:53,742 : INFO : ConfigProcessor : Loading config from cache: C:\Users\sdona\AppData\Local\Temp\7e2767447a32b13b699b93d64e0ad4e1.mpf_cache
2026-02-14 10:22:53,743 : INFO : ConfigProcessor : Loading config from cache: C:\Users\sdona\AppData\Local\Temp\2afc3d032f598172139245ac02c70f84.mpf_cache
2026-02-14 10:22:53,744 : INFO : ConfigProcessor : Loading config from cache: C:\Users\sdona\AppData\Local\Temp\ec387031d703ca01cd1e512f54ea45a6.mpf_cache
2026-02-14 10:22:53,744 : INFO : ConfigProcessor : Loading config from cache: C:\Users\sdona\AppData\Local\Temp\6060c5cf25a8bbaedfcd18b580aef368.mpf_cache
2026-02-14 10:22:53,745 : INFO : ConfigProcessor : Loading config from cache: C:\Users\sdona\AppData\Local\Temp\62ef5d872b70fca48f955a2e25312807.mpf_cache
2026-02-14 10:22:53,745 : INFO : ConfigProcessor : Loading config from cache: C:\Users\sdona\AppData\Local\Temp\c52aca253ccfb6abe708ff6ee9d67c14.mpf_cache
2026-02-14 10:22:53,746 : INFO : ConfigProcessor : Loading config from cache: C:\Users\sdona\AppData\Local\Temp\f4a78d1a7bce952f8a932d586083fdd8.mpf_cache
2026-02-14 10:22:53,747 : INFO : ConfigProcessor : Loading config from cache: C:\Users\sdona\AppData\Local\Temp\bb94c9c1e15d87765c90f1ffc77705c9.mpf_cache
2026-02-14 10:22:53,748 : INFO : ConfigProcessor : Loading config from cache: C:\Users\sdona\AppData\Local\Temp\9d4ee1bead7c17d1b5b361b9a86c5113.mpf_cache
2026-02-14 10:22:53,748 : INFO : ConfigProcessor : Loading config from cache: C:\Users\sdona\AppData\Local\Temp\9eeb681ca391f55fc1b328483a35afc6.mpf_cache
2026-02-14 10:22:53,749 : INFO : ConfigProcessor : Loading config from cache: C:\Users\sdona\AppData\Local\Temp\019a5133c8eb0a0be84c7200575a8bf2.mpf_cache
2026-02-14 10:22:53,749 : INFO : ConfigProcessor : Loading config from cache: C:\Users\sdona\AppData\Local\Temp\ce0801e7c3c55e24fe9cf2e243ba629e.mpf_cache
2026-02-14 10:22:53,750 : INFO : ConfigProcessor : Loading config from cache: C:\Users\sdona\AppData\Local\Temp\1ecbcaf9f778e10bebb5864384a052b1.mpf_cache
2026-02-14 10:22:53,751 : INFO : ConfigProcessor : Loading config from cache: C:\Users\sdona\AppData\Local\Temp\9b344eb280fe382fefe59edea2f1176a.mpf_cache
2026-02-14 10:22:53,752 : INFO : ConfigProcessor : Loading config from cache: C:\Users\sdona\AppData\Local\Temp\ac821f52899dc68030dd952fdacc88a6.mpf_cache
2026-02-14 10:22:53,752 : INFO : ConfigProcessor : Loading config from cache: C:\Users\sdona\AppData\Local\Temp\6ba912a63b7c348f0f92fd7751916e09.mpf_cache
2026-02-14 10:22:53,752 : INFO : ConfigProcessor : Loading config from cache: C:\Users\sdona\AppData\Local\Temp\dd9dffa1d18960178033f021f1e04e5f.mpf_cache
2026-02-14 10:22:53,753 : INFO : ConfigProcessor : Loading config from cache: C:\Users\sdona\AppData\Local\Temp\5405df938f7ef9af99b1c654cacd899d.mpf_cache
2026-02-14 10:22:53,754 : INFO : ConfigProcessor : Loading config from cache: C:\Users\sdona\AppData\Local\Temp\856582d286ed2569cf4ebe5e0a18a6ab.mpf_cache
2026-02-14 10:22:53,755 : INFO : Machine : Mission Pinball Framework Core Engine v0.80.0.dev12
2026-02-14 10:22:53,755 : INFO : Machine : Command line arguments: {'no_load_cache': False, 'create_config_cache': True, 'bcp': True, 'configfile': ['config.yaml'], 'force_assets_load': False, 'platform_integration_test': False, 'jsonlogging': False, 'logfile': 'logs\\2026-02-14-10-22-53-mpf-PinballLaptop.log', 'pause': False, 'production': False, 'text_ui': True, 'loglevel': 15, 'consoleloglevel': 20, 'force_platform': 'smart_virtual', 'syslog_address': None, 'full_logfile_path': 'C:\\venv\\mpf\\mmmdrop\\logs\\2026-02-14-10-22-53-mpf-PinballLaptop.log'}
2026-02-14 10:22:53,755 : INFO : Machine : MPF path: c:\venv\mpf\Lib\site-packages\mpf
2026-02-14 10:22:53,755 : INFO : Machine : Machine path: C:\venv\mpf\mmmdrop
2026-02-14 10:22:53,755 : INFO : Machine : Platform: win32
2026-02-14 10:22:53,755 : INFO : Machine : Python executable location: c:\venv\mpf\Scripts\python.exe
2026-02-14 10:22:53,755 : INFO : Machine : Python version: 3.13.11 (64-bit)
2026-02-14 10:22:53,757 : INFO : Machine : Initializing MPF...
2026-02-14 10:22:53,830 : INFO : EventManager : Event: ======'machine_var_credits_string'====== Args={'value': 'FREE PLAY', 'prev_value': None, 'change': True}
2026-02-14 10:22:53,859 : INFO : EventManager : Event: ======'machine_var_fast_audio_headphones_volume'====== Args={'value': 10, 'prev_value': None, 'change': True}
2026-02-14 10:22:53,859 : INFO : EventManager : Event: ======'machine_var_fast_audio_main_volume'====== Args={'value': 44, 'prev_value': None, 'change': True}
2026-02-14 10:22:53,859 : INFO : EventManager : Event: ======'machine_var_master_volume'====== Args={'value': 0.65, 'prev_value': None, 'change': True}
2026-02-14 10:22:53,859 : INFO : EventManager : Event: ======'machine_var_player1_score'====== Args={'value': 49818280, 'prev_value': None, 'change': True}
2026-02-14 10:22:53,859 : INFO : EventManager : Event: ======'machine_var_game_just_played'====== Args={'value': 0, 'prev_value': None, 'change': True}
2026-02-14 10:22:53,859 : INFO : EventManager : Event: ======'machine_var_mpf_version'====== Args={'value': 'Mission Pinball Framework v0.80.0.dev12', 'prev_value': None, 'change': True}
2026-02-14 10:22:53,859 : INFO : EventManager : Event: ======'machine_var_mpf_extended_version'====== Args={'value': 'Mission Pinball Framework v0.80.0.dev12, Config version:6, Show version: 6, BCP version:1.1', 'prev_value': None, 'change': True}
2026-02-14 10:22:53,859 : INFO : EventManager : Event: ======'machine_var_python_version'====== Args={'value': '3.13.11', 'prev_value': None, 'change': True}
2026-02-14 10:22:53,895 : INFO : EventManager : Event: ======'machine_var_platform'====== Args={'value': 'Windows-11-10.0.26200-SP0', 'prev_value': None, 'change': True}
2026-02-14 10:22:53,896 : INFO : EventManager : Event: ======'machine_var_platform_system'====== Args={'value': 'Windows', 'prev_value': None, 'change': True}
2026-02-14 10:22:53,896 : INFO : EventManager : Event: ======'machine_var_platform_release'====== Args={'value': '11', 'prev_value': None, 'change': True}
2026-02-14 10:22:53,896 : INFO : EventManager : Event: ======'machine_var_platform_version'====== Args={'value': '10.0.26200', 'prev_value': None, 'change': True}
2026-02-14 10:22:53,896 : INFO : EventManager : Event: ======'machine_var_platform_machine'====== Args={'value': 'AMD64', 'prev_value': None, 'change': True}
2026-02-14 10:22:53,896 : INFO : EventManager : Event: ======'machine_var_log_file_path'====== Args={'value': 'C:\\venv\\mpf\\mmmdrop\\logs\\2026-02-14-10-22-53-mpf-PinballLaptop.log', 'prev_value': None, 'change': True}
2026-02-14 10:22:53,896 : INFO : EventManager : Event: ======'init_phase_1'====== Args={}
2026-02-14 10:22:53,976 : INFO : EventManager : Event: ======'drop_target_bank_three_bank_up'====== Args={}
2026-02-14 10:22:53,977 : INFO : EventManager : Event: ======'init_phase_2'====== Args={}
2026-02-14 10:22:53,977 : INFO : SwitchController : Found active switch: ('3208-0', <Platform.SmartVirtual>) <switch.s_trough1>
2026-02-14 10:22:53,977 : INFO : SwitchController : Found active switch: ('3208-1', <Platform.SmartVirtual>) <switch.s_trough2>
2026-02-14 10:22:53,977 : INFO : SwitchController : Found active switch: ('3208-2', <Platform.SmartVirtual>) <switch.s_trough3>
2026-02-14 10:22:53,977 : INFO : SwitchController : Found active switch: ('3208-3', <Platform.SmartVirtual>) <switch.s_trough4>
2026-02-14 10:22:53,978 : INFO : SwitchController : Found active switch: ('3208-4', <Platform.SmartVirtual>) <switch.s_trough5>
2026-02-14 10:22:53,978 : INFO : SwitchController : Found active switch: ('3208-5', <Platform.SmartVirtual>) <switch.s_trough6>
2026-02-14 10:22:54,026 : INFO : EventManager : Event: ======'machine_var_score1_label'====== Args={'value': 'GRAND CHAMPION', 'prev_value': None, 'change': True}
2026-02-14 10:22:54,027 : INFO : EventManager : Event: ======'machine_var_score1_name'====== Args={'value': 'MCA', 'prev_value': None, 'change': True}
2026-02-14 10:22:54,027 : INFO : EventManager : Event: ======'machine_var_score1_value'====== Args={'value': 300000000, 'prev_value': None, 'change': True}
2026-02-14 10:22:54,027 : INFO : EventManager : Event: ======'machine_var_score2_label'====== Args={'value': 'HIGH SCORE 1', 'prev_value': None, 'change': True}
2026-02-14 10:22:54,027 : INFO : EventManager : Event: ======'machine_var_score2_name'====== Args={'value': 'ADR', 'prev_value': None, 'change': True}
2026-02-14 10:22:54,027 : INFO : EventManager : Event: ======'machine_var_score2_value'====== Args={'value': 250000000, 'prev_value': None, 'change': True}
2026-02-14 10:22:54,027 : INFO : EventManager : Event: ======'machine_var_score3_label'====== Args={'value': 'HIGH SCORE 2', 'prev_value': None, 'change': True}
2026-02-14 10:22:54,027 : INFO : EventManager : Event: ======'machine_var_score3_name'====== Args={'value': 'MIK', 'prev_value': None, 'change': True}
2026-02-14 10:22:54,027 : INFO : EventManager : Event: ======'machine_var_score3_value'====== Args={'value': 200000000, 'prev_value': None, 'change': True}
2026-02-14 10:22:54,027 : INFO : EventManager : Event: ======'machine_var_score4_label'====== Args={'value': 'HIGH SCORE 3', 'prev_value': None, 'change': True}
2026-02-14 10:22:54,027 : INFO : EventManager : Event: ======'machine_var_score4_name'====== Args={'value': 'MMM', 'prev_value': None, 'change': True}
2026-02-14 10:22:54,027 : INFO : EventManager : Event: ======'machine_var_score4_value'====== Args={'value': 150000000, 'prev_value': None, 'change': True}
2026-02-14 10:22:54,027 : INFO : EventManager : Event: ======'machine_var_score5_label'====== Args={'value': 'HIGH SCORE 4', 'prev_value': None, 'change': True}
2026-02-14 10:22:54,027 : INFO : EventManager : Event: ======'machine_var_score5_name'====== Args={'value': 'DJH', 'prev_value': None, 'change': True}
2026-02-14 10:22:54,027 : INFO : EventManager : Event: ======'machine_var_score5_value'====== Args={'value': 100000000, 'prev_value': None, 'change': True}
2026-02-14 10:22:54,027 : INFO : EventManager : Event: ======'machine_var_multiball_chcheckitout_score1_label'====== Args={'value': 'CH-CHECK IT OUT MULTIBALL CHAMPION', 'prev_value': None, 'change': True}
2026-02-14 10:22:54,027 : INFO : EventManager : Event: ======'machine_var_multiball_chcheckitout_score1_name'====== Args={'value': 'MCA', 'prev_value': None, 'change': True}
2026-02-14 10:22:54,027 : INFO : EventManager : Event: ======'machine_var_multiball_chcheckitout_score1_value'====== Args={'value': 10000000, 'prev_value': None, 'change': True}
2026-02-14 10:22:54,027 : INFO : EventManager : Event: ======'machine_var_multiball_bodymovin_score1_label'====== Args={'value': "BODY MOVIN' MULTIBALL CHAMPION", 'prev_value': None, 'change': True}
2026-02-14 10:22:54,027 : INFO : EventManager : Event: ======'machine_var_multiball_bodymovin_score1_name'====== Args={'value': 'MIK', 'prev_value': None, 'change': True}
2026-02-14 10:22:54,027 : INFO : EventManager : Event: ======'machine_var_multiball_bodymovin_score1_value'====== Args={'value': 10000000, 'prev_value': None, 'change': True}
2026-02-14 10:22:54,027 : INFO : EventManager : Event: ======'machine_var_mode_fingerlickingood_score1_label'====== Args={'value': "FINGER LICKIN' GOOD CHAMPION", 'prev_value': None, 'change': True}
2026-02-14 10:22:54,027 : INFO : EventManager : Event: ======'machine_var_mode_fingerlickingood_score1_name'====== Args={'value': 'DJH', 'prev_value': None, 'change': True}
2026-02-14 10:22:54,027 : INFO : EventManager : Event: ======'machine_var_mode_fingerlickingood_score1_value'====== Args={'value': 5000000, 'prev_value': None, 'change': True}
2026-02-14 10:22:54,027 : INFO : EventManager : Event: ======'machine_var_mode_highplainsdrifter_score1_label'====== Args={'value': 'HIGH PLAINS DRIFTER CHAMPION', 'prev_value': None, 'change': True}
2026-02-14 10:22:54,027 : INFO : EventManager : Event: ======'machine_var_mode_highplainsdrifter_score1_name'====== Args={'value': 'MCA', 'prev_value': None, 'change': True}
2026-02-14 10:22:54,027 : INFO : EventManager : Event: ======'machine_var_mode_highplainsdrifter_score1_value'====== Args={'value': 5000000, 'prev_value': None, 'change': True}
2026-02-14 10:22:54,027 : INFO : EventManager : Event: ======'machine_var_mode_intergalactic_score1_label'====== Args={'value': 'INTERGALACTIC CHAMPION', 'prev_value': None, 'change': True}
2026-02-14 10:22:54,027 : INFO : EventManager : Event: ======'machine_var_mode_intergalactic_score1_name'====== Args={'value': 'MIK', 'prev_value': None, 'change': True}
2026-02-14 10:22:54,028 : INFO : EventManager : Event: ======'machine_var_mode_intergalactic_score1_value'====== Args={'value': 5000000, 'prev_value': None, 'change': True}
2026-02-14 10:22:54,028 : INFO : EventManager : Event: ======'machine_var_mode_paulrevere_score1_label'====== Args={'value': 'PAUL REVERE CHAMPION', 'prev_value': None, 'change': True}
2026-02-14 10:22:54,028 : INFO : EventManager : Event: ======'machine_var_mode_paulrevere_score1_name'====== Args={'value': 'ADR', 'prev_value': None, 'change': True}
2026-02-14 10:22:54,028 : INFO : EventManager : Event: ======'machine_var_mode_paulrevere_score1_value'====== Args={'value': 5000000, 'prev_value': None, 'change': True}
2026-02-14 10:22:54,028 : INFO : EventManager : Event: ======'machine_var_mode_sabotage_score1_label'====== Args={'value': 'SABOTAGE CHAMPION', 'prev_value': None, 'change': True}
2026-02-14 10:22:54,028 : INFO : EventManager : Event: ======'machine_var_mode_sabotage_score1_name'====== Args={'value': 'MIK', 'prev_value': None, 'change': True}
2026-02-14 10:22:54,028 : INFO : EventManager : Event: ======'machine_var_mode_sabotage_score1_value'====== Args={'value': 5000000, 'prev_value': None, 'change': True}
2026-02-14 10:22:54,028 : INFO : EventManager : Event: ======'machine_var_mode_threemcsand1dj_score1_label'====== Args={'value': "3 MC'S AND 1 DJ CHAMPION", 'prev_value': None, 'change': True}
2026-02-14 10:22:54,028 : INFO : EventManager : Event: ======'machine_var_mode_threemcsand1dj_score1_name'====== Args={'value': 'MMM', 'prev_value': None, 'change': True}
2026-02-14 10:22:54,028 : INFO : EventManager : Event: ======'machine_var_mode_threemcsand1dj_score1_value'====== Args={'value': 5000000, 'prev_value': None, 'change': True}
2026-02-14 10:22:54,028 : INFO : EventManager : Event: ======'machine_var_mode_toomanyrappers_score1_label'====== Args={'value': 'TOO MANY RAPPERS CHAMPION', 'prev_value': None, 'change': True}
2026-02-14 10:22:54,028 : INFO : EventManager : Event: ======'machine_var_mode_toomanyrappers_score1_name'====== Args={'value': 'DJH', 'prev_value': None, 'change': True}
2026-02-14 10:22:54,028 : INFO : EventManager : Event: ======'machine_var_mode_toomanyrappers_score1_value'====== Args={'value': 5000000, 'prev_value': None, 'change': True}
2026-02-14 10:22:54,028 : INFO : EventManager : Event: ======'machine_var_mode_tripletrouble_score1_label'====== Args={'value': 'TRIPLE TROUBLE CHAMPION', 'prev_value': None, 'change': True}
2026-02-14 10:22:54,028 : INFO : EventManager : Event: ======'machine_var_mode_tripletrouble_score1_name'====== Args={'value': 'MCA', 'prev_value': None, 'change': True}
2026-02-14 10:22:54,028 : INFO : EventManager : Event: ======'machine_var_mode_tripletrouble_score1_value'====== Args={'value': 5000000, 'prev_value': None, 'change': True}
2026-02-14 10:22:54,028 : INFO : EventManager : Event: ======'machine_var_mode_makesomenoise_score1_label'====== Args={'value': 'MAKE SOME NOISE CHAMPION', 'prev_value': None, 'change': True}
2026-02-14 10:22:54,028 : INFO : EventManager : Event: ======'machine_var_mode_makesomenoise_score1_name'====== Args={'value': 'MIK', 'prev_value': None, 'change': True}
2026-02-14 10:22:54,028 : INFO : EventManager : Event: ======'machine_var_mode_makesomenoise_score1_value'====== Args={'value': 5000000, 'prev_value': None, 'change': True}
2026-02-14 10:22:54,028 : INFO : EventManager : Event: ======'bcp_connection_attempt'====== Args={'name': 'local_display', 'host': 'localhost', 'port': 5050}
2026-02-14 10:22:54,030 : INFO : BCPClientSocket : Connecting BCP to 'local_display' at localhost:5050...
2026-02-14 10:22:56,578 : INFO : BCPClientSocket : Connected BCP to 'local_display' localhost:5050
2026-02-14 10:22:56,579 : INFO : EventManager : Event: ======'bcp_clients_connected'====== Args={}
2026-02-14 10:22:56,579 : INFO : ball_device.bd_trough : BCH: Initial count: 6
2026-02-14 10:22:56,580 : INFO : ball_device.bd_trough : State: idle
2026-02-14 10:22:56,581 : INFO : ball_device.bd_plunger : BCH: Initial count: 0
2026-02-14 10:22:56,581 : INFO : ball_device.bd_plunger : State: idle
2026-02-14 10:22:56,581 : INFO : ball_device.bd_scoop : BCH: Initial count: 0
2026-02-14 10:22:56,582 : INFO : ball_device.bd_scoop : State: idle
2026-02-14 10:22:56,625 : INFO : EventManager : Event: ======'init_phase_3'====== Args={}
2026-02-14 10:22:56,674 : INFO : EventManager : Event: ======'init_phase_4'====== Args={}
2026-02-14 10:22:56,675 : INFO : BallController : Initial balls found: 6
2026-02-14 10:22:56,676 : INFO : EventManager : Event: ======'machine_var_audits_events_game_ended'====== Args={'value': 67, 'prev_value': None, 'change': True}
2026-02-14 10:22:56,677 : INFO : EventManager : Event: ======'machine_var_audits_events_game_started'====== Args={'value': 958, 'prev_value': None, 'change': True}
2026-02-14 10:22:56,677 : INFO : EventManager : Event: ======'machine_var_audits_missing_switches_s_center_upper_pop'====== Args={'value': 11, 'prev_value': None, 'change': True}
2026-02-14 10:22:56,677 : INFO : EventManager : Event: ======'machine_var_audits_missing_switches_s_inner_orbit'====== Args={'value': 3, 'prev_value': None, 'change': True}
2026-02-14 10:22:56,677 : INFO : EventManager : Event: ======'machine_var_audits_missing_switches_s_left_inlane'====== Args={'value': 52, 'prev_value': None, 'change': True}
2026-02-14 10:22:56,677 : INFO : EventManager : Event: ======'machine_var_audits_missing_switches_s_left_orbit'====== Args={'value': 4, 'prev_value': None, 'change': True}
2026-02-14 10:22:56,677 : INFO : EventManager : Event: ======'machine_var_audits_missing_switches_s_left_outlane'====== Args={'value': 124, 'prev_value': None, 'change': True}
2026-02-14 10:22:56,677 : INFO : EventManager : Event: ======'machine_var_audits_missing_switches_s_left_slingshot'====== Args={'value': 196, 'prev_value': None, 'change': True}
2026-02-14 10:22:56,677 : INFO : EventManager : Event: ======'machine_var_audits_missing_switches_s_left_upper_pop'====== Args={'value': 99, 'prev_value': None, 'change': True}
2026-02-14 10:22:56,677 : INFO : EventManager : Event: ======'machine_var_audits_missing_switches_s_pop_standup'====== Args={'value': 2, 'prev_value': None, 'change': True}
2026-02-14 10:22:56,677 : INFO : EventManager : Event: ======'machine_var_audits_missing_switches_s_right_inlane'====== Args={'value': 124, 'prev_value': None, 'change': True}
2026-02-14 10:22:56,677 : INFO : EventManager : Event: ======'machine_var_audits_missing_switches_s_right_orbit'====== Args={'value': 3, 'prev_value': None, 'change': True}
2026-02-14 10:22:56,677 : INFO : EventManager : Event: ======'machine_var_audits_missing_switches_s_right_outlane'====== Args={'value': 268, 'prev_value': None, 'change': True}
2026-02-14 10:22:56,677 : INFO : EventManager : Event: ======'machine_var_audits_missing_switches_s_right_slingshot'====== Args={'value': 734, 'prev_value': None, 'change': True}
2026-02-14 10:22:56,677 : INFO : EventManager : Event: ======'machine_var_audits_missing_switches_s_service_down'====== Args={'value': 603, 'prev_value': None, 'change': True}
2026-02-14 10:22:56,677 : INFO : EventManager : Event: ======'machine_var_audits_missing_switches_s_service_enter'====== Args={'value': 352, 'prev_value': None, 'change': True}
2026-02-14 10:22:56,677 : INFO : EventManager : Event: ======'machine_var_audits_missing_switches_s_service_esc'====== Args={'value': 603, 'prev_value': None, 'change': True}
2026-02-14 10:22:56,678 : INFO : EventManager : Event: ======'machine_var_audits_missing_switches_s_service_up'====== Args={'value': 171, 'prev_value': None, 'change': True}
2026-02-14 10:22:56,678 : INFO : EventManager : Event: ======'machine_var_audits_missing_switches_s_spinner'====== Args={'value': 6, 'prev_value': None, 'change': True}
2026-02-14 10:22:56,678 : INFO : EventManager : Event: ======'machine_var_audits_missing_switches_s_start'====== Args={'value': 35, 'prev_value': None, 'change': True}
2026-02-14 10:22:56,678 : INFO : EventManager : Event: ======'machine_var_audits_missing_switches_s_three_bank_bottom'====== Args={'value': 9, 'prev_value': None, 'change': True}
2026-02-14 10:22:56,678 : INFO : EventManager : Event: ======'machine_var_audits_missing_switches_s_three_bank_middle'====== Args={'value': 9, 'prev_value': None, 'change': True}
2026-02-14 10:22:56,678 : INFO : EventManager : Event: ======'machine_var_audits_missing_switches_s_three_bank_standup'====== Args={'value': 9, 'prev_value': None, 'change': True}
2026-02-14 10:22:56,678 : INFO : EventManager : Event: ======'machine_var_audits_missing_switches_s_tilt_bob'====== Args={'value': 46, 'prev_value': None, 'change': True}
2026-02-14 10:22:56,678 : INFO : EventManager : Event: ======'machine_var_audits_missing_switches_s_top_right_flipper'====== Args={'value': 884, 'prev_value': None, 'change': True}
2026-02-14 10:22:56,678 : INFO : EventManager : Event: ======'machine_var_audits_missing_switches_s_trough1'====== Args={'value': 14, 'prev_value': None, 'change': True}
2026-02-14 10:22:56,678 : INFO : EventManager : Event: ======'machine_var_audits_missing_switches_s_trough2'====== Args={'value': 9, 'prev_value': None, 'change': True}
2026-02-14 10:22:56,678 : INFO : EventManager : Event: ======'machine_var_audits_missing_switches_s_trough3'====== Args={'value': 9, 'prev_value': None, 'change': True}
2026-02-14 10:22:56,678 : INFO : EventManager : Event: ======'machine_var_audits_missing_switches_s_trough4'====== Args={'value': 35, 'prev_value': None, 'change': True}
2026-02-14 10:22:56,678 : INFO : EventManager : Event: ======'machine_var_audits_missing_switches_s_trough5'====== Args={'value': 201, 'prev_value': None, 'change': True}
2026-02-14 10:22:56,678 : INFO : EventManager : Event: ======'machine_var_audits_missing_switches_s_trough6'====== Args={'value': 733, 'prev_value': None, 'change': True}
2026-02-14 10:22:56,678 : INFO : EventManager : Event: ======'machine_var_audits_missing_switches_s_trough_jam'====== Args={'value': 884, 'prev_value': None, 'change': True}
2026-02-14 10:22:56,678 : INFO : EventManager : Event: ======'machine_var_audits_missing_switches_s_upper_pop_standup'====== Args={'value': 36, 'prev_value': None, 'change': True}
2026-02-14 10:22:56,679 : INFO : EventManager : Event: ======'machine_var_audits_missing_switches_service_esc'====== Args={'value': 1, 'prev_value': None, 'change': True}
2026-02-14 10:22:56,679 : INFO : EventManager : Event: ======'machine_var_audits_player_score'====== Args={'value': {'average': 11695809, 'top': [179589170, 147275560, 142237180, 85092890, 49818280, 38155360, 32035610, 25030460, 20034230, 6617180], 'total': 71}, 'prev_value': None, 'change': True}
2026-02-14 10:22:56,679 : INFO : EventManager : Event: ======'machine_var_audits_shots_bodymovin_captiveball'====== Args={'value': 1, 'prev_value': None, 'change': True}
2026-02-14 10:22:56,679 : INFO : EventManager : Event: ======'machine_var_audits_shots_bodymovin_inner_loop'====== Args={'value': 1, 'prev_value': None, 'change': True}
2026-02-14 10:22:56,679 : INFO : EventManager : Event: ======'machine_var_audits_shots_bodymovin_leftramp'====== Args={'value': 7, 'prev_value': None, 'change': True}
2026-02-14 10:22:56,679 : INFO : EventManager : Event: ======'machine_var_audits_shots_bodymovin_rightorbit'====== Args={'value': 1, 'prev_value': None, 'change': True}
2026-02-14 10:22:56,679 : INFO : EventManager : Event: ======'machine_var_audits_shots_bodymovin_rightramp'====== Args={'value': 8, 'prev_value': None, 'change': True}
2026-02-14 10:22:56,679 : INFO : EventManager : Event: ======'machine_var_audits_shots_bottom_drop'====== Args={'value': 182, 'prev_value': None, 'change': True}
2026-02-14 10:22:56,679 : INFO : EventManager : Event: ======'machine_var_audits_shots_captive_ball'====== Args={'value': 132, 'prev_value': None, 'change': True}
2026-02-14 10:22:56,679 : INFO : EventManager : Event: ======'machine_var_audits_shots_inner_loop'====== Args={'value': 101, 'prev_value': None, 'change': True}
2026-02-14 10:22:56,679 : INFO : EventManager : Event: ======'machine_var_audits_shots_inner_loop_backdoor'====== Args={'value': 1, 'prev_value': None, 'change': True}
2026-02-14 10:22:56,679 : INFO : EventManager : Event: ======'machine_var_audits_shots_left_inlane'====== Args={'value': 40, 'prev_value': None, 'change': True}
2026-02-14 10:22:56,680 : INFO : EventManager : Event: ======'machine_var_audits_shots_left_orbit'====== Args={'value': 157, 'prev_value': None, 'change': True}
2026-02-14 10:22:56,680 : INFO : EventManager : Event: ======'machine_var_audits_shots_left_orbit_backdoor'====== Args={'value': 11, 'prev_value': None, 'change': True}
2026-02-14 10:22:56,680 : INFO : EventManager : Event: ======'machine_var_audits_shots_left_outlane'====== Args={'value': 31, 'prev_value': None, 'change': True}
2026-02-14 10:22:56,680 : INFO : EventManager : Event: ======'machine_var_audits_shots_left_ramp'====== Args={'value': 497, 'prev_value': None, 'change': True}
2026-02-14 10:22:56,680 : INFO : EventManager : Event: ======'machine_var_audits_shots_middle_drop'====== Args={'value': 207, 'prev_value': None, 'change': True}
2026-02-14 10:22:56,680 : INFO : EventManager : Event: ======'machine_var_audits_shots_pop1'====== Args={'value': 38, 'prev_value': None, 'change': True}
2026-02-14 10:22:56,680 : INFO : EventManager : Event: ======'machine_var_audits_shots_pop2'====== Args={'value': 79, 'prev_value': None, 'change': True}
2026-02-14 10:22:56,680 : INFO : EventManager : Event: ======'machine_var_audits_shots_pop3'====== Args={'value': 1105, 'prev_value': None, 'change': True}
2026-02-14 10:22:56,680 : INFO : EventManager : Event: ======'machine_var_audits_shots_pop_standup'====== Args={'value': 501, 'prev_value': None, 'change': True}
2026-02-14 10:22:56,680 : INFO : EventManager : Event: ======'machine_var_audits_shots_right_inlane'====== Args={'value': 36, 'prev_value': None, 'change': True}
2026-02-14 10:22:56,680 : INFO : EventManager : Event: ======'machine_var_audits_shots_right_orbit'====== Args={'value': 161, 'prev_value': None, 'change': True}
2026-02-14 10:22:56,680 : INFO : EventManager : Event: ======'machine_var_audits_shots_right_orbit_backdoor'====== Args={'value': 6, 'prev_value': None, 'change': True}
2026-02-14 10:22:56,680 : INFO : EventManager : Event: ======'machine_var_audits_shots_right_outlane'====== Args={'value': 22, 'prev_value': None, 'change': True}
2026-02-14 10:22:56,680 : INFO : EventManager : Event: ======'machine_var_audits_shots_right_ramp'====== Args={'value': 800, 'prev_value': None, 'change': True}
2026-02-14 10:22:56,681 : INFO : EventManager : Event: ======'machine_var_audits_shots_scoop'====== Args={'value': 696, 'prev_value': None, 'change': True}
2026-02-14 10:22:56,681 : INFO : EventManager : Event: ======'machine_var_audits_shots_skill_captive'====== Args={'value': 16, 'prev_value': None, 'change': True}
2026-02-14 10:22:56,681 : INFO : EventManager : Event: ======'machine_var_audits_shots_skill_drop_targets'====== Args={'value': 240, 'prev_value': None, 'change': True}
2026-02-14 10:22:56,681 : INFO : EventManager : Event: ======'machine_var_audits_shots_skill_side_targets'====== Args={'value': 27, 'prev_value': None, 'change': True}
2026-02-14 10:22:56,681 : INFO : EventManager : Event: ======'machine_var_audits_shots_skillshot_drop_targets'====== Args={'value': 541, 'prev_value': None, 'change': True}
2026-02-14 10:22:56,681 : INFO : EventManager : Event: ======'machine_var_audits_shots_skillshot_hideout_plunge'====== Args={'value': 1, 'prev_value': None, 'change': True}
2026-02-14 10:22:56,681 : INFO : EventManager : Event: ======'machine_var_audits_shots_skillshot_left_outlane'====== Args={'value': 3, 'prev_value': None, 'change': True}
2026-02-14 10:22:56,681 : INFO : EventManager : Event: ======'machine_var_audits_shots_skillshot_lower_pop'====== Args={'value': 1, 'prev_value': None, 'change': True}
2026-02-14 10:22:56,681 : INFO : EventManager : Event: ======'machine_var_audits_shots_skillshot_side_targets'====== Args={'value': 11, 'prev_value': None, 'change': True}
2026-02-14 10:22:56,681 : INFO : EventManager : Event: ======'machine_var_audits_shots_skillshot_super'====== Args={'value': 5, 'prev_value': None, 'change': True}
2026-02-14 10:22:56,681 : INFO : EventManager : Event: ======'machine_var_audits_shots_spinner'====== Args={'value': 2538, 'prev_value': None, 'change': True}
2026-02-14 10:22:56,681 : INFO : EventManager : Event: ======'machine_var_audits_shots_three_bank_standup'====== Args={'value': 93, 'prev_value': None, 'change': True}
2026-02-14 10:22:56,681 : INFO : EventManager : Event: ======'machine_var_audits_shots_toomanyrappers_captiveball'====== Args={'value': 3, 'prev_value': None, 'change': True}
2026-02-14 10:22:56,681 : INFO : EventManager : Event: ======'machine_var_audits_shots_toomanyrappers_leftorbit'====== Args={'value': 8, 'prev_value': None, 'change': True}
2026-02-14 10:22:56,681 : INFO : EventManager : Event: ======'machine_var_audits_shots_toomanyrappers_leftramp'====== Args={'value': 2, 'prev_value': None, 'change': True}
2026-02-14 10:22:56,682 : INFO : EventManager : Event: ======'machine_var_audits_shots_toomanyrappers_rightorbit'====== Args={'value': 27, 'prev_value': None, 'change': True}
2026-02-14 10:22:56,682 : INFO : EventManager : Event: ======'machine_var_audits_shots_toomanyrappers_rightramp'====== Args={'value': 68, 'prev_value': None, 'change': True}
2026-02-14 10:22:56,682 : INFO : EventManager : Event: ======'machine_var_audits_shots_toomanyrappers_scoop'====== Args={'value': 22, 'prev_value': None, 'change': True}
2026-02-14 10:22:56,682 : INFO : EventManager : Event: ======'machine_var_audits_shots_top_drop'====== Args={'value': 602, 'prev_value': None, 'change': True}
2026-02-14 10:22:56,682 : INFO : EventManager : Event: ======'machine_var_audits_shots_tshirt_bottom_standup'====== Args={'value': 134, 'prev_value': None, 'change': True}
2026-02-14 10:22:56,682 : INFO : EventManager : Event: ======'machine_var_audits_shots_tshirt_top_standup'====== Args={'value': 140, 'prev_value': None, 'change': True}
2026-02-14 10:22:56,682 : INFO : EventManager : Event: ======'machine_var_audits_shots_upper_pop_standup'====== Args={'value': 39, 'prev_value': None, 'change': True}
2026-02-14 10:22:56,682 : INFO : EventManager : Event: ======'machine_var_audits_switches_s_captive_ball'====== Args={'value': 339, 'prev_value': None, 'change': True}
2026-02-14 10:22:56,682 : INFO : EventManager : Event: ======'machine_var_audits_switches_s_center_upper_pop'====== Args={'value': 316, 'prev_value': None, 'change': True}
2026-02-14 10:22:56,682 : INFO : EventManager : Event: ======'machine_var_audits_switches_s_inner_orbit'====== Args={'value': 114, 'prev_value': None, 'change': True}
2026-02-14 10:22:56,682 : INFO : EventManager : Event: ======'machine_var_audits_switches_s_left_flipper'====== Args={'value': 1739, 'prev_value': None, 'change': True}
2026-02-14 10:22:56,682 : INFO : EventManager : Event: ======'machine_var_audits_switches_s_left_inlane'====== Args={'value': 151, 'prev_value': None, 'change': True}
2026-02-14 10:22:56,682 : INFO : EventManager : Event: ======'machine_var_audits_switches_s_left_orbit'====== Args={'value': 346, 'prev_value': None, 'change': True}
2026-02-14 10:22:56,682 : INFO : EventManager : Event: ======'machine_var_audits_switches_s_left_outlane'====== Args={'value': 88, 'prev_value': None, 'change': True}
2026-02-14 10:22:56,682 : INFO : EventManager : Event: ======'machine_var_audits_switches_s_left_ramp'====== Args={'value': 637, 'prev_value': None, 'change': True}
2026-02-14 10:22:56,683 : INFO : EventManager : Event: ======'machine_var_audits_switches_s_left_slingshot'====== Args={'value': 260, 'prev_value': None, 'change': True}
2026-02-14 10:22:56,683 : INFO : EventManager : Event: ======'machine_var_audits_switches_s_left_upper_pop'====== Args={'value': 211, 'prev_value': None, 'change': True}
2026-02-14 10:22:56,683 : INFO : EventManager : Event: ======'machine_var_audits_switches_s_plunger'====== Args={'value': 2117, 'prev_value': None, 'change': True}
2026-02-14 10:22:56,683 : INFO : EventManager : Event: ======'machine_var_audits_switches_s_pop_standup'====== Args={'value': 625, 'prev_value': None, 'change': True}
2026-02-14 10:22:56,683 : INFO : EventManager : Event: ======'machine_var_audits_switches_s_right_flipper'====== Args={'value': 2628, 'prev_value': None, 'change': True}
2026-02-14 10:22:56,683 : INFO : EventManager : Event: ======'machine_var_audits_switches_s_right_inlane'====== Args={'value': 144, 'prev_value': None, 'change': True}
2026-02-14 10:22:56,683 : INFO : EventManager : Event: ======'machine_var_audits_switches_s_right_lower_pop'====== Args={'value': 1881, 'prev_value': None, 'change': True}
2026-02-14 10:22:56,683 : INFO : EventManager : Event: ======'machine_var_audits_switches_s_right_orbit'====== Args={'value': 455, 'prev_value': None, 'change': True}
2026-02-14 10:22:56,683 : INFO : EventManager : Event: ======'machine_var_audits_switches_s_right_outlane'====== Args={'value': 75, 'prev_value': None, 'change': True}
2026-02-14 10:22:56,683 : INFO : EventManager : Event: ======'machine_var_audits_switches_s_right_ramp'====== Args={'value': 969, 'prev_value': None, 'change': True}
2026-02-14 10:22:56,683 : INFO : EventManager : Event: ======'machine_var_audits_switches_s_right_slingshot'====== Args={'value': 366, 'prev_value': None, 'change': True}
2026-02-14 10:22:56,683 : INFO : EventManager : Event: ======'machine_var_audits_switches_s_scoop'====== Args={'value': 1041, 'prev_value': None, 'change': True}
2026-02-14 10:22:56,683 : INFO : EventManager : Event: ======'machine_var_audits_switches_s_service_down'====== Args={'value': 0, 'prev_value': None, 'change': True}
2026-02-14 10:22:56,684 : INFO : EventManager : Event: ======'machine_var_audits_switches_s_service_enter'====== Args={'value': 1, 'prev_value': None, 'change': True}
2026-02-14 10:22:56,684 : INFO : EventManager : Event: ======'machine_var_audits_switches_s_service_esc'====== Args={'value': 0, 'prev_value': None, 'change': True}
2026-02-14 10:22:56,684 : INFO : EventManager : Event: ======'machine_var_audits_switches_s_service_up'====== Args={'value': 3, 'prev_value': None, 'change': True}
2026-02-14 10:22:56,684 : INFO : EventManager : Event: ======'machine_var_audits_switches_s_spinner'====== Args={'value': 4598, 'prev_value': None, 'change': True}
2026-02-14 10:22:56,684 : INFO : EventManager : Event: ======'machine_var_audits_switches_s_start'====== Args={'value': 93, 'prev_value': None, 'change': True}
2026-02-14 10:22:56,684 : INFO : EventManager : Event: ======'machine_var_audits_switches_s_three_bank_bottom'====== Args={'value': 676, 'prev_value': None, 'change': True}
2026-02-14 10:22:56,684 : INFO : EventManager : Event: ======'machine_var_audits_switches_s_three_bank_middle'====== Args={'value': 742, 'prev_value': None, 'change': True}
2026-02-14 10:22:56,684 : INFO : EventManager : Event: ======'machine_var_audits_switches_s_three_bank_standup'====== Args={'value': 335, 'prev_value': None, 'change': True}
2026-02-14 10:22:56,684 : INFO : EventManager : Event: ======'machine_var_audits_switches_s_three_bank_top'====== Args={'value': 1141, 'prev_value': None, 'change': True}
2026-02-14 10:22:56,684 : INFO : EventManager : Event: ======'machine_var_audits_switches_s_tilt_bob'====== Args={'value': 62, 'prev_value': None, 'change': True}
2026-02-14 10:22:56,684 : INFO : EventManager : Event: ======'machine_var_audits_switches_s_top_right_flipper'====== Args={'value': 1294, 'prev_value': None, 'change': True}
2026-02-14 10:22:56,684 : INFO : EventManager : Event: ======'machine_var_audits_switches_s_trough1'====== Args={'value': 547, 'prev_value': None, 'change': True}
2026-02-14 10:22:56,684 : INFO : EventManager : Event: ======'machine_var_audits_switches_s_trough2'====== Args={'value': 382, 'prev_value': None, 'change': True}
2026-02-14 10:22:56,684 : INFO : EventManager : Event: ======'machine_var_audits_switches_s_trough3'====== Args={'value': 308, 'prev_value': None, 'change': True}
2026-02-14 10:22:56,684 : INFO : EventManager : Event: ======'machine_var_audits_switches_s_trough4'====== Args={'value': 190, 'prev_value': None, 'change': True}
2026-02-14 10:22:56,685 : INFO : EventManager : Event: ======'machine_var_audits_switches_s_trough5'====== Args={'value': 162, 'prev_value': None, 'change': True}
2026-02-14 10:22:56,685 : INFO : EventManager : Event: ======'machine_var_audits_switches_s_trough6'====== Args={'value': 161, 'prev_value': None, 'change': True}
2026-02-14 10:22:56,685 : INFO : EventManager : Event: ======'machine_var_audits_switches_s_trough_jam'====== Args={'value': 206, 'prev_value': None, 'change': True}
2026-02-14 10:22:56,685 : INFO : EventManager : Event: ======'machine_var_audits_switches_s_tshirt_bottom_standup'====== Args={'value': 196, 'prev_value': None, 'change': True}
2026-02-14 10:22:56,685 : INFO : EventManager : Event: ======'machine_var_audits_switches_s_tshirt_top_standup'====== Args={'value': 232, 'prev_value': None, 'change': True}
2026-02-14 10:22:56,685 : INFO : EventManager : Event: ======'machine_var_audits_switches_s_upper_pop_standup'====== Args={'value': 213, 'prev_value': None, 'change': True}
2026-02-14 10:22:56,685 : INFO : EventManager : Event: ======'machine_var_audits_switches_service_down'====== Args={'value': 1, 'prev_value': None, 'change': True}
2026-02-14 10:22:56,685 : INFO : EventManager : Event: ======'machine_var_audits_switches_service_enter'====== Args={'value': 2, 'prev_value': None, 'change': True}
2026-02-14 10:22:56,685 : INFO : EventManager : Event: ======'machine_var_audits_switches_service_esc'====== Args={'value': 0, 'prev_value': None, 'change': True}
2026-02-14 10:22:56,685 : INFO : EventManager : Event: ======'machine_var_audits_switches_service_up'====== Args={'value': 2, 'prev_value': None, 'change': True}
2026-02-14 10:22:56,686 : INFO : EventManager : Event: ======'init_phase_5'====== Args={}
2026-02-14 10:22:56,687 : INFO : EventManager : Event: ======'init_done'====== Args={}
2026-02-14 10:22:56,688 : INFO : EventManager : Event: ======'machine_reset_phase_1'====== Args={}
2026-02-14 10:22:56,699 : INFO : EventManager : Event: ======'machine_reset_phase_2'====== Args={}
2026-02-14 10:22:56,699 : INFO : EventManager : Event: ======'game_just_played'====== Args={'priority': 0, 'action': 'set_machine', 'int': 0}
2026-02-14 10:22:56,699 : INFO : EventManager : Event: ======'machine_reset_phase_3'====== Args={}
2026-02-14 10:22:56,700 : INFO : drop_target_bank.three_bank : All targets are already up. Will not reset bank.
2026-02-14 10:22:56,700 : INFO : EventManager : Event: ======'reset_complete'====== Args={}
2026-02-14 10:22:56,700 : INFO : EventManager : Event: ======'mode_service_will_start'====== Args={}
2026-02-14 10:22:56,702 : INFO : EventManager : Event: ======'mode_service_starting'====== Args={}
2026-02-14 10:22:56,702 : INFO : EventManager : Event: ======'mode_attract_will_start'====== Args={}
2026-02-14 10:22:56,703 : INFO : Timer.attract_intro_timer : Starting Timer.
2026-02-14 10:22:56,704 : INFO : EventManager : Event: ======'timer_attract_intro_timer_started'====== Args={'ticks': 0, 'ticks_remaining': 16}
2026-02-14 10:22:56,704 : INFO : EventManager : Event: ======'timer_attract_intro_timer_tick'====== Args={'ticks': 0, 'ticks_remaining': 16}
2026-02-14 10:22:56,713 : INFO : EventManager : Event: ======'mode_attract_starting'====== Args={}
2026-02-14 10:22:56,713 : INFO : Mode.service : Started. Priority: 100000
2026-02-14 10:22:56,713 : INFO : EventManager : Event: ======'modes_active_modes_changed'====== Args={}
2026-02-14 10:22:56,713 : INFO : EventManager : Event: ======'mode_service_started'====== Args={}
2026-02-14 10:22:56,714 : INFO : EventManager : Event: ======'logicblock_mca_sequence_updated'====== Args={'value': 0, 'enabled': True}
2026-02-14 10:22:56,714 : INFO : EventManager : Event: ======'logicblock_adr_sequence_updated'====== Args={'value': 0, 'enabled': True}
2026-02-14 10:22:56,714 : INFO : EventManager : Event: ======'logicblock_christmas_sequence_updated'====== Args={'value': 0, 'enabled': True}
2026-02-14 10:22:56,715 : INFO : EventManager : Event: ======'logicblock_mca_sequence_updated'====== Args={'value': 0, 'enabled': True}
2026-02-14 10:22:56,715 : INFO : EventManager : Event: ======'logicblock_adr_sequence_updated'====== Args={'value': 0, 'enabled': True}
2026-02-14 10:22:56,715 : INFO : EventManager : Event: ======'logicblock_christmas_sequence_updated'====== Args={'value': 0, 'enabled': True}
2026-02-14 10:22:56,715 : INFO : Mode.attract : Started. Priority: 10
2026-02-14 10:22:56,715 : INFO : EventManager : Event: ======'modes_active_modes_changed'====== Args={}
2026-02-14 10:22:56,715 : INFO : EventManager : Event: ======'mode_attract_started'====== Args={}
2026-02-14 10:22:56,715 : INFO : EventManager : Event: ======'logicblock_mca_sequence_updated'====== Args={'value': 0, 'enabled': True}
2026-02-14 10:22:56,715 : INFO : EventManager : Event: ======'logicblock_mca_sequence_updated'====== Args={'value': 0, 'enabled': True}
2026-02-14 10:22:56,715 : INFO : EventManager : Event: ======'logicblock_adr_sequence_updated'====== Args={'value': 0, 'enabled': True}
2026-02-14 10:22:56,715 : INFO : EventManager : Event: ======'logicblock_adr_sequence_updated'====== Args={'value': 0, 'enabled': True}
2026-02-14 10:22:56,715 : INFO : EventManager : Event: ======'logicblock_christmas_sequence_updated'====== Args={'value': 0, 'enabled': True}
2026-02-14 10:22:56,715 : INFO : EventManager : Event: ======'logicblock_christmas_sequence_updated'====== Args={'value': 0, 'enabled': True}
2026-02-14 10:22:56,716 : INFO : EventManager : Event: ======'timer_attract_intro_timer_tick'====== Args={'ticks': 0, 'ticks_remaining': 16}
2026-02-14 10:22:56,717 : INFO : EventManager : Event: ======'collecting_balls_complete'====== Args={}
2026-02-14 10:22:56,717 : INFO : EventManager : Event: ======'carousel_item_highlighted'====== Args={'carousel': 'attract', 'direction': None, 'item': 'mpf_logo'}
2026-02-14 10:22:56,721 : INFO : Timer.attract_carousel_timer : Starting Timer.
2026-02-14 10:22:56,721 : INFO : EventManager : Event: ======'timer_attract_carousel_timer_started'====== Args={'ticks': 0, 'ticks_remaining': 5}
2026-02-14 10:22:56,721 : INFO : EventManager : Event: ======'timer_attract_carousel_timer_tick'====== Args={'ticks': 0, 'ticks_remaining': 5}
2026-02-14 10:22:56,724 : INFO : EventManager : Event: ======'slide_loading_created'====== Args={'_from_bcp': True}
2026-02-14 10:22:56,724 : INFO : EventManager : Event: ======'slide__removed'====== Args={'_from_bcp': True}
2026-02-14 10:22:56,724 : INFO : EventManager : Event: ======'slide_loading_active'====== Args={'original_context': '_global', 'original_calling_context': 'init_done', 'priority': 0.0, 'cmd': 'slides_play', '_from_bcp': True}
2026-02-14 10:22:56,725 : INFO : Machine : Starting the main run loop with active modes: [<Mode.service>, <Mode.attract>]
2026-02-14 10:22:56,792 : INFO : EventManager : Event: ======'slide_attract_load_created'====== Args={'_from_bcp': True}
2026-02-14 10:22:56,792 : INFO : EventManager : Event: ======'slide_loading_inactive'====== Args={'is_removing': True, '_from_bcp': True}
2026-02-14 10:22:56,793 : INFO : EventManager : Event: ======'slide_attract_load_active'====== Args={'original_context': 'attract', 'original_calling_context': 'mode_attract_started{machine.game_just_played==0}', 'priority': 10.0, 'cmd': 'slides_play', '_from_bcp': True}
2026-02-14 10:22:56,793 : INFO : EventManager : Event: ======'slide_loading_removed'====== Args={'_from_bcp': True}
2026-02-14 10:22:56,906 : INFO : BcpServer : New client connected.
2026-02-14 10:22:57,731 : INFO : EventManager : Event: ======'timer_attract_intro_timer_tick'====== Args={'ticks': 1, 'ticks_remaining': 15}
2026-02-14 10:22:57,731 : INFO : EventManager : Event: ======'timer_attract_carousel_timer_tick'====== Args={'ticks': 1, 'ticks_remaining': 4}
2026-02-14 10:22:58,727 : INFO : EventManager : Event: ======'timer_attract_intro_timer_tick'====== Args={'ticks': 2, 'ticks_remaining': 14}
2026-02-14 10:22:58,727 : INFO : EventManager : Event: ======'timer_attract_carousel_timer_tick'====== Args={'ticks': 2, 'ticks_remaining': 3}
2026-02-14 10:22:59,723 : INFO : EventManager : Event: ======'timer_attract_intro_timer_tick'====== Args={'ticks': 3, 'ticks_remaining': 13}
2026-02-14 10:22:59,723 : INFO : EventManager : Event: ======'timer_attract_carousel_timer_tick'====== Args={'ticks': 3, 'ticks_remaining': 2}
2026-02-14 10:22:59,747 : INFO : SwitchController : <<<<<<< 's_start' active >>>>>>>
2026-02-14 10:22:59,845 : INFO : SwitchController : <<<<<<< 's_start' inactive >>>>>>>
2026-02-14 10:22:59,845 : INFO : EventManager : Event: ======'request_to_start_game'====== Args={}
2026-02-14 10:22:59,846 : INFO : EventManager : Event: ======'game_start'====== Args={'buttons': [], 'hold_time': 0.09766010008752346}
2026-02-14 10:22:59,846 : INFO : EventManager : Event: ======'mode_game_will_start'====== Args={'buttons': [], 'hold_time': 0.09766010008752346}
2026-02-14 10:22:59,847 : INFO : EventManager : Event: ======'mode_game_starting'====== Args={'buttons': [], 'hold_time': 0.09766010008752346}
2026-02-14 10:22:59,847 : INFO : EventManager : Event: ======'mode_attract_will_stop'====== Args={}
2026-02-14 10:22:59,848 : INFO : EventManager : Event: ======'mode_attract_stopping'====== Args={}
2026-02-14 10:22:59,848 : INFO : Mode.game : Started. Priority: 20
2026-02-14 10:22:59,848 : INFO : EventManager : Event: ======'modes_active_modes_changed'====== Args={}
2026-02-14 10:22:59,848 : INFO : EventManager : Event: ======'mode_game_started'====== Args={'buttons': [], 'hold_time': 0.09766010008752346}
2026-02-14 10:22:59,849 : INFO : Mode.attract : Stopped.
2026-02-14 10:22:59,850 : INFO : EventManager : Event: ======'modes_active_modes_changed'====== Args={}
2026-02-14 10:22:59,851 : INFO : EventManager : Event: ======'mode_attract_stopped'====== Args={}
2026-02-14 10:22:59,851 : INFO : EventManager : Event: ======'clear'====== Args={'key': 'attract'}
2026-02-14 10:22:59,851 : INFO : Timer.attract_intro_timer : Stopping Timer
2026-02-14 10:22:59,851 : INFO : EventManager : Event: ======'timer_attract_intro_timer_stopped'====== Args={'ticks': 3, 'ticks_remaining': 13}
2026-02-14 10:22:59,851 : INFO : Timer.christmas_attract_video_timer : Stopping Timer
2026-02-14 10:22:59,851 : INFO : EventManager : Event: ======'timer_christmas_attract_video_timer_stopped'====== Args={'ticks': 0, 'ticks_remaining': 0}
2026-02-14 10:22:59,852 : INFO : Timer.mca_attract_video_timer : Stopping Timer
2026-02-14 10:22:59,852 : INFO : EventManager : Event: ======'timer_mca_attract_video_timer_stopped'====== Args={'ticks': 0, 'ticks_remaining': 0}
2026-02-14 10:22:59,852 : INFO : Timer.attract_carousel_timer : Stopping Timer
2026-02-14 10:22:59,852 : INFO : EventManager : Event: ======'timer_attract_carousel_timer_stopped'====== Args={'ticks': 3, 'ticks_remaining': 2}
2026-02-14 10:22:59,852 : INFO : Timer.adr_attract_video_timer : Stopping Timer
2026-02-14 10:22:59,852 : INFO : EventManager : Event: ======'timer_adr_attract_video_timer_stopped'====== Args={'ticks': 0, 'ticks_remaining': 0}
2026-02-14 10:22:59,853 : INFO : EventManager : Event: ======'game_will_start'====== Args={}
2026-02-14 10:22:59,853 : INFO : EventManager : Event: ======'sw_start_inactive'====== Args={}
2026-02-14 10:22:59,854 : INFO : EventManager : Event: ======'game_starting'====== Args={'game': <Mode.game>}
2026-02-14 10:22:59,858 : INFO : EventManager : Unordered handler for class <Auditor> on event game_ended with priority 1. Handlers: [RegisteredHandler(callback=<bound method Auditor.disable of <Auditor>>, priority=1, kwargs={}, key=UUID('d9a0c3c3-0435-4b49-8bb7-a119d5dd866f'), condition=None, blocking_facility=None), RegisteredHandler(callback=<bound method Auditor._save_audits of <Auditor>>, priority=1, kwargs={}, key=UUID('c072687e-2eda-44ce-a3f1-9d801fa7b81e'), condition=None, blocking_facility=None)]. The order of those handlers is not defined and they will be executed in random order. This might lead to race conditions and potential bugs.
2026-02-14 10:22:59,858 : INFO : EventManager : Event: ======'player_add_request'====== Args={}
2026-02-14 10:22:59,859 : INFO : EventManager : Event: ======'player_will_add'====== Args={'number': 1}
2026-02-14 10:22:59,859 : INFO : EventManager : Event: ======'player_adding'====== Args={'player': <Player 1>, 'number': 1}
2026-02-14 10:22:59,859 : INFO : EventManager : Event: ======'player_added'====== Args={'player': <Player 1>, 'num': 1}
2026-02-14 10:22:59,859 : INFO : Mode.game : Player added successfully. Total players: 1
2026-02-14 10:22:59,860 : INFO : EventManager : Event: ======'player_index'====== Args={'value': 0, 'prev_value': 0, 'change': 0, 'player_num': 1}
2026-02-14 10:22:59,860 : INFO : EventManager : Event: ======'player_number'====== Args={'value': 1, 'prev_value': 1, 'change': 0, 'player_num': 1}
2026-02-14 10:22:59,860 : INFO : EventManager : Event: ======'player_score'====== Args={'value': 0, 'prev_value': 0, 'change': 0, 'player_num': 1}
2026-02-14 10:22:59,860 : INFO : EventManager : Event: ======'game_started'====== Args={}
2026-02-14 10:22:59,861 : INFO : EventManager : Event: ======'mode_tilt_will_start'====== Args={}
2026-02-14 10:22:59,862 : INFO : EventManager : Event: ======'mode_tilt_starting'====== Args={}
2026-02-14 10:22:59,862 : INFO : EventManager : Event: ======'machine_var_game_just_played'====== Args={'value': 1, 'prev_value': 0, 'change': 1}
2026-02-14 10:22:59,863 : INFO : Mode.tilt : Started. Priority: 1000000
2026-02-14 10:22:59,863 : INFO : EventManager : Event: ======'modes_active_modes_changed'====== Args={}
2026-02-14 10:22:59,863 : INFO : EventManager : Event: ======'mode_tilt_started'====== Args={}
2026-02-14 10:22:59,865 : INFO : EventManager : Event: ======'player_turn_will_start'====== Args={'player': <Player 1>, 'number': 1}
2026-02-14 10:22:59,865 : INFO : EventManager : Event: ======'player_turn_starting'====== Args={'player': <Player 1>, 'number': 1}
2026-02-14 10:22:59,866 : INFO : EventManager : Event: ======'player_ball'====== Args={'value': 1, 'prev_value': 0, 'change': 1, 'player_num': 1}
2026-02-14 10:22:59,879 : INFO : EventManager : Event: ======'player_turn_started'====== Args={'player': <Player 1>, 'number': 1}
2026-02-14 10:22:59,885 : INFO : EventManager : Event: ======'ball_will_start'====== Args={'player': 1, 'ball': 1, 'balls_remaining': 2, 'is_extra_ball': False}
2026-02-14 10:22:59,886 : INFO : EventManager : Event: ======'ball_starting'====== Args={'player': 1, 'ball': 1, 'balls_remaining': 2, 'is_extra_ball': False}
2026-02-14 10:22:59,887 : INFO : EventManager : Event: ======'mode_batterycharger_will_start'====== Args={'queue': <QueuedEvent>, 'player': 1, 'ball': 1, 'balls_remaining': 2, 'is_extra_ball': False}
2026-02-14 10:22:59,899 : INFO : EventManager : Event: ======'mode_batterycharger_starting'====== Args={'queue': <QueuedEvent>, 'player': 1, 'ball': 1, 'balls_remaining': 2, 'is_extra_ball': False}
2026-02-14 10:22:59,900 : INFO : EventManager : Event: ======'mode_base_will_start'====== Args={'queue': <QueuedEvent>, 'player': 1, 'ball': 1, 'balls_remaining': 2, 'is_extra_ball': False}
2026-02-14 10:22:59,900 : INFO : EventManager : Event: ======'player_shot_left_orbit_enabled'====== Args={'value': True, 'prev_value': 0, 'change': 1, 'player_num': 1}
2026-02-14 10:22:59,900 : INFO : EventManager : Event: ======'player_shot_right_orbit_enabled'====== Args={'value': True, 'prev_value': 0, 'change': 1, 'player_num': 1}
2026-02-14 10:22:59,901 : INFO : EventManager : Event: ======'player_shot_inner_loop_enabled'====== Args={'value': True, 'prev_value': 0, 'change': 1, 'player_num': 1}
2026-02-14 10:22:59,901 : INFO : EventManager : Event: ======'player_shot_left_orbit_backdoor_enabled'====== Args={'value': True, 'prev_value': 0, 'change': 1, 'player_num': 1}
2026-02-14 10:22:59,901 : INFO : EventManager : Event: ======'player_shot_right_orbit_backdoor_enabled'====== Args={'value': True, 'prev_value': 0, 'change': 1, 'player_num': 1}
2026-02-14 10:22:59,901 : INFO : EventManager : Event: ======'player_shot_inner_loop_backdoor_enabled'====== Args={'value': True, 'prev_value': 0, 'change': 1, 'player_num': 1}
2026-02-14 10:22:59,902 : INFO : EventManager : Event: ======'player_shot_right_ramp_enabled'====== Args={'value': True, 'prev_value': 0, 'change': 1, 'player_num': 1}
2026-02-14 10:22:59,902 : INFO : EventManager : Event: ======'player_shot_left_ramp_enabled'====== Args={'value': True, 'prev_value': 0, 'change': 1, 'player_num': 1}
2026-02-14 10:22:59,902 : INFO : EventManager : Event: ======'player_shot_pop_standup_enabled'====== Args={'value': True, 'prev_value': 0, 'change': 1, 'player_num': 1}
2026-02-14 10:22:59,903 : INFO : EventManager : Event: ======'player_shot_upper_pop_standup_enabled'====== Args={'value': True, 'prev_value': 0, 'change': 1, 'player_num': 1}
2026-02-14 10:22:59,903 : INFO : EventManager : Event: ======'player_shot_scoop_enabled'====== Args={'value': True, 'prev_value': 0, 'change': 1, 'player_num': 1}
2026-02-14 10:22:59,903 : INFO : EventManager : Event: ======'player_shot_captive_ball_enabled'====== Args={'value': True, 'prev_value': 0, 'change': 1, 'player_num': 1}
2026-02-14 10:22:59,904 : INFO : EventManager : Event: ======'player_shot_three_bank_standup_enabled'====== Args={'value': True, 'prev_value': 0, 'change': 1, 'player_num': 1}
2026-02-14 10:22:59,904 : INFO : EventManager : Event: ======'player_shot_spinner_enabled'====== Args={'value': True, 'prev_value': 0, 'change': 1, 'player_num': 1}
2026-02-14 10:22:59,904 : INFO : EventManager : Event: ======'player_shot_pop1_enabled'====== Args={'value': True, 'prev_value': 0, 'change': 1, 'player_num': 1}
2026-02-14 10:22:59,905 : INFO : EventManager : Event: ======'player_shot_pop2_enabled'====== Args={'value': True, 'prev_value': 0, 'change': 1, 'player_num': 1}
2026-02-14 10:22:59,905 : INFO : EventManager : Event: ======'player_shot_pop3_enabled'====== Args={'value': True, 'prev_value': 0, 'change': 1, 'player_num': 1}
2026-02-14 10:22:59,905 : INFO : EventManager : Event: ======'player_shot_bottom_drop_enabled'====== Args={'value': True, 'prev_value': 0, 'change': 1, 'player_num': 1}
2026-02-14 10:22:59,906 : INFO : EventManager : Event: ======'player_shot_middle_drop_enabled'====== Args={'value': True, 'prev_value': 0, 'change': 1, 'player_num': 1}
2026-02-14 10:22:59,906 : INFO : EventManager : Event: ======'player_shot_top_drop_enabled'====== Args={'value': True, 'prev_value': 0, 'change': 1, 'player_num': 1}
2026-02-14 10:22:59,906 : INFO : EventManager : Event: ======'player_shot_tshirt_top_standup_enabled'====== Args={'value': True, 'prev_value': 0, 'change': 1, 'player_num': 1}
2026-02-14 10:22:59,907 : INFO : EventManager : Event: ======'player_shot_tshirt_bottom_standup_enabled'====== Args={'value': True, 'prev_value': 0, 'change': 1, 'player_num': 1}
2026-02-14 10:22:59,908 : INFO : EventManager : Event: ======'player_shot_left_outlane_enabled'====== Args={'value': True, 'prev_value': 0, 'change': 1, 'player_num': 1}
2026-02-14 10:22:59,909 : INFO : EventManager : Event: ======'player_shot_left_inlane_enabled'====== Args={'value': True, 'prev_value': 0, 'change': 1, 'player_num': 1}
2026-02-14 10:22:59,909 : INFO : EventManager : Event: ======'player_shot_right_inlane_enabled'====== Args={'value': True, 'prev_value': 0, 'change': 1, 'player_num': 1}
2026-02-14 10:22:59,910 : INFO : EventManager : Event: ======'player_shot_right_outlane_enabled'====== Args={'value': True, 'prev_value': 0, 'change': 1, 'player_num': 1}
2026-02-14 10:22:59,910 : INFO : EventManager : Event: ======'sg_lanes_complete'====== Args={'state': 'unlit'}
2026-02-14 10:22:59,910 : INFO : EventManager : Event: ======'sg_lanes_unlit_complete'====== Args={}
2026-02-14 10:22:59,911 : INFO : EventManager : Event: ======'sg_tshirts_complete'====== Args={'state': 'flash'}
2026-02-14 10:22:59,911 : INFO : EventManager : Event: ======'sg_tshirts_flash_complete'====== Args={}
2026-02-14 10:22:59,914 : INFO : EventManager : Event: ======'player_base_chcheckitoutfinish_widget_timer_tick'====== Args={'value': 0, 'prev_value': 0, 'change': 0, 'player_num': 1}
2026-02-14 10:22:59,915 : INFO : EventManager : Event: ======'player_base_bodymovin_widget_timer_tick'====== Args={'value': 0, 'prev_value': 0, 'change': 0, 'player_num': 1}
2026-02-14 10:22:59,915 : INFO : EventManager : Event: ======'player_base_bodymovin_lock_enabled_widget_timer_tick'====== Args={'value': 0, 'prev_value': 0, 'change': 0, 'player_num': 1}
2026-02-14 10:22:59,916 : INFO : EventManager : Event: ======'player_base_bodymovin_ball_1_locked_widget_timer_tick'====== Args={'value': 0, 'prev_value': 0, 'change': 0, 'player_num': 1}
2026-02-14 10:22:59,916 : INFO : EventManager : Event: ======'player_base_bodymovin_ball_2_locked_widget_timer_tick'====== Args={'value': 0, 'prev_value': 0, 'change': 0, 'player_num': 1}
2026-02-14 10:22:59,917 : INFO : EventManager : Event: ======'achievement_wizard1_changed_state'====== Args={'restore': False, 'state': 'disabled', 'selected': False}
2026-02-14 10:22:59,917 : INFO : EventManager : Event: ======'achievement_wizard1_state_disabled'====== Args={'restore': False, 'state': 'disabled', 'selected': False}
2026-02-14 10:22:59,917 : INFO : EventManager : Event: ======'achievement_intergalactic_mode_changed_state'====== Args={'restore': False, 'state': 'enabled', 'selected': False}
2026-02-14 10:22:59,917 : INFO : EventManager : Event: ======'achievement_intergalactic_mode_state_enabled'====== Args={'restore': False, 'state': 'enabled', 'selected': False}
2026-02-14 10:22:59,918 : INFO : EventManager : Event: ======'achievement_paulrevere_mode_changed_state'====== Args={'restore': False, 'state': 'enabled', 'selected': False}
2026-02-14 10:22:59,918 : INFO : EventManager : Event: ======'achievement_paulrevere_mode_state_enabled'====== Args={'restore': False, 'state': 'enabled', 'selected': False}
2026-02-14 10:22:59,918 : INFO : EventManager : Event: ======'achievement_tripletrouble_mode_changed_state'====== Args={'restore': False, 'state': 'enabled', 'selected': False}
2026-02-14 10:22:59,918 : INFO : EventManager : Event: ======'achievement_tripletrouble_mode_state_enabled'====== Args={'restore': False, 'state': 'enabled', 'selected': False}
2026-02-14 10:22:59,918 : INFO : EventManager : Event: ======'achievement_sabotage_mode_changed_state'====== Args={'restore': False, 'state': 'enabled', 'selected': False}
2026-02-14 10:22:59,918 : INFO : EventManager : Event: ======'achievement_sabotage_mode_state_enabled'====== Args={'restore': False, 'state': 'enabled', 'selected': False}
2026-02-14 10:22:59,919 : INFO : EventManager : Event: ======'achievement_fingerlickingood_mode_changed_state'====== Args={'restore': False, 'state': 'enabled', 'selected': False}
2026-02-14 10:22:59,919 : INFO : EventManager : Event: ======'achievement_fingerlickingood_mode_state_enabled'====== Args={'restore': False, 'state': 'enabled', 'selected': False}
2026-02-14 10:22:59,919 : INFO : EventManager : Event: ======'achievement_toomanyrappers_mode_changed_state'====== Args={'restore': False, 'state': 'enabled', 'selected': False}
2026-02-14 10:22:59,919 : INFO : EventManager : Event: ======'achievement_toomanyrappers_mode_state_enabled'====== Args={'restore': False, 'state': 'enabled', 'selected': False}
2026-02-14 10:22:59,919 : INFO : EventManager : Event: ======'achievement_threemcsand1dj_mode_changed_state'====== Args={'restore': False, 'state': 'enabled', 'selected': False}
2026-02-14 10:22:59,919 : INFO : EventManager : Event: ======'achievement_threemcsand1dj_mode_state_enabled'====== Args={'restore': False, 'state': 'enabled', 'selected': False}
2026-02-14 10:22:59,920 : INFO : EventManager : Event: ======'achievement_highplainsdrifter_mode_changed_state'====== Args={'restore': False, 'state': 'enabled', 'selected': False}
2026-02-14 10:22:59,920 : INFO : EventManager : Event: ======'achievement_highplainsdrifter_mode_state_enabled'====== Args={'restore': False, 'state': 'enabled', 'selected': False}
2026-02-14 10:22:59,920 : INFO : EventManager : Event: ======'achievement_chcheckitout_multiball_changed_state'====== Args={'restore': False, 'state': 'enabled', 'selected': False}
2026-02-14 10:22:59,920 : INFO : EventManager : Event: ======'achievement_chcheckitout_multiball_state_enabled'====== Args={'restore': False, 'state': 'enabled', 'selected': False}
2026-02-14 10:22:59,920 : INFO : EventManager : Event: ======'achievement_bodymovin_multiball_changed_state'====== Args={'restore': False, 'state': 'enabled', 'selected': False}
2026-02-14 10:22:59,921 : INFO : EventManager : Event: ======'achievement_bodymovin_multiball_state_enabled'====== Args={'restore': False, 'state': 'enabled', 'selected': False}
2026-02-14 10:22:59,921 : INFO : EventManager : Event: ======'achievement_superpops_super_mode_changed_state'====== Args={'restore': False, 'state': 'enabled', 'selected': False}
2026-02-14 10:22:59,921 : INFO : EventManager : Event: ======'achievement_superpops_super_mode_state_enabled'====== Args={'restore': False, 'state': 'enabled', 'selected': False}
2026-02-14 10:22:59,921 : INFO : EventManager : Event: ======'achievement_superdrops_super_mode_changed_state'====== Args={'restore': False, 'state': 'enabled', 'selected': False}
2026-02-14 10:22:59,921 : INFO : EventManager : Event: ======'achievement_superdrops_super_mode_state_enabled'====== Args={'restore': False, 'state': 'enabled', 'selected': False}
2026-02-14 10:22:59,922 : INFO : EventManager : Event: ======'achievement_superspins_super_mode_changed_state'====== Args={'restore': False, 'state': 'enabled', 'selected': False}
2026-02-14 10:22:59,922 : INFO : EventManager : Event: ======'achievement_superspins_super_mode_state_enabled'====== Args={'restore': False, 'state': 'enabled', 'selected': False}
2026-02-14 10:22:59,922 : INFO : EventManager : Event: ======'achievement_superstandups_super_mode_changed_state'====== Args={'restore': False, 'state': 'enabled', 'selected': False}
2026-02-14 10:22:59,922 : INFO : EventManager : Event: ======'achievement_superstandups_super_mode_state_enabled'====== Args={'restore': False, 'state': 'enabled', 'selected': False}
2026-02-14 10:22:59,922 : INFO : EventManager : Event: ======'achievement_supercombos_super_mode_changed_state'====== Args={'restore': False, 'state': 'enabled', 'selected': False}
2026-02-14 10:22:59,922 : INFO : EventManager : Event: ======'achievement_supercombos_super_mode_state_enabled'====== Args={'restore': False, 'state': 'enabled', 'selected': False}
2026-02-14 10:22:59,923 : INFO : EventManager : Event: ======'achievement_girls_frenzy_changed_state'====== Args={'restore': False, 'state': 'disabled', 'selected': False}
2026-02-14 10:22:59,923 : INFO : EventManager : Event: ======'achievement_girls_frenzy_state_disabled'====== Args={'restore': False, 'state': 'disabled', 'selected': False}
2026-02-14 10:22:59,933 : INFO : EventManager : Unordered handler for class <Auditor> on event game_ended with priority 1. Handlers: [RegisteredHandler(callback=<bound method Auditor.disable of <Auditor>>, priority=1, kwargs={}, key=UUID('d9a0c3c3-0435-4b49-8bb7-a119d5dd866f'), condition=None, blocking_facility=None), RegisteredHandler(callback=<bound method Auditor._save_audits of <Auditor>>, priority=1, kwargs={}, key=UUID('c072687e-2eda-44ce-a3f1-9d801fa7b81e'), condition=None, blocking_facility=None)]. The order of those handlers is not defined and they will be executed in random order. This might lead to race conditions and potential bugs.
2026-02-14 10:22:59,963 : INFO : EventManager : Event: ======'mode_base_starting'====== Args={'queue': <QueuedEvent>, 'player': 1, 'ball': 1, 'balls_remaining': 2, 'is_extra_ball': False}
2026-02-14 10:22:59,964 : INFO : drop_target_bank.three_bank : All targets are already up. Will not reset bank.
2026-02-14 10:22:59,965 : INFO : EventManager : Event: ======'balls_in_play'====== Args={'balls': 1}
2026-02-14 10:22:59,965 : INFO : EventManager : Event: ======'ball_started'====== Args={'player': 1, 'ball': 1, 'balls_remaining': 2, 'is_extra_ball': False}
2026-02-14 10:22:59,967 : INFO : EventManager : Event: ======'logicblock_battery_charged_status_updated'====== Args={'value': 20, 'enabled': False}
2026-02-14 10:22:59,967 : INFO : Mode.batterycharger : Started. Priority: 200
2026-02-14 10:22:59,967 : INFO : EventManager : Event: ======'modes_active_modes_changed'====== Args={}
2026-02-14 10:22:59,967 : INFO : EventManager : Event: ======'mode_batterycharger_started'====== Args={'queue': <QueuedEvent>, 'player': 1, 'ball': 1, 'balls_remaining': 2, 'is_extra_ball': False}
2026-02-14 10:22:59,968 : INFO : EventManager : Event: ======'logicblock_completed_modes_count_updated'====== Args={'value': 0, 'enabled': True}
2026-02-14 10:22:59,968 : INFO : EventManager : Event: ======'logicblock_played_modes_count_updated'====== Args={'value': 0, 'enabled': True}
2026-02-14 10:22:59,968 : INFO : EventManager : Event: ======'logicblock_combos_count_updated'====== Args={'value': 0, 'enabled': True}
2026-02-14 10:22:59,968 : INFO : EventManager : Event: ======'logicblock_superpops_counter_updated'====== Args={'value': 0, 'enabled': True}
2026-02-14 10:22:59,969 : INFO : EventManager : Event: ======'logicblock_superdrops_counter_updated'====== Args={'value': 0, 'enabled': True}
2026-02-14 10:22:59,969 : INFO : EventManager : Event: ======'logicblock_superstandups_counter_updated'====== Args={'value': 0, 'enabled': True}
2026-02-14 10:22:59,969 : INFO : EventManager : Event: ======'logicblock_superspins_counter_updated'====== Args={'value': 0, 'enabled': True}
2026-02-14 10:22:59,969 : INFO : EventManager : Event: ======'logicblock_supercombos_counter_updated'====== Args={'value': 0, 'enabled': True}
2026-02-14 10:22:59,969 : INFO : EventManager : Event: ======'logicblock_super_modes_played_counter_updated'====== Args={'value': 0, 'enabled': True}
2026-02-14 10:22:59,969 : INFO : EventManager : Event: ======'logicblock_qualify_chcheckitout_multiball_updated'====== Args={'value': 0, 'enabled': False}
2026-02-14 10:22:59,970 : INFO : EventManager : Event: ======'logicblock_chcheckitout_multiball_ready_updated'====== Args={'value': 0, 'enabled': False}
2026-02-14 10:22:59,970 : INFO : EventManager : Event: ======'logicblock_enable_bodymovin_lock_1_updated'====== Args={'value': 0, 'enabled': False}
2026-02-14 10:22:59,970 : INFO : EventManager : Event: ======'logicblock_bodymovin_lock_1_updated'====== Args={'value': 0, 'enabled': False}
2026-02-14 10:22:59,970 : INFO : EventManager : Event: ======'logicblock_enable_bodymovin_lock_2_updated'====== Args={'value': 0, 'enabled': False}
2026-02-14 10:22:59,970 : INFO : EventManager : Event: ======'logicblock_bodymovin_lock_2_updated'====== Args={'value': 0, 'enabled': False}
2026-02-14 10:22:59,970 : INFO : EventManager : Event: ======'logicblock_enable_bodymovin_lock_3_updated'====== Args={'value': 0, 'enabled': False}
2026-02-14 10:22:59,970 : INFO : EventManager : Event: ======'logicblock_bodymovin_multiball_ready_updated'====== Args={'value': 0, 'enabled': False}
2026-02-14 10:22:59,970 : INFO : EventManager : Event: ======'logicblock_drop_target_bank_counter_updated'====== Args={'value': 0, 'enabled': False}
2026-02-14 10:22:59,970 : INFO : EventManager : Event: ======'logicblock_completed_modes_count_updated'====== Args={'value': 0, 'enabled': True}
2026-02-14 10:22:59,971 : INFO : EventManager : Event: ======'logicblock_played_modes_count_updated'====== Args={'value': 0, 'enabled': True}
2026-02-14 10:22:59,971 : INFO : EventManager : Event: ======'logicblock_combos_count_updated'====== Args={'value': 0, 'enabled': True}
2026-02-14 10:22:59,971 : INFO : EventManager : Event: ======'logicblock_superpops_counter_updated'====== Args={'value': 0, 'enabled': True}
2026-02-14 10:22:59,971 : INFO : EventManager : Event: ======'logicblock_superdrops_counter_updated'====== Args={'value': 0, 'enabled': True}
2026-02-14 10:22:59,971 : INFO : EventManager : Event: ======'logicblock_superstandups_counter_updated'====== Args={'value': 0, 'enabled': True}
2026-02-14 10:22:59,971 : INFO : EventManager : Event: ======'logicblock_superspins_counter_updated'====== Args={'value': 0, 'enabled': True}
2026-02-14 10:22:59,971 : INFO : EventManager : Event: ======'logicblock_supercombos_counter_updated'====== Args={'value': 0, 'enabled': True}
2026-02-14 10:22:59,971 : INFO : EventManager : Event: ======'logicblock_super_modes_played_counter_updated'====== Args={'value': 0, 'enabled': True}
2026-02-14 10:22:59,972 : INFO : Mode.base : Started. Priority: 100
2026-02-14 10:22:59,972 : INFO : EventManager : Event: ======'modes_active_modes_changed'====== Args={}
2026-02-14 10:22:59,972 : INFO : EventManager : Event: ======'mode_base_started'====== Args={'queue': <QueuedEvent>, 'player': 1, 'ball': 1, 'balls_remaining': 2, 'is_extra_ball': False}
2026-02-14 10:22:59,973 : INFO : EventManager : Event: ======'mode_combos_will_start'====== Args={'player': 1, 'ball': 1, 'balls_remaining': 2, 'is_extra_ball': False}
2026-02-14 10:22:59,984 : INFO : EventManager : Event: ======'mode_combos_starting'====== Args={'player': 1, 'ball': 1, 'balls_remaining': 2, 'is_extra_ball': False}
2026-02-14 10:22:59,984 : INFO : EventManager : Event: ======'mode_skill_shot_will_start'====== Args={'player': 1, 'ball': 1, 'balls_remaining': 2, 'is_extra_ball': False}
2026-02-14 10:22:59,985 : INFO : EventManager : Event: ======'player_shot_skillshot_side_targets_enabled'====== Args={'value': True, 'prev_value': 0, 'change': 1, 'player_num': 1}
2026-02-14 10:22:59,985 : INFO : EventManager : Event: ======'player_shot_skillshot_hideout_plunge_enabled'====== Args={'value': True, 'prev_value': 0, 'change': 1, 'player_num': 1}
2026-02-14 10:22:59,985 : INFO : EventManager : Event: ======'player_shot_skillshot_super_enabled'====== Args={'value': True, 'prev_value': 0, 'change': 1, 'player_num': 1}
2026-02-14 10:22:59,986 : INFO : EventManager : Event: ======'player_shot_skillshot_left_outlane_enabled'====== Args={'value': True, 'prev_value': 0, 'change': 1, 'player_num': 1}
2026-02-14 10:22:59,986 : INFO : EventManager : Event: ======'player_shot_skillshot_drop_targets_enabled'====== Args={'value': True, 'prev_value': 0, 'change': 1, 'player_num': 1}
2026-02-14 10:22:59,986 : INFO : EventManager : Event: ======'player_shot_skillshot_lower_pop_enabled'====== Args={'value': True, 'prev_value': 0, 'change': 1, 'player_num': 1}
2026-02-14 10:22:59,987 : INFO : EventManager : Event: ======'skillshot_complete'====== Args={'state': 'off'}
2026-02-14 10:22:59,987 : INFO : EventManager : Event: ======'skillshot_off_complete'====== Args={}
2026-02-14 10:22:59,987 : INFO : EventManager : Event: ======'player_skill_shot_skill_shot_timeout_tick'====== Args={'value': 0, 'prev_value': 0, 'change': 0, 'player_num': 1}
2026-02-14 10:22:59,988 : INFO : EventManager : Unordered handler for class <timer.skill_shot_timeout> on event ball_starting with priority 1. Handlers: [RegisteredHandler(callback=<bound method Timer.reset of <timer.skill_shot_timeout>>, priority=1, kwargs={}, key=UUID('de2ae90f-5975-43f6-b9c1-ea80e94ec760'), condition=None, blocking_facility=None), RegisteredHandler(callback=<bound method Timer.pause of <timer.skill_shot_timeout>>, priority=1, kwargs={'timer_value': None}, key=UUID('979f6296-720e-4ee2-a311-3020f5735b99'), condition=None, blocking_facility=None)]. The order of those handlers is not defined and they will be executed in random order. This might lead to race conditions and potential bugs.
2026-02-14 10:22:59,992 : INFO : EventManager : Event: ======'mode_skill_shot_starting'====== Args={'player': 1, 'ball': 1, 'balls_remaining': 2, 'is_extra_ball': False}
2026-02-14 10:22:59,992 : INFO : EventManager : Event: ======'logicblock_battery_charged_status_updated'====== Args={'value': 20, 'enabled': False}
2026-02-14 10:22:59,992 : INFO : EventManager : Event: ======'logicblock_battery_charged_status_updated'====== Args={'value': 20, 'enabled': True}
2026-02-14 10:22:59,993 : INFO : EventManager : Event: ======'logicblock_drop_target_bank_counter_updated'====== Args={'value': 0, 'enabled': True}
2026-02-14 10:22:59,993 : INFO : EventManager : Event: ======'logicblock_combos_count_updated'====== Args={'value': 0, 'enabled': True}
2026-02-14 10:22:59,993 : INFO : EventManager : Event: ======'logicblock_combos_count_updated'====== Args={'value': 0, 'enabled': True}
2026-02-14 10:22:59,993 : INFO : EventManager : Event: ======'logicblock_superpops_counter_updated'====== Args={'value': 0, 'enabled': True}
2026-02-14 10:22:59,993 : INFO : EventManager : Event: ======'logicblock_superpops_counter_updated'====== Args={'value': 0, 'enabled': True}
2026-02-14 10:22:59,994 : INFO : EventManager : Event: ======'logicblock_superdrops_counter_updated'====== Args={'value': 0, 'enabled': True}
2026-02-14 10:22:59,994 : INFO : EventManager : Event: ======'logicblock_superdrops_counter_updated'====== Args={'value': 0, 'enabled': True}
2026-02-14 10:22:59,994 : INFO : EventManager : Event: ======'logicblock_superstandups_counter_updated'====== Args={'value': 0, 'enabled': True}
2026-02-14 10:22:59,994 : INFO : EventManager : Event: ======'logicblock_superstandups_counter_updated'====== Args={'value': 0, 'enabled': True}
2026-02-14 10:22:59,994 : INFO : EventManager : Event: ======'logicblock_superspins_counter_updated'====== Args={'value': 0, 'enabled': True}
2026-02-14 10:22:59,994 : INFO : EventManager : Event: ======'logicblock_superspins_counter_updated'====== Args={'value': 0, 'enabled': True}
2026-02-14 10:22:59,994 : INFO : EventManager : Event: ======'logicblock_supercombos_counter_updated'====== Args={'value': 0, 'enabled': True}
2026-02-14 10:22:59,994 : INFO : EventManager : Event: ======'logicblock_supercombos_counter_updated'====== Args={'value': 0, 'enabled': True}
2026-02-14 10:22:59,995 : INFO : EventManager : Event: ======'logicblock_super_modes_played_counter_updated'====== Args={'value': 0, 'enabled': True}
2026-02-14 10:22:59,995 : INFO : EventManager : Event: ======'logicblock_super_modes_played_counter_updated'====== Args={'value': 0, 'enabled': True}
2026-02-14 10:22:59,995 : INFO : EventManager : Event: ======'logicblock_qualify_chcheckitout_multiball_updated'====== Args={'value': 0, 'enabled': False}
2026-02-14 10:22:59,995 : INFO : EventManager : Event: ======'logicblock_qualify_chcheckitout_multiball_updated'====== Args={'value': 0, 'enabled': True}
2026-02-14 10:22:59,995 : INFO : EventManager : Event: ======'logicblock_enable_bodymovin_lock_2_updated'====== Args={'value': 0, 'enabled': False}
2026-02-14 10:22:59,995 : INFO : EventManager : Event: ======'logicblock_enable_bodymovin_lock_2_updated'====== Args={'value': 0, 'enabled': True}
2026-02-14 10:22:59,996 : INFO : EventManager : Event: ======'battery_charged'====== Args={'priority': 0}
2026-02-14 10:22:59,996 : INFO : EventManager : Event: ======'player_chcheckitout_multiball_blocking_flag'====== Args={'value': 0, 'prev_value': 0, 'change': 0, 'player_num': 1, 'source': 'base'}
2026-02-14 10:22:59,996 : INFO : EventManager : Event: ======'player_bodymovin_multiball_blocking_flag'====== Args={'value': 0, 'prev_value': 0, 'change': 0, 'player_num': 1, 'source': 'base'}
2026-02-14 10:22:59,997 : INFO : EventManager : Event: ======'player_mode_blocking_flag'====== Args={'value': 0, 'prev_value': 0, 'change': 0, 'player_num': 1, 'source': 'base'}
2026-02-14 10:22:59,997 : INFO : EventManager : Event: ======'player_battery_charged_yesorno'====== Args={'value': 0, 'prev_value': 0, 'change': 0, 'player_num': 1, 'source': 'base'}
2026-02-14 10:22:59,997 : INFO : EventManager : Event: ======'player_combos'====== Args={'value': 0, 'prev_value': 0, 'change': 0, 'player_num': 1, 'source': 'base'}
2026-02-14 10:22:59,997 : INFO : EventManager : Event: ======'player_modes_played'====== Args={'value': 0, 'prev_value': 0, 'change': 0, 'player_num': 1, 'source': 'base'}
2026-02-14 10:22:59,998 : INFO : EventManager : Event: ======'player_modes_completed'====== Args={'value': 0, 'prev_value': 0, 'change': 0, 'player_num': 1, 'source': 'base'}
2026-02-14 10:22:59,998 : INFO : EventManager : Event: ======'player_chcheckitout_qualified_flag'====== Args={'value': 0, 'prev_value': 0, 'change': 0, 'player_num': 1, 'source': 'base'}
2026-02-14 10:22:59,998 : INFO : EventManager : Event: ======'player_bodymovin_lock1_qualified_flag'====== Args={'value': 0, 'prev_value': 0, 'change': 0, 'player_num': 1, 'source': 'base'}
2026-02-14 10:22:59,998 : INFO : EventManager : Event: ======'player_bodymovin_lock2_qualified_flag'====== Args={'value': 0, 'prev_value': 0, 'change': 0, 'player_num': 1, 'source': 'base'}
2026-02-14 10:22:59,998 : INFO : EventManager : Event: ======'player_bodymovin_lock1_locked_flag'====== Args={'value': 1, 'prev_value': 0, 'change': 1, 'player_num': 1, 'source': 'base'}
2026-02-14 10:22:59,999 : INFO : EventManager : Event: ======'player_bodymovin_lock2_locked_flag'====== Args={'value': 0, 'prev_value': 0, 'change': 0, 'player_num': 1, 'source': 'base'}
2026-02-14 10:22:59,999 : INFO : EventManager : Event: ======'player_bodymovin_multiball_qualified_flag'====== Args={'value': 0, 'prev_value': 0, 'change': 0, 'player_num': 1, 'source': 'base'}
2026-02-14 10:22:59,999 : INFO : EventManager : Event: ======'player_bodymovin_round'====== Args={'value': 0, 'prev_value': 0, 'change': 0, 'player_num': 1, 'source': 'base'}
2026-02-14 10:22:59,999 : INFO : EventManager : Event: ======'player_girls_bonus_score'====== Args={'value': 0, 'prev_value': 0, 'change': 0, 'player_num': 1, 'source': 'base'}
2026-02-14 10:23:00,000 : INFO : EventManager : Event: ======'player_girls_blocking_flag'====== Args={'value': 0, 'prev_value': 0, 'change': 0, 'player_num': 1, 'source': 'base'}
2026-02-14 10:23:00,000 : INFO : EventManager : Event: ======'player_characters_collected'====== Args={'value': 0, 'prev_value': 0, 'change': 0, 'player_num': 1, 'source': 'base'}
2026-02-14 10:23:00,000 : INFO : EventManager : Event: ======'player_adroc_collected'====== Args={'value': 0, 'prev_value': 0, 'change': 0, 'player_num': 1, 'source': 'base'}
2026-02-14 10:23:00,000 : INFO : EventManager : Event: ======'player_mca_collected'====== Args={'value': 0, 'prev_value': 0, 'change': 0, 'player_num': 1, 'source': 'base'}
2026-02-14 10:23:00,000 : INFO : EventManager : Event: ======'player_miked_collected'====== Args={'value': 0, 'prev_value': 0, 'change': 0, 'player_num': 1, 'source': 'base'}
2026-02-14 10:23:00,001 : INFO : EventManager : Event: ======'player_mmm_collected'====== Args={'value': 0, 'prev_value': 0, 'change': 0, 'player_num': 1, 'source': 'base'}
2026-02-14 10:23:00,001 : INFO : EventManager : Event: ======'player_djhurr_collected'====== Args={'value': 0, 'prev_value': 0, 'change': 0, 'player_num': 1, 'source': 'base'}
2026-02-14 10:23:00,001 : INFO : EventManager : Event: ======'player_chcheckitout_multiplier'====== Args={'value': 0, 'prev_value': 0, 'change': 0, 'player_num': 1, 'source': 'base'}
2026-02-14 10:23:00,001 : INFO : EventManager : Event: ======'logicblock_drop_target_bank_counter_updated'====== Args={'value': 1, 'enabled': True}
2026-02-14 10:23:00,003 : INFO : EventManager : Event: ======'player_charges_remaining_variable'====== Args={'value': 20, 'prev_value': 0, 'change': 20, 'player_num': 1, 'source': 'batterycharger'}
2026-02-14 10:23:00,003 : INFO : EventManager : Event: ======'player_drop_target_bank_counter_count'====== Args={'value': 0, 'prev_value': 0, 'change': 0, 'player_num': 1, 'source': 'base'}
2026-02-14 10:23:00,004 : INFO : EventManager : Event: ======'mode_carousel_will_start'====== Args={'priority': 0}
2026-02-14 10:23:00,017 : INFO : EventManager : Event: ======'mode_carousel_starting'====== Args={'priority': 0}
2026-02-14 10:23:00,018 : INFO : EventManager : Event: ======'player_battery_charged_yesorno'====== Args={'value': 1, 'prev_value': 0, 'change': 1, 'player_num': 1, 'source': 'base'}
2026-02-14 10:23:00,018 : INFO : EventManager : Event: ======'player_drop_target_bank_counter_count'====== Args={'value': 1, 'prev_value': 0, 'change': 1, 'player_num': 1, 'source': 'base'}
2026-02-14 10:23:00,025 : INFO : EventManager : Event: ======'logicblock_battery_charged_status_updated'====== Args={'value': 0, 'enabled': True}
2026-02-14 10:23:00,026 : INFO : EventManager : Event: ======'battery_charged'====== Args={}
2026-02-14 10:23:00,033 : INFO : EventManager : Event: ======'logicblock_battery_charged_status_updated'====== Args={'value': 0, 'enabled': False}
2026-02-14 10:23:00,034 : INFO : EventManager : Event: ======'player_charges_remaining_variable'====== Args={'value': 0, 'prev_value': 20, 'change': -20, 'player_num': 1, 'source': 'batterycharger'}
2026-02-14 10:23:00,035 : INFO : EventManager : Event: ======'player_drop_target_bank_counter_count'====== Args={'value': 0, 'prev_value': 1, 'change': -1, 'player_num': 1, 'source': 'base'}
2026-02-14 10:23:00,036 : INFO : EventManager : Event: ======'mode_multiball_will_start'====== Args={'queue': <QueuedEvent>, 'player': 1, 'ball': 1, 'balls_remaining': 2, 'is_extra_ball': False}
2026-02-14 10:23:00,037 : INFO : EventManager : Event: ======'mode_multiball_starting'====== Args={'queue': <QueuedEvent>, 'player': 1, 'ball': 1, 'balls_remaining': 2, 'is_extra_ball': False}
2026-02-14 10:23:00,038 : INFO : EventManager : Event: ======'ball_save_default_enabled'====== Args={}
2026-02-14 10:23:00,039 : INFO : Mode.multiball : Started. Priority: 1000
2026-02-14 10:23:00,039 : INFO : EventManager : Event: ======'modes_active_modes_changed'====== Args={}
2026-02-14 10:23:00,039 : INFO : EventManager : Event: ======'mode_multiball_started'====== Args={'queue': <QueuedEvent>, 'player': 1, 'ball': 1, 'balls_remaining': 2, 'is_extra_ball': False}
2026-02-14 10:23:00,039 : INFO : Mode.carousel : Started. Priority: 200
2026-02-14 10:23:00,039 : INFO : EventManager : Event: ======'modes_active_modes_changed'====== Args={}
2026-02-14 10:23:00,040 : INFO : EventManager : Event: ======'mode_carousel_started'====== Args={'priority': 0}
2026-02-14 10:23:00,040 : INFO : blinkenlight.bl_scoop_arrow_led : Color (0, 0, 255) with key carousel added
2026-02-14 10:23:00,042 : INFO : EventManager : Event: ======'carousel_item_highlighted'====== Args={'carousel': 'carousel', 'direction': None, 'item': 'intergalactic'}
2026-02-14 10:23:00,044 : INFO : Mode.skill_shot : Started. Priority: 500
2026-02-14 10:23:00,045 : INFO : EventManager : Event: ======'modes_active_modes_changed'====== Args={}
2026-02-14 10:23:00,045 : INFO : EventManager : Event: ======'mode_skill_shot_started'====== Args={'player': 1, 'ball': 1, 'balls_remaining': 2, 'is_extra_ball': False}
2026-02-14 10:23:00,046 : INFO : EventManager : Event: ======'advance_skill_lower_pop'====== Args={'player': 1, 'ball': 1, 'balls_remaining': 2, 'is_extra_ball': False}
2026-02-14 10:23:00,047 : INFO : EventManager : Event: ======'player_shot_skillshot_lower_pop'====== Args={'value': 1, 'prev_value': 0, 'change': 1, 'player_num': 1}
2026-02-14 10:23:00,049 : INFO : Mode.combos : Started. Priority: 2000
2026-02-14 10:23:00,049 : INFO : EventManager : Event: ======'modes_active_modes_changed'====== Args={}
2026-02-14 10:23:00,049 : INFO : EventManager : Event: ======'mode_combos_started'====== Args={'player': 1, 'ball': 1, 'balls_remaining': 2, 'is_extra_ball': False}
2026-02-14 10:23:00,052 : INFO : EventManager : Event: ======'single_player_ball_started'====== Args={}
2026-02-14 10:23:00,053 : INFO : EventManager : Event: ======'ball_start_target'====== Args={'target': 'playfield'}
2026-02-14 10:23:00,054 : INFO : ball_device.bd_plunger : Setting up player-controlled eject. Balls: 1, Target: <playfield.playfield>, player_controlled_eject_event: None
2026-02-14 10:23:00,054 : INFO : EventManager : Event: ======'balldevice_balls_available'====== Args={}
2026-02-14 10:23:00,055 : INFO : ball_device.bd_trough : State: waiting_for_target_ready
2026-02-14 10:23:00,056 : INFO : EventManager : Event: ======'balldevice_bd_trough_ball_eject_attempt'====== Args={'balls': 1, 'target': <ball_device.bd_plunger>, 'source': <ball_device.bd_trough>, 'mechanical_eject': True, 'num_attempts': 0}
2026-02-14 10:23:00,057 : INFO : ball_device.bd_plunger : State: waiting_for_ball
2026-02-14 10:23:00,058 : INFO : ball_device.bd_trough : State: ejecting
2026-02-14 10:23:00,058 : INFO : ball_device.bd_trough : Ejecting ball to <ball_device.bd_plunger>
2026-02-14 10:23:00,058 : INFO : EventManager : Event: ======'balldevice_bd_trough_ejecting_ball'====== Args={'balls': 1, 'target': <ball_device.bd_plunger>, 'source': <ball_device.bd_trough>, 'mechanical_eject': True, 'num_attempts': 0}
2026-02-14 10:23:00,059 : INFO : ball_device.bd_trough : Wait for ball to leave device
2026-02-14 10:23:00,060 : INFO : coil.c_trough_eject : Pulsing Driver for 15ms (1.0 pulse_power)
2026-02-14 10:23:00,061 : INFO : SwitchController : <<<<<<< 's_trough1' inactive >>>>>>>
2026-02-14 10:23:00,062 : INFO : ball_device.bd_trough : State: ball_left
2026-02-14 10:23:00,062 : INFO : ball_device.bd_trough : Ball left
2026-02-14 10:23:00,062 : INFO : ball_device.bd_trough : Wait for confirm with timeout 3.0
2026-02-14 10:23:00,063 : INFO : EventManager : Event: ======'slide_base_created'====== Args={'_from_bcp': True}
2026-02-14 10:23:00,064 : INFO : EventManager : Event: ======'play_base_video2'====== Args={'_from_bcp': True}
2026-02-14 10:23:00,177 : INFO : SwitchController : <<<<<<< 's_plunger' active >>>>>>>
2026-02-14 10:23:00,177 : INFO : EventManager : Event: ======'machine_var_audits_switches_s_plunger'====== Args={'value': 2118, 'prev_value': 2117, 'change': 1}
2026-02-14 10:23:00,358 : INFO : EventManager : Event: ======'slide_score_overlay_created'====== Args={'_from_bcp': True}
2026-02-14 10:23:00,613 : INFO : EventManager : Event: ======'slide_super_circles_created'====== Args={'_from_bcp': True}
2026-02-14 10:23:00,614 : INFO : EventManager : Event: ======'slide_attract_load_inactive'====== Args={'is_removing': True, '_from_bcp': True}
2026-02-14 10:23:00,615 : INFO : EventManager : Event: ======'slide_super_circles_active'====== Args={'original_context': 'base', 'original_calling_context': 'mode_base_started', 'priority': 100.0, 'queue': '<QueuedEvent>', 'player': 1.0, 'ball': 1.0, 'balls_remaining': 2.0, 'is_extra_ball': False, 'cmd': 'slides_play', '_from_bcp': True}
2026-02-14 10:23:00,621 : INFO : EventManager : Event: ======'slide_attract_load_removed'====== Args={'_from_bcp': True}
2026-02-14 10:23:00,690 : INFO : ball_device.bd_plunger : Received ball from <ball_device.bd_trough>
2026-02-14 10:23:00,690 : INFO : EventManager : Event: ======'balldevice_bd_plunger_ball_enter'====== Args={'new_balls': 1, 'unclaimed_balls': 0, 'new_available_balls': 0, 'device': <ball_device.bd_plunger>}
2026-02-14 10:23:00,691 : INFO : EventManager : Event: ======'balldevice_bd_plunger_ball_entered'====== Args={'new_balls': 0, 'device': <ball_device.bd_plunger>}
2026-02-14 10:23:00,692 : INFO : EventManager : Event: ======'balldevice_bd_plunger_ball_count_changed'====== Args={'balls': 1}
2026-02-14 10:23:00,692 : INFO : ball_device.bd_trough : Got eject confirm
2026-02-14 10:23:00,692 : INFO : ball_device.bd_trough : Eject successful
2026-02-14 10:23:00,692 : INFO : EventManager : Event: ======'balldevice_bd_trough_ball_eject_success'====== Args={'balls': 1, 'target': <ball_device.bd_plunger>}
2026-02-14 10:23:00,693 : INFO : EventManager : Event: ======'balldevice_bd_trough_ball_count_changed'====== Args={'balls': 5}
2026-02-14 10:23:00,693 : INFO : ball_device.bd_trough : State: idle
2026-02-14 10:23:00,693 : INFO : ball_device.bd_plunger : State: waiting_for_target_ready
2026-02-14 10:23:00,694 : INFO : EventManager : Event: ======'balldevice_bd_plunger_ball_eject_attempt'====== Args={'balls': 1, 'target': <playfield.playfield>, 'source': <ball_device.bd_plunger>, 'mechanical_eject': True, 'num_attempts': 0}
2026-02-14 10:23:00,694 : INFO : ball_device.bd_plunger : State: ejecting
2026-02-14 10:23:00,695 : INFO : ball_device.bd_plunger : Ejecting ball to <playfield.playfield>
2026-02-14 10:23:00,695 : INFO : EventManager : Event: ======'balldevice_bd_plunger_ejecting_ball'====== Args={'balls': 1, 'target': <playfield.playfield>, 'source': <ball_device.bd_plunger>, 'mechanical_eject': True, 'num_attempts': 0}
2026-02-14 10:23:00,696 : INFO : ball_device.bd_plunger : Wait for ball to leave device
2026-02-14 10:23:00,739 : INFO : EventManager : Event: ======'slide_current_mode_highlighted_created'====== Args={'_from_bcp': True}
2026-02-14 10:23:00,740 : INFO : EventManager : Event: ======'random_mode_picker_sabotage'====== Args={'_from_bcp': True}
2026-02-14 10:23:00,740 : INFO : EventManager : Event: ======'carousel_advance'====== Args={'priority': 0}
2026-02-14 10:23:00,740 : INFO : EventManager : Event: ======'carousel_advance_2'====== Args={'priority': 0}
2026-02-14 10:23:00,741 : INFO : EventManager : Event: ======'carousel_advance_3'====== Args={'priority': 0}
2026-02-14 10:23:00,741 : INFO : EventManager : Event: ======'carousel_item_highlighted'====== Args={'carousel': 'carousel', 'direction': 'forwards', 'item': 'paulrevere'}
2026-02-14 10:23:00,742 : INFO : EventManager : Event: ======'carousel_item_highlighted'====== Args={'carousel': 'carousel', 'direction': 'forwards', 'item': 'tripletrouble'}
2026-02-14 10:23:00,743 : INFO : EventManager : Event: ======'carousel_item_highlighted'====== Args={'carousel': 'carousel', 'direction': 'forwards', 'item': 'sabotage'}
2026-02-14 10:23:00,766 : INFO : EventManager : Event: ======'slide_skillshot_overlay_lowerpop_created'====== Args={'_from_bcp': True}
2026-02-14 10:23:00,767 : INFO : EventManager : Event: ======'slide_super_circles_inactive'====== Args={'is_removing': False, '_from_bcp': True}
2026-02-14 10:23:00,768 : INFO : EventManager : Event: ======'slide_skillshot_overlay_lowerpop_active'====== Args={'original_context': 'skill_shot', 'original_calling_context': 'player_shot_skillshot_lower_pop{device.shots.skillshot_lower_pop.state==1}', 'priority': 500.0, 'value': 1.0, 'prev_value': 0.0, 'change': 1.0, 'player_num': 1.0, 'cmd': 'slides_play', '_from_bcp': True}
2026-02-14 10:23:00,777 : INFO : EventManager : Event: ======'slide_basevideo2_created'====== Args={'_from_bcp': True}
2026-02-14 10:23:01,199 : INFO : SwitchController : <<<<<<< 's_plunger' inactive >>>>>>>
2026-02-14 10:23:01,200 : INFO : EventManager : Event: ======'ball_out'====== Args={}
2026-02-14 10:23:01,201 : INFO : EventManager : Event: ======'ball_save_default_timer_start'====== Args={}
2026-02-14 10:23:01,203 : INFO : ball_device.bd_plunger : State: ball_left
2026-02-14 10:23:01,203 : INFO : ball_device.bd_plunger : Ball left
2026-02-14 10:23:01,203 : INFO : ball_device.bd_plunger : Wait for confirm with timeout 3.0
2026-02-14 10:23:01,381 : INFO : SwitchController : <<<<<<< 's_three_bank_top' active >>>>>>>
2026-02-14 10:23:01,382 : INFO : EventManager : Event: ======'playfield_active'====== Args={'source': 'skillshot_drop_targets'}
2026-02-14 10:23:01,382 : INFO : EventManager : Event: ======'playfield_active'====== Args={'source': 'top_drop'}
2026-02-14 10:23:01,382 : INFO : EventManager : Event: ======'s_three_bank_top_active'====== Args={}
2026-02-14 10:23:01,382 : INFO : EventManager : Event: ======'playfield_active'====== Args={'source': 'top'}
2026-02-14 10:23:01,383 : INFO : EventManager : Event: ======'drop_target_top_down'====== Args={'device': <drop_target.top>}
2026-02-14 10:23:01,384 : INFO : EventManager : Event: ======'drop_target_bank_three_bank_mixed'====== Args={'prev_value': <DropTargetBankState.UP: 'up'>, 'down': 1}
2026-02-14 10:23:01,384 : INFO : EventManager : Event: ======'machine_var_audits_switches_s_three_bank_top'====== Args={'value': 1142, 'prev_value': 1141, 'change': 1}
2026-02-14 10:23:01,385 : INFO : EventManager : Event: ======'player_shot_skillshot_drop_targets'====== Args={'value': 1, 'prev_value': 0, 'change': 1, 'player_num': 1}
2026-02-14 10:23:01,386 : INFO : EventManager : Event: ======'machine_var_audits_shots_skillshot_drop_targets'====== Args={'value': 542, 'prev_value': 541, 'change': 1}
2026-02-14 10:23:01,387 : INFO : EventManager : Event: ======'skillshot_drop_targets_hit'====== Args={'profile': 'skill_shot_profile', 'state': 'off', 'advancing': True}
2026-02-14 10:23:01,387 : INFO : EventManager : Event: ======'skillshot_drop_targets_skill_shot_profile_hit'====== Args={'profile': 'skill_shot_profile', 'state': 'off', 'advancing': True}
2026-02-14 10:23:01,387 : INFO : EventManager : Event: ======'skillshot_drop_targets_skill_shot_profile_off_hit'====== Args={'profile': 'skill_shot_profile', 'state': 'off', 'advancing': True}
2026-02-14 10:23:01,387 : INFO : EventManager : Event: ======'skillshot_drop_targets_off_hit'====== Args={'profile': 'skill_shot_profile', 'state': 'off', 'advancing': True}
2026-02-14 10:23:01,387 : INFO : EventManager : Event: ======'machine_var_audits_shots_top_drop'====== Args={'value': 603, 'prev_value': 602, 'change': 1}
2026-02-14 10:23:01,388 : INFO : EventManager : Event: ======'top_drop_hit'====== Args={'profile': 'base_shot_profile', 'state': 'off', 'advancing': False}
2026-02-14 10:23:01,388 : INFO : EventManager : Event: ======'top_drop_base_shot_profile_hit'====== Args={'profile': 'base_shot_profile', 'state': 'off', 'advancing': False}
2026-02-14 10:23:01,388 : INFO : EventManager : Event: ======'top_drop_base_shot_profile_off_hit'====== Args={'profile': 'base_shot_profile', 'state': 'off', 'advancing': False}
2026-02-14 10:23:01,388 : INFO : EventManager : Event: ======'top_drop_off_hit'====== Args={'profile': 'base_shot_profile', 'state': 'off', 'advancing': False}
2026-02-14 10:23:01,389 : INFO : EventManager : Event: ======'skillshot_hit'====== Args={'shot': 'skillshot_drop_targets'}
2026-02-14 10:23:01,389 : INFO : EventManager : Event: ======'skillshot_off_hit'====== Args={'shot': 'skillshot_drop_targets'}
2026-02-14 10:23:01,389 : INFO : EventManager : Event: ======'mode_skill_shot_will_stop'====== Args={}
2026-02-14 10:23:01,390 : INFO : EventManager : Event: ======'mode_skill_shot_stopping'====== Args={}
2026-02-14 10:23:01,390 : INFO : EventManager : Event: ======'player_score'====== Args={'value': 2220, 'prev_value': 0, 'change': 2220, 'player_num': 1, 'source': 'base'}
2026-02-14 10:23:01,391 : INFO : Mode.skill_shot : Stopped.
2026-02-14 10:23:01,391 : INFO : EventManager : Event: ======'modes_active_modes_changed'====== Args={}
2026-02-14 10:23:01,391 : INFO : EventManager : Event: ======'mode_skill_shot_stopped'====== Args={}
2026-02-14 10:23:01,392 : INFO : EventManager : Event: ======'clear'====== Args={'key': 'skill_shot'}
2026-02-14 10:23:01,395 : INFO : Timer.skill_shot_timeout : Stopping Timer
2026-02-14 10:23:01,395 : INFO : EventManager : Event: ======'timer_skill_shot_timeout_stopped'====== Args={'ticks': 0, 'ticks_remaining': 0}
2026-02-14 10:23:01,398 : INFO : ball_device.bd_plunger : Got eject confirm
2026-02-14 10:23:01,398 : INFO : ball_device.bd_plunger : Eject successful
2026-02-14 10:23:01,398 : INFO : EventManager : Event: ======'balldevice_bd_plunger_ball_eject_success'====== Args={'balls': 1, 'target': <playfield.playfield>}
2026-02-14 10:23:01,399 : INFO : EventManager : Event: ======'balldevice_playfield_ball_enter'====== Args={'new_balls': 1, 'unclaimed_balls': 1, 'device': <playfield.playfield>}
2026-02-14 10:23:01,399 : INFO : EventManager : Event: ======'playfield_ball_count_change'====== Args={'balls': 1, 'change': 1}
2026-02-14 10:23:01,400 : INFO : EventManager : Event: ======'balldevice_bd_plunger_ball_count_changed'====== Args={'balls': 0}
2026-02-14 10:23:01,401 : INFO : ball_device.bd_plunger : State: idle
2026-02-14 10:23:01,416 : INFO : EventManager : Event: ======'slide_skillshot_overlay_droptargets_created'====== Args={'_from_bcp': True}
2026-02-14 10:23:01,417 : INFO : EventManager : Event: ======'slide_skillshot_overlay_lowerpop_inactive'====== Args={'is_removing': False, '_from_bcp': True}
2026-02-14 10:23:01,417 : INFO : EventManager : Event: ======'slide_skillshot_overlay_droptargets_active'====== Args={'original_context': 'skill_shot', 'original_calling_context': 'player_shot_skillshot_drop_targets{device.shots.skillshot_drop_targets.state==1}', 'priority': 500.0, 'value': 1.0, 'prev_value': 0.0, 'change': 1.0, 'player_num': 1.0, 'cmd': 'slides_play', '_from_bcp': True}
2026-02-14 10:23:01,418 : INFO : EventManager : Event: ======'slide_skillshot_overlay_droptargets_inactive'====== Args={'is_removing': True, '_from_bcp': True}
2026-02-14 10:23:01,419 : INFO : EventManager : Event: ======'slide_skillshot_overlay_lowerpop_active'====== Args={'_from_bcp': True}
2026-02-14 10:23:01,419 : INFO : EventManager : Event: ======'slide_skillshot_overlay_droptargets_removed'====== Args={'_from_bcp': True}
2026-02-14 10:23:01,420 : INFO : EventManager : Event: ======'slide_skillshot_overlay_lowerpop_inactive'====== Args={'is_removing': True, '_from_bcp': True}
2026-02-14 10:23:01,420 : INFO : EventManager : Event: ======'slide_super_circles_active'====== Args={'_from_bcp': True}
2026-02-14 10:23:01,420 : INFO : EventManager : Event: ======'slide_skillshot_overlay_lowerpop_removed'====== Args={'_from_bcp': True}
2026-02-14 10:23:04,106 : INFO : SwitchController : <<<<<<< 's_tshirt_top_standup' active >>>>>>>
2026-02-14 10:23:04,107 : INFO : EventManager : Event: ======'s_tshirt_top_standup_active'====== Args={}
2026-02-14 10:23:04,107 : INFO : EventManager : Event: ======'machine_var_audits_switches_s_tshirt_top_standup'====== Args={'value': 233, 'prev_value': 232, 'change': 1}
2026-02-14 10:23:04,109 : INFO : EventManager : Event: ======'player_shot_tshirt_top_standup'====== Args={'value': 1, 'prev_value': 0, 'change': 1, 'player_num': 1}
2026-02-14 10:23:04,110 : INFO : EventManager : Event: ======'machine_var_audits_shots_tshirt_top_standup'====== Args={'value': 141, 'prev_value': 140, 'change': 1}
2026-02-14 10:23:04,111 : INFO : EventManager : Event: ======'tshirt_top_standup_hit'====== Args={'profile': 'ball_lock_profile', 'state': 'flash', 'advancing': True}
2026-02-14 10:23:04,111 : INFO : EventManager : Event: ======'tshirt_top_standup_ball_lock_profile_hit'====== Args={'profile': 'ball_lock_profile', 'state': 'flash', 'advancing': True}
2026-02-14 10:23:04,111 : INFO : EventManager : Event: ======'tshirt_top_standup_ball_lock_profile_flash_hit'====== Args={'profile': 'ball_lock_profile', 'state': 'flash', 'advancing': True}
2026-02-14 10:23:04,111 : INFO : EventManager : Event: ======'tshirt_top_standup_flash_hit'====== Args={'profile': 'ball_lock_profile', 'state': 'flash', 'advancing': True}
2026-02-14 10:23:04,111 : INFO : EventManager : Event: ======'player_score'====== Args={'value': 7230, 'prev_value': 2220, 'change': 5010, 'player_num': 1, 'source': 'base'}
2026-02-14 10:23:04,112 : INFO : EventManager : Event: ======'sg_tshirts_hit'====== Args={'shot': 'tshirt_top_standup'}
2026-02-14 10:23:04,112 : INFO : EventManager : Event: ======'sg_tshirts_flash_hit'====== Args={'shot': 'tshirt_top_standup'}
2026-02-14 10:23:04,188 : INFO : SwitchController : <<<<<<< 's_tshirt_top_standup' inactive >>>>>>>
2026-02-14 10:23:04,513 : INFO : SwitchController : <<<<<<< 's_tshirt_bottom_standup' active >>>>>>>
2026-02-14 10:23:04,514 : INFO : EventManager : Event: ======'s_tshirt_bottom_standup_active'====== Args={}
2026-02-14 10:23:04,514 : INFO : EventManager : Event: ======'machine_var_audits_switches_s_tshirt_bottom_standup'====== Args={'value': 197, 'prev_value': 196, 'change': 1}
2026-02-14 10:23:04,515 : INFO : EventManager : Event: ======'player_shot_tshirt_bottom_standup'====== Args={'value': 1, 'prev_value': 0, 'change': 1, 'player_num': 1}
2026-02-14 10:23:04,515 : INFO : EventManager : Event: ======'machine_var_audits_shots_tshirt_bottom_standup'====== Args={'value': 135, 'prev_value': 134, 'change': 1}
2026-02-14 10:23:04,516 : INFO : EventManager : Event: ======'tshirt_bottom_standup_hit'====== Args={'profile': 'ball_lock_profile', 'state': 'flash', 'advancing': True}
2026-02-14 10:23:04,516 : INFO : EventManager : Event: ======'tshirt_bottom_standup_ball_lock_profile_hit'====== Args={'profile': 'ball_lock_profile', 'state': 'flash', 'advancing': True}
2026-02-14 10:23:04,516 : INFO : EventManager : Event: ======'tshirt_bottom_standup_ball_lock_profile_flash_hit'====== Args={'profile': 'ball_lock_profile', 'state': 'flash', 'advancing': True}
2026-02-14 10:23:04,516 : INFO : EventManager : Event: ======'tshirt_bottom_standup_flash_hit'====== Args={'profile': 'ball_lock_profile', 'state': 'flash', 'advancing': True}
2026-02-14 10:23:04,516 : INFO : EventManager : Event: ======'sg_tshirts_complete'====== Args={'state': 'on'}
2026-02-14 10:23:04,516 : INFO : EventManager : Event: ======'sg_tshirts_on_complete'====== Args={}
2026-02-14 10:23:04,517 : INFO : EventManager : Event: ======'lock_standups_complete'====== Args={'priority': 0}
2026-02-14 10:23:04,517 : INFO : EventManager : Event: ======'logicblock_enable_bodymovin_lock_2_updated'====== Args={'value': 1, 'enabled': True}
2026-02-14 10:23:04,517 : INFO : EventManager : Event: ======'logicblock_enable_bodymovin_lock_2_hit'====== Args={'step': 1}
2026-02-14 10:23:04,517 : INFO : EventManager : Event: ======'bodymovin_lock_2_enabled'====== Args={}
2026-02-14 10:23:04,518 : INFO : EventManager : Event: ======'logicblock_enable_bodymovin_lock_2_updated'====== Args={'value': 1, 'enabled': False}
2026-02-14 10:23:04,518 : INFO : EventManager : Event: ======'logicblock_bodymovin_lock_2_updated'====== Args={'value': 0, 'enabled': False}
2026-02-14 10:23:04,518 : INFO : EventManager : Event: ======'logicblock_bodymovin_lock_2_updated'====== Args={'value': 0, 'enabled': True}
2026-02-14 10:23:04,518 : INFO : EventManager : Event: ======'player_shot_tshirt_top_standup_enabled'====== Args={'value': False, 'prev_value': True, 'change': -1, 'player_num': 1}
2026-02-14 10:23:04,518 : INFO : EventManager : Event: ======'player_shot_tshirt_bottom_standup_enabled'====== Args={'value': False, 'prev_value': True, 'change': -1, 'player_num': 1}
2026-02-14 10:23:04,519 : INFO : EventManager : Event: ======'player_bodymovin_lock1_locked_flag'====== Args={'value': 0, 'prev_value': 1, 'change': -1, 'player_num': 1, 'source': 'base'}
2026-02-14 10:23:04,519 : INFO : EventManager : Event: ======'player_bodymovin_lock2_qualified_flag'====== Args={'value': 1, 'prev_value': 0, 'change': 1, 'player_num': 1, 'source': 'base'}
2026-02-14 10:23:04,519 : INFO : blinkenlight.bl_scoop_arrow_led : Color (76, 187, 23) with key base added
2026-02-14 10:23:04,520 : INFO : EventManager : Event: ======'player_score'====== Args={'value': 12240, 'prev_value': 7230, 'change': 5010, 'player_num': 1, 'source': 'base'}
2026-02-14 10:23:04,520 : INFO : EventManager : Event: ======'sg_tshirts_hit'====== Args={'shot': 'tshirt_bottom_standup'}
2026-02-14 10:23:04,520 : INFO : EventManager : Event: ======'sg_tshirts_flash_hit'====== Args={'shot': 'tshirt_bottom_standup'}
2026-02-14 10:23:04,530 : INFO : EventManager : Event: ======'widget_bodymovin_lock_enabled_widget_active'====== Args={'original_context': 'base', 'original_calling_context': 'bodymovin_lock_2_enabled', 'priority': 100.0, 'cmd': 'widgets_play', '_from_bcp': True}
2026-02-14 10:23:04,530 : INFO : Timer.bodymovin_lock_enabled_widget_timer : Starting Timer.
2026-02-14 10:23:04,531 : INFO : EventManager : Event: ======'timer_bodymovin_lock_enabled_widget_timer_started'====== Args={'ticks': 0, 'ticks_remaining': 4}
2026-02-14 10:23:04,531 : INFO : EventManager : Event: ======'timer_bodymovin_lock_enabled_widget_timer_tick'====== Args={'ticks': 0, 'ticks_remaining': 4}
2026-02-14 10:23:04,592 : INFO : SwitchController : <<<<<<< 's_tshirt_bottom_standup' inactive >>>>>>>
2026-02-14 10:23:05,541 : INFO : EventManager : Event: ======'player_base_bodymovin_lock_enabled_widget_timer_tick'====== Args={'value': 1, 'prev_value': 0, 'change': 1, 'player_num': 1}
2026-02-14 10:23:05,542 : INFO : EventManager : Event: ======'timer_bodymovin_lock_enabled_widget_timer_tick'====== Args={'ticks': 1, 'ticks_remaining': 3}
2026-02-14 10:23:05,710 : INFO : SwitchController : <<<<<<< 's_scoop' active >>>>>>>
2026-02-14 10:23:05,710 : INFO : EventManager : Event: ======'s_scoop_active'====== Args={}
2026-02-14 10:23:05,710 : INFO : EventManager : Event: ======'machine_var_audits_switches_s_scoop'====== Args={'value': 1042, 'prev_value': 1041, 'change': 1}
2026-02-14 10:23:05,711 : INFO : EventManager : Event: ======'machine_var_audits_shots_scoop'====== Args={'value': 697, 'prev_value': 696, 'change': 1}
2026-02-14 10:23:05,711 : INFO : EventManager : Event: ======'scoop_hit'====== Args={'profile': 'base_shot_profile', 'state': 'off', 'advancing': False}
2026-02-14 10:23:05,712 : INFO : EventManager : Event: ======'scoop_base_shot_profile_hit'====== Args={'profile': 'base_shot_profile', 'state': 'off', 'advancing': False}
2026-02-14 10:23:05,712 : INFO : EventManager : Event: ======'scoop_base_shot_profile_off_hit'====== Args={'profile': 'base_shot_profile', 'state': 'off', 'advancing': False}
2026-02-14 10:23:05,712 : INFO : EventManager : Event: ======'scoop_off_hit'====== Args={'profile': 'base_shot_profile', 'state': 'off', 'advancing': False}
2026-02-14 10:23:05,713 : INFO : EventManager : Event: ======'carousel_item_selected'====== Args={'carousel': 'carousel', 'item': 'sabotage'}
2026-02-14 10:23:05,713 : INFO : EventManager : Event: ======'player_score'====== Args={'value': 14550, 'prev_value': 12240, 'change': 2310, 'player_num': 1, 'source': 'base'}
2026-02-14 10:23:05,713 : INFO : EventManager : Event: ======'logicblock_superpops_counter_updated'====== Args={'value': 1, 'enabled': True}
2026-02-14 10:23:05,713 : INFO : EventManager : Event: ======'counter_superpops_counter_hit'====== Args={'count': 1, 'hits': 1, 'remaining': 4}
2026-02-14 10:23:05,714 : INFO : EventManager : Event: ======'logicblock_superpops_counter_hit'====== Args={'count': 1, 'hits': 1, 'remaining': 4}
2026-02-14 10:23:05,714 : INFO : EventManager : Event: ======'logicblock_bodymovin_lock_2_updated'====== Args={'value': 1, 'enabled': True}
2026-02-14 10:23:05,714 : INFO : EventManager : Event: ======'logicblock_bodymovin_lock_2_hit'====== Args={'step': 1}
2026-02-14 10:23:05,714 : INFO : EventManager : Event: ======'bodymovin_ball_2_locked'====== Args={}
2026-02-14 10:23:05,715 : INFO : EventManager : Event: ======'logicblock_bodymovin_lock_2_updated'====== Args={'value': 1, 'enabled': False}
2026-02-14 10:23:05,715 : INFO : EventManager : Event: ======'mode_sabotage_will_start'====== Args={'carousel': 'carousel', 'item': 'sabotage'}
2026-02-14 10:23:05,715 : INFO : EventManager : Event: ======'player_sabotage_sabotage_intro_show_tick'====== Args={'value': 0, 'prev_value': 0, 'change': 0, 'player_num': 1}
2026-02-14 10:23:05,716 : INFO : EventManager : Event: ======'player_sabotage_sabotage_time_remaining_tick'====== Args={'value': 60, 'prev_value': 0, 'change': 60, 'player_num': 1}
2026-02-14 10:23:05,720 : INFO : EventManager : Event: ======'mode_sabotage_starting'====== Args={'carousel': 'carousel', 'item': 'sabotage'}
2026-02-14 10:23:05,721 : INFO : EventManager : Event: ======'mode_carousel_will_stop'====== Args={}
2026-02-14 10:23:05,721 : INFO : EventManager : Event: ======'mode_carousel_stopping'====== Args={}
2026-02-14 10:23:05,721 : INFO : blinkenlight.bl_scoop_arrow_led : Color removed with key carousel
2026-02-14 10:23:05,721 : INFO : EventManager : Event: ======'logicblock_enable_bodymovin_lock_3_updated'====== Args={'value': 0, 'enabled': False}
2026-02-14 10:23:05,722 : INFO : EventManager : Event: ======'logicblock_enable_bodymovin_lock_3_updated'====== Args={'value': 0, 'enabled': True}
2026-02-14 10:23:05,722 : INFO : EventManager : Event: ======'player_shot_tshirt_top_standup'====== Args={'value': 0, 'prev_value': 1, 'change': -1, 'player_num': 1}
2026-02-14 10:23:05,722 : INFO : EventManager : Event: ======'player_shot_tshirt_top_standup_enabled'====== Args={'value': True, 'prev_value': False, 'change': 1, 'player_num': 1}
2026-02-14 10:23:05,723 : INFO : EventManager : Event: ======'player_shot_tshirt_bottom_standup'====== Args={'value': 0, 'prev_value': 1, 'change': -1, 'player_num': 1}
2026-02-14 10:23:05,723 : INFO : EventManager : Event: ======'player_shot_tshirt_bottom_standup_enabled'====== Args={'value': True, 'prev_value': False, 'change': 1, 'player_num': 1}
2026-02-14 10:23:05,723 : INFO : EventManager : Event: ======'player_bodymovin_lock2_qualified_flag'====== Args={'value': 0, 'prev_value': 1, 'change': -1, 'player_num': 1, 'source': 'base'}
2026-02-14 10:23:05,724 : INFO : EventManager : Event: ======'player_bodymovin_lock2_locked_flag'====== Args={'value': 1, 'prev_value': 0, 'change': 1, 'player_num': 1, 'source': 'base'}
2026-02-14 10:23:05,724 : INFO : blinkenlight.bl_scoop_arrow_led : Color removed with key base
2026-02-14 10:23:05,724 : INFO : EventManager : Event: ======'sg_tshirts_complete'====== Args={'state': 'flash'}
2026-02-14 10:23:05,724 : INFO : EventManager : Event: ======'sg_tshirts_flash_complete'====== Args={}
2026-02-14 10:23:05,724 : INFO : Mode.carousel : Stopped.
2026-02-14 10:23:05,724 : INFO : EventManager : Event: ======'modes_active_modes_changed'====== Args={}
2026-02-14 10:23:05,725 : INFO : EventManager : Event: ======'mode_carousel_stopped'====== Args={}
2026-02-14 10:23:05,725 : INFO : EventManager : Event: ======'clear'====== Args={'key': 'carousel'}
2026-02-14 10:23:05,725 : INFO : Mode.sabotage : Started. Priority: 1001
2026-02-14 10:23:05,725 : INFO : EventManager : Event: ======'modes_active_modes_changed'====== Args={}
2026-02-14 10:23:05,726 : INFO : EventManager : Event: ======'mode_sabotage_started'====== Args={'carousel': 'carousel', 'item': 'sabotage'}
2026-02-14 10:23:05,727 : INFO : EventManager : Event: ======'player_mode_blocking_flag'====== Args={'value': 1, 'prev_value': 0, 'change': 1, 'player_num': 1, 'source': 'sabotage'}
2026-02-14 10:23:05,727 : INFO : EventManager : Event: ======'player_sabotage_perps_caught'====== Args={'value': 0, 'prev_value': 0, 'change': 0, 'player_num': 1, 'source': 'sabotage'}
2026-02-14 10:23:05,727 : INFO : EventManager : Event: ======'player_stache_multiplier'====== Args={'value': 1, 'prev_value': 0, 'change': 1, 'player_num': 1, 'source': 'sabotage'}
2026-02-14 10:23:05,728 : INFO : EventManager : Event: ======'achievement_sabotage_mode_changed_state'====== Args={'restore': False, 'state': 'started', 'selected': False}
2026-02-14 10:23:05,729 : INFO : EventManager : Event: ======'achievement_sabotage_mode_state_started'====== Args={'restore': False, 'state': 'started', 'selected': False}
2026-02-14 10:23:05,729 : INFO : EventManager : Event: ======'player_mode_sabotage_score'====== Args={'value': 0, 'prev_value': 0, 'change': 0, 'player_num': 1, 'source': 'base'}
2026-02-14 10:23:05,729 : INFO : EventManager : Event: ======'player_modes_played'====== Args={'value': 1, 'prev_value': 0, 'change': 1, 'player_num': 1, 'source': 'base'}
2026-02-14 10:23:05,730 : INFO : EventManager : Event: ======'player_battery_charged_yesorno'====== Args={'value': 0, 'prev_value': 1, 'change': -1, 'player_num': 1, 'source': 'base'}
2026-02-14 10:23:05,730 : INFO : EventManager : Event: ======'logicblock_played_modes_count_updated'====== Args={'value': 1, 'enabled': True}
2026-02-14 10:23:05,730 : INFO : EventManager : Event: ======'counter_played_modes_count_hit'====== Args={'count': 1, 'hits': 1, 'remaining': -2}
2026-02-14 10:23:05,730 : INFO : EventManager : Event: ======'logicblock_played_modes_count_hit'====== Args={'count': 1, 'hits': 1, 'remaining': -2}
2026-02-14 10:23:05,730 : INFO : EventManager : Event: ======'logicblock_played_modes_count_complete'====== Args={}
2026-02-14 10:23:05,731 : INFO : Timer.sabotage_intro_show : Starting Timer.
2026-02-14 10:23:05,731 : INFO : EventManager : Event: ======'timer_sabotage_intro_show_started'====== Args={'ticks': 0, 'ticks_remaining': 11}
2026-02-14 10:23:05,731 : INFO : EventManager : Event: ======'timer_sabotage_intro_show_tick'====== Args={'ticks': 0, 'ticks_remaining': 11}
2026-02-14 10:23:05,731 : INFO : EventManager : Event: ======'player_sabotage_intro_show_variable_times_100'====== Args={'value': 0, 'prev_value': 0, 'change': 0, 'player_num': 1, 'source': 'sabotage'}
2026-02-14 10:23:05,748 : INFO : EventManager : Event: ======'widget_bodymovin_ball_2_locked_widget_active'====== Args={'original_context': 'base', 'original_calling_context': 'bodymovin_ball_2_locked', 'priority': 100.0, 'cmd': 'widgets_play', '_from_bcp': True}
2026-02-14 10:23:05,749 : INFO : Timer.bodymovin_ball_2_locked_widget_timer : Starting Timer.
2026-02-14 10:23:05,749 : INFO : EventManager : Event: ======'timer_bodymovin_ball_2_locked_widget_timer_started'====== Args={'ticks': 0, 'ticks_remaining': 4}
2026-02-14 10:23:05,750 : INFO : EventManager : Event: ======'timer_bodymovin_ball_2_locked_widget_timer_tick'====== Args={'ticks': 0, 'ticks_remaining': 4}
2026-02-14 10:23:05,750 : INFO : EventManager : Event: ======'slide_current_mode_highlighted_removed'====== Args={'_from_bcp': True}
2026-02-14 10:23:05,751 : INFO : EventManager : Event: ======'slide_base_removed'====== Args={'_from_bcp': True}
2026-02-14 10:23:05,751 : INFO : EventManager : Event: ======'slide_basevideo2_removed'====== Args={'_from_bcp': True}
2026-02-14 10:23:05,772 : INFO : EventManager : Event: ======'slide_sabotage_created'====== Args={'_from_bcp': True}
2026-02-14 10:23:05,776 : INFO : EventManager : Event: ======'slide_sabotage_instructions_created'====== Args={'_from_bcp': True}
2026-02-14 10:23:06,216 : INFO : EventManager : Event: ======'balldevice_bd_scoop_ball_count_changed'====== Args={'balls': 1}
2026-02-14 10:23:06,217 : INFO : ball_device.bd_scoop : Received unexpected ball
2026-02-14 10:23:06,217 : INFO : EventManager : Event: ======'balldevice_captured_from_playfield'====== Args={'balls': 1}
2026-02-14 10:23:06,218 : INFO : EventManager : Event: ======'sw_playfield_active'====== Args={'balls': 1}
2026-02-14 10:23:06,218 : INFO : EventManager : Event: ======'playfield_ball_count_change'====== Args={'balls': 0, 'change': -1}
2026-02-14 10:23:06,219 : INFO : EventManager : Event: ======'balldevice_bd_scoop_ball_enter'====== Args={'new_balls': 1, 'unclaimed_balls': 1, 'new_available_balls': 1, 'device': <ball_device.bd_scoop>}
2026-02-14 10:23:06,220 : INFO : EventManager : Event: ======'ball_hold_sabotage_scoop_hold_held_ball'====== Args={'balls_held': 1, 'total_balls_held': 1}
2026-02-14 10:23:06,220 : INFO : EventManager : Event: ======'ball_hold_sabotage_scoop_hold_full'====== Args={'balls': 1}
2026-02-14 10:23:06,221 : INFO : EventManager : Event: ======'balldevice_balls_available'====== Args={}
2026-02-14 10:23:06,221 : INFO : EventManager : Event: ======'balldevice_bd_scoop_ball_entered'====== Args={'new_balls': 1, 'device': <ball_device.bd_scoop>}
2026-02-14 10:23:06,531 : INFO : EventManager : Event: ======'player_base_bodymovin_lock_enabled_widget_timer_tick'====== Args={'value': 2, 'prev_value': 1, 'change': 1, 'player_num': 1}
2026-02-14 10:23:06,533 : INFO : EventManager : Event: ======'timer_bodymovin_lock_enabled_widget_timer_tick'====== Args={'ticks': 2, 'ticks_remaining': 2}
2026-02-14 10:23:06,736 : INFO : EventManager : Event: ======'player_sabotage_sabotage_intro_show_tick'====== Args={'value': 1, 'prev_value': 0, 'change': 1, 'player_num': 1}
2026-02-14 10:23:06,737 : INFO : EventManager : Event: ======'timer_sabotage_intro_show_tick'====== Args={'ticks': 1, 'ticks_remaining': 10}
2026-02-14 10:23:06,737 : INFO : EventManager : Event: ======'player_sabotage_intro_show_variable_times_100'====== Args={'value': 100, 'prev_value': 0, 'change': 100, 'player_num': 1, 'source': 'sabotage'}
2026-02-14 10:23:06,751 : INFO : EventManager : Event: ======'player_base_bodymovin_ball_2_locked_widget_timer_tick'====== Args={'value': 1, 'prev_value': 0, 'change': 1, 'player_num': 1}
2026-02-14 10:23:06,753 : INFO : EventManager : Event: ======'timer_bodymovin_ball_2_locked_widget_timer_tick'====== Args={'ticks': 1, 'ticks_remaining': 3}
2026-02-14 10:23:06,782 : INFO : SwitchController : <<<<<<< 's_left_flipper' active >>>>>>>
2026-02-14 10:23:06,782 : INFO : EventManager : Event: ======'s_left_flipper_active'====== Args={}
2026-02-14 10:23:06,783 : INFO : EventManager : Event: ======'machine_var_audits_switches_s_left_flipper'====== Args={'value': 1740, 'prev_value': 1739, 'change': 1}
2026-02-14 10:23:06,784 : INFO : SwitchController : <<<<<<< 's_right_flipper' active >>>>>>>
2026-02-14 10:23:06,784 : INFO : EventManager : Event: ======'s_right_flipper_active'====== Args={}
2026-02-14 10:23:06,785 : INFO : EventManager : Event: ======'flipper_cancel'====== Args={'triggering_group': 2, 'triggering_switch': 's_right_flipper'}
2026-02-14 10:23:06,786 : INFO : EventManager : Event: ======'machine_var_audits_switches_s_right_flipper'====== Args={'value': 2629, 'prev_value': 2628, 'change': 1}
2026-02-14 10:23:06,788 : INFO : EventManager : Event: ======'player_sabotage_sabotage_intro_show_tick'====== Args={'value': 11, 'prev_value': 1, 'change': 10, 'player_num': 1}
2026-02-14 10:23:06,788 : INFO : Timer.sabotage_intro_show : Timer Complete
2026-02-14 10:23:06,788 : INFO : Timer.sabotage_intro_show : Stopping Timer
2026-02-14 10:23:06,788 : INFO : EventManager : Event: ======'timer_sabotage_intro_show_stopped'====== Args={'ticks': 11, 'ticks_remaining': 10}
2026-02-14 10:23:06,788 : INFO : EventManager : Event: ======'timer_sabotage_intro_show_complete'====== Args={'ticks': 11, 'ticks_remaining': 10}
2026-02-14 10:23:06,789 : INFO : ball_device.bd_scoop : Adding 1 ball(s) to the eject_queue with target <playfield.playfield>.
2026-02-14 10:23:06,789 : INFO : EventManager : Event: ======'balldevice_balls_available'====== Args={}
2026-02-14 10:23:06,789 : INFO : EventManager : Event: ======'ball_hold_sabotage_scoop_hold_balls_released'====== Args={'balls_released': 1}
2026-02-14 10:23:06,791 : INFO : Timer.sabotage_time_remaining : Starting Timer.
2026-02-14 10:23:06,791 : INFO : EventManager : Event: ======'timer_sabotage_time_remaining_started'====== Args={'ticks': 60, 'ticks_remaining': 60}
2026-02-14 10:23:06,791 : INFO : EventManager : Event: ======'timer_sabotage_time_remaining_tick'====== Args={'ticks': 60, 'ticks_remaining': 60}
2026-02-14 10:23:06,792 : INFO : EventManager : Event: ======'ball_save_mode_start_timer_start'====== Args={}
2026-02-14 10:23:06,792 : INFO : EventManager : Event: ======'ball_save_mode_start_enabled'====== Args={}
2026-02-14 10:23:06,793 : INFO : EventManager : Event: ======'player_sabotage_time_remaining_variable_times_1'====== Args={'value': 60, 'prev_value': 0, 'change': 60, 'player_num': 1, 'source': 'sabotage'}
2026-02-14 10:23:06,794 : INFO : ball_device.bd_scoop : State: waiting_for_target_ready
2026-02-14 10:23:06,795 : INFO : EventManager : Event: ======'balldevice_bd_scoop_ball_eject_attempt'====== Args={'balls': 1, 'target': <playfield.playfield>, 'source': <ball_device.bd_scoop>, 'mechanical_eject': False, 'num_attempts': 0}
2026-02-14 10:23:06,796 : INFO : ball_device.bd_scoop : State: ejecting
2026-02-14 10:23:06,796 : INFO : ball_device.bd_scoop : Ejecting ball to <playfield.playfield>
2026-02-14 10:23:06,797 : INFO : EventManager : Event: ======'balldevice_bd_scoop_ejecting_ball'====== Args={'balls': 1, 'target': <playfield.playfield>, 'source': <ball_device.bd_scoop>, 'mechanical_eject': False, 'num_attempts': 0}
2026-02-14 10:23:06,799 : INFO : ball_device.bd_scoop : Wait for ball to leave device
2026-02-14 10:23:06,800 : INFO : EventManager : Event: ======'slide_sabotage_instructions_removed'====== Args={'_from_bcp': True}
2026-02-14 10:23:06,805 : INFO : EventManager : Event: ======'slide_sabotage_perps_counter_created'====== Args={'_from_bcp': True}
2026-02-14 10:23:06,830 : INFO : coil.c_scoop_eject : Pulsing Driver for 25ms (1.0 pulse_power)
2026-02-14 10:23:06,831 : INFO : SwitchController : <<<<<<< 's_scoop' inactive >>>>>>>
2026-02-14 10:23:06,832 : INFO : ball_device.bd_scoop : State: ball_left
2026-02-14 10:23:06,832 : INFO : ball_device.bd_scoop : Ball left
2026-02-14 10:23:06,833 : INFO : ball_device.bd_scoop : Wait for confirm with timeout 3.0
2026-02-14 10:23:07,114 : INFO : EventManager : Event: ======'slide_sabotage_display_timer_created'====== Args={'_from_bcp': True}
2026-02-14 10:23:07,118 : INFO : EventManager : Event: ======'slide_mustache1x_created'====== Args={'_from_bcp': True}
2026-02-14 10:23:07,119 : INFO : EventManager : Event: ======'slide_super_circles_inactive'====== Args={'is_removing': False, '_from_bcp': True}
2026-02-14 10:23:07,120 : INFO : EventManager : Event: ======'slide_mustache1x_active'====== Args={'original_context': 'sabotage', 'original_calling_context': 'timer_sabotage_intro_show_complete', 'priority': 1001.0, 'ticks': 11.0, 'ticks_remaining': 10.0, 'cmd': 'slides_play', '_from_bcp': True}
2026-02-14 10:23:07,136 : INFO : SwitchController : <<<<<<< 's_left_flipper' inactive >>>>>>>
2026-02-14 10:23:07,137 : INFO : EventManager : Event: ======'sw_left_flipper_inactive'====== Args={}
2026-02-14 10:23:07,138 : INFO : EventManager : Event: ======'both_flippers_one'====== Args={'triggering_group': 1, 'triggering_switch': 's_left_flipper'}
2026-02-14 10:23:07,138 : INFO : SwitchController : <<<<<<< 's_right_flipper' inactive >>>>>>>
2026-02-14 10:23:07,139 : INFO : EventManager : Event: ======'sw_right_flipper_inactive'====== Args={}
2026-02-14 10:23:07,139 : INFO : EventManager : Event: ======'both_flippers_inactive'====== Args={'triggering_group': 2, 'triggering_switch': 's_right_flipper'}
2026-02-14 10:23:07,222 : INFO : EventManager : Event: ======'ball_save_default_hurry_up'====== Args={}
2026-02-14 10:23:07,532 : INFO : EventManager : Event: ======'player_base_bodymovin_lock_enabled_widget_timer_tick'====== Args={'value': 3, 'prev_value': 2, 'change': 1, 'player_num': 1}
2026-02-14 10:23:07,532 : INFO : EventManager : Event: ======'timer_bodymovin_lock_enabled_widget_timer_tick'====== Args={'ticks': 3, 'ticks_remaining': 1}
2026-02-14 10:23:07,750 : INFO : EventManager : Event: ======'player_base_bodymovin_ball_2_locked_widget_timer_tick'====== Args={'value': 2, 'prev_value': 1, 'change': 1, 'player_num': 1}
2026-02-14 10:23:07,751 : INFO : EventManager : Event: ======'timer_bodymovin_ball_2_locked_widget_timer_tick'====== Args={'ticks': 2, 'ticks_remaining': 2}
2026-02-14 10:23:07,796 : INFO : EventManager : Event: ======'player_sabotage_sabotage_time_remaining_tick'====== Args={'value': 59, 'prev_value': 60, 'change': -1, 'player_num': 1}
2026-02-14 10:23:07,797 : INFO : EventManager : Event: ======'timer_sabotage_time_remaining_tick'====== Args={'ticks': 59, 'ticks_remaining': 59}
2026-02-14 10:23:07,798 : INFO : EventManager : Event: ======'player_sabotage_time_remaining_variable_times_1'====== Args={'value': 59, 'prev_value': 60, 'change': -1, 'player_num': 1, 'source': 'sabotage'}
2026-02-14 10:23:08,543 : INFO : EventManager : Event: ======'player_base_bodymovin_lock_enabled_widget_timer_tick'====== Args={'value': 4, 'prev_value': 3, 'change': 1, 'player_num': 1}
2026-02-14 10:23:08,543 : INFO : Timer.bodymovin_lock_enabled_widget_timer : Timer Complete
2026-02-14 10:23:08,544 : INFO : Timer.bodymovin_lock_enabled_widget_timer : Stopping Timer
2026-02-14 10:23:08,544 : INFO : EventManager : Event: ======'timer_bodymovin_lock_enabled_widget_timer_stopped'====== Args={'ticks': 4, 'ticks_remaining': 1}
2026-02-14 10:23:08,544 : INFO : EventManager : Event: ======'timer_bodymovin_lock_enabled_widget_timer_complete'====== Args={'ticks': 4, 'ticks_remaining': 1}
2026-02-14 10:23:08,745 : INFO : EventManager : Event: ======'widget_bodymovin_lock_enabled_widget_removed'====== Args={'_from_bcp': True}
2026-02-14 10:23:08,762 : INFO : EventManager : Event: ======'player_base_bodymovin_ball_2_locked_widget_timer_tick'====== Args={'value': 3, 'prev_value': 2, 'change': 1, 'player_num': 1}
2026-02-14 10:23:08,763 : INFO : EventManager : Event: ======'timer_bodymovin_ball_2_locked_widget_timer_tick'====== Args={'ticks': 3, 'ticks_remaining': 1}
2026-02-14 10:23:08,794 : INFO : EventManager : Event: ======'player_sabotage_sabotage_time_remaining_tick'====== Args={'value': 58, 'prev_value': 59, 'change': -1, 'player_num': 1}
2026-02-14 10:23:08,795 : INFO : EventManager : Event: ======'timer_sabotage_time_remaining_tick'====== Args={'ticks': 58, 'ticks_remaining': 58}
2026-02-14 10:23:08,796 : INFO : EventManager : Event: ======'player_sabotage_time_remaining_variable_times_1'====== Args={'value': 58, 'prev_value': 59, 'change': -1, 'player_num': 1, 'source': 'sabotage'}
2026-02-14 10:23:09,249 : INFO : SwitchController : <<<<<<< 's_tshirt_top_standup' active >>>>>>>
2026-02-14 10:23:09,250 : INFO : EventManager : Event: ======'playfield_active'====== Args={'source': 'skillshot_side_targets'}
2026-02-14 10:23:09,250 : INFO : EventManager : Event: ======'playfield_active'====== Args={'source': 'tshirt_top_standup'}
2026-02-14 10:23:09,250 : INFO : EventManager : Event: ======'s_tshirt_top_standup_active'====== Args={}
2026-02-14 10:23:09,251 : INFO : EventManager : Event: ======'machine_var_audits_switches_s_tshirt_top_standup'====== Args={'value': 234, 'prev_value': 233, 'change': 1}
2026-02-14 10:23:09,253 : INFO : EventManager : Event: ======'player_shot_tshirt_top_standup'====== Args={'value': 1, 'prev_value': 0, 'change': 1, 'player_num': 1}
2026-02-14 10:23:09,255 : INFO : EventManager : Event: ======'machine_var_audits_shots_tshirt_top_standup'====== Args={'value': 142, 'prev_value': 141, 'change': 1}
2026-02-14 10:23:09,255 : INFO : EventManager : Event: ======'tshirt_top_standup_hit'====== Args={'profile': 'ball_lock_profile', 'state': 'flash', 'advancing': True}
2026-02-14 10:23:09,255 : INFO : EventManager : Event: ======'tshirt_top_standup_ball_lock_profile_hit'====== Args={'profile': 'ball_lock_profile', 'state': 'flash', 'advancing': True}
2026-02-14 10:23:09,256 : INFO : EventManager : Event: ======'tshirt_top_standup_ball_lock_profile_flash_hit'====== Args={'profile': 'ball_lock_profile', 'state': 'flash', 'advancing': True}
2026-02-14 10:23:09,256 : INFO : EventManager : Event: ======'tshirt_top_standup_flash_hit'====== Args={'profile': 'ball_lock_profile', 'state': 'flash', 'advancing': True}
2026-02-14 10:23:09,256 : INFO : EventManager : Event: ======'player_score'====== Args={'value': 19560, 'prev_value': 14550, 'change': 5010, 'player_num': 1, 'source': 'base'}
2026-02-14 10:23:09,257 : INFO : EventManager : Event: ======'sg_tshirts_hit'====== Args={'shot': 'tshirt_top_standup'}
2026-02-14 10:23:09,257 : INFO : EventManager : Event: ======'sg_tshirts_flash_hit'====== Args={'shot': 'tshirt_top_standup'}
2026-02-14 10:23:09,277 : INFO : ball_device.bd_scoop : Got eject confirm
2026-02-14 10:23:09,277 : INFO : ball_device.bd_scoop : Eject successful
2026-02-14 10:23:09,277 : INFO : EventManager : Event: ======'balldevice_bd_scoop_ball_eject_success'====== Args={'balls': 1, 'target': <playfield.playfield>}
2026-02-14 10:23:09,281 : INFO : EventManager : Event: ======'balldevice_playfield_ball_enter'====== Args={'new_balls': 1, 'unclaimed_balls': 1, 'device': <playfield.playfield>}
2026-02-14 10:23:09,281 : INFO : EventManager : Event: ======'playfield_ball_count_change'====== Args={'balls': 1, 'change': 1}
2026-02-14 10:23:09,283 : INFO : EventManager : Event: ======'balldevice_bd_scoop_ball_count_changed'====== Args={'balls': 0}
2026-02-14 10:23:09,283 : INFO : ball_device.bd_scoop : State: idle
2026-02-14 10:23:09,357 : INFO : SwitchController : <<<<<<< 's_tshirt_top_standup' inactive >>>>>>>
2026-02-14 10:23:09,739 : INFO : SwitchController : <<<<<<< 's_tshirt_bottom_standup' active >>>>>>>
2026-02-14 10:23:09,740 : INFO : EventManager : Event: ======'s_tshirt_bottom_standup_active'====== Args={}
2026-02-14 10:23:09,740 : INFO : EventManager : Event: ======'machine_var_audits_switches_s_tshirt_bottom_standup'====== Args={'value': 198, 'prev_value': 197, 'change': 1}
2026-02-14 10:23:09,742 : INFO : EventManager : Event: ======'player_shot_tshirt_bottom_standup'====== Args={'value': 1, 'prev_value': 0, 'change': 1, 'player_num': 1}
2026-02-14 10:23:09,743 : INFO : EventManager : Event: ======'machine_var_audits_shots_tshirt_bottom_standup'====== Args={'value': 136, 'prev_value': 135, 'change': 1}
2026-02-14 10:23:09,743 : INFO : EventManager : Event: ======'tshirt_bottom_standup_hit'====== Args={'profile': 'ball_lock_profile', 'state': 'flash', 'advancing': True}
2026-02-14 10:23:09,743 : INFO : EventManager : Event: ======'tshirt_bottom_standup_ball_lock_profile_hit'====== Args={'profile': 'ball_lock_profile', 'state': 'flash', 'advancing': True}
2026-02-14 10:23:09,743 : INFO : EventManager : Event: ======'tshirt_bottom_standup_ball_lock_profile_flash_hit'====== Args={'profile': 'ball_lock_profile', 'state': 'flash', 'advancing': True}
2026-02-14 10:23:09,744 : INFO : EventManager : Event: ======'tshirt_bottom_standup_flash_hit'====== Args={'profile': 'ball_lock_profile', 'state': 'flash', 'advancing': True}
2026-02-14 10:23:09,744 : INFO : EventManager : Event: ======'sg_tshirts_complete'====== Args={'state': 'on'}
2026-02-14 10:23:09,744 : INFO : EventManager : Event: ======'sg_tshirts_on_complete'====== Args={}
2026-02-14 10:23:09,744 : INFO : EventManager : Event: ======'lock_standups_complete'====== Args={'priority': 0}
2026-02-14 10:23:09,745 : INFO : EventManager : Event: ======'logicblock_enable_bodymovin_lock_3_updated'====== Args={'value': 1, 'enabled': True}
2026-02-14 10:23:09,745 : INFO : EventManager : Event: ======'logicblock_enable_bodymovin_lock_3_hit'====== Args={'step': 1}
2026-02-14 10:23:09,745 : INFO : EventManager : Event: ======'bodymovin_lock_3_enabled'====== Args={}
2026-02-14 10:23:09,746 : INFO : EventManager : Event: ======'bodymovin_multiball_qualified'====== Args={}
2026-02-14 10:23:09,746 : INFO : EventManager : Event: ======'logicblock_enable_bodymovin_lock_3_updated'====== Args={'value': 1, 'enabled': False}
2026-02-14 10:23:09,746 : INFO : EventManager : Event: ======'logicblock_bodymovin_multiball_ready_updated'====== Args={'value': 0, 'enabled': True}
2026-02-14 10:23:09,746 : INFO : EventManager : Event: ======'logicblock_bodymovin_multiball_ready_updated'====== Args={'value': 0, 'enabled': True}
2026-02-14 10:23:09,747 : INFO : EventManager : Event: ======'logicblock_bodymovin_multiball_ready_updated'====== Args={'value': 0, 'enabled': True}
2026-02-14 10:23:09,747 : INFO : EventManager : Event: ======'player_shot_tshirt_top_standup_enabled'====== Args={'value': False, 'prev_value': True, 'change': -1, 'player_num': 1}
2026-02-14 10:23:09,748 : INFO : EventManager : Event: ======'player_shot_tshirt_bottom_standup_enabled'====== Args={'value': False, 'prev_value': True, 'change': -1, 'player_num': 1}
2026-02-14 10:23:09,748 : INFO : EventManager : Event: ======'player_bodymovin_lock2_locked_flag'====== Args={'value': 0, 'prev_value': 1, 'change': -1, 'player_num': 1, 'source': 'base'}
2026-02-14 10:23:09,749 : INFO : EventManager : Event: ======'player_bodymovin_multiball_qualified_flag'====== Args={'value': 1, 'prev_value': 0, 'change': 1, 'player_num': 1, 'source': 'base'}
2026-02-14 10:23:09,749 : INFO : blinkenlight.bl_captiveball_smallcircle_led : Color (76, 187, 23) with key base added
2026-02-14 10:23:09,750 : INFO : EventManager : Event: ======'player_score'====== Args={'value': 24570, 'prev_value': 19560, 'change': 5010, 'player_num': 1, 'source': 'base'}
2026-02-14 10:23:09,751 : INFO : EventManager : Event: ======'sg_tshirts_hit'====== Args={'shot': 'tshirt_bottom_standup'}
2026-02-14 10:23:09,751 : INFO : EventManager : Event: ======'sg_tshirts_flash_hit'====== Args={'shot': 'tshirt_bottom_standup'}
2026-02-14 10:23:09,752 : INFO : EventManager : Event: ======'player_base_bodymovin_ball_2_locked_widget_timer_tick'====== Args={'value': 4, 'prev_value': 3, 'change': 1, 'player_num': 1}
2026-02-14 10:23:09,753 : INFO : Timer.bodymovin_ball_2_locked_widget_timer : Timer Complete
2026-02-14 10:23:09,753 : INFO : Timer.bodymovin_ball_2_locked_widget_timer : Stopping Timer
2026-02-14 10:23:09,753 : INFO : EventManager : Event: ======'timer_bodymovin_ball_2_locked_widget_timer_stopped'====== Args={'ticks': 4, 'ticks_remaining': 1}
2026-02-14 10:23:09,753 : INFO : EventManager : Event: ======'timer_bodymovin_ball_2_locked_widget_timer_complete'====== Args={'ticks': 4, 'ticks_remaining': 1}
2026-02-14 10:23:09,774 : INFO : EventManager : Event: ======'widget_bodymovin_multiball_ready_widget_active'====== Args={'original_context': 'base', 'original_calling_context': 'bodymovin_lock_3_enabled', 'priority': 100.0, 'cmd': 'widgets_play', '_from_bcp': True}
2026-02-14 10:23:09,775 : INFO : EventManager : Event: ======'player_base_bodymovin_lock_enabled_widget_timer_tick'====== Args={'value': 0, 'prev_value': 4, 'change': -4, 'player_num': 1}
2026-02-14 10:23:09,776 : INFO : Timer.bodymovin_lock_enabled_widget_timer : Starting Timer.
2026-02-14 10:23:09,777 : INFO : EventManager : Event: ======'timer_bodymovin_lock_enabled_widget_timer_started'====== Args={'ticks': 0, 'ticks_remaining': 4}
2026-02-14 10:23:09,777 : INFO : EventManager : Event: ======'timer_bodymovin_lock_enabled_widget_timer_tick'====== Args={'ticks': 0, 'ticks_remaining': 4}
2026-02-14 10:23:09,793 : INFO : EventManager : Event: ======'player_sabotage_sabotage_time_remaining_tick'====== Args={'value': 57, 'prev_value': 58, 'change': -1, 'player_num': 1}
2026-02-14 10:23:09,794 : INFO : EventManager : Event: ======'timer_sabotage_time_remaining_tick'====== Args={'ticks': 57, 'ticks_remaining': 57}
2026-02-14 10:23:09,795 : INFO : EventManager : Event: ======'ball_save_mode_start_hurry_up'====== Args={}
2026-02-14 10:23:09,795 : INFO : EventManager : Event: ======'player_sabotage_time_remaining_variable_times_1'====== Args={'value': 57, 'prev_value': 58, 'change': -1, 'player_num': 1, 'source': 'sabotage'}
2026-02-14 10:23:09,819 : INFO : SwitchController : <<<<<<< 's_tshirt_bottom_standup' inactive >>>>>>>
2026-02-14 10:23:09,944 : INFO : EventManager : Event: ======'widget_bodymovin_ball_1_locked_widget_removed'====== Args={'_from_bcp': True}
2026-02-14 10:23:10,777 : INFO : EventManager : Event: ======'player_base_bodymovin_lock_enabled_widget_timer_tick'====== Args={'value': 1, 'prev_value': 0, 'change': 1, 'player_num': 1}
2026-02-14 10:23:10,778 : INFO : EventManager : Event: ======'timer_bodymovin_lock_enabled_widget_timer_tick'====== Args={'ticks': 1, 'ticks_remaining': 3}
2026-02-14 10:23:10,793 : INFO : EventManager : Event: ======'player_sabotage_sabotage_time_remaining_tick'====== Args={'value': 56, 'prev_value': 57, 'change': -1, 'player_num': 1}
2026-02-14 10:23:10,794 : INFO : EventManager : Event: ======'timer_sabotage_time_remaining_tick'====== Args={'ticks': 56, 'ticks_remaining': 56}
2026-02-14 10:23:10,794 : INFO : EventManager : Event: ======'player_sabotage_time_remaining_variable_times_1'====== Args={'value': 56, 'prev_value': 57, 'change': -1, 'player_num': 1, 'source': 'sabotage'}
2026-02-14 10:23:11,215 : INFO : EventManager : Event: ======'ball_save_default_grace_period'====== Args={}
2026-02-14 10:23:11,792 : INFO : EventManager : Event: ======'player_base_bodymovin_lock_enabled_widget_timer_tick'====== Args={'value': 2, 'prev_value': 1, 'change': 1, 'player_num': 1}
2026-02-14 10:23:11,793 : INFO : EventManager : Event: ======'timer_bodymovin_lock_enabled_widget_timer_tick'====== Args={'ticks': 2, 'ticks_remaining': 2}
2026-02-14 10:23:11,793 : INFO : EventManager : Event: ======'player_sabotage_sabotage_time_remaining_tick'====== Args={'value': 55, 'prev_value': 56, 'change': -1, 'player_num': 1}
2026-02-14 10:23:11,793 : INFO : EventManager : Event: ======'timer_sabotage_time_remaining_tick'====== Args={'ticks': 55, 'ticks_remaining': 55}
2026-02-14 10:23:11,794 : INFO : EventManager : Event: ======'player_sabotage_time_remaining_variable_times_1'====== Args={'value': 55, 'prev_value': 56, 'change': -1, 'player_num': 1, 'source': 'sabotage'}
2026-02-14 10:23:11,794 : INFO : EventManager : Event: ======'ball_save_mode_start_grace_period'====== Args={}
2026-02-14 10:23:12,790 : INFO : EventManager : Event: ======'player_base_bodymovin_lock_enabled_widget_timer_tick'====== Args={'value': 3, 'prev_value': 2, 'change': 1, 'player_num': 1}
2026-02-14 10:23:12,791 : INFO : EventManager : Event: ======'timer_bodymovin_lock_enabled_widget_timer_tick'====== Args={'ticks': 3, 'ticks_remaining': 1}
2026-02-14 10:23:12,792 : INFO : EventManager : Event: ======'player_sabotage_sabotage_time_remaining_tick'====== Args={'value': 54, 'prev_value': 55, 'change': -1, 'player_num': 1}
2026-02-14 10:23:12,793 : INFO : EventManager : Event: ======'timer_sabotage_time_remaining_tick'====== Args={'ticks': 54, 'ticks_remaining': 54}
2026-02-14 10:23:12,793 : INFO : EventManager : Event: ======'player_sabotage_time_remaining_variable_times_1'====== Args={'value': 54, 'prev_value': 55, 'change': -1, 'player_num': 1, 'source': 'sabotage'}
2026-02-14 10:23:12,795 : INFO : EventManager : Event: ======'ball_save_mode_start_disabled'====== Args={}
2026-02-14 10:23:13,110 : INFO : SwitchController : <<<<<<< 's_right_ramp' active >>>>>>>
2026-02-14 10:23:13,110 : INFO : EventManager : Event: ======'s_right_ramp_active'====== Args={}
2026-02-14 10:23:13,110 : INFO : EventManager : Event: ======'machine_var_audits_switches_s_right_ramp'====== Args={'value': 970, 'prev_value': 969, 'change': 1}
2026-02-14 10:23:13,112 : INFO : EventManager : Event: ======'machine_var_audits_shots_right_ramp'====== Args={'value': 801, 'prev_value': 800, 'change': 1}
2026-02-14 10:23:13,112 : INFO : EventManager : Event: ======'right_ramp_hit'====== Args={'profile': 'base_shot_profile', 'state': 'off', 'advancing': False}
2026-02-14 10:23:13,113 : INFO : EventManager : Event: ======'right_ramp_base_shot_profile_hit'====== Args={'profile': 'base_shot_profile', 'state': 'off', 'advancing': False}
2026-02-14 10:23:13,113 : INFO : EventManager : Event: ======'right_ramp_base_shot_profile_off_hit'====== Args={'profile': 'base_shot_profile', 'state': 'off', 'advancing': False}
2026-02-14 10:23:13,113 : INFO : EventManager : Event: ======'right_ramp_off_hit'====== Args={'profile': 'base_shot_profile', 'state': 'off', 'advancing': False}
2026-02-14 10:23:13,113 : INFO : EventManager : Event: ======'increase_perps'====== Args={'priority': 0}
2026-02-14 10:23:13,114 : INFO : EventManager : Event: ======'player_score'====== Args={'value': 27580, 'prev_value': 24570, 'change': 3010, 'player_num': 1, 'source': 'base'}
2026-02-14 10:23:13,114 : INFO : EventManager : Event: ======'logicblock_superdrops_counter_updated'====== Args={'value': 1, 'enabled': True}
2026-02-14 10:23:13,114 : INFO : EventManager : Event: ======'counter_superdrops_counter_hit'====== Args={'count': 1, 'hits': 1, 'remaining': 4}
2026-02-14 10:23:13,114 : INFO : EventManager : Event: ======'logicblock_superdrops_counter_hit'====== Args={'count': 1, 'hits': 1, 'remaining': 4}
2026-02-14 10:23:13,115 : INFO : EventManager : Event: ======'add_sabotage_time_7s'====== Args={'priority': 0}
2026-02-14 10:23:13,115 : INFO : EventManager : Event: ======'player_score'====== Args={'value': 2027580, 'prev_value': 27580, 'change': 2000000, 'player_num': 1, 'source': 'sabotage'}
2026-02-14 10:23:13,115 : INFO : EventManager : Event: ======'player_mode_sabotage_score'====== Args={'value': 2000000, 'prev_value': 0, 'change': 2000000, 'player_num': 1, 'source': 'sabotage'}
2026-02-14 10:23:13,115 : INFO : EventManager : Event: ======'player_sabotage_perps_caught'====== Args={'value': 1, 'prev_value': 0, 'change': 1, 'player_num': 1, 'source': 'sabotage'}
2026-02-14 10:23:13,116 : INFO : EventManager : Event: ======'player_sabotage_sabotage_time_remaining_tick'====== Args={'value': 61, 'prev_value': 54, 'change': 7, 'player_num': 1}
2026-02-14 10:23:13,116 : INFO : EventManager : Event: ======'timer_sabotage_time_remaining_time_added'====== Args={'ticks': 61, 'ticks_added': 54, 'ticks_remaining': 54}
2026-02-14 10:23:13,167 : INFO : SwitchController : <<<<<<< 's_right_ramp' inactive >>>>>>>
2026-02-14 10:23:13,214 : INFO : EventManager : Event: ======'ball_save_default_disabled'====== Args={}
2026-02-14 10:23:13,772 : INFO : SwitchController : <<<<<<< 's_right_ramp' active >>>>>>>
2026-02-14 10:23:13,772 : INFO : EventManager : Event: ======'s_right_ramp_active'====== Args={}
2026-02-14 10:23:13,773 : INFO : EventManager : Event: ======'machine_var_audits_switches_s_right_ramp'====== Args={'value': 971, 'prev_value': 970, 'change': 1}
2026-02-14 10:23:13,774 : INFO : EventManager : Event: ======'machine_var_audits_shots_right_ramp'====== Args={'value': 802, 'prev_value': 801, 'change': 1}
2026-02-14 10:23:13,774 : INFO : EventManager : Event: ======'right_ramp_hit'====== Args={'profile': 'base_shot_profile', 'state': 'off', 'advancing': False}
2026-02-14 10:23:13,775 : INFO : EventManager : Event: ======'right_ramp_base_shot_profile_hit'====== Args={'profile': 'base_shot_profile', 'state': 'off', 'advancing': False}
2026-02-14 10:23:13,775 : INFO : EventManager : Event: ======'right_ramp_base_shot_profile_off_hit'====== Args={'profile': 'base_shot_profile', 'state': 'off', 'advancing': False}
2026-02-14 10:23:13,775 : INFO : EventManager : Event: ======'right_ramp_off_hit'====== Args={'profile': 'base_shot_profile', 'state': 'off', 'advancing': False}
2026-02-14 10:23:13,776 : INFO : EventManager : Event: ======'increase_perps'====== Args={'priority': 0}
2026-02-14 10:23:13,777 : INFO : EventManager : Event: ======'player_score'====== Args={'value': 2030590, 'prev_value': 2027580, 'change': 3010, 'player_num': 1, 'source': 'base'}
2026-02-14 10:23:13,777 : INFO : EventManager : Event: ======'logicblock_superdrops_counter_updated'====== Args={'value': 2, 'enabled': True}
2026-02-14 10:23:13,777 : INFO : EventManager : Event: ======'counter_superdrops_counter_hit'====== Args={'count': 2, 'hits': 2, 'remaining': 3}
2026-02-14 10:23:13,777 : INFO : EventManager : Event: ======'logicblock_superdrops_counter_hit'====== Args={'count': 2, 'hits': 2, 'remaining': 3}
2026-02-14 10:23:13,778 : INFO : EventManager : Event: ======'add_sabotage_time_7s'====== Args={'priority': 0}
2026-02-14 10:23:13,778 : INFO : EventManager : Event: ======'player_score'====== Args={'value': 4030590, 'prev_value': 2030590, 'change': 2000000, 'player_num': 1, 'source': 'sabotage'}
2026-02-14 10:23:13,778 : INFO : EventManager : Event: ======'player_mode_sabotage_score'====== Args={'value': 4000000, 'prev_value': 2000000, 'change': 2000000, 'player_num': 1, 'source': 'sabotage'}
2026-02-14 10:23:13,779 : INFO : EventManager : Event: ======'player_sabotage_perps_caught'====== Args={'value': 2, 'prev_value': 1, 'change': 1, 'player_num': 1, 'source': 'sabotage'}
2026-02-14 10:23:13,779 : INFO : EventManager : Event: ======'player_sabotage_sabotage_time_remaining_tick'====== Args={'value': 68, 'prev_value': 61, 'change': 7, 'player_num': 1}
2026-02-14 10:23:13,780 : INFO : EventManager : Event: ======'timer_sabotage_time_remaining_time_added'====== Args={'ticks': 68, 'ticks_added': 61, 'ticks_remaining': 61}
2026-02-14 10:23:13,781 : INFO : EventManager : Event: ======'player_base_bodymovin_lock_enabled_widget_timer_tick'====== Args={'value': 4, 'prev_value': 3, 'change': 1, 'player_num': 1}
2026-02-14 10:23:13,782 : INFO : Timer.bodymovin_lock_enabled_widget_timer : Timer Complete
2026-02-14 10:23:13,783 : INFO : Timer.bodymovin_lock_enabled_widget_timer : Stopping Timer
2026-02-14 10:23:13,783 : INFO : EventManager : Event: ======'timer_bodymovin_lock_enabled_widget_timer_stopped'====== Args={'ticks': 4, 'ticks_remaining': 1}
2026-02-14 10:23:13,783 : INFO : EventManager : Event: ======'timer_bodymovin_lock_enabled_widget_timer_complete'====== Args={'ticks': 4, 'ticks_remaining': 1}
2026-02-14 10:23:13,786 : INFO : EventManager : Event: ======'widget_bodymovin_lock_enabled_widget_removed'====== Args={'_from_bcp': True}
2026-02-14 10:23:13,792 : INFO : EventManager : Event: ======'player_sabotage_sabotage_time_remaining_tick'====== Args={'value': 67, 'prev_value': 68, 'change': -1, 'player_num': 1}
2026-02-14 10:23:13,793 : INFO : EventManager : Event: ======'timer_sabotage_time_remaining_tick'====== Args={'ticks': 67, 'ticks_remaining': 67}
2026-02-14 10:23:13,793 : INFO : EventManager : Event: ======'player_sabotage_time_remaining_variable_times_1'====== Args={'value': 67, 'prev_value': 54, 'change': 13, 'player_num': 1, 'source': 'sabotage'}
2026-02-14 10:23:13,875 : INFO : SwitchController : <<<<<<< 's_right_ramp' inactive >>>>>>>
2026-02-14 10:23:14,454 : INFO : SwitchController : <<<<<<< 's_right_ramp' active >>>>>>>
2026-02-14 10:23:14,454 : INFO : EventManager : Event: ======'s_right_ramp_active'====== Args={}
2026-02-14 10:23:14,454 : INFO : EventManager : Event: ======'machine_var_audits_switches_s_right_ramp'====== Args={'value': 972, 'prev_value': 971, 'change': 1}
2026-02-14 10:23:14,455 : INFO : EventManager : Event: ======'machine_var_audits_shots_right_ramp'====== Args={'value': 803, 'prev_value': 802, 'change': 1}
2026-02-14 10:23:14,456 : INFO : EventManager : Event: ======'right_ramp_hit'====== Args={'profile': 'base_shot_profile', 'state': 'off', 'advancing': False}
2026-02-14 10:23:14,456 : INFO : EventManager : Event: ======'right_ramp_base_shot_profile_hit'====== Args={'profile': 'base_shot_profile', 'state': 'off', 'advancing': False}
2026-02-14 10:23:14,456 : INFO : EventManager : Event: ======'right_ramp_base_shot_profile_off_hit'====== Args={'profile': 'base_shot_profile', 'state': 'off', 'advancing': False}
2026-02-14 10:23:14,457 : INFO : EventManager : Event: ======'right_ramp_off_hit'====== Args={'profile': 'base_shot_profile', 'state': 'off', 'advancing': False}
2026-02-14 10:23:14,457 : INFO : EventManager : Event: ======'increase_perps'====== Args={'priority': 0}
2026-02-14 10:23:14,457 : INFO : EventManager : Event: ======'player_score'====== Args={'value': 4033600, 'prev_value': 4030590, 'change': 3010, 'player_num': 1, 'source': 'base'}
2026-02-14 10:23:14,458 : INFO : EventManager : Event: ======'logicblock_superdrops_counter_updated'====== Args={'value': 3, 'enabled': True}
2026-02-14 10:23:14,458 : INFO : EventManager : Event: ======'counter_superdrops_counter_hit'====== Args={'count': 3, 'hits': 3, 'remaining': 2}
2026-02-14 10:23:14,458 : INFO : EventManager : Event: ======'logicblock_superdrops_counter_hit'====== Args={'count': 3, 'hits': 3, 'remaining': 2}
2026-02-14 10:23:14,458 : INFO : EventManager : Event: ======'add_sabotage_time_7s'====== Args={'priority': 0}
2026-02-14 10:23:14,458 : INFO : EventManager : Event: ======'player_score'====== Args={'value': 6033600, 'prev_value': 4033600, 'change': 2000000, 'player_num': 1, 'source': 'sabotage'}
2026-02-14 10:23:14,459 : INFO : EventManager : Event: ======'player_mode_sabotage_score'====== Args={'value': 6000000, 'prev_value': 4000000, 'change': 2000000, 'player_num': 1, 'source': 'sabotage'}
2026-02-14 10:23:14,459 : INFO : EventManager : Event: ======'player_sabotage_perps_caught'====== Args={'value': 3, 'prev_value': 2, 'change': 1, 'player_num': 1, 'source': 'sabotage'}
2026-02-14 10:23:14,459 : INFO : EventManager : Event: ======'player_sabotage_sabotage_time_remaining_tick'====== Args={'value': 74, 'prev_value': 67, 'change': 7, 'player_num': 1}
2026-02-14 10:23:14,460 : INFO : EventManager : Event: ======'timer_sabotage_time_remaining_time_added'====== Args={'ticks': 74, 'ticks_added': 67, 'ticks_remaining': 67}
2026-02-14 10:23:14,523 : INFO : SwitchController : <<<<<<< 's_right_ramp' inactive >>>>>>>
2026-02-14 10:23:14,805 : INFO : EventManager : Event: ======'player_sabotage_sabotage_time_remaining_tick'====== Args={'value': 73, 'prev_value': 74, 'change': -1, 'player_num': 1}
2026-02-14 10:23:14,806 : INFO : EventManager : Event: ======'timer_sabotage_time_remaining_tick'====== Args={'ticks': 73, 'ticks_remaining': 73}
2026-02-14 10:23:14,807 : INFO : EventManager : Event: ======'player_sabotage_time_remaining_variable_times_1'====== Args={'value': 73, 'prev_value': 67, 'change': 6, 'player_num': 1, 'source': 'sabotage'}
2026-02-14 10:23:15,213 : INFO : SwitchController : <<<<<<< 's_right_ramp' active >>>>>>>
2026-02-14 10:23:15,214 : INFO : EventManager : Event: ======'s_right_ramp_active'====== Args={}
2026-02-14 10:23:15,214 : INFO : EventManager : Event: ======'machine_var_audits_switches_s_right_ramp'====== Args={'value': 973, 'prev_value': 972, 'change': 1}
2026-02-14 10:23:15,215 : INFO : EventManager : Event: ======'machine_var_audits_shots_right_ramp'====== Args={'value': 804, 'prev_value': 803, 'change': 1}
2026-02-14 10:23:15,215 : INFO : EventManager : Event: ======'right_ramp_hit'====== Args={'profile': 'base_shot_profile', 'state': 'off', 'advancing': False}
2026-02-14 10:23:15,216 : INFO : EventManager : Event: ======'right_ramp_base_shot_profile_hit'====== Args={'profile': 'base_shot_profile', 'state': 'off', 'advancing': False}
2026-02-14 10:23:15,216 : INFO : EventManager : Event: ======'right_ramp_base_shot_profile_off_hit'====== Args={'profile': 'base_shot_profile', 'state': 'off', 'advancing': False}
2026-02-14 10:23:15,216 : INFO : EventManager : Event: ======'right_ramp_off_hit'====== Args={'profile': 'base_shot_profile', 'state': 'off', 'advancing': False}
2026-02-14 10:23:15,216 : INFO : EventManager : Event: ======'increase_perps'====== Args={'priority': 0}
2026-02-14 10:23:15,217 : INFO : EventManager : Event: ======'player_score'====== Args={'value': 6036610, 'prev_value': 6033600, 'change': 3010, 'player_num': 1, 'source': 'base'}
2026-02-14 10:23:15,217 : INFO : EventManager : Event: ======'logicblock_superdrops_counter_updated'====== Args={'value': 4, 'enabled': True}
2026-02-14 10:23:15,217 : INFO : EventManager : Event: ======'counter_superdrops_counter_hit'====== Args={'count': 4, 'hits': 4, 'remaining': 1}
2026-02-14 10:23:15,217 : INFO : EventManager : Event: ======'logicblock_superdrops_counter_hit'====== Args={'count': 4, 'hits': 4, 'remaining': 1}
2026-02-14 10:23:15,218 : INFO : EventManager : Event: ======'add_sabotage_time_7s'====== Args={'priority': 0}
2026-02-14 10:23:15,218 : INFO : EventManager : Event: ======'player_score'====== Args={'value': 8036610, 'prev_value': 6036610, 'change': 2000000, 'player_num': 1, 'source': 'sabotage'}
2026-02-14 10:23:15,218 : INFO : EventManager : Event: ======'player_mode_sabotage_score'====== Args={'value': 8000000, 'prev_value': 6000000, 'change': 2000000, 'player_num': 1, 'source': 'sabotage'}
2026-02-14 10:23:15,218 : INFO : EventManager : Event: ======'player_sabotage_perps_caught'====== Args={'value': 4, 'prev_value': 3, 'change': 1, 'player_num': 1, 'source': 'sabotage'}
2026-02-14 10:23:15,219 : INFO : EventManager : Event: ======'player_sabotage_sabotage_time_remaining_tick'====== Args={'value': 80, 'prev_value': 73, 'change': 7, 'player_num': 1}
2026-02-14 10:23:15,219 : INFO : EventManager : Event: ======'timer_sabotage_time_remaining_time_added'====== Args={'ticks': 80, 'ticks_added': 73, 'ticks_remaining': 73}
2026-02-14 10:23:15,219 : INFO : EventManager : Event: ======'sabotage_perps_counter_complete'====== Args={'priority': 0}
2026-02-14 10:23:15,219 : INFO : EventManager : Event: ======'mode_sabotage_success'====== Args={'priority': 0}
2026-02-14 10:23:15,221 : INFO : Timer.sabotage_time_remaining : Pausing Timer for 0 ms
2026-02-14 10:23:15,221 : INFO : EventManager : Event: ======'timer_sabotage_time_remaining_paused'====== Args={'ticks': 80, 'ticks_remaining': 80}
2026-02-14 10:23:15,221 : INFO : EventManager : Event: ======'mode_sabotage_will_stop'====== Args={}
2026-02-14 10:23:15,221 : INFO : EventManager : Event: ======'mode_sabotage_stopping'====== Args={}
2026-02-14 10:23:15,221 : INFO : EventManager : Event: ======'logicblock_battery_charged_status_updated'====== Args={'value': 20, 'enabled': False}
2026-02-14 10:23:15,222 : INFO : EventManager : Event: ======'logicblock_battery_charged_status_updated'====== Args={'value': 20, 'enabled': True}
2026-02-14 10:23:15,222 : INFO : EventManager : Event: ======'logicblock_battery_charged_status_updated'====== Args={'value': 10, 'enabled': True}
2026-02-14 10:23:15,223 : INFO : EventManager : Event: ======'achievement_sabotage_mode_changed_state'====== Args={'restore': False, 'state': 'completed', 'selected': False}
2026-02-14 10:23:15,223 : INFO : EventManager : Event: ======'achievement_sabotage_mode_state_completed'====== Args={'restore': False, 'state': 'completed', 'selected': False}
2026-02-14 10:23:15,224 : INFO : EventManager : Event: ======'player_modes_completed'====== Args={'value': 1, 'prev_value': 0, 'change': 1, 'player_num': 1, 'source': 'base'}
2026-02-14 10:23:15,225 : INFO : EventManager : Event: ======'logicblock_completed_modes_count_updated'====== Args={'value': 1, 'enabled': True}
2026-02-14 10:23:15,226 : INFO : EventManager : Event: ======'counter_completed_modes_count_hit'====== Args={'count': 1, 'hits': 1, 'remaining': 8}
2026-02-14 10:23:15,226 : INFO : EventManager : Event: ======'logicblock_completed_modes_count_hit'====== Args={'count': 1, 'hits': 1, 'remaining': 8}
2026-02-14 10:23:15,227 : INFO : EventManager : Event: ======'player_charges_remaining_variable'====== Args={'value': 10, 'prev_value': 0, 'change': 10, 'player_num': 1, 'source': 'batterycharger'}
2026-02-14 10:23:15,228 : INFO : Mode.sabotage : Stopped.
2026-02-14 10:23:15,228 : INFO : EventManager : Event: ======'modes_active_modes_changed'====== Args={}
2026-02-14 10:23:15,228 : INFO : EventManager : Event: ======'mode_sabotage_stopped'====== Args={}
2026-02-14 10:23:15,229 : INFO : EventManager : Event: ======'clear'====== Args={'key': 'sabotage'}
2026-02-14 10:23:15,229 : INFO : EventManager : Event: ======'logicblock_battery_charged_status_updated'====== Args={'value': 20, 'enabled': True}
2026-02-14 10:23:15,229 : INFO : EventManager : Event: ======'logicblock_battery_charged_status_updated'====== Args={'value': 20, 'enabled': True}
2026-02-14 10:23:15,230 : INFO : EventManager : Event: ======'logicblock_battery_charged_status_updated'====== Args={'value': 10, 'enabled': True}
2026-02-14 10:23:15,230 : INFO : EventManager : Event: ======'player_mode_blocking_flag'====== Args={'value': 0, 'prev_value': 1, 'change': -1, 'player_num': 1, 'source': 'base'}
2026-02-14 10:23:15,231 : INFO : Timer.sabotage_intro_show : Stopping Timer
2026-02-14 10:23:15,231 : INFO : EventManager : Event: ======'timer_sabotage_intro_show_stopped'====== Args={'ticks': 11, 'ticks_remaining': 10}
2026-02-14 10:23:15,231 : INFO : Timer.sabotage_time_remaining : Stopping Timer
2026-02-14 10:23:15,231 : INFO : EventManager : Event: ======'timer_sabotage_time_remaining_stopped'====== Args={'ticks': 80, 'ticks_remaining': 80}
2026-02-14 10:23:15,248 : INFO : EventManager : Event: ======'slide_sabotage_removed'====== Args={'_from_bcp': True}
2026-02-14 10:23:15,258 : INFO : EventManager : Event: ======'slide_sabotage_display_timer_removed'====== Args={'_from_bcp': True}
2026-02-14 10:23:15,258 : INFO : EventManager : Event: ======'slide_sabotage_perps_counter_removed'====== Args={'_from_bcp': True}
2026-02-14 10:23:15,259 : INFO : EventManager : Event: ======'slide_mustache1x_inactive'====== Args={'is_removing': True, '_from_bcp': True}
2026-02-14 10:23:15,259 : INFO : EventManager : Event: ======'slide_super_circles_active'====== Args={'_from_bcp': True}
2026-02-14 10:23:15,259 : INFO : EventManager : Event: ======'slide_mustache1x_removed'====== Args={'_from_bcp': True}
2026-02-14 10:23:15,259 : INFO : EventManager : Event: ======'slide_base_created'====== Args={'_from_bcp': True}
2026-02-14 10:23:15,260 : INFO : EventManager : Event: ======'play_base_video1'====== Args={'_from_bcp': True}
2026-02-14 10:23:15,285 : INFO : EventManager : Event: ======'slide_sabotagefinish_created'====== Args={'_from_bcp': True}
2026-02-14 10:23:15,286 : INFO : EventManager : Event: ======'slide_super_circles_inactive'====== Args={'is_removing': False, '_from_bcp': True}
2026-02-14 10:23:15,287 : INFO : EventManager : Event: ======'slide_sabotagefinish_active'====== Args={'original_context': 'base', 'original_calling_context': 'mode_sabotage_success', 'priority': 100.0, 'cmd': 'slides_play', '_from_bcp': True}
2026-02-14 10:23:15,291 : INFO : SwitchController : <<<<<<< 's_right_ramp' inactive >>>>>>>
2026-02-14 10:23:15,292 : INFO : EventManager : Event: ======'slide_basevideo1_created'====== Args={'_from_bcp': True}
2026-02-14 10:23:16,131 : INFO : EventManager : Event: ======'right_ramp_to_left_orbit_combo_timeout'====== Args={}
2026-02-14 10:23:16,131 : INFO : EventManager : Event: ======'right_ramp_to_left_ramp_combo_timeout'====== Args={}
2026-02-14 10:23:16,132 : INFO : EventManager : Event: ======'right_ramp_to_inner_loop_combo_timeout'====== Args={}
2026-02-14 10:23:16,132 : INFO : EventManager : Event: ======'right_ramp_to_captive_ball_combo_timeout'====== Args={}
2026-02-14 10:23:16,132 : INFO : EventManager : Event: ======'right_ramp_to_right_orbit_combo_timeout'====== Args={}
2026-02-14 10:23:16,787 : INFO : EventManager : Event: ======'right_ramp_to_left_orbit_combo_timeout'====== Args={}
2026-02-14 10:23:16,788 : INFO : EventManager : Event: ======'right_ramp_to_left_ramp_combo_timeout'====== Args={}
2026-02-14 10:23:16,788 : INFO : EventManager : Event: ======'right_ramp_to_inner_loop_combo_timeout'====== Args={}
2026-02-14 10:23:16,788 : INFO : EventManager : Event: ======'right_ramp_to_captive_ball_combo_timeout'====== Args={}
2026-02-14 10:23:16,788 : INFO : EventManager : Event: ======'right_ramp_to_right_orbit_combo_timeout'====== Args={}
2026-02-14 10:23:17,461 : INFO : EventManager : Event: ======'right_ramp_to_left_orbit_combo_timeout'====== Args={}
2026-02-14 10:23:17,462 : INFO : EventManager : Event: ======'right_ramp_to_left_ramp_combo_timeout'====== Args={}
2026-02-14 10:23:17,462 : INFO : EventManager : Event: ======'right_ramp_to_inner_loop_combo_timeout'====== Args={}
2026-02-14 10:23:17,462 : INFO : EventManager : Event: ======'right_ramp_to_captive_ball_combo_timeout'====== Args={}
2026-02-14 10:23:17,463 : INFO : EventManager : Event: ======'right_ramp_to_right_orbit_combo_timeout'====== Args={}
2026-02-14 10:23:18,229 : INFO : EventManager : Event: ======'right_ramp_to_left_orbit_combo_timeout'====== Args={}
2026-02-14 10:23:18,230 : INFO : EventManager : Event: ======'right_ramp_to_left_ramp_combo_timeout'====== Args={}
2026-02-14 10:23:18,231 : INFO : EventManager : Event: ======'right_ramp_to_inner_loop_combo_timeout'====== Args={}
2026-02-14 10:23:18,231 : INFO : EventManager : Event: ======'right_ramp_to_captive_ball_combo_timeout'====== Args={}
2026-02-14 10:23:18,231 : INFO : EventManager : Event: ======'right_ramp_to_right_orbit_combo_timeout'====== Args={}
2026-02-14 10:23:21,140 : INFO : EventManager : Event: ======'slide_sabotagefinish_inactive'====== Args={'is_removing': True, '_from_bcp': True}
2026-02-14 10:23:21,141 : INFO : EventManager : Event: ======'slide_super_circles_active'====== Args={'_from_bcp': True}
2026-02-14 10:23:21,152 : INFO : EventManager : Event: ======'slide_sabotagefinish_removed'====== Args={'_from_bcp': True}
2026-02-14 10:23:22,737 : INFO : SwitchController : <<<<<<< 's_captive_ball' active >>>>>>>
2026-02-14 10:23:22,737 : INFO : EventManager : Event: ======'s_captive_ball_active'====== Args={}
2026-02-14 10:23:22,737 : INFO : EventManager : Event: ======'machine_var_audits_switches_s_captive_ball'====== Args={'value': 340, 'prev_value': 339, 'change': 1}
2026-02-14 10:23:22,739 : INFO : EventManager : Event: ======'machine_var_audits_shots_captive_ball'====== Args={'value': 133, 'prev_value': 132, 'change': 1}
2026-02-14 10:23:22,739 : INFO : EventManager : Event: ======'captive_ball_hit'====== Args={'profile': 'base_shot_profile', 'state': 'off', 'advancing': False}
2026-02-14 10:23:22,739 : INFO : EventManager : Event: ======'captive_ball_base_shot_profile_hit'====== Args={'profile': 'base_shot_profile', 'state': 'off', 'advancing': False}
2026-02-14 10:23:22,740 : INFO : EventManager : Event: ======'captive_ball_base_shot_profile_off_hit'====== Args={'profile': 'base_shot_profile', 'state': 'off', 'advancing': False}
2026-02-14 10:23:22,740 : INFO : EventManager : Event: ======'captive_ball_off_hit'====== Args={'profile': 'base_shot_profile', 'state': 'off', 'advancing': False}
2026-02-14 10:23:22,740 : INFO : EventManager : Event: ======'player_score'====== Args={'value': 8046620, 'prev_value': 8036610, 'change': 10010, 'player_num': 1, 'source': 'base'}
2026-02-14 10:23:22,740 : INFO : EventManager : Event: ======'logicblock_bodymovin_multiball_ready_updated'====== Args={'value': 1, 'enabled': True}
2026-02-14 10:23:22,741 : INFO : EventManager : Event: ======'logicblock_bodymovin_multiball_ready_hit'====== Args={'step': 1}
2026-02-14 10:23:22,741 : INFO : EventManager : Event: ======'bodymovin_start_multiball'====== Args={}
2026-02-14 10:23:22,741 : INFO : EventManager : Event: ======'logicblock_bodymovin_multiball_ready_updated'====== Args={'value': 1, 'enabled': False}
2026-02-14 10:23:22,742 : INFO : EventManager : Event: ======'mode_bodymovin_will_start'====== Args={}
2026-02-14 10:23:22,742 : INFO : EventManager : Event: ======'player_bodymovin_bodymovin_roam_right_tick'====== Args={'value': 0, 'prev_value': 0, 'change': 0, 'player_num': 1}
2026-02-14 10:23:22,743 : INFO : EventManager : Event: ======'player_shot_bodymovin_leftorbit_enabled'====== Args={'value': True, 'prev_value': 0, 'change': 1, 'player_num': 1}
2026-02-14 10:23:22,744 : INFO : EventManager : Event: ======'player_shot_bodymovin_leftramp_enabled'====== Args={'value': True, 'prev_value': 0, 'change': 1, 'player_num': 1}
2026-02-14 10:23:22,744 : INFO : EventManager : Event: ======'player_shot_bodymovin_captiveball_enabled'====== Args={'value': True, 'prev_value': 0, 'change': 1, 'player_num': 1}
2026-02-14 10:23:22,745 : INFO : EventManager : Event: ======'player_shot_bodymovin_inner_loop_enabled'====== Args={'value': True, 'prev_value': 0, 'change': 1, 'player_num': 1}
2026-02-14 10:23:22,745 : INFO : EventManager : Event: ======'player_shot_bodymovin_rightramp_enabled'====== Args={'value': True, 'prev_value': 0, 'change': 1, 'player_num': 1}
2026-02-14 10:23:22,746 : INFO : EventManager : Event: ======'player_shot_bodymovin_rightorbit_enabled'====== Args={'value': True, 'prev_value': 0, 'change': 1, 'player_num': 1}
2026-02-14 10:23:22,746 : INFO : EventManager : Event: ======'bodymovin_roving_shot_complete'====== Args={'state': 'off'}
2026-02-14 10:23:22,746 : INFO : EventManager : Event: ======'bodymovin_roving_shot_off_complete'====== Args={}
2026-02-14 10:23:22,752 : INFO : EventManager : Event: ======'mode_bodymovin_starting'====== Args={}
2026-02-14 10:23:22,773 : INFO : EventManager : Event: ======'logicblock_completing_bodymovin_jackpots_updated'====== Args={'value': [False, False], 'enabled': True}
2026-02-14 10:23:22,774 : INFO : EventManager : Event: ======'logicblock_bodymovin_jackpots_collected_updated'====== Args={'value': 0, 'enabled': True}
2026-02-14 10:23:22,774 : INFO : EventManager : Event: ======'logicblock_completing_bodymovin_jackpots_updated'====== Args={'value': [False, False], 'enabled': True}
2026-02-14 10:23:22,774 : INFO : EventManager : Event: ======'logicblock_bodymovin_leftramp_jackpot_updated'====== Args={'value': 0, 'enabled': False}
2026-02-14 10:23:22,774 : INFO : EventManager : Event: ======'logicblock_bodymovin_rightramp_jackpot_updated'====== Args={'value': 0, 'enabled': False}
2026-02-14 10:23:22,774 : INFO : EventManager : Event: ======'logicblock_bodymovin_superjackpot_updated'====== Args={'value': 0, 'enabled': False}
2026-02-14 10:23:22,775 : INFO : EventManager : Event: ======'logicblock_bodymovin_jackpots_collected_updated'====== Args={'value': 0, 'enabled': True}
2026-02-14 10:23:22,775 : INFO : Mode.bodymovin : Started. Priority: 10000
2026-02-14 10:23:22,775 : INFO : EventManager : Event: ======'modes_active_modes_changed'====== Args={}
2026-02-14 10:23:22,775 : INFO : EventManager : Event: ======'mode_bodymovin_started'====== Args={}
2026-02-14 10:23:22,777 : INFO : EventManager : Event: ======'bodymovinmusic2'====== Args={}
2026-02-14 10:23:22,778 : INFO : EventManager : Event: ======'player_bodymovin_multiball_blocking_flag'====== Args={'value': 1, 'prev_value': 0, 'change': 1, 'player_num': 1, 'source': 'bodymovin'}
2026-02-14 10:23:22,778 : INFO : EventManager : Event: ======'player_multiball_bodymovin_score'====== Args={'value': 0, 'prev_value': 0, 'change': 0, 'player_num': 1, 'source': 'bodymovin'}
2026-02-14 10:23:22,778 : INFO : EventManager : Event: ======'player_bodymovin_multiball_qualified_flag'====== Args={'value': 0, 'prev_value': 1, 'change': -1, 'player_num': 1, 'source': 'bodymovin'}
2026-02-14 10:23:22,778 : INFO : EventManager : Event: ======'player_bodymovin_round'====== Args={'value': 1, 'prev_value': 0, 'change': 1, 'player_num': 1, 'source': 'bodymovin'}
2026-02-14 10:23:22,779 : INFO : blinkenlight.bl_leftramp_arrow_led : Color (76, 187, 23) with key bodymovin added
2026-02-14 10:23:22,779 : INFO : blinkenlight.bl_rightramp_arrow_led : Color (76, 187, 23) with key bodymovin added
2026-02-14 10:23:22,779 : INFO : EventManager : Event: ======'balls_in_play'====== Args={'balls': 3}
2026-02-14 10:23:22,779 : INFO : ball_device.bd_plunger : Adding 2 ball(s) to the eject_queue with target <playfield.playfield>.
2026-02-14 10:23:22,780 : INFO : EventManager : Event: ======'balldevice_balls_available'====== Args={}
2026-02-14 10:23:22,780 : INFO : EventManager : Event: ======'balldevice_balls_available'====== Args={}
2026-02-14 10:23:22,780 : INFO : EventManager : Event: ======'ball_save_bodymovin_timer_start'====== Args={}
2026-02-14 10:23:22,781 : INFO : EventManager : Event: ======'multiball_bodymovin_started'====== Args={'balls': 3}
2026-02-14 10:23:22,781 : INFO : blinkenlight.bl_captiveball_smallcircle_led : Color removed with key base
2026-02-14 10:23:22,782 : INFO : EventManager : Event: ======'logicblock_drop_target_bank_counter_updated'====== Args={'value': 1, 'enabled': False}
2026-02-14 10:23:22,782 : INFO : EventManager : Event: ======'logicblock_qualify_chcheckitout_multiball_updated'====== Args={'value': 0, 'enabled': False}
2026-02-14 10:23:22,782 : INFO : EventManager : Event: ======'logicblock_chcheckitout_multiball_ready_updated'====== Args={'value': 0, 'enabled': False}
2026-02-14 10:23:22,782 : INFO : EventManager : Event: ======'logicblock_bodymovin_leftramp_jackpot_updated'====== Args={'value': 0, 'enabled': False}
2026-02-14 10:23:22,782 : INFO : EventManager : Event: ======'logicblock_bodymovin_leftramp_jackpot_updated'====== Args={'value': 0, 'enabled': True}
2026-02-14 10:23:22,782 : INFO : EventManager : Event: ======'logicblock_bodymovin_rightramp_jackpot_updated'====== Args={'value': 0, 'enabled': False}
2026-02-14 10:23:22,783 : INFO : EventManager : Event: ======'logicblock_bodymovin_rightramp_jackpot_updated'====== Args={'value': 0, 'enabled': True}
2026-02-14 10:23:22,783 : INFO : EventManager : Event: ======'logicblock_battery_charged_status_updated'====== Args={'value': 10, 'enabled': False}
2026-02-14 10:23:22,783 : INFO : EventManager : Event: ======'achievement_bodymovin_multiball_changed_state'====== Args={'restore': False, 'state': 'started', 'selected': False}
2026-02-14 10:23:22,784 : INFO : EventManager : Event: ======'achievement_bodymovin_multiball_state_started'====== Args={'restore': False, 'state': 'started', 'selected': False}
2026-02-14 10:23:22,784 : INFO : EventManager : Event: ======'player_drop_target_bank_counter_count'====== Args={'value': 1, 'prev_value': 0, 'change': 1, 'player_num': 1, 'source': 'base'}
2026-02-14 10:23:22,786 : INFO : ball_device.bd_trough : State: waiting_for_target_ready
2026-02-14 10:23:22,787 : INFO : EventManager : Event: ======'balldevice_bd_trough_ball_eject_attempt'====== Args={'balls': 1, 'target': <ball_device.bd_plunger>, 'source': <ball_device.bd_trough>, 'mechanical_eject': False, 'num_attempts': 0}
2026-02-14 10:23:22,787 : INFO : ball_device.bd_plunger : State: waiting_for_ball
2026-02-14 10:23:22,788 : INFO : ball_device.bd_trough : State: ejecting
2026-02-14 10:23:22,789 : INFO : ball_device.bd_trough : Ejecting ball to <ball_device.bd_plunger>
2026-02-14 10:23:22,789 : INFO : EventManager : Event: ======'balldevice_bd_trough_ejecting_ball'====== Args={'balls': 1, 'target': <ball_device.bd_plunger>, 'source': <ball_device.bd_trough>, 'mechanical_eject': False, 'num_attempts': 0}
2026-02-14 10:23:22,790 : INFO : ball_device.bd_trough : Wait for ball to leave device
2026-02-14 10:23:22,790 : INFO : coil.c_trough_eject : Pulsing Driver for 15ms (1.0 pulse_power)
2026-02-14 10:23:22,790 : INFO : SwitchController : <<<<<<< 's_trough2' inactive >>>>>>>
2026-02-14 10:23:22,791 : INFO : ball_device.bd_trough : State: ball_left
2026-02-14 10:23:22,792 : INFO : ball_device.bd_trough : Ball left
2026-02-14 10:23:22,792 : INFO : ball_device.bd_trough : Wait for confirm with timeout 3.0
2026-02-14 10:23:22,801 : INFO : EventManager : Event: ======'slide_base_removed'====== Args={'_from_bcp': True}
2026-02-14 10:23:22,802 : INFO : EventManager : Event: ======'slide_basevideo1_removed'====== Args={'_from_bcp': True}
2026-02-14 10:23:22,824 : INFO : EventManager : Event: ======'slide_bodymovin_created'====== Args={'_from_bcp': True}
2026-02-14 10:23:22,855 : INFO : SwitchController : <<<<<<< 's_captive_ball' inactive >>>>>>>
2026-02-14 10:23:22,898 : INFO : SwitchController : <<<<<<< 's_plunger' active >>>>>>>
2026-02-14 10:23:22,898 : INFO : EventManager : Event: ======'machine_var_audits_switches_s_plunger'====== Args={'value': 2119, 'prev_value': 2118, 'change': 1}
2026-02-14 10:23:23,412 : INFO : ball_device.bd_plunger : Received ball from <ball_device.bd_trough>
2026-02-14 10:23:23,412 : INFO : EventManager : Event: ======'balldevice_bd_plunger_ball_enter'====== Args={'new_balls': 1, 'unclaimed_balls': 0, 'new_available_balls': 0, 'device': <ball_device.bd_plunger>}
2026-02-14 10:23:23,413 : INFO : EventManager : Event: ======'balldevice_bd_plunger_ball_entered'====== Args={'new_balls': 0, 'device': <ball_device.bd_plunger>}
2026-02-14 10:23:23,414 : INFO : EventManager : Event: ======'balldevice_bd_plunger_ball_count_changed'====== Args={'balls': 1}
2026-02-14 10:23:23,414 : INFO : ball_device.bd_trough : Got eject confirm
2026-02-14 10:23:23,414 : INFO : ball_device.bd_trough : Eject successful
2026-02-14 10:23:23,414 : INFO : EventManager : Event: ======'balldevice_bd_trough_ball_eject_success'====== Args={'balls': 1, 'target': <ball_device.bd_plunger>}
2026-02-14 10:23:23,415 : INFO : EventManager : Event: ======'balldevice_bd_trough_ball_count_changed'====== Args={'balls': 4}
2026-02-14 10:23:23,415 : INFO : ball_device.bd_trough : State: idle
2026-02-14 10:23:23,416 : INFO : ball_device.bd_plunger : State: waiting_for_target_ready
2026-02-14 10:23:23,416 : INFO : EventManager : Event: ======'balldevice_bd_plunger_ball_eject_attempt'====== Args={'balls': 1, 'target': <playfield.playfield>, 'source': <ball_device.bd_plunger>, 'mechanical_eject': False, 'num_attempts': 0}
2026-02-14 10:23:23,417 : INFO : ball_device.bd_plunger : State: ejecting
2026-02-14 10:23:23,417 : INFO : ball_device.bd_plunger : Ejecting ball to <playfield.playfield>
2026-02-14 10:23:23,417 : INFO : EventManager : Event: ======'balldevice_bd_plunger_ejecting_ball'====== Args={'balls': 1, 'target': <playfield.playfield>, 'source': <ball_device.bd_plunger>, 'mechanical_eject': False, 'num_attempts': 0}
2026-02-14 10:23:23,418 : INFO : ball_device.bd_trough : State: waiting_for_target_ready
2026-02-14 10:23:23,419 : INFO : EventManager : Event: ======'balldevice_bd_trough_ball_eject_attempt'====== Args={'balls': 1, 'target': <ball_device.bd_plunger>, 'source': <ball_device.bd_trough>, 'mechanical_eject': False, 'num_attempts': 0}
2026-02-14 10:23:23,419 : INFO : ball_device.bd_plunger : Wait for ball to leave device
2026-02-14 10:23:23,419 : INFO : coil.c_plunger : Pulsing Driver for 20ms (1.0 pulse_power)
2026-02-14 10:23:23,419 : INFO : SwitchController : <<<<<<< 's_plunger' inactive >>>>>>>
2026-02-14 10:23:23,419 : INFO : EventManager : Event: ======'ball_out'====== Args={}
2026-02-14 10:23:23,420 : INFO : ball_device.bd_plunger : State: ball_left
2026-02-14 10:23:23,421 : INFO : ball_device.bd_plunger : Ball left
2026-02-14 10:23:23,421 : INFO : ball_device.bd_plunger : Wait for confirm with timeout 3.0
2026-02-14 10:23:25,746 : INFO : EventManager : Event: ======'captive_ball_to_left_orbit_combo_timeout'====== Args={}
2026-02-14 10:23:25,747 : INFO : EventManager : Event: ======'captive_ball_to_left_ramp_combo_timeout'====== Args={}
2026-02-14 10:23:25,747 : INFO : EventManager : Event: ======'captive_ball_to_inner_loop_combo_timeout'====== Args={}
2026-02-14 10:23:25,747 : INFO : EventManager : Event: ======'captive_ball_to_right_ramp_combo_timeout'====== Args={}
2026-02-14 10:23:25,748 : INFO : EventManager : Event: ======'captive_ball_to_right_orbit_combo_timeout'====== Args={}
2026-02-14 10:23:26,436 : INFO : ball_device.bd_plunger : State: failed_confirm
2026-02-14 10:23:26,436 : INFO : ball_device.bd_plunger : Got timeout (3.0s) before confirm from <playfield.playfield>
2026-02-14 10:23:26,544 : INFO : ball_device.bd_plunger : Confirming eject because target is playfield and ball did not return.
2026-02-14 10:23:26,544 : INFO : ball_device.bd_plunger : Eject successful
2026-02-14 10:23:26,544 : INFO : EventManager : Event: ======'balldevice_bd_plunger_ball_eject_success'====== Args={'balls': 1, 'target': <playfield.playfield>}
2026-02-14 10:23:26,545 : INFO : EventManager : Event: ======'balldevice_playfield_ball_enter'====== Args={'new_balls': 1, 'unclaimed_balls': 1, 'device': <playfield.playfield>}
2026-02-14 10:23:26,545 : INFO : EventManager : Event: ======'playfield_ball_count_change'====== Args={'balls': 2, 'change': 1}
2026-02-14 10:23:26,545 : INFO : EventManager : Event: ======'balldevice_bd_plunger_ball_count_changed'====== Args={'balls': 0}
2026-02-14 10:23:26,545 : INFO : ball_device.bd_plunger : State: idle
2026-02-14 10:23:26,546 : INFO : ball_device.bd_trough : State: ejecting
2026-02-14 10:23:26,546 : INFO : ball_device.bd_trough : Ejecting ball to <ball_device.bd_plunger>
2026-02-14 10:23:26,546 : INFO : EventManager : Event: ======'balldevice_bd_trough_ejecting_ball'====== Args={'balls': 1, 'target': <ball_device.bd_plunger>, 'source': <ball_device.bd_trough>, 'mechanical_eject': False, 'num_attempts': 0}
2026-02-14 10:23:26,547 : INFO : ball_device.bd_trough : Wait for ball to leave device
2026-02-14 10:23:26,547 : INFO : coil.c_trough_eject : Pulsing Driver for 15ms (1.0 pulse_power)
2026-02-14 10:23:26,547 : INFO : SwitchController : <<<<<<< 's_trough3' inactive >>>>>>>
2026-02-14 10:23:26,548 : INFO : ball_device.bd_plunger : State: waiting_for_ball
2026-02-14 10:23:26,549 : INFO : ball_device.bd_trough : State: ball_left
2026-02-14 10:23:26,549 : INFO : ball_device.bd_trough : Ball left
2026-02-14 10:23:26,549 : INFO : ball_device.bd_trough : Wait for confirm with timeout 3.0
2026-02-14 10:23:26,654 : INFO : SwitchController : <<<<<<< 's_plunger' active >>>>>>>
2026-02-14 10:23:26,654 : INFO : EventManager : Event: ======'machine_var_audits_switches_s_plunger'====== Args={'value': 2120, 'prev_value': 2119, 'change': 1}
2026-02-14 10:23:27,158 : INFO : ball_device.bd_plunger : Received ball from <ball_device.bd_trough>
2026-02-14 10:23:27,158 : INFO : EventManager : Event: ======'balldevice_bd_plunger_ball_enter'====== Args={'new_balls': 1, 'unclaimed_balls': 0, 'new_available_balls': 0, 'device': <ball_device.bd_plunger>}
2026-02-14 10:23:27,159 : INFO : EventManager : Event: ======'balldevice_bd_plunger_ball_entered'====== Args={'new_balls': 0, 'device': <ball_device.bd_plunger>}
2026-02-14 10:23:27,160 : INFO : EventManager : Event: ======'balldevice_bd_plunger_ball_count_changed'====== Args={'balls': 1}
2026-02-14 10:23:27,161 : INFO : ball_device.bd_trough : Got eject confirm
2026-02-14 10:23:27,161 : INFO : ball_device.bd_trough : Eject successful
2026-02-14 10:23:27,161 : INFO : EventManager : Event: ======'balldevice_bd_trough_ball_eject_success'====== Args={'balls': 1, 'target': <ball_device.bd_plunger>}
2026-02-14 10:23:27,161 : INFO : EventManager : Event: ======'balldevice_bd_trough_ball_count_changed'====== Args={'balls': 3}
2026-02-14 10:23:27,162 : INFO : ball_device.bd_trough : State: idle
2026-02-14 10:23:27,162 : INFO : ball_device.bd_plunger : State: waiting_for_target_ready
2026-02-14 10:23:27,162 : INFO : EventManager : Event: ======'balldevice_bd_plunger_ball_eject_attempt'====== Args={'balls': 1, 'target': <playfield.playfield>, 'source': <ball_device.bd_plunger>, 'mechanical_eject': False, 'num_attempts': 0}
2026-02-14 10:23:27,162 : INFO : ball_device.bd_plunger : State: ejecting
2026-02-14 10:23:27,163 : INFO : ball_device.bd_plunger : Ejecting ball to <playfield.playfield>
2026-02-14 10:23:27,163 : INFO : EventManager : Event: ======'balldevice_bd_plunger_ejecting_ball'====== Args={'balls': 1, 'target': <playfield.playfield>, 'source': <ball_device.bd_plunger>, 'mechanical_eject': False, 'num_attempts': 0}
2026-02-14 10:23:27,164 : INFO : ball_device.bd_plunger : Wait for ball to leave device
2026-02-14 10:23:27,164 : INFO : coil.c_plunger : Pulsing Driver for 20ms (1.0 pulse_power)
2026-02-14 10:23:27,164 : INFO : SwitchController : <<<<<<< 's_plunger' inactive >>>>>>>
2026-02-14 10:23:27,164 : INFO : EventManager : Event: ======'ball_out'====== Args={}
2026-02-14 10:23:27,165 : INFO : ball_device.bd_plunger : State: ball_left
2026-02-14 10:23:27,166 : INFO : ball_device.bd_plunger : Ball left
2026-02-14 10:23:27,166 : INFO : ball_device.bd_plunger : Wait for confirm with timeout 3.0
2026-02-14 10:23:30,170 : INFO : ball_device.bd_plunger : State: failed_confirm
2026-02-14 10:23:30,171 : INFO : ball_device.bd_plunger : Got timeout (3.0s) before confirm from <playfield.playfield>
2026-02-14 10:23:30,281 : INFO : ball_device.bd_plunger : Confirming eject because target is playfield and ball did not return.
2026-02-14 10:23:30,282 : INFO : ball_device.bd_plunger : Eject successful
2026-02-14 10:23:30,282 : INFO : EventManager : Event: ======'balldevice_bd_plunger_ball_eject_success'====== Args={'balls': 1, 'target': <playfield.playfield>}
2026-02-14 10:23:30,283 : INFO : EventManager : Event: ======'balldevice_playfield_ball_enter'====== Args={'new_balls': 1, 'unclaimed_balls': 1, 'device': <playfield.playfield>}
2026-02-14 10:23:30,283 : INFO : EventManager : Event: ======'playfield_ball_count_change'====== Args={'balls': 3, 'change': 1}
2026-02-14 10:23:30,284 : INFO : EventManager : Event: ======'balldevice_bd_plunger_ball_count_changed'====== Args={'balls': 0}
2026-02-14 10:23:30,284 : INFO : ball_device.bd_plunger : State: idle
2026-02-14 10:23:30,578 : INFO : SwitchController : <<<<<<< 's_right_ramp' active >>>>>>>
2026-02-14 10:23:30,579 : INFO : EventManager : Event: ======'s_right_ramp_active'====== Args={}
2026-02-14 10:23:30,579 : INFO : EventManager : Event: ======'machine_var_audits_switches_s_right_ramp'====== Args={'value': 974, 'prev_value': 973, 'change': 1}
2026-02-14 10:23:30,580 : INFO : EventManager : Event: ======'machine_var_audits_shots_right_ramp'====== Args={'value': 805, 'prev_value': 804, 'change': 1}
2026-02-14 10:23:30,581 : INFO : EventManager : Event: ======'right_ramp_hit'====== Args={'profile': 'base_shot_profile', 'state': 'off', 'advancing': False}
2026-02-14 10:23:30,581 : INFO : EventManager : Event: ======'right_ramp_base_shot_profile_hit'====== Args={'profile': 'base_shot_profile', 'state': 'off', 'advancing': False}
2026-02-14 10:23:30,582 : INFO : EventManager : Event: ======'right_ramp_base_shot_profile_off_hit'====== Args={'profile': 'base_shot_profile', 'state': 'off', 'advancing': False}
2026-02-14 10:23:30,582 : INFO : EventManager : Event: ======'right_ramp_off_hit'====== Args={'profile': 'base_shot_profile', 'state': 'off', 'advancing': False}
2026-02-14 10:23:30,582 : INFO : EventManager : Event: ======'machine_var_audits_shots_bodymovin_rightramp'====== Args={'value': 9, 'prev_value': 8, 'change': 1}
2026-02-14 10:23:30,582 : INFO : EventManager : Event: ======'bodymovin_rightramp_hit'====== Args={'profile': 'bodymovin_roving_shot', 'state': 'off', 'advancing': False}
2026-02-14 10:23:30,582 : INFO : EventManager : Event: ======'bodymovin_rightramp_bodymovin_roving_shot_hit'====== Args={'profile': 'bodymovin_roving_shot', 'state': 'off', 'advancing': False}
2026-02-14 10:23:30,582 : INFO : EventManager : Event: ======'bodymovin_rightramp_bodymovin_roving_shot_off_hit'====== Args={'profile': 'bodymovin_roving_shot', 'state': 'off', 'advancing': False}
2026-02-14 10:23:30,582 : INFO : EventManager : Event: ======'bodymovin_rightramp_off_hit'====== Args={'profile': 'bodymovin_roving_shot', 'state': 'off', 'advancing': False}
2026-02-14 10:23:30,583 : INFO : EventManager : Event: ======'player_score'====== Args={'value': 8049630, 'prev_value': 8046620, 'change': 3010, 'player_num': 1, 'source': 'base'}
2026-02-14 10:23:30,583 : INFO : EventManager : Event: ======'logicblock_superdrops_counter_updated'====== Args={'value': 5, 'enabled': True}
2026-02-14 10:23:30,583 : INFO : EventManager : Event: ======'counter_superdrops_counter_hit'====== Args={'count': 5, 'hits': 5, 'remaining': 0}
2026-02-14 10:23:30,583 : INFO : EventManager : Event: ======'logicblock_superdrops_counter_hit'====== Args={'count': 5, 'hits': 5, 'remaining': 0}
2026-02-14 10:23:30,583 : INFO : EventManager : Event: ======'start_superdrops'====== Args={}
2026-02-14 10:23:30,583 : INFO : EventManager : Event: ======'logicblock_superdrops_counter_updated'====== Args={'value': 5, 'enabled': False}
2026-02-14 10:23:30,584 : INFO : EventManager : Event: ======'logicblock_bodymovin_rightramp_jackpot_updated'====== Args={'value': 1, 'enabled': True}
2026-02-14 10:23:30,584 : INFO : EventManager : Event: ======'logicblock_bodymovin_rightramp_jackpot_hit'====== Args={'step': 1}
2026-02-14 10:23:30,584 : INFO : EventManager : Event: ======'bodymovin_rightramp_jackpot_hit'====== Args={}
2026-02-14 10:23:30,585 : INFO : EventManager : Event: ======'bodymovin_jackpot_hit'====== Args={}
2026-02-14 10:23:30,585 : INFO : EventManager : Event: ======'logicblock_bodymovin_rightramp_jackpot_updated'====== Args={'value': 1, 'enabled': False}
2026-02-14 10:23:30,585 : INFO : EventManager : Event: ======'bodymovin_roving_shot_hit'====== Args={'shot': 'bodymovin_rightramp'}
2026-02-14 10:23:30,585 : INFO : EventManager : Event: ======'bodymovin_roving_shot_off_hit'====== Args={'shot': 'bodymovin_rightramp'}
2026-02-14 10:23:30,586 : INFO : EventManager : Event: ======'mode_superdrops_will_start'====== Args={}
2026-02-14 10:23:30,586 : INFO : EventManager : Event: ======'player_superdrops_superdrops_timer_tick'====== Args={'value': 0, 'prev_value': 0, 'change': 0, 'player_num': 1}
2026-02-14 10:23:30,587 : INFO : Timer.superdrops_timer : Starting Timer.
2026-02-14 10:23:30,587 : INFO : EventManager : Event: ======'timer_superdrops_timer_started'====== Args={'ticks': 0, 'ticks_remaining': 30}
2026-02-14 10:23:30,587 : INFO : EventManager : Event: ======'timer_superdrops_timer_tick'====== Args={'ticks': 0, 'ticks_remaining': 30}
2026-02-14 10:23:30,588 : INFO : EventManager : Event: ======'mode_superdrops_starting'====== Args={}
2026-02-14 10:23:30,589 : INFO : blinkenlight.bl_rightramp_arrow_led : Color removed with key bodymovin
2026-02-14 10:23:30,589 : INFO : EventManager : Event: ======'logicblock_completing_bodymovin_jackpots_updated'====== Args={'value': [False, True], 'enabled': True}
2026-02-14 10:23:30,589 : INFO : EventManager : Event: ======'logicblock_completing_bodymovin_jackpots_hit'====== Args={'step': 1}
2026-02-14 10:23:30,589 : INFO : EventManager : Event: ======'player_score'====== Args={'value': 8549630, 'prev_value': 8049630, 'change': 500000, 'player_num': 1, 'source': 'bodymovin'}
2026-02-14 10:23:30,590 : INFO : EventManager : Event: ======'player_multiball_bodymovin_score'====== Args={'value': 500000, 'prev_value': 0, 'change': 500000, 'player_num': 1, 'source': 'bodymovin'}
2026-02-14 10:23:30,590 : INFO : Mode.superdrops : Started. Priority: 20000
2026-02-14 10:23:30,590 : INFO : EventManager : Event: ======'modes_active_modes_changed'====== Args={}
2026-02-14 10:23:30,590 : INFO : EventManager : Event: ======'mode_superdrops_started'====== Args={}
2026-02-14 10:23:30,591 : INFO : EventManager : Event: ======'achievement_superdrops_super_mode_changed_state'====== Args={'restore': False, 'state': 'started', 'selected': False}
2026-02-14 10:23:30,591 : INFO : EventManager : Event: ======'achievement_superdrops_super_mode_state_started'====== Args={'restore': False, 'state': 'started', 'selected': False}
2026-02-14 10:23:30,591 : INFO : EventManager : Event: ======'player_characters_collected'====== Args={'value': 1, 'prev_value': 0, 'change': 1, 'player_num': 1, 'source': 'base'}
2026-02-14 10:23:30,592 : INFO : EventManager : Event: ======'player_adroc_collected'====== Args={'value': 1, 'prev_value': 0, 'change': 1, 'player_num': 1, 'source': 'base'}
2026-02-14 10:23:30,592 : INFO : EventManager : Event: ======'timer_superdrops_timer_tick'====== Args={'ticks': 0, 'ticks_remaining': 30}
2026-02-14 10:23:30,636 : INFO : EventManager : Event: ======'widget_adroc_circle_active'====== Args={'original_context': 'base', 'original_calling_context': 'mode_superdrops_started', 'priority': 100.0, 'cmd': 'widgets_play', '_from_bcp': True}
2026-02-14 10:23:30,656 : INFO : SwitchController : <<<<<<< 's_right_ramp' inactive >>>>>>>
2026-02-14 10:23:31,605 : INFO : EventManager : Event: ======'player_superdrops_superdrops_timer_tick'====== Args={'value': 1, 'prev_value': 0, 'change': 1, 'player_num': 1}
2026-02-14 10:23:31,606 : INFO : EventManager : Event: ======'timer_superdrops_timer_tick'====== Args={'ticks': 1, 'ticks_remaining': 29}
2026-02-14 10:23:32,246 : INFO : SwitchController : <<<<<<< 's_left_ramp' active >>>>>>>
2026-02-14 10:23:32,246 : INFO : EventManager : Event: ======'s_left_ramp_active'====== Args={}
2026-02-14 10:23:32,246 : INFO : EventManager : Event: ======'machine_var_audits_switches_s_left_ramp'====== Args={'value': 638, 'prev_value': 637, 'change': 1}
2026-02-14 10:23:32,247 : INFO : EventManager : Event: ======'machine_var_audits_shots_left_ramp'====== Args={'value': 498, 'prev_value': 497, 'change': 1}
2026-02-14 10:23:32,247 : INFO : EventManager : Event: ======'left_ramp_hit'====== Args={'profile': 'base_shot_profile', 'state': 'off', 'advancing': False}
2026-02-14 10:23:32,248 : INFO : EventManager : Event: ======'left_ramp_base_shot_profile_hit'====== Args={'profile': 'base_shot_profile', 'state': 'off', 'advancing': False}
2026-02-14 10:23:32,248 : INFO : EventManager : Event: ======'left_ramp_base_shot_profile_off_hit'====== Args={'profile': 'base_shot_profile', 'state': 'off', 'advancing': False}
2026-02-14 10:23:32,248 : INFO : EventManager : Event: ======'left_ramp_off_hit'====== Args={'profile': 'base_shot_profile', 'state': 'off', 'advancing': False}
2026-02-14 10:23:32,248 : INFO : EventManager : Event: ======'machine_var_audits_shots_bodymovin_leftramp'====== Args={'value': 8, 'prev_value': 7, 'change': 1}
2026-02-14 10:23:32,248 : INFO : EventManager : Event: ======'bodymovin_leftramp_hit'====== Args={'profile': 'bodymovin_roving_shot', 'state': 'off', 'advancing': False}
2026-02-14 10:23:32,248 : INFO : EventManager : Event: ======'bodymovin_leftramp_bodymovin_roving_shot_hit'====== Args={'profile': 'bodymovin_roving_shot', 'state': 'off', 'advancing': False}
2026-02-14 10:23:32,249 : INFO : EventManager : Event: ======'bodymovin_leftramp_bodymovin_roving_shot_off_hit'====== Args={'profile': 'bodymovin_roving_shot', 'state': 'off', 'advancing': False}
2026-02-14 10:23:32,249 : INFO : EventManager : Event: ======'bodymovin_leftramp_off_hit'====== Args={'profile': 'bodymovin_roving_shot', 'state': 'off', 'advancing': False}
2026-02-14 10:23:32,249 : INFO : EventManager : Event: ======'player_score'====== Args={'value': 8552640, 'prev_value': 8549630, 'change': 3010, 'player_num': 1, 'source': 'base'}
2026-02-14 10:23:32,249 : INFO : EventManager : Event: ======'logicblock_superspins_counter_updated'====== Args={'value': 1, 'enabled': True}
2026-02-14 10:23:32,249 : INFO : EventManager : Event: ======'counter_superspins_counter_hit'====== Args={'count': 1, 'hits': 1, 'remaining': 4}
2026-02-14 10:23:32,249 : INFO : EventManager : Event: ======'logicblock_superspins_counter_hit'====== Args={'count': 1, 'hits': 1, 'remaining': 4}
2026-02-14 10:23:32,250 : INFO : EventManager : Event: ======'right_ramp_to_left_ramp_combo_hit'====== Args={'elapsed': 1.6659319000318646}
2026-02-14 10:23:32,250 : INFO : EventManager : Event: ======'logicblock_bodymovin_leftramp_jackpot_updated'====== Args={'value': 1, 'enabled': True}
2026-02-14 10:23:32,250 : INFO : EventManager : Event: ======'logicblock_bodymovin_leftramp_jackpot_hit'====== Args={'step': 1}
2026-02-14 10:23:32,250 : INFO : EventManager : Event: ======'bodymovin_leftramp_jackpot_hit'====== Args={}
2026-02-14 10:23:32,251 : INFO : EventManager : Event: ======'bodymovin_jackpot_hit'====== Args={}
2026-02-14 10:23:32,251 : INFO : EventManager : Event: ======'logicblock_bodymovin_leftramp_jackpot_updated'====== Args={'value': 1, 'enabled': False}
2026-02-14 10:23:32,251 : INFO : EventManager : Event: ======'bodymovin_roving_shot_hit'====== Args={'shot': 'bodymovin_leftramp'}
2026-02-14 10:23:32,252 : INFO : EventManager : Event: ======'bodymovin_roving_shot_off_hit'====== Args={'shot': 'bodymovin_leftramp'}
2026-02-14 10:23:32,252 : INFO : EventManager : Event: ======'combo_hit'====== Args={'priority': 0}
2026-02-14 10:23:32,252 : INFO : EventManager : Event: ======'player_combos'====== Args={'value': 1, 'prev_value': 0, 'change': 1, 'player_num': 1, 'source': 'base'}
2026-02-14 10:23:32,252 : INFO : EventManager : Event: ======'logicblock_combos_count_updated'====== Args={'value': 1, 'enabled': True}
2026-02-14 10:23:32,252 : INFO : EventManager : Event: ======'counter_combos_count_hit'====== Args={'count': 1}
2026-02-14 10:23:32,252 : INFO : EventManager : Event: ======'logicblock_combos_count_hit'====== Args={'count': 1}
2026-02-14 10:23:32,252 : INFO : blinkenlight.bl_leftramp_arrow_led : Color removed with key bodymovin
2026-02-14 10:23:32,253 : INFO : EventManager : Event: ======'logicblock_completing_bodymovin_jackpots_updated'====== Args={'value': [True, True], 'enabled': True}
2026-02-14 10:23:32,253 : INFO : EventManager : Event: ======'logicblock_completing_bodymovin_jackpots_hit'====== Args={'step': 0}
2026-02-14 10:23:32,253 : INFO : EventManager : Event: ======'bodymovin_jackpots_complete'====== Args={}
2026-02-14 10:23:32,253 : INFO : EventManager : Event: ======'logicblock_completing_bodymovin_jackpots_updated'====== Args={'value': [False, False], 'enabled': True}
2026-02-14 10:23:32,253 : INFO : EventManager : Event: ======'logicblock_completing_bodymovin_jackpots_updated'====== Args={'value': [False, False], 'enabled': False}
2026-02-14 10:23:32,253 : INFO : EventManager : Event: ======'logicblock_bodymovin_jackpots_collected_updated'====== Args={'value': 1, 'enabled': True}
2026-02-14 10:23:32,253 : INFO : EventManager : Event: ======'counter_bodymovin_jackpots_collected_hit'====== Args={'count': 1, 'hits': 1, 'remaining': 0}
2026-02-14 10:23:32,253 : INFO : EventManager : Event: ======'logicblock_bodymovin_jackpots_collected_hit'====== Args={'count': 1, 'hits': 1, 'remaining': 0}
2026-02-14 10:23:32,253 : INFO : EventManager : Event: ======'bodymovin_superjackpot_lit'====== Args={}
2026-02-14 10:23:32,254 : INFO : EventManager : Event: ======'logicblock_bodymovin_jackpots_collected_updated'====== Args={'value': 1, 'enabled': False}
2026-02-14 10:23:32,254 : INFO : EventManager : Event: ======'logicblock_bodymovin_superjackpot_updated'====== Args={'value': 0, 'enabled': False}
2026-02-14 10:23:32,254 : INFO : EventManager : Event: ======'logicblock_bodymovin_superjackpot_updated'====== Args={'value': 0, 'enabled': True}
2026-02-14 10:23:32,254 : INFO : EventManager : Event: ======'bodymovin_advance_super_jackpot_random'====== Args={'priority': 0}
2026-02-14 10:23:32,254 : INFO : Timer.bodymovin_roam_right : Starting Timer.
2026-02-14 10:23:32,255 : INFO : EventManager : Event: ======'timer_bodymovin_roam_right_started'====== Args={'ticks': 0, 'ticks_remaining': 3}
2026-02-14 10:23:32,255 : INFO : EventManager : Event: ======'timer_bodymovin_roam_right_tick'====== Args={'ticks': 0, 'ticks_remaining': 3}
2026-02-14 10:23:32,255 : INFO : EventManager : Event: ======'bodymovin_advance_super_captive'====== Args={}
2026-02-14 10:23:32,255 : INFO : EventManager : Event: ======'advance_bodymovin_captive'====== Args={'priority': 0}
2026-02-14 10:23:32,255 : INFO : EventManager : Event: ======'player_shot_bodymovin_captiveball'====== Args={'value': 1, 'prev_value': 0, 'change': 1, 'player_num': 1}
2026-02-14 10:23:32,256 : INFO : EventManager : Event: ======'player_score'====== Args={'value': 9052640, 'prev_value': 8552640, 'change': 500000, 'player_num': 1, 'source': 'bodymovin'}
2026-02-14 10:23:32,256 : INFO : EventManager : Event: ======'player_multiball_bodymovin_score'====== Args={'value': 1000000, 'prev_value': 500000, 'change': 500000, 'player_num': 1, 'source': 'bodymovin'}
2026-02-14 10:23:32,318 : INFO : SwitchController : <<<<<<< 's_left_ramp' inactive >>>>>>>
2026-02-14 10:23:32,602 : INFO : EventManager : Event: ======'player_superdrops_superdrops_timer_tick'====== Args={'value': 2, 'prev_value': 1, 'change': 1, 'player_num': 1}
2026-02-14 10:23:32,603 : INFO : EventManager : Event: ======'timer_superdrops_timer_tick'====== Args={'ticks': 2, 'ticks_remaining': 28}
2026-02-14 10:23:33,259 : INFO : EventManager : Event: ======'player_bodymovin_bodymovin_roam_right_tick'====== Args={'value': 1, 'prev_value': 0, 'change': 1, 'player_num': 1}
2026-02-14 10:23:33,260 : INFO : EventManager : Event: ======'timer_bodymovin_roam_right_tick'====== Args={'ticks': 1, 'ticks_remaining': 2}
2026-02-14 10:23:33,589 : INFO : EventManager : Event: ======'right_ramp_to_left_orbit_combo_timeout'====== Args={}
2026-02-14 10:23:33,590 : INFO : EventManager : Event: ======'right_ramp_to_inner_loop_combo_timeout'====== Args={}
2026-02-14 10:23:33,591 : INFO : EventManager : Event: ======'right_ramp_to_captive_ball_combo_timeout'====== Args={}
2026-02-14 10:23:33,591 : INFO : EventManager : Event: ======'right_ramp_to_right_orbit_combo_timeout'====== Args={}
2026-02-14 10:23:33,605 : INFO : EventManager : Event: ======'player_superdrops_superdrops_timer_tick'====== Args={'value': 3, 'prev_value': 2, 'change': 1, 'player_num': 1}
2026-02-14 10:23:33,607 : INFO : EventManager : Event: ======'timer_superdrops_timer_tick'====== Args={'ticks': 3, 'ticks_remaining': 27}
2026-02-14 10:23:34,262 : INFO : EventManager : Event: ======'player_bodymovin_bodymovin_roam_right_tick'====== Args={'value': 2, 'prev_value': 1, 'change': 1, 'player_num': 1}
2026-02-14 10:23:34,263 : INFO : EventManager : Event: ======'timer_bodymovin_roam_right_tick'====== Args={'ticks': 2, 'ticks_remaining': 1}
2026-02-14 10:23:34,604 : INFO : EventManager : Event: ======'player_superdrops_superdrops_timer_tick'====== Args={'value': 4, 'prev_value': 3, 'change': 1, 'player_num': 1}
2026-02-14 10:23:34,605 : INFO : EventManager : Event: ======'timer_superdrops_timer_tick'====== Args={'ticks': 4, 'ticks_remaining': 26}
2026-02-14 10:23:35,257 : INFO : EventManager : Event: ======'left_ramp_to_left_orbit_combo_timeout'====== Args={}
2026-02-14 10:23:35,258 : INFO : EventManager : Event: ======'left_ramp_to_inner_loop_combo_timeout'====== Args={}
2026-02-14 10:23:35,258 : INFO : EventManager : Event: ======'left_ramp_to_captive_ball_combo_timeout'====== Args={}
2026-02-14 10:23:35,258 : INFO : EventManager : Event: ======'left_ramp_to_right_ramp_combo_timeout'====== Args={}
2026-02-14 10:23:35,259 : INFO : EventManager : Event: ======'left_ramp_to_right_orbit_combo_timeout'====== Args={}
2026-02-14 10:23:35,259 : INFO : EventManager : Event: ======'player_bodymovin_bodymovin_roam_right_tick'====== Args={'value': 3, 'prev_value': 2, 'change': 1, 'player_num': 1}
2026-02-14 10:23:35,259 : INFO : Timer.bodymovin_roam_right : Timer Complete
2026-02-14 10:23:35,259 : INFO : Timer.bodymovin_roam_right : Stopping Timer
2026-02-14 10:23:35,260 : INFO : EventManager : Event: ======'timer_bodymovin_roam_right_stopped'====== Args={'ticks': 3, 'ticks_remaining': 1}
2026-02-14 10:23:35,260 : INFO : EventManager : Event: ======'timer_bodymovin_roam_right_complete'====== Args={'ticks': 3, 'ticks_remaining': 1}
2026-02-14 10:23:35,260 : INFO : EventManager : Event: ======'player_shot_bodymovin_captiveball'====== Args={'value': 0, 'prev_value': 1, 'change': -1, 'player_num': 1}
2026-02-14 10:23:35,261 : INFO : EventManager : Event: ======'player_shot_bodymovin_rightramp'====== Args={'value': 1, 'prev_value': 0, 'change': 1, 'player_num': 1}
2026-02-14 10:23:35,261 : INFO : EventManager : Event: ======'player_bodymovin_bodymovin_roam_right_tick'====== Args={'value': 0, 'prev_value': 3, 'change': -3, 'player_num': 1}
2026-02-14 10:23:35,261 : INFO : Timer.bodymovin_roam_right : Starting Timer.
2026-02-14 10:23:35,262 : INFO : EventManager : Event: ======'timer_bodymovin_roam_right_started'====== Args={'ticks': 0, 'ticks_remaining': 3}
2026-02-14 10:23:35,262 : INFO : EventManager : Event: ======'timer_bodymovin_roam_right_tick'====== Args={'ticks': 0, 'ticks_remaining': 3}
2026-02-14 10:23:35,598 : INFO : EventManager : Event: ======'player_superdrops_superdrops_timer_tick'====== Args={'value': 5, 'prev_value': 4, 'change': 1, 'player_num': 1}
2026-02-14 10:23:35,599 : INFO : EventManager : Event: ======'timer_superdrops_timer_tick'====== Args={'ticks': 5, 'ticks_remaining': 25}
2026-02-14 10:23:36,267 : INFO : EventManager : Event: ======'player_bodymovin_bodymovin_roam_right_tick'====== Args={'value': 1, 'prev_value': 0, 'change': 1, 'player_num': 1}
2026-02-14 10:23:36,269 : INFO : EventManager : Event: ======'timer_bodymovin_roam_right_tick'====== Args={'ticks': 1, 'ticks_remaining': 2}
2026-02-14 10:23:36,594 : INFO : EventManager : Event: ======'player_superdrops_superdrops_timer_tick'====== Args={'value': 6, 'prev_value': 5, 'change': 1, 'player_num': 1}
2026-02-14 10:23:36,595 : INFO : EventManager : Event: ======'timer_superdrops_timer_tick'====== Args={'ticks': 6, 'ticks_remaining': 24}
2026-02-14 10:23:37,085 : INFO : SwitchController : <<<<<<< 's_right_ramp' active >>>>>>>
2026-02-14 10:23:37,085 : INFO : EventManager : Event: ======'s_right_ramp_active'====== Args={}
2026-02-14 10:23:37,085 : INFO : EventManager : Event: ======'machine_var_audits_switches_s_right_ramp'====== Args={'value': 975, 'prev_value': 974, 'change': 1}
2026-02-14 10:23:37,087 : INFO : EventManager : Event: ======'machine_var_audits_shots_right_ramp'====== Args={'value': 806, 'prev_value': 805, 'change': 1}
2026-02-14 10:23:37,087 : INFO : EventManager : Event: ======'right_ramp_hit'====== Args={'profile': 'base_shot_profile', 'state': 'off', 'advancing': False}
2026-02-14 10:23:37,088 : INFO : EventManager : Event: ======'right_ramp_base_shot_profile_hit'====== Args={'profile': 'base_shot_profile', 'state': 'off', 'advancing': False}
2026-02-14 10:23:37,088 : INFO : EventManager : Event: ======'right_ramp_base_shot_profile_off_hit'====== Args={'profile': 'base_shot_profile', 'state': 'off', 'advancing': False}
2026-02-14 10:23:37,088 : INFO : EventManager : Event: ======'right_ramp_off_hit'====== Args={'profile': 'base_shot_profile', 'state': 'off', 'advancing': False}
2026-02-14 10:23:37,089 : INFO : EventManager : Event: ======'machine_var_audits_shots_bodymovin_rightramp'====== Args={'value': 10, 'prev_value': 9, 'change': 1}
2026-02-14 10:23:37,089 : INFO : EventManager : Event: ======'bodymovin_rightramp_hit'====== Args={'profile': 'bodymovin_roving_shot', 'state': 'lit', 'advancing': False}
2026-02-14 10:23:37,089 : INFO : EventManager : Event: ======'bodymovin_rightramp_bodymovin_roving_shot_hit'====== Args={'profile': 'bodymovin_roving_shot', 'state': 'lit', 'advancing': False}
2026-02-14 10:23:37,089 : INFO : EventManager : Event: ======'bodymovin_rightramp_bodymovin_roving_shot_lit_hit'====== Args={'profile': 'bodymovin_roving_shot', 'state': 'lit', 'advancing': False}
2026-02-14 10:23:37,089 : INFO : EventManager : Event: ======'bodymovin_rightramp_lit_hit'====== Args={'profile': 'bodymovin_roving_shot', 'state': 'lit', 'advancing': False}
2026-02-14 10:23:37,090 : INFO : EventManager : Event: ======'player_score'====== Args={'value': 9055650, 'prev_value': 9052640, 'change': 3010, 'player_num': 1, 'source': 'base'}
2026-02-14 10:23:37,090 : INFO : EventManager : Event: ======'bodymovin_roving_shot_hit'====== Args={'shot': 'bodymovin_rightramp'}
2026-02-14 10:23:37,090 : INFO : EventManager : Event: ======'bodymovin_roving_shot_lit_hit'====== Args={'shot': 'bodymovin_rightramp'}
2026-02-14 10:23:37,090 : INFO : EventManager : Event: ======'logicblock_bodymovin_superjackpot_updated'====== Args={'value': 1, 'enabled': True}
2026-02-14 10:23:37,091 : INFO : EventManager : Event: ======'logicblock_bodymovin_superjackpot_hit'====== Args={'step': 1}
2026-02-14 10:23:37,091 : INFO : EventManager : Event: ======'bodymovin_superjackpot_hit'====== Args={}
2026-02-14 10:23:37,091 : INFO : EventManager : Event: ======'logicblock_bodymovin_superjackpot_updated'====== Args={'value': 1, 'enabled': False}
2026-02-14 10:23:37,092 : INFO : EventManager : Event: ======'logicblock_bodymovin_jackpots_collected_updated'====== Args={'value': 0, 'enabled': False}
2026-02-14 10:23:37,092 : INFO : EventManager : Event: ======'logicblock_bodymovin_jackpots_collected_updated'====== Args={'value': 0, 'enabled': True}
2026-02-14 10:23:37,092 : INFO : EventManager : Event: ======'logicblock_completing_bodymovin_jackpots_updated'====== Args={'value': [False, False], 'enabled': False}
2026-02-14 10:23:37,092 : INFO : EventManager : Event: ======'logicblock_completing_bodymovin_jackpots_updated'====== Args={'value': [False, False], 'enabled': True}
2026-02-14 10:23:37,093 : INFO : EventManager : Event: ======'logicblock_bodymovin_leftramp_jackpot_updated'====== Args={'value': 0, 'enabled': False}
2026-02-14 10:23:37,093 : INFO : EventManager : Event: ======'logicblock_bodymovin_leftramp_jackpot_updated'====== Args={'value': 0, 'enabled': True}
2026-02-14 10:23:37,093 : INFO : EventManager : Event: ======'logicblock_bodymovin_rightramp_jackpot_updated'====== Args={'value': 0, 'enabled': False}
2026-02-14 10:23:37,093 : INFO : EventManager : Event: ======'logicblock_bodymovin_rightramp_jackpot_updated'====== Args={'value': 0, 'enabled': True}
2026-02-14 10:23:37,093 : INFO : EventManager : Event: ======'player_shot_bodymovin_leftorbit_enabled'====== Args={'value': False, 'prev_value': True, 'change': -1, 'player_num': 1}
2026-02-14 10:23:37,094 : INFO : EventManager : Event: ======'player_shot_bodymovin_leftramp_enabled'====== Args={'value': False, 'prev_value': True, 'change': -1, 'player_num': 1}
2026-02-14 10:23:37,094 : INFO : EventManager : Event: ======'player_shot_bodymovin_inner_loop_enabled'====== Args={'value': False, 'prev_value': True, 'change': -1, 'player_num': 1}
2026-02-14 10:23:37,094 : INFO : EventManager : Event: ======'player_shot_bodymovin_captiveball_enabled'====== Args={'value': False, 'prev_value': True, 'change': -1, 'player_num': 1}
2026-02-14 10:23:37,094 : INFO : EventManager : Event: ======'player_shot_bodymovin_rightramp_enabled'====== Args={'value': False, 'prev_value': True, 'change': -1, 'player_num': 1}
2026-02-14 10:23:37,094 : INFO : EventManager : Event: ======'player_shot_bodymovin_rightorbit_enabled'====== Args={'value': False, 'prev_value': True, 'change': -1, 'player_num': 1}
2026-02-14 10:23:37,095 : INFO : EventManager : Event: ======'player_score'====== Args={'value': 11055650, 'prev_value': 9055650, 'change': 2000000, 'player_num': 1, 'source': 'bodymovin'}
2026-02-14 10:23:37,095 : INFO : EventManager : Event: ======'player_multiball_bodymovin_score'====== Args={'value': 3000000, 'prev_value': 1000000, 'change': 2000000, 'player_num': 1, 'source': 'bodymovin'}
2026-02-14 10:23:37,095 : INFO : EventManager : Event: ======'player_bodymovin_round'====== Args={'value': 2, 'prev_value': 1, 'change': 1, 'player_num': 1, 'source': 'bodymovin'}
2026-02-14 10:23:37,095 : INFO : blinkenlight.bl_leftramp_arrow_led : Color (76, 187, 23) with key bodymovin added
2026-02-14 10:23:37,096 : INFO : blinkenlight.bl_rightramp_arrow_led : Color (76, 187, 23) with key bodymovin added
2026-02-14 10:23:37,096 : INFO : EventManager : Event: ======'achievement_bodymovin_multiball_changed_state'====== Args={'restore': False, 'state': 'completed', 'selected': False}
2026-02-14 10:23:37,096 : INFO : EventManager : Event: ======'achievement_bodymovin_multiball_state_completed'====== Args={'restore': False, 'state': 'completed', 'selected': False}
2026-02-14 10:23:37,096 : INFO : Timer.bodymovin_roam_right : Pausing Timer for 0 ms
2026-02-14 10:23:37,097 : INFO : EventManager : Event: ======'timer_bodymovin_roam_right_paused'====== Args={'ticks': 1, 'ticks_remaining': 2}
2026-02-14 10:23:37,139 : INFO : SwitchController : <<<<<<< 's_right_ramp' inactive >>>>>>>
2026-02-14 10:23:37,593 : INFO : EventManager : Event: ======'player_superdrops_superdrops_timer_tick'====== Args={'value': 7, 'prev_value': 6, 'change': 1, 'player_num': 1}
2026-02-14 10:23:37,594 : INFO : EventManager : Event: ======'timer_superdrops_timer_tick'====== Args={'ticks': 7, 'ticks_remaining': 23}
2026-02-14 10:23:37,795 : INFO : EventManager : Event: ======'multiball_bodymovin_shoot_again_ended'====== Args={}
2026-02-14 10:23:38,605 : INFO : EventManager : Event: ======'player_superdrops_superdrops_timer_tick'====== Args={'value': 8, 'prev_value': 7, 'change': 1, 'player_num': 1}
2026-02-14 10:23:38,606 : INFO : EventManager : Event: ======'timer_superdrops_timer_tick'====== Args={'ticks': 8, 'ticks_remaining': 22}
2026-02-14 10:23:39,593 : INFO : EventManager : Event: ======'player_superdrops_superdrops_timer_tick'====== Args={'value': 9, 'prev_value': 8, 'change': 1, 'player_num': 1}
2026-02-14 10:23:39,593 : INFO : EventManager : Event: ======'timer_superdrops_timer_tick'====== Args={'ticks': 9, 'ticks_remaining': 21}
2026-02-14 10:23:40,094 : INFO : EventManager : Event: ======'right_ramp_to_left_orbit_combo_timeout'====== Args={}
2026-02-14 10:23:40,095 : INFO : EventManager : Event: ======'right_ramp_to_left_ramp_combo_timeout'====== Args={}
2026-02-14 10:23:40,095 : INFO : EventManager : Event: ======'right_ramp_to_inner_loop_combo_timeout'====== Args={}
2026-02-14 10:23:40,096 : INFO : EventManager : Event: ======'right_ramp_to_captive_ball_combo_timeout'====== Args={}
2026-02-14 10:23:40,096 : INFO : EventManager : Event: ======'right_ramp_to_right_orbit_combo_timeout'====== Args={}
2026-02-14 10:23:40,595 : INFO : EventManager : Event: ======'player_superdrops_superdrops_timer_tick'====== Args={'value': 10, 'prev_value': 9, 'change': 1, 'player_num': 1}
2026-02-14 10:23:40,596 : INFO : EventManager : Event: ======'timer_superdrops_timer_tick'====== Args={'ticks': 10, 'ticks_remaining': 20}
2026-02-14 10:23:41,593 : INFO : EventManager : Event: ======'player_superdrops_superdrops_timer_tick'====== Args={'value': 11, 'prev_value': 10, 'change': 1, 'player_num': 1}
2026-02-14 10:23:41,594 : INFO : EventManager : Event: ======'timer_superdrops_timer_tick'====== Args={'ticks': 11, 'ticks_remaining': 19}
2026-02-14 10:23:41,967 : INFO : SwitchController : <<<<<<< 's_left_ramp' active >>>>>>>
2026-02-14 10:23:41,967 : INFO : EventManager : Event: ======'s_left_ramp_active'====== Args={}
2026-02-14 10:23:41,967 : INFO : EventManager : Event: ======'machine_var_audits_switches_s_left_ramp'====== Args={'value': 639, 'prev_value': 638, 'change': 1}
2026-02-14 10:23:41,969 : INFO : EventManager : Event: ======'machine_var_audits_shots_left_ramp'====== Args={'value': 499, 'prev_value': 498, 'change': 1}
2026-02-14 10:23:41,969 : INFO : EventManager : Event: ======'left_ramp_hit'====== Args={'profile': 'base_shot_profile', 'state': 'off', 'advancing': False}
2026-02-14 10:23:41,969 : INFO : EventManager : Event: ======'left_ramp_base_shot_profile_hit'====== Args={'profile': 'base_shot_profile', 'state': 'off', 'advancing': False}
2026-02-14 10:23:41,969 : INFO : EventManager : Event: ======'left_ramp_base_shot_profile_off_hit'====== Args={'profile': 'base_shot_profile', 'state': 'off', 'advancing': False}
2026-02-14 10:23:41,969 : INFO : EventManager : Event: ======'left_ramp_off_hit'====== Args={'profile': 'base_shot_profile', 'state': 'off', 'advancing': False}
2026-02-14 10:23:41,970 : INFO : EventManager : Event: ======'player_score'====== Args={'value': 11058660, 'prev_value': 11055650, 'change': 3010, 'player_num': 1, 'source': 'base'}
2026-02-14 10:23:41,970 : INFO : EventManager : Event: ======'logicblock_superspins_counter_updated'====== Args={'value': 2, 'enabled': True}
2026-02-14 10:23:41,970 : INFO : EventManager : Event: ======'counter_superspins_counter_hit'====== Args={'count': 2, 'hits': 2, 'remaining': 3}
2026-02-14 10:23:41,970 : INFO : EventManager : Event: ======'logicblock_superspins_counter_hit'====== Args={'count': 2, 'hits': 2, 'remaining': 3}
2026-02-14 10:23:41,970 : INFO : EventManager : Event: ======'logicblock_bodymovin_leftramp_jackpot_updated'====== Args={'value': 1, 'enabled': True}
2026-02-14 10:23:41,971 : INFO : EventManager : Event: ======'logicblock_bodymovin_leftramp_jackpot_hit'====== Args={'step': 1}
2026-02-14 10:23:41,971 : INFO : EventManager : Event: ======'bodymovin_leftramp_jackpot_hit'====== Args={}
2026-02-14 10:23:41,971 : INFO : EventManager : Event: ======'bodymovin_jackpot_hit'====== Args={}
2026-02-14 10:23:41,971 : INFO : EventManager : Event: ======'logicblock_bodymovin_leftramp_jackpot_updated'====== Args={'value': 1, 'enabled': False}
2026-02-14 10:23:41,972 : INFO : blinkenlight.bl_leftramp_arrow_led : Color removed with key bodymovin
2026-02-14 10:23:41,972 : INFO : EventManager : Event: ======'logicblock_completing_bodymovin_jackpots_updated'====== Args={'value': [True, False], 'enabled': True}
2026-02-14 10:23:41,972 : INFO : EventManager : Event: ======'logicblock_completing_bodymovin_jackpots_hit'====== Args={'step': 0}
2026-02-14 10:23:41,972 : INFO : EventManager : Event: ======'player_score'====== Args={'value': 12058660, 'prev_value': 11058660, 'change': 1000000, 'player_num': 1, 'source': 'bodymovin'}
2026-02-14 10:23:41,972 : INFO : EventManager : Event: ======'player_multiball_bodymovin_score'====== Args={'value': 4000000, 'prev_value': 3000000, 'change': 1000000, 'player_num': 1, 'source': 'bodymovin'}
2026-02-14 10:23:42,028 : INFO : SwitchController : <<<<<<< 's_left_ramp' inactive >>>>>>>
2026-02-14 10:23:42,596 : INFO : EventManager : Event: ======'player_superdrops_superdrops_timer_tick'====== Args={'value': 12, 'prev_value': 11, 'change': 1, 'player_num': 1}
2026-02-14 10:23:42,597 : INFO : EventManager : Event: ======'timer_superdrops_timer_tick'====== Args={'ticks': 12, 'ticks_remaining': 18}
2026-02-14 10:23:43,598 : INFO : EventManager : Event: ======'player_superdrops_superdrops_timer_tick'====== Args={'value': 13, 'prev_value': 12, 'change': 1, 'player_num': 1}
2026-02-14 10:23:43,599 : INFO : EventManager : Event: ======'timer_superdrops_timer_tick'====== Args={'ticks': 13, 'ticks_remaining': 17}
2026-02-14 10:23:44,598 : INFO : EventManager : Event: ======'player_superdrops_superdrops_timer_tick'====== Args={'value': 14, 'prev_value': 13, 'change': 1, 'player_num': 1}
2026-02-14 10:23:44,599 : INFO : EventManager : Event: ======'timer_superdrops_timer_tick'====== Args={'ticks': 14, 'ticks_remaining': 16}
2026-02-14 10:23:44,972 : INFO : EventManager : Event: ======'left_ramp_to_left_orbit_combo_timeout'====== Args={}
2026-02-14 10:23:44,972 : INFO : EventManager : Event: ======'left_ramp_to_inner_loop_combo_timeout'====== Args={}
2026-02-14 10:23:44,973 : INFO : EventManager : Event: ======'left_ramp_to_captive_ball_combo_timeout'====== Args={}
2026-02-14 10:23:44,973 : INFO : EventManager : Event: ======'left_ramp_to_right_ramp_combo_timeout'====== Args={}
2026-02-14 10:23:44,973 : INFO : EventManager : Event: ======'left_ramp_to_right_orbit_combo_timeout'====== Args={}
2026-02-14 10:23:44,996 : INFO : SwitchController : <<<<<<< 's_right_ramp' active >>>>>>>
2026-02-14 10:23:44,996 : INFO : EventManager : Event: ======'s_right_ramp_active'====== Args={}
2026-02-14 10:23:44,996 : INFO : EventManager : Event: ======'machine_var_audits_switches_s_right_ramp'====== Args={'value': 976, 'prev_value': 975, 'change': 1}
2026-02-14 10:23:44,997 : INFO : EventManager : Event: ======'machine_var_audits_shots_right_ramp'====== Args={'value': 807, 'prev_value': 806, 'change': 1}
2026-02-14 10:23:44,998 : INFO : EventManager : Event: ======'right_ramp_hit'====== Args={'profile': 'base_shot_profile', 'state': 'off', 'advancing': False}
2026-02-14 10:23:44,998 : INFO : EventManager : Event: ======'right_ramp_base_shot_profile_hit'====== Args={'profile': 'base_shot_profile', 'state': 'off', 'advancing': False}
2026-02-14 10:23:44,999 : INFO : EventManager : Event: ======'right_ramp_base_shot_profile_off_hit'====== Args={'profile': 'base_shot_profile', 'state': 'off', 'advancing': False}
2026-02-14 10:23:44,999 : INFO : EventManager : Event: ======'right_ramp_off_hit'====== Args={'profile': 'base_shot_profile', 'state': 'off', 'advancing': False}
2026-02-14 10:23:44,999 : INFO : EventManager : Event: ======'player_score'====== Args={'value': 12061670, 'prev_value': 12058660, 'change': 3010, 'player_num': 1, 'source': 'base'}
2026-02-14 10:23:45,000 : INFO : EventManager : Event: ======'logicblock_bodymovin_rightramp_jackpot_updated'====== Args={'value': 1, 'enabled': True}
2026-02-14 10:23:45,000 : INFO : EventManager : Event: ======'logicblock_bodymovin_rightramp_jackpot_hit'====== Args={'step': 1}
2026-02-14 10:23:45,000 : INFO : EventManager : Event: ======'bodymovin_rightramp_jackpot_hit'====== Args={}
2026-02-14 10:23:45,001 : INFO : EventManager : Event: ======'bodymovin_jackpot_hit'====== Args={}
2026-02-14 10:23:45,001 : INFO : EventManager : Event: ======'logicblock_bodymovin_rightramp_jackpot_updated'====== Args={'value': 1, 'enabled': False}
2026-02-14 10:23:45,001 : INFO : EventManager : Event: ======'bodymovin_relight_ramps'====== Args={'priority': 0}
2026-02-14 10:23:45,002 : INFO : blinkenlight.bl_rightramp_arrow_led : Color removed with key bodymovin
2026-02-14 10:23:45,002 : INFO : EventManager : Event: ======'logicblock_completing_bodymovin_jackpots_updated'====== Args={'value': [True, True], 'enabled': True}
2026-02-14 10:23:45,002 : INFO : EventManager : Event: ======'logicblock_completing_bodymovin_jackpots_hit'====== Args={'step': 1}
2026-02-14 10:23:45,002 : INFO : EventManager : Event: ======'bodymovin_jackpots_complete'====== Args={}
2026-02-14 10:23:45,002 : INFO : EventManager : Event: ======'logicblock_completing_bodymovin_jackpots_updated'====== Args={'value': [False, False], 'enabled': True}
2026-02-14 10:23:45,003 : INFO : EventManager : Event: ======'logicblock_completing_bodymovin_jackpots_updated'====== Args={'value': [False, False], 'enabled': False}
2026-02-14 10:23:45,003 : INFO : EventManager : Event: ======'logicblock_completing_bodymovin_jackpots_updated'====== Args={'value': [False, False], 'enabled': False}
2026-02-14 10:23:45,003 : INFO : EventManager : Event: ======'logicblock_completing_bodymovin_jackpots_updated'====== Args={'value': [False, False], 'enabled': True}
2026-02-14 10:23:45,003 : INFO : EventManager : Event: ======'logicblock_bodymovin_leftramp_jackpot_updated'====== Args={'value': 0, 'enabled': False}
2026-02-14 10:23:45,003 : INFO : EventManager : Event: ======'logicblock_bodymovin_leftramp_jackpot_updated'====== Args={'value': 0, 'enabled': True}
2026-02-14 10:23:45,004 : INFO : EventManager : Event: ======'logicblock_bodymovin_rightramp_jackpot_updated'====== Args={'value': 0, 'enabled': False}
2026-02-14 10:23:45,004 : INFO : EventManager : Event: ======'logicblock_bodymovin_rightramp_jackpot_updated'====== Args={'value': 0, 'enabled': True}
2026-02-14 10:23:45,004 : INFO : blinkenlight.bl_leftramp_arrow_led : Color (76, 187, 23) with key bodymovin added
2026-02-14 10:23:45,004 : INFO : blinkenlight.bl_rightramp_arrow_led : Color (76, 187, 23) with key bodymovin added
2026-02-14 10:23:45,004 : INFO : EventManager : Event: ======'logicblock_bodymovin_jackpots_collected_updated'====== Args={'value': 1, 'enabled': True}
2026-02-14 10:23:45,004 : INFO : EventManager : Event: ======'counter_bodymovin_jackpots_collected_hit'====== Args={'count': 1, 'hits': 1, 'remaining': 1}
2026-02-14 10:23:45,004 : INFO : EventManager : Event: ======'logicblock_bodymovin_jackpots_collected_hit'====== Args={'count': 1, 'hits': 1, 'remaining': 1}
2026-02-14 10:23:45,004 : INFO : EventManager : Event: ======'player_score'====== Args={'value': 13061670, 'prev_value': 12061670, 'change': 1000000, 'player_num': 1, 'source': 'bodymovin'}
2026-02-14 10:23:45,005 : INFO : EventManager : Event: ======'player_multiball_bodymovin_score'====== Args={'value': 5000000, 'prev_value': 4000000, 'change': 1000000, 'player_num': 1, 'source': 'bodymovin'}
2026-02-14 10:23:45,077 : INFO : SwitchController : <<<<<<< 's_right_ramp' inactive >>>>>>>
2026-02-14 10:23:45,596 : INFO : EventManager : Event: ======'player_superdrops_superdrops_timer_tick'====== Args={'value': 15, 'prev_value': 14, 'change': 1, 'player_num': 1}
2026-02-14 10:23:45,597 : INFO : EventManager : Event: ======'timer_superdrops_timer_tick'====== Args={'ticks': 15, 'ticks_remaining': 15}
2026-02-14 10:23:46,599 : INFO : EventManager : Event: ======'player_superdrops_superdrops_timer_tick'====== Args={'value': 16, 'prev_value': 15, 'change': 1, 'player_num': 1}
2026-02-14 10:23:46,600 : INFO : EventManager : Event: ======'timer_superdrops_timer_tick'====== Args={'ticks': 16, 'ticks_remaining': 14}
2026-02-14 10:23:47,604 : INFO : EventManager : Event: ======'player_superdrops_superdrops_timer_tick'====== Args={'value': 17, 'prev_value': 16, 'change': 1, 'player_num': 1}
2026-02-14 10:23:47,605 : INFO : EventManager : Event: ======'timer_superdrops_timer_tick'====== Args={'ticks': 17, 'ticks_remaining': 13}
2026-02-14 10:23:48,014 : INFO : EventManager : Event: ======'right_ramp_to_left_orbit_combo_timeout'====== Args={}
2026-02-14 10:23:48,015 : INFO : EventManager : Event: ======'right_ramp_to_left_ramp_combo_timeout'====== Args={}
2026-02-14 10:23:48,016 : INFO : EventManager : Event: ======'right_ramp_to_inner_loop_combo_timeout'====== Args={}
2026-02-14 10:23:48,016 : INFO : EventManager : Event: ======'right_ramp_to_captive_ball_combo_timeout'====== Args={}
2026-02-14 10:23:48,016 : INFO : EventManager : Event: ======'right_ramp_to_right_orbit_combo_timeout'====== Args={}
2026-02-14 10:23:48,235 : INFO : SwitchController : <<<<<<< 's_left_ramp' active >>>>>>>
2026-02-14 10:23:48,235 : INFO : EventManager : Event: ======'s_left_ramp_active'====== Args={}
2026-02-14 10:23:48,235 : INFO : EventManager : Event: ======'machine_var_audits_switches_s_left_ramp'====== Args={'value': 640, 'prev_value': 639, 'change': 1}
2026-02-14 10:23:48,236 : INFO : EventManager : Event: ======'machine_var_audits_shots_left_ramp'====== Args={'value': 500, 'prev_value': 499, 'change': 1}
2026-02-14 10:23:48,236 : INFO : EventManager : Event: ======'left_ramp_hit'====== Args={'profile': 'base_shot_profile', 'state': 'off', 'advancing': False}
2026-02-14 10:23:48,237 : INFO : EventManager : Event: ======'left_ramp_base_shot_profile_hit'====== Args={'profile': 'base_shot_profile', 'state': 'off', 'advancing': False}
2026-02-14 10:23:48,237 : INFO : EventManager : Event: ======'left_ramp_base_shot_profile_off_hit'====== Args={'profile': 'base_shot_profile', 'state': 'off', 'advancing': False}
2026-02-14 10:23:48,237 : INFO : EventManager : Event: ======'left_ramp_off_hit'====== Args={'profile': 'base_shot_profile', 'state': 'off', 'advancing': False}
2026-02-14 10:23:48,237 : INFO : EventManager : Event: ======'player_score'====== Args={'value': 13064680, 'prev_value': 13061670, 'change': 3010, 'player_num': 1, 'source': 'base'}
2026-02-14 10:23:48,237 : INFO : EventManager : Event: ======'logicblock_superspins_counter_updated'====== Args={'value': 3, 'enabled': True}
2026-02-14 10:23:48,237 : INFO : EventManager : Event: ======'counter_superspins_counter_hit'====== Args={'count': 3, 'hits': 3, 'remaining': 2}
2026-02-14 10:23:48,237 : INFO : EventManager : Event: ======'logicblock_superspins_counter_hit'====== Args={'count': 3, 'hits': 3, 'remaining': 2}
2026-02-14 10:23:48,238 : INFO : EventManager : Event: ======'logicblock_bodymovin_leftramp_jackpot_updated'====== Args={'value': 1, 'enabled': True}
2026-02-14 10:23:48,238 : INFO : EventManager : Event: ======'logicblock_bodymovin_leftramp_jackpot_hit'====== Args={'step': 1}
2026-02-14 10:23:48,238 : INFO : EventManager : Event: ======'bodymovin_leftramp_jackpot_hit'====== Args={}
2026-02-14 10:23:48,238 : INFO : EventManager : Event: ======'bodymovin_jackpot_hit'====== Args={}
2026-02-14 10:23:48,238 : INFO : EventManager : Event: ======'logicblock_bodymovin_leftramp_jackpot_updated'====== Args={'value': 1, 'enabled': False}
2026-02-14 10:23:48,239 : INFO : blinkenlight.bl_leftramp_arrow_led : Color removed with key bodymovin
2026-02-14 10:23:48,239 : INFO : EventManager : Event: ======'logicblock_completing_bodymovin_jackpots_updated'====== Args={'value': [True, False], 'enabled': True}
2026-02-14 10:23:48,239 : INFO : EventManager : Event: ======'logicblock_completing_bodymovin_jackpots_hit'====== Args={'step': 0}
2026-02-14 10:23:48,239 : INFO : EventManager : Event: ======'player_score'====== Args={'value': 14064680, 'prev_value': 13064680, 'change': 1000000, 'player_num': 1, 'source': 'bodymovin'}
2026-02-14 10:23:48,239 : INFO : EventManager : Event: ======'player_multiball_bodymovin_score'====== Args={'value': 6000000, 'prev_value': 5000000, 'change': 1000000, 'player_num': 1, 'source': 'bodymovin'}
2026-02-14 10:23:48,305 : INFO : SwitchController : <<<<<<< 's_left_ramp' inactive >>>>>>>
2026-02-14 10:23:48,603 : INFO : EventManager : Event: ======'player_superdrops_superdrops_timer_tick'====== Args={'value': 18, 'prev_value': 17, 'change': 1, 'player_num': 1}
2026-02-14 10:23:48,605 : INFO : EventManager : Event: ======'timer_superdrops_timer_tick'====== Args={'ticks': 18, 'ticks_remaining': 12}
2026-02-14 10:23:49,602 : INFO : EventManager : Event: ======'player_superdrops_superdrops_timer_tick'====== Args={'value': 19, 'prev_value': 18, 'change': 1, 'player_num': 1}
2026-02-14 10:23:49,603 : INFO : EventManager : Event: ======'timer_superdrops_timer_tick'====== Args={'ticks': 19, 'ticks_remaining': 11}
2026-02-14 10:23:50,494 : INFO : SwitchController : <<<<<<< 's_right_ramp' active >>>>>>>
2026-02-14 10:23:50,494 : INFO : EventManager : Event: ======'s_right_ramp_active'====== Args={}
2026-02-14 10:23:50,494 : INFO : EventManager : Event: ======'machine_var_audits_switches_s_right_ramp'====== Args={'value': 977, 'prev_value': 976, 'change': 1}
2026-02-14 10:23:50,495 : INFO : EventManager : Event: ======'machine_var_audits_shots_right_ramp'====== Args={'value': 808, 'prev_value': 807, 'change': 1}
2026-02-14 10:23:50,496 : INFO : EventManager : Event: ======'right_ramp_hit'====== Args={'profile': 'base_shot_profile', 'state': 'off', 'advancing': False}
2026-02-14 10:23:50,497 : INFO : EventManager : Event: ======'right_ramp_base_shot_profile_hit'====== Args={'profile': 'base_shot_profile', 'state': 'off', 'advancing': False}
2026-02-14 10:23:50,497 : INFO : EventManager : Event: ======'right_ramp_base_shot_profile_off_hit'====== Args={'profile': 'base_shot_profile', 'state': 'off', 'advancing': False}
2026-02-14 10:23:50,497 : INFO : EventManager : Event: ======'right_ramp_off_hit'====== Args={'profile': 'base_shot_profile', 'state': 'off', 'advancing': False}
2026-02-14 10:23:50,497 : INFO : EventManager : Event: ======'player_score'====== Args={'value': 14067690, 'prev_value': 14064680, 'change': 3010, 'player_num': 1, 'source': 'base'}
2026-02-14 10:23:50,498 : INFO : EventManager : Event: ======'left_ramp_to_right_ramp_combo_hit'====== Args={'elapsed': 2.2600906000006944}
2026-02-14 10:23:50,498 : INFO : EventManager : Event: ======'logicblock_bodymovin_rightramp_jackpot_updated'====== Args={'value': 1, 'enabled': True}
2026-02-14 10:23:50,498 : INFO : EventManager : Event: ======'logicblock_bodymovin_rightramp_jackpot_hit'====== Args={'step': 1}
2026-02-14 10:23:50,499 : INFO : EventManager : Event: ======'bodymovin_rightramp_jackpot_hit'====== Args={}
2026-02-14 10:23:50,499 : INFO : EventManager : Event: ======'bodymovin_jackpot_hit'====== Args={}
2026-02-14 10:23:50,499 : INFO : EventManager : Event: ======'logicblock_bodymovin_rightramp_jackpot_updated'====== Args={'value': 1, 'enabled': False}
2026-02-14 10:23:50,499 : INFO : EventManager : Event: ======'combo_hit'====== Args={'priority': 0}
2026-02-14 10:23:50,500 : INFO : EventManager : Event: ======'player_combos'====== Args={'value': 2, 'prev_value': 1, 'change': 1, 'player_num': 1, 'source': 'base'}
2026-02-14 10:23:50,500 : INFO : EventManager : Event: ======'logicblock_combos_count_updated'====== Args={'value': 2, 'enabled': True}
2026-02-14 10:23:50,500 : INFO : EventManager : Event: ======'counter_combos_count_hit'====== Args={'count': 2}
2026-02-14 10:23:50,500 : INFO : EventManager : Event: ======'logicblock_combos_count_hit'====== Args={'count': 2}
2026-02-14 10:23:50,501 : INFO : blinkenlight.bl_rightramp_arrow_led : Color removed with key bodymovin
2026-02-14 10:23:50,501 : INFO : EventManager : Event: ======'logicblock_completing_bodymovin_jackpots_updated'====== Args={'value': [True, True], 'enabled': True}
2026-02-14 10:23:50,501 : INFO : EventManager : Event: ======'logicblock_completing_bodymovin_jackpots_hit'====== Args={'step': 1}
2026-02-14 10:23:50,501 : INFO : EventManager : Event: ======'bodymovin_jackpots_complete'====== Args={}
2026-02-14 10:23:50,501 : INFO : EventManager : Event: ======'logicblock_completing_bodymovin_jackpots_updated'====== Args={'value': [False, False], 'enabled': True}
2026-02-14 10:23:50,502 : INFO : EventManager : Event: ======'logicblock_completing_bodymovin_jackpots_updated'====== Args={'value': [False, False], 'enabled': False}
2026-02-14 10:23:50,502 : INFO : EventManager : Event: ======'logicblock_bodymovin_jackpots_collected_updated'====== Args={'value': 2, 'enabled': True}
2026-02-14 10:23:50,502 : INFO : EventManager : Event: ======'counter_bodymovin_jackpots_collected_hit'====== Args={'count': 2, 'hits': 2, 'remaining': 0}
2026-02-14 10:23:50,502 : INFO : EventManager : Event: ======'logicblock_bodymovin_jackpots_collected_hit'====== Args={'count': 2, 'hits': 2, 'remaining': 0}
2026-02-14 10:23:50,502 : INFO : EventManager : Event: ======'bodymovin_superjackpot_lit'====== Args={}
2026-02-14 10:23:50,503 : INFO : EventManager : Event: ======'logicblock_bodymovin_jackpots_collected_updated'====== Args={'value': 2, 'enabled': False}
2026-02-14 10:23:50,503 : INFO : EventManager : Event: ======'logicblock_bodymovin_superjackpot_updated'====== Args={'value': 0, 'enabled': False}
2026-02-14 10:23:50,503 : INFO : EventManager : Event: ======'logicblock_bodymovin_superjackpot_updated'====== Args={'value': 0, 'enabled': True}
2026-02-14 10:23:50,503 : INFO : EventManager : Event: ======'player_shot_bodymovin_leftorbit_enabled'====== Args={'value': True, 'prev_value': False, 'change': 1, 'player_num': 1}
2026-02-14 10:23:50,504 : INFO : EventManager : Event: ======'player_shot_bodymovin_leftramp_enabled'====== Args={'value': True, 'prev_value': False, 'change': 1, 'player_num': 1}
2026-02-14 10:23:50,504 : INFO : EventManager : Event: ======'player_shot_bodymovin_inner_loop_enabled'====== Args={'value': True, 'prev_value': False, 'change': 1, 'player_num': 1}
2026-02-14 10:23:50,504 : INFO : EventManager : Event: ======'player_shot_bodymovin_captiveball_enabled'====== Args={'value': True, 'prev_value': False, 'change': 1, 'player_num': 1}
2026-02-14 10:23:50,505 : INFO : EventManager : Event: ======'player_shot_bodymovin_rightramp'====== Args={'value': 0, 'prev_value': 1, 'change': -1, 'player_num': 1}
2026-02-14 10:23:50,505 : INFO : EventManager : Event: ======'player_shot_bodymovin_rightramp_enabled'====== Args={'value': True, 'prev_value': False, 'change': 1, 'player_num': 1}
2026-02-14 10:23:50,505 : INFO : EventManager : Event: ======'player_shot_bodymovin_rightorbit_enabled'====== Args={'value': True, 'prev_value': False, 'change': 1, 'player_num': 1}
2026-02-14 10:23:50,506 : INFO : EventManager : Event: ======'bodymovin_advance_super_jackpot_random'====== Args={'priority': 0}
2026-02-14 10:23:50,506 : INFO : Timer.bodymovin_roam_right : Starting Timer.
2026-02-14 10:23:50,506 : INFO : EventManager : Event: ======'timer_bodymovin_roam_right_started'====== Args={'ticks': 1, 'ticks_remaining': 2}
2026-02-14 10:23:50,506 : INFO : EventManager : Event: ======'timer_bodymovin_roam_right_tick'====== Args={'ticks': 1, 'ticks_remaining': 2}
2026-02-14 10:23:50,506 : INFO : EventManager : Event: ======'bodymovin_roving_shot_complete'====== Args={'state': 'off'}
2026-02-14 10:23:50,506 : INFO : EventManager : Event: ======'bodymovin_roving_shot_off_complete'====== Args={}
2026-02-14 10:23:50,507 : INFO : EventManager : Event: ======'bodymovin_advance_super_leftorbit'====== Args={}
2026-02-14 10:23:50,507 : INFO : EventManager : Event: ======'advance_bodymovin_leftorbit'====== Args={'priority': 0}
2026-02-14 10:23:50,507 : INFO : EventManager : Event: ======'player_shot_bodymovin_leftorbit'====== Args={'value': 1, 'prev_value': 0, 'change': 1, 'player_num': 1}
2026-02-14 10:23:50,509 : INFO : EventManager : Event: ======'player_score'====== Args={'value': 15067690, 'prev_value': 14067690, 'change': 1000000, 'player_num': 1, 'source': 'bodymovin'}
2026-02-14 10:23:50,509 : INFO : EventManager : Event: ======'player_multiball_bodymovin_score'====== Args={'value': 7000000, 'prev_value': 6000000, 'change': 1000000, 'player_num': 1, 'source': 'bodymovin'}
2026-02-14 10:23:50,574 : INFO : SwitchController : <<<<<<< 's_right_ramp' inactive >>>>>>>
2026-02-14 10:23:50,602 : INFO : EventManager : Event: ======'player_superdrops_superdrops_timer_tick'====== Args={'value': 20, 'prev_value': 19, 'change': 1, 'player_num': 1}
2026-02-14 10:23:50,603 : INFO : EventManager : Event: ======'timer_superdrops_timer_tick'====== Args={'ticks': 20, 'ticks_remaining': 10}
2026-02-14 10:23:51,241 : INFO : EventManager : Event: ======'left_ramp_to_left_orbit_combo_timeout'====== Args={}
2026-02-14 10:23:51,242 : INFO : EventManager : Event: ======'left_ramp_to_inner_loop_combo_timeout'====== Args={}
2026-02-14 10:23:51,242 : INFO : EventManager : Event: ======'left_ramp_to_captive_ball_combo_timeout'====== Args={}
2026-02-14 10:23:51,242 : INFO : EventManager : Event: ======'left_ramp_to_right_orbit_combo_timeout'====== Args={}
2026-02-14 10:23:51,522 : INFO : EventManager : Event: ======'player_bodymovin_bodymovin_roam_right_tick'====== Args={'value': 2, 'prev_value': 1, 'change': 1, 'player_num': 1}
2026-02-14 10:23:51,523 : INFO : EventManager : Event: ======'timer_bodymovin_roam_right_tick'====== Args={'ticks': 2, 'ticks_remaining': 1}
2026-02-14 10:23:51,600 : INFO : EventManager : Event: ======'player_superdrops_superdrops_timer_tick'====== Args={'value': 21, 'prev_value': 20, 'change': 1, 'player_num': 1}
2026-02-14 10:23:51,600 : INFO : EventManager : Event: ======'timer_superdrops_timer_tick'====== Args={'ticks': 21, 'ticks_remaining': 9}
2026-02-14 10:23:52,262 : INFO : SwitchController : <<<<<<< 's_left_orbit' active >>>>>>>
2026-02-14 10:23:52,262 : INFO : EventManager : Event: ======'s_left_orbit_active'====== Args={}
2026-02-14 10:23:52,262 : INFO : EventManager : Event: ======'machine_var_audits_switches_s_left_orbit'====== Args={'value': 347, 'prev_value': 346, 'change': 1}
2026-02-14 10:23:52,263 : INFO : EventManager : Event: ======'player_score'====== Args={'value': 15067800, 'prev_value': 15067690, 'change': 110, 'player_num': 1, 'source': 'base'}
2026-02-14 10:23:52,360 : INFO : SwitchController : <<<<<<< 's_left_orbit' inactive >>>>>>>
2026-02-14 10:23:52,506 : INFO : EventManager : Event: ======'player_bodymovin_bodymovin_roam_right_tick'====== Args={'value': 3, 'prev_value': 2, 'change': 1, 'player_num': 1}
2026-02-14 10:23:52,507 : INFO : Timer.bodymovin_roam_right : Timer Complete
2026-02-14 10:23:52,507 : INFO : Timer.bodymovin_roam_right : Stopping Timer
2026-02-14 10:23:52,507 : INFO : EventManager : Event: ======'timer_bodymovin_roam_right_stopped'====== Args={'ticks': 3, 'ticks_remaining': 1}
2026-02-14 10:23:52,507 : INFO : EventManager : Event: ======'timer_bodymovin_roam_right_complete'====== Args={'ticks': 3, 'ticks_remaining': 1}
2026-02-14 10:23:52,508 : INFO : EventManager : Event: ======'player_shot_bodymovin_leftorbit'====== Args={'value': 0, 'prev_value': 1, 'change': -1, 'player_num': 1}
2026-02-14 10:23:52,509 : INFO : EventManager : Event: ======'player_shot_bodymovin_leftramp'====== Args={'value': 1, 'prev_value': 0, 'change': 1, 'player_num': 1}
2026-02-14 10:23:52,510 : INFO : EventManager : Event: ======'player_bodymovin_bodymovin_roam_right_tick'====== Args={'value': 0, 'prev_value': 3, 'change': -3, 'player_num': 1}
2026-02-14 10:23:52,510 : INFO : Timer.bodymovin_roam_right : Starting Timer.
2026-02-14 10:23:52,510 : INFO : EventManager : Event: ======'timer_bodymovin_roam_right_started'====== Args={'ticks': 0, 'ticks_remaining': 3}
2026-02-14 10:23:52,510 : INFO : EventManager : Event: ======'timer_bodymovin_roam_right_tick'====== Args={'ticks': 0, 'ticks_remaining': 3}
2026-02-14 10:23:52,598 : INFO : EventManager : Event: ======'player_superdrops_superdrops_timer_tick'====== Args={'value': 22, 'prev_value': 21, 'change': 1, 'player_num': 1}
2026-02-14 10:23:52,599 : INFO : EventManager : Event: ======'timer_superdrops_timer_tick'====== Args={'ticks': 22, 'ticks_remaining': 8}
2026-02-14 10:23:52,976 : INFO : SwitchController : <<<<<<< 's_right_orbit' active >>>>>>>
2026-02-14 10:23:52,976 : INFO : EventManager : Event: ======'s_right_orbit_active'====== Args={}
2026-02-14 10:23:52,977 : INFO : EventManager : Event: ======'machine_var_audits_switches_s_right_orbit'====== Args={'value': 456, 'prev_value': 455, 'change': 1}
2026-02-14 10:23:52,978 : INFO : EventManager : Event: ======'player_score'====== Args={'value': 15067910, 'prev_value': 15067800, 'change': 110, 'player_num': 1, 'source': 'base'}
2026-02-14 10:23:52,978 : INFO : EventManager : Event: ======'left_orbit_sequence_hit'====== Args={'elapsed': 0.714382000034675}
2026-02-14 10:23:52,979 : INFO : EventManager : Event: ======'machine_var_audits_shots_left_orbit'====== Args={'value': 158, 'prev_value': 157, 'change': 1}
2026-02-14 10:23:52,979 : INFO : EventManager : Event: ======'left_orbit_hit'====== Args={'profile': 'base_shot_profile', 'state': 'off', 'advancing': False}
2026-02-14 10:23:52,979 : INFO : EventManager : Event: ======'left_orbit_base_shot_profile_hit'====== Args={'profile': 'base_shot_profile', 'state': 'off', 'advancing': False}
2026-02-14 10:23:52,980 : INFO : EventManager : Event: ======'left_orbit_base_shot_profile_off_hit'====== Args={'profile': 'base_shot_profile', 'state': 'off', 'advancing': False}
2026-02-14 10:23:52,980 : INFO : EventManager : Event: ======'left_orbit_off_hit'====== Args={'profile': 'base_shot_profile', 'state': 'off', 'advancing': False}
2026-02-14 10:23:52,980 : INFO : EventManager : Event: ======'machine_var_audits_shots_bodymovin_leftorbit'====== Args={'value': 1, 'prev_value': None, 'change': True}
2026-02-14 10:23:52,980 : INFO : EventManager : Event: ======'bodymovin_leftorbit_hit'====== Args={'profile': 'bodymovin_roving_shot', 'state': 'off', 'advancing': False}
2026-02-14 10:23:52,980 : INFO : EventManager : Event: ======'bodymovin_leftorbit_bodymovin_roving_shot_hit'====== Args={'profile': 'bodymovin_roving_shot', 'state': 'off', 'advancing': False}
2026-02-14 10:23:52,981 : INFO : EventManager : Event: ======'bodymovin_leftorbit_bodymovin_roving_shot_off_hit'====== Args={'profile': 'bodymovin_roving_shot', 'state': 'off', 'advancing': False}
2026-02-14 10:23:52,981 : INFO : EventManager : Event: ======'bodymovin_leftorbit_off_hit'====== Args={'profile': 'bodymovin_roving_shot', 'state': 'off', 'advancing': False}
2026-02-14 10:23:52,981 : INFO : EventManager : Event: ======'player_score'====== Args={'value': 15068920, 'prev_value': 15067910, 'change': 1010, 'player_num': 1, 'source': 'base'}
2026-02-14 10:23:52,981 : INFO : EventManager : Event: ======'logicblock_superstandups_counter_updated'====== Args={'value': 1, 'enabled': True}
2026-02-14 10:23:52,981 : INFO : EventManager : Event: ======'counter_superstandups_counter_hit'====== Args={'count': 1, 'hits': 1, 'remaining': 4}
2026-02-14 10:23:52,982 : INFO : EventManager : Event: ======'logicblock_superstandups_counter_hit'====== Args={'count': 1, 'hits': 1, 'remaining': 4}
2026-02-14 10:23:52,982 : INFO : EventManager : Event: ======'right_ramp_to_left_orbit_combo_hit'====== Args={'elapsed': 2.48393899993971}
2026-02-14 10:23:52,982 : INFO : EventManager : Event: ======'bodymovin_roving_shot_hit'====== Args={'shot': 'bodymovin_leftorbit'}
2026-02-14 10:23:52,982 : INFO : EventManager : Event: ======'bodymovin_roving_shot_off_hit'====== Args={'shot': 'bodymovin_leftorbit'}
2026-02-14 10:23:52,983 : INFO : EventManager : Event: ======'combo_hit'====== Args={'priority': 0}
2026-02-14 10:23:52,983 : INFO : EventManager : Event: ======'player_combos'====== Args={'value': 3, 'prev_value': 2, 'change': 1, 'player_num': 1, 'source': 'base'}
2026-02-14 10:23:52,983 : INFO : EventManager : Event: ======'logicblock_combos_count_updated'====== Args={'value': 3, 'enabled': True}
2026-02-14 10:23:52,983 : INFO : EventManager : Event: ======'counter_combos_count_hit'====== Args={'count': 3}
2026-02-14 10:23:52,983 : INFO : EventManager : Event: ======'logicblock_combos_count_hit'====== Args={'count': 3}
2026-02-14 10:23:53,048 : INFO : SwitchController : <<<<<<< 's_right_orbit' inactive >>>>>>>
2026-02-14 10:23:53,507 : INFO : EventManager : Event: ======'right_ramp_to_left_ramp_combo_timeout'====== Args={}
2026-02-14 10:23:53,508 : INFO : EventManager : Event: ======'right_ramp_to_inner_loop_combo_timeout'====== Args={}
2026-02-14 10:23:53,508 : INFO : EventManager : Event: ======'right_ramp_to_captive_ball_combo_timeout'====== Args={}
2026-02-14 10:23:53,508 : INFO : EventManager : Event: ======'right_ramp_to_right_orbit_combo_timeout'====== Args={}
2026-02-14 10:23:53,523 : INFO : EventManager : Event: ======'player_bodymovin_bodymovin_roam_right_tick'====== Args={'value': 1, 'prev_value': 0, 'change': 1, 'player_num': 1}
2026-02-14 10:23:53,524 : INFO : EventManager : Event: ======'timer_bodymovin_roam_right_tick'====== Args={'ticks': 1, 'ticks_remaining': 2}
2026-02-14 10:23:53,603 : INFO : EventManager : Event: ======'player_superdrops_superdrops_timer_tick'====== Args={'value': 23, 'prev_value': 22, 'change': 1, 'player_num': 1}
2026-02-14 10:23:53,604 : INFO : EventManager : Event: ======'timer_superdrops_timer_tick'====== Args={'ticks': 23, 'ticks_remaining': 7}
2026-02-14 10:23:54,275 : INFO : EventManager : Event: ======'left_orbit_backdoor_sequence_timeout'====== Args={}
2026-02-14 10:23:54,524 : INFO : EventManager : Event: ======'player_bodymovin_bodymovin_roam_right_tick'====== Args={'value': 2, 'prev_value': 1, 'change': 1, 'player_num': 1}
2026-02-14 10:23:54,525 : INFO : EventManager : Event: ======'timer_bodymovin_roam_right_tick'====== Args={'ticks': 2, 'ticks_remaining': 1}
2026-02-14 10:23:54,602 : INFO : EventManager : Event: ======'player_superdrops_superdrops_timer_tick'====== Args={'value': 24, 'prev_value': 23, 'change': 1, 'player_num': 1}
2026-02-14 10:23:54,603 : INFO : EventManager : Event: ======'timer_superdrops_timer_tick'====== Args={'ticks': 24, 'ticks_remaining': 6}
2026-02-14 10:23:55,322 : INFO : SwitchController : <<<<<<< 's_left_ramp' active >>>>>>>
2026-02-14 10:23:55,322 : INFO : EventManager : Event: ======'s_left_ramp_active'====== Args={}
2026-02-14 10:23:55,323 : INFO : EventManager : Event: ======'machine_var_audits_switches_s_left_ramp'====== Args={'value': 641, 'prev_value': 640, 'change': 1}
2026-02-14 10:23:55,324 : INFO : EventManager : Event: ======'machine_var_audits_shots_left_ramp'====== Args={'value': 501, 'prev_value': 500, 'change': 1}
2026-02-14 10:23:55,324 : INFO : EventManager : Event: ======'left_ramp_hit'====== Args={'profile': 'base_shot_profile', 'state': 'off', 'advancing': False}
2026-02-14 10:23:55,325 : INFO : EventManager : Event: ======'left_ramp_base_shot_profile_hit'====== Args={'profile': 'base_shot_profile', 'state': 'off', 'advancing': False}
2026-02-14 10:23:55,325 : INFO : EventManager : Event: ======'left_ramp_base_shot_profile_off_hit'====== Args={'profile': 'base_shot_profile', 'state': 'off', 'advancing': False}
2026-02-14 10:23:55,325 : INFO : EventManager : Event: ======'left_ramp_off_hit'====== Args={'profile': 'base_shot_profile', 'state': 'off', 'advancing': False}
2026-02-14 10:23:55,325 : INFO : EventManager : Event: ======'machine_var_audits_shots_bodymovin_leftramp'====== Args={'value': 9, 'prev_value': 8, 'change': 1}
2026-02-14 10:23:55,325 : INFO : EventManager : Event: ======'bodymovin_leftramp_hit'====== Args={'profile': 'bodymovin_roving_shot', 'state': 'lit', 'advancing': False}
2026-02-14 10:23:55,325 : INFO : EventManager : Event: ======'bodymovin_leftramp_bodymovin_roving_shot_hit'====== Args={'profile': 'bodymovin_roving_shot', 'state': 'lit', 'advancing': False}
2026-02-14 10:23:55,326 : INFO : EventManager : Event: ======'bodymovin_leftramp_bodymovin_roving_shot_lit_hit'====== Args={'profile': 'bodymovin_roving_shot', 'state': 'lit', 'advancing': False}
2026-02-14 10:23:55,326 : INFO : EventManager : Event: ======'bodymovin_leftramp_lit_hit'====== Args={'profile': 'bodymovin_roving_shot', 'state': 'lit', 'advancing': False}
2026-02-14 10:23:55,326 : INFO : EventManager : Event: ======'player_score'====== Args={'value': 15071930, 'prev_value': 15068920, 'change': 3010, 'player_num': 1, 'source': 'base'}
2026-02-14 10:23:55,326 : INFO : EventManager : Event: ======'logicblock_superspins_counter_updated'====== Args={'value': 4, 'enabled': True}
2026-02-14 10:23:55,326 : INFO : EventManager : Event: ======'counter_superspins_counter_hit'====== Args={'count': 4, 'hits': 4, 'remaining': 1}
2026-02-14 10:23:55,327 : INFO : EventManager : Event: ======'logicblock_superspins_counter_hit'====== Args={'count': 4, 'hits': 4, 'remaining': 1}
2026-02-14 10:23:55,327 : INFO : EventManager : Event: ======'left_orbit_to_left_ramp_combo_hit'====== Args={'elapsed': 2.3449246000964195}
2026-02-14 10:23:55,327 : INFO : EventManager : Event: ======'bodymovin_roving_shot_hit'====== Args={'shot': 'bodymovin_leftramp'}
2026-02-14 10:23:55,327 : INFO : EventManager : Event: ======'bodymovin_roving_shot_lit_hit'====== Args={'shot': 'bodymovin_leftramp'}
2026-02-14 10:23:55,328 : INFO : EventManager : Event: ======'logicblock_bodymovin_superjackpot_updated'====== Args={'value': 1, 'enabled': True}
2026-02-14 10:23:55,328 : INFO : EventManager : Event: ======'logicblock_bodymovin_superjackpot_hit'====== Args={'step': 1}
2026-02-14 10:23:55,328 : INFO : EventManager : Event: ======'bodymovin_superjackpot_hit'====== Args={}
2026-02-14 10:23:55,328 : INFO : EventManager : Event: ======'logicblock_bodymovin_superjackpot_updated'====== Args={'value': 1, 'enabled': False}
2026-02-14 10:23:55,329 : INFO : EventManager : Event: ======'logicblock_bodymovin_jackpots_collected_updated'====== Args={'value': 0, 'enabled': False}
2026-02-14 10:23:55,329 : INFO : EventManager : Event: ======'logicblock_bodymovin_jackpots_collected_updated'====== Args={'value': 0, 'enabled': True}
2026-02-14 10:23:55,329 : INFO : EventManager : Event: ======'logicblock_completing_bodymovin_jackpots_updated'====== Args={'value': [False, False], 'enabled': False}
2026-02-14 10:23:55,329 : INFO : EventManager : Event: ======'logicblock_completing_bodymovin_jackpots_updated'====== Args={'value': [False, False], 'enabled': True}
2026-02-14 10:23:55,329 : INFO : EventManager : Event: ======'logicblock_bodymovin_leftramp_jackpot_updated'====== Args={'value': 0, 'enabled': False}
2026-02-14 10:23:55,330 : INFO : EventManager : Event: ======'logicblock_bodymovin_leftramp_jackpot_updated'====== Args={'value': 0, 'enabled': True}
2026-02-14 10:23:55,330 : INFO : EventManager : Event: ======'logicblock_bodymovin_rightramp_jackpot_updated'====== Args={'value': 0, 'enabled': False}
2026-02-14 10:23:55,330 : INFO : EventManager : Event: ======'logicblock_bodymovin_rightramp_jackpot_updated'====== Args={'value': 0, 'enabled': True}
2026-02-14 10:23:55,330 : INFO : EventManager : Event: ======'player_shot_bodymovin_leftorbit_enabled'====== Args={'value': False, 'prev_value': True, 'change': -1, 'player_num': 1}
2026-02-14 10:23:55,330 : INFO : EventManager : Event: ======'player_shot_bodymovin_leftramp_enabled'====== Args={'value': False, 'prev_value': True, 'change': -1, 'player_num': 1}
2026-02-14 10:23:55,331 : INFO : EventManager : Event: ======'player_shot_bodymovin_inner_loop_enabled'====== Args={'value': False, 'prev_value': True, 'change': -1, 'player_num': 1}
2026-02-14 10:23:55,331 : INFO : EventManager : Event: ======'player_shot_bodymovin_captiveball_enabled'====== Args={'value': False, 'prev_value': True, 'change': -1, 'player_num': 1}
2026-02-14 10:23:55,331 : INFO : EventManager : Event: ======'player_shot_bodymovin_rightramp_enabled'====== Args={'value': False, 'prev_value': True, 'change': -1, 'player_num': 1}
2026-02-14 10:23:55,332 : INFO : EventManager : Event: ======'player_shot_bodymovin_rightorbit_enabled'====== Args={'value': False, 'prev_value': True, 'change': -1, 'player_num': 1}
2026-02-14 10:23:55,332 : INFO : EventManager : Event: ======'player_score'====== Args={'value': 19071930, 'prev_value': 15071930, 'change': 4000000, 'player_num': 1, 'source': 'bodymovin'}
2026-02-14 10:23:55,332 : INFO : EventManager : Event: ======'player_multiball_bodymovin_score'====== Args={'value': 11000000, 'prev_value': 7000000, 'change': 4000000, 'player_num': 1, 'source': 'bodymovin'}
2026-02-14 10:23:55,333 : INFO : EventManager : Event: ======'player_bodymovin_round'====== Args={'value': 3, 'prev_value': 2, 'change': 1, 'player_num': 1, 'source': 'bodymovin'}
2026-02-14 10:23:55,333 : INFO : blinkenlight.bl_leftramp_arrow_led : Color (76, 187, 23) with key bodymovin added
2026-02-14 10:23:55,333 : INFO : blinkenlight.bl_rightramp_arrow_led : Color (76, 187, 23) with key bodymovin added
2026-02-14 10:23:55,333 : INFO : Timer.bodymovin_roam_right : Pausing Timer for 0 ms
2026-02-14 10:23:55,333 : INFO : EventManager : Event: ======'timer_bodymovin_roam_right_paused'====== Args={'ticks': 2, 'ticks_remaining': 1}
2026-02-14 10:23:55,334 : INFO : EventManager : Event: ======'combo_hit'====== Args={'priority': 0}
2026-02-14 10:23:55,334 : INFO : EventManager : Event: ======'player_combos'====== Args={'value': 4, 'prev_value': 3, 'change': 1, 'player_num': 1, 'source': 'base'}
2026-02-14 10:23:55,334 : INFO : EventManager : Event: ======'logicblock_combos_count_updated'====== Args={'value': 4, 'enabled': True}
2026-02-14 10:23:55,335 : INFO : EventManager : Event: ======'counter_combos_count_hit'====== Args={'count': 4}
2026-02-14 10:23:55,335 : INFO : EventManager : Event: ======'logicblock_combos_count_hit'====== Args={'count': 4}
2026-02-14 10:23:55,396 : INFO : SwitchController : <<<<<<< 's_left_ramp' inactive >>>>>>>
2026-02-14 10:23:55,601 : INFO : EventManager : Event: ======'player_superdrops_superdrops_timer_tick'====== Args={'value': 25, 'prev_value': 24, 'change': 1, 'player_num': 1}
2026-02-14 10:23:55,602 : INFO : EventManager : Event: ======'timer_superdrops_timer_tick'====== Args={'ticks': 25, 'ticks_remaining': 5}
2026-02-14 10:23:55,993 : INFO : EventManager : Event: ======'left_orbit_to_inner_loop_combo_timeout'====== Args={}
2026-02-14 10:23:55,994 : INFO : EventManager : Event: ======'left_orbit_to_captive_ball_combo_timeout'====== Args={}
2026-02-14 10:23:55,995 : INFO : EventManager : Event: ======'left_orbit_to_right_ramp_combo_timeout'====== Args={}
2026-02-14 10:23:55,995 : INFO : EventManager : Event: ======'left_orbit_to_right_orbit_combo_timeout'====== Args={}
2026-02-14 10:23:56,602 : INFO : EventManager : Event: ======'player_superdrops_superdrops_timer_tick'====== Args={'value': 26, 'prev_value': 25, 'change': 1, 'player_num': 1}
2026-02-14 10:23:56,603 : INFO : EventManager : Event: ======'timer_superdrops_timer_tick'====== Args={'ticks': 26, 'ticks_remaining': 4}
2026-02-14 10:23:57,600 : INFO : EventManager : Event: ======'player_superdrops_superdrops_timer_tick'====== Args={'value': 27, 'prev_value': 26, 'change': 1, 'player_num': 1}
2026-02-14 10:23:57,600 : INFO : EventManager : Event: ======'timer_superdrops_timer_tick'====== Args={'ticks': 27, 'ticks_remaining': 3}
2026-02-14 10:23:58,333 : INFO : EventManager : Event: ======'left_ramp_to_left_orbit_combo_timeout'====== Args={}
2026-02-14 10:23:58,334 : INFO : EventManager : Event: ======'left_ramp_to_inner_loop_combo_timeout'====== Args={}
2026-02-14 10:23:58,334 : INFO : EventManager : Event: ======'left_ramp_to_captive_ball_combo_timeout'====== Args={}
2026-02-14 10:23:58,334 : INFO : EventManager : Event: ======'left_ramp_to_right_ramp_combo_timeout'====== Args={}
2026-02-14 10:23:58,335 : INFO : EventManager : Event: ======'left_ramp_to_right_orbit_combo_timeout'====== Args={}
2026-02-14 10:23:58,600 : INFO : EventManager : Event: ======'player_superdrops_superdrops_timer_tick'====== Args={'value': 28, 'prev_value': 27, 'change': 1, 'player_num': 1}
2026-02-14 10:23:58,601 : INFO : EventManager : Event: ======'timer_superdrops_timer_tick'====== Args={'ticks': 28, 'ticks_remaining': 2}
2026-02-14 10:23:59,603 : INFO : EventManager : Event: ======'player_superdrops_superdrops_timer_tick'====== Args={'value': 29, 'prev_value': 28, 'change': 1, 'player_num': 1}
2026-02-14 10:23:59,604 : INFO : EventManager : Event: ======'timer_superdrops_timer_tick'====== Args={'ticks': 29, 'ticks_remaining': 1}
2026-02-14 10:24:00,602 : INFO : EventManager : Event: ======'player_superdrops_superdrops_timer_tick'====== Args={'value': 30, 'prev_value': 29, 'change': 1, 'player_num': 1}
2026-02-14 10:24:00,603 : INFO : Timer.superdrops_timer : Timer Complete
2026-02-14 10:24:00,603 : INFO : Timer.superdrops_timer : Stopping Timer
2026-02-14 10:24:00,603 : INFO : EventManager : Event: ======'timer_superdrops_timer_stopped'====== Args={'ticks': 30, 'ticks_remaining': 1}
2026-02-14 10:24:00,603 : INFO : EventManager : Event: ======'timer_superdrops_timer_complete'====== Args={'ticks': 30, 'ticks_remaining': 1}
2026-02-14 10:24:00,604 : INFO : EventManager : Event: ======'mode_superdrops_complete'====== Args={'priority': 0}
2026-02-14 10:24:00,604 : INFO : EventManager : Event: ======'mode_superdrops_will_stop'====== Args={}
2026-02-14 10:24:00,604 : INFO : EventManager : Event: ======'mode_superdrops_stopping'====== Args={}
2026-02-14 10:24:00,604 : INFO : Mode.superdrops : Stopped.
2026-02-14 10:24:00,604 : INFO : EventManager : Event: ======'modes_active_modes_changed'====== Args={}
2026-02-14 10:24:00,605 : INFO : EventManager : Event: ======'mode_superdrops_stopped'====== Args={}
2026-02-14 10:24:00,605 : INFO : EventManager : Event: ======'clear'====== Args={'key': 'superdrops'}
2026-02-14 10:24:00,605 : INFO : EventManager : Event: ======'achievement_superdrops_super_mode_changed_state'====== Args={'restore': False, 'state': 'completed', 'selected': False}
2026-02-14 10:24:00,605 : INFO : EventManager : Event: ======'achievement_superdrops_super_mode_state_completed'====== Args={'restore': False, 'state': 'completed', 'selected': False}
2026-02-14 10:24:00,606 : INFO : EventManager : Event: ======'logicblock_super_modes_played_counter_updated'====== Args={'value': 1, 'enabled': True}
2026-02-14 10:24:00,606 : INFO : EventManager : Event: ======'counter_super_modes_played_counter_hit'====== Args={'count': 1, 'hits': 1, 'remaining': 4}
2026-02-14 10:24:00,606 : INFO : EventManager : Event: ======'logicblock_super_modes_played_counter_hit'====== Args={'count': 1, 'hits': 1, 'remaining': 4}
2026-02-14 10:24:00,606 : INFO : Timer.superdrops_timer : Stopping Timer
2026-02-14 10:24:00,606 : INFO : EventManager : Event: ======'timer_superdrops_timer_stopped'====== Args={'ticks': 30, 'ticks_remaining': 1}
2026-02-14 10:24:00,745 : INFO : SwitchController : <<<<<<< 's_right_ramp' active >>>>>>>
2026-02-14 10:24:00,745 : INFO : EventManager : Event: ======'s_right_ramp_active'====== Args={}
2026-02-14 10:24:00,746 : INFO : EventManager : Event: ======'machine_var_audits_switches_s_right_ramp'====== Args={'value': 978, 'prev_value': 977, 'change': 1}
2026-02-14 10:24:00,746 : INFO : EventManager : Event: ======'machine_var_audits_shots_right_ramp'====== Args={'value': 809, 'prev_value': 808, 'change': 1}
2026-02-14 10:24:00,747 : INFO : EventManager : Event: ======'right_ramp_hit'====== Args={'profile': 'base_shot_profile', 'state': 'off', 'advancing': False}
2026-02-14 10:24:00,748 : INFO : EventManager : Event: ======'right_ramp_base_shot_profile_hit'====== Args={'profile': 'base_shot_profile', 'state': 'off', 'advancing': False}
2026-02-14 10:24:00,748 : INFO : EventManager : Event: ======'right_ramp_base_shot_profile_off_hit'====== Args={'profile': 'base_shot_profile', 'state': 'off', 'advancing': False}
2026-02-14 10:24:00,748 : INFO : EventManager : Event: ======'right_ramp_off_hit'====== Args={'profile': 'base_shot_profile', 'state': 'off', 'advancing': False}
2026-02-14 10:24:00,748 : INFO : EventManager : Event: ======'player_score'====== Args={'value': 19074940, 'prev_value': 19071930, 'change': 3010, 'player_num': 1, 'source': 'base'}
2026-02-14 10:24:00,749 : INFO : EventManager : Event: ======'logicblock_bodymovin_rightramp_jackpot_updated'====== Args={'value': 1, 'enabled': True}
2026-02-14 10:24:00,749 : INFO : EventManager : Event: ======'logicblock_bodymovin_rightramp_jackpot_hit'====== Args={'step': 1}
2026-02-14 10:24:00,750 : INFO : EventManager : Event: ======'bodymovin_rightramp_jackpot_hit'====== Args={}
2026-02-14 10:24:00,750 : INFO : EventManager : Event: ======'bodymovin_jackpot_hit'====== Args={}
2026-02-14 10:24:00,750 : INFO : EventManager : Event: ======'logicblock_bodymovin_rightramp_jackpot_updated'====== Args={'value': 1, 'enabled': False}
2026-02-14 10:24:00,751 : INFO : blinkenlight.bl_rightramp_arrow_led : Color removed with key bodymovin
2026-02-14 10:24:00,751 : INFO : EventManager : Event: ======'logicblock_completing_bodymovin_jackpots_updated'====== Args={'value': [False, True], 'enabled': True}
2026-02-14 10:24:00,751 : INFO : EventManager : Event: ======'logicblock_completing_bodymovin_jackpots_hit'====== Args={'step': 1}
2026-02-14 10:24:00,751 : INFO : EventManager : Event: ======'player_score'====== Args={'value': 20574940, 'prev_value': 19074940, 'change': 1500000, 'player_num': 1, 'source': 'bodymovin'}
2026-02-14 10:24:00,751 : INFO : EventManager : Event: ======'player_multiball_bodymovin_score'====== Args={'value': 12500000, 'prev_value': 11000000, 'change': 1500000, 'player_num': 1, 'source': 'bodymovin'}
2026-02-14 10:24:00,825 : INFO : SwitchController : <<<<<<< 's_right_ramp' inactive >>>>>>>
2026-02-14 10:24:02,150 : INFO : SwitchController : <<<<<<< 's_left_ramp' active >>>>>>>
2026-02-14 10:24:02,150 : INFO : EventManager : Event: ======'s_left_ramp_active'====== Args={}
2026-02-14 10:24:02,151 : INFO : EventManager : Event: ======'machine_var_audits_switches_s_left_ramp'====== Args={'value': 642, 'prev_value': 641, 'change': 1}
2026-02-14 10:24:02,152 : INFO : EventManager : Event: ======'machine_var_audits_shots_left_ramp'====== Args={'value': 502, 'prev_value': 501, 'change': 1}
2026-02-14 10:24:02,152 : INFO : EventManager : Event: ======'left_ramp_hit'====== Args={'profile': 'base_shot_profile', 'state': 'off', 'advancing': False}
2026-02-14 10:24:02,153 : INFO : EventManager : Event: ======'left_ramp_base_shot_profile_hit'====== Args={'profile': 'base_shot_profile', 'state': 'off', 'advancing': False}
2026-02-14 10:24:02,153 : INFO : EventManager : Event: ======'left_ramp_base_shot_profile_off_hit'====== Args={'profile': 'base_shot_profile', 'state': 'off', 'advancing': False}
2026-02-14 10:24:02,153 : INFO : EventManager : Event: ======'left_ramp_off_hit'====== Args={'profile': 'base_shot_profile', 'state': 'off', 'advancing': False}
2026-02-14 10:24:02,153 : INFO : EventManager : Event: ======'player_score'====== Args={'value': 20577950, 'prev_value': 20574940, 'change': 3010, 'player_num': 1, 'source': 'base'}
2026-02-14 10:24:02,154 : INFO : EventManager : Event: ======'logicblock_superspins_counter_updated'====== Args={'value': 5, 'enabled': True}
2026-02-14 10:24:02,154 : INFO : EventManager : Event: ======'counter_superspins_counter_hit'====== Args={'count': 5, 'hits': 5, 'remaining': 0}
2026-02-14 10:24:02,154 : INFO : EventManager : Event: ======'logicblock_superspins_counter_hit'====== Args={'count': 5, 'hits': 5, 'remaining': 0}
2026-02-14 10:24:02,154 : INFO : EventManager : Event: ======'start_superspins'====== Args={}
2026-02-14 10:24:02,154 : INFO : EventManager : Event: ======'logicblock_superspins_counter_updated'====== Args={'value': 5, 'enabled': False}
2026-02-14 10:24:02,155 : INFO : EventManager : Event: ======'right_ramp_to_left_ramp_combo_hit'====== Args={'elapsed': 1.4058747999370098}
2026-02-14 10:24:02,155 : INFO : EventManager : Event: ======'logicblock_bodymovin_leftramp_jackpot_updated'====== Args={'value': 1, 'enabled': True}
2026-02-14 10:24:02,156 : INFO : EventManager : Event: ======'logicblock_bodymovin_leftramp_jackpot_hit'====== Args={'step': 1}
2026-02-14 10:24:02,156 : INFO : EventManager : Event: ======'bodymovin_leftramp_jackpot_hit'====== Args={}
2026-02-14 10:24:02,156 : INFO : EventManager : Event: ======'bodymovin_jackpot_hit'====== Args={}
2026-02-14 10:24:02,157 : INFO : EventManager : Event: ======'logicblock_bodymovin_leftramp_jackpot_updated'====== Args={'value': 1, 'enabled': False}
2026-02-14 10:24:02,157 : INFO : EventManager : Event: ======'mode_superspins_will_start'====== Args={}
2026-02-14 10:24:02,157 : INFO : EventManager : Event: ======'player_superspins_superspins_timer_tick'====== Args={'value': 0, 'prev_value': 0, 'change': 0, 'player_num': 1}
2026-02-14 10:24:02,158 : INFO : Timer.superspins_timer : Starting Timer.
2026-02-14 10:24:02,158 : INFO : EventManager : Event: ======'timer_superspins_timer_started'====== Args={'ticks': 0, 'ticks_remaining': 30}
2026-02-14 10:24:02,159 : INFO : EventManager : Event: ======'timer_superspins_timer_tick'====== Args={'ticks': 0, 'ticks_remaining': 30}
2026-02-14 10:24:02,159 : INFO : EventManager : Event: ======'mode_superspins_starting'====== Args={}
2026-02-14 10:24:02,160 : INFO : EventManager : Event: ======'combo_hit'====== Args={'priority': 0}
2026-02-14 10:24:02,160 : INFO : EventManager : Event: ======'player_combos'====== Args={'value': 5, 'prev_value': 4, 'change': 1, 'player_num': 1, 'source': 'base'}
2026-02-14 10:24:02,161 : INFO : EventManager : Event: ======'logicblock_combos_count_updated'====== Args={'value': 5, 'enabled': True}
2026-02-14 10:24:02,161 : INFO : EventManager : Event: ======'counter_combos_count_hit'====== Args={'count': 5}
2026-02-14 10:24:02,161 : INFO : EventManager : Event: ======'logicblock_combos_count_hit'====== Args={'count': 5}
2026-02-14 10:24:02,161 : INFO : EventManager : Event: ======'bodymovin_relight_ramps'====== Args={'priority': 0}
2026-02-14 10:24:02,162 : INFO : blinkenlight.bl_leftramp_arrow_led : Color removed with key bodymovin
2026-02-14 10:24:02,162 : INFO : EventManager : Event: ======'logicblock_completing_bodymovin_jackpots_updated'====== Args={'value': [True, True], 'enabled': True}
2026-02-14 10:24:02,162 : INFO : EventManager : Event: ======'logicblock_completing_bodymovin_jackpots_hit'====== Args={'step': 0}
2026-02-14 10:24:02,162 : INFO : EventManager : Event: ======'bodymovin_jackpots_complete'====== Args={}
2026-02-14 10:24:02,163 : INFO : EventManager : Event: ======'logicblock_completing_bodymovin_jackpots_updated'====== Args={'value': [False, False], 'enabled': True}
2026-02-14 10:24:02,163 : INFO : EventManager : Event: ======'logicblock_completing_bodymovin_jackpots_updated'====== Args={'value': [False, False], 'enabled': False}
2026-02-14 10:24:02,163 : INFO : EventManager : Event: ======'logicblock_completing_bodymovin_jackpots_updated'====== Args={'value': [False, False], 'enabled': False}
2026-02-14 10:24:02,164 : INFO : EventManager : Event: ======'logicblock_completing_bodymovin_jackpots_updated'====== Args={'value': [False, False], 'enabled': True}
2026-02-14 10:24:02,164 : INFO : EventManager : Event: ======'logicblock_bodymovin_leftramp_jackpot_updated'====== Args={'value': 0, 'enabled': False}
2026-02-14 10:24:02,164 : INFO : EventManager : Event: ======'logicblock_bodymovin_leftramp_jackpot_updated'====== Args={'value': 0, 'enabled': True}
2026-02-14 10:24:02,165 : INFO : EventManager : Event: ======'logicblock_bodymovin_rightramp_jackpot_updated'====== Args={'value': 0, 'enabled': False}
2026-02-14 10:24:02,165 : INFO : EventManager : Event: ======'logicblock_bodymovin_rightramp_jackpot_updated'====== Args={'value': 0, 'enabled': True}
2026-02-14 10:24:02,165 : INFO : blinkenlight.bl_leftramp_arrow_led : Color (76, 187, 23) with key bodymovin added
2026-02-14 10:24:02,165 : INFO : blinkenlight.bl_rightramp_arrow_led : Color (76, 187, 23) with key bodymovin added
2026-02-14 10:24:02,166 : INFO : EventManager : Event: ======'logicblock_bodymovin_jackpots_collected_updated'====== Args={'value': 1, 'enabled': True}
2026-02-14 10:24:02,166 : INFO : EventManager : Event: ======'counter_bodymovin_jackpots_collected_hit'====== Args={'count': 1, 'hits': 1, 'remaining': 2}
2026-02-14 10:24:02,166 : INFO : EventManager : Event: ======'logicblock_bodymovin_jackpots_collected_hit'====== Args={'count': 1, 'hits': 1, 'remaining': 2}
2026-02-14 10:24:02,166 : INFO : EventManager : Event: ======'player_score'====== Args={'value': 22077950, 'prev_value': 20577950, 'change': 1500000, 'player_num': 1, 'source': 'bodymovin'}
2026-02-14 10:24:02,167 : INFO : EventManager : Event: ======'player_multiball_bodymovin_score'====== Args={'value': 14000000, 'prev_value': 12500000, 'change': 1500000, 'player_num': 1, 'source': 'bodymovin'}
2026-02-14 10:24:02,167 : INFO : Mode.superspins : Started. Priority: 20000
2026-02-14 10:24:02,167 : INFO : EventManager : Event: ======'modes_active_modes_changed'====== Args={}
2026-02-14 10:24:02,168 : INFO : EventManager : Event: ======'mode_superspins_started'====== Args={}
2026-02-14 10:24:02,169 : INFO : EventManager : Event: ======'achievement_superspins_super_mode_changed_state'====== Args={'restore': False, 'state': 'started', 'selected': False}
2026-02-14 10:24:02,169 : INFO : EventManager : Event: ======'achievement_superspins_super_mode_state_started'====== Args={'restore': False, 'state': 'started', 'selected': False}
2026-02-14 10:24:02,170 : INFO : EventManager : Event: ======'player_characters_collected'====== Args={'value': 2, 'prev_value': 1, 'change': 1, 'player_num': 1, 'source': 'base'}
2026-02-14 10:24:02,171 : INFO : EventManager : Event: ======'player_miked_collected'====== Args={'value': 1, 'prev_value': 0, 'change': 1, 'player_num': 1, 'source': 'base'}
2026-02-14 10:24:02,171 : INFO : EventManager : Event: ======'timer_superspins_timer_tick'====== Args={'ticks': 0, 'ticks_remaining': 30}
2026-02-14 10:24:02,227 : INFO : EventManager : Event: ======'widget_miked_circle_active'====== Args={'original_context': 'base', 'original_calling_context': 'mode_superspins_started', 'priority': 100.0, 'cmd': 'widgets_play', '_from_bcp': True}
2026-02-14 10:24:02,262 : INFO : SwitchController : <<<<<<< 's_left_ramp' inactive >>>>>>>
2026-02-14 10:24:03,185 : INFO : EventManager : Event: ======'player_superspins_superspins_timer_tick'====== Args={'value': 1, 'prev_value': 0, 'change': 1, 'player_num': 1}
2026-02-14 10:24:03,186 : INFO : EventManager : Event: ======'timer_superspins_timer_tick'====== Args={'ticks': 1, 'ticks_remaining': 29}
2026-02-14 10:24:03,762 : INFO : EventManager : Event: ======'right_ramp_to_left_orbit_combo_timeout'====== Args={}
2026-02-14 10:24:03,763 : INFO : EventManager : Event: ======'right_ramp_to_inner_loop_combo_timeout'====== Args={}
2026-02-14 10:24:03,763 : INFO : EventManager : Event: ======'right_ramp_to_captive_ball_combo_timeout'====== Args={}
2026-02-14 10:24:03,764 : INFO : EventManager : Event: ======'right_ramp_to_right_orbit_combo_timeout'====== Args={}
2026-02-14 10:24:04,183 : INFO : EventManager : Event: ======'player_superspins_superspins_timer_tick'====== Args={'value': 2, 'prev_value': 1, 'change': 1, 'player_num': 1}
2026-02-14 10:24:04,184 : INFO : EventManager : Event: ======'timer_superspins_timer_tick'====== Args={'ticks': 2, 'ticks_remaining': 28}
2026-02-14 10:24:04,219 : INFO : SwitchController : <<<<<<< 's_right_ramp' active >>>>>>>
2026-02-14 10:24:04,219 : INFO : EventManager : Event: ======'s_right_ramp_active'====== Args={}
2026-02-14 10:24:04,219 : INFO : EventManager : Event: ======'machine_var_audits_switches_s_right_ramp'====== Args={'value': 979, 'prev_value': 978, 'change': 1}
2026-02-14 10:24:04,220 : INFO : EventManager : Event: ======'machine_var_audits_shots_right_ramp'====== Args={'value': 810, 'prev_value': 809, 'change': 1}
2026-02-14 10:24:04,220 : INFO : EventManager : Event: ======'right_ramp_hit'====== Args={'profile': 'base_shot_profile', 'state': 'off', 'advancing': False}
2026-02-14 10:24:04,221 : INFO : EventManager : Event: ======'right_ramp_base_shot_profile_hit'====== Args={'profile': 'base_shot_profile', 'state': 'off', 'advancing': False}
2026-02-14 10:24:04,221 : INFO : EventManager : Event: ======'right_ramp_base_shot_profile_off_hit'====== Args={'profile': 'base_shot_profile', 'state': 'off', 'advancing': False}
2026-02-14 10:24:04,222 : INFO : EventManager : Event: ======'right_ramp_off_hit'====== Args={'profile': 'base_shot_profile', 'state': 'off', 'advancing': False}
2026-02-14 10:24:04,222 : INFO : EventManager : Event: ======'player_score'====== Args={'value': 22080960, 'prev_value': 22077950, 'change': 3010, 'player_num': 1, 'source': 'base'}
2026-02-14 10:24:04,222 : INFO : EventManager : Event: ======'left_ramp_to_right_ramp_combo_hit'====== Args={'elapsed': 2.067272099899128}
2026-02-14 10:24:04,223 : INFO : EventManager : Event: ======'logicblock_bodymovin_rightramp_jackpot_updated'====== Args={'value': 1, 'enabled': True}
2026-02-14 10:24:04,223 : INFO : EventManager : Event: ======'logicblock_bodymovin_rightramp_jackpot_hit'====== Args={'step': 1}
2026-02-14 10:24:04,223 : INFO : EventManager : Event: ======'bodymovin_rightramp_jackpot_hit'====== Args={}
2026-02-14 10:24:04,223 : INFO : EventManager : Event: ======'bodymovin_jackpot_hit'====== Args={}
2026-02-14 10:24:04,223 : INFO : EventManager : Event: ======'logicblock_bodymovin_rightramp_jackpot_updated'====== Args={'value': 1, 'enabled': False}
2026-02-14 10:24:04,224 : INFO : EventManager : Event: ======'combo_hit'====== Args={'priority': 0}
2026-02-14 10:24:04,224 : INFO : EventManager : Event: ======'player_combos'====== Args={'value': 6, 'prev_value': 5, 'change': 1, 'player_num': 1, 'source': 'base'}
2026-02-14 10:24:04,224 : INFO : EventManager : Event: ======'logicblock_combos_count_updated'====== Args={'value': 6, 'enabled': True}
2026-02-14 10:24:04,224 : INFO : EventManager : Event: ======'counter_combos_count_hit'====== Args={'count': 6}
2026-02-14 10:24:04,224 : INFO : EventManager : Event: ======'logicblock_combos_count_hit'====== Args={'count': 6}
2026-02-14 10:24:04,225 : INFO : blinkenlight.bl_rightramp_arrow_led : Color removed with key bodymovin
2026-02-14 10:24:04,225 : INFO : EventManager : Event: ======'logicblock_completing_bodymovin_jackpots_updated'====== Args={'value': [False, True], 'enabled': True}
2026-02-14 10:24:04,225 : INFO : EventManager : Event: ======'logicblock_completing_bodymovin_jackpots_hit'====== Args={'step': 1}
2026-02-14 10:24:04,225 : INFO : EventManager : Event: ======'player_score'====== Args={'value': 23580960, 'prev_value': 22080960, 'change': 1500000, 'player_num': 1, 'source': 'bodymovin'}
2026-02-14 10:24:04,225 : INFO : EventManager : Event: ======'player_multiball_bodymovin_score'====== Args={'value': 15500000, 'prev_value': 14000000, 'change': 1500000, 'player_num': 1, 'source': 'bodymovin'}
2026-02-14 10:24:04,286 : INFO : SwitchController : <<<<<<< 's_right_ramp' inactive >>>>>>>
2026-02-14 10:24:05,155 : INFO : EventManager : Event: ======'left_ramp_to_left_orbit_combo_timeout'====== Args={}
2026-02-14 10:24:05,156 : INFO : EventManager : Event: ======'left_ramp_to_inner_loop_combo_timeout'====== Args={}
2026-02-14 10:24:05,156 : INFO : EventManager : Event: ======'left_ramp_to_captive_ball_combo_timeout'====== Args={}
2026-02-14 10:24:05,156 : INFO : EventManager : Event: ======'left_ramp_to_right_orbit_combo_timeout'====== Args={}
2026-02-14 10:24:05,173 : INFO : EventManager : Event: ======'player_superspins_superspins_timer_tick'====== Args={'value': 3, 'prev_value': 2, 'change': 1, 'player_num': 1}
2026-02-14 10:24:05,174 : INFO : EventManager : Event: ======'timer_superspins_timer_tick'====== Args={'ticks': 3, 'ticks_remaining': 27}
2026-02-14 10:24:06,185 : INFO : EventManager : Event: ======'player_superspins_superspins_timer_tick'====== Args={'value': 4, 'prev_value': 3, 'change': 1, 'player_num': 1}
2026-02-14 10:24:06,186 : INFO : EventManager : Event: ======'timer_superspins_timer_tick'====== Args={'ticks': 4, 'ticks_remaining': 26}
2026-02-14 10:24:06,558 : INFO : SwitchController : <<<<<<< 's_left_ramp' active >>>>>>>
2026-02-14 10:24:06,558 : INFO : EventManager : Event: ======'s_left_ramp_active'====== Args={}
2026-02-14 10:24:06,558 : INFO : EventManager : Event: ======'machine_var_audits_switches_s_left_ramp'====== Args={'value': 643, 'prev_value': 642, 'change': 1}
2026-02-14 10:24:06,559 : INFO : EventManager : Event: ======'machine_var_audits_shots_left_ramp'====== Args={'value': 503, 'prev_value': 502, 'change': 1}
2026-02-14 10:24:06,560 : INFO : EventManager : Event: ======'left_ramp_hit'====== Args={'profile': 'base_shot_profile', 'state': 'off', 'advancing': False}
2026-02-14 10:24:06,560 : INFO : EventManager : Event: ======'left_ramp_base_shot_profile_hit'====== Args={'profile': 'base_shot_profile', 'state': 'off', 'advancing': False}
2026-02-14 10:24:06,560 : INFO : EventManager : Event: ======'left_ramp_base_shot_profile_off_hit'====== Args={'profile': 'base_shot_profile', 'state': 'off', 'advancing': False}
2026-02-14 10:24:06,561 : INFO : EventManager : Event: ======'left_ramp_off_hit'====== Args={'profile': 'base_shot_profile', 'state': 'off', 'advancing': False}
2026-02-14 10:24:06,561 : INFO : EventManager : Event: ======'player_score'====== Args={'value': 23583970, 'prev_value': 23580960, 'change': 3010, 'player_num': 1, 'source': 'base'}
2026-02-14 10:24:06,561 : INFO : EventManager : Event: ======'right_ramp_to_left_ramp_combo_hit'====== Args={'elapsed': 2.338854799978435}
2026-02-14 10:24:06,561 : INFO : EventManager : Event: ======'logicblock_bodymovin_leftramp_jackpot_updated'====== Args={'value': 1, 'enabled': True}
2026-02-14 10:24:06,561 : INFO : EventManager : Event: ======'logicblock_bodymovin_leftramp_jackpot_hit'====== Args={'step': 1}
2026-02-14 10:24:06,562 : INFO : EventManager : Event: ======'bodymovin_leftramp_jackpot_hit'====== Args={}
2026-02-14 10:24:06,562 : INFO : EventManager : Event: ======'bodymovin_jackpot_hit'====== Args={}
2026-02-14 10:24:06,562 : INFO : EventManager : Event: ======'logicblock_bodymovin_leftramp_jackpot_updated'====== Args={'value': 1, 'enabled': False}
2026-02-14 10:24:06,562 : INFO : EventManager : Event: ======'combo_hit'====== Args={'priority': 0}
2026-02-14 10:24:06,563 : INFO : EventManager : Event: ======'player_combos'====== Args={'value': 7, 'prev_value': 6, 'change': 1, 'player_num': 1, 'source': 'base'}
2026-02-14 10:24:06,563 : INFO : EventManager : Event: ======'logicblock_combos_count_updated'====== Args={'value': 7, 'enabled': True}
2026-02-14 10:24:06,563 : INFO : EventManager : Event: ======'counter_combos_count_hit'====== Args={'count': 7}
2026-02-14 10:24:06,563 : INFO : EventManager : Event: ======'logicblock_combos_count_hit'====== Args={'count': 7}
2026-02-14 10:24:06,563 : INFO : EventManager : Event: ======'bodymovin_relight_ramps'====== Args={'priority': 0}
2026-02-14 10:24:06,563 : INFO : blinkenlight.bl_leftramp_arrow_led : Color removed with key bodymovin
2026-02-14 10:24:06,563 : INFO : EventManager : Event: ======'logicblock_completing_bodymovin_jackpots_updated'====== Args={'value': [True, True], 'enabled': True}
2026-02-14 10:24:06,564 : INFO : EventManager : Event: ======'logicblock_completing_bodymovin_jackpots_hit'====== Args={'step': 0}
2026-02-14 10:24:06,564 : INFO : EventManager : Event: ======'bodymovin_jackpots_complete'====== Args={}
2026-02-14 10:24:06,564 : INFO : EventManager : Event: ======'logicblock_completing_bodymovin_jackpots_updated'====== Args={'value': [False, False], 'enabled': True}
2026-02-14 10:24:06,564 : INFO : EventManager : Event: ======'logicblock_completing_bodymovin_jackpots_updated'====== Args={'value': [False, False], 'enabled': False}
2026-02-14 10:24:06,564 : INFO : EventManager : Event: ======'logicblock_completing_bodymovin_jackpots_updated'====== Args={'value': [False, False], 'enabled': False}
2026-02-14 10:24:06,564 : INFO : EventManager : Event: ======'logicblock_completing_bodymovin_jackpots_updated'====== Args={'value': [False, False], 'enabled': True}
2026-02-14 10:24:06,565 : INFO : EventManager : Event: ======'logicblock_bodymovin_leftramp_jackpot_updated'====== Args={'value': 0, 'enabled': False}
2026-02-14 10:24:06,565 : INFO : EventManager : Event: ======'logicblock_bodymovin_leftramp_jackpot_updated'====== Args={'value': 0, 'enabled': True}
2026-02-14 10:24:06,565 : INFO : EventManager : Event: ======'logicblock_bodymovin_rightramp_jackpot_updated'====== Args={'value': 0, 'enabled': False}
2026-02-14 10:24:06,565 : INFO : EventManager : Event: ======'logicblock_bodymovin_rightramp_jackpot_updated'====== Args={'value': 0, 'enabled': True}
2026-02-14 10:24:06,565 : INFO : blinkenlight.bl_leftramp_arrow_led : Color (76, 187, 23) with key bodymovin added
2026-02-14 10:24:06,566 : INFO : blinkenlight.bl_rightramp_arrow_led : Color (76, 187, 23) with key bodymovin added
2026-02-14 10:24:06,566 : INFO : EventManager : Event: ======'logicblock_bodymovin_jackpots_collected_updated'====== Args={'value': 2, 'enabled': True}
2026-02-14 10:24:06,566 : INFO : EventManager : Event: ======'counter_bodymovin_jackpots_collected_hit'====== Args={'count': 2, 'hits': 2, 'remaining': 1}
2026-02-14 10:24:06,566 : INFO : EventManager : Event: ======'logicblock_bodymovin_jackpots_collected_hit'====== Args={'count': 2, 'hits': 2, 'remaining': 1}
2026-02-14 10:24:06,566 : INFO : EventManager : Event: ======'player_score'====== Args={'value': 25083970, 'prev_value': 23583970, 'change': 1500000, 'player_num': 1, 'source': 'bodymovin'}
2026-02-14 10:24:06,566 : INFO : EventManager : Event: ======'player_multiball_bodymovin_score'====== Args={'value': 17000000, 'prev_value': 15500000, 'change': 1500000, 'player_num': 1, 'source': 'bodymovin'}
2026-02-14 10:24:06,633 : INFO : SwitchController : <<<<<<< 's_left_ramp' inactive >>>>>>>
2026-02-14 10:24:07,179 : INFO : EventManager : Event: ======'player_superspins_superspins_timer_tick'====== Args={'value': 5, 'prev_value': 4, 'change': 1, 'player_num': 1}
2026-02-14 10:24:07,180 : INFO : EventManager : Event: ======'timer_superspins_timer_tick'====== Args={'ticks': 5, 'ticks_remaining': 25}
2026-02-14 10:24:07,227 : INFO : EventManager : Event: ======'right_ramp_to_left_orbit_combo_timeout'====== Args={}
2026-02-14 10:24:07,228 : INFO : EventManager : Event: ======'right_ramp_to_inner_loop_combo_timeout'====== Args={}
2026-02-14 10:24:07,229 : INFO : EventManager : Event: ======'right_ramp_to_captive_ball_combo_timeout'====== Args={}
2026-02-14 10:24:07,229 : INFO : EventManager : Event: ======'right_ramp_to_right_orbit_combo_timeout'====== Args={}
2026-02-14 10:24:08,179 : INFO : EventManager : Event: ======'player_superspins_superspins_timer_tick'====== Args={'value': 6, 'prev_value': 5, 'change': 1, 'player_num': 1}
2026-02-14 10:24:08,181 : INFO : EventManager : Event: ======'timer_superspins_timer_tick'====== Args={'ticks': 6, 'ticks_remaining': 24}
2026-02-14 10:24:09,179 : INFO : EventManager : Event: ======'player_superspins_superspins_timer_tick'====== Args={'value': 7, 'prev_value': 6, 'change': 1, 'player_num': 1}
2026-02-14 10:24:09,180 : INFO : EventManager : Event: ======'timer_superspins_timer_tick'====== Args={'ticks': 7, 'ticks_remaining': 23}
2026-02-14 10:24:09,569 : INFO : EventManager : Event: ======'left_ramp_to_left_orbit_combo_timeout'====== Args={}
2026-02-14 10:24:09,570 : INFO : EventManager : Event: ======'left_ramp_to_inner_loop_combo_timeout'====== Args={}
2026-02-14 10:24:09,570 : INFO : EventManager : Event: ======'left_ramp_to_captive_ball_combo_timeout'====== Args={}
2026-02-14 10:24:09,570 : INFO : EventManager : Event: ======'left_ramp_to_right_ramp_combo_timeout'====== Args={}
2026-02-14 10:24:09,570 : INFO : EventManager : Event: ======'left_ramp_to_right_orbit_combo_timeout'====== Args={}
2026-02-14 10:24:10,124 : INFO : SwitchController : <<<<<<< 's_right_ramp' active >>>>>>>
2026-02-14 10:24:10,124 : INFO : EventManager : Event: ======'s_right_ramp_active'====== Args={}
2026-02-14 10:24:10,124 : INFO : EventManager : Event: ======'machine_var_audits_switches_s_right_ramp'====== Args={'value': 980, 'prev_value': 979, 'change': 1}
2026-02-14 10:24:10,126 : INFO : EventManager : Event: ======'machine_var_audits_shots_right_ramp'====== Args={'value': 811, 'prev_value': 810, 'change': 1}
2026-02-14 10:24:10,127 : INFO : EventManager : Event: ======'right_ramp_hit'====== Args={'profile': 'base_shot_profile', 'state': 'off', 'advancing': False}
2026-02-14 10:24:10,127 : INFO : EventManager : Event: ======'right_ramp_base_shot_profile_hit'====== Args={'profile': 'base_shot_profile', 'state': 'off', 'advancing': False}
2026-02-14 10:24:10,128 : INFO : EventManager : Event: ======'right_ramp_base_shot_profile_off_hit'====== Args={'profile': 'base_shot_profile', 'state': 'off', 'advancing': False}
2026-02-14 10:24:10,128 : INFO : EventManager : Event: ======'right_ramp_off_hit'====== Args={'profile': 'base_shot_profile', 'state': 'off', 'advancing': False}
2026-02-14 10:24:10,128 : INFO : EventManager : Event: ======'player_score'====== Args={'value': 25086980, 'prev_value': 25083970, 'change': 3010, 'player_num': 1, 'source': 'base'}
2026-02-14 10:24:10,129 : INFO : EventManager : Event: ======'logicblock_bodymovin_rightramp_jackpot_updated'====== Args={'value': 1, 'enabled': True}
2026-02-14 10:24:10,129 : INFO : EventManager : Event: ======'logicblock_bodymovin_rightramp_jackpot_hit'====== Args={'step': 1}
2026-02-14 10:24:10,129 : INFO : EventManager : Event: ======'bodymovin_rightramp_jackpot_hit'====== Args={}
2026-02-14 10:24:10,129 : INFO : EventManager : Event: ======'bodymovin_jackpot_hit'====== Args={}
2026-02-14 10:24:10,129 : INFO : EventManager : Event: ======'logicblock_bodymovin_rightramp_jackpot_updated'====== Args={'value': 1, 'enabled': False}
2026-02-14 10:24:10,130 : INFO : blinkenlight.bl_rightramp_arrow_led : Color removed with key bodymovin
2026-02-14 10:24:10,130 : INFO : EventManager : Event: ======'logicblock_completing_bodymovin_jackpots_updated'====== Args={'value': [False, True], 'enabled': True}
2026-02-14 10:24:10,130 : INFO : EventManager : Event: ======'logicblock_completing_bodymovin_jackpots_hit'====== Args={'step': 1}
2026-02-14 10:24:10,130 : INFO : EventManager : Event: ======'player_score'====== Args={'value': 26586980, 'prev_value': 25086980, 'change': 1500000, 'player_num': 1, 'source': 'bodymovin'}
2026-02-14 10:24:10,131 : INFO : EventManager : Event: ======'player_multiball_bodymovin_score'====== Args={'value': 18500000, 'prev_value': 17000000, 'change': 1500000, 'player_num': 1, 'source': 'bodymovin'}
2026-02-14 10:24:10,180 : INFO : EventManager : Event: ======'player_superspins_superspins_timer_tick'====== Args={'value': 8, 'prev_value': 7, 'change': 1, 'player_num': 1}
2026-02-14 10:24:10,181 : INFO : EventManager : Event: ======'timer_superspins_timer_tick'====== Args={'ticks': 8, 'ticks_remaining': 22}
2026-02-14 10:24:10,213 : INFO : SwitchController : <<<<<<< 's_right_ramp' inactive >>>>>>>
2026-02-14 10:24:11,179 : INFO : EventManager : Event: ======'player_superspins_superspins_timer_tick'====== Args={'value': 9, 'prev_value': 8, 'change': 1, 'player_num': 1}
2026-02-14 10:24:11,180 : INFO : EventManager : Event: ======'timer_superspins_timer_tick'====== Args={'ticks': 9, 'ticks_remaining': 21}
2026-02-14 10:24:11,893 : INFO : SwitchController : <<<<<<< 's_left_ramp' active >>>>>>>
2026-02-14 10:24:11,893 : INFO : EventManager : Event: ======'s_left_ramp_active'====== Args={}
2026-02-14 10:24:11,893 : INFO : EventManager : Event: ======'machine_var_audits_switches_s_left_ramp'====== Args={'value': 644, 'prev_value': 643, 'change': 1}
2026-02-14 10:24:11,894 : INFO : EventManager : Event: ======'machine_var_audits_shots_left_ramp'====== Args={'value': 504, 'prev_value': 503, 'change': 1}
2026-02-14 10:24:11,894 : INFO : EventManager : Event: ======'left_ramp_hit'====== Args={'profile': 'base_shot_profile', 'state': 'off', 'advancing': False}
2026-02-14 10:24:11,895 : INFO : EventManager : Event: ======'left_ramp_base_shot_profile_hit'====== Args={'profile': 'base_shot_profile', 'state': 'off', 'advancing': False}
2026-02-14 10:24:11,895 : INFO : EventManager : Event: ======'left_ramp_base_shot_profile_off_hit'====== Args={'profile': 'base_shot_profile', 'state': 'off', 'advancing': False}
2026-02-14 10:24:11,895 : INFO : EventManager : Event: ======'left_ramp_off_hit'====== Args={'profile': 'base_shot_profile', 'state': 'off', 'advancing': False}
2026-02-14 10:24:11,895 : INFO : EventManager : Event: ======'player_score'====== Args={'value': 26589990, 'prev_value': 26586980, 'change': 3010, 'player_num': 1, 'source': 'base'}
2026-02-14 10:24:11,896 : INFO : EventManager : Event: ======'right_ramp_to_left_ramp_combo_hit'====== Args={'elapsed': 1.767158400034532}
2026-02-14 10:24:11,896 : INFO : EventManager : Event: ======'logicblock_bodymovin_leftramp_jackpot_updated'====== Args={'value': 1, 'enabled': True}
2026-02-14 10:24:11,896 : INFO : EventManager : Event: ======'logicblock_bodymovin_leftramp_jackpot_hit'====== Args={'step': 1}
2026-02-14 10:24:11,896 : INFO : EventManager : Event: ======'bodymovin_leftramp_jackpot_hit'====== Args={}
2026-02-14 10:24:11,897 : INFO : EventManager : Event: ======'bodymovin_jackpot_hit'====== Args={}
2026-02-14 10:24:11,897 : INFO : EventManager : Event: ======'logicblock_bodymovin_leftramp_jackpot_updated'====== Args={'value': 1, 'enabled': False}
2026-02-14 10:24:11,897 : INFO : EventManager : Event: ======'combo_hit'====== Args={'priority': 0}
2026-02-14 10:24:11,897 : INFO : EventManager : Event: ======'player_combos'====== Args={'value': 8, 'prev_value': 7, 'change': 1, 'player_num': 1, 'source': 'base'}
2026-02-14 10:24:11,898 : INFO : EventManager : Event: ======'logicblock_combos_count_updated'====== Args={'value': 8, 'enabled': True}
2026-02-14 10:24:11,898 : INFO : EventManager : Event: ======'counter_combos_count_hit'====== Args={'count': 8}
2026-02-14 10:24:11,898 : INFO : EventManager : Event: ======'logicblock_combos_count_hit'====== Args={'count': 8}
2026-02-14 10:24:11,898 : INFO : blinkenlight.bl_leftramp_arrow_led : Color removed with key bodymovin
2026-02-14 10:24:11,898 : INFO : EventManager : Event: ======'logicblock_completing_bodymovin_jackpots_updated'====== Args={'value': [True, True], 'enabled': True}
2026-02-14 10:24:11,898 : INFO : EventManager : Event: ======'logicblock_completing_bodymovin_jackpots_hit'====== Args={'step': 0}
2026-02-14 10:24:11,899 : INFO : EventManager : Event: ======'bodymovin_jackpots_complete'====== Args={}
2026-02-14 10:24:11,899 : INFO : EventManager : Event: ======'logicblock_completing_bodymovin_jackpots_updated'====== Args={'value': [False, False], 'enabled': True}
2026-02-14 10:24:11,899 : INFO : EventManager : Event: ======'logicblock_completing_bodymovin_jackpots_updated'====== Args={'value': [False, False], 'enabled': False}
2026-02-14 10:24:11,899 : INFO : EventManager : Event: ======'logicblock_bodymovin_jackpots_collected_updated'====== Args={'value': 3, 'enabled': True}
2026-02-14 10:24:11,899 : INFO : EventManager : Event: ======'counter_bodymovin_jackpots_collected_hit'====== Args={'count': 3, 'hits': 3, 'remaining': 0}
2026-02-14 10:24:11,900 : INFO : EventManager : Event: ======'logicblock_bodymovin_jackpots_collected_hit'====== Args={'count': 3, 'hits': 3, 'remaining': 0}
2026-02-14 10:24:11,900 : INFO : EventManager : Event: ======'bodymovin_superjackpot_lit'====== Args={}
2026-02-14 10:24:11,900 : INFO : EventManager : Event: ======'logicblock_bodymovin_jackpots_collected_updated'====== Args={'value': 3, 'enabled': False}
2026-02-14 10:24:11,900 : INFO : EventManager : Event: ======'logicblock_bodymovin_superjackpot_updated'====== Args={'value': 0, 'enabled': False}
2026-02-14 10:24:11,900 : INFO : EventManager : Event: ======'logicblock_bodymovin_superjackpot_updated'====== Args={'value': 0, 'enabled': True}
2026-02-14 10:24:11,901 : INFO : EventManager : Event: ======'player_shot_bodymovin_leftorbit_enabled'====== Args={'value': True, 'prev_value': False, 'change': 1, 'player_num': 1}
2026-02-14 10:24:11,901 : INFO : EventManager : Event: ======'player_shot_bodymovin_leftramp'====== Args={'value': 0, 'prev_value': 1, 'change': -1, 'player_num': 1}
2026-02-14 10:24:11,901 : INFO : EventManager : Event: ======'player_shot_bodymovin_leftramp_enabled'====== Args={'value': True, 'prev_value': False, 'change': 1, 'player_num': 1}
2026-02-14 10:24:11,902 : INFO : EventManager : Event: ======'player_shot_bodymovin_inner_loop_enabled'====== Args={'value': True, 'prev_value': False, 'change': 1, 'player_num': 1}
2026-02-14 10:24:11,902 : INFO : EventManager : Event: ======'player_shot_bodymovin_captiveball_enabled'====== Args={'value': True, 'prev_value': False, 'change': 1, 'player_num': 1}
2026-02-14 10:24:11,902 : INFO : EventManager : Event: ======'player_shot_bodymovin_rightramp_enabled'====== Args={'value': True, 'prev_value': False, 'change': 1, 'player_num': 1}
2026-02-14 10:24:11,903 : INFO : EventManager : Event: ======'player_shot_bodymovin_rightorbit_enabled'====== Args={'value': True, 'prev_value': False, 'change': 1, 'player_num': 1}
2026-02-14 10:24:11,903 : INFO : EventManager : Event: ======'bodymovin_advance_super_jackpot_random'====== Args={'priority': 0}
2026-02-14 10:24:11,903 : INFO : Timer.bodymovin_roam_right : Starting Timer.
2026-02-14 10:24:11,903 : INFO : EventManager : Event: ======'timer_bodymovin_roam_right_started'====== Args={'ticks': 2, 'ticks_remaining': 1}
2026-02-14 10:24:11,903 : INFO : EventManager : Event: ======'timer_bodymovin_roam_right_tick'====== Args={'ticks': 2, 'ticks_remaining': 1}
2026-02-14 10:24:11,904 : INFO : EventManager : Event: ======'bodymovin_roving_shot_complete'====== Args={'state': 'off'}
2026-02-14 10:24:11,904 : INFO : EventManager : Event: ======'bodymovin_roving_shot_off_complete'====== Args={}
2026-02-14 10:24:11,904 : INFO : EventManager : Event: ======'bodymovin_advance_super_rightorbit'====== Args={}
2026-02-14 10:24:11,904 : INFO : EventManager : Event: ======'advance_bodymovin_rightorbit'====== Args={'priority': 0}
2026-02-14 10:24:11,904 : INFO : EventManager : Event: ======'player_shot_bodymovin_rightorbit'====== Args={'value': 1, 'prev_value': 0, 'change': 1, 'player_num': 1}
2026-02-14 10:24:11,905 : INFO : EventManager : Event: ======'player_score'====== Args={'value': 28089990, 'prev_value': 26589990, 'change': 1500000, 'player_num': 1, 'source': 'bodymovin'}
2026-02-14 10:24:11,905 : INFO : EventManager : Event: ======'player_multiball_bodymovin_score'====== Args={'value': 20000000, 'prev_value': 18500000, 'change': 1500000, 'player_num': 1, 'source': 'bodymovin'}
2026-02-14 10:24:11,988 : INFO : SwitchController : <<<<<<< 's_left_ramp' inactive >>>>>>>
2026-02-14 10:24:12,173 : INFO : EventManager : Event: ======'player_superspins_superspins_timer_tick'====== Args={'value': 10, 'prev_value': 9, 'change': 1, 'player_num': 1}
2026-02-14 10:24:12,174 : INFO : EventManager : Event: ======'timer_superspins_timer_tick'====== Args={'ticks': 10, 'ticks_remaining': 20}
2026-02-14 10:24:12,906 : INFO : EventManager : Event: ======'player_bodymovin_bodymovin_roam_right_tick'====== Args={'value': 3, 'prev_value': 2, 'change': 1, 'player_num': 1}
2026-02-14 10:24:12,906 : INFO : Timer.bodymovin_roam_right : Timer Complete
2026-02-14 10:24:12,906 : INFO : Timer.bodymovin_roam_right : Stopping Timer
2026-02-14 10:24:12,906 : INFO : EventManager : Event: ======'timer_bodymovin_roam_right_stopped'====== Args={'ticks': 3, 'ticks_remaining': 1}
2026-02-14 10:24:12,906 : INFO : EventManager : Event: ======'timer_bodymovin_roam_right_complete'====== Args={'ticks': 3, 'ticks_remaining': 1}
2026-02-14 10:24:12,907 : INFO : EventManager : Event: ======'player_shot_bodymovin_leftorbit'====== Args={'value': 1, 'prev_value': 0, 'change': 1, 'player_num': 1}
2026-02-14 10:24:12,907 : INFO : EventManager : Event: ======'player_shot_bodymovin_rightorbit'====== Args={'value': 0, 'prev_value': 1, 'change': -1, 'player_num': 1}
2026-02-14 10:24:12,907 : INFO : EventManager : Event: ======'player_bodymovin_bodymovin_roam_right_tick'====== Args={'value': 0, 'prev_value': 3, 'change': -3, 'player_num': 1}
2026-02-14 10:24:12,908 : INFO : Timer.bodymovin_roam_right : Starting Timer.
2026-02-14 10:24:12,908 : INFO : EventManager : Event: ======'timer_bodymovin_roam_right_started'====== Args={'ticks': 0, 'ticks_remaining': 3}
2026-02-14 10:24:12,908 : INFO : EventManager : Event: ======'timer_bodymovin_roam_right_tick'====== Args={'ticks': 0, 'ticks_remaining': 3}
2026-02-14 10:24:13,138 : INFO : EventManager : Event: ======'right_ramp_to_left_orbit_combo_timeout'====== Args={}
2026-02-14 10:24:13,139 : INFO : EventManager : Event: ======'right_ramp_to_inner_loop_combo_timeout'====== Args={}
2026-02-14 10:24:13,140 : INFO : EventManager : Event: ======'right_ramp_to_captive_ball_combo_timeout'====== Args={}
2026-02-14 10:24:13,140 : INFO : EventManager : Event: ======'right_ramp_to_right_orbit_combo_timeout'====== Args={}
2026-02-14 10:24:13,186 : INFO : EventManager : Event: ======'player_superspins_superspins_timer_tick'====== Args={'value': 11, 'prev_value': 10, 'change': 1, 'player_num': 1}
2026-02-14 10:24:13,187 : INFO : EventManager : Event: ======'timer_superspins_timer_tick'====== Args={'ticks': 11, 'ticks_remaining': 19}
2026-02-14 10:24:13,920 : INFO : EventManager : Event: ======'player_bodymovin_bodymovin_roam_right_tick'====== Args={'value': 1, 'prev_value': 0, 'change': 1, 'player_num': 1}
2026-02-14 10:24:13,921 : INFO : EventManager : Event: ======'timer_bodymovin_roam_right_tick'====== Args={'ticks': 1, 'ticks_remaining': 2}
2026-02-14 10:24:14,185 : INFO : EventManager : Event: ======'player_superspins_superspins_timer_tick'====== Args={'value': 12, 'prev_value': 11, 'change': 1, 'player_num': 1}
2026-02-14 10:24:14,186 : INFO : EventManager : Event: ======'timer_superspins_timer_tick'====== Args={'ticks': 12, 'ticks_remaining': 18}
2026-02-14 10:24:14,904 : INFO : EventManager : Event: ======'left_ramp_to_left_orbit_combo_timeout'====== Args={}
2026-02-14 10:24:14,904 : INFO : EventManager : Event: ======'left_ramp_to_inner_loop_combo_timeout'====== Args={}
2026-02-14 10:24:14,905 : INFO : EventManager : Event: ======'left_ramp_to_captive_ball_combo_timeout'====== Args={}
2026-02-14 10:24:14,905 : INFO : EventManager : Event: ======'left_ramp_to_right_ramp_combo_timeout'====== Args={}
2026-02-14 10:24:14,905 : INFO : EventManager : Event: ======'left_ramp_to_right_orbit_combo_timeout'====== Args={}
2026-02-14 10:24:14,920 : INFO : EventManager : Event: ======'player_bodymovin_bodymovin_roam_right_tick'====== Args={'value': 2, 'prev_value': 1, 'change': 1, 'player_num': 1}
2026-02-14 10:24:14,920 : INFO : EventManager : Event: ======'timer_bodymovin_roam_right_tick'====== Args={'ticks': 2, 'ticks_remaining': 1}
2026-02-14 10:24:15,186 : INFO : EventManager : Event: ======'player_superspins_superspins_timer_tick'====== Args={'value': 13, 'prev_value': 12, 'change': 1, 'player_num': 1}
2026-02-14 10:24:15,188 : INFO : EventManager : Event: ======'timer_superspins_timer_tick'====== Args={'ticks': 13, 'ticks_remaining': 17}
2026-02-14 10:24:15,394 : INFO : SwitchController : <<<<<<< 's_left_orbit' active >>>>>>>
2026-02-14 10:24:15,394 : INFO : EventManager : Event: ======'s_left_orbit_active'====== Args={}
2026-02-14 10:24:15,394 : INFO : EventManager : Event: ======'machine_var_audits_switches_s_left_orbit'====== Args={'value': 348, 'prev_value': 347, 'change': 1}
2026-02-14 10:24:15,395 : INFO : EventManager : Event: ======'player_score'====== Args={'value': 28090100, 'prev_value': 28089990, 'change': 110, 'player_num': 1, 'source': 'base'}
2026-02-14 10:24:15,476 : INFO : SwitchController : <<<<<<< 's_left_orbit' inactive >>>>>>>
2026-02-14 10:24:15,917 : INFO : EventManager : Event: ======'player_bodymovin_bodymovin_roam_right_tick'====== Args={'value': 3, 'prev_value': 2, 'change': 1, 'player_num': 1}
2026-02-14 10:24:15,918 : INFO : Timer.bodymovin_roam_right : Timer Complete
2026-02-14 10:24:15,918 : INFO : Timer.bodymovin_roam_right : Stopping Timer
2026-02-14 10:24:15,918 : INFO : EventManager : Event: ======'timer_bodymovin_roam_right_stopped'====== Args={'ticks': 3, 'ticks_remaining': 1}
2026-02-14 10:24:15,918 : INFO : EventManager : Event: ======'timer_bodymovin_roam_right_complete'====== Args={'ticks': 3, 'ticks_remaining': 1}
2026-02-14 10:24:15,919 : INFO : EventManager : Event: ======'player_shot_bodymovin_leftorbit'====== Args={'value': 0, 'prev_value': 1, 'change': -1, 'player_num': 1}
2026-02-14 10:24:15,919 : INFO : EventManager : Event: ======'player_shot_bodymovin_leftramp'====== Args={'value': 1, 'prev_value': 0, 'change': 1, 'player_num': 1}
2026-02-14 10:24:15,919 : INFO : EventManager : Event: ======'player_bodymovin_bodymovin_roam_right_tick'====== Args={'value': 0, 'prev_value': 3, 'change': -3, 'player_num': 1}
2026-02-14 10:24:15,920 : INFO : Timer.bodymovin_roam_right : Starting Timer.
2026-02-14 10:24:15,920 : INFO : EventManager : Event: ======'timer_bodymovin_roam_right_started'====== Args={'ticks': 0, 'ticks_remaining': 3}
2026-02-14 10:24:15,920 : INFO : EventManager : Event: ======'timer_bodymovin_roam_right_tick'====== Args={'ticks': 0, 'ticks_remaining': 3}
2026-02-14 10:24:16,035 : INFO : SwitchController : <<<<<<< 's_right_orbit' active >>>>>>>
2026-02-14 10:24:16,036 : INFO : EventManager : Event: ======'s_right_orbit_active'====== Args={}
2026-02-14 10:24:16,036 : INFO : EventManager : Event: ======'machine_var_audits_switches_s_right_orbit'====== Args={'value': 457, 'prev_value': 456, 'change': 1}
2026-02-14 10:24:16,037 : INFO : EventManager : Event: ======'player_score'====== Args={'value': 28090210, 'prev_value': 28090100, 'change': 110, 'player_num': 1, 'source': 'base'}
2026-02-14 10:24:16,037 : INFO : EventManager : Event: ======'left_orbit_sequence_hit'====== Args={'elapsed': 0.6416735001839697}
2026-02-14 10:24:16,038 : INFO : EventManager : Event: ======'machine_var_audits_shots_left_orbit'====== Args={'value': 159, 'prev_value': 158, 'change': 1}
2026-02-14 10:24:16,038 : INFO : EventManager : Event: ======'left_orbit_hit'====== Args={'profile': 'base_shot_profile', 'state': 'off', 'advancing': False}
2026-02-14 10:24:16,038 : INFO : EventManager : Event: ======'left_orbit_base_shot_profile_hit'====== Args={'profile': 'base_shot_profile', 'state': 'off', 'advancing': False}
2026-02-14 10:24:16,038 : INFO : EventManager : Event: ======'left_orbit_base_shot_profile_off_hit'====== Args={'profile': 'base_shot_profile', 'state': 'off', 'advancing': False}
2026-02-14 10:24:16,039 : INFO : EventManager : Event: ======'left_orbit_off_hit'====== Args={'profile': 'base_shot_profile', 'state': 'off', 'advancing': False}
2026-02-14 10:24:16,039 : INFO : EventManager : Event: ======'machine_var_audits_shots_bodymovin_leftorbit'====== Args={'value': 2, 'prev_value': 1, 'change': 1}
2026-02-14 10:24:16,039 : INFO : EventManager : Event: ======'bodymovin_leftorbit_hit'====== Args={'profile': 'bodymovin_roving_shot', 'state': 'off', 'advancing': False}
2026-02-14 10:24:16,039 : INFO : EventManager : Event: ======'bodymovin_leftorbit_bodymovin_roving_shot_hit'====== Args={'profile': 'bodymovin_roving_shot', 'state': 'off', 'advancing': False}
2026-02-14 10:24:16,039 : INFO : EventManager : Event: ======'bodymovin_leftorbit_bodymovin_roving_shot_off_hit'====== Args={'profile': 'bodymovin_roving_shot', 'state': 'off', 'advancing': False}
2026-02-14 10:24:16,039 : INFO : EventManager : Event: ======'bodymovin_leftorbit_off_hit'====== Args={'profile': 'bodymovin_roving_shot', 'state': 'off', 'advancing': False}
2026-02-14 10:24:16,040 : INFO : EventManager : Event: ======'player_score'====== Args={'value': 28091220, 'prev_value': 28090210, 'change': 1010, 'player_num': 1, 'source': 'base'}
2026-02-14 10:24:16,040 : INFO : EventManager : Event: ======'logicblock_superstandups_counter_updated'====== Args={'value': 2, 'enabled': True}
2026-02-14 10:24:16,040 : INFO : EventManager : Event: ======'counter_superstandups_counter_hit'====== Args={'count': 2, 'hits': 2, 'remaining': 3}
2026-02-14 10:24:16,040 : INFO : EventManager : Event: ======'logicblock_superstandups_counter_hit'====== Args={'count': 2, 'hits': 2, 'remaining': 3}
2026-02-14 10:24:16,041 : INFO : EventManager : Event: ======'bodymovin_roving_shot_hit'====== Args={'shot': 'bodymovin_leftorbit'}
2026-02-14 10:24:16,041 : INFO : EventManager : Event: ======'bodymovin_roving_shot_off_hit'====== Args={'shot': 'bodymovin_leftorbit'}
2026-02-14 10:24:16,124 : INFO : SwitchController : <<<<<<< 's_right_orbit' inactive >>>>>>>
2026-02-14 10:24:16,183 : INFO : EventManager : Event: ======'player_superspins_superspins_timer_tick'====== Args={'value': 14, 'prev_value': 13, 'change': 1, 'player_num': 1}
2026-02-14 10:24:16,184 : INFO : EventManager : Event: ======'timer_superspins_timer_tick'====== Args={'ticks': 14, 'ticks_remaining': 16}
2026-02-14 10:24:16,933 : INFO : EventManager : Event: ======'player_bodymovin_bodymovin_roam_right_tick'====== Args={'value': 1, 'prev_value': 0, 'change': 1, 'player_num': 1}
2026-02-14 10:24:16,934 : INFO : EventManager : Event: ======'timer_bodymovin_roam_right_tick'====== Args={'ticks': 1, 'ticks_remaining': 2}
2026-02-14 10:24:17,183 : INFO : EventManager : Event: ======'player_superspins_superspins_timer_tick'====== Args={'value': 15, 'prev_value': 14, 'change': 1, 'player_num': 1}
2026-02-14 10:24:17,184 : INFO : EventManager : Event: ======'timer_superspins_timer_tick'====== Args={'ticks': 15, 'ticks_remaining': 15}
2026-02-14 10:24:17,403 : INFO : EventManager : Event: ======'left_orbit_backdoor_sequence_timeout'====== Args={}
2026-02-14 10:24:17,935 : INFO : EventManager : Event: ======'player_bodymovin_bodymovin_roam_right_tick'====== Args={'value': 2, 'prev_value': 1, 'change': 1, 'player_num': 1}
2026-02-14 10:24:17,936 : INFO : EventManager : Event: ======'timer_bodymovin_roam_right_tick'====== Args={'ticks': 2, 'ticks_remaining': 1}
2026-02-14 10:24:18,184 : INFO : EventManager : Event: ======'player_superspins_superspins_timer_tick'====== Args={'value': 16, 'prev_value': 15, 'change': 1, 'player_num': 1}
2026-02-14 10:24:18,185 : INFO : EventManager : Event: ======'timer_superspins_timer_tick'====== Args={'ticks': 16, 'ticks_remaining': 14}
2026-02-14 10:24:18,933 : INFO : EventManager : Event: ======'player_bodymovin_bodymovin_roam_right_tick'====== Args={'value': 3, 'prev_value': 2, 'change': 1, 'player_num': 1}
2026-02-14 10:24:18,934 : INFO : Timer.bodymovin_roam_right : Timer Complete
2026-02-14 10:24:18,935 : INFO : Timer.bodymovin_roam_right : Stopping Timer
2026-02-14 10:24:18,935 : INFO : EventManager : Event: ======'timer_bodymovin_roam_right_stopped'====== Args={'ticks': 3, 'ticks_remaining': 1}
2026-02-14 10:24:18,935 : INFO : EventManager : Event: ======'timer_bodymovin_roam_right_complete'====== Args={'ticks': 3, 'ticks_remaining': 1}
2026-02-14 10:24:18,936 : INFO : EventManager : Event: ======'player_shot_bodymovin_leftramp'====== Args={'value': 0, 'prev_value': 1, 'change': -1, 'player_num': 1}
2026-02-14 10:24:18,936 : INFO : EventManager : Event: ======'player_shot_bodymovin_inner_loop'====== Args={'value': 1, 'prev_value': 0, 'change': 1, 'player_num': 1}
2026-02-14 10:24:18,937 : INFO : EventManager : Event: ======'player_bodymovin_bodymovin_roam_right_tick'====== Args={'value': 0, 'prev_value': 3, 'change': -3, 'player_num': 1}
2026-02-14 10:24:18,937 : INFO : Timer.bodymovin_roam_right : Starting Timer.
2026-02-14 10:24:18,937 : INFO : EventManager : Event: ======'timer_bodymovin_roam_right_started'====== Args={'ticks': 0, 'ticks_remaining': 3}
2026-02-14 10:24:18,937 : INFO : EventManager : Event: ======'timer_bodymovin_roam_right_tick'====== Args={'ticks': 0, 'ticks_remaining': 3}
2026-02-14 10:24:19,042 : INFO : EventManager : Event: ======'left_orbit_to_inner_loop_combo_timeout'====== Args={}
2026-02-14 10:24:19,043 : INFO : EventManager : Event: ======'left_orbit_to_left_ramp_combo_timeout'====== Args={}
2026-02-14 10:24:19,043 : INFO : EventManager : Event: ======'left_orbit_to_captive_ball_combo_timeout'====== Args={}
2026-02-14 10:24:19,044 : INFO : EventManager : Event: ======'left_orbit_to_right_ramp_combo_timeout'====== Args={}
2026-02-14 10:24:19,044 : INFO : EventManager : Event: ======'left_orbit_to_right_orbit_combo_timeout'====== Args={}
2026-02-14 10:24:19,145 : INFO : SwitchController : <<<<<<< 's_left_ramp' active >>>>>>>
2026-02-14 10:24:19,146 : INFO : EventManager : Event: ======'s_left_ramp_active'====== Args={}
2026-02-14 10:24:19,146 : INFO : EventManager : Event: ======'machine_var_audits_switches_s_left_ramp'====== Args={'value': 645, 'prev_value': 644, 'change': 1}
2026-02-14 10:24:19,147 : INFO : EventManager : Event: ======'machine_var_audits_shots_left_ramp'====== Args={'value': 505, 'prev_value': 504, 'change': 1}
2026-02-14 10:24:19,148 : INFO : EventManager : Event: ======'left_ramp_hit'====== Args={'profile': 'base_shot_profile', 'state': 'off', 'advancing': False}
2026-02-14 10:24:19,148 : INFO : EventManager : Event: ======'left_ramp_base_shot_profile_hit'====== Args={'profile': 'base_shot_profile', 'state': 'off', 'advancing': False}
2026-02-14 10:24:19,148 : INFO : EventManager : Event: ======'left_ramp_base_shot_profile_off_hit'====== Args={'profile': 'base_shot_profile', 'state': 'off', 'advancing': False}
2026-02-14 10:24:19,148 : INFO : EventManager : Event: ======'left_ramp_off_hit'====== Args={'profile': 'base_shot_profile', 'state': 'off', 'advancing': False}
2026-02-14 10:24:19,149 : INFO : EventManager : Event: ======'machine_var_audits_shots_bodymovin_leftramp'====== Args={'value': 10, 'prev_value': 9, 'change': 1}
2026-02-14 10:24:19,149 : INFO : EventManager : Event: ======'bodymovin_leftramp_hit'====== Args={'profile': 'bodymovin_roving_shot', 'state': 'off', 'advancing': False}
2026-02-14 10:24:19,149 : INFO : EventManager : Event: ======'bodymovin_leftramp_bodymovin_roving_shot_hit'====== Args={'profile': 'bodymovin_roving_shot', 'state': 'off', 'advancing': False}
2026-02-14 10:24:19,149 : INFO : EventManager : Event: ======'bodymovin_leftramp_bodymovin_roving_shot_off_hit'====== Args={'profile': 'bodymovin_roving_shot', 'state': 'off', 'advancing': False}
2026-02-14 10:24:19,149 : INFO : EventManager : Event: ======'bodymovin_leftramp_off_hit'====== Args={'profile': 'bodymovin_roving_shot', 'state': 'off', 'advancing': False}
2026-02-14 10:24:19,150 : INFO : EventManager : Event: ======'player_score'====== Args={'value': 28094230, 'prev_value': 28091220, 'change': 3010, 'player_num': 1, 'source': 'base'}
2026-02-14 10:24:19,150 : INFO : EventManager : Event: ======'bodymovin_roving_shot_hit'====== Args={'shot': 'bodymovin_leftramp'}
2026-02-14 10:24:19,150 : INFO : EventManager : Event: ======'bodymovin_roving_shot_off_hit'====== Args={'shot': 'bodymovin_leftramp'}
2026-02-14 10:24:19,173 : INFO : EventManager : Event: ======'player_superspins_superspins_timer_tick'====== Args={'value': 17, 'prev_value': 16, 'change': 1, 'player_num': 1}
2026-02-14 10:24:19,175 : INFO : EventManager : Event: ======'timer_superspins_timer_tick'====== Args={'ticks': 17, 'ticks_remaining': 13}
2026-02-14 10:24:19,265 : INFO : SwitchController : <<<<<<< 's_left_ramp' inactive >>>>>>>
2026-02-14 10:24:19,938 : INFO : EventManager : Event: ======'player_bodymovin_bodymovin_roam_right_tick'====== Args={'value': 1, 'prev_value': 0, 'change': 1, 'player_num': 1}
2026-02-14 10:24:19,940 : INFO : EventManager : Event: ======'timer_bodymovin_roam_right_tick'====== Args={'ticks': 1, 'ticks_remaining': 2}
2026-02-14 10:24:20,174 : INFO : EventManager : Event: ======'player_superspins_superspins_timer_tick'====== Args={'value': 18, 'prev_value': 17, 'change': 1, 'player_num': 1}
2026-02-14 10:24:20,175 : INFO : EventManager : Event: ======'timer_superspins_timer_tick'====== Args={'ticks': 18, 'ticks_remaining': 12}
2026-02-14 10:24:20,737 : INFO : SwitchController : <<<<<<< 's_inner_orbit' active >>>>>>>
2026-02-14 10:24:20,737 : INFO : EventManager : Event: ======'s_inner_orbit_active'====== Args={}
2026-02-14 10:24:20,738 : INFO : EventManager : Event: ======'machine_var_audits_switches_s_inner_orbit'====== Args={'value': 115, 'prev_value': 114, 'change': 1}
2026-02-14 10:24:20,739 : INFO : EventManager : Event: ======'player_score'====== Args={'value': 28095240, 'prev_value': 28094230, 'change': 1010, 'player_num': 1, 'source': 'base'}
2026-02-14 10:24:20,809 : INFO : SwitchController : <<<<<<< 's_inner_orbit' inactive >>>>>>>
2026-02-14 10:24:20,952 : INFO : EventManager : Event: ======'player_bodymovin_bodymovin_roam_right_tick'====== Args={'value': 2, 'prev_value': 1, 'change': 1, 'player_num': 1}
2026-02-14 10:24:20,953 : INFO : EventManager : Event: ======'timer_bodymovin_roam_right_tick'====== Args={'ticks': 2, 'ticks_remaining': 1}
2026-02-14 10:24:21,172 : INFO : EventManager : Event: ======'player_superspins_superspins_timer_tick'====== Args={'value': 19, 'prev_value': 18, 'change': 1, 'player_num': 1}
2026-02-14 10:24:21,173 : INFO : EventManager : Event: ======'timer_superspins_timer_tick'====== Args={'ticks': 19, 'ticks_remaining': 11}
2026-02-14 10:24:21,430 : INFO : SwitchController : <<<<<<< 's_right_orbit' active >>>>>>>
2026-02-14 10:24:21,431 : INFO : EventManager : Event: ======'s_right_orbit_active'====== Args={}
2026-02-14 10:24:21,431 : INFO : EventManager : Event: ======'machine_var_audits_switches_s_right_orbit'====== Args={'value': 458, 'prev_value': 457, 'change': 1}
2026-02-14 10:24:21,432 : INFO : EventManager : Event: ======'player_score'====== Args={'value': 28095350, 'prev_value': 28095240, 'change': 110, 'player_num': 1, 'source': 'base'}
2026-02-14 10:24:21,433 : INFO : EventManager : Event: ======'inner_loop_sequence_hit'====== Args={'elapsed': 0.6938126999884844}
2026-02-14 10:24:21,434 : INFO : EventManager : Event: ======'machine_var_audits_shots_inner_loop'====== Args={'value': 102, 'prev_value': 101, 'change': 1}
2026-02-14 10:24:21,434 : INFO : EventManager : Event: ======'inner_loop_hit'====== Args={'profile': 'base_shot_profile', 'state': 'off', 'advancing': False}
2026-02-14 10:24:21,434 : INFO : EventManager : Event: ======'inner_loop_base_shot_profile_hit'====== Args={'profile': 'base_shot_profile', 'state': 'off', 'advancing': False}
2026-02-14 10:24:21,434 : INFO : EventManager : Event: ======'inner_loop_base_shot_profile_off_hit'====== Args={'profile': 'base_shot_profile', 'state': 'off', 'advancing': False}
2026-02-14 10:24:21,434 : INFO : EventManager : Event: ======'inner_loop_off_hit'====== Args={'profile': 'base_shot_profile', 'state': 'off', 'advancing': False}
2026-02-14 10:24:21,434 : INFO : EventManager : Event: ======'machine_var_audits_shots_bodymovin_inner_loop'====== Args={'value': 2, 'prev_value': 1, 'change': 1}
2026-02-14 10:24:21,435 : INFO : EventManager : Event: ======'bodymovin_inner_loop_hit'====== Args={'profile': 'bodymovin_roving_shot', 'state': 'lit', 'advancing': False}
2026-02-14 10:24:21,435 : INFO : EventManager : Event: ======'bodymovin_inner_loop_bodymovin_roving_shot_hit'====== Args={'profile': 'bodymovin_roving_shot', 'state': 'lit', 'advancing': False}
2026-02-14 10:24:21,435 : INFO : EventManager : Event: ======'bodymovin_inner_loop_bodymovin_roving_shot_lit_hit'====== Args={'profile': 'bodymovin_roving_shot', 'state': 'lit', 'advancing': False}
2026-02-14 10:24:21,435 : INFO : EventManager : Event: ======'bodymovin_inner_loop_lit_hit'====== Args={'profile': 'bodymovin_roving_shot', 'state': 'lit', 'advancing': False}
2026-02-14 10:24:21,435 : INFO : EventManager : Event: ======'player_score'====== Args={'value': 28097360, 'prev_value': 28095350, 'change': 2010, 'player_num': 1, 'source': 'base'}
2026-02-14 10:24:21,436 : INFO : EventManager : Event: ======'left_ramp_to_inner_loop_combo_hit'====== Args={'elapsed': 2.2855922000017017}
2026-02-14 10:24:21,436 : INFO : EventManager : Event: ======'bodymovin_roving_shot_hit'====== Args={'shot': 'bodymovin_inner_loop'}
2026-02-14 10:24:21,436 : INFO : EventManager : Event: ======'bodymovin_roving_shot_lit_hit'====== Args={'shot': 'bodymovin_inner_loop'}
2026-02-14 10:24:21,437 : INFO : EventManager : Event: ======'logicblock_bodymovin_superjackpot_updated'====== Args={'value': 1, 'enabled': True}
2026-02-14 10:24:21,437 : INFO : EventManager : Event: ======'logicblock_bodymovin_superjackpot_hit'====== Args={'step': 1}
2026-02-14 10:24:21,437 : INFO : EventManager : Event: ======'bodymovin_superjackpot_hit'====== Args={}
2026-02-14 10:24:21,439 : INFO : EventManager : Event: ======'logicblock_bodymovin_superjackpot_updated'====== Args={'value': 1, 'enabled': False}
2026-02-14 10:24:21,439 : INFO : EventManager : Event: ======'logicblock_bodymovin_jackpots_collected_updated'====== Args={'value': 0, 'enabled': False}
2026-02-14 10:24:21,440 : INFO : EventManager : Event: ======'logicblock_bodymovin_jackpots_collected_updated'====== Args={'value': 0, 'enabled': True}
2026-02-14 10:24:21,440 : INFO : EventManager : Event: ======'logicblock_completing_bodymovin_jackpots_updated'====== Args={'value': [False, False], 'enabled': False}
2026-02-14 10:24:21,440 : INFO : EventManager : Event: ======'logicblock_completing_bodymovin_jackpots_updated'====== Args={'value': [False, False], 'enabled': True}
2026-02-14 10:24:21,441 : INFO : EventManager : Event: ======'logicblock_bodymovin_leftramp_jackpot_updated'====== Args={'value': 0, 'enabled': False}
2026-02-14 10:24:21,441 : INFO : EventManager : Event: ======'logicblock_bodymovin_leftramp_jackpot_updated'====== Args={'value': 0, 'enabled': True}
2026-02-14 10:24:21,442 : INFO : EventManager : Event: ======'logicblock_bodymovin_rightramp_jackpot_updated'====== Args={'value': 0, 'enabled': False}
2026-02-14 10:24:21,442 : INFO : EventManager : Event: ======'logicblock_bodymovin_rightramp_jackpot_updated'====== Args={'value': 0, 'enabled': True}
2026-02-14 10:24:21,442 : INFO : EventManager : Event: ======'player_shot_bodymovin_leftorbit_enabled'====== Args={'value': False, 'prev_value': True, 'change': -1, 'player_num': 1}
2026-02-14 10:24:21,443 : INFO : EventManager : Event: ======'player_shot_bodymovin_leftramp_enabled'====== Args={'value': False, 'prev_value': True, 'change': -1, 'player_num': 1}
2026-02-14 10:24:21,443 : INFO : EventManager : Event: ======'player_shot_bodymovin_inner_loop_enabled'====== Args={'value': False, 'prev_value': True, 'change': -1, 'player_num': 1}
2026-02-14 10:24:21,444 : INFO : EventManager : Event: ======'player_shot_bodymovin_captiveball_enabled'====== Args={'value': False, 'prev_value': True, 'change': -1, 'player_num': 1}
2026-02-14 10:24:21,444 : INFO : EventManager : Event: ======'player_shot_bodymovin_rightramp_enabled'====== Args={'value': False, 'prev_value': True, 'change': -1, 'player_num': 1}
2026-02-14 10:24:21,445 : INFO : EventManager : Event: ======'player_shot_bodymovin_rightorbit_enabled'====== Args={'value': False, 'prev_value': True, 'change': -1, 'player_num': 1}
2026-02-14 10:24:21,445 : INFO : EventManager : Event: ======'player_score'====== Args={'value': 34097360, 'prev_value': 28097360, 'change': 6000000, 'player_num': 1, 'source': 'bodymovin'}
2026-02-14 10:24:21,446 : INFO : EventManager : Event: ======'player_multiball_bodymovin_score'====== Args={'value': 26000000, 'prev_value': 20000000, 'change': 6000000, 'player_num': 1, 'source': 'bodymovin'}
2026-02-14 10:24:21,446 : INFO : EventManager : Event: ======'player_bodymovin_round'====== Args={'value': 4, 'prev_value': 3, 'change': 1, 'player_num': 1, 'source': 'bodymovin'}
2026-02-14 10:24:21,447 : INFO : blinkenlight.bl_leftramp_arrow_led : Color (76, 187, 23) with key bodymovin added
2026-02-14 10:24:21,447 : INFO : blinkenlight.bl_rightramp_arrow_led : Color (76, 187, 23) with key bodymovin added
2026-02-14 10:24:21,447 : INFO : Timer.bodymovin_roam_right : Pausing Timer for 0 ms
2026-02-14 10:24:21,448 : INFO : EventManager : Event: ======'timer_bodymovin_roam_right_paused'====== Args={'ticks': 2, 'ticks_remaining': 1}
2026-02-14 10:24:21,448 : INFO : EventManager : Event: ======'combo_hit'====== Args={'priority': 0}
2026-02-14 10:24:21,448 : INFO : EventManager : Event: ======'player_combos'====== Args={'value': 9, 'prev_value': 8, 'change': 1, 'player_num': 1, 'source': 'base'}
2026-02-14 10:24:21,450 : INFO : EventManager : Event: ======'logicblock_combos_count_updated'====== Args={'value': 9, 'enabled': True}
2026-02-14 10:24:21,450 : INFO : EventManager : Event: ======'counter_combos_count_hit'====== Args={'count': 9}
2026-02-14 10:24:21,451 : INFO : EventManager : Event: ======'logicblock_combos_count_hit'====== Args={'count': 9}
2026-02-14 10:24:21,505 : INFO : SwitchController : <<<<<<< 's_right_orbit' inactive >>>>>>>
2026-02-14 10:24:22,156 : INFO : EventManager : Event: ======'left_ramp_to_left_orbit_combo_timeout'====== Args={}
2026-02-14 10:24:22,157 : INFO : EventManager : Event: ======'left_ramp_to_captive_ball_combo_timeout'====== Args={}
2026-02-14 10:24:22,158 : INFO : EventManager : Event: ======'left_ramp_to_right_ramp_combo_timeout'====== Args={}
2026-02-14 10:24:22,159 : INFO : EventManager : Event: ======'left_ramp_to_right_orbit_combo_timeout'====== Args={}
2026-02-14 10:24:22,172 : INFO : EventManager : Event: ======'player_superspins_superspins_timer_tick'====== Args={'value': 20, 'prev_value': 19, 'change': 1, 'player_num': 1}
2026-02-14 10:24:22,173 : INFO : EventManager : Event: ======'timer_superspins_timer_tick'====== Args={'ticks': 20, 'ticks_remaining': 10}
2026-02-14 10:24:22,751 : INFO : EventManager : Event: ======'inner_loop_backdoor_sequence_timeout'====== Args={}
2026-02-14 10:24:23,174 : INFO : EventManager : Event: ======'player_superspins_superspins_timer_tick'====== Args={'value': 21, 'prev_value': 20, 'change': 1, 'player_num': 1}
2026-02-14 10:24:23,175 : INFO : EventManager : Event: ======'timer_superspins_timer_tick'====== Args={'ticks': 21, 'ticks_remaining': 9}
2026-02-14 10:24:23,441 : INFO : EventManager : Event: ======'right_orbit_backdoor_sequence_timeout'====== Args={}
2026-02-14 10:24:24,181 : INFO : EventManager : Event: ======'player_superspins_superspins_timer_tick'====== Args={'value': 22, 'prev_value': 21, 'change': 1, 'player_num': 1}
2026-02-14 10:24:24,182 : INFO : EventManager : Event: ======'timer_superspins_timer_tick'====== Args={'ticks': 22, 'ticks_remaining': 8}
2026-02-14 10:24:24,444 : INFO : EventManager : Event: ======'inner_loop_to_inner_loop_combo_timeout'====== Args={}
2026-02-14 10:24:24,445 : INFO : EventManager : Event: ======'inner_loop_to_left_orbit_combo_timeout'====== Args={}
2026-02-14 10:24:24,445 : INFO : EventManager : Event: ======'inner_loop_to_left_ramp_combo_timeout'====== Args={}
2026-02-14 10:24:24,445 : INFO : EventManager : Event: ======'inner_loop_to_captive_ball_ramp_combo_timeout'====== Args={}
2026-02-14 10:24:24,446 : INFO : EventManager : Event: ======'inner_loop_to_right_ramp_combo_timeout'====== Args={}
2026-02-14 10:24:24,446 : INFO : EventManager : Event: ======'inner_loop_to_right_orbit_combo_timeout'====== Args={}
2026-02-14 10:24:25,180 : INFO : EventManager : Event: ======'player_superspins_superspins_timer_tick'====== Args={'value': 23, 'prev_value': 22, 'change': 1, 'player_num': 1}
2026-02-14 10:24:25,181 : INFO : EventManager : Event: ======'timer_superspins_timer_tick'====== Args={'ticks': 23, 'ticks_remaining': 7}
2026-02-14 10:24:26,182 : INFO : EventManager : Event: ======'player_superspins_superspins_timer_tick'====== Args={'value': 24, 'prev_value': 23, 'change': 1, 'player_num': 1}
2026-02-14 10:24:26,183 : INFO : EventManager : Event: ======'timer_superspins_timer_tick'====== Args={'ticks': 24, 'ticks_remaining': 6}
2026-02-14 10:24:27,179 : INFO : EventManager : Event: ======'player_superspins_superspins_timer_tick'====== Args={'value': 25, 'prev_value': 24, 'change': 1, 'player_num': 1}
2026-02-14 10:24:27,180 : INFO : EventManager : Event: ======'timer_superspins_timer_tick'====== Args={'ticks': 25, 'ticks_remaining': 5}
2026-02-14 10:24:28,178 : INFO : EventManager : Event: ======'player_superspins_superspins_timer_tick'====== Args={'value': 26, 'prev_value': 25, 'change': 1, 'player_num': 1}
2026-02-14 10:24:28,179 : INFO : EventManager : Event: ======'timer_superspins_timer_tick'====== Args={'ticks': 26, 'ticks_remaining': 4}
2026-02-14 10:24:29,182 : INFO : EventManager : Event: ======'player_superspins_superspins_timer_tick'====== Args={'value': 27, 'prev_value': 26, 'change': 1, 'player_num': 1}
2026-02-14 10:24:29,183 : INFO : EventManager : Event: ======'timer_superspins_timer_tick'====== Args={'ticks': 27, 'ticks_remaining': 3}
2026-02-14 10:24:29,466 : INFO : Machine : Shutting down...
2026-02-14 10:24:29,466 : INFO : EventManager : Event: ======'shutdown'====== Args={}
2026-02-14 10:24:29,467 : INFO : EventManager : Event: ======'mode_service_will_stop'====== Args={}
2026-02-14 10:24:29,467 : INFO : EventManager : Event: ======'mode_service_stopping'====== Args={}
2026-02-14 10:24:29,467 : INFO : Mode.service : Stopped.
2026-02-14 10:24:29,467 : INFO : EventManager : Event: ======'modes_active_modes_changed'====== Args={}
2026-02-14 10:24:29,467 : INFO : EventManager : Event: ======'mode_service_stopped'====== Args={}
2026-02-14 10:24:29,468 : INFO : EventManager : Event: ======'clear'====== Args={'key': 'service'}
2026-02-14 10:24:29,469 : INFO : EventManager : Event: ======'mode_game_will_stop'====== Args={}
2026-02-14 10:24:29,469 : INFO : EventManager : Event: ======'mode_game_stopping'====== Args={}
2026-02-14 10:24:29,470 : INFO : EventManager : Event: ======'mode_superspins_will_stop'====== Args={}
2026-02-14 10:24:29,470 : INFO : EventManager : Event: ======'mode_superspins_stopping'====== Args={}
2026-02-14 10:24:29,470 : INFO : EventManager : Event: ======'mode_multiball_will_stop'====== Args={}
2026-02-14 10:24:29,470 : INFO : EventManager : Event: ======'mode_multiball_stopping'====== Args={}
2026-02-14 10:24:29,470 : INFO : EventManager : Event: ======'mode_batterycharger_will_stop'====== Args={}
2026-02-14 10:24:29,471 : INFO : EventManager : Event: ======'mode_batterycharger_stopping'====== Args={}
2026-02-14 10:24:29,471 : INFO : EventManager : Event: ======'mode_combos_will_stop'====== Args={}
2026-02-14 10:24:29,471 : INFO : EventManager : Event: ======'mode_combos_stopping'====== Args={}
2026-02-14 10:24:29,471 : INFO : EventManager : Event: ======'mode_base_will_stop'====== Args={}
2026-02-14 10:24:29,471 : INFO : EventManager : Event: ======'mode_base_stopping'====== Args={}
2026-02-14 10:24:29,471 : INFO : EventManager : Event: ======'mode_bodymovin_will_stop'====== Args={}
2026-02-14 10:24:29,471 : INFO : EventManager : Event: ======'mode_bodymovin_stopping'====== Args={}
2026-02-14 10:24:29,472 : INFO : Mode.bodymovin : Stopped.
2026-02-14 10:24:29,472 : INFO : EventManager : Event: ======'modes_active_modes_changed'====== Args={}
2026-02-14 10:24:29,472 : INFO : blinkenlight.bl_leftramp_arrow_led : Color removed with key bodymovin
2026-02-14 10:24:29,472 : INFO : blinkenlight.bl_rightramp_arrow_led : Color removed with key bodymovin
2026-02-14 10:24:29,472 : INFO : EventManager : Event: ======'mode_bodymovin_stopped'====== Args={}
2026-02-14 10:24:29,473 : INFO : EventManager : Event: ======'clear'====== Args={'key': 'bodymovin'}
2026-02-14 10:24:29,473 : INFO : EventManager : Event: ======'logicblock_drop_target_bank_counter_updated'====== Args={'value': 1, 'enabled': True}
2026-02-14 10:24:29,473 : INFO : EventManager : Event: ======'logicblock_qualify_chcheckitout_multiball_updated'====== Args={'value': 0, 'enabled': True}
2026-02-14 10:24:29,473 : INFO : EventManager : Event: ======'logicblock_enable_bodymovin_lock_1_updated'====== Args={'value': 0, 'enabled': False}
2026-02-14 10:24:29,473 : INFO : EventManager : Event: ======'logicblock_enable_bodymovin_lock_1_updated'====== Args={'value': 0, 'enabled': True}
2026-02-14 10:24:29,473 : INFO : EventManager : Event: ======'player_shot_tshirt_top_standup'====== Args={'value': 0, 'prev_value': 1, 'change': -1, 'player_num': 1}
2026-02-14 10:24:29,474 : INFO : EventManager : Event: ======'player_shot_tshirt_top_standup_enabled'====== Args={'value': True, 'prev_value': False, 'change': 1, 'player_num': 1}
2026-02-14 10:24:29,474 : INFO : EventManager : Event: ======'player_shot_tshirt_bottom_standup'====== Args={'value': 0, 'prev_value': 1, 'change': -1, 'player_num': 1}
2026-02-14 10:24:29,474 : INFO : EventManager : Event: ======'player_shot_tshirt_bottom_standup_enabled'====== Args={'value': True, 'prev_value': False, 'change': 1, 'player_num': 1}
2026-02-14 10:24:29,474 : INFO : EventManager : Event: ======'player_bodymovin_multiball_blocking_flag'====== Args={'value': 0, 'prev_value': 1, 'change': -1, 'player_num': 1, 'source': 'base'}
2026-02-14 10:24:29,475 : INFO : EventManager : Event: ======'sg_tshirts_complete'====== Args={'state': 'flash'}
2026-02-14 10:24:29,475 : INFO : EventManager : Event: ======'sg_tshirts_flash_complete'====== Args={}
2026-02-14 10:24:29,476 : INFO : Timer.bodymovin_roam_right : Stopping Timer
2026-02-14 10:24:29,476 : INFO : EventManager : Event: ======'timer_bodymovin_roam_right_stopped'====== Args={'ticks': 2, 'ticks_remaining': 1}
2026-02-14 10:24:29,476 : INFO : Mode.base : Stopped.
2026-02-14 10:24:29,476 : INFO : EventManager : Event: ======'modes_active_modes_changed'====== Args={}
2026-02-14 10:24:29,479 : INFO : EventManager : Event: ======'mode_base_stopped'====== Args={}
2026-02-14 10:24:29,480 : INFO : EventManager : Event: ======'clear'====== Args={'key': 'base'}
2026-02-14 10:24:29,484 : INFO : Timer.chcheckitoutfinish_widget_timer : Stopping Timer
2026-02-14 10:24:29,484 : INFO : EventManager : Event: ======'timer_chcheckitoutfinish_widget_timer_stopped'====== Args={'ticks': 0, 'ticks_remaining': 0}
2026-02-14 10:24:29,485 : INFO : Timer.bodymovin_widget_timer : Stopping Timer
2026-02-14 10:24:29,485 : INFO : EventManager : Event: ======'timer_bodymovin_widget_timer_stopped'====== Args={'ticks': 0, 'ticks_remaining': 0}
2026-02-14 10:24:29,485 : INFO : Timer.bodymovin_lock_enabled_widget_timer : Stopping Timer
2026-02-14 10:24:29,485 : INFO : EventManager : Event: ======'timer_bodymovin_lock_enabled_widget_timer_stopped'====== Args={'ticks': 4, 'ticks_remaining': 1}
2026-02-14 10:24:29,485 : INFO : Timer.bodymovin_ball_1_locked_widget_timer : Stopping Timer
2026-02-14 10:24:29,485 : INFO : EventManager : Event: ======'timer_bodymovin_ball_1_locked_widget_timer_stopped'====== Args={'ticks': 0, 'ticks_remaining': 0}
2026-02-14 10:24:29,485 : INFO : Timer.bodymovin_ball_2_locked_widget_timer : Stopping Timer
2026-02-14 10:24:29,485 : INFO : EventManager : Event: ======'timer_bodymovin_ball_2_locked_widget_timer_stopped'====== Args={'ticks': 4, 'ticks_remaining': 1}
2026-02-14 10:24:29,488 : INFO : Mode.combos : Stopped.
2026-02-14 10:24:29,488 : INFO : EventManager : Event: ======'modes_active_modes_changed'====== Args={}
2026-02-14 10:24:29,489 : INFO : EventManager : Event: ======'mode_combos_stopped'====== Args={}
2026-02-14 10:24:29,489 : INFO : EventManager : Event: ======'clear'====== Args={'key': 'combos'}
2026-02-14 10:24:29,494 : INFO : Mode.batterycharger : Stopped.
2026-02-14 10:24:29,494 : INFO : EventManager : Event: ======'modes_active_modes_changed'====== Args={}
2026-02-14 10:24:29,495 : INFO : EventManager : Event: ======'mode_batterycharger_stopped'====== Args={}
2026-02-14 10:24:29,495 : INFO : EventManager : Event: ======'clear'====== Args={'key': 'batterycharger'}
2026-02-14 10:24:29,495 : INFO : Mode.multiball : Stopped.
2026-02-14 10:24:29,495 : INFO : EventManager : Event: ======'modes_active_modes_changed'====== Args={}
2026-02-14 10:24:29,496 : INFO : EventManager : Event: ======'mode_multiball_stopped'====== Args={}
2026-02-14 10:24:29,496 : INFO : EventManager : Event: ======'clear'====== Args={'key': 'multiball'}
2026-02-14 10:24:29,496 : INFO : Mode.superspins : Stopped.
2026-02-14 10:24:29,496 : INFO : EventManager : Event: ======'modes_active_modes_changed'====== Args={}
2026-02-14 10:24:29,496 : INFO : EventManager : Event: ======'mode_superspins_stopped'====== Args={}
2026-02-14 10:24:29,496 : INFO : EventManager : Event: ======'clear'====== Args={'key': 'superspins'}
2026-02-14 10:24:29,496 : INFO : Timer.superspins_timer : Stopping Timer
2026-02-14 10:24:29,496 : INFO : EventManager : Event: ======'timer_superspins_timer_stopped'====== Args={'ticks': 27, 'ticks_remaining': 3}
2026-02-14 10:24:29,497 : INFO : Mode.game : Stopped.
2026-02-14 10:24:29,497 : INFO : EventManager : Event: ======'modes_active_modes_changed'====== Args={}
2026-02-14 10:24:29,497 : INFO : EventManager : Event: ======'mode_game_stopped'====== Args={}
2026-02-14 10:24:29,497 : INFO : EventManager : Event: ======'clear'====== Args={'key': 'game'}
2026-02-14 10:24:29,501 : INFO : root : MPF run loop ended.
