2026-01-19 15:01:36,553 : INFO : root : Loading config.
2026-01-19 15:01:36,558 : INFO : YamlMultifileConfigLoader : Machine config file #1: config.yaml
2026-01-19 15:01:36,559 : INFO : ConfigProcessor : Loading config from cache: C:\Users\sdona\AppData\Local\Temp\3b8fca15c900b8c5017593b227e0c010.mpf_cache
2026-01-19 15:01:36,697 : INFO : ConfigProcessor : Loading config from cache: C:\Users\sdona\AppData\Local\Temp\f6660a7d6ef93b3364a89f3863bac82d.mpf_cache
2026-01-19 15:01:36,698 : INFO : ConfigProcessor : Loading config from cache: C:\Users\sdona\AppData\Local\Temp\63a1edb72ce8f5a08e3b0bd829aa2a0d.mpf_cache
2026-01-19 15:01:36,699 : INFO : ConfigProcessor : Loading config from cache: C:\Users\sdona\AppData\Local\Temp\c340ec0033d1055cd797ffd5447ef414.mpf_cache
2026-01-19 15:01:36,700 : INFO : ConfigProcessor : Loading config from cache: C:\Users\sdona\AppData\Local\Temp\f6660a7d6ef93b3364a89f3863bac82d.mpf_cache
2026-01-19 15:01:36,701 : INFO : ConfigProcessor : Loading config from cache: C:\Users\sdona\AppData\Local\Temp\8c11a28e3c38d4ad47947b6a126f2ee9.mpf_cache
2026-01-19 15:01:36,702 : INFO : ConfigProcessor : Loading config from cache: C:\Users\sdona\AppData\Local\Temp\e391083cdc9e667060411fe5838e93f2.mpf_cache
2026-01-19 15:01:36,703 : INFO : ConfigProcessor : Loading config from cache: C:\Users\sdona\AppData\Local\Temp\f0c219a993d891ee86dcb7eae47dde67.mpf_cache
2026-01-19 15:01:36,703 : INFO : ConfigProcessor : Loading config from cache: C:\Users\sdona\AppData\Local\Temp\96aa58108928490b129531848cd9b506.mpf_cache
2026-01-19 15:01:36,704 : INFO : ConfigProcessor : Loading config from cache: C:\Users\sdona\AppData\Local\Temp\567636b9d9766e3361204e954a8382da.mpf_cache
2026-01-19 15:01:36,705 : INFO : ConfigProcessor : Loading config from cache: C:\Users\sdona\AppData\Local\Temp\8f47ddcaffd9506a6ab610332e5e93e6.mpf_cache
2026-01-19 15:01:36,705 : INFO : ConfigProcessor : Loading config from cache: C:\Users\sdona\AppData\Local\Temp\112f935d1c2002cb40d3e6e497be9e7c.mpf_cache
2026-01-19 15:01:36,706 : INFO : ConfigProcessor : Loading config from cache: C:\Users\sdona\AppData\Local\Temp\a4c67531f25fc6af6ec97b4ab4b5e0a4.mpf_cache
2026-01-19 15:01:36,707 : INFO : ConfigProcessor : Loading config from cache: C:\Users\sdona\AppData\Local\Temp\de8ed6c6d4c48d1b5b054ff74222cb35.mpf_cache
2026-01-19 15:01:36,708 : INFO : ConfigProcessor : Loading config from cache: C:\Users\sdona\AppData\Local\Temp\0511702d1aff7294933b3415dcc6bcd8.mpf_cache
2026-01-19 15:01:36,709 : INFO : ConfigProcessor : Loading config from cache: C:\Users\sdona\AppData\Local\Temp\3eebd8fc985a6907aa555c0256177d6c.mpf_cache
2026-01-19 15:01:36,709 : WARNING : ConfigProcessor : Config file in cache changed: C:\venv\mpf\mmmdrop\modes\batterycharger\config\batterycharger.yaml
2026-01-19 15:01:36,709 : INFO : ConfigProcessor : Loading config from file C:\venv\mpf\mmmdrop\modes\batterycharger\config\batterycharger.yaml.
2026-01-19 15:01:36,763 : INFO : ConfigProcessor : Loading config: C:\venv\mpf\mmmdrop\modes\batterycharger\config\batterycharger.yaml
2026-01-19 15:01:36,765 : INFO : ConfigProcessor : Config file cache created: C:\Users\sdona\AppData\Local\Temp\7f047f20ee2604e573d0056474eb225c.mpf_cache
2026-01-19 15:01:36,765 : INFO : ConfigProcessor : Loading config from cache: C:\Users\sdona\AppData\Local\Temp\7cbf965458447bfe6339fd0c6d804285.mpf_cache
2026-01-19 15:01:36,766 : INFO : ConfigProcessor : Loading config from cache: C:\Users\sdona\AppData\Local\Temp\c09cbc2eb967f07064f0c7aeb253df93.mpf_cache
2026-01-19 15:01:36,767 : INFO : ConfigProcessor : Loading config from cache: C:\Users\sdona\AppData\Local\Temp\3e3e819377c518a390ee259f491dfb06.mpf_cache
2026-01-19 15:01:36,768 : INFO : ConfigProcessor : Loading config from cache: C:\Users\sdona\AppData\Local\Temp\1bbdf2c973c297bc3add8824c296f9ca.mpf_cache
2026-01-19 15:01:36,769 : INFO : ConfigProcessor : Loading config from cache: C:\Users\sdona\AppData\Local\Temp\8743abc5a0185ade0d9653d9d4dd60e6.mpf_cache
2026-01-19 15:01:36,770 : INFO : ConfigProcessor : Loading config from cache: C:\Users\sdona\AppData\Local\Temp\bc1a93e04317e488751dae7b5251780b.mpf_cache
2026-01-19 15:01:36,770 : INFO : ConfigProcessor : Loading config from cache: C:\Users\sdona\AppData\Local\Temp\8a267c6d1ad3bd205388d8363e4a5749.mpf_cache
2026-01-19 15:01:36,771 : INFO : ConfigProcessor : Loading config from cache: C:\Users\sdona\AppData\Local\Temp\507fc1d02e2e92e18a6830a59c5dcf80.mpf_cache
2026-01-19 15:01:36,772 : INFO : ConfigProcessor : Loading config from cache: C:\Users\sdona\AppData\Local\Temp\1d2961d421c758b6953fd569505e4b2d.mpf_cache
2026-01-19 15:01:36,772 : INFO : ConfigProcessor : Loading config from cache: C:\Users\sdona\AppData\Local\Temp\9e72e5fa0fd05160f49186c6524c14c9.mpf_cache
2026-01-19 15:01:36,773 : INFO : ConfigProcessor : Loading config from cache: C:\Users\sdona\AppData\Local\Temp\f7ea71975115b23719e8d60bf22b5425.mpf_cache
2026-01-19 15:01:36,774 : INFO : ConfigProcessor : Loading config from cache: C:\Users\sdona\AppData\Local\Temp\56c9cddbcff0d1410386b266159a0775.mpf_cache
2026-01-19 15:01:36,775 : INFO : ConfigProcessor : Loading config from cache: C:\Users\sdona\AppData\Local\Temp\6c385f71891889a392ac696568578c7f.mpf_cache
2026-01-19 15:01:36,776 : INFO : ConfigProcessor : Loading config from cache: C:\Users\sdona\AppData\Local\Temp\8bff58349a5bdf4b88bcb50c5fc898e7.mpf_cache
2026-01-19 15:01:36,777 : INFO : ConfigProcessor : Loading config from cache: C:\Users\sdona\AppData\Local\Temp\e6b55d6a1c06b0dd6369c964181bf8d3.mpf_cache
2026-01-19 15:01:36,778 : INFO : ConfigProcessor : Loading config from cache: C:\Users\sdona\AppData\Local\Temp\c400bf69dd848f9ec4f3356496b25a78.mpf_cache
2026-01-19 15:01:36,779 : INFO : ConfigProcessor : Loading config from cache: C:\Users\sdona\AppData\Local\Temp\b5a54abfbba58cd6005650aabe85cb35.mpf_cache
2026-01-19 15:01:36,779 : INFO : ConfigProcessor : Loading config from cache: C:\Users\sdona\AppData\Local\Temp\b9cf3f1e934d5266c0035de47faec02b.mpf_cache
2026-01-19 15:01:36,780 : INFO : ConfigProcessor : Loading config from cache: C:\Users\sdona\AppData\Local\Temp\67d6cae7afaea6fe987e87f8d3a3ea21.mpf_cache
2026-01-19 15:01:36,780 : INFO : ConfigProcessor : Loading config from cache: C:\Users\sdona\AppData\Local\Temp\e4c5b832148a7d383976fcf70408e8af.mpf_cache
2026-01-19 15:01:36,781 : INFO : ConfigProcessor : Loading config from cache: C:\Users\sdona\AppData\Local\Temp\dce98d0c8129174f78168c3f3b9d3db8.mpf_cache
2026-01-19 15:01:36,782 : INFO : ConfigProcessor : Loading config from cache: C:\Users\sdona\AppData\Local\Temp\141b19e6c0168c485bbb38b6543175a8.mpf_cache
2026-01-19 15:01:36,782 : INFO : ConfigProcessor : Loading config from cache: C:\Users\sdona\AppData\Local\Temp\ada3b5b562837d919d62b9df0d0de8d3.mpf_cache
2026-01-19 15:01:36,783 : INFO : ConfigProcessor : Loading config from cache: C:\Users\sdona\AppData\Local\Temp\4e6dd3b0a361d042ad5ab93a8cc8b437.mpf_cache
2026-01-19 15:01:36,784 : INFO : ConfigProcessor : Loading config from cache: C:\Users\sdona\AppData\Local\Temp\e97c871403fe82070ff249d62d7cfe22.mpf_cache
2026-01-19 15:01:36,784 : INFO : ConfigProcessor : Loading config from cache: C:\Users\sdona\AppData\Local\Temp\64b6da5876f56fc970400d85dfe882ec.mpf_cache
2026-01-19 15:01:36,785 : INFO : ConfigProcessor : Loading config from cache: C:\Users\sdona\AppData\Local\Temp\c5a11fc9367393a964e333a780e846f7.mpf_cache
2026-01-19 15:01:36,786 : INFO : ConfigProcessor : Loading config from cache: C:\Users\sdona\AppData\Local\Temp\2816335dd466496617c9461f091e66f7.mpf_cache
2026-01-19 15:01:36,786 : INFO : ConfigProcessor : Loading config from cache: C:\Users\sdona\AppData\Local\Temp\6359f7257429add2d261e94bcafd60d5.mpf_cache
2026-01-19 15:01:36,787 : INFO : ConfigProcessor : Loading config from cache: C:\Users\sdona\AppData\Local\Temp\e1f034e230342bd5fff9d9c9df707a6d.mpf_cache
2026-01-19 15:01:36,788 : INFO : ConfigProcessor : Loading config from cache: C:\Users\sdona\AppData\Local\Temp\bed2bac5ea254e8ca98f6dd45e865fd8.mpf_cache
2026-01-19 15:01:36,788 : INFO : ConfigProcessor : Loading config from cache: C:\Users\sdona\AppData\Local\Temp\48e8797b77339ec89f8005d20046fbbb.mpf_cache
2026-01-19 15:01:36,789 : INFO : ConfigProcessor : Loading config from cache: C:\Users\sdona\AppData\Local\Temp\b0b8ed4dbd306ac2f063788d81ec6bc4.mpf_cache
2026-01-19 15:01:36,790 : INFO : ConfigProcessor : Loading config from cache: C:\Users\sdona\AppData\Local\Temp\98b42cbd2eba7845afea8d7862634639.mpf_cache
2026-01-19 15:01:36,790 : INFO : ConfigProcessor : Loading config from cache: C:\Users\sdona\AppData\Local\Temp\44893055a228bb5e0381bfc6f9c0abd7.mpf_cache
2026-01-19 15:01:36,791 : INFO : ConfigProcessor : Loading config from cache: C:\Users\sdona\AppData\Local\Temp\2042660f443afc84f0703d0905ba54ee.mpf_cache
2026-01-19 15:01:36,791 : INFO : ConfigProcessor : Loading config from cache: C:\Users\sdona\AppData\Local\Temp\dd7647dd44793170b37285bb75f4ccd8.mpf_cache
2026-01-19 15:01:36,792 : INFO : ConfigProcessor : Loading config from cache: C:\Users\sdona\AppData\Local\Temp\e2d7f53c0c71e4d0bd9bdd0119e59cc4.mpf_cache
2026-01-19 15:01:36,792 : INFO : ConfigProcessor : Loading config from cache: C:\Users\sdona\AppData\Local\Temp\8c6fac435f6ad554a9aceeec6bf90d60.mpf_cache
2026-01-19 15:01:36,793 : INFO : ConfigProcessor : Loading config from cache: C:\Users\sdona\AppData\Local\Temp\189e01913405dcf21368edf880785f17.mpf_cache
2026-01-19 15:01:36,794 : INFO : ConfigProcessor : Loading config from cache: C:\Users\sdona\AppData\Local\Temp\9c2447d5008e5c2337580412edd81bce.mpf_cache
2026-01-19 15:01:36,794 : INFO : ConfigProcessor : Loading config from cache: C:\Users\sdona\AppData\Local\Temp\ecb35127b61fe2c3f803378f52b53af8.mpf_cache
2026-01-19 15:01:36,795 : INFO : ConfigProcessor : Loading config from cache: C:\Users\sdona\AppData\Local\Temp\a453bc519324a010fc5f97d23b1d6283.mpf_cache
2026-01-19 15:01:36,795 : INFO : ConfigProcessor : Loading config from cache: C:\Users\sdona\AppData\Local\Temp\e134e8f85ba8fa9c3d7f1500ca292437.mpf_cache
2026-01-19 15:01:36,796 : INFO : ConfigProcessor : Loading config from cache: C:\Users\sdona\AppData\Local\Temp\b24b6909ee6e0520126bbce60d1ed210.mpf_cache
2026-01-19 15:01:36,797 : INFO : ConfigProcessor : Loading config from cache: C:\Users\sdona\AppData\Local\Temp\cba807ea4a81180f6dd01afffacec8ed.mpf_cache
2026-01-19 15:01:36,798 : INFO : ConfigProcessor : Loading config from cache: C:\Users\sdona\AppData\Local\Temp\1ea2aa0876194c7260510f0845fe4bfe.mpf_cache
2026-01-19 15:01:36,799 : INFO : ConfigProcessor : Loading config from cache: C:\Users\sdona\AppData\Local\Temp\a173d53041ed6761e8719c2951eee9e5.mpf_cache
2026-01-19 15:01:36,799 : INFO : ConfigProcessor : Loading config from cache: C:\Users\sdona\AppData\Local\Temp\f071e720e1ef2a753ced60502153911a.mpf_cache
2026-01-19 15:01:36,800 : INFO : ConfigProcessor : Loading config from cache: C:\Users\sdona\AppData\Local\Temp\a464c65b0880a71dbe3e02b1f7271abd.mpf_cache
2026-01-19 15:01:36,800 : INFO : ConfigProcessor : Loading config from cache: C:\Users\sdona\AppData\Local\Temp\b4bf5fa77bdb26872f42159f572a3499.mpf_cache
2026-01-19 15:01:36,801 : INFO : ConfigProcessor : Loading config from cache: C:\Users\sdona\AppData\Local\Temp\cd6f6abb19272a94675a232f8f899ac9.mpf_cache
2026-01-19 15:01:36,801 : INFO : ConfigProcessor : Loading config from cache: C:\Users\sdona\AppData\Local\Temp\5c997126cef538283363f6706780c8e5.mpf_cache
2026-01-19 15:01:36,802 : INFO : ConfigProcessor : Loading config from cache: C:\Users\sdona\AppData\Local\Temp\51c405745738281c3f5e2edc082329f1.mpf_cache
2026-01-19 15:01:36,803 : INFO : ConfigProcessor : Loading config from cache: C:\Users\sdona\AppData\Local\Temp\cbc61a9ec21d345237ebbced62572970.mpf_cache
2026-01-19 15:01:36,803 : INFO : ConfigProcessor : Loading config from cache: C:\Users\sdona\AppData\Local\Temp\c25e7c71bc90546538d4e68911be6658.mpf_cache
2026-01-19 15:01:36,804 : INFO : ConfigProcessor : Loading config from cache: C:\Users\sdona\AppData\Local\Temp\3f778658fc8e6107c1e17d48b06d7ee6.mpf_cache
2026-01-19 15:01:36,805 : INFO : ConfigProcessor : Loading config from cache: C:\Users\sdona\AppData\Local\Temp\b7a51086f1e3c926b3977a0d025a1faa.mpf_cache
2026-01-19 15:01:36,805 : INFO : ConfigProcessor : Loading config from cache: C:\Users\sdona\AppData\Local\Temp\479eb3ca656e084fa2e092204a5b8039.mpf_cache
2026-01-19 15:01:36,806 : INFO : ConfigProcessor : Loading config from cache: C:\Users\sdona\AppData\Local\Temp\bdb81eccbf19551abd8bea5fafeca7c0.mpf_cache
2026-01-19 15:01:36,807 : INFO : ConfigProcessor : Loading config from cache: C:\Users\sdona\AppData\Local\Temp\8f065719b93e886777277178babee650.mpf_cache
2026-01-19 15:01:36,808 : INFO : ConfigProcessor : Loading config from cache: C:\Users\sdona\AppData\Local\Temp\7fef0463a0df344c3146c845257ec616.mpf_cache
2026-01-19 15:01:36,808 : INFO : ConfigProcessor : Loading config from cache: C:\Users\sdona\AppData\Local\Temp\a4f333ad36a077996c49298642b6bdcf.mpf_cache
2026-01-19 15:01:36,809 : INFO : ConfigProcessor : Loading config from cache: C:\Users\sdona\AppData\Local\Temp\e8d69d74f27089cda2650299e9916804.mpf_cache
2026-01-19 15:01:36,810 : INFO : ConfigProcessor : Loading config from cache: C:\Users\sdona\AppData\Local\Temp\05530f35bd950f18d27d3fd571d96823.mpf_cache
2026-01-19 15:01:36,811 : INFO : ConfigProcessor : Loading config from cache: C:\Users\sdona\AppData\Local\Temp\fc1e3f85304c911eb844eb65d36e61be.mpf_cache
2026-01-19 15:01:36,811 : INFO : ConfigProcessor : Loading config from cache: C:\Users\sdona\AppData\Local\Temp\53223d3922288729ee504c1b2a98bb55.mpf_cache
2026-01-19 15:01:36,812 : INFO : ConfigProcessor : Loading config from cache: C:\Users\sdona\AppData\Local\Temp\8d20136ddb274338050d1d1ccc1a5e4f.mpf_cache
2026-01-19 15:01:36,813 : INFO : ConfigProcessor : Loading config from cache: C:\Users\sdona\AppData\Local\Temp\1254d50720d6d5d0da0e84e29cdbaa7a.mpf_cache
2026-01-19 15:01:36,813 : INFO : ConfigProcessor : Loading config from cache: C:\Users\sdona\AppData\Local\Temp\1a7ae31e9f779b1261e3d1eee1831b27.mpf_cache
2026-01-19 15:01:36,814 : INFO : ConfigProcessor : Loading config from cache: C:\Users\sdona\AppData\Local\Temp\8e3ea42c38f2105e0d9462648474c540.mpf_cache
2026-01-19 15:01:36,815 : INFO : ConfigProcessor : Loading config from cache: C:\Users\sdona\AppData\Local\Temp\a61b86d39bcc5a5ea0a5885549542355.mpf_cache
2026-01-19 15:01:36,815 : INFO : ConfigProcessor : Loading config from cache: C:\Users\sdona\AppData\Local\Temp\0be197154604f4b199c224fe0066296a.mpf_cache
2026-01-19 15:01:36,816 : INFO : ConfigProcessor : Loading config from cache: C:\Users\sdona\AppData\Local\Temp\8be1835d379617cb3def36e5084020f6.mpf_cache
2026-01-19 15:01:36,817 : INFO : ConfigProcessor : Loading config from cache: C:\Users\sdona\AppData\Local\Temp\600d86d9f0ce58b92a4c456466b707cc.mpf_cache
2026-01-19 15:01:36,818 : INFO : ConfigProcessor : Loading config from cache: C:\Users\sdona\AppData\Local\Temp\3b8a30babd008550b0699281f52ed27a.mpf_cache
2026-01-19 15:01:36,819 : INFO : ConfigProcessor : Loading config from cache: C:\Users\sdona\AppData\Local\Temp\1605f6efa0d082cac196fbacc374bc42.mpf_cache
2026-01-19 15:01:36,819 : INFO : ConfigProcessor : Loading config from cache: C:\Users\sdona\AppData\Local\Temp\7e2767447a32b13b699b93d64e0ad4e1.mpf_cache
2026-01-19 15:01:36,820 : INFO : ConfigProcessor : Loading config from cache: C:\Users\sdona\AppData\Local\Temp\2afc3d032f598172139245ac02c70f84.mpf_cache
2026-01-19 15:01:36,821 : INFO : ConfigProcessor : Loading config from cache: C:\Users\sdona\AppData\Local\Temp\ec387031d703ca01cd1e512f54ea45a6.mpf_cache
2026-01-19 15:01:36,821 : INFO : ConfigProcessor : Loading config from cache: C:\Users\sdona\AppData\Local\Temp\6060c5cf25a8bbaedfcd18b580aef368.mpf_cache
2026-01-19 15:01:36,822 : INFO : ConfigProcessor : Loading config from cache: C:\Users\sdona\AppData\Local\Temp\62ef5d872b70fca48f955a2e25312807.mpf_cache
2026-01-19 15:01:36,823 : INFO : ConfigProcessor : Loading config from cache: C:\Users\sdona\AppData\Local\Temp\c52aca253ccfb6abe708ff6ee9d67c14.mpf_cache
2026-01-19 15:01:36,823 : INFO : ConfigProcessor : Loading config from cache: C:\Users\sdona\AppData\Local\Temp\f4a78d1a7bce952f8a932d586083fdd8.mpf_cache
2026-01-19 15:01:36,824 : INFO : ConfigProcessor : Loading config from cache: C:\Users\sdona\AppData\Local\Temp\bb94c9c1e15d87765c90f1ffc77705c9.mpf_cache
2026-01-19 15:01:36,825 : INFO : ConfigProcessor : Loading config from cache: C:\Users\sdona\AppData\Local\Temp\9d4ee1bead7c17d1b5b361b9a86c5113.mpf_cache
2026-01-19 15:01:36,826 : INFO : ConfigProcessor : Loading config from cache: C:\Users\sdona\AppData\Local\Temp\9eeb681ca391f55fc1b328483a35afc6.mpf_cache
2026-01-19 15:01:36,826 : INFO : ConfigProcessor : Loading config from cache: C:\Users\sdona\AppData\Local\Temp\019a5133c8eb0a0be84c7200575a8bf2.mpf_cache
2026-01-19 15:01:36,827 : INFO : ConfigProcessor : Loading config from cache: C:\Users\sdona\AppData\Local\Temp\ce0801e7c3c55e24fe9cf2e243ba629e.mpf_cache
2026-01-19 15:01:36,828 : INFO : ConfigProcessor : Loading config from cache: C:\Users\sdona\AppData\Local\Temp\1ecbcaf9f778e10bebb5864384a052b1.mpf_cache
2026-01-19 15:01:36,830 : INFO : ConfigProcessor : Loading config from cache: C:\Users\sdona\AppData\Local\Temp\9b344eb280fe382fefe59edea2f1176a.mpf_cache
2026-01-19 15:01:36,830 : INFO : ConfigProcessor : Loading config from cache: C:\Users\sdona\AppData\Local\Temp\ac821f52899dc68030dd952fdacc88a6.mpf_cache
2026-01-19 15:01:36,831 : INFO : ConfigProcessor : Loading config from cache: C:\Users\sdona\AppData\Local\Temp\6ba912a63b7c348f0f92fd7751916e09.mpf_cache
2026-01-19 15:01:36,832 : INFO : ConfigProcessor : Loading config from cache: C:\Users\sdona\AppData\Local\Temp\dd9dffa1d18960178033f021f1e04e5f.mpf_cache
2026-01-19 15:01:36,832 : INFO : ConfigProcessor : Loading config from cache: C:\Users\sdona\AppData\Local\Temp\5405df938f7ef9af99b1c654cacd899d.mpf_cache
2026-01-19 15:01:36,833 : INFO : ConfigProcessor : Loading config from cache: C:\Users\sdona\AppData\Local\Temp\856582d286ed2569cf4ebe5e0a18a6ab.mpf_cache
2026-01-19 15:01:36,834 : INFO : Machine : Mission Pinball Framework Core Engine v0.80.0.dev11
2026-01-19 15:01:36,834 : INFO : Machine : Command line arguments: {'no_load_cache': False, 'create_config_cache': True, 'bcp': True, 'configfile': ['config.yaml'], 'force_assets_load': False, 'platform_integration_test': False, 'jsonlogging': False, 'logfile': 'logs\\2026-01-19-15-01-36-mpf-PinballLaptop.log', 'pause': False, 'production': False, 'text_ui': True, 'loglevel': 15, 'consoleloglevel': 20, 'force_platform': 'smart_virtual', 'syslog_address': None, 'full_logfile_path': 'C:\\venv\\mpf\\mmmdrop\\logs\\2026-01-19-15-01-36-mpf-PinballLaptop.log'}
2026-01-19 15:01:36,835 : INFO : Machine : MPF path: c:\venv\mpf\Lib\site-packages\mpf
2026-01-19 15:01:36,835 : INFO : Machine : Machine path: C:\venv\mpf\mmmdrop
2026-01-19 15:01:36,835 : INFO : Machine : Platform: win32
2026-01-19 15:01:36,835 : INFO : Machine : Python executable location: c:\venv\mpf\Scripts\python.exe
2026-01-19 15:01:36,835 : INFO : Machine : Python version: 3.13.11 (64-bit)
2026-01-19 15:01:36,837 : INFO : Machine : Initializing MPF...
2026-01-19 15:01:36,915 : INFO : EventManager : Event: ======'machine_var_credits_string'====== Args={'value': 'FREE PLAY', 'prev_value': None, 'change': True}
2026-01-19 15:01:36,951 : INFO : EventManager : Event: ======'machine_var_fast_audio_headphones_volume'====== Args={'value': 10, 'prev_value': None, 'change': True}
2026-01-19 15:01:36,951 : INFO : EventManager : Event: ======'machine_var_fast_audio_main_volume'====== Args={'value': 44, 'prev_value': None, 'change': True}
2026-01-19 15:01:36,951 : INFO : EventManager : Event: ======'machine_var_master_volume'====== Args={'value': 0.65, 'prev_value': None, 'change': True}
2026-01-19 15:01:36,951 : INFO : EventManager : Event: ======'machine_var_player1_score'====== Args={'value': 47395830, 'prev_value': None, 'change': True}
2026-01-19 15:01:36,951 : INFO : EventManager : Event: ======'machine_var_game_just_played'====== Args={'value': 0, 'prev_value': None, 'change': True}
2026-01-19 15:01:36,951 : INFO : EventManager : Event: ======'machine_var_mpf_version'====== Args={'value': 'Mission Pinball Framework v0.80.0.dev11', 'prev_value': None, 'change': True}
2026-01-19 15:01:36,951 : INFO : EventManager : Event: ======'machine_var_mpf_extended_version'====== Args={'value': 'Mission Pinball Framework v0.80.0.dev11, Config version:6, Show version: 6, BCP version:1.1', 'prev_value': None, 'change': True}
2026-01-19 15:01:36,951 : INFO : EventManager : Event: ======'machine_var_python_version'====== Args={'value': '3.13.11', 'prev_value': None, 'change': True}
2026-01-19 15:01:36,997 : INFO : EventManager : Event: ======'machine_var_platform'====== Args={'value': 'Windows-11-10.0.26200-SP0', 'prev_value': None, 'change': True}
2026-01-19 15:01:36,997 : INFO : EventManager : Event: ======'machine_var_platform_system'====== Args={'value': 'Windows', 'prev_value': None, 'change': True}
2026-01-19 15:01:36,997 : INFO : EventManager : Event: ======'machine_var_platform_release'====== Args={'value': '11', 'prev_value': None, 'change': True}
2026-01-19 15:01:36,997 : INFO : EventManager : Event: ======'machine_var_platform_version'====== Args={'value': '10.0.26200', 'prev_value': None, 'change': True}
2026-01-19 15:01:36,997 : INFO : EventManager : Event: ======'machine_var_platform_machine'====== Args={'value': 'AMD64', 'prev_value': None, 'change': True}
2026-01-19 15:01:36,997 : INFO : EventManager : Event: ======'machine_var_log_file_path'====== Args={'value': 'C:\\venv\\mpf\\mmmdrop\\logs\\2026-01-19-15-01-36-mpf-PinballLaptop.log', 'prev_value': None, 'change': True}
2026-01-19 15:01:36,997 : INFO : EventManager : Event: ======'init_phase_1'====== Args={}
2026-01-19 15:01:37,091 : INFO : EventManager : Event: ======'drop_target_bank_three_bank_up'====== Args={}
2026-01-19 15:01:37,092 : INFO : EventManager : Event: ======'init_phase_2'====== Args={}
2026-01-19 15:01:37,092 : INFO : SwitchController : Found active switch: ('3208-0', <Platform.SmartVirtual>) <switch.s_trough1>
2026-01-19 15:01:37,092 : INFO : SwitchController : Found active switch: ('3208-1', <Platform.SmartVirtual>) <switch.s_trough2>
2026-01-19 15:01:37,093 : INFO : SwitchController : Found active switch: ('3208-2', <Platform.SmartVirtual>) <switch.s_trough3>
2026-01-19 15:01:37,093 : INFO : SwitchController : Found active switch: ('3208-3', <Platform.SmartVirtual>) <switch.s_trough4>
2026-01-19 15:01:37,093 : INFO : SwitchController : Found active switch: ('3208-4', <Platform.SmartVirtual>) <switch.s_trough5>
2026-01-19 15:01:37,093 : INFO : SwitchController : Found active switch: ('3208-5', <Platform.SmartVirtual>) <switch.s_trough6>
2026-01-19 15:01:37,154 : INFO : EventManager : Event: ======'machine_var_score1_label'====== Args={'value': 'GRAND CHAMPION', 'prev_value': None, 'change': True}
2026-01-19 15:01:37,155 : INFO : EventManager : Event: ======'machine_var_score1_name'====== Args={'value': 'MCA', 'prev_value': None, 'change': True}
2026-01-19 15:01:37,155 : INFO : EventManager : Event: ======'machine_var_score1_value'====== Args={'value': 300000000, 'prev_value': None, 'change': True}
2026-01-19 15:01:37,155 : INFO : EventManager : Event: ======'machine_var_score2_label'====== Args={'value': 'HIGH SCORE 1', 'prev_value': None, 'change': True}
2026-01-19 15:01:37,155 : INFO : EventManager : Event: ======'machine_var_score2_name'====== Args={'value': 'ADR', 'prev_value': None, 'change': True}
2026-01-19 15:01:37,155 : INFO : EventManager : Event: ======'machine_var_score2_value'====== Args={'value': 250000000, 'prev_value': None, 'change': True}
2026-01-19 15:01:37,155 : INFO : EventManager : Event: ======'machine_var_score3_label'====== Args={'value': 'HIGH SCORE 2', 'prev_value': None, 'change': True}
2026-01-19 15:01:37,155 : INFO : EventManager : Event: ======'machine_var_score3_name'====== Args={'value': 'MIK', 'prev_value': None, 'change': True}
2026-01-19 15:01:37,155 : INFO : EventManager : Event: ======'machine_var_score3_value'====== Args={'value': 200000000, 'prev_value': None, 'change': True}
2026-01-19 15:01:37,155 : INFO : EventManager : Event: ======'machine_var_score4_label'====== Args={'value': 'HIGH SCORE 3', 'prev_value': None, 'change': True}
2026-01-19 15:01:37,155 : INFO : EventManager : Event: ======'machine_var_score4_name'====== Args={'value': 'MMM', 'prev_value': None, 'change': True}
2026-01-19 15:01:37,155 : INFO : EventManager : Event: ======'machine_var_score4_value'====== Args={'value': 150000000, 'prev_value': None, 'change': True}
2026-01-19 15:01:37,155 : INFO : EventManager : Event: ======'machine_var_score5_label'====== Args={'value': 'HIGH SCORE 4', 'prev_value': None, 'change': True}
2026-01-19 15:01:37,155 : INFO : EventManager : Event: ======'machine_var_score5_name'====== Args={'value': 'DJH', 'prev_value': None, 'change': True}
2026-01-19 15:01:37,155 : INFO : EventManager : Event: ======'machine_var_score5_value'====== Args={'value': 100000000, 'prev_value': None, 'change': True}
2026-01-19 15:01:37,155 : INFO : EventManager : Event: ======'machine_var_multiball_chcheckitout_score1_label'====== Args={'value': 'CH-CHECK IT OUT MULTIBALL CHAMPION', 'prev_value': None, 'change': True}
2026-01-19 15:01:37,155 : INFO : EventManager : Event: ======'machine_var_multiball_chcheckitout_score1_name'====== Args={'value': 'MCA', 'prev_value': None, 'change': True}
2026-01-19 15:01:37,155 : INFO : EventManager : Event: ======'machine_var_multiball_chcheckitout_score1_value'====== Args={'value': 10000000, 'prev_value': None, 'change': True}
2026-01-19 15:01:37,155 : INFO : EventManager : Event: ======'machine_var_multiball_bodymovin_score1_label'====== Args={'value': "BODY MOVIN' MULTIBALL CHAMPION", 'prev_value': None, 'change': True}
2026-01-19 15:01:37,155 : INFO : EventManager : Event: ======'machine_var_multiball_bodymovin_score1_name'====== Args={'value': 'MIK', 'prev_value': None, 'change': True}
2026-01-19 15:01:37,155 : INFO : EventManager : Event: ======'machine_var_multiball_bodymovin_score1_value'====== Args={'value': 10000000, 'prev_value': None, 'change': True}
2026-01-19 15:01:37,155 : INFO : EventManager : Event: ======'machine_var_mode_fingerlickingood_score1_label'====== Args={'value': "FINGER LICKIN' GOOD CHAMPION", 'prev_value': None, 'change': True}
2026-01-19 15:01:37,156 : INFO : EventManager : Event: ======'machine_var_mode_fingerlickingood_score1_name'====== Args={'value': 'DJH', 'prev_value': None, 'change': True}
2026-01-19 15:01:37,156 : INFO : EventManager : Event: ======'machine_var_mode_fingerlickingood_score1_value'====== Args={'value': 5000000, 'prev_value': None, 'change': True}
2026-01-19 15:01:37,156 : INFO : EventManager : Event: ======'machine_var_mode_highplainsdrifter_score1_label'====== Args={'value': 'HIGH PLAINS DRIFTER CHAMPION', 'prev_value': None, 'change': True}
2026-01-19 15:01:37,156 : INFO : EventManager : Event: ======'machine_var_mode_highplainsdrifter_score1_name'====== Args={'value': 'SLDZZ', 'prev_value': None, 'change': True}
2026-01-19 15:01:37,156 : INFO : EventManager : Event: ======'machine_var_mode_highplainsdrifter_score1_value'====== Args={'value': 13500000, 'prev_value': None, 'change': True}
2026-01-19 15:01:37,156 : INFO : EventManager : Event: ======'machine_var_mode_intergalactic_score1_label'====== Args={'value': 'INTERGALACTIC CHAMPION', 'prev_value': None, 'change': True}
2026-01-19 15:01:37,156 : INFO : EventManager : Event: ======'machine_var_mode_intergalactic_score1_name'====== Args={'value': 'MIK', 'prev_value': None, 'change': True}
2026-01-19 15:01:37,156 : INFO : EventManager : Event: ======'machine_var_mode_intergalactic_score1_value'====== Args={'value': 5000000, 'prev_value': None, 'change': True}
2026-01-19 15:01:37,156 : INFO : EventManager : Event: ======'machine_var_mode_paulrevere_score1_label'====== Args={'value': 'PAUL REVERE CHAMPION', 'prev_value': None, 'change': True}
2026-01-19 15:01:37,156 : INFO : EventManager : Event: ======'machine_var_mode_paulrevere_score1_name'====== Args={'value': 'AAA', 'prev_value': None, 'change': True}
2026-01-19 15:01:37,156 : INFO : EventManager : Event: ======'machine_var_mode_paulrevere_score1_value'====== Args={'value': 26000000, 'prev_value': None, 'change': True}
2026-01-19 15:01:37,156 : INFO : EventManager : Event: ======'machine_var_mode_sabotage_score1_label'====== Args={'value': 'SABOTAGE CHAMPION', 'prev_value': None, 'change': True}
2026-01-19 15:01:37,156 : INFO : EventManager : Event: ======'machine_var_mode_sabotage_score1_name'====== Args={'value': 'MIK', 'prev_value': None, 'change': True}
2026-01-19 15:01:37,156 : INFO : EventManager : Event: ======'machine_var_mode_sabotage_score1_value'====== Args={'value': 5000000, 'prev_value': None, 'change': True}
2026-01-19 15:01:37,156 : INFO : EventManager : Event: ======'machine_var_mode_threemcsand1dj_score1_label'====== Args={'value': "3 MC'S AND 1 DJ CHAMPION", 'prev_value': None, 'change': True}
2026-01-19 15:01:37,156 : INFO : EventManager : Event: ======'machine_var_mode_threemcsand1dj_score1_name'====== Args={'value': 'MMM', 'prev_value': None, 'change': True}
2026-01-19 15:01:37,156 : INFO : EventManager : Event: ======'machine_var_mode_threemcsand1dj_score1_value'====== Args={'value': 5000000, 'prev_value': None, 'change': True}
2026-01-19 15:01:37,156 : INFO : EventManager : Event: ======'machine_var_mode_toomanyrappers_score1_label'====== Args={'value': 'TOO MANY RAPPERS CHAMPION', 'prev_value': None, 'change': True}
2026-01-19 15:01:37,156 : INFO : EventManager : Event: ======'machine_var_mode_toomanyrappers_score1_name'====== Args={'value': 'SLD', 'prev_value': None, 'change': True}
2026-01-19 15:01:37,156 : INFO : EventManager : Event: ======'machine_var_mode_toomanyrappers_score1_value'====== Args={'value': 40800000, 'prev_value': None, 'change': True}
2026-01-19 15:01:37,156 : INFO : EventManager : Event: ======'machine_var_mode_tripletrouble_score1_label'====== Args={'value': 'TRIPLE TROUBLE CHAMPION', 'prev_value': None, 'change': True}
2026-01-19 15:01:37,156 : INFO : EventManager : Event: ======'machine_var_mode_tripletrouble_score1_name'====== Args={'value': 'MCA', 'prev_value': None, 'change': True}
2026-01-19 15:01:37,156 : INFO : EventManager : Event: ======'machine_var_mode_tripletrouble_score1_value'====== Args={'value': 5000000, 'prev_value': None, 'change': True}
2026-01-19 15:01:37,156 : INFO : EventManager : Event: ======'machine_var_mode_makesomenoise_score1_label'====== Args={'value': 'MAKE SOME NOISE CHAMPION', 'prev_value': None, 'change': True}
2026-01-19 15:01:37,156 : INFO : EventManager : Event: ======'machine_var_mode_makesomenoise_score1_name'====== Args={'value': 'MIK', 'prev_value': None, 'change': True}
2026-01-19 15:01:37,157 : INFO : EventManager : Event: ======'machine_var_mode_makesomenoise_score1_value'====== Args={'value': 5000000, 'prev_value': None, 'change': True}
2026-01-19 15:01:37,157 : INFO : EventManager : Event: ======'bcp_connection_attempt'====== Args={'name': 'local_display', 'host': 'localhost', 'port': 5050}
2026-01-19 15:01:37,160 : INFO : BCPClientSocket : Connecting BCP to 'local_display' at localhost:5050...
2026-01-19 15:01:42,837 : INFO : BCPClientSocket : Connected BCP to 'local_display' localhost:5050
2026-01-19 15:01:42,838 : INFO : EventManager : Event: ======'bcp_clients_connected'====== Args={}
2026-01-19 15:01:42,839 : INFO : ball_device.bd_trough : BCH: Initial count: 6
2026-01-19 15:01:42,839 : INFO : ball_device.bd_trough : State: idle
2026-01-19 15:01:42,839 : INFO : ball_device.bd_plunger : BCH: Initial count: 0
2026-01-19 15:01:42,840 : INFO : ball_device.bd_plunger : State: idle
2026-01-19 15:01:42,840 : INFO : ball_device.bd_scoop : BCH: Initial count: 0
2026-01-19 15:01:42,840 : INFO : ball_device.bd_scoop : State: idle
2026-01-19 15:01:42,885 : INFO : EventManager : Event: ======'init_phase_3'====== Args={}
2026-01-19 15:01:42,933 : INFO : EventManager : Event: ======'init_phase_4'====== Args={}
2026-01-19 15:01:42,933 : INFO : BallController : Initial balls found: 6
2026-01-19 15:01:42,935 : INFO : EventManager : Event: ======'machine_var_audits_events_game_ended'====== Args={'value': 71, 'prev_value': None, 'change': True}
2026-01-19 15:01:42,935 : INFO : EventManager : Event: ======'machine_var_audits_events_game_started'====== Args={'value': 938, 'prev_value': None, 'change': True}
2026-01-19 15:01:42,935 : INFO : EventManager : Event: ======'machine_var_audits_missing_switches_s_captive_ball'====== Args={'value': 12, 'prev_value': None, 'change': True}
2026-01-19 15:01:42,935 : INFO : EventManager : Event: ======'machine_var_audits_missing_switches_s_center_upper_pop'====== Args={'value': 79, 'prev_value': None, 'change': True}
2026-01-19 15:01:42,935 : INFO : EventManager : Event: ======'machine_var_audits_missing_switches_s_inner_orbit'====== Args={'value': 11, 'prev_value': None, 'change': True}
2026-01-19 15:01:42,935 : INFO : EventManager : Event: ======'machine_var_audits_missing_switches_s_left_flipper'====== Args={'value': 1, 'prev_value': None, 'change': True}
2026-01-19 15:01:42,935 : INFO : EventManager : Event: ======'machine_var_audits_missing_switches_s_left_inlane'====== Args={'value': 18, 'prev_value': None, 'change': True}
2026-01-19 15:01:42,935 : INFO : EventManager : Event: ======'machine_var_audits_missing_switches_s_left_orbit'====== Args={'value': 1, 'prev_value': None, 'change': True}
2026-01-19 15:01:42,935 : INFO : EventManager : Event: ======'machine_var_audits_missing_switches_s_left_outlane'====== Args={'value': 104, 'prev_value': None, 'change': True}
2026-01-19 15:01:42,935 : INFO : EventManager : Event: ======'machine_var_audits_missing_switches_s_left_ramp'====== Args={'value': 2, 'prev_value': None, 'change': True}
2026-01-19 15:01:42,935 : INFO : EventManager : Event: ======'machine_var_audits_missing_switches_s_left_slingshot'====== Args={'value': 176, 'prev_value': None, 'change': True}
2026-01-19 15:01:42,935 : INFO : EventManager : Event: ======'machine_var_audits_missing_switches_s_left_upper_pop'====== Args={'value': 79, 'prev_value': None, 'change': True}
2026-01-19 15:01:42,936 : INFO : EventManager : Event: ======'machine_var_audits_missing_switches_s_pop_standup'====== Args={'value': 29, 'prev_value': None, 'change': True}
2026-01-19 15:01:42,936 : INFO : EventManager : Event: ======'machine_var_audits_missing_switches_s_right_flipper'====== Args={'value': 1, 'prev_value': None, 'change': True}
2026-01-19 15:01:42,936 : INFO : EventManager : Event: ======'machine_var_audits_missing_switches_s_right_inlane'====== Args={'value': 104, 'prev_value': None, 'change': True}
2026-01-19 15:01:42,936 : INFO : EventManager : Event: ======'machine_var_audits_missing_switches_s_right_lower_pop'====== Args={'value': 1, 'prev_value': None, 'change': True}
2026-01-19 15:01:42,936 : INFO : EventManager : Event: ======'machine_var_audits_missing_switches_s_right_orbit'====== Args={'value': 1, 'prev_value': None, 'change': True}
2026-01-19 15:01:42,936 : INFO : EventManager : Event: ======'machine_var_audits_missing_switches_s_right_outlane'====== Args={'value': 248, 'prev_value': None, 'change': True}
2026-01-19 15:01:42,936 : INFO : EventManager : Event: ======'machine_var_audits_missing_switches_s_right_ramp'====== Args={'value': 1, 'prev_value': None, 'change': True}
2026-01-19 15:01:42,936 : INFO : EventManager : Event: ======'machine_var_audits_missing_switches_s_right_slingshot'====== Args={'value': 714, 'prev_value': None, 'change': True}
2026-01-19 15:01:42,936 : INFO : EventManager : Event: ======'machine_var_audits_missing_switches_s_scoop'====== Args={'value': 1, 'prev_value': None, 'change': True}
2026-01-19 15:01:42,936 : INFO : EventManager : Event: ======'machine_var_audits_missing_switches_s_service_down'====== Args={'value': 583, 'prev_value': None, 'change': True}
2026-01-19 15:01:42,936 : INFO : EventManager : Event: ======'machine_var_audits_missing_switches_s_service_esc'====== Args={'value': 583, 'prev_value': None, 'change': True}
2026-01-19 15:01:42,936 : INFO : EventManager : Event: ======'machine_var_audits_missing_switches_s_service_up'====== Args={'value': 151, 'prev_value': None, 'change': True}
2026-01-19 15:01:42,936 : INFO : EventManager : Event: ======'machine_var_audits_missing_switches_s_spinner'====== Args={'value': 16, 'prev_value': None, 'change': True}
2026-01-19 15:01:42,936 : INFO : EventManager : Event: ======'machine_var_audits_missing_switches_s_three_bank_bottom'====== Args={'value': 11, 'prev_value': None, 'change': True}
2026-01-19 15:01:42,936 : INFO : EventManager : Event: ======'machine_var_audits_missing_switches_s_three_bank_middle'====== Args={'value': 11, 'prev_value': None, 'change': True}
2026-01-19 15:01:42,936 : INFO : EventManager : Event: ======'machine_var_audits_missing_switches_s_three_bank_standup'====== Args={'value': 11, 'prev_value': None, 'change': True}
2026-01-19 15:01:42,937 : INFO : EventManager : Event: ======'machine_var_audits_missing_switches_s_three_bank_top'====== Args={'value': 1, 'prev_value': None, 'change': True}
2026-01-19 15:01:42,937 : INFO : EventManager : Event: ======'machine_var_audits_missing_switches_s_tilt_bob'====== Args={'value': 26, 'prev_value': None, 'change': True}
2026-01-19 15:01:42,937 : INFO : EventManager : Event: ======'machine_var_audits_missing_switches_s_top_right_flipper'====== Args={'value': 864, 'prev_value': None, 'change': True}
2026-01-19 15:01:42,937 : INFO : EventManager : Event: ======'machine_var_audits_missing_switches_s_trough1'====== Args={'value': 1, 'prev_value': None, 'change': True}
2026-01-19 15:01:42,937 : INFO : EventManager : Event: ======'machine_var_audits_missing_switches_s_trough2'====== Args={'value': 11, 'prev_value': None, 'change': True}
2026-01-19 15:01:42,937 : INFO : EventManager : Event: ======'machine_var_audits_missing_switches_s_trough3'====== Args={'value': 11, 'prev_value': None, 'change': True}
2026-01-19 15:01:42,937 : INFO : EventManager : Event: ======'machine_var_audits_missing_switches_s_trough4'====== Args={'value': 96, 'prev_value': None, 'change': True}
2026-01-19 15:01:42,937 : INFO : EventManager : Event: ======'machine_var_audits_missing_switches_s_trough5'====== Args={'value': 181, 'prev_value': None, 'change': True}
2026-01-19 15:01:42,937 : INFO : EventManager : Event: ======'machine_var_audits_missing_switches_s_trough6'====== Args={'value': 713, 'prev_value': None, 'change': True}
2026-01-19 15:01:42,937 : INFO : EventManager : Event: ======'machine_var_audits_missing_switches_s_trough_jam'====== Args={'value': 864, 'prev_value': None, 'change': True}
2026-01-19 15:01:42,937 : INFO : EventManager : Event: ======'machine_var_audits_missing_switches_s_tshirt_bottom_standup'====== Args={'value': 2, 'prev_value': None, 'change': True}
2026-01-19 15:01:42,937 : INFO : EventManager : Event: ======'machine_var_audits_missing_switches_s_tshirt_top_standup'====== Args={'value': 2, 'prev_value': None, 'change': True}
2026-01-19 15:01:42,937 : INFO : EventManager : Event: ======'machine_var_audits_missing_switches_s_upper_pop_standup'====== Args={'value': 132, 'prev_value': None, 'change': True}
2026-01-19 15:01:42,937 : INFO : EventManager : Event: ======'machine_var_audits_missing_switches_service_esc'====== Args={'value': 1, 'prev_value': None, 'change': True}
2026-01-19 15:01:42,937 : INFO : EventManager : Event: ======'machine_var_audits_player_score'====== Args={'value': {'average': 12398814, 'top': [179589170, 147275560, 142237180, 85092890, 47395830, 38155360, 33548870, 32035610, 27846870, 25030460], 'total': 75}, 'prev_value': None, 'change': True}
2026-01-19 15:01:42,937 : INFO : EventManager : Event: ======'machine_var_audits_shots_bottom_drop'====== Args={'value': 174, 'prev_value': None, 'change': True}
2026-01-19 15:01:42,937 : INFO : EventManager : Event: ======'machine_var_audits_shots_captive_ball'====== Args={'value': 96, 'prev_value': None, 'change': True}
2026-01-19 15:01:42,937 : INFO : EventManager : Event: ======'machine_var_audits_shots_inner_loop'====== Args={'value': 85, 'prev_value': None, 'change': True}
2026-01-19 15:01:42,937 : INFO : EventManager : Event: ======'machine_var_audits_shots_inner_loop_backdoor'====== Args={'value': 1, 'prev_value': None, 'change': True}
2026-01-19 15:01:42,938 : INFO : EventManager : Event: ======'machine_var_audits_shots_left_inlane'====== Args={'value': 44, 'prev_value': None, 'change': True}
2026-01-19 15:01:42,938 : INFO : EventManager : Event: ======'machine_var_audits_shots_left_orbit'====== Args={'value': 164, 'prev_value': None, 'change': True}
2026-01-19 15:01:42,938 : INFO : EventManager : Event: ======'machine_var_audits_shots_left_orbit_backdoor'====== Args={'value': 11, 'prev_value': None, 'change': True}
2026-01-19 15:01:42,938 : INFO : EventManager : Event: ======'machine_var_audits_shots_left_outlane'====== Args={'value': 31, 'prev_value': None, 'change': True}
2026-01-19 15:01:42,938 : INFO : EventManager : Event: ======'machine_var_audits_shots_left_ramp'====== Args={'value': 481, 'prev_value': None, 'change': True}
2026-01-19 15:01:42,938 : INFO : EventManager : Event: ======'machine_var_audits_shots_middle_drop'====== Args={'value': 195, 'prev_value': None, 'change': True}
2026-01-19 15:01:42,938 : INFO : EventManager : Event: ======'machine_var_audits_shots_pop1'====== Args={'value': 38, 'prev_value': None, 'change': True}
2026-01-19 15:01:42,938 : INFO : EventManager : Event: ======'machine_var_audits_shots_pop2'====== Args={'value': 77, 'prev_value': None, 'change': True}
2026-01-19 15:01:42,938 : INFO : EventManager : Event: ======'machine_var_audits_shots_pop3'====== Args={'value': 1124, 'prev_value': None, 'change': True}
2026-01-19 15:01:42,938 : INFO : EventManager : Event: ======'machine_var_audits_shots_pop_standup'====== Args={'value': 491, 'prev_value': None, 'change': True}
2026-01-19 15:01:42,938 : INFO : EventManager : Event: ======'machine_var_audits_shots_right_inlane'====== Args={'value': 36, 'prev_value': None, 'change': True}
2026-01-19 15:01:42,938 : INFO : EventManager : Event: ======'machine_var_audits_shots_right_orbit'====== Args={'value': 175, 'prev_value': None, 'change': True}
2026-01-19 15:01:42,938 : INFO : EventManager : Event: ======'machine_var_audits_shots_right_orbit_backdoor'====== Args={'value': 6, 'prev_value': None, 'change': True}
2026-01-19 15:01:42,938 : INFO : EventManager : Event: ======'machine_var_audits_shots_right_outlane'====== Args={'value': 22, 'prev_value': None, 'change': True}
2026-01-19 15:01:42,938 : INFO : EventManager : Event: ======'machine_var_audits_shots_right_ramp'====== Args={'value': 773, 'prev_value': None, 'change': True}
2026-01-19 15:01:42,938 : INFO : EventManager : Event: ======'machine_var_audits_shots_scoop'====== Args={'value': 665, 'prev_value': None, 'change': True}
2026-01-19 15:01:42,938 : INFO : EventManager : Event: ======'machine_var_audits_shots_skill_captive'====== Args={'value': 16, 'prev_value': None, 'change': True}
2026-01-19 15:01:42,938 : INFO : EventManager : Event: ======'machine_var_audits_shots_skill_drop_targets'====== Args={'value': 240, 'prev_value': None, 'change': True}
2026-01-19 15:01:42,938 : INFO : EventManager : Event: ======'machine_var_audits_shots_skill_side_targets'====== Args={'value': 27, 'prev_value': None, 'change': True}
2026-01-19 15:01:42,938 : INFO : EventManager : Event: ======'machine_var_audits_shots_skillshot_drop_targets'====== Args={'value': 517, 'prev_value': None, 'change': True}
2026-01-19 15:01:42,939 : INFO : EventManager : Event: ======'machine_var_audits_shots_skillshot_hideout_plunge'====== Args={'value': 1, 'prev_value': None, 'change': True}
2026-01-19 15:01:42,939 : INFO : EventManager : Event: ======'machine_var_audits_shots_skillshot_left_outlane'====== Args={'value': 3, 'prev_value': None, 'change': True}
2026-01-19 15:01:42,939 : INFO : EventManager : Event: ======'machine_var_audits_shots_skillshot_lower_pop'====== Args={'value': 1, 'prev_value': None, 'change': True}
2026-01-19 15:01:42,939 : INFO : EventManager : Event: ======'machine_var_audits_shots_skillshot_side_targets'====== Args={'value': 11, 'prev_value': None, 'change': True}
2026-01-19 15:01:42,939 : INFO : EventManager : Event: ======'machine_var_audits_shots_skillshot_super'====== Args={'value': 5, 'prev_value': None, 'change': True}
2026-01-19 15:01:42,939 : INFO : EventManager : Event: ======'machine_var_audits_shots_spinner'====== Args={'value': 2333, 'prev_value': None, 'change': True}
2026-01-19 15:01:42,939 : INFO : EventManager : Event: ======'machine_var_audits_shots_three_bank_standup'====== Args={'value': 88, 'prev_value': None, 'change': True}
2026-01-19 15:01:42,939 : INFO : EventManager : Event: ======'machine_var_audits_shots_toomanyrappers_captiveball'====== Args={'value': 3, 'prev_value': None, 'change': True}
2026-01-19 15:01:42,939 : INFO : EventManager : Event: ======'machine_var_audits_shots_toomanyrappers_leftorbit'====== Args={'value': 8, 'prev_value': None, 'change': True}
2026-01-19 15:01:42,939 : INFO : EventManager : Event: ======'machine_var_audits_shots_toomanyrappers_leftramp'====== Args={'value': 2, 'prev_value': None, 'change': True}
2026-01-19 15:01:42,939 : INFO : EventManager : Event: ======'machine_var_audits_shots_toomanyrappers_rightorbit'====== Args={'value': 33, 'prev_value': None, 'change': True}
2026-01-19 15:01:42,939 : INFO : EventManager : Event: ======'machine_var_audits_shots_toomanyrappers_rightramp'====== Args={'value': 72, 'prev_value': None, 'change': True}
2026-01-19 15:01:42,939 : INFO : EventManager : Event: ======'machine_var_audits_shots_toomanyrappers_scoop'====== Args={'value': 22, 'prev_value': None, 'change': True}
2026-01-19 15:01:42,939 : INFO : EventManager : Event: ======'machine_var_audits_shots_top_drop'====== Args={'value': 573, 'prev_value': None, 'change': True}
2026-01-19 15:01:42,939 : INFO : EventManager : Event: ======'machine_var_audits_shots_tshirt_bottom_standup'====== Args={'value': 118, 'prev_value': None, 'change': True}
2026-01-19 15:01:42,939 : INFO : EventManager : Event: ======'machine_var_audits_shots_tshirt_top_standup'====== Args={'value': 123, 'prev_value': None, 'change': True}
2026-01-19 15:01:42,939 : INFO : EventManager : Event: ======'machine_var_audits_shots_upper_pop_standup'====== Args={'value': 38, 'prev_value': None, 'change': True}
2026-01-19 15:01:42,939 : INFO : EventManager : Event: ======'machine_var_audits_switches_s_captive_ball'====== Args={'value': 303, 'prev_value': None, 'change': True}
2026-01-19 15:01:42,939 : INFO : EventManager : Event: ======'machine_var_audits_switches_s_center_upper_pop'====== Args={'value': 314, 'prev_value': None, 'change': True}
2026-01-19 15:01:42,940 : INFO : EventManager : Event: ======'machine_var_audits_switches_s_inner_orbit'====== Args={'value': 98, 'prev_value': None, 'change': True}
2026-01-19 15:01:42,940 : INFO : EventManager : Event: ======'machine_var_audits_switches_s_left_flipper'====== Args={'value': 1756, 'prev_value': None, 'change': True}
2026-01-19 15:01:42,940 : INFO : EventManager : Event: ======'machine_var_audits_switches_s_left_inlane'====== Args={'value': 155, 'prev_value': None, 'change': True}
2026-01-19 15:01:42,940 : INFO : EventManager : Event: ======'machine_var_audits_switches_s_left_orbit'====== Args={'value': 367, 'prev_value': None, 'change': True}
2026-01-19 15:01:42,940 : INFO : EventManager : Event: ======'machine_var_audits_switches_s_left_outlane'====== Args={'value': 88, 'prev_value': None, 'change': True}
2026-01-19 15:01:42,940 : INFO : EventManager : Event: ======'machine_var_audits_switches_s_left_ramp'====== Args={'value': 621, 'prev_value': None, 'change': True}
2026-01-19 15:01:42,940 : INFO : EventManager : Event: ======'machine_var_audits_switches_s_left_slingshot'====== Args={'value': 260, 'prev_value': None, 'change': True}
2026-01-19 15:01:42,940 : INFO : EventManager : Event: ======'machine_var_audits_switches_s_left_upper_pop'====== Args={'value': 211, 'prev_value': None, 'change': True}
2026-01-19 15:01:42,940 : INFO : EventManager : Event: ======'machine_var_audits_switches_s_plunger'====== Args={'value': 2069, 'prev_value': None, 'change': True}
2026-01-19 15:01:42,940 : INFO : EventManager : Event: ======'machine_var_audits_switches_s_pop_standup'====== Args={'value': 615, 'prev_value': None, 'change': True}
2026-01-19 15:01:42,940 : INFO : EventManager : Event: ======'machine_var_audits_switches_s_right_flipper'====== Args={'value': 2641, 'prev_value': None, 'change': True}
2026-01-19 15:01:42,940 : INFO : EventManager : Event: ======'machine_var_audits_switches_s_right_inlane'====== Args={'value': 144, 'prev_value': None, 'change': True}
2026-01-19 15:01:42,940 : INFO : EventManager : Event: ======'machine_var_audits_switches_s_right_lower_pop'====== Args={'value': 1907, 'prev_value': None, 'change': True}
2026-01-19 15:01:42,940 : INFO : EventManager : Event: ======'machine_var_audits_switches_s_right_orbit'====== Args={'value': 460, 'prev_value': None, 'change': True}
2026-01-19 15:01:42,941 : INFO : EventManager : Event: ======'machine_var_audits_switches_s_right_outlane'====== Args={'value': 75, 'prev_value': None, 'change': True}
2026-01-19 15:01:42,941 : INFO : EventManager : Event: ======'machine_var_audits_switches_s_right_ramp'====== Args={'value': 943, 'prev_value': None, 'change': True}
2026-01-19 15:01:42,941 : INFO : EventManager : Event: ======'machine_var_audits_switches_s_right_slingshot'====== Args={'value': 366, 'prev_value': None, 'change': True}
2026-01-19 15:01:42,941 : INFO : EventManager : Event: ======'machine_var_audits_switches_s_scoop'====== Args={'value': 1010, 'prev_value': None, 'change': True}
2026-01-19 15:01:42,941 : INFO : EventManager : Event: ======'machine_var_audits_switches_s_service_down'====== Args={'value': 0, 'prev_value': None, 'change': True}
2026-01-19 15:01:42,941 : INFO : EventManager : Event: ======'machine_var_audits_switches_s_service_enter'====== Args={'value': 6, 'prev_value': None, 'change': True}
2026-01-19 15:01:42,941 : INFO : EventManager : Event: ======'machine_var_audits_switches_s_service_esc'====== Args={'value': 0, 'prev_value': None, 'change': True}
2026-01-19 15:01:42,941 : INFO : EventManager : Event: ======'machine_var_audits_switches_s_service_up'====== Args={'value': 3, 'prev_value': None, 'change': True}
2026-01-19 15:01:42,941 : INFO : EventManager : Event: ======'machine_var_audits_switches_s_spinner'====== Args={'value': 4393, 'prev_value': None, 'change': True}
2026-01-19 15:01:42,941 : INFO : EventManager : Event: ======'machine_var_audits_switches_s_start'====== Args={'value': 107, 'prev_value': None, 'change': True}
2026-01-19 15:01:42,941 : INFO : EventManager : Event: ======'machine_var_audits_switches_s_three_bank_bottom'====== Args={'value': 668, 'prev_value': None, 'change': True}
2026-01-19 15:01:42,941 : INFO : EventManager : Event: ======'machine_var_audits_switches_s_three_bank_middle'====== Args={'value': 730, 'prev_value': None, 'change': True}
2026-01-19 15:01:42,941 : INFO : EventManager : Event: ======'machine_var_audits_switches_s_three_bank_standup'====== Args={'value': 330, 'prev_value': None, 'change': True}
2026-01-19 15:01:42,941 : INFO : EventManager : Event: ======'machine_var_audits_switches_s_three_bank_top'====== Args={'value': 1112, 'prev_value': None, 'change': True}
2026-01-19 15:01:42,941 : INFO : EventManager : Event: ======'machine_var_audits_switches_s_tilt_bob'====== Args={'value': 62, 'prev_value': None, 'change': True}
2026-01-19 15:01:42,941 : INFO : EventManager : Event: ======'machine_var_audits_switches_s_top_right_flipper'====== Args={'value': 1294, 'prev_value': None, 'change': True}
2026-01-19 15:01:42,941 : INFO : EventManager : Event: ======'machine_var_audits_switches_s_trough1'====== Args={'value': 557, 'prev_value': None, 'change': True}
2026-01-19 15:01:42,941 : INFO : EventManager : Event: ======'machine_var_audits_switches_s_trough2'====== Args={'value': 380, 'prev_value': None, 'change': True}
2026-01-19 15:01:42,942 : INFO : EventManager : Event: ======'machine_var_audits_switches_s_trough3'====== Args={'value': 304, 'prev_value': None, 'change': True}
2026-01-19 15:01:42,942 : INFO : EventManager : Event: ======'machine_var_audits_switches_s_trough4'====== Args={'value': 189, 'prev_value': None, 'change': True}
2026-01-19 15:01:42,942 : INFO : EventManager : Event: ======'machine_var_audits_switches_s_trough5'====== Args={'value': 162, 'prev_value': None, 'change': True}
2026-01-19 15:01:42,942 : INFO : EventManager : Event: ======'machine_var_audits_switches_s_trough6'====== Args={'value': 161, 'prev_value': None, 'change': True}
2026-01-19 15:01:42,942 : INFO : EventManager : Event: ======'machine_var_audits_switches_s_trough_jam'====== Args={'value': 206, 'prev_value': None, 'change': True}
2026-01-19 15:01:42,942 : INFO : EventManager : Event: ======'machine_var_audits_switches_s_tshirt_bottom_standup'====== Args={'value': 170, 'prev_value': None, 'change': True}
2026-01-19 15:01:42,942 : INFO : EventManager : Event: ======'machine_var_audits_switches_s_tshirt_top_standup'====== Args={'value': 204, 'prev_value': None, 'change': True}
2026-01-19 15:01:42,942 : INFO : EventManager : Event: ======'machine_var_audits_switches_s_upper_pop_standup'====== Args={'value': 212, 'prev_value': None, 'change': True}
2026-01-19 15:01:42,942 : INFO : EventManager : Event: ======'machine_var_audits_switches_service_down'====== Args={'value': 1, 'prev_value': None, 'change': True}
2026-01-19 15:01:42,942 : INFO : EventManager : Event: ======'machine_var_audits_switches_service_enter'====== Args={'value': 2, 'prev_value': None, 'change': True}
2026-01-19 15:01:42,942 : INFO : EventManager : Event: ======'machine_var_audits_switches_service_esc'====== Args={'value': 0, 'prev_value': None, 'change': True}
2026-01-19 15:01:42,942 : INFO : EventManager : Event: ======'machine_var_audits_switches_service_up'====== Args={'value': 2, 'prev_value': None, 'change': True}
2026-01-19 15:01:42,943 : INFO : EventManager : Event: ======'init_phase_5'====== Args={}
2026-01-19 15:01:42,944 : INFO : EventManager : Event: ======'init_done'====== Args={}
2026-01-19 15:01:42,945 : INFO : EventManager : Event: ======'machine_reset_phase_1'====== Args={}
2026-01-19 15:01:42,958 : INFO : EventManager : Event: ======'machine_reset_phase_2'====== Args={}
2026-01-19 15:01:42,959 : INFO : EventManager : Event: ======'game_just_played'====== Args={'priority': 0, 'action': 'set_machine', 'int': 0}
2026-01-19 15:01:42,959 : INFO : EventManager : Event: ======'machine_reset_phase_3'====== Args={}
2026-01-19 15:01:42,959 : INFO : drop_target_bank.three_bank : All targets are already up. Will not reset bank.
2026-01-19 15:01:42,960 : INFO : EventManager : Event: ======'reset_complete'====== Args={}
2026-01-19 15:01:42,960 : INFO : EventManager : Event: ======'mode_service_will_start'====== Args={}
2026-01-19 15:01:42,962 : INFO : EventManager : Event: ======'mode_service_starting'====== Args={}
2026-01-19 15:01:42,962 : INFO : EventManager : Event: ======'mode_attract_will_start'====== Args={}
2026-01-19 15:01:42,963 : INFO : Timer.attract_intro_timer : Starting Timer.
2026-01-19 15:01:42,963 : INFO : EventManager : Event: ======'timer_attract_intro_timer_started'====== Args={'ticks': 0, 'ticks_remaining': 16}
2026-01-19 15:01:42,963 : INFO : EventManager : Event: ======'timer_attract_intro_timer_tick'====== Args={'ticks': 0, 'ticks_remaining': 16}
2026-01-19 15:01:42,973 : INFO : EventManager : Event: ======'mode_attract_starting'====== Args={}
2026-01-19 15:01:42,974 : INFO : Mode.service : Started. Priority: 100000
2026-01-19 15:01:42,974 : INFO : EventManager : Event: ======'modes_active_modes_changed'====== Args={}
2026-01-19 15:01:42,974 : INFO : EventManager : Event: ======'mode_service_started'====== Args={}
2026-01-19 15:01:42,975 : INFO : EventManager : Event: ======'logicblock_mca_sequence_updated'====== Args={'value': 0, 'enabled': True}
2026-01-19 15:01:42,975 : INFO : EventManager : Event: ======'logicblock_adr_sequence_updated'====== Args={'value': 0, 'enabled': True}
2026-01-19 15:01:42,975 : INFO : EventManager : Event: ======'logicblock_christmas_sequence_updated'====== Args={'value': 0, 'enabled': True}
2026-01-19 15:01:42,975 : INFO : EventManager : Event: ======'logicblock_mca_sequence_updated'====== Args={'value': 0, 'enabled': True}
2026-01-19 15:01:42,975 : INFO : EventManager : Event: ======'logicblock_adr_sequence_updated'====== Args={'value': 0, 'enabled': True}
2026-01-19 15:01:42,975 : INFO : EventManager : Event: ======'logicblock_christmas_sequence_updated'====== Args={'value': 0, 'enabled': True}
2026-01-19 15:01:42,975 : INFO : Mode.attract : Started. Priority: 10
2026-01-19 15:01:42,976 : INFO : EventManager : Event: ======'modes_active_modes_changed'====== Args={}
2026-01-19 15:01:42,976 : INFO : EventManager : Event: ======'mode_attract_started'====== Args={}
2026-01-19 15:01:42,976 : INFO : EventManager : Event: ======'logicblock_mca_sequence_updated'====== Args={'value': 0, 'enabled': True}
2026-01-19 15:01:42,976 : INFO : EventManager : Event: ======'logicblock_mca_sequence_updated'====== Args={'value': 0, 'enabled': True}
2026-01-19 15:01:42,976 : INFO : EventManager : Event: ======'logicblock_adr_sequence_updated'====== Args={'value': 0, 'enabled': True}
2026-01-19 15:01:42,976 : INFO : EventManager : Event: ======'logicblock_adr_sequence_updated'====== Args={'value': 0, 'enabled': True}
2026-01-19 15:01:42,977 : INFO : EventManager : Event: ======'logicblock_christmas_sequence_updated'====== Args={'value': 0, 'enabled': True}
2026-01-19 15:01:42,977 : INFO : EventManager : Event: ======'logicblock_christmas_sequence_updated'====== Args={'value': 0, 'enabled': True}
2026-01-19 15:01:42,978 : INFO : EventManager : Event: ======'timer_attract_intro_timer_tick'====== Args={'ticks': 0, 'ticks_remaining': 16}
2026-01-19 15:01:42,978 : INFO : EventManager : Event: ======'collecting_balls_complete'====== Args={}
2026-01-19 15:01:42,979 : INFO : EventManager : Event: ======'carousel_item_highlighted'====== Args={'carousel': 'attract', 'direction': None, 'item': 'mpf_logo'}
2026-01-19 15:01:42,981 : INFO : Timer.attract_carousel_timer : Starting Timer.
2026-01-19 15:01:42,982 : INFO : EventManager : Event: ======'timer_attract_carousel_timer_started'====== Args={'ticks': 0, 'ticks_remaining': 5}
2026-01-19 15:01:42,982 : INFO : EventManager : Event: ======'timer_attract_carousel_timer_tick'====== Args={'ticks': 0, 'ticks_remaining': 5}
2026-01-19 15:01:42,984 : INFO : EventManager : Event: ======'slide_loading_created'====== Args={'_from_bcp': True}
2026-01-19 15:01:42,984 : INFO : EventManager : Event: ======'slide__removed'====== Args={'_from_bcp': True}
2026-01-19 15:01:42,984 : INFO : EventManager : Event: ======'slide_loading_active'====== Args={'original_context': '_global', 'original_calling_context': 'init_done', 'priority': 0.0, 'cmd': 'slides_play', '_from_bcp': True}
2026-01-19 15:01:42,985 : INFO : Machine : Starting the main run loop with active modes: [<Mode.service>, <Mode.attract>]
2026-01-19 15:01:43,069 : INFO : EventManager : Event: ======'slide_attract_load_created'====== Args={'_from_bcp': True}
2026-01-19 15:01:43,070 : INFO : EventManager : Event: ======'slide_loading_inactive'====== Args={'is_removing': True, '_from_bcp': True}
2026-01-19 15:01:43,070 : INFO : EventManager : Event: ======'slide_attract_load_active'====== Args={'original_context': 'attract', 'original_calling_context': 'mode_attract_started{machine.game_just_played==0}', 'priority': 10.0, 'cmd': 'slides_play', '_from_bcp': True}
2026-01-19 15:01:43,071 : INFO : EventManager : Event: ======'slide_loading_removed'====== Args={'_from_bcp': True}
2026-01-19 15:01:43,152 : INFO : BcpServer : New client connected.
2026-01-19 15:01:43,991 : INFO : EventManager : Event: ======'timer_attract_intro_timer_tick'====== Args={'ticks': 1, 'ticks_remaining': 15}
2026-01-19 15:01:43,991 : INFO : EventManager : Event: ======'timer_attract_carousel_timer_tick'====== Args={'ticks': 1, 'ticks_remaining': 4}
2026-01-19 15:01:44,851 : INFO : SwitchController : <<<<<<< 's_start' active >>>>>>>
2026-01-19 15:01:44,984 : INFO : EventManager : Event: ======'timer_attract_intro_timer_tick'====== Args={'ticks': 2, 'ticks_remaining': 14}
2026-01-19 15:01:44,985 : INFO : EventManager : Event: ======'timer_attract_carousel_timer_tick'====== Args={'ticks': 2, 'ticks_remaining': 3}
2026-01-19 15:01:44,985 : INFO : SwitchController : <<<<<<< 's_start' inactive >>>>>>>
2026-01-19 15:01:44,985 : INFO : EventManager : Event: ======'sw_start_inactive'====== Args={}
2026-01-19 15:01:44,985 : INFO : EventManager : Event: ======'request_to_start_game'====== Args={}
2026-01-19 15:01:44,986 : INFO : EventManager : Event: ======'game_start'====== Args={'buttons': [], 'hold_time': 0.13440710000031686}
2026-01-19 15:01:44,986 : INFO : EventManager : Event: ======'mode_game_will_start'====== Args={'buttons': [], 'hold_time': 0.13440710000031686}
2026-01-19 15:01:44,987 : INFO : EventManager : Event: ======'mode_game_starting'====== Args={'buttons': [], 'hold_time': 0.13440710000031686}
2026-01-19 15:01:44,988 : INFO : EventManager : Event: ======'mode_attract_will_stop'====== Args={}
2026-01-19 15:01:44,988 : INFO : EventManager : Event: ======'mode_attract_stopping'====== Args={}
2026-01-19 15:01:44,988 : INFO : Mode.game : Started. Priority: 20
2026-01-19 15:01:44,988 : INFO : EventManager : Event: ======'modes_active_modes_changed'====== Args={}
2026-01-19 15:01:44,989 : INFO : EventManager : Event: ======'mode_game_started'====== Args={'buttons': [], 'hold_time': 0.13440710000031686}
2026-01-19 15:01:44,990 : INFO : Mode.attract : Stopped.
2026-01-19 15:01:44,990 : INFO : EventManager : Event: ======'modes_active_modes_changed'====== Args={}
2026-01-19 15:01:44,991 : INFO : EventManager : Event: ======'mode_attract_stopped'====== Args={}
2026-01-19 15:01:44,991 : INFO : EventManager : Event: ======'clear'====== Args={'key': 'attract'}
2026-01-19 15:01:44,992 : INFO : Timer.mca_attract_video_timer : Stopping Timer
2026-01-19 15:01:44,992 : INFO : EventManager : Event: ======'timer_mca_attract_video_timer_stopped'====== Args={'ticks': 0, 'ticks_remaining': 0}
2026-01-19 15:01:44,992 : INFO : Timer.attract_carousel_timer : Stopping Timer
2026-01-19 15:01:44,992 : INFO : EventManager : Event: ======'timer_attract_carousel_timer_stopped'====== Args={'ticks': 2, 'ticks_remaining': 3}
2026-01-19 15:01:44,992 : INFO : Timer.adr_attract_video_timer : Stopping Timer
2026-01-19 15:01:44,992 : INFO : EventManager : Event: ======'timer_adr_attract_video_timer_stopped'====== Args={'ticks': 0, 'ticks_remaining': 0}
2026-01-19 15:01:44,993 : INFO : Timer.attract_intro_timer : Stopping Timer
2026-01-19 15:01:44,993 : INFO : EventManager : Event: ======'timer_attract_intro_timer_stopped'====== Args={'ticks': 2, 'ticks_remaining': 14}
2026-01-19 15:01:44,993 : INFO : Timer.christmas_attract_video_timer : Stopping Timer
2026-01-19 15:01:44,993 : INFO : EventManager : Event: ======'timer_christmas_attract_video_timer_stopped'====== Args={'ticks': 0, 'ticks_remaining': 0}
2026-01-19 15:01:44,994 : INFO : EventManager : Event: ======'game_will_start'====== Args={}
2026-01-19 15:01:44,996 : INFO : EventManager : Event: ======'game_starting'====== Args={'game': <Mode.game>}
2026-01-19 15:01:44,999 : INFO : EventManager : Unordered handler for class <Auditor> on event game_ended with priority 1. Handlers: [RegisteredHandler(callback=<bound method Auditor.disable of <Auditor>>, priority=1, kwargs={}, key=UUID('740fd564-0ffc-4b6b-9384-324e225a7044'), condition=None, blocking_facility=None), RegisteredHandler(callback=<bound method Auditor._save_audits of <Auditor>>, priority=1, kwargs={}, key=UUID('d04796dc-3ba2-4f46-a559-62cdba4e2e15'), condition=None, blocking_facility=None)]. The order of those handlers is not defined and they will be executed in random order. This might lead to race conditions and potential bugs.
2026-01-19 15:01:44,999 : INFO : EventManager : Event: ======'player_add_request'====== Args={}
2026-01-19 15:01:45,000 : INFO : EventManager : Event: ======'player_will_add'====== Args={'number': 1}
2026-01-19 15:01:45,000 : INFO : EventManager : Event: ======'player_adding'====== Args={'player': <Player 1>, 'number': 1}
2026-01-19 15:01:45,000 : INFO : EventManager : Event: ======'player_added'====== Args={'player': <Player 1>, 'num': 1}
2026-01-19 15:01:45,001 : INFO : Mode.game : Player added successfully. Total players: 1
2026-01-19 15:01:45,001 : INFO : EventManager : Event: ======'player_index'====== Args={'value': 0, 'prev_value': 0, 'change': 0, 'player_num': 1}
2026-01-19 15:01:45,001 : INFO : EventManager : Event: ======'player_number'====== Args={'value': 1, 'prev_value': 1, 'change': 0, 'player_num': 1}
2026-01-19 15:01:45,002 : INFO : EventManager : Event: ======'player_score'====== Args={'value': 0, 'prev_value': 0, 'change': 0, 'player_num': 1}
2026-01-19 15:01:45,002 : INFO : EventManager : Event: ======'game_started'====== Args={}
2026-01-19 15:01:45,003 : INFO : EventManager : Event: ======'mode_tilt_will_start'====== Args={}
2026-01-19 15:01:45,004 : INFO : EventManager : Event: ======'mode_tilt_starting'====== Args={}
2026-01-19 15:01:45,004 : INFO : EventManager : Event: ======'machine_var_game_just_played'====== Args={'value': 1, 'prev_value': 0, 'change': 1}
2026-01-19 15:01:45,004 : INFO : Mode.tilt : Started. Priority: 1000000
2026-01-19 15:01:45,004 : INFO : EventManager : Event: ======'modes_active_modes_changed'====== Args={}
2026-01-19 15:01:45,005 : INFO : EventManager : Event: ======'mode_tilt_started'====== Args={}
2026-01-19 15:01:45,006 : INFO : EventManager : Event: ======'player_turn_will_start'====== Args={'player': <Player 1>, 'number': 1}
2026-01-19 15:01:45,028 : INFO : EventManager : Event: ======'player_turn_starting'====== Args={'player': <Player 1>, 'number': 1}
2026-01-19 15:01:45,030 : INFO : EventManager : Event: ======'player_ball'====== Args={'value': 1, 'prev_value': 0, 'change': 1, 'player_num': 1}
2026-01-19 15:01:45,031 : INFO : EventManager : Event: ======'player_turn_started'====== Args={'player': <Player 1>, 'number': 1}
2026-01-19 15:01:45,033 : INFO : EventManager : Event: ======'ball_will_start'====== Args={'player': 1, 'ball': 1, 'balls_remaining': 2, 'is_extra_ball': False}
2026-01-19 15:01:45,034 : INFO : EventManager : Event: ======'ball_starting'====== Args={'player': 1, 'ball': 1, 'balls_remaining': 2, 'is_extra_ball': False}
2026-01-19 15:01:45,034 : INFO : EventManager : Event: ======'mode_batterycharger_will_start'====== Args={'queue': <QueuedEvent>, 'player': 1, 'ball': 1, 'balls_remaining': 2, 'is_extra_ball': False}
2026-01-19 15:01:45,045 : INFO : EventManager : Event: ======'mode_batterycharger_starting'====== Args={'queue': <QueuedEvent>, 'player': 1, 'ball': 1, 'balls_remaining': 2, 'is_extra_ball': False}
2026-01-19 15:01:45,046 : INFO : EventManager : Event: ======'mode_base_will_start'====== Args={'queue': <QueuedEvent>, 'player': 1, 'ball': 1, 'balls_remaining': 2, 'is_extra_ball': False}
2026-01-19 15:01:45,047 : INFO : EventManager : Event: ======'player_shot_left_orbit_enabled'====== Args={'value': True, 'prev_value': 0, 'change': 1, 'player_num': 1}
2026-01-19 15:01:45,048 : INFO : EventManager : Event: ======'player_shot_right_orbit_enabled'====== Args={'value': True, 'prev_value': 0, 'change': 1, 'player_num': 1}
2026-01-19 15:01:45,048 : INFO : EventManager : Event: ======'player_shot_inner_loop_enabled'====== Args={'value': True, 'prev_value': 0, 'change': 1, 'player_num': 1}
2026-01-19 15:01:45,048 : INFO : EventManager : Event: ======'player_shot_left_orbit_backdoor_enabled'====== Args={'value': True, 'prev_value': 0, 'change': 1, 'player_num': 1}
2026-01-19 15:01:45,049 : INFO : EventManager : Event: ======'player_shot_right_orbit_backdoor_enabled'====== Args={'value': True, 'prev_value': 0, 'change': 1, 'player_num': 1}
2026-01-19 15:01:45,049 : INFO : EventManager : Event: ======'player_shot_inner_loop_backdoor_enabled'====== Args={'value': True, 'prev_value': 0, 'change': 1, 'player_num': 1}
2026-01-19 15:01:45,050 : INFO : EventManager : Event: ======'player_shot_right_ramp_enabled'====== Args={'value': True, 'prev_value': 0, 'change': 1, 'player_num': 1}
2026-01-19 15:01:45,050 : INFO : EventManager : Event: ======'player_shot_left_ramp_enabled'====== Args={'value': True, 'prev_value': 0, 'change': 1, 'player_num': 1}
2026-01-19 15:01:45,051 : INFO : EventManager : Event: ======'player_shot_pop_standup_enabled'====== Args={'value': True, 'prev_value': 0, 'change': 1, 'player_num': 1}
2026-01-19 15:01:45,051 : INFO : EventManager : Event: ======'player_shot_upper_pop_standup_enabled'====== Args={'value': True, 'prev_value': 0, 'change': 1, 'player_num': 1}
2026-01-19 15:01:45,051 : INFO : EventManager : Event: ======'player_shot_scoop_enabled'====== Args={'value': True, 'prev_value': 0, 'change': 1, 'player_num': 1}
2026-01-19 15:01:45,052 : INFO : EventManager : Event: ======'player_shot_captive_ball_enabled'====== Args={'value': True, 'prev_value': 0, 'change': 1, 'player_num': 1}
2026-01-19 15:01:45,053 : INFO : EventManager : Event: ======'player_shot_three_bank_standup_enabled'====== Args={'value': True, 'prev_value': 0, 'change': 1, 'player_num': 1}
2026-01-19 15:01:45,053 : INFO : EventManager : Event: ======'player_shot_spinner_enabled'====== Args={'value': True, 'prev_value': 0, 'change': 1, 'player_num': 1}
2026-01-19 15:01:45,054 : INFO : EventManager : Event: ======'player_shot_pop1_enabled'====== Args={'value': True, 'prev_value': 0, 'change': 1, 'player_num': 1}
2026-01-19 15:01:45,055 : INFO : EventManager : Event: ======'player_shot_pop2_enabled'====== Args={'value': True, 'prev_value': 0, 'change': 1, 'player_num': 1}
2026-01-19 15:01:45,057 : INFO : EventManager : Event: ======'player_shot_pop3_enabled'====== Args={'value': True, 'prev_value': 0, 'change': 1, 'player_num': 1}
2026-01-19 15:01:45,058 : INFO : EventManager : Event: ======'player_shot_bottom_drop_enabled'====== Args={'value': True, 'prev_value': 0, 'change': 1, 'player_num': 1}
2026-01-19 15:01:45,058 : INFO : EventManager : Event: ======'player_shot_middle_drop_enabled'====== Args={'value': True, 'prev_value': 0, 'change': 1, 'player_num': 1}
2026-01-19 15:01:45,059 : INFO : EventManager : Event: ======'player_shot_top_drop_enabled'====== Args={'value': True, 'prev_value': 0, 'change': 1, 'player_num': 1}
2026-01-19 15:01:45,059 : INFO : EventManager : Event: ======'player_shot_tshirt_top_standup_enabled'====== Args={'value': True, 'prev_value': 0, 'change': 1, 'player_num': 1}
2026-01-19 15:01:45,059 : INFO : EventManager : Event: ======'player_shot_tshirt_bottom_standup_enabled'====== Args={'value': True, 'prev_value': 0, 'change': 1, 'player_num': 1}
2026-01-19 15:01:45,060 : INFO : EventManager : Event: ======'player_shot_left_outlane_enabled'====== Args={'value': True, 'prev_value': 0, 'change': 1, 'player_num': 1}
2026-01-19 15:01:45,060 : INFO : EventManager : Event: ======'player_shot_left_inlane_enabled'====== Args={'value': True, 'prev_value': 0, 'change': 1, 'player_num': 1}
2026-01-19 15:01:45,060 : INFO : EventManager : Event: ======'player_shot_right_inlane_enabled'====== Args={'value': True, 'prev_value': 0, 'change': 1, 'player_num': 1}
2026-01-19 15:01:45,061 : INFO : EventManager : Event: ======'player_shot_right_outlane_enabled'====== Args={'value': True, 'prev_value': 0, 'change': 1, 'player_num': 1}
2026-01-19 15:01:45,061 : INFO : EventManager : Event: ======'sg_lanes_complete'====== Args={'state': 'unlit'}
2026-01-19 15:01:45,061 : INFO : EventManager : Event: ======'sg_lanes_unlit_complete'====== Args={}
2026-01-19 15:01:45,061 : INFO : EventManager : Event: ======'sg_tshirts_complete'====== Args={'state': 'flash'}
2026-01-19 15:01:45,061 : INFO : EventManager : Event: ======'sg_tshirts_flash_complete'====== Args={}
2026-01-19 15:01:45,066 : INFO : EventManager : Event: ======'player_base_chcheckitoutfinish_widget_timer_tick'====== Args={'value': 0, 'prev_value': 0, 'change': 0, 'player_num': 1}
2026-01-19 15:01:45,067 : INFO : EventManager : Event: ======'player_base_bodymovin_widget_timer_tick'====== Args={'value': 0, 'prev_value': 0, 'change': 0, 'player_num': 1}
2026-01-19 15:01:45,068 : INFO : EventManager : Event: ======'player_base_bodymovin_lock_enabled_widget_timer_tick'====== Args={'value': 0, 'prev_value': 0, 'change': 0, 'player_num': 1}
2026-01-19 15:01:45,069 : INFO : EventManager : Event: ======'player_base_bodymovin_ball_1_locked_widget_timer_tick'====== Args={'value': 0, 'prev_value': 0, 'change': 0, 'player_num': 1}
2026-01-19 15:01:45,070 : INFO : EventManager : Event: ======'player_base_bodymovin_ball_2_locked_widget_timer_tick'====== Args={'value': 0, 'prev_value': 0, 'change': 0, 'player_num': 1}
2026-01-19 15:01:45,070 : INFO : EventManager : Event: ======'achievement_wizard1_changed_state'====== Args={'restore': False, 'state': 'disabled', 'selected': False}
2026-01-19 15:01:45,071 : INFO : EventManager : Event: ======'achievement_wizard1_state_disabled'====== Args={'restore': False, 'state': 'disabled', 'selected': False}
2026-01-19 15:01:45,071 : INFO : EventManager : Event: ======'achievement_intergalactic_mode_changed_state'====== Args={'restore': False, 'state': 'enabled', 'selected': False}
2026-01-19 15:01:45,071 : INFO : EventManager : Event: ======'achievement_intergalactic_mode_state_enabled'====== Args={'restore': False, 'state': 'enabled', 'selected': False}
2026-01-19 15:01:45,072 : INFO : EventManager : Event: ======'achievement_paulrevere_mode_changed_state'====== Args={'restore': False, 'state': 'enabled', 'selected': False}
2026-01-19 15:01:45,072 : INFO : EventManager : Event: ======'achievement_paulrevere_mode_state_enabled'====== Args={'restore': False, 'state': 'enabled', 'selected': False}
2026-01-19 15:01:45,072 : INFO : EventManager : Event: ======'achievement_tripletrouble_mode_changed_state'====== Args={'restore': False, 'state': 'enabled', 'selected': False}
2026-01-19 15:01:45,072 : INFO : EventManager : Event: ======'achievement_tripletrouble_mode_state_enabled'====== Args={'restore': False, 'state': 'enabled', 'selected': False}
2026-01-19 15:01:45,073 : INFO : EventManager : Event: ======'achievement_sabotage_mode_changed_state'====== Args={'restore': False, 'state': 'enabled', 'selected': False}
2026-01-19 15:01:45,073 : INFO : EventManager : Event: ======'achievement_sabotage_mode_state_enabled'====== Args={'restore': False, 'state': 'enabled', 'selected': False}
2026-01-19 15:01:45,073 : INFO : EventManager : Event: ======'achievement_fingerlickingood_mode_changed_state'====== Args={'restore': False, 'state': 'enabled', 'selected': False}
2026-01-19 15:01:45,073 : INFO : EventManager : Event: ======'achievement_fingerlickingood_mode_state_enabled'====== Args={'restore': False, 'state': 'enabled', 'selected': False}
2026-01-19 15:01:45,074 : INFO : EventManager : Event: ======'achievement_toomanyrappers_mode_changed_state'====== Args={'restore': False, 'state': 'enabled', 'selected': False}
2026-01-19 15:01:45,074 : INFO : EventManager : Event: ======'achievement_toomanyrappers_mode_state_enabled'====== Args={'restore': False, 'state': 'enabled', 'selected': False}
2026-01-19 15:01:45,074 : INFO : EventManager : Event: ======'achievement_threemcsand1dj_mode_changed_state'====== Args={'restore': False, 'state': 'enabled', 'selected': False}
2026-01-19 15:01:45,074 : INFO : EventManager : Event: ======'achievement_threemcsand1dj_mode_state_enabled'====== Args={'restore': False, 'state': 'enabled', 'selected': False}
2026-01-19 15:01:45,075 : INFO : EventManager : Event: ======'achievement_highplainsdrifter_mode_changed_state'====== Args={'restore': False, 'state': 'enabled', 'selected': False}
2026-01-19 15:01:45,075 : INFO : EventManager : Event: ======'achievement_highplainsdrifter_mode_state_enabled'====== Args={'restore': False, 'state': 'enabled', 'selected': False}
2026-01-19 15:01:45,075 : INFO : EventManager : Event: ======'achievement_chcheckitout_multiball_changed_state'====== Args={'restore': False, 'state': 'enabled', 'selected': False}
2026-01-19 15:01:45,075 : INFO : EventManager : Event: ======'achievement_chcheckitout_multiball_state_enabled'====== Args={'restore': False, 'state': 'enabled', 'selected': False}
2026-01-19 15:01:45,075 : INFO : EventManager : Event: ======'achievement_bodymovin_multiball_changed_state'====== Args={'restore': False, 'state': 'enabled', 'selected': False}
2026-01-19 15:01:45,076 : INFO : EventManager : Event: ======'achievement_bodymovin_multiball_state_enabled'====== Args={'restore': False, 'state': 'enabled', 'selected': False}
2026-01-19 15:01:45,076 : INFO : EventManager : Event: ======'achievement_superpops_super_mode_changed_state'====== Args={'restore': False, 'state': 'enabled', 'selected': False}
2026-01-19 15:01:45,076 : INFO : EventManager : Event: ======'achievement_superpops_super_mode_state_enabled'====== Args={'restore': False, 'state': 'enabled', 'selected': False}
2026-01-19 15:01:45,076 : INFO : EventManager : Event: ======'achievement_superdrops_super_mode_changed_state'====== Args={'restore': False, 'state': 'enabled', 'selected': False}
2026-01-19 15:01:45,076 : INFO : EventManager : Event: ======'achievement_superdrops_super_mode_state_enabled'====== Args={'restore': False, 'state': 'enabled', 'selected': False}
2026-01-19 15:01:45,077 : INFO : EventManager : Event: ======'achievement_superspins_super_mode_changed_state'====== Args={'restore': False, 'state': 'enabled', 'selected': False}
2026-01-19 15:01:45,077 : INFO : EventManager : Event: ======'achievement_superspins_super_mode_state_enabled'====== Args={'restore': False, 'state': 'enabled', 'selected': False}
2026-01-19 15:01:45,077 : INFO : EventManager : Event: ======'achievement_superstandups_super_mode_changed_state'====== Args={'restore': False, 'state': 'enabled', 'selected': False}
2026-01-19 15:01:45,077 : INFO : EventManager : Event: ======'achievement_superstandups_super_mode_state_enabled'====== Args={'restore': False, 'state': 'enabled', 'selected': False}
2026-01-19 15:01:45,077 : INFO : EventManager : Event: ======'achievement_supercombos_super_mode_changed_state'====== Args={'restore': False, 'state': 'enabled', 'selected': False}
2026-01-19 15:01:45,078 : INFO : EventManager : Event: ======'achievement_supercombos_super_mode_state_enabled'====== Args={'restore': False, 'state': 'enabled', 'selected': False}
2026-01-19 15:01:45,078 : INFO : EventManager : Event: ======'achievement_girls_frenzy_changed_state'====== Args={'restore': False, 'state': 'disabled', 'selected': False}
2026-01-19 15:01:45,078 : INFO : EventManager : Event: ======'achievement_girls_frenzy_state_disabled'====== Args={'restore': False, 'state': 'disabled', 'selected': False}
2026-01-19 15:01:45,081 : INFO : EventManager : Unordered handler for class ConfigPlayer.show_player/shows on event achievement_wizard1_state_enabled with priority 100. Handlers: [RegisteredHandler(callback=<bound method ConfigPlayer.config_play_callback of ConfigPlayer.show_player/shows>, priority=100, kwargs={'calling_context': 'achievement_wizard1_state_enabled', 'mode': <Mode.batterycharger>, 'settings': {battery_green-None-None: {'action': 'stop', 'priority': 0, 'show': None, 'speed': <NativeTemplate 1.0>, 'block_queue': False, 'start_step': <NativeTemplate 1>, 'start_running': <Template True>, 'loops': -1, 'sync_ms': None, 'manual_advance': False, 'show_queue': None, 'key': None, 'show_tokens': {}, 'events_when_played': [], 'events_when_stopped': [], 'events_when_looped': [], 'events_when_paused': [], 'events_when_resumed': [], 'events_when_advanced': [], 'events_when_stepped_back': [], 'events_when_updated': [], 'events_when_completed': []}, battery_yellow-None-None: {'action': 'stop', 'priority': 0, 'show': None, 'speed': <NativeTemplate 1.0>, 'block_queue': False, 'start_step': <NativeTemplate 1>, 'start_running': <Template True>, 'loops': -1, 'sync_ms': None, 'manual_advance': False, 'show_queue': None, 'key': None, 'show_tokens': {}, 'events_when_played': [], 'events_when_stopped': [], 'events_when_looped': [], 'events_when_paused': [], 'events_when_resumed': [], 'events_when_advanced': [], 'events_when_stepped_back': [], 'events_when_updated': [], 'events_when_completed': []}, battery_red-None-None: {'action': 'stop', 'priority': 0, 'show': None, 'speed': <NativeTemplate 1.0>, 'block_queue': False, 'start_step': <NativeTemplate 1>, 'start_running': <Template True>, 'loops': -1, 'sync_ms': None, 'manual_advance': False, 'show_queue': None, 'key': None, 'show_tokens': {}, 'events_when_played': [], 'events_when_stopped': [], 'events_when_looped': [], 'events_when_paused': [], 'events_when_resumed': [], 'events_when_advanced': [], 'events_when_stepped_back': [], 'events_when_updated': [], 'events_when_completed': []}}}, key=UUID('caa33df6-50d0-42f3-bc51-69cefb32fd96'), condition=None, blocking_facility=None), RegisteredHandler(callback=<bound method ConfigPlayer.config_play_callback of ConfigPlayer.show_player/shows>, priority=100, kwargs={'calling_context': 'achievement_wizard1_state_enabled', 'mode': <Mode.base>, 'settings': {makesomenoise_mode_qualified_light-None-None: {'action': 'play', 'loops': -1, 'priority': 0, 'show': None, 'speed': <NativeTemplate 1.0>, 'block_queue': False, 'start_step': <NativeTemplate 1>, 'start_running': <Template True>, 'sync_ms': None, 'manual_advance': False, 'show_queue': None, 'key': None, 'show_tokens': {}, 'events_when_played': [], 'events_when_stopped': [], 'events_when_looped': [], 'events_when_paused': [], 'events_when_resumed': [], 'events_when_advanced': [], 'events_when_stepped_back': [], 'events_when_updated': [], 'events_when_completed': []}, chcheckitout_lit_strobe-None-None: {'action': 'stop', 'priority': 0, 'show': None, 'speed': <NativeTemplate 1.0>, 'block_queue': False, 'start_step': <NativeTemplate 1>, 'start_running': <Template True>, 'loops': -1, 'sync_ms': None, 'manual_advance': False, 'show_queue': None, 'key': None, 'show_tokens': {}, 'events_when_played': [], 'events_when_stopped': [], 'events_when_looped': [], 'events_when_paused': [], 'events_when_resumed': [], 'events_when_advanced': [], 'events_when_stepped_back': [], 'events_when_updated': [], 'events_when_completed': []}}}, key=UUID('ad36cf63-e0be-4529-bb8e-d27abebffa04'), condition=None, blocking_facility=None)]. The order of those handlers is not defined and they will be executed in random order. This might lead to race conditions and potential bugs.
2026-01-19 15:01:45,082 : INFO : EventManager : Unordered handler for class ConfigPlayer.show_player/shows on event mode_makesomenoise_started with priority 100. Handlers: [RegisteredHandler(callback=<bound method ConfigPlayer.config_play_callback of ConfigPlayer.show_player/shows>, priority=100, kwargs={'calling_context': 'mode_makesomenoise_started', 'mode': <Mode.batterycharger>, 'settings': {battery_red-None-None: {'action': 'stop', 'priority': 0, 'show': None, 'speed': <NativeTemplate 1.0>, 'block_queue': False, 'start_step': <NativeTemplate 1>, 'start_running': <Template True>, 'loops': -1, 'sync_ms': None, 'manual_advance': False, 'show_queue': None, 'key': None, 'show_tokens': {}, 'events_when_played': [], 'events_when_stopped': [], 'events_when_looped': [], 'events_when_paused': [], 'events_when_resumed': [], 'events_when_advanced': [], 'events_when_stepped_back': [], 'events_when_updated': [], 'events_when_completed': []}, battery_yellow-None-None: {'action': 'stop', 'priority': 0, 'show': None, 'speed': <NativeTemplate 1.0>, 'block_queue': False, 'start_step': <NativeTemplate 1>, 'start_running': <Template True>, 'loops': -1, 'sync_ms': None, 'manual_advance': False, 'show_queue': None, 'key': None, 'show_tokens': {}, 'events_when_played': [], 'events_when_stopped': [], 'events_when_looped': [], 'events_when_paused': [], 'events_when_resumed': [], 'events_when_advanced': [], 'events_when_stepped_back': [], 'events_when_updated': [], 'events_when_completed': []}, battery_green-None-None: {'action': 'stop', 'priority': 0, 'show': None, 'speed': <NativeTemplate 1.0>, 'block_queue': False, 'start_step': <NativeTemplate 1>, 'start_running': <Template True>, 'loops': -1, 'sync_ms': None, 'manual_advance': False, 'show_queue': None, 'key': None, 'show_tokens': {}, 'events_when_played': [], 'events_when_stopped': [], 'events_when_looped': [], 'events_when_paused': [], 'events_when_resumed': [], 'events_when_advanced': [], 'events_when_stepped_back': [], 'events_when_updated': [], 'events_when_completed': []}}}, key=UUID('b9ef7dc0-6fbe-415d-84fb-ce6a46ac221e'), condition=None, blocking_facility=None), RegisteredHandler(callback=<bound method ConfigPlayer.config_play_callback of ConfigPlayer.show_player/shows>, priority=100, kwargs={'calling_context': 'mode_makesomenoise_started', 'mode': <Mode.base>, 'settings': {makesomenoise_mode_qualified_light-None-None: {'action': 'stop', 'priority': 0, 'show': None, 'speed': <NativeTemplate 1.0>, 'block_queue': False, 'start_step': <NativeTemplate 1>, 'start_running': <Template True>, 'loops': -1, 'sync_ms': None, 'manual_advance': False, 'show_queue': None, 'key': None, 'show_tokens': {}, 'events_when_played': [], 'events_when_stopped': [], 'events_when_looped': [], 'events_when_paused': [], 'events_when_resumed': [], 'events_when_advanced': [], 'events_when_stepped_back': [], 'events_when_updated': [], 'events_when_completed': []}, GI_on-None-None: {'action': 'stop', 'priority': 0, 'show': None, 'speed': <NativeTemplate 1.0>, 'block_queue': False, 'start_step': <NativeTemplate 1>, 'start_running': <Template True>, 'loops': -1, 'sync_ms': None, 'manual_advance': False, 'show_queue': None, 'key': None, 'show_tokens': {}, 'events_when_played': [], 'events_when_stopped': [], 'events_when_looped': [], 'events_when_paused': [], 'events_when_resumed': [], 'events_when_advanced': [], 'events_when_stepped_back': [], 'events_when_updated': [], 'events_when_completed': []}}}, key=UUID('94601c71-bb72-4297-a533-f437c04cbd6e'), condition=None, blocking_facility=None)]. The order of those handlers is not defined and they will be executed in random order. This might lead to race conditions and potential bugs.
2026-01-19 15:01:45,088 : INFO : EventManager : Unordered handler for class ConfigPlayer.show_player/shows on event achievement_wizard1_state_enabled with priority 100. Handlers: [RegisteredHandler(callback=<bound method ConfigPlayer.config_play_callback of ConfigPlayer.show_player/shows>, priority=100, kwargs={'calling_context': 'achievement_wizard1_state_enabled', 'mode': <Mode.batterycharger>, 'settings': {battery_green-None-None: {'action': 'stop', 'priority': 0, 'show': None, 'speed': <NativeTemplate 1.0>, 'block_queue': False, 'start_step': <NativeTemplate 1>, 'start_running': <Template True>, 'loops': -1, 'sync_ms': None, 'manual_advance': False, 'show_queue': None, 'key': None, 'show_tokens': {}, 'events_when_played': [], 'events_when_stopped': [], 'events_when_looped': [], 'events_when_paused': [], 'events_when_resumed': [], 'events_when_advanced': [], 'events_when_stepped_back': [], 'events_when_updated': [], 'events_when_completed': []}, battery_yellow-None-None: {'action': 'stop', 'priority': 0, 'show': None, 'speed': <NativeTemplate 1.0>, 'block_queue': False, 'start_step': <NativeTemplate 1>, 'start_running': <Template True>, 'loops': -1, 'sync_ms': None, 'manual_advance': False, 'show_queue': None, 'key': None, 'show_tokens': {}, 'events_when_played': [], 'events_when_stopped': [], 'events_when_looped': [], 'events_when_paused': [], 'events_when_resumed': [], 'events_when_advanced': [], 'events_when_stepped_back': [], 'events_when_updated': [], 'events_when_completed': []}, battery_red-None-None: {'action': 'stop', 'priority': 0, 'show': None, 'speed': <NativeTemplate 1.0>, 'block_queue': False, 'start_step': <NativeTemplate 1>, 'start_running': <Template True>, 'loops': -1, 'sync_ms': None, 'manual_advance': False, 'show_queue': None, 'key': None, 'show_tokens': {}, 'events_when_played': [], 'events_when_stopped': [], 'events_when_looped': [], 'events_when_paused': [], 'events_when_resumed': [], 'events_when_advanced': [], 'events_when_stepped_back': [], 'events_when_updated': [], 'events_when_completed': []}}}, key=UUID('caa33df6-50d0-42f3-bc51-69cefb32fd96'), condition=None, blocking_facility=None), RegisteredHandler(callback=<bound method ConfigPlayer.config_play_callback of ConfigPlayer.show_player/shows>, priority=100, kwargs={'calling_context': 'achievement_wizard1_state_enabled', 'mode': <Mode.base>, 'settings': {makesomenoise_mode_qualified_light-None-None: {'action': 'play', 'loops': -1, 'priority': 0, 'show': None, 'speed': <NativeTemplate 1.0>, 'block_queue': False, 'start_step': <NativeTemplate 1>, 'start_running': <Template True>, 'sync_ms': None, 'manual_advance': False, 'show_queue': None, 'key': None, 'show_tokens': {}, 'events_when_played': [], 'events_when_stopped': [], 'events_when_looped': [], 'events_when_paused': [], 'events_when_resumed': [], 'events_when_advanced': [], 'events_when_stepped_back': [], 'events_when_updated': [], 'events_when_completed': []}, chcheckitout_lit_strobe-None-None: {'action': 'stop', 'priority': 0, 'show': None, 'speed': <NativeTemplate 1.0>, 'block_queue': False, 'start_step': <NativeTemplate 1>, 'start_running': <Template True>, 'loops': -1, 'sync_ms': None, 'manual_advance': False, 'show_queue': None, 'key': None, 'show_tokens': {}, 'events_when_played': [], 'events_when_stopped': [], 'events_when_looped': [], 'events_when_paused': [], 'events_when_resumed': [], 'events_when_advanced': [], 'events_when_stepped_back': [], 'events_when_updated': [], 'events_when_completed': []}}}, key=UUID('ad36cf63-e0be-4529-bb8e-d27abebffa04'), condition=None, blocking_facility=None)]. The order of those handlers is not defined and they will be executed in random order. This might lead to race conditions and potential bugs.
2026-01-19 15:01:45,089 : INFO : EventManager : Unordered handler for class <Auditor> on event game_ended with priority 1. Handlers: [RegisteredHandler(callback=<bound method Auditor.disable of <Auditor>>, priority=1, kwargs={}, key=UUID('740fd564-0ffc-4b6b-9384-324e225a7044'), condition=None, blocking_facility=None), RegisteredHandler(callback=<bound method Auditor._save_audits of <Auditor>>, priority=1, kwargs={}, key=UUID('d04796dc-3ba2-4f46-a559-62cdba4e2e15'), condition=None, blocking_facility=None)]. The order of those handlers is not defined and they will be executed in random order. This might lead to race conditions and potential bugs.
2026-01-19 15:01:45,106 : INFO : EventManager : Unordered handler for class ConfigPlayer.show_player/shows on event achievement_wizard1_state_enabled with priority 100. Handlers: [RegisteredHandler(callback=<bound method ConfigPlayer.config_play_callback of ConfigPlayer.show_player/shows>, priority=100, kwargs={'calling_context': 'achievement_wizard1_state_enabled', 'mode': <Mode.batterycharger>, 'settings': {battery_green-None-None: {'action': 'stop', 'priority': 0, 'show': None, 'speed': <NativeTemplate 1.0>, 'block_queue': False, 'start_step': <NativeTemplate 1>, 'start_running': <Template True>, 'loops': -1, 'sync_ms': None, 'manual_advance': False, 'show_queue': None, 'key': None, 'show_tokens': {}, 'events_when_played': [], 'events_when_stopped': [], 'events_when_looped': [], 'events_when_paused': [], 'events_when_resumed': [], 'events_when_advanced': [], 'events_when_stepped_back': [], 'events_when_updated': [], 'events_when_completed': []}, battery_yellow-None-None: {'action': 'stop', 'priority': 0, 'show': None, 'speed': <NativeTemplate 1.0>, 'block_queue': False, 'start_step': <NativeTemplate 1>, 'start_running': <Template True>, 'loops': -1, 'sync_ms': None, 'manual_advance': False, 'show_queue': None, 'key': None, 'show_tokens': {}, 'events_when_played': [], 'events_when_stopped': [], 'events_when_looped': [], 'events_when_paused': [], 'events_when_resumed': [], 'events_when_advanced': [], 'events_when_stepped_back': [], 'events_when_updated': [], 'events_when_completed': []}, battery_red-None-None: {'action': 'stop', 'priority': 0, 'show': None, 'speed': <NativeTemplate 1.0>, 'block_queue': False, 'start_step': <NativeTemplate 1>, 'start_running': <Template True>, 'loops': -1, 'sync_ms': None, 'manual_advance': False, 'show_queue': None, 'key': None, 'show_tokens': {}, 'events_when_played': [], 'events_when_stopped': [], 'events_when_looped': [], 'events_when_paused': [], 'events_when_resumed': [], 'events_when_advanced': [], 'events_when_stepped_back': [], 'events_when_updated': [], 'events_when_completed': []}}}, key=UUID('caa33df6-50d0-42f3-bc51-69cefb32fd96'), condition=None, blocking_facility=None), RegisteredHandler(callback=<bound method ConfigPlayer.config_play_callback of ConfigPlayer.show_player/shows>, priority=100, kwargs={'calling_context': 'achievement_wizard1_state_enabled', 'mode': <Mode.base>, 'settings': {makesomenoise_mode_qualified_light-None-None: {'action': 'play', 'loops': -1, 'priority': 0, 'show': None, 'speed': <NativeTemplate 1.0>, 'block_queue': False, 'start_step': <NativeTemplate 1>, 'start_running': <Template True>, 'sync_ms': None, 'manual_advance': False, 'show_queue': None, 'key': None, 'show_tokens': {}, 'events_when_played': [], 'events_when_stopped': [], 'events_when_looped': [], 'events_when_paused': [], 'events_when_resumed': [], 'events_when_advanced': [], 'events_when_stepped_back': [], 'events_when_updated': [], 'events_when_completed': []}, chcheckitout_lit_strobe-None-None: {'action': 'stop', 'priority': 0, 'show': None, 'speed': <NativeTemplate 1.0>, 'block_queue': False, 'start_step': <NativeTemplate 1>, 'start_running': <Template True>, 'loops': -1, 'sync_ms': None, 'manual_advance': False, 'show_queue': None, 'key': None, 'show_tokens': {}, 'events_when_played': [], 'events_when_stopped': [], 'events_when_looped': [], 'events_when_paused': [], 'events_when_resumed': [], 'events_when_advanced': [], 'events_when_stepped_back': [], 'events_when_updated': [], 'events_when_completed': []}}}, key=UUID('ad36cf63-e0be-4529-bb8e-d27abebffa04'), condition=None, blocking_facility=None)]. The order of those handlers is not defined and they will be executed in random order. This might lead to race conditions and potential bugs.
2026-01-19 15:01:45,108 : INFO : EventManager : Unordered handler for class PluginPlayer.widgets on event ball_will_end with priority 100. Handlers: [RegisteredHandler(callback=<bound method ConfigPlayer.config_play_callback of PluginPlayer.widgets>, priority=100, kwargs={'calling_context': 'ball_will_end', 'mode': <Mode.batterycharger>, 'settings': {'charges_remaining': {'action': 'remove', 'priority': None, 'slide': None, 'key': None, 'target': None, 'expire': None, 'tokens': {}, 'x': 0, 'y': 0}}}, key=UUID('31b9e2ab-6f2e-4794-8ece-45ef07af6c75'), condition=None, blocking_facility=None), RegisteredHandler(callback=<bound method ConfigPlayer.config_play_callback of PluginPlayer.widgets>, priority=100, kwargs={'calling_context': 'ball_will_end', 'mode': <Mode.base>, 'settings': {'chcheckitoutfinish': {'action': 'remove', 'priority': None, 'slide': None, 'key': None, 'target': None, 'expire': None, 'tokens': {}, 'x': 0, 'y': 0}, 'bodymovinfinish': {'action': 'remove', 'priority': None, 'slide': None, 'key': None, 'target': None, 'expire': None, 'tokens': {}, 'x': 0, 'y': 0}, 'mmm_circle': {'action': 'remove', 'priority': None, 'slide': None, 'key': None, 'target': None, 'expire': None, 'tokens': {}, 'x': 0, 'y': 0}, 'miked_circle': {'action': 'remove', 'priority': None, 'slide': None, 'key': None, 'target': None, 'expire': None, 'tokens': {}, 'x': 0, 'y': 0}, 'adroc_circle': {'action': 'remove', 'priority': None, 'slide': None, 'key': None, 'target': None, 'expire': None, 'tokens': {}, 'x': 0, 'y': 0}, 'mca_circle': {'action': 'remove', 'priority': None, 'slide': None, 'key': None, 'target': None, 'expire': None, 'tokens': {}, 'x': 0, 'y': 0}, 'djhurr_circle': {'action': 'remove', 'priority': None, 'slide': None, 'key': None, 'target': None, 'expire': None, 'tokens': {}, 'x': 0, 'y': 0}}}, key=UUID('fad7d2cf-570d-428b-86c9-b5356a0808e6'), condition=None, blocking_facility=None)]. The order of those handlers is not defined and they will be executed in random order. This might lead to race conditions and potential bugs.
2026-01-19 15:01:45,115 : INFO : EventManager : Unordered handler for class ConfigPlayer.show_player/shows on event mode_makesomenoise_started with priority 100. Handlers: [RegisteredHandler(callback=<bound method ConfigPlayer.config_play_callback of ConfigPlayer.show_player/shows>, priority=100, kwargs={'calling_context': 'mode_makesomenoise_started', 'mode': <Mode.batterycharger>, 'settings': {battery_red-None-None: {'action': 'stop', 'priority': 0, 'show': None, 'speed': <NativeTemplate 1.0>, 'block_queue': False, 'start_step': <NativeTemplate 1>, 'start_running': <Template True>, 'loops': -1, 'sync_ms': None, 'manual_advance': False, 'show_queue': None, 'key': None, 'show_tokens': {}, 'events_when_played': [], 'events_when_stopped': [], 'events_when_looped': [], 'events_when_paused': [], 'events_when_resumed': [], 'events_when_advanced': [], 'events_when_stepped_back': [], 'events_when_updated': [], 'events_when_completed': []}, battery_yellow-None-None: {'action': 'stop', 'priority': 0, 'show': None, 'speed': <NativeTemplate 1.0>, 'block_queue': False, 'start_step': <NativeTemplate 1>, 'start_running': <Template True>, 'loops': -1, 'sync_ms': None, 'manual_advance': False, 'show_queue': None, 'key': None, 'show_tokens': {}, 'events_when_played': [], 'events_when_stopped': [], 'events_when_looped': [], 'events_when_paused': [], 'events_when_resumed': [], 'events_when_advanced': [], 'events_when_stepped_back': [], 'events_when_updated': [], 'events_when_completed': []}, battery_green-None-None: {'action': 'stop', 'priority': 0, 'show': None, 'speed': <NativeTemplate 1.0>, 'block_queue': False, 'start_step': <NativeTemplate 1>, 'start_running': <Template True>, 'loops': -1, 'sync_ms': None, 'manual_advance': False, 'show_queue': None, 'key': None, 'show_tokens': {}, 'events_when_played': [], 'events_when_stopped': [], 'events_when_looped': [], 'events_when_paused': [], 'events_when_resumed': [], 'events_when_advanced': [], 'events_when_stepped_back': [], 'events_when_updated': [], 'events_when_completed': []}}}, key=UUID('b9ef7dc0-6fbe-415d-84fb-ce6a46ac221e'), condition=None, blocking_facility=None), RegisteredHandler(callback=<bound method ConfigPlayer.config_play_callback of ConfigPlayer.show_player/shows>, priority=100, kwargs={'calling_context': 'mode_makesomenoise_started', 'mode': <Mode.base>, 'settings': {makesomenoise_mode_qualified_light-None-None: {'action': 'stop', 'priority': 0, 'show': None, 'speed': <NativeTemplate 1.0>, 'block_queue': False, 'start_step': <NativeTemplate 1>, 'start_running': <Template True>, 'loops': -1, 'sync_ms': None, 'manual_advance': False, 'show_queue': None, 'key': None, 'show_tokens': {}, 'events_when_played': [], 'events_when_stopped': [], 'events_when_looped': [], 'events_when_paused': [], 'events_when_resumed': [], 'events_when_advanced': [], 'events_when_stepped_back': [], 'events_when_updated': [], 'events_when_completed': []}, GI_on-None-None: {'action': 'stop', 'priority': 0, 'show': None, 'speed': <NativeTemplate 1.0>, 'block_queue': False, 'start_step': <NativeTemplate 1>, 'start_running': <Template True>, 'loops': -1, 'sync_ms': None, 'manual_advance': False, 'show_queue': None, 'key': None, 'show_tokens': {}, 'events_when_played': [], 'events_when_stopped': [], 'events_when_looped': [], 'events_when_paused': [], 'events_when_resumed': [], 'events_when_advanced': [], 'events_when_stepped_back': [], 'events_when_updated': [], 'events_when_completed': []}}}, key=UUID('94601c71-bb72-4297-a533-f437c04cbd6e'), condition=None, blocking_facility=None)]. The order of those handlers is not defined and they will be executed in random order. This might lead to race conditions and potential bugs.
2026-01-19 15:01:45,115 : INFO : EventManager : Unordered handler for class PluginPlayer.widgets on event ball_will_end with priority 100. Handlers: [RegisteredHandler(callback=<bound method ConfigPlayer.config_play_callback of PluginPlayer.widgets>, priority=100, kwargs={'calling_context': 'ball_will_end', 'mode': <Mode.batterycharger>, 'settings': {'charges_remaining': {'action': 'remove', 'priority': None, 'slide': None, 'key': None, 'target': None, 'expire': None, 'tokens': {}, 'x': 0, 'y': 0}}}, key=UUID('31b9e2ab-6f2e-4794-8ece-45ef07af6c75'), condition=None, blocking_facility=None), RegisteredHandler(callback=<bound method ConfigPlayer.config_play_callback of PluginPlayer.widgets>, priority=100, kwargs={'calling_context': 'ball_will_end', 'mode': <Mode.base>, 'settings': {'chcheckitoutfinish': {'action': 'remove', 'priority': None, 'slide': None, 'key': None, 'target': None, 'expire': None, 'tokens': {}, 'x': 0, 'y': 0}, 'bodymovinfinish': {'action': 'remove', 'priority': None, 'slide': None, 'key': None, 'target': None, 'expire': None, 'tokens': {}, 'x': 0, 'y': 0}, 'mmm_circle': {'action': 'remove', 'priority': None, 'slide': None, 'key': None, 'target': None, 'expire': None, 'tokens': {}, 'x': 0, 'y': 0}, 'miked_circle': {'action': 'remove', 'priority': None, 'slide': None, 'key': None, 'target': None, 'expire': None, 'tokens': {}, 'x': 0, 'y': 0}, 'adroc_circle': {'action': 'remove', 'priority': None, 'slide': None, 'key': None, 'target': None, 'expire': None, 'tokens': {}, 'x': 0, 'y': 0}, 'mca_circle': {'action': 'remove', 'priority': None, 'slide': None, 'key': None, 'target': None, 'expire': None, 'tokens': {}, 'x': 0, 'y': 0}, 'djhurr_circle': {'action': 'remove', 'priority': None, 'slide': None, 'key': None, 'target': None, 'expire': None, 'tokens': {}, 'x': 0, 'y': 0}}}, key=UUID('fad7d2cf-570d-428b-86c9-b5356a0808e6'), condition=None, blocking_facility=None)]. The order of those handlers is not defined and they will be executed in random order. This might lead to race conditions and potential bugs.
2026-01-19 15:01:45,121 : INFO : EventManager : Unordered handler for class PluginPlayer.widgets on event ball_will_end with priority 100. Handlers: [RegisteredHandler(callback=<bound method ConfigPlayer.config_play_callback of PluginPlayer.widgets>, priority=100, kwargs={'calling_context': 'ball_will_end', 'mode': <Mode.batterycharger>, 'settings': {'charges_remaining': {'action': 'remove', 'priority': None, 'slide': None, 'key': None, 'target': None, 'expire': None, 'tokens': {}, 'x': 0, 'y': 0}}}, key=UUID('31b9e2ab-6f2e-4794-8ece-45ef07af6c75'), condition=None, blocking_facility=None), RegisteredHandler(callback=<bound method ConfigPlayer.config_play_callback of PluginPlayer.widgets>, priority=100, kwargs={'calling_context': 'ball_will_end', 'mode': <Mode.base>, 'settings': {'chcheckitoutfinish': {'action': 'remove', 'priority': None, 'slide': None, 'key': None, 'target': None, 'expire': None, 'tokens': {}, 'x': 0, 'y': 0}, 'bodymovinfinish': {'action': 'remove', 'priority': None, 'slide': None, 'key': None, 'target': None, 'expire': None, 'tokens': {}, 'x': 0, 'y': 0}, 'mmm_circle': {'action': 'remove', 'priority': None, 'slide': None, 'key': None, 'target': None, 'expire': None, 'tokens': {}, 'x': 0, 'y': 0}, 'miked_circle': {'action': 'remove', 'priority': None, 'slide': None, 'key': None, 'target': None, 'expire': None, 'tokens': {}, 'x': 0, 'y': 0}, 'adroc_circle': {'action': 'remove', 'priority': None, 'slide': None, 'key': None, 'target': None, 'expire': None, 'tokens': {}, 'x': 0, 'y': 0}, 'mca_circle': {'action': 'remove', 'priority': None, 'slide': None, 'key': None, 'target': None, 'expire': None, 'tokens': {}, 'x': 0, 'y': 0}, 'djhurr_circle': {'action': 'remove', 'priority': None, 'slide': None, 'key': None, 'target': None, 'expire': None, 'tokens': {}, 'x': 0, 'y': 0}}}, key=UUID('fad7d2cf-570d-428b-86c9-b5356a0808e6'), condition=None, blocking_facility=None)]. The order of those handlers is not defined and they will be executed in random order. This might lead to race conditions and potential bugs.
2026-01-19 15:01:45,123 : INFO : EventManager : Unordered handler for class PluginPlayer.widgets on event ball_will_end with priority 100. Handlers: [RegisteredHandler(callback=<bound method ConfigPlayer.config_play_callback of PluginPlayer.widgets>, priority=100, kwargs={'calling_context': 'ball_will_end', 'mode': <Mode.batterycharger>, 'settings': {'charges_remaining': {'action': 'remove', 'priority': None, 'slide': None, 'key': None, 'target': None, 'expire': None, 'tokens': {}, 'x': 0, 'y': 0}}}, key=UUID('31b9e2ab-6f2e-4794-8ece-45ef07af6c75'), condition=None, blocking_facility=None), RegisteredHandler(callback=<bound method ConfigPlayer.config_play_callback of PluginPlayer.widgets>, priority=100, kwargs={'calling_context': 'ball_will_end', 'mode': <Mode.base>, 'settings': {'chcheckitoutfinish': {'action': 'remove', 'priority': None, 'slide': None, 'key': None, 'target': None, 'expire': None, 'tokens': {}, 'x': 0, 'y': 0}, 'bodymovinfinish': {'action': 'remove', 'priority': None, 'slide': None, 'key': None, 'target': None, 'expire': None, 'tokens': {}, 'x': 0, 'y': 0}, 'mmm_circle': {'action': 'remove', 'priority': None, 'slide': None, 'key': None, 'target': None, 'expire': None, 'tokens': {}, 'x': 0, 'y': 0}, 'miked_circle': {'action': 'remove', 'priority': None, 'slide': None, 'key': None, 'target': None, 'expire': None, 'tokens': {}, 'x': 0, 'y': 0}, 'adroc_circle': {'action': 'remove', 'priority': None, 'slide': None, 'key': None, 'target': None, 'expire': None, 'tokens': {}, 'x': 0, 'y': 0}, 'mca_circle': {'action': 'remove', 'priority': None, 'slide': None, 'key': None, 'target': None, 'expire': None, 'tokens': {}, 'x': 0, 'y': 0}, 'djhurr_circle': {'action': 'remove', 'priority': None, 'slide': None, 'key': None, 'target': None, 'expire': None, 'tokens': {}, 'x': 0, 'y': 0}}}, key=UUID('fad7d2cf-570d-428b-86c9-b5356a0808e6'), condition=None, blocking_facility=None)]. The order of those handlers is not defined and they will be executed in random order. This might lead to race conditions and potential bugs.
2026-01-19 15:01:45,123 : INFO : EventManager : Unordered handler for class ConfigPlayer.show_player/shows on event achievement_wizard1_state_enabled with priority 100. Handlers: [RegisteredHandler(callback=<bound method ConfigPlayer.config_play_callback of ConfigPlayer.show_player/shows>, priority=100, kwargs={'calling_context': 'achievement_wizard1_state_enabled', 'mode': <Mode.batterycharger>, 'settings': {battery_green-None-None: {'action': 'stop', 'priority': 0, 'show': None, 'speed': <NativeTemplate 1.0>, 'block_queue': False, 'start_step': <NativeTemplate 1>, 'start_running': <Template True>, 'loops': -1, 'sync_ms': None, 'manual_advance': False, 'show_queue': None, 'key': None, 'show_tokens': {}, 'events_when_played': [], 'events_when_stopped': [], 'events_when_looped': [], 'events_when_paused': [], 'events_when_resumed': [], 'events_when_advanced': [], 'events_when_stepped_back': [], 'events_when_updated': [], 'events_when_completed': []}, battery_yellow-None-None: {'action': 'stop', 'priority': 0, 'show': None, 'speed': <NativeTemplate 1.0>, 'block_queue': False, 'start_step': <NativeTemplate 1>, 'start_running': <Template True>, 'loops': -1, 'sync_ms': None, 'manual_advance': False, 'show_queue': None, 'key': None, 'show_tokens': {}, 'events_when_played': [], 'events_when_stopped': [], 'events_when_looped': [], 'events_when_paused': [], 'events_when_resumed': [], 'events_when_advanced': [], 'events_when_stepped_back': [], 'events_when_updated': [], 'events_when_completed': []}, battery_red-None-None: {'action': 'stop', 'priority': 0, 'show': None, 'speed': <NativeTemplate 1.0>, 'block_queue': False, 'start_step': <NativeTemplate 1>, 'start_running': <Template True>, 'loops': -1, 'sync_ms': None, 'manual_advance': False, 'show_queue': None, 'key': None, 'show_tokens': {}, 'events_when_played': [], 'events_when_stopped': [], 'events_when_looped': [], 'events_when_paused': [], 'events_when_resumed': [], 'events_when_advanced': [], 'events_when_stepped_back': [], 'events_when_updated': [], 'events_when_completed': []}}}, key=UUID('caa33df6-50d0-42f3-bc51-69cefb32fd96'), condition=None, blocking_facility=None), RegisteredHandler(callback=<bound method ConfigPlayer.config_play_callback of ConfigPlayer.show_player/shows>, priority=100, kwargs={'calling_context': 'achievement_wizard1_state_enabled', 'mode': <Mode.base>, 'settings': {makesomenoise_mode_qualified_light-None-None: {'action': 'play', 'loops': -1, 'priority': 0, 'show': None, 'speed': <NativeTemplate 1.0>, 'block_queue': False, 'start_step': <NativeTemplate 1>, 'start_running': <Template True>, 'sync_ms': None, 'manual_advance': False, 'show_queue': None, 'key': None, 'show_tokens': {}, 'events_when_played': [], 'events_when_stopped': [], 'events_when_looped': [], 'events_when_paused': [], 'events_when_resumed': [], 'events_when_advanced': [], 'events_when_stepped_back': [], 'events_when_updated': [], 'events_when_completed': []}, chcheckitout_lit_strobe-None-None: {'action': 'stop', 'priority': 0, 'show': None, 'speed': <NativeTemplate 1.0>, 'block_queue': False, 'start_step': <NativeTemplate 1>, 'start_running': <Template True>, 'loops': -1, 'sync_ms': None, 'manual_advance': False, 'show_queue': None, 'key': None, 'show_tokens': {}, 'events_when_played': [], 'events_when_stopped': [], 'events_when_looped': [], 'events_when_paused': [], 'events_when_resumed': [], 'events_when_advanced': [], 'events_when_stepped_back': [], 'events_when_updated': [], 'events_when_completed': []}}}, key=UUID('ad36cf63-e0be-4529-bb8e-d27abebffa04'), condition=None, blocking_facility=None)]. The order of those handlers is not defined and they will be executed in random order. This might lead to race conditions and potential bugs.
2026-01-19 15:01:45,126 : INFO : EventManager : Unordered handler for class ConfigPlayer.show_player/shows on event mode_makesomenoise_started with priority 100. Handlers: [RegisteredHandler(callback=<bound method ConfigPlayer.config_play_callback of ConfigPlayer.show_player/shows>, priority=100, kwargs={'calling_context': 'mode_makesomenoise_started', 'mode': <Mode.batterycharger>, 'settings': {battery_red-None-None: {'action': 'stop', 'priority': 0, 'show': None, 'speed': <NativeTemplate 1.0>, 'block_queue': False, 'start_step': <NativeTemplate 1>, 'start_running': <Template True>, 'loops': -1, 'sync_ms': None, 'manual_advance': False, 'show_queue': None, 'key': None, 'show_tokens': {}, 'events_when_played': [], 'events_when_stopped': [], 'events_when_looped': [], 'events_when_paused': [], 'events_when_resumed': [], 'events_when_advanced': [], 'events_when_stepped_back': [], 'events_when_updated': [], 'events_when_completed': []}, battery_yellow-None-None: {'action': 'stop', 'priority': 0, 'show': None, 'speed': <NativeTemplate 1.0>, 'block_queue': False, 'start_step': <NativeTemplate 1>, 'start_running': <Template True>, 'loops': -1, 'sync_ms': None, 'manual_advance': False, 'show_queue': None, 'key': None, 'show_tokens': {}, 'events_when_played': [], 'events_when_stopped': [], 'events_when_looped': [], 'events_when_paused': [], 'events_when_resumed': [], 'events_when_advanced': [], 'events_when_stepped_back': [], 'events_when_updated': [], 'events_when_completed': []}, battery_green-None-None: {'action': 'stop', 'priority': 0, 'show': None, 'speed': <NativeTemplate 1.0>, 'block_queue': False, 'start_step': <NativeTemplate 1>, 'start_running': <Template True>, 'loops': -1, 'sync_ms': None, 'manual_advance': False, 'show_queue': None, 'key': None, 'show_tokens': {}, 'events_when_played': [], 'events_when_stopped': [], 'events_when_looped': [], 'events_when_paused': [], 'events_when_resumed': [], 'events_when_advanced': [], 'events_when_stepped_back': [], 'events_when_updated': [], 'events_when_completed': []}}}, key=UUID('b9ef7dc0-6fbe-415d-84fb-ce6a46ac221e'), condition=None, blocking_facility=None), RegisteredHandler(callback=<bound method ConfigPlayer.config_play_callback of ConfigPlayer.show_player/shows>, priority=100, kwargs={'calling_context': 'mode_makesomenoise_started', 'mode': <Mode.base>, 'settings': {makesomenoise_mode_qualified_light-None-None: {'action': 'stop', 'priority': 0, 'show': None, 'speed': <NativeTemplate 1.0>, 'block_queue': False, 'start_step': <NativeTemplate 1>, 'start_running': <Template True>, 'loops': -1, 'sync_ms': None, 'manual_advance': False, 'show_queue': None, 'key': None, 'show_tokens': {}, 'events_when_played': [], 'events_when_stopped': [], 'events_when_looped': [], 'events_when_paused': [], 'events_when_resumed': [], 'events_when_advanced': [], 'events_when_stepped_back': [], 'events_when_updated': [], 'events_when_completed': []}, GI_on-None-None: {'action': 'stop', 'priority': 0, 'show': None, 'speed': <NativeTemplate 1.0>, 'block_queue': False, 'start_step': <NativeTemplate 1>, 'start_running': <Template True>, 'loops': -1, 'sync_ms': None, 'manual_advance': False, 'show_queue': None, 'key': None, 'show_tokens': {}, 'events_when_played': [], 'events_when_stopped': [], 'events_when_looped': [], 'events_when_paused': [], 'events_when_resumed': [], 'events_when_advanced': [], 'events_when_stepped_back': [], 'events_when_updated': [], 'events_when_completed': []}}}, key=UUID('94601c71-bb72-4297-a533-f437c04cbd6e'), condition=None, blocking_facility=None)]. The order of those handlers is not defined and they will be executed in random order. This might lead to race conditions and potential bugs.
2026-01-19 15:01:45,129 : INFO : EventManager : Unordered handler for class ConfigPlayer.show_player/shows on event achievement_wizard1_state_enabled with priority 100. Handlers: [RegisteredHandler(callback=<bound method ConfigPlayer.config_play_callback of ConfigPlayer.show_player/shows>, priority=100, kwargs={'calling_context': 'achievement_wizard1_state_enabled', 'mode': <Mode.batterycharger>, 'settings': {battery_green-None-None: {'action': 'stop', 'priority': 0, 'show': None, 'speed': <NativeTemplate 1.0>, 'block_queue': False, 'start_step': <NativeTemplate 1>, 'start_running': <Template True>, 'loops': -1, 'sync_ms': None, 'manual_advance': False, 'show_queue': None, 'key': None, 'show_tokens': {}, 'events_when_played': [], 'events_when_stopped': [], 'events_when_looped': [], 'events_when_paused': [], 'events_when_resumed': [], 'events_when_advanced': [], 'events_when_stepped_back': [], 'events_when_updated': [], 'events_when_completed': []}, battery_yellow-None-None: {'action': 'stop', 'priority': 0, 'show': None, 'speed': <NativeTemplate 1.0>, 'block_queue': False, 'start_step': <NativeTemplate 1>, 'start_running': <Template True>, 'loops': -1, 'sync_ms': None, 'manual_advance': False, 'show_queue': None, 'key': None, 'show_tokens': {}, 'events_when_played': [], 'events_when_stopped': [], 'events_when_looped': [], 'events_when_paused': [], 'events_when_resumed': [], 'events_when_advanced': [], 'events_when_stepped_back': [], 'events_when_updated': [], 'events_when_completed': []}, battery_red-None-None: {'action': 'stop', 'priority': 0, 'show': None, 'speed': <NativeTemplate 1.0>, 'block_queue': False, 'start_step': <NativeTemplate 1>, 'start_running': <Template True>, 'loops': -1, 'sync_ms': None, 'manual_advance': False, 'show_queue': None, 'key': None, 'show_tokens': {}, 'events_when_played': [], 'events_when_stopped': [], 'events_when_looped': [], 'events_when_paused': [], 'events_when_resumed': [], 'events_when_advanced': [], 'events_when_stepped_back': [], 'events_when_updated': [], 'events_when_completed': []}}}, key=UUID('caa33df6-50d0-42f3-bc51-69cefb32fd96'), condition=None, blocking_facility=None), RegisteredHandler(callback=<bound method ConfigPlayer.config_play_callback of ConfigPlayer.show_player/shows>, priority=100, kwargs={'calling_context': 'achievement_wizard1_state_enabled', 'mode': <Mode.base>, 'settings': {makesomenoise_mode_qualified_light-None-None: {'action': 'play', 'loops': -1, 'priority': 0, 'show': None, 'speed': <NativeTemplate 1.0>, 'block_queue': False, 'start_step': <NativeTemplate 1>, 'start_running': <Template True>, 'sync_ms': None, 'manual_advance': False, 'show_queue': None, 'key': None, 'show_tokens': {}, 'events_when_played': [], 'events_when_stopped': [], 'events_when_looped': [], 'events_when_paused': [], 'events_when_resumed': [], 'events_when_advanced': [], 'events_when_stepped_back': [], 'events_when_updated': [], 'events_when_completed': []}, chcheckitout_lit_strobe-None-None: {'action': 'stop', 'priority': 0, 'show': None, 'speed': <NativeTemplate 1.0>, 'block_queue': False, 'start_step': <NativeTemplate 1>, 'start_running': <Template True>, 'loops': -1, 'sync_ms': None, 'manual_advance': False, 'show_queue': None, 'key': None, 'show_tokens': {}, 'events_when_played': [], 'events_when_stopped': [], 'events_when_looped': [], 'events_when_paused': [], 'events_when_resumed': [], 'events_when_advanced': [], 'events_when_stepped_back': [], 'events_when_updated': [], 'events_when_completed': []}}}, key=UUID('ad36cf63-e0be-4529-bb8e-d27abebffa04'), condition=None, blocking_facility=None)]. The order of those handlers is not defined and they will be executed in random order. This might lead to race conditions and potential bugs.
2026-01-19 15:01:45,131 : INFO : EventManager : Unordered handler for class ConfigPlayer.show_player/shows on event achievement_wizard1_state_enabled with priority 100. Handlers: [RegisteredHandler(callback=<bound method ConfigPlayer.config_play_callback of ConfigPlayer.show_player/shows>, priority=100, kwargs={'calling_context': 'achievement_wizard1_state_enabled', 'mode': <Mode.batterycharger>, 'settings': {battery_green-None-None: {'action': 'stop', 'priority': 0, 'show': None, 'speed': <NativeTemplate 1.0>, 'block_queue': False, 'start_step': <NativeTemplate 1>, 'start_running': <Template True>, 'loops': -1, 'sync_ms': None, 'manual_advance': False, 'show_queue': None, 'key': None, 'show_tokens': {}, 'events_when_played': [], 'events_when_stopped': [], 'events_when_looped': [], 'events_when_paused': [], 'events_when_resumed': [], 'events_when_advanced': [], 'events_when_stepped_back': [], 'events_when_updated': [], 'events_when_completed': []}, battery_yellow-None-None: {'action': 'stop', 'priority': 0, 'show': None, 'speed': <NativeTemplate 1.0>, 'block_queue': False, 'start_step': <NativeTemplate 1>, 'start_running': <Template True>, 'loops': -1, 'sync_ms': None, 'manual_advance': False, 'show_queue': None, 'key': None, 'show_tokens': {}, 'events_when_played': [], 'events_when_stopped': [], 'events_when_looped': [], 'events_when_paused': [], 'events_when_resumed': [], 'events_when_advanced': [], 'events_when_stepped_back': [], 'events_when_updated': [], 'events_when_completed': []}, battery_red-None-None: {'action': 'stop', 'priority': 0, 'show': None, 'speed': <NativeTemplate 1.0>, 'block_queue': False, 'start_step': <NativeTemplate 1>, 'start_running': <Template True>, 'loops': -1, 'sync_ms': None, 'manual_advance': False, 'show_queue': None, 'key': None, 'show_tokens': {}, 'events_when_played': [], 'events_when_stopped': [], 'events_when_looped': [], 'events_when_paused': [], 'events_when_resumed': [], 'events_when_advanced': [], 'events_when_stepped_back': [], 'events_when_updated': [], 'events_when_completed': []}}}, key=UUID('caa33df6-50d0-42f3-bc51-69cefb32fd96'), condition=None, blocking_facility=None), RegisteredHandler(callback=<bound method ConfigPlayer.config_play_callback of ConfigPlayer.show_player/shows>, priority=100, kwargs={'calling_context': 'achievement_wizard1_state_enabled', 'mode': <Mode.base>, 'settings': {makesomenoise_mode_qualified_light-None-None: {'action': 'play', 'loops': -1, 'priority': 0, 'show': None, 'speed': <NativeTemplate 1.0>, 'block_queue': False, 'start_step': <NativeTemplate 1>, 'start_running': <Template True>, 'sync_ms': None, 'manual_advance': False, 'show_queue': None, 'key': None, 'show_tokens': {}, 'events_when_played': [], 'events_when_stopped': [], 'events_when_looped': [], 'events_when_paused': [], 'events_when_resumed': [], 'events_when_advanced': [], 'events_when_stepped_back': [], 'events_when_updated': [], 'events_when_completed': []}, chcheckitout_lit_strobe-None-None: {'action': 'stop', 'priority': 0, 'show': None, 'speed': <NativeTemplate 1.0>, 'block_queue': False, 'start_step': <NativeTemplate 1>, 'start_running': <Template True>, 'loops': -1, 'sync_ms': None, 'manual_advance': False, 'show_queue': None, 'key': None, 'show_tokens': {}, 'events_when_played': [], 'events_when_stopped': [], 'events_when_looped': [], 'events_when_paused': [], 'events_when_resumed': [], 'events_when_advanced': [], 'events_when_stepped_back': [], 'events_when_updated': [], 'events_when_completed': []}}}, key=UUID('ad36cf63-e0be-4529-bb8e-d27abebffa04'), condition=None, blocking_facility=None)]. The order of those handlers is not defined and they will be executed in random order. This might lead to race conditions and potential bugs.
2026-01-19 15:01:45,131 : INFO : EventManager : Unordered handler for class ConfigPlayer.show_player/shows on event achievement_wizard1_state_enabled with priority 100. Handlers: [RegisteredHandler(callback=<bound method ConfigPlayer.config_play_callback of ConfigPlayer.show_player/shows>, priority=100, kwargs={'calling_context': 'achievement_wizard1_state_enabled', 'mode': <Mode.batterycharger>, 'settings': {battery_green-None-None: {'action': 'stop', 'priority': 0, 'show': None, 'speed': <NativeTemplate 1.0>, 'block_queue': False, 'start_step': <NativeTemplate 1>, 'start_running': <Template True>, 'loops': -1, 'sync_ms': None, 'manual_advance': False, 'show_queue': None, 'key': None, 'show_tokens': {}, 'events_when_played': [], 'events_when_stopped': [], 'events_when_looped': [], 'events_when_paused': [], 'events_when_resumed': [], 'events_when_advanced': [], 'events_when_stepped_back': [], 'events_when_updated': [], 'events_when_completed': []}, battery_yellow-None-None: {'action': 'stop', 'priority': 0, 'show': None, 'speed': <NativeTemplate 1.0>, 'block_queue': False, 'start_step': <NativeTemplate 1>, 'start_running': <Template True>, 'loops': -1, 'sync_ms': None, 'manual_advance': False, 'show_queue': None, 'key': None, 'show_tokens': {}, 'events_when_played': [], 'events_when_stopped': [], 'events_when_looped': [], 'events_when_paused': [], 'events_when_resumed': [], 'events_when_advanced': [], 'events_when_stepped_back': [], 'events_when_updated': [], 'events_when_completed': []}, battery_red-None-None: {'action': 'stop', 'priority': 0, 'show': None, 'speed': <NativeTemplate 1.0>, 'block_queue': False, 'start_step': <NativeTemplate 1>, 'start_running': <Template True>, 'loops': -1, 'sync_ms': None, 'manual_advance': False, 'show_queue': None, 'key': None, 'show_tokens': {}, 'events_when_played': [], 'events_when_stopped': [], 'events_when_looped': [], 'events_when_paused': [], 'events_when_resumed': [], 'events_when_advanced': [], 'events_when_stepped_back': [], 'events_when_updated': [], 'events_when_completed': []}}}, key=UUID('caa33df6-50d0-42f3-bc51-69cefb32fd96'), condition=None, blocking_facility=None), RegisteredHandler(callback=<bound method ConfigPlayer.config_play_callback of ConfigPlayer.show_player/shows>, priority=100, kwargs={'calling_context': 'achievement_wizard1_state_enabled', 'mode': <Mode.base>, 'settings': {makesomenoise_mode_qualified_light-None-None: {'action': 'play', 'loops': -1, 'priority': 0, 'show': None, 'speed': <NativeTemplate 1.0>, 'block_queue': False, 'start_step': <NativeTemplate 1>, 'start_running': <Template True>, 'sync_ms': None, 'manual_advance': False, 'show_queue': None, 'key': None, 'show_tokens': {}, 'events_when_played': [], 'events_when_stopped': [], 'events_when_looped': [], 'events_when_paused': [], 'events_when_resumed': [], 'events_when_advanced': [], 'events_when_stepped_back': [], 'events_when_updated': [], 'events_when_completed': []}, chcheckitout_lit_strobe-None-None: {'action': 'stop', 'priority': 0, 'show': None, 'speed': <NativeTemplate 1.0>, 'block_queue': False, 'start_step': <NativeTemplate 1>, 'start_running': <Template True>, 'loops': -1, 'sync_ms': None, 'manual_advance': False, 'show_queue': None, 'key': None, 'show_tokens': {}, 'events_when_played': [], 'events_when_stopped': [], 'events_when_looped': [], 'events_when_paused': [], 'events_when_resumed': [], 'events_when_advanced': [], 'events_when_stepped_back': [], 'events_when_updated': [], 'events_when_completed': []}}}, key=UUID('ad36cf63-e0be-4529-bb8e-d27abebffa04'), condition=None, blocking_facility=None)]. The order of those handlers is not defined and they will be executed in random order. This might lead to race conditions and potential bugs.
2026-01-19 15:01:45,132 : INFO : EventManager : Unordered handler for class ConfigPlayer.show_player/shows on event achievement_wizard1_state_enabled with priority 100. Handlers: [RegisteredHandler(callback=<bound method ConfigPlayer.config_play_callback of ConfigPlayer.show_player/shows>, priority=100, kwargs={'calling_context': 'achievement_wizard1_state_enabled', 'mode': <Mode.batterycharger>, 'settings': {battery_green-None-None: {'action': 'stop', 'priority': 0, 'show': None, 'speed': <NativeTemplate 1.0>, 'block_queue': False, 'start_step': <NativeTemplate 1>, 'start_running': <Template True>, 'loops': -1, 'sync_ms': None, 'manual_advance': False, 'show_queue': None, 'key': None, 'show_tokens': {}, 'events_when_played': [], 'events_when_stopped': [], 'events_when_looped': [], 'events_when_paused': [], 'events_when_resumed': [], 'events_when_advanced': [], 'events_when_stepped_back': [], 'events_when_updated': [], 'events_when_completed': []}, battery_yellow-None-None: {'action': 'stop', 'priority': 0, 'show': None, 'speed': <NativeTemplate 1.0>, 'block_queue': False, 'start_step': <NativeTemplate 1>, 'start_running': <Template True>, 'loops': -1, 'sync_ms': None, 'manual_advance': False, 'show_queue': None, 'key': None, 'show_tokens': {}, 'events_when_played': [], 'events_when_stopped': [], 'events_when_looped': [], 'events_when_paused': [], 'events_when_resumed': [], 'events_when_advanced': [], 'events_when_stepped_back': [], 'events_when_updated': [], 'events_when_completed': []}, battery_red-None-None: {'action': 'stop', 'priority': 0, 'show': None, 'speed': <NativeTemplate 1.0>, 'block_queue': False, 'start_step': <NativeTemplate 1>, 'start_running': <Template True>, 'loops': -1, 'sync_ms': None, 'manual_advance': False, 'show_queue': None, 'key': None, 'show_tokens': {}, 'events_when_played': [], 'events_when_stopped': [], 'events_when_looped': [], 'events_when_paused': [], 'events_when_resumed': [], 'events_when_advanced': [], 'events_when_stepped_back': [], 'events_when_updated': [], 'events_when_completed': []}}}, key=UUID('caa33df6-50d0-42f3-bc51-69cefb32fd96'), condition=None, blocking_facility=None), RegisteredHandler(callback=<bound method ConfigPlayer.config_play_callback of ConfigPlayer.show_player/shows>, priority=100, kwargs={'calling_context': 'achievement_wizard1_state_enabled', 'mode': <Mode.base>, 'settings': {makesomenoise_mode_qualified_light-None-None: {'action': 'play', 'loops': -1, 'priority': 0, 'show': None, 'speed': <NativeTemplate 1.0>, 'block_queue': False, 'start_step': <NativeTemplate 1>, 'start_running': <Template True>, 'sync_ms': None, 'manual_advance': False, 'show_queue': None, 'key': None, 'show_tokens': {}, 'events_when_played': [], 'events_when_stopped': [], 'events_when_looped': [], 'events_when_paused': [], 'events_when_resumed': [], 'events_when_advanced': [], 'events_when_stepped_back': [], 'events_when_updated': [], 'events_when_completed': []}, chcheckitout_lit_strobe-None-None: {'action': 'stop', 'priority': 0, 'show': None, 'speed': <NativeTemplate 1.0>, 'block_queue': False, 'start_step': <NativeTemplate 1>, 'start_running': <Template True>, 'loops': -1, 'sync_ms': None, 'manual_advance': False, 'show_queue': None, 'key': None, 'show_tokens': {}, 'events_when_played': [], 'events_when_stopped': [], 'events_when_looped': [], 'events_when_paused': [], 'events_when_resumed': [], 'events_when_advanced': [], 'events_when_stepped_back': [], 'events_when_updated': [], 'events_when_completed': []}}}, key=UUID('ad36cf63-e0be-4529-bb8e-d27abebffa04'), condition=None, blocking_facility=None)]. The order of those handlers is not defined and they will be executed in random order. This might lead to race conditions and potential bugs.
2026-01-19 15:01:45,133 : INFO : EventManager : Unordered handler for class ConfigPlayer.show_player/shows on event achievement_wizard1_state_enabled with priority 100. Handlers: [RegisteredHandler(callback=<bound method ConfigPlayer.config_play_callback of ConfigPlayer.show_player/shows>, priority=100, kwargs={'calling_context': 'achievement_wizard1_state_enabled', 'mode': <Mode.batterycharger>, 'settings': {battery_green-None-None: {'action': 'stop', 'priority': 0, 'show': None, 'speed': <NativeTemplate 1.0>, 'block_queue': False, 'start_step': <NativeTemplate 1>, 'start_running': <Template True>, 'loops': -1, 'sync_ms': None, 'manual_advance': False, 'show_queue': None, 'key': None, 'show_tokens': {}, 'events_when_played': [], 'events_when_stopped': [], 'events_when_looped': [], 'events_when_paused': [], 'events_when_resumed': [], 'events_when_advanced': [], 'events_when_stepped_back': [], 'events_when_updated': [], 'events_when_completed': []}, battery_yellow-None-None: {'action': 'stop', 'priority': 0, 'show': None, 'speed': <NativeTemplate 1.0>, 'block_queue': False, 'start_step': <NativeTemplate 1>, 'start_running': <Template True>, 'loops': -1, 'sync_ms': None, 'manual_advance': False, 'show_queue': None, 'key': None, 'show_tokens': {}, 'events_when_played': [], 'events_when_stopped': [], 'events_when_looped': [], 'events_when_paused': [], 'events_when_resumed': [], 'events_when_advanced': [], 'events_when_stepped_back': [], 'events_when_updated': [], 'events_when_completed': []}, battery_red-None-None: {'action': 'stop', 'priority': 0, 'show': None, 'speed': <NativeTemplate 1.0>, 'block_queue': False, 'start_step': <NativeTemplate 1>, 'start_running': <Template True>, 'loops': -1, 'sync_ms': None, 'manual_advance': False, 'show_queue': None, 'key': None, 'show_tokens': {}, 'events_when_played': [], 'events_when_stopped': [], 'events_when_looped': [], 'events_when_paused': [], 'events_when_resumed': [], 'events_when_advanced': [], 'events_when_stepped_back': [], 'events_when_updated': [], 'events_when_completed': []}}}, key=UUID('caa33df6-50d0-42f3-bc51-69cefb32fd96'), condition=None, blocking_facility=None), RegisteredHandler(callback=<bound method ConfigPlayer.config_play_callback of ConfigPlayer.show_player/shows>, priority=100, kwargs={'calling_context': 'achievement_wizard1_state_enabled', 'mode': <Mode.base>, 'settings': {makesomenoise_mode_qualified_light-None-None: {'action': 'play', 'loops': -1, 'priority': 0, 'show': None, 'speed': <NativeTemplate 1.0>, 'block_queue': False, 'start_step': <NativeTemplate 1>, 'start_running': <Template True>, 'sync_ms': None, 'manual_advance': False, 'show_queue': None, 'key': None, 'show_tokens': {}, 'events_when_played': [], 'events_when_stopped': [], 'events_when_looped': [], 'events_when_paused': [], 'events_when_resumed': [], 'events_when_advanced': [], 'events_when_stepped_back': [], 'events_when_updated': [], 'events_when_completed': []}, chcheckitout_lit_strobe-None-None: {'action': 'stop', 'priority': 0, 'show': None, 'speed': <NativeTemplate 1.0>, 'block_queue': False, 'start_step': <NativeTemplate 1>, 'start_running': <Template True>, 'loops': -1, 'sync_ms': None, 'manual_advance': False, 'show_queue': None, 'key': None, 'show_tokens': {}, 'events_when_played': [], 'events_when_stopped': [], 'events_when_looped': [], 'events_when_paused': [], 'events_when_resumed': [], 'events_when_advanced': [], 'events_when_stepped_back': [], 'events_when_updated': [], 'events_when_completed': []}}}, key=UUID('ad36cf63-e0be-4529-bb8e-d27abebffa04'), condition=None, blocking_facility=None)]. The order of those handlers is not defined and they will be executed in random order. This might lead to race conditions and potential bugs.
2026-01-19 15:01:45,134 : INFO : EventManager : Unordered handler for class ConfigPlayer.show_player/shows on event achievement_wizard1_state_enabled with priority 100. Handlers: [RegisteredHandler(callback=<bound method ConfigPlayer.config_play_callback of ConfigPlayer.show_player/shows>, priority=100, kwargs={'calling_context': 'achievement_wizard1_state_enabled', 'mode': <Mode.batterycharger>, 'settings': {battery_green-None-None: {'action': 'stop', 'priority': 0, 'show': None, 'speed': <NativeTemplate 1.0>, 'block_queue': False, 'start_step': <NativeTemplate 1>, 'start_running': <Template True>, 'loops': -1, 'sync_ms': None, 'manual_advance': False, 'show_queue': None, 'key': None, 'show_tokens': {}, 'events_when_played': [], 'events_when_stopped': [], 'events_when_looped': [], 'events_when_paused': [], 'events_when_resumed': [], 'events_when_advanced': [], 'events_when_stepped_back': [], 'events_when_updated': [], 'events_when_completed': []}, battery_yellow-None-None: {'action': 'stop', 'priority': 0, 'show': None, 'speed': <NativeTemplate 1.0>, 'block_queue': False, 'start_step': <NativeTemplate 1>, 'start_running': <Template True>, 'loops': -1, 'sync_ms': None, 'manual_advance': False, 'show_queue': None, 'key': None, 'show_tokens': {}, 'events_when_played': [], 'events_when_stopped': [], 'events_when_looped': [], 'events_when_paused': [], 'events_when_resumed': [], 'events_when_advanced': [], 'events_when_stepped_back': [], 'events_when_updated': [], 'events_when_completed': []}, battery_red-None-None: {'action': 'stop', 'priority': 0, 'show': None, 'speed': <NativeTemplate 1.0>, 'block_queue': False, 'start_step': <NativeTemplate 1>, 'start_running': <Template True>, 'loops': -1, 'sync_ms': None, 'manual_advance': False, 'show_queue': None, 'key': None, 'show_tokens': {}, 'events_when_played': [], 'events_when_stopped': [], 'events_when_looped': [], 'events_when_paused': [], 'events_when_resumed': [], 'events_when_advanced': [], 'events_when_stepped_back': [], 'events_when_updated': [], 'events_when_completed': []}}}, key=UUID('caa33df6-50d0-42f3-bc51-69cefb32fd96'), condition=None, blocking_facility=None), RegisteredHandler(callback=<bound method ConfigPlayer.config_play_callback of ConfigPlayer.show_player/shows>, priority=100, kwargs={'calling_context': 'achievement_wizard1_state_enabled', 'mode': <Mode.base>, 'settings': {makesomenoise_mode_qualified_light-None-None: {'action': 'play', 'loops': -1, 'priority': 0, 'show': None, 'speed': <NativeTemplate 1.0>, 'block_queue': False, 'start_step': <NativeTemplate 1>, 'start_running': <Template True>, 'sync_ms': None, 'manual_advance': False, 'show_queue': None, 'key': None, 'show_tokens': {}, 'events_when_played': [], 'events_when_stopped': [], 'events_when_looped': [], 'events_when_paused': [], 'events_when_resumed': [], 'events_when_advanced': [], 'events_when_stepped_back': [], 'events_when_updated': [], 'events_when_completed': []}, chcheckitout_lit_strobe-None-None: {'action': 'stop', 'priority': 0, 'show': None, 'speed': <NativeTemplate 1.0>, 'block_queue': False, 'start_step': <NativeTemplate 1>, 'start_running': <Template True>, 'loops': -1, 'sync_ms': None, 'manual_advance': False, 'show_queue': None, 'key': None, 'show_tokens': {}, 'events_when_played': [], 'events_when_stopped': [], 'events_when_looped': [], 'events_when_paused': [], 'events_when_resumed': [], 'events_when_advanced': [], 'events_when_stepped_back': [], 'events_when_updated': [], 'events_when_completed': []}}}, key=UUID('ad36cf63-e0be-4529-bb8e-d27abebffa04'), condition=None, blocking_facility=None)]. The order of those handlers is not defined and they will be executed in random order. This might lead to race conditions and potential bugs.
2026-01-19 15:01:45,136 : INFO : EventManager : Unordered handler for class ConfigPlayer.show_player/shows on event achievement_wizard1_state_enabled with priority 100. Handlers: [RegisteredHandler(callback=<bound method ConfigPlayer.config_play_callback of ConfigPlayer.show_player/shows>, priority=100, kwargs={'calling_context': 'achievement_wizard1_state_enabled', 'mode': <Mode.batterycharger>, 'settings': {battery_green-None-None: {'action': 'stop', 'priority': 0, 'show': None, 'speed': <NativeTemplate 1.0>, 'block_queue': False, 'start_step': <NativeTemplate 1>, 'start_running': <Template True>, 'loops': -1, 'sync_ms': None, 'manual_advance': False, 'show_queue': None, 'key': None, 'show_tokens': {}, 'events_when_played': [], 'events_when_stopped': [], 'events_when_looped': [], 'events_when_paused': [], 'events_when_resumed': [], 'events_when_advanced': [], 'events_when_stepped_back': [], 'events_when_updated': [], 'events_when_completed': []}, battery_yellow-None-None: {'action': 'stop', 'priority': 0, 'show': None, 'speed': <NativeTemplate 1.0>, 'block_queue': False, 'start_step': <NativeTemplate 1>, 'start_running': <Template True>, 'loops': -1, 'sync_ms': None, 'manual_advance': False, 'show_queue': None, 'key': None, 'show_tokens': {}, 'events_when_played': [], 'events_when_stopped': [], 'events_when_looped': [], 'events_when_paused': [], 'events_when_resumed': [], 'events_when_advanced': [], 'events_when_stepped_back': [], 'events_when_updated': [], 'events_when_completed': []}, battery_red-None-None: {'action': 'stop', 'priority': 0, 'show': None, 'speed': <NativeTemplate 1.0>, 'block_queue': False, 'start_step': <NativeTemplate 1>, 'start_running': <Template True>, 'loops': -1, 'sync_ms': None, 'manual_advance': False, 'show_queue': None, 'key': None, 'show_tokens': {}, 'events_when_played': [], 'events_when_stopped': [], 'events_when_looped': [], 'events_when_paused': [], 'events_when_resumed': [], 'events_when_advanced': [], 'events_when_stepped_back': [], 'events_when_updated': [], 'events_when_completed': []}}}, key=UUID('caa33df6-50d0-42f3-bc51-69cefb32fd96'), condition=None, blocking_facility=None), RegisteredHandler(callback=<bound method ConfigPlayer.config_play_callback of ConfigPlayer.show_player/shows>, priority=100, kwargs={'calling_context': 'achievement_wizard1_state_enabled', 'mode': <Mode.base>, 'settings': {makesomenoise_mode_qualified_light-None-None: {'action': 'play', 'loops': -1, 'priority': 0, 'show': None, 'speed': <NativeTemplate 1.0>, 'block_queue': False, 'start_step': <NativeTemplate 1>, 'start_running': <Template True>, 'sync_ms': None, 'manual_advance': False, 'show_queue': None, 'key': None, 'show_tokens': {}, 'events_when_played': [], 'events_when_stopped': [], 'events_when_looped': [], 'events_when_paused': [], 'events_when_resumed': [], 'events_when_advanced': [], 'events_when_stepped_back': [], 'events_when_updated': [], 'events_when_completed': []}, chcheckitout_lit_strobe-None-None: {'action': 'stop', 'priority': 0, 'show': None, 'speed': <NativeTemplate 1.0>, 'block_queue': False, 'start_step': <NativeTemplate 1>, 'start_running': <Template True>, 'loops': -1, 'sync_ms': None, 'manual_advance': False, 'show_queue': None, 'key': None, 'show_tokens': {}, 'events_when_played': [], 'events_when_stopped': [], 'events_when_looped': [], 'events_when_paused': [], 'events_when_resumed': [], 'events_when_advanced': [], 'events_when_stepped_back': [], 'events_when_updated': [], 'events_when_completed': []}}}, key=UUID('ad36cf63-e0be-4529-bb8e-d27abebffa04'), condition=None, blocking_facility=None)]. The order of those handlers is not defined and they will be executed in random order. This might lead to race conditions and potential bugs.
2026-01-19 15:01:45,137 : INFO : EventManager : Unordered handler for class ConfigPlayer.show_player/shows on event achievement_wizard1_state_enabled with priority 100. Handlers: [RegisteredHandler(callback=<bound method ConfigPlayer.config_play_callback of ConfigPlayer.show_player/shows>, priority=100, kwargs={'calling_context': 'achievement_wizard1_state_enabled', 'mode': <Mode.batterycharger>, 'settings': {battery_green-None-None: {'action': 'stop', 'priority': 0, 'show': None, 'speed': <NativeTemplate 1.0>, 'block_queue': False, 'start_step': <NativeTemplate 1>, 'start_running': <Template True>, 'loops': -1, 'sync_ms': None, 'manual_advance': False, 'show_queue': None, 'key': None, 'show_tokens': {}, 'events_when_played': [], 'events_when_stopped': [], 'events_when_looped': [], 'events_when_paused': [], 'events_when_resumed': [], 'events_when_advanced': [], 'events_when_stepped_back': [], 'events_when_updated': [], 'events_when_completed': []}, battery_yellow-None-None: {'action': 'stop', 'priority': 0, 'show': None, 'speed': <NativeTemplate 1.0>, 'block_queue': False, 'start_step': <NativeTemplate 1>, 'start_running': <Template True>, 'loops': -1, 'sync_ms': None, 'manual_advance': False, 'show_queue': None, 'key': None, 'show_tokens': {}, 'events_when_played': [], 'events_when_stopped': [], 'events_when_looped': [], 'events_when_paused': [], 'events_when_resumed': [], 'events_when_advanced': [], 'events_when_stepped_back': [], 'events_when_updated': [], 'events_when_completed': []}, battery_red-None-None: {'action': 'stop', 'priority': 0, 'show': None, 'speed': <NativeTemplate 1.0>, 'block_queue': False, 'start_step': <NativeTemplate 1>, 'start_running': <Template True>, 'loops': -1, 'sync_ms': None, 'manual_advance': False, 'show_queue': None, 'key': None, 'show_tokens': {}, 'events_when_played': [], 'events_when_stopped': [], 'events_when_looped': [], 'events_when_paused': [], 'events_when_resumed': [], 'events_when_advanced': [], 'events_when_stepped_back': [], 'events_when_updated': [], 'events_when_completed': []}}}, key=UUID('caa33df6-50d0-42f3-bc51-69cefb32fd96'), condition=None, blocking_facility=None), RegisteredHandler(callback=<bound method ConfigPlayer.config_play_callback of ConfigPlayer.show_player/shows>, priority=100, kwargs={'calling_context': 'achievement_wizard1_state_enabled', 'mode': <Mode.base>, 'settings': {makesomenoise_mode_qualified_light-None-None: {'action': 'play', 'loops': -1, 'priority': 0, 'show': None, 'speed': <NativeTemplate 1.0>, 'block_queue': False, 'start_step': <NativeTemplate 1>, 'start_running': <Template True>, 'sync_ms': None, 'manual_advance': False, 'show_queue': None, 'key': None, 'show_tokens': {}, 'events_when_played': [], 'events_when_stopped': [], 'events_when_looped': [], 'events_when_paused': [], 'events_when_resumed': [], 'events_when_advanced': [], 'events_when_stepped_back': [], 'events_when_updated': [], 'events_when_completed': []}, chcheckitout_lit_strobe-None-None: {'action': 'stop', 'priority': 0, 'show': None, 'speed': <NativeTemplate 1.0>, 'block_queue': False, 'start_step': <NativeTemplate 1>, 'start_running': <Template True>, 'loops': -1, 'sync_ms': None, 'manual_advance': False, 'show_queue': None, 'key': None, 'show_tokens': {}, 'events_when_played': [], 'events_when_stopped': [], 'events_when_looped': [], 'events_when_paused': [], 'events_when_resumed': [], 'events_when_advanced': [], 'events_when_stepped_back': [], 'events_when_updated': [], 'events_when_completed': []}}}, key=UUID('ad36cf63-e0be-4529-bb8e-d27abebffa04'), condition=None, blocking_facility=None)]. The order of those handlers is not defined and they will be executed in random order. This might lead to race conditions and potential bugs.
2026-01-19 15:01:45,139 : INFO : EventManager : Event: ======'mode_base_starting'====== Args={'queue': <QueuedEvent>, 'player': 1, 'ball': 1, 'balls_remaining': 2, 'is_extra_ball': False}
2026-01-19 15:01:45,140 : INFO : drop_target_bank.three_bank : All targets are already up. Will not reset bank.
2026-01-19 15:01:45,142 : INFO : EventManager : Event: ======'balls_in_play'====== Args={'balls': 1}
2026-01-19 15:01:45,142 : INFO : EventManager : Event: ======'ball_started'====== Args={'player': 1, 'ball': 1, 'balls_remaining': 2, 'is_extra_ball': False}
2026-01-19 15:01:45,144 : INFO : EventManager : Event: ======'mode_combos_will_start'====== Args={'player': 1, 'ball': 1, 'balls_remaining': 2, 'is_extra_ball': False}
2026-01-19 15:01:45,159 : INFO : EventManager : Event: ======'mode_combos_starting'====== Args={'player': 1, 'ball': 1, 'balls_remaining': 2, 'is_extra_ball': False}
2026-01-19 15:01:45,159 : INFO : EventManager : Event: ======'mode_skill_shot_will_start'====== Args={'player': 1, 'ball': 1, 'balls_remaining': 2, 'is_extra_ball': False}
2026-01-19 15:01:45,160 : INFO : EventManager : Event: ======'player_shot_skillshot_side_targets_enabled'====== Args={'value': True, 'prev_value': 0, 'change': 1, 'player_num': 1}
2026-01-19 15:01:45,160 : INFO : EventManager : Event: ======'player_shot_skillshot_hideout_plunge_enabled'====== Args={'value': True, 'prev_value': 0, 'change': 1, 'player_num': 1}
2026-01-19 15:01:45,160 : INFO : EventManager : Event: ======'player_shot_skillshot_super_enabled'====== Args={'value': True, 'prev_value': 0, 'change': 1, 'player_num': 1}
2026-01-19 15:01:45,161 : INFO : EventManager : Event: ======'player_shot_skillshot_left_outlane_enabled'====== Args={'value': True, 'prev_value': 0, 'change': 1, 'player_num': 1}
2026-01-19 15:01:45,161 : INFO : EventManager : Event: ======'player_shot_skillshot_drop_targets_enabled'====== Args={'value': True, 'prev_value': 0, 'change': 1, 'player_num': 1}
2026-01-19 15:01:45,161 : INFO : EventManager : Event: ======'player_shot_skillshot_lower_pop_enabled'====== Args={'value': True, 'prev_value': 0, 'change': 1, 'player_num': 1}
2026-01-19 15:01:45,161 : INFO : EventManager : Event: ======'skillshot_complete'====== Args={'state': 'off'}
2026-01-19 15:01:45,161 : INFO : EventManager : Event: ======'skillshot_off_complete'====== Args={}
2026-01-19 15:01:45,162 : INFO : EventManager : Event: ======'player_skill_shot_skill_shot_timeout_tick'====== Args={'value': 0, 'prev_value': 0, 'change': 0, 'player_num': 1}
2026-01-19 15:01:45,163 : INFO : EventManager : Unordered handler for class <timer.skill_shot_timeout> on event ball_starting with priority 1. Handlers: [RegisteredHandler(callback=<bound method Timer.reset of <timer.skill_shot_timeout>>, priority=1, kwargs={}, key=UUID('1062bb07-5aff-4399-9a78-feab5ae4415b'), condition=None, blocking_facility=None), RegisteredHandler(callback=<bound method Timer.pause of <timer.skill_shot_timeout>>, priority=1, kwargs={'timer_value': None}, key=UUID('c17b4d66-9c8b-4f0e-840e-3eda05275739'), condition=None, blocking_facility=None)]. The order of those handlers is not defined and they will be executed in random order. This might lead to race conditions and potential bugs.
2026-01-19 15:01:45,166 : INFO : EventManager : Event: ======'mode_skill_shot_starting'====== Args={'player': 1, 'ball': 1, 'balls_remaining': 2, 'is_extra_ball': False}
2026-01-19 15:01:45,167 : INFO : EventManager : Event: ======'logicblock_battery_charged_status_updated'====== Args={'value': 20, 'enabled': True}
2026-01-19 15:01:45,168 : INFO : EventManager : Event: ======'logicblock_drop_target_bank_counter_updated'====== Args={'value': 0, 'enabled': True}
2026-01-19 15:01:45,168 : INFO : EventManager : Event: ======'logicblock_combos_count_updated'====== Args={'value': 0, 'enabled': False}
2026-01-19 15:01:45,168 : INFO : EventManager : Event: ======'logicblock_combos_count_updated'====== Args={'value': 0, 'enabled': True}
2026-01-19 15:01:45,168 : INFO : EventManager : Event: ======'logicblock_superpops_counter_updated'====== Args={'value': 0, 'enabled': False}
2026-01-19 15:01:45,168 : INFO : EventManager : Event: ======'logicblock_superpops_counter_updated'====== Args={'value': 0, 'enabled': True}
2026-01-19 15:01:45,169 : INFO : EventManager : Event: ======'logicblock_superdrops_counter_updated'====== Args={'value': 0, 'enabled': False}
2026-01-19 15:01:45,169 : INFO : EventManager : Event: ======'logicblock_superdrops_counter_updated'====== Args={'value': 0, 'enabled': True}
2026-01-19 15:01:45,169 : INFO : EventManager : Event: ======'logicblock_superstandups_counter_updated'====== Args={'value': 0, 'enabled': False}
2026-01-19 15:01:45,169 : INFO : EventManager : Event: ======'logicblock_superstandups_counter_updated'====== Args={'value': 0, 'enabled': True}
2026-01-19 15:01:45,169 : INFO : EventManager : Event: ======'logicblock_superspins_counter_updated'====== Args={'value': 0, 'enabled': False}
2026-01-19 15:01:45,170 : INFO : EventManager : Event: ======'logicblock_superspins_counter_updated'====== Args={'value': 0, 'enabled': True}
2026-01-19 15:01:45,170 : INFO : EventManager : Event: ======'logicblock_supercombos_counter_updated'====== Args={'value': 0, 'enabled': False}
2026-01-19 15:01:45,170 : INFO : EventManager : Event: ======'logicblock_supercombos_counter_updated'====== Args={'value': 0, 'enabled': True}
2026-01-19 15:01:45,170 : INFO : EventManager : Event: ======'logicblock_super_modes_played_counter_updated'====== Args={'value': 0, 'enabled': False}
2026-01-19 15:01:45,170 : INFO : EventManager : Event: ======'logicblock_super_modes_played_counter_updated'====== Args={'value': 0, 'enabled': True}
2026-01-19 15:01:45,170 : INFO : EventManager : Event: ======'logicblock_qualify_chcheckitout_multiball_updated'====== Args={'value': 0, 'enabled': False}
2026-01-19 15:01:45,170 : INFO : EventManager : Event: ======'logicblock_qualify_chcheckitout_multiball_updated'====== Args={'value': 0, 'enabled': True}
2026-01-19 15:01:45,170 : INFO : EventManager : Event: ======'logicblock_enable_bodymovin_lock_2_updated'====== Args={'value': 0, 'enabled': False}
2026-01-19 15:01:45,171 : INFO : EventManager : Event: ======'logicblock_enable_bodymovin_lock_2_updated'====== Args={'value': 0, 'enabled': True}
2026-01-19 15:01:45,172 : INFO : EventManager : Event: ======'logicblock_drop_target_bank_counter_updated'====== Args={'value': 1, 'enabled': True}
2026-01-19 15:01:45,173 : INFO : Mode.skill_shot : Started. Priority: 500
2026-01-19 15:01:45,173 : INFO : EventManager : Event: ======'modes_active_modes_changed'====== Args={}
2026-01-19 15:01:45,174 : INFO : EventManager : Event: ======'mode_skill_shot_started'====== Args={'player': 1, 'ball': 1, 'balls_remaining': 2, 'is_extra_ball': False}
2026-01-19 15:01:45,174 : INFO : EventManager : Event: ======'advance_skill_side_targets'====== Args={'player': 1, 'ball': 1, 'balls_remaining': 2, 'is_extra_ball': False}
2026-01-19 15:01:45,174 : INFO : EventManager : Event: ======'player_shot_skillshot_side_targets'====== Args={'value': 1, 'prev_value': 0, 'change': 1, 'player_num': 1}
2026-01-19 15:01:45,176 : INFO : Mode.combos : Started. Priority: 2000
2026-01-19 15:01:45,176 : INFO : EventManager : Event: ======'modes_active_modes_changed'====== Args={}
2026-01-19 15:01:45,176 : INFO : EventManager : Event: ======'mode_combos_started'====== Args={'player': 1, 'ball': 1, 'balls_remaining': 2, 'is_extra_ball': False}
2026-01-19 15:01:45,176 : INFO : EventManager : Event: ======'logicblock_battery_charged_status_updated'====== Args={'value': 20, 'enabled': True}
2026-01-19 15:01:45,177 : INFO : Mode.batterycharger : Started. Priority: 100
2026-01-19 15:01:45,177 : INFO : EventManager : Event: ======'modes_active_modes_changed'====== Args={}
2026-01-19 15:01:45,177 : INFO : EventManager : Event: ======'mode_batterycharger_started'====== Args={'queue': <QueuedEvent>, 'player': 1, 'ball': 1, 'balls_remaining': 2, 'is_extra_ball': False}
2026-01-19 15:01:45,177 : INFO : EventManager : Event: ======'logicblock_completed_modes_count_updated'====== Args={'value': 0, 'enabled': True}
2026-01-19 15:01:45,178 : INFO : EventManager : Event: ======'logicblock_played_modes_count_updated'====== Args={'value': 0, 'enabled': True}
2026-01-19 15:01:45,178 : INFO : EventManager : Event: ======'logicblock_combos_count_updated'====== Args={'value': 0, 'enabled': True}
2026-01-19 15:01:45,178 : INFO : EventManager : Event: ======'logicblock_superpops_counter_updated'====== Args={'value': 0, 'enabled': True}
2026-01-19 15:01:45,178 : INFO : EventManager : Event: ======'logicblock_superdrops_counter_updated'====== Args={'value': 0, 'enabled': True}
2026-01-19 15:01:45,178 : INFO : EventManager : Event: ======'logicblock_superstandups_counter_updated'====== Args={'value': 0, 'enabled': True}
2026-01-19 15:01:45,178 : INFO : EventManager : Event: ======'logicblock_superspins_counter_updated'====== Args={'value': 0, 'enabled': True}
2026-01-19 15:01:45,179 : INFO : EventManager : Event: ======'logicblock_supercombos_counter_updated'====== Args={'value': 0, 'enabled': True}
2026-01-19 15:01:45,179 : INFO : EventManager : Event: ======'logicblock_super_modes_played_counter_updated'====== Args={'value': 0, 'enabled': True}
2026-01-19 15:01:45,179 : INFO : EventManager : Event: ======'logicblock_qualify_chcheckitout_multiball_updated'====== Args={'value': 0, 'enabled': True}
2026-01-19 15:01:45,179 : INFO : EventManager : Event: ======'logicblock_chcheckitout_multiball_ready_updated'====== Args={'value': 0, 'enabled': False}
2026-01-19 15:01:45,179 : INFO : EventManager : Event: ======'logicblock_enable_bodymovin_lock_1_updated'====== Args={'value': 0, 'enabled': False}
2026-01-19 15:01:45,179 : INFO : EventManager : Event: ======'logicblock_bodymovin_lock_1_updated'====== Args={'value': 0, 'enabled': False}
2026-01-19 15:01:45,180 : INFO : EventManager : Event: ======'logicblock_enable_bodymovin_lock_2_updated'====== Args={'value': 0, 'enabled': True}
2026-01-19 15:01:45,180 : INFO : EventManager : Event: ======'logicblock_bodymovin_lock_2_updated'====== Args={'value': 0, 'enabled': False}
2026-01-19 15:01:45,180 : INFO : EventManager : Event: ======'logicblock_enable_bodymovin_lock_3_updated'====== Args={'value': 0, 'enabled': False}
2026-01-19 15:01:45,180 : INFO : EventManager : Event: ======'logicblock_bodymovin_multiball_ready_updated'====== Args={'value': 0, 'enabled': False}
2026-01-19 15:01:45,180 : INFO : EventManager : Event: ======'logicblock_drop_target_bank_counter_updated'====== Args={'value': 1, 'enabled': True}
2026-01-19 15:01:45,180 : INFO : EventManager : Event: ======'logicblock_completed_modes_count_updated'====== Args={'value': 0, 'enabled': True}
2026-01-19 15:01:45,181 : INFO : EventManager : Event: ======'logicblock_played_modes_count_updated'====== Args={'value': 0, 'enabled': True}
2026-01-19 15:01:45,181 : INFO : EventManager : Event: ======'logicblock_combos_count_updated'====== Args={'value': 0, 'enabled': True}
2026-01-19 15:01:45,181 : INFO : EventManager : Event: ======'logicblock_superpops_counter_updated'====== Args={'value': 0, 'enabled': True}
2026-01-19 15:01:45,181 : INFO : EventManager : Event: ======'logicblock_superdrops_counter_updated'====== Args={'value': 0, 'enabled': True}
2026-01-19 15:01:45,181 : INFO : EventManager : Event: ======'logicblock_superstandups_counter_updated'====== Args={'value': 0, 'enabled': True}
2026-01-19 15:01:45,181 : INFO : EventManager : Event: ======'logicblock_superspins_counter_updated'====== Args={'value': 0, 'enabled': True}
2026-01-19 15:01:45,182 : INFO : EventManager : Event: ======'logicblock_supercombos_counter_updated'====== Args={'value': 0, 'enabled': True}
2026-01-19 15:01:45,182 : INFO : EventManager : Event: ======'logicblock_super_modes_played_counter_updated'====== Args={'value': 0, 'enabled': True}
2026-01-19 15:01:45,182 : INFO : Mode.base : Started. Priority: 100
2026-01-19 15:01:45,182 : INFO : EventManager : Event: ======'modes_active_modes_changed'====== Args={}
2026-01-19 15:01:45,182 : INFO : EventManager : Event: ======'mode_base_started'====== Args={'queue': <QueuedEvent>, 'player': 1, 'ball': 1, 'balls_remaining': 2, 'is_extra_ball': False}
2026-01-19 15:01:45,185 : INFO : EventManager : Event: ======'player_charges_remaining_variable'====== Args={'value': 20, 'prev_value': 0, 'change': 20, 'player_num': 1, 'source': 'batterycharger'}
2026-01-19 15:01:45,186 : INFO : EventManager : Event: ======'logicblock_battery_charged_status_updated'====== Args={'value': 0, 'enabled': True}
2026-01-19 15:01:45,187 : INFO : EventManager : Event: ======'battery_charged'====== Args={}
2026-01-19 15:01:45,188 : INFO : EventManager : Event: ======'logicblock_battery_charged_status_updated'====== Args={'value': 0, 'enabled': False}
2026-01-19 15:01:45,189 : INFO : EventManager : Event: ======'player_charges_remaining_variable'====== Args={'value': 0, 'prev_value': 20, 'change': -20, 'player_num': 1, 'source': 'batterycharger'}
2026-01-19 15:01:45,189 : INFO : EventManager : Event: ======'mode_carousel_will_start'====== Args={}
2026-01-19 15:01:45,190 : INFO : EventManager : Unordered handler for class PluginPlayer.widgets on event ball_will_end with priority 100. Handlers: [RegisteredHandler(callback=<bound method ConfigPlayer.config_play_callback of PluginPlayer.widgets>, priority=100, kwargs={'calling_context': 'ball_will_end', 'mode': <Mode.batterycharger>, 'settings': {'charges_remaining': {'action': 'remove', 'priority': None, 'slide': None, 'key': None, 'target': None, 'expire': None, 'tokens': {}, 'x': 0, 'y': 0}}}, key=UUID('31b9e2ab-6f2e-4794-8ece-45ef07af6c75'), condition=None, blocking_facility=None), RegisteredHandler(callback=<bound method ConfigPlayer.config_play_callback of PluginPlayer.widgets>, priority=100, kwargs={'calling_context': 'ball_will_end', 'mode': <Mode.base>, 'settings': {'chcheckitoutfinish': {'action': 'remove', 'priority': None, 'slide': None, 'key': None, 'target': None, 'expire': None, 'tokens': {}, 'x': 0, 'y': 0}, 'bodymovinfinish': {'action': 'remove', 'priority': None, 'slide': None, 'key': None, 'target': None, 'expire': None, 'tokens': {}, 'x': 0, 'y': 0}, 'mmm_circle': {'action': 'remove', 'priority': None, 'slide': None, 'key': None, 'target': None, 'expire': None, 'tokens': {}, 'x': 0, 'y': 0}, 'miked_circle': {'action': 'remove', 'priority': None, 'slide': None, 'key': None, 'target': None, 'expire': None, 'tokens': {}, 'x': 0, 'y': 0}, 'adroc_circle': {'action': 'remove', 'priority': None, 'slide': None, 'key': None, 'target': None, 'expire': None, 'tokens': {}, 'x': 0, 'y': 0}, 'mca_circle': {'action': 'remove', 'priority': None, 'slide': None, 'key': None, 'target': None, 'expire': None, 'tokens': {}, 'x': 0, 'y': 0}, 'djhurr_circle': {'action': 'remove', 'priority': None, 'slide': None, 'key': None, 'target': None, 'expire': None, 'tokens': {}, 'x': 0, 'y': 0}}}, key=UUID('fad7d2cf-570d-428b-86c9-b5356a0808e6'), condition=None, blocking_facility=None)]. The order of those handlers is not defined and they will be executed in random order. This might lead to race conditions and potential bugs.
2026-01-19 15:01:45,192 : INFO : EventManager : Unordered handler for class ConfigPlayer.show_player/shows on event achievement_wizard1_state_enabled with priority 100. Handlers: [RegisteredHandler(callback=<bound method ConfigPlayer.config_play_callback of ConfigPlayer.show_player/shows>, priority=100, kwargs={'calling_context': 'achievement_wizard1_state_enabled', 'mode': <Mode.batterycharger>, 'settings': {battery_green-None-None: {'action': 'stop', 'priority': 0, 'show': None, 'speed': <NativeTemplate 1.0>, 'block_queue': False, 'start_step': <NativeTemplate 1>, 'start_running': <Template True>, 'loops': -1, 'sync_ms': None, 'manual_advance': False, 'show_queue': None, 'key': None, 'show_tokens': {}, 'events_when_played': [], 'events_when_stopped': [], 'events_when_looped': [], 'events_when_paused': [], 'events_when_resumed': [], 'events_when_advanced': [], 'events_when_stepped_back': [], 'events_when_updated': [], 'events_when_completed': []}, battery_yellow-None-None: {'action': 'stop', 'priority': 0, 'show': None, 'speed': <NativeTemplate 1.0>, 'block_queue': False, 'start_step': <NativeTemplate 1>, 'start_running': <Template True>, 'loops': -1, 'sync_ms': None, 'manual_advance': False, 'show_queue': None, 'key': None, 'show_tokens': {}, 'events_when_played': [], 'events_when_stopped': [], 'events_when_looped': [], 'events_when_paused': [], 'events_when_resumed': [], 'events_when_advanced': [], 'events_when_stepped_back': [], 'events_when_updated': [], 'events_when_completed': []}, battery_red-None-None: {'action': 'stop', 'priority': 0, 'show': None, 'speed': <NativeTemplate 1.0>, 'block_queue': False, 'start_step': <NativeTemplate 1>, 'start_running': <Template True>, 'loops': -1, 'sync_ms': None, 'manual_advance': False, 'show_queue': None, 'key': None, 'show_tokens': {}, 'events_when_played': [], 'events_when_stopped': [], 'events_when_looped': [], 'events_when_paused': [], 'events_when_resumed': [], 'events_when_advanced': [], 'events_when_stepped_back': [], 'events_when_updated': [], 'events_when_completed': []}}}, key=UUID('caa33df6-50d0-42f3-bc51-69cefb32fd96'), condition=None, blocking_facility=None), RegisteredHandler(callback=<bound method ConfigPlayer.config_play_callback of ConfigPlayer.show_player/shows>, priority=100, kwargs={'calling_context': 'achievement_wizard1_state_enabled', 'mode': <Mode.base>, 'settings': {makesomenoise_mode_qualified_light-None-None: {'action': 'play', 'loops': -1, 'priority': 0, 'show': None, 'speed': <NativeTemplate 1.0>, 'block_queue': False, 'start_step': <NativeTemplate 1>, 'start_running': <Template True>, 'sync_ms': None, 'manual_advance': False, 'show_queue': None, 'key': None, 'show_tokens': {}, 'events_when_played': [], 'events_when_stopped': [], 'events_when_looped': [], 'events_when_paused': [], 'events_when_resumed': [], 'events_when_advanced': [], 'events_when_stepped_back': [], 'events_when_updated': [], 'events_when_completed': []}, chcheckitout_lit_strobe-None-None: {'action': 'stop', 'priority': 0, 'show': None, 'speed': <NativeTemplate 1.0>, 'block_queue': False, 'start_step': <NativeTemplate 1>, 'start_running': <Template True>, 'loops': -1, 'sync_ms': None, 'manual_advance': False, 'show_queue': None, 'key': None, 'show_tokens': {}, 'events_when_played': [], 'events_when_stopped': [], 'events_when_looped': [], 'events_when_paused': [], 'events_when_resumed': [], 'events_when_advanced': [], 'events_when_stepped_back': [], 'events_when_updated': [], 'events_when_completed': []}}}, key=UUID('ad36cf63-e0be-4529-bb8e-d27abebffa04'), condition=None, blocking_facility=None)]. The order of those handlers is not defined and they will be executed in random order. This might lead to race conditions and potential bugs.
2026-01-19 15:01:45,198 : INFO : EventManager : Event: ======'mode_carousel_starting'====== Args={}
2026-01-19 15:01:45,199 : INFO : EventManager : Event: ======'player_battery_charged_yesorno'====== Args={'value': 1, 'prev_value': 0, 'change': 1, 'player_num': 1, 'source': 'base'}
2026-01-19 15:01:45,201 : INFO : EventManager : Event: ======'player_drop_target_bank_counter_count'====== Args={'value': 1, 'prev_value': 0, 'change': 1, 'player_num': 1, 'source': 'base'}
2026-01-19 15:01:45,202 : INFO : EventManager : Event: ======'mode_multiball_will_start'====== Args={'queue': <QueuedEvent>, 'player': 1, 'ball': 1, 'balls_remaining': 2, 'is_extra_ball': False}
2026-01-19 15:01:45,206 : INFO : EventManager : Event: ======'mode_multiball_starting'====== Args={'queue': <QueuedEvent>, 'player': 1, 'ball': 1, 'balls_remaining': 2, 'is_extra_ball': False}
2026-01-19 15:01:45,208 : INFO : EventManager : Event: ======'ball_save_default_enabled'====== Args={}
2026-01-19 15:01:45,208 : INFO : Mode.multiball : Started. Priority: 1000
2026-01-19 15:01:45,208 : INFO : EventManager : Event: ======'modes_active_modes_changed'====== Args={}
2026-01-19 15:01:45,208 : INFO : EventManager : Event: ======'mode_multiball_started'====== Args={'queue': <QueuedEvent>, 'player': 1, 'ball': 1, 'balls_remaining': 2, 'is_extra_ball': False}
2026-01-19 15:01:45,209 : INFO : Mode.carousel : Started. Priority: 200
2026-01-19 15:01:45,209 : INFO : EventManager : Event: ======'modes_active_modes_changed'====== Args={}
2026-01-19 15:01:45,209 : INFO : EventManager : Event: ======'mode_carousel_started'====== Args={}
2026-01-19 15:01:45,210 : INFO : blinkenlight.bl_scoop_arrow_led : Color (0, 0, 255) with key carousel added
2026-01-19 15:01:45,211 : INFO : EventManager : Event: ======'carousel_item_highlighted'====== Args={'carousel': 'carousel', 'direction': None, 'item': 'intergalactic'}
2026-01-19 15:01:45,215 : INFO : EventManager : Event: ======'single_player_ball_started'====== Args={}
2026-01-19 15:01:45,216 : INFO : EventManager : Event: ======'ball_start_target'====== Args={'target': 'playfield'}
2026-01-19 15:01:45,217 : INFO : ball_device.bd_plunger : Setting up player-controlled eject. Balls: 1, Target: <playfield.playfield>, player_controlled_eject_event: None
2026-01-19 15:01:45,218 : INFO : EventManager : Event: ======'balldevice_balls_available'====== Args={}
2026-01-19 15:01:45,219 : INFO : ball_device.bd_trough : State: waiting_for_target_ready
2026-01-19 15:01:45,220 : INFO : EventManager : Event: ======'balldevice_bd_trough_ball_eject_attempt'====== Args={'balls': 1, 'target': <ball_device.bd_plunger>, 'source': <ball_device.bd_trough>, 'mechanical_eject': True, 'num_attempts': 0}
2026-01-19 15:01:45,220 : INFO : ball_device.bd_plunger : State: waiting_for_ball
2026-01-19 15:01:45,221 : INFO : ball_device.bd_trough : State: ejecting
2026-01-19 15:01:45,222 : INFO : ball_device.bd_trough : Ejecting ball to <ball_device.bd_plunger>
2026-01-19 15:01:45,222 : INFO : EventManager : Event: ======'balldevice_bd_trough_ejecting_ball'====== Args={'balls': 1, 'target': <ball_device.bd_plunger>, 'source': <ball_device.bd_trough>, 'mechanical_eject': True, 'num_attempts': 0}
2026-01-19 15:01:45,224 : INFO : ball_device.bd_trough : Wait for ball to leave device
2026-01-19 15:01:45,224 : INFO : coil.c_trough_eject : Pulsing Driver for 15ms (1.0 pulse_power)
2026-01-19 15:01:45,224 : INFO : SwitchController : <<<<<<< 's_trough1' inactive >>>>>>>
2026-01-19 15:01:45,225 : INFO : ball_device.bd_trough : State: ball_left
2026-01-19 15:01:45,226 : INFO : ball_device.bd_trough : Ball left
2026-01-19 15:01:45,226 : INFO : ball_device.bd_trough : Wait for confirm with timeout 3.0
2026-01-19 15:01:45,247 : INFO : EventManager : Event: ======'slide_skillshot_overlay_sidetargets_created'====== Args={'_from_bcp': True}
2026-01-19 15:01:45,248 : INFO : EventManager : Event: ======'slide_attract_load_inactive'====== Args={'is_removing': True, '_from_bcp': True}
2026-01-19 15:01:45,249 : INFO : EventManager : Event: ======'slide_skillshot_overlay_sidetargets_active'====== Args={'original_context': 'skill_shot', 'original_calling_context': 'player_shot_skillshot_side_targets{device.shots.skillshot_side_targets.state==1}', 'priority': 500.0, 'value': 1.0, 'prev_value': 0.0, 'change': 1.0, 'player_num': 1.0, 'cmd': 'slides_play', '_from_bcp': True}
2026-01-19 15:01:45,258 : INFO : EventManager : Event: ======'slide_attract_load_removed'====== Args={'_from_bcp': True}
2026-01-19 15:01:45,261 : INFO : EventManager : Event: ======'slide_base_created'====== Args={'_from_bcp': True}
2026-01-19 15:01:45,262 : INFO : EventManager : Event: ======'play_base_video2'====== Args={'_from_bcp': True}
2026-01-19 15:01:45,329 : INFO : SwitchController : <<<<<<< 's_plunger' active >>>>>>>
2026-01-19 15:01:45,329 : INFO : EventManager : Event: ======'machine_var_audits_switches_s_plunger'====== Args={'value': 2070, 'prev_value': 2069, 'change': 1}
2026-01-19 15:01:45,844 : INFO : ball_device.bd_plunger : Received ball from <ball_device.bd_trough>
2026-01-19 15:01:45,844 : INFO : EventManager : Event: ======'balldevice_bd_plunger_ball_enter'====== Args={'new_balls': 1, 'unclaimed_balls': 0, 'new_available_balls': 0, 'device': <ball_device.bd_plunger>}
2026-01-19 15:01:45,845 : INFO : EventManager : Event: ======'balldevice_bd_plunger_ball_entered'====== Args={'new_balls': 0, 'device': <ball_device.bd_plunger>}
2026-01-19 15:01:45,846 : INFO : EventManager : Event: ======'balldevice_bd_plunger_ball_count_changed'====== Args={'balls': 1}
2026-01-19 15:01:45,846 : INFO : ball_device.bd_trough : Got eject confirm
2026-01-19 15:01:45,846 : INFO : ball_device.bd_trough : Eject successful
2026-01-19 15:01:45,846 : INFO : EventManager : Event: ======'balldevice_bd_trough_ball_eject_success'====== Args={'balls': 1, 'target': <ball_device.bd_plunger>}
2026-01-19 15:01:45,847 : INFO : EventManager : Event: ======'balldevice_bd_trough_ball_count_changed'====== Args={'balls': 5}
2026-01-19 15:01:45,847 : INFO : ball_device.bd_trough : State: idle
2026-01-19 15:01:45,847 : INFO : ball_device.bd_plunger : State: waiting_for_target_ready
2026-01-19 15:01:45,848 : INFO : EventManager : Event: ======'balldevice_bd_plunger_ball_eject_attempt'====== Args={'balls': 1, 'target': <playfield.playfield>, 'source': <ball_device.bd_plunger>, 'mechanical_eject': True, 'num_attempts': 0}
2026-01-19 15:01:45,848 : INFO : ball_device.bd_plunger : State: ejecting
2026-01-19 15:01:45,848 : INFO : ball_device.bd_plunger : Ejecting ball to <playfield.playfield>
2026-01-19 15:01:45,849 : INFO : EventManager : Event: ======'balldevice_bd_plunger_ejecting_ball'====== Args={'balls': 1, 'target': <playfield.playfield>, 'source': <ball_device.bd_plunger>, 'mechanical_eject': True, 'num_attempts': 0}
2026-01-19 15:01:45,851 : INFO : ball_device.bd_plunger : Wait for ball to leave device
2026-01-19 15:01:46,027 : INFO : EventManager : Event: ======'slide_score_overlay_created'====== Args={'_from_bcp': True}
2026-01-19 15:01:46,471 : INFO : EventManager : Event: ======'slide_super_circles_created'====== Args={'_from_bcp': True}
2026-01-19 15:01:46,608 : INFO : EventManager : Event: ======'slide_current_mode_highlighted_created'====== Args={'_from_bcp': True}
2026-01-19 15:01:46,609 : INFO : EventManager : Event: ======'random_mode_picker_toomanyrappers'====== Args={'_from_bcp': True}
2026-01-19 15:01:46,609 : INFO : EventManager : Event: ======'carousel_advance'====== Args={'priority': 0}
2026-01-19 15:01:46,609 : INFO : EventManager : Event: ======'carousel_advance_2'====== Args={'priority': 0}
2026-01-19 15:01:46,609 : INFO : EventManager : Event: ======'carousel_advance_3'====== Args={'priority': 0}
2026-01-19 15:01:46,609 : INFO : EventManager : Event: ======'carousel_advance_4'====== Args={'priority': 0}
2026-01-19 15:01:46,609 : INFO : EventManager : Event: ======'carousel_advance_5'====== Args={'priority': 0}
2026-01-19 15:01:46,610 : INFO : EventManager : Event: ======'carousel_advance_6'====== Args={'priority': 0}
2026-01-19 15:01:46,610 : INFO : EventManager : Event: ======'carousel_item_highlighted'====== Args={'carousel': 'carousel', 'direction': 'forwards', 'item': 'paulrevere'}
2026-01-19 15:01:46,612 : INFO : EventManager : Event: ======'carousel_item_highlighted'====== Args={'carousel': 'carousel', 'direction': 'forwards', 'item': 'tripletrouble'}
2026-01-19 15:01:46,613 : INFO : EventManager : Event: ======'carousel_item_highlighted'====== Args={'carousel': 'carousel', 'direction': 'forwards', 'item': 'sabotage'}
2026-01-19 15:01:46,615 : INFO : EventManager : Event: ======'carousel_item_highlighted'====== Args={'carousel': 'carousel', 'direction': 'forwards', 'item': 'highplainsdrifter'}
2026-01-19 15:01:46,616 : INFO : EventManager : Event: ======'carousel_item_highlighted'====== Args={'carousel': 'carousel', 'direction': 'forwards', 'item': 'threemcsand1dj'}
2026-01-19 15:01:46,618 : INFO : EventManager : Event: ======'carousel_item_highlighted'====== Args={'carousel': 'carousel', 'direction': 'forwards', 'item': 'toomanyrappers'}
2026-01-19 15:01:46,625 : INFO : EventManager : Event: ======'slide_basevideo2_created'====== Args={'_from_bcp': True}
2026-01-19 15:01:47,994 : INFO : SwitchController : <<<<<<< 's_plunger' inactive >>>>>>>
2026-01-19 15:01:47,994 : INFO : EventManager : Event: ======'ball_out'====== Args={}
2026-01-19 15:01:47,996 : INFO : EventManager : Event: ======'ball_save_default_timer_start'====== Args={}
2026-01-19 15:01:47,999 : INFO : ball_device.bd_plunger : State: ball_left
2026-01-19 15:01:48,000 : INFO : ball_device.bd_plunger : Ball left
2026-01-19 15:01:48,000 : INFO : ball_device.bd_plunger : Wait for confirm with timeout 3.0
2026-01-19 15:01:48,178 : INFO : SwitchController : <<<<<<< 's_three_bank_top' active >>>>>>>
2026-01-19 15:01:48,178 : INFO : EventManager : Event: ======'playfield_active'====== Args={'source': 'skillshot_drop_targets'}
2026-01-19 15:01:48,179 : INFO : EventManager : Event: ======'playfield_active'====== Args={'source': 'top_drop'}
2026-01-19 15:01:48,179 : INFO : EventManager : Event: ======'s_three_bank_top_active'====== Args={}
2026-01-19 15:01:48,179 : INFO : EventManager : Event: ======'playfield_active'====== Args={'source': 'top'}
2026-01-19 15:01:48,179 : INFO : EventManager : Event: ======'drop_target_top_down'====== Args={'device': <drop_target.top>}
2026-01-19 15:01:48,180 : INFO : EventManager : Event: ======'drop_target_bank_three_bank_mixed'====== Args={'prev_value': <DropTargetBankState.UP: 'up'>, 'down': 1}
2026-01-19 15:01:48,180 : INFO : EventManager : Event: ======'machine_var_audits_switches_s_three_bank_top'====== Args={'value': 1113, 'prev_value': 1112, 'change': 1}
2026-01-19 15:01:48,182 : INFO : EventManager : Event: ======'player_shot_skillshot_drop_targets'====== Args={'value': 1, 'prev_value': 0, 'change': 1, 'player_num': 1}
2026-01-19 15:01:48,184 : INFO : EventManager : Event: ======'machine_var_audits_shots_skillshot_drop_targets'====== Args={'value': 518, 'prev_value': 517, 'change': 1}
2026-01-19 15:01:48,184 : INFO : EventManager : Event: ======'skillshot_drop_targets_hit'====== Args={'profile': 'skill_shot_profile', 'state': 'off', 'advancing': True}
2026-01-19 15:01:48,185 : INFO : EventManager : Event: ======'skillshot_drop_targets_skill_shot_profile_hit'====== Args={'profile': 'skill_shot_profile', 'state': 'off', 'advancing': True}
2026-01-19 15:01:48,185 : INFO : EventManager : Event: ======'skillshot_drop_targets_skill_shot_profile_off_hit'====== Args={'profile': 'skill_shot_profile', 'state': 'off', 'advancing': True}
2026-01-19 15:01:48,185 : INFO : EventManager : Event: ======'skillshot_drop_targets_off_hit'====== Args={'profile': 'skill_shot_profile', 'state': 'off', 'advancing': True}
2026-01-19 15:01:48,185 : INFO : EventManager : Event: ======'machine_var_audits_shots_top_drop'====== Args={'value': 574, 'prev_value': 573, 'change': 1}
2026-01-19 15:01:48,185 : INFO : EventManager : Event: ======'top_drop_hit'====== Args={'profile': 'base_shot_profile', 'state': 'off', 'advancing': False}
2026-01-19 15:01:48,185 : INFO : EventManager : Event: ======'top_drop_base_shot_profile_hit'====== Args={'profile': 'base_shot_profile', 'state': 'off', 'advancing': False}
2026-01-19 15:01:48,186 : INFO : EventManager : Event: ======'top_drop_base_shot_profile_off_hit'====== Args={'profile': 'base_shot_profile', 'state': 'off', 'advancing': False}
2026-01-19 15:01:48,186 : INFO : EventManager : Event: ======'top_drop_off_hit'====== Args={'profile': 'base_shot_profile', 'state': 'off', 'advancing': False}
2026-01-19 15:01:48,186 : INFO : EventManager : Event: ======'skillshot_hit'====== Args={'shot': 'skillshot_drop_targets'}
2026-01-19 15:01:48,186 : INFO : EventManager : Event: ======'skillshot_off_hit'====== Args={'shot': 'skillshot_drop_targets'}
2026-01-19 15:01:48,186 : INFO : EventManager : Event: ======'mode_skill_shot_will_stop'====== Args={}
2026-01-19 15:01:48,187 : INFO : EventManager : Event: ======'mode_skill_shot_stopping'====== Args={}
2026-01-19 15:01:48,187 : INFO : EventManager : Event: ======'player_score'====== Args={'value': 2220, 'prev_value': 0, 'change': 2220, 'player_num': 1, 'source': 'base'}
2026-01-19 15:01:48,187 : INFO : Mode.skill_shot : Stopped.
2026-01-19 15:01:48,187 : INFO : EventManager : Event: ======'modes_active_modes_changed'====== Args={}
2026-01-19 15:01:48,188 : INFO : EventManager : Event: ======'mode_skill_shot_stopped'====== Args={}
2026-01-19 15:01:48,188 : INFO : EventManager : Event: ======'clear'====== Args={'key': 'skill_shot'}
2026-01-19 15:01:48,192 : INFO : Timer.skill_shot_timeout : Stopping Timer
2026-01-19 15:01:48,192 : INFO : EventManager : Event: ======'timer_skill_shot_timeout_stopped'====== Args={'ticks': 0, 'ticks_remaining': 0}
2026-01-19 15:01:48,217 : INFO : ball_device.bd_plunger : Got eject confirm
2026-01-19 15:01:48,217 : INFO : ball_device.bd_plunger : Eject successful
2026-01-19 15:01:48,217 : INFO : EventManager : Event: ======'balldevice_bd_plunger_ball_eject_success'====== Args={'balls': 1, 'target': <playfield.playfield>}
2026-01-19 15:01:48,220 : INFO : EventManager : Event: ======'slide_skillshot_overlay_droptargets_created'====== Args={'_from_bcp': True}
2026-01-19 15:01:48,220 : INFO : EventManager : Event: ======'slide_skillshot_overlay_sidetargets_inactive'====== Args={'is_removing': False, '_from_bcp': True}
2026-01-19 15:01:48,220 : INFO : EventManager : Event: ======'slide_skillshot_overlay_droptargets_active'====== Args={'original_context': 'skill_shot', 'original_calling_context': 'player_shot_skillshot_drop_targets{device.shots.skillshot_drop_targets.state==1}', 'priority': 500.0, 'value': 1.0, 'prev_value': 0.0, 'change': 1.0, 'player_num': 1.0, 'cmd': 'slides_play', '_from_bcp': True}
2026-01-19 15:01:48,221 : INFO : EventManager : Event: ======'slide_skillshot_overlay_sidetargets_removed'====== Args={'_from_bcp': True}
2026-01-19 15:01:48,221 : INFO : EventManager : Event: ======'slide_skillshot_overlay_droptargets_inactive'====== Args={'is_removing': True, '_from_bcp': True}
2026-01-19 15:01:48,221 : INFO : EventManager : Event: ======'slide_super_circles_active'====== Args={'_from_bcp': True}
2026-01-19 15:01:48,221 : INFO : EventManager : Event: ======'slide_skillshot_overlay_droptargets_removed'====== Args={'_from_bcp': True}
2026-01-19 15:01:48,222 : INFO : EventManager : Event: ======'balldevice_playfield_ball_enter'====== Args={'new_balls': 1, 'unclaimed_balls': 1, 'device': <playfield.playfield>}
2026-01-19 15:01:48,222 : INFO : EventManager : Event: ======'playfield_ball_count_change'====== Args={'balls': 1, 'change': 1}
2026-01-19 15:01:48,224 : INFO : EventManager : Event: ======'balldevice_bd_plunger_ball_count_changed'====== Args={'balls': 0}
2026-01-19 15:01:48,224 : INFO : ball_device.bd_plunger : State: idle
2026-01-19 15:01:51,240 : INFO : Machine : Shutting down...
2026-01-19 15:01:51,241 : INFO : EventManager : Event: ======'shutdown'====== Args={}
2026-01-19 15:01:51,242 : INFO : EventManager : Event: ======'mode_service_will_stop'====== Args={}
2026-01-19 15:01:51,242 : INFO : EventManager : Event: ======'mode_service_stopping'====== Args={}
2026-01-19 15:01:51,243 : INFO : Mode.service : Stopped.
2026-01-19 15:01:51,243 : INFO : EventManager : Event: ======'modes_active_modes_changed'====== Args={}
2026-01-19 15:01:51,243 : INFO : EventManager : Event: ======'mode_service_stopped'====== Args={}
2026-01-19 15:01:51,243 : INFO : EventManager : Event: ======'clear'====== Args={'key': 'service'}
2026-01-19 15:01:51,244 : INFO : EventManager : Event: ======'mode_game_will_stop'====== Args={}
2026-01-19 15:01:51,244 : INFO : EventManager : Event: ======'mode_game_stopping'====== Args={}
2026-01-19 15:01:51,245 : INFO : EventManager : Event: ======'mode_carousel_will_stop'====== Args={}
2026-01-19 15:01:51,246 : INFO : EventManager : Event: ======'mode_carousel_stopping'====== Args={}
2026-01-19 15:01:51,246 : INFO : EventManager : Event: ======'mode_combos_will_stop'====== Args={}
2026-01-19 15:01:51,246 : INFO : EventManager : Event: ======'mode_combos_stopping'====== Args={}
2026-01-19 15:01:51,246 : INFO : EventManager : Event: ======'mode_multiball_will_stop'====== Args={}
2026-01-19 15:01:51,246 : INFO : EventManager : Event: ======'mode_multiball_stopping'====== Args={}
2026-01-19 15:01:51,246 : INFO : EventManager : Event: ======'mode_batterycharger_will_stop'====== Args={}
2026-01-19 15:01:51,246 : INFO : EventManager : Event: ======'mode_batterycharger_stopping'====== Args={}
2026-01-19 15:01:51,246 : INFO : EventManager : Event: ======'mode_base_will_stop'====== Args={}
2026-01-19 15:01:51,246 : INFO : EventManager : Event: ======'mode_base_stopping'====== Args={}
2026-01-19 15:01:51,247 : INFO : blinkenlight.bl_scoop_arrow_led : Color removed with key carousel
2026-01-19 15:01:51,247 : INFO : Mode.base : Stopped.
2026-01-19 15:01:51,247 : INFO : EventManager : Event: ======'modes_active_modes_changed'====== Args={}
2026-01-19 15:01:51,250 : INFO : EventManager : Event: ======'mode_base_stopped'====== Args={}
2026-01-19 15:01:51,250 : INFO : EventManager : Event: ======'clear'====== Args={'key': 'base'}
2026-01-19 15:01:51,257 : INFO : Timer.chcheckitoutfinish_widget_timer : Stopping Timer
2026-01-19 15:01:51,257 : INFO : EventManager : Event: ======'timer_chcheckitoutfinish_widget_timer_stopped'====== Args={'ticks': 0, 'ticks_remaining': 0}
2026-01-19 15:01:51,257 : INFO : Timer.bodymovin_widget_timer : Stopping Timer
2026-01-19 15:01:51,257 : INFO : EventManager : Event: ======'timer_bodymovin_widget_timer_stopped'====== Args={'ticks': 0, 'ticks_remaining': 0}
2026-01-19 15:01:51,257 : INFO : Timer.bodymovin_lock_enabled_widget_timer : Stopping Timer
2026-01-19 15:01:51,258 : INFO : EventManager : Event: ======'timer_bodymovin_lock_enabled_widget_timer_stopped'====== Args={'ticks': 0, 'ticks_remaining': 0}
2026-01-19 15:01:51,258 : INFO : Timer.bodymovin_ball_1_locked_widget_timer : Stopping Timer
2026-01-19 15:01:51,258 : INFO : EventManager : Event: ======'timer_bodymovin_ball_1_locked_widget_timer_stopped'====== Args={'ticks': 0, 'ticks_remaining': 0}
2026-01-19 15:01:51,258 : INFO : Timer.bodymovin_ball_2_locked_widget_timer : Stopping Timer
2026-01-19 15:01:51,258 : INFO : EventManager : Event: ======'timer_bodymovin_ball_2_locked_widget_timer_stopped'====== Args={'ticks': 0, 'ticks_remaining': 0}
2026-01-19 15:01:51,259 : INFO : Mode.batterycharger : Stopped.
2026-01-19 15:01:51,259 : INFO : EventManager : Event: ======'modes_active_modes_changed'====== Args={}
2026-01-19 15:01:51,260 : INFO : EventManager : Event: ======'mode_batterycharger_stopped'====== Args={}
2026-01-19 15:01:51,260 : INFO : EventManager : Event: ======'clear'====== Args={'key': 'batterycharger'}
2026-01-19 15:01:51,261 : INFO : Mode.multiball : Stopped.
2026-01-19 15:01:51,261 : INFO : EventManager : Event: ======'modes_active_modes_changed'====== Args={}
2026-01-19 15:01:51,261 : INFO : EventManager : Event: ======'mode_multiball_stopped'====== Args={}
2026-01-19 15:01:51,261 : INFO : EventManager : Event: ======'clear'====== Args={'key': 'multiball'}
2026-01-19 15:01:51,261 : INFO : Mode.combos : Stopped.
2026-01-19 15:01:51,261 : INFO : EventManager : Event: ======'modes_active_modes_changed'====== Args={}
2026-01-19 15:01:51,262 : INFO : EventManager : Event: ======'mode_combos_stopped'====== Args={}
2026-01-19 15:01:51,262 : INFO : EventManager : Event: ======'clear'====== Args={'key': 'combos'}
2026-01-19 15:01:51,269 : INFO : Mode.carousel : Stopped.
2026-01-19 15:01:51,269 : INFO : EventManager : Event: ======'modes_active_modes_changed'====== Args={}
2026-01-19 15:01:51,269 : INFO : EventManager : Event: ======'mode_carousel_stopped'====== Args={}
2026-01-19 15:01:51,269 : INFO : EventManager : Event: ======'clear'====== Args={'key': 'carousel'}
2026-01-19 15:01:51,270 : INFO : Mode.game : Stopped.
2026-01-19 15:01:51,271 : INFO : EventManager : Event: ======'modes_active_modes_changed'====== Args={}
2026-01-19 15:01:51,271 : INFO : EventManager : Event: ======'mode_game_stopped'====== Args={}
2026-01-19 15:01:51,271 : INFO : EventManager : Event: ======'clear'====== Args={'key': 'game'}
2026-01-19 15:01:51,279 : INFO : root : MPF run loop ended.
