2026-01-12 23:04:00,664 : INFO : root : Loading config.
2026-01-12 23:04:00,671 : INFO : YamlMultifileConfigLoader : Machine config file #1: config.yaml
2026-01-12 23:04:00,671 : INFO : ConfigProcessor : Loading config from cache: C:\Users\sdona\AppData\Local\Temp\19f6d0d7953982fda9d956182316b8e5.mpf_cache
2026-01-12 23:04:00,807 : INFO : ConfigProcessor : Loading config from cache: C:\Users\sdona\AppData\Local\Temp\835b5bfea4be8b279a05e96caaaffbbb.mpf_cache
2026-01-12 23:04:00,808 : INFO : ConfigProcessor : Loading config from cache: C:\Users\sdona\AppData\Local\Temp\9b0a7575388f9d9bd2f6ab87bf9fd2f7.mpf_cache
2026-01-12 23:04:00,809 : INFO : ConfigProcessor : Loading config from cache: C:\Users\sdona\AppData\Local\Temp\c340ec0033d1055cd797ffd5447ef414.mpf_cache
2026-01-12 23:04:00,811 : INFO : ConfigProcessor : Loading config from cache: C:\Users\sdona\AppData\Local\Temp\835b5bfea4be8b279a05e96caaaffbbb.mpf_cache
2026-01-12 23:04:00,812 : INFO : ConfigProcessor : Loading config from cache: C:\Users\sdona\AppData\Local\Temp\8c11a28e3c38d4ad47947b6a126f2ee9.mpf_cache
2026-01-12 23:04:00,813 : INFO : ConfigProcessor : Loading config from cache: C:\Users\sdona\AppData\Local\Temp\e391083cdc9e667060411fe5838e93f2.mpf_cache
2026-01-12 23:04:00,815 : INFO : ConfigProcessor : Loading config from cache: C:\Users\sdona\AppData\Local\Temp\f0c219a993d891ee86dcb7eae47dde67.mpf_cache
2026-01-12 23:04:00,816 : INFO : ConfigProcessor : Loading config from cache: C:\Users\sdona\AppData\Local\Temp\96aa58108928490b129531848cd9b506.mpf_cache
2026-01-12 23:04:00,817 : INFO : ConfigProcessor : Loading config from cache: C:\Users\sdona\AppData\Local\Temp\567636b9d9766e3361204e954a8382da.mpf_cache
2026-01-12 23:04:00,818 : INFO : ConfigProcessor : Loading config from cache: C:\Users\sdona\AppData\Local\Temp\d5ead8dff868c6c4b1faf37537a19bc2.mpf_cache
2026-01-12 23:04:00,820 : INFO : ConfigProcessor : Loading config from cache: C:\Users\sdona\AppData\Local\Temp\112f935d1c2002cb40d3e6e497be9e7c.mpf_cache
2026-01-12 23:04:00,821 : INFO : ConfigProcessor : Loading config from cache: C:\Users\sdona\AppData\Local\Temp\aba0711976820dea629bb4c00b006efc.mpf_cache
2026-01-12 23:04:00,822 : WARNING : ConfigProcessor : Config file in cache changed: C:\venv\mpf\mmmdrop\modes\tripletrouble\config\tripletrouble.yaml
2026-01-12 23:04:00,822 : INFO : ConfigProcessor : Loading config from file C:\venv\mpf\mmmdrop\modes\tripletrouble\config\tripletrouble.yaml.
2026-01-12 23:04:00,832 : INFO : ConfigProcessor : Loading config: C:\venv\mpf\mmmdrop\modes\tripletrouble\config\tripletrouble.yaml
2026-01-12 23:04:00,834 : INFO : ConfigProcessor : Config file cache created: C:\Users\sdona\AppData\Local\Temp\de8ed6c6d4c48d1b5b054ff74222cb35.mpf_cache
2026-01-12 23:04:00,836 : INFO : ConfigProcessor : Loading config from cache: C:\Users\sdona\AppData\Local\Temp\5db6c64b0c3bca58d6bbb0f959e933ad.mpf_cache
2026-01-12 23:04:00,838 : INFO : ConfigProcessor : Loading config from cache: C:\Users\sdona\AppData\Local\Temp\3eebd8fc985a6907aa555c0256177d6c.mpf_cache
2026-01-12 23:04:00,838 : INFO : ConfigProcessor : Loading config from cache: C:\Users\sdona\AppData\Local\Temp\7f047f20ee2604e573d0056474eb225c.mpf_cache
2026-01-12 23:04:00,839 : INFO : ConfigProcessor : Loading config from cache: C:\Users\sdona\AppData\Local\Temp\7cbf965458447bfe6339fd0c6d804285.mpf_cache
2026-01-12 23:04:00,840 : INFO : ConfigProcessor : Loading config from cache: C:\Users\sdona\AppData\Local\Temp\c09cbc2eb967f07064f0c7aeb253df93.mpf_cache
2026-01-12 23:04:00,841 : WARNING : ConfigProcessor : Config file in cache changed: C:\venv\mpf\mmmdrop\modes\toomanyrappers\config\toomanyrappers.yaml
2026-01-12 23:04:00,841 : INFO : ConfigProcessor : Loading config from file C:\venv\mpf\mmmdrop\modes\toomanyrappers\config\toomanyrappers.yaml.
2026-01-12 23:04:00,849 : INFO : ConfigProcessor : Loading config: C:\venv\mpf\mmmdrop\modes\toomanyrappers\config\toomanyrappers.yaml
2026-01-12 23:04:00,850 : INFO : ConfigProcessor : Config file cache created: C:\Users\sdona\AppData\Local\Temp\3e3e819377c518a390ee259f491dfb06.mpf_cache
2026-01-12 23:04:00,851 : INFO : ConfigProcessor : Loading config from cache: C:\Users\sdona\AppData\Local\Temp\1bbdf2c973c297bc3add8824c296f9ca.mpf_cache
2026-01-12 23:04:00,854 : WARNING : ConfigProcessor : Config file in cache changed: C:\venv\mpf\mmmdrop\modes\chcheckitout\config\chcheckitout.yaml
2026-01-12 23:04:00,854 : INFO : ConfigProcessor : Loading config from file C:\venv\mpf\mmmdrop\modes\chcheckitout\config\chcheckitout.yaml.
2026-01-12 23:04:00,859 : INFO : ConfigProcessor : Loading config: C:\venv\mpf\mmmdrop\modes\chcheckitout\config\chcheckitout.yaml
2026-01-12 23:04:00,860 : INFO : ConfigProcessor : Config file cache created: C:\Users\sdona\AppData\Local\Temp\8743abc5a0185ade0d9653d9d4dd60e6.mpf_cache
2026-01-12 23:04:00,861 : WARNING : ConfigProcessor : Config file in cache changed: C:\venv\mpf\mmmdrop\modes\bodymovin\config\bodymovin.yaml
2026-01-12 23:04:00,861 : INFO : ConfigProcessor : Loading config from file C:\venv\mpf\mmmdrop\modes\bodymovin\config\bodymovin.yaml.
2026-01-12 23:04:00,867 : INFO : ConfigProcessor : Loading config: C:\venv\mpf\mmmdrop\modes\bodymovin\config\bodymovin.yaml
2026-01-12 23:04:00,868 : INFO : ConfigProcessor : Config file cache created: C:\Users\sdona\AppData\Local\Temp\bc1a93e04317e488751dae7b5251780b.mpf_cache
2026-01-12 23:04:00,869 : INFO : ConfigProcessor : Loading config from cache: C:\Users\sdona\AppData\Local\Temp\8a267c6d1ad3bd205388d8363e4a5749.mpf_cache
2026-01-12 23:04:00,871 : INFO : ConfigProcessor : Loading config from cache: C:\Users\sdona\AppData\Local\Temp\507fc1d02e2e92e18a6830a59c5dcf80.mpf_cache
2026-01-12 23:04:00,872 : INFO : ConfigProcessor : Loading config from cache: C:\Users\sdona\AppData\Local\Temp\1d2961d421c758b6953fd569505e4b2d.mpf_cache
2026-01-12 23:04:00,873 : INFO : ConfigProcessor : Loading config from cache: C:\Users\sdona\AppData\Local\Temp\9e72e5fa0fd05160f49186c6524c14c9.mpf_cache
2026-01-12 23:04:00,874 : INFO : ConfigProcessor : Loading config from cache: C:\Users\sdona\AppData\Local\Temp\f7ea71975115b23719e8d60bf22b5425.mpf_cache
2026-01-12 23:04:00,876 : INFO : ConfigProcessor : Loading config from cache: C:\Users\sdona\AppData\Local\Temp\56c9cddbcff0d1410386b266159a0775.mpf_cache
2026-01-12 23:04:00,877 : INFO : ConfigProcessor : Loading config from cache: C:\Users\sdona\AppData\Local\Temp\6c385f71891889a392ac696568578c7f.mpf_cache
2026-01-12 23:04:00,878 : INFO : ConfigProcessor : Loading config from cache: C:\Users\sdona\AppData\Local\Temp\e6b55d6a1c06b0dd6369c964181bf8d3.mpf_cache
2026-01-12 23:04:00,879 : INFO : ConfigProcessor : Loading config from cache: C:\Users\sdona\AppData\Local\Temp\c400bf69dd848f9ec4f3356496b25a78.mpf_cache
2026-01-12 23:04:00,880 : INFO : ConfigProcessor : Loading config from cache: C:\Users\sdona\AppData\Local\Temp\b5a54abfbba58cd6005650aabe85cb35.mpf_cache
2026-01-12 23:04:00,881 : INFO : ConfigProcessor : Loading config from cache: C:\Users\sdona\AppData\Local\Temp\b9cf3f1e934d5266c0035de47faec02b.mpf_cache
2026-01-12 23:04:00,882 : INFO : ConfigProcessor : Loading config from cache: C:\Users\sdona\AppData\Local\Temp\67d6cae7afaea6fe987e87f8d3a3ea21.mpf_cache
2026-01-12 23:04:00,883 : INFO : ConfigProcessor : Loading config from cache: C:\Users\sdona\AppData\Local\Temp\e4c5b832148a7d383976fcf70408e8af.mpf_cache
2026-01-12 23:04:00,884 : INFO : ConfigProcessor : Loading config from cache: C:\Users\sdona\AppData\Local\Temp\dce98d0c8129174f78168c3f3b9d3db8.mpf_cache
2026-01-12 23:04:00,884 : INFO : ConfigProcessor : Loading config from cache: C:\Users\sdona\AppData\Local\Temp\141b19e6c0168c485bbb38b6543175a8.mpf_cache
2026-01-12 23:04:00,885 : INFO : ConfigProcessor : Loading config from cache: C:\Users\sdona\AppData\Local\Temp\ada3b5b562837d919d62b9df0d0de8d3.mpf_cache
2026-01-12 23:04:00,886 : INFO : ConfigProcessor : Loading config from cache: C:\Users\sdona\AppData\Local\Temp\4e6dd3b0a361d042ad5ab93a8cc8b437.mpf_cache
2026-01-12 23:04:00,887 : INFO : ConfigProcessor : Loading config from cache: C:\Users\sdona\AppData\Local\Temp\e97c871403fe82070ff249d62d7cfe22.mpf_cache
2026-01-12 23:04:00,887 : INFO : ConfigProcessor : Loading config from cache: C:\Users\sdona\AppData\Local\Temp\64b6da5876f56fc970400d85dfe882ec.mpf_cache
2026-01-12 23:04:00,888 : INFO : ConfigProcessor : Loading config from cache: C:\Users\sdona\AppData\Local\Temp\c5a11fc9367393a964e333a780e846f7.mpf_cache
2026-01-12 23:04:00,889 : INFO : ConfigProcessor : Loading config from cache: C:\Users\sdona\AppData\Local\Temp\2816335dd466496617c9461f091e66f7.mpf_cache
2026-01-12 23:04:00,890 : INFO : ConfigProcessor : Loading config from cache: C:\Users\sdona\AppData\Local\Temp\6359f7257429add2d261e94bcafd60d5.mpf_cache
2026-01-12 23:04:00,891 : INFO : ConfigProcessor : Loading config from cache: C:\Users\sdona\AppData\Local\Temp\e1f034e230342bd5fff9d9c9df707a6d.mpf_cache
2026-01-12 23:04:00,892 : INFO : ConfigProcessor : Loading config from cache: C:\Users\sdona\AppData\Local\Temp\bed2bac5ea254e8ca98f6dd45e865fd8.mpf_cache
2026-01-12 23:04:00,892 : INFO : ConfigProcessor : Loading config from cache: C:\Users\sdona\AppData\Local\Temp\48e8797b77339ec89f8005d20046fbbb.mpf_cache
2026-01-12 23:04:00,893 : INFO : ConfigProcessor : Loading config from cache: C:\Users\sdona\AppData\Local\Temp\b0b8ed4dbd306ac2f063788d81ec6bc4.mpf_cache
2026-01-12 23:04:00,895 : INFO : ConfigProcessor : Loading config from cache: C:\Users\sdona\AppData\Local\Temp\98b42cbd2eba7845afea8d7862634639.mpf_cache
2026-01-12 23:04:00,895 : INFO : ConfigProcessor : Loading config from cache: C:\Users\sdona\AppData\Local\Temp\44893055a228bb5e0381bfc6f9c0abd7.mpf_cache
2026-01-12 23:04:00,896 : INFO : ConfigProcessor : Loading config from cache: C:\Users\sdona\AppData\Local\Temp\2042660f443afc84f0703d0905ba54ee.mpf_cache
2026-01-12 23:04:00,896 : INFO : ConfigProcessor : Loading config from cache: C:\Users\sdona\AppData\Local\Temp\dd7647dd44793170b37285bb75f4ccd8.mpf_cache
2026-01-12 23:04:00,897 : INFO : ConfigProcessor : Loading config from cache: C:\Users\sdona\AppData\Local\Temp\e2d7f53c0c71e4d0bd9bdd0119e59cc4.mpf_cache
2026-01-12 23:04:00,898 : INFO : ConfigProcessor : Loading config from cache: C:\Users\sdona\AppData\Local\Temp\8c6fac435f6ad554a9aceeec6bf90d60.mpf_cache
2026-01-12 23:04:00,899 : INFO : ConfigProcessor : Loading config from cache: C:\Users\sdona\AppData\Local\Temp\189e01913405dcf21368edf880785f17.mpf_cache
2026-01-12 23:04:00,899 : INFO : ConfigProcessor : Loading config from cache: C:\Users\sdona\AppData\Local\Temp\9c2447d5008e5c2337580412edd81bce.mpf_cache
2026-01-12 23:04:00,901 : INFO : ConfigProcessor : Loading config from cache: C:\Users\sdona\AppData\Local\Temp\ecb35127b61fe2c3f803378f52b53af8.mpf_cache
2026-01-12 23:04:00,901 : INFO : ConfigProcessor : Loading config from cache: C:\Users\sdona\AppData\Local\Temp\a453bc519324a010fc5f97d23b1d6283.mpf_cache
2026-01-12 23:04:00,902 : INFO : ConfigProcessor : Loading config from cache: C:\Users\sdona\AppData\Local\Temp\e134e8f85ba8fa9c3d7f1500ca292437.mpf_cache
2026-01-12 23:04:00,903 : INFO : ConfigProcessor : Loading config from cache: C:\Users\sdona\AppData\Local\Temp\b24b6909ee6e0520126bbce60d1ed210.mpf_cache
2026-01-12 23:04:00,904 : INFO : ConfigProcessor : Loading config from cache: C:\Users\sdona\AppData\Local\Temp\cba807ea4a81180f6dd01afffacec8ed.mpf_cache
2026-01-12 23:04:00,905 : INFO : ConfigProcessor : Loading config from cache: C:\Users\sdona\AppData\Local\Temp\1ea2aa0876194c7260510f0845fe4bfe.mpf_cache
2026-01-12 23:04:00,906 : INFO : ConfigProcessor : Loading config from cache: C:\Users\sdona\AppData\Local\Temp\a173d53041ed6761e8719c2951eee9e5.mpf_cache
2026-01-12 23:04:00,907 : INFO : ConfigProcessor : Loading config from cache: C:\Users\sdona\AppData\Local\Temp\f071e720e1ef2a753ced60502153911a.mpf_cache
2026-01-12 23:04:00,907 : INFO : ConfigProcessor : Loading config from cache: C:\Users\sdona\AppData\Local\Temp\a464c65b0880a71dbe3e02b1f7271abd.mpf_cache
2026-01-12 23:04:00,909 : INFO : ConfigProcessor : Loading config from cache: C:\Users\sdona\AppData\Local\Temp\b4bf5fa77bdb26872f42159f572a3499.mpf_cache
2026-01-12 23:04:00,910 : INFO : ConfigProcessor : Loading config from cache: C:\Users\sdona\AppData\Local\Temp\cd6f6abb19272a94675a232f8f899ac9.mpf_cache
2026-01-12 23:04:00,911 : INFO : ConfigProcessor : Loading config from cache: C:\Users\sdona\AppData\Local\Temp\5c997126cef538283363f6706780c8e5.mpf_cache
2026-01-12 23:04:00,911 : INFO : ConfigProcessor : Loading config from cache: C:\Users\sdona\AppData\Local\Temp\51c405745738281c3f5e2edc082329f1.mpf_cache
2026-01-12 23:04:00,912 : INFO : ConfigProcessor : Loading config from cache: C:\Users\sdona\AppData\Local\Temp\cbc61a9ec21d345237ebbced62572970.mpf_cache
2026-01-12 23:04:00,913 : INFO : ConfigProcessor : Loading config from cache: C:\Users\sdona\AppData\Local\Temp\c25e7c71bc90546538d4e68911be6658.mpf_cache
2026-01-12 23:04:00,914 : INFO : ConfigProcessor : Loading config from cache: C:\Users\sdona\AppData\Local\Temp\b7a51086f1e3c926b3977a0d025a1faa.mpf_cache
2026-01-12 23:04:00,914 : INFO : ConfigProcessor : Loading config from cache: C:\Users\sdona\AppData\Local\Temp\479eb3ca656e084fa2e092204a5b8039.mpf_cache
2026-01-12 23:04:00,916 : INFO : ConfigProcessor : Loading config from cache: C:\Users\sdona\AppData\Local\Temp\bdb81eccbf19551abd8bea5fafeca7c0.mpf_cache
2026-01-12 23:04:00,917 : INFO : ConfigProcessor : Loading config from cache: C:\Users\sdona\AppData\Local\Temp\8f065719b93e886777277178babee650.mpf_cache
2026-01-12 23:04:00,918 : INFO : ConfigProcessor : Loading config from cache: C:\Users\sdona\AppData\Local\Temp\7fef0463a0df344c3146c845257ec616.mpf_cache
2026-01-12 23:04:00,918 : INFO : ConfigProcessor : Loading config from cache: C:\Users\sdona\AppData\Local\Temp\a4f333ad36a077996c49298642b6bdcf.mpf_cache
2026-01-12 23:04:00,919 : INFO : ConfigProcessor : Loading config from cache: C:\Users\sdona\AppData\Local\Temp\e8d69d74f27089cda2650299e9916804.mpf_cache
2026-01-12 23:04:00,920 : INFO : ConfigProcessor : Loading config from cache: C:\Users\sdona\AppData\Local\Temp\05530f35bd950f18d27d3fd571d96823.mpf_cache
2026-01-12 23:04:00,921 : INFO : ConfigProcessor : Loading config from cache: C:\Users\sdona\AppData\Local\Temp\fc1e3f85304c911eb844eb65d36e61be.mpf_cache
2026-01-12 23:04:00,922 : INFO : ConfigProcessor : Loading config from cache: C:\Users\sdona\AppData\Local\Temp\53223d3922288729ee504c1b2a98bb55.mpf_cache
2026-01-12 23:04:00,923 : INFO : ConfigProcessor : Loading config from cache: C:\Users\sdona\AppData\Local\Temp\8d20136ddb274338050d1d1ccc1a5e4f.mpf_cache
2026-01-12 23:04:00,923 : INFO : ConfigProcessor : Loading config from cache: C:\Users\sdona\AppData\Local\Temp\1254d50720d6d5d0da0e84e29cdbaa7a.mpf_cache
2026-01-12 23:04:00,925 : INFO : ConfigProcessor : Loading config from cache: C:\Users\sdona\AppData\Local\Temp\1a7ae31e9f779b1261e3d1eee1831b27.mpf_cache
2026-01-12 23:04:00,926 : WARNING : ConfigProcessor : Config file in cache changed: C:\venv\mpf\mmmdrop\modes\tripletrouble\shows\.\tripletrouble_final_shot.yaml
2026-01-12 23:04:00,926 : INFO : ConfigProcessor : Loading config from file C:\venv\mpf\mmmdrop\modes\tripletrouble\shows\.\tripletrouble_final_shot.yaml.
2026-01-12 23:04:00,927 : INFO : ConfigProcessor : Loading config: C:\venv\mpf\mmmdrop\modes\tripletrouble\shows\.\tripletrouble_final_shot.yaml
2026-01-12 23:04:00,928 : INFO : ConfigProcessor : Config file cache created: C:\Users\sdona\AppData\Local\Temp\8e3ea42c38f2105e0d9462648474c540.mpf_cache
2026-01-12 23:04:00,928 : INFO : ConfigProcessor : Loading config from cache: C:\Users\sdona\AppData\Local\Temp\a61b86d39bcc5a5ea0a5885549542355.mpf_cache
2026-01-12 23:04:00,929 : INFO : ConfigProcessor : Loading config from cache: C:\Users\sdona\AppData\Local\Temp\0be197154604f4b199c224fe0066296a.mpf_cache
2026-01-12 23:04:00,931 : INFO : ConfigProcessor : Loading config from cache: C:\Users\sdona\AppData\Local\Temp\8be1835d379617cb3def36e5084020f6.mpf_cache
2026-01-12 23:04:00,932 : INFO : ConfigProcessor : Loading config from cache: C:\Users\sdona\AppData\Local\Temp\600d86d9f0ce58b92a4c456466b707cc.mpf_cache
2026-01-12 23:04:00,933 : INFO : ConfigProcessor : Loading config from cache: C:\Users\sdona\AppData\Local\Temp\3b8a30babd008550b0699281f52ed27a.mpf_cache
2026-01-12 23:04:00,934 : INFO : ConfigProcessor : Loading config from cache: C:\Users\sdona\AppData\Local\Temp\1605f6efa0d082cac196fbacc374bc42.mpf_cache
2026-01-12 23:04:00,934 : INFO : ConfigProcessor : Loading config from cache: C:\Users\sdona\AppData\Local\Temp\7e2767447a32b13b699b93d64e0ad4e1.mpf_cache
2026-01-12 23:04:00,935 : INFO : ConfigProcessor : Loading config from cache: C:\Users\sdona\AppData\Local\Temp\2afc3d032f598172139245ac02c70f84.mpf_cache
2026-01-12 23:04:00,937 : INFO : ConfigProcessor : Loading config from cache: C:\Users\sdona\AppData\Local\Temp\ec387031d703ca01cd1e512f54ea45a6.mpf_cache
2026-01-12 23:04:00,937 : INFO : ConfigProcessor : Loading config from cache: C:\Users\sdona\AppData\Local\Temp\6060c5cf25a8bbaedfcd18b580aef368.mpf_cache
2026-01-12 23:04:00,939 : INFO : ConfigProcessor : Loading config from cache: C:\Users\sdona\AppData\Local\Temp\62ef5d872b70fca48f955a2e25312807.mpf_cache
2026-01-12 23:04:00,939 : INFO : ConfigProcessor : Loading config from cache: C:\Users\sdona\AppData\Local\Temp\c52aca253ccfb6abe708ff6ee9d67c14.mpf_cache
2026-01-12 23:04:00,940 : INFO : ConfigProcessor : Loading config from cache: C:\Users\sdona\AppData\Local\Temp\f4a78d1a7bce952f8a932d586083fdd8.mpf_cache
2026-01-12 23:04:00,941 : INFO : ConfigProcessor : Loading config from cache: C:\Users\sdona\AppData\Local\Temp\bb94c9c1e15d87765c90f1ffc77705c9.mpf_cache
2026-01-12 23:04:00,943 : INFO : ConfigProcessor : Loading config from cache: C:\Users\sdona\AppData\Local\Temp\9d4ee1bead7c17d1b5b361b9a86c5113.mpf_cache
2026-01-12 23:04:00,944 : INFO : ConfigProcessor : Loading config from cache: C:\Users\sdona\AppData\Local\Temp\9eeb681ca391f55fc1b328483a35afc6.mpf_cache
2026-01-12 23:04:00,944 : INFO : ConfigProcessor : Loading config from cache: C:\Users\sdona\AppData\Local\Temp\019a5133c8eb0a0be84c7200575a8bf2.mpf_cache
2026-01-12 23:04:00,946 : INFO : ConfigProcessor : Loading config from cache: C:\Users\sdona\AppData\Local\Temp\ce0801e7c3c55e24fe9cf2e243ba629e.mpf_cache
2026-01-12 23:04:00,946 : INFO : ConfigProcessor : Loading config from cache: C:\Users\sdona\AppData\Local\Temp\1ecbcaf9f778e10bebb5864384a052b1.mpf_cache
2026-01-12 23:04:00,948 : INFO : ConfigProcessor : Loading config from cache: C:\Users\sdona\AppData\Local\Temp\9b344eb280fe382fefe59edea2f1176a.mpf_cache
2026-01-12 23:04:00,949 : INFO : ConfigProcessor : Loading config from cache: C:\Users\sdona\AppData\Local\Temp\ac821f52899dc68030dd952fdacc88a6.mpf_cache
2026-01-12 23:04:00,949 : INFO : ConfigProcessor : Loading config from cache: C:\Users\sdona\AppData\Local\Temp\6ba912a63b7c348f0f92fd7751916e09.mpf_cache
2026-01-12 23:04:00,950 : INFO : ConfigProcessor : Loading config from cache: C:\Users\sdona\AppData\Local\Temp\dd9dffa1d18960178033f021f1e04e5f.mpf_cache
2026-01-12 23:04:00,951 : INFO : ConfigProcessor : Loading config from cache: C:\Users\sdona\AppData\Local\Temp\5405df938f7ef9af99b1c654cacd899d.mpf_cache
2026-01-12 23:04:00,952 : INFO : ConfigProcessor : Loading config from cache: C:\Users\sdona\AppData\Local\Temp\856582d286ed2569cf4ebe5e0a18a6ab.mpf_cache
2026-01-12 23:04:00,954 : INFO : Machine : Mission Pinball Framework Core Engine v0.80.0.dev9
2026-01-12 23:04:00,954 : INFO : Machine : Command line arguments: {'no_load_cache': False, 'create_config_cache': True, 'bcp': True, 'configfile': ['config.yaml'], 'force_assets_load': False, 'platform_integration_test': False, 'jsonlogging': False, 'logfile': 'logs\\2026-01-12-23-04-00-mpf-PinballLaptop.log', 'pause': False, 'production': False, 'text_ui': True, 'loglevel': 15, 'consoleloglevel': 20, 'force_platform': 'smart_virtual', 'syslog_address': None, 'full_logfile_path': 'C:\\venv\\mpf\\mmmdrop\\logs\\2026-01-12-23-04-00-mpf-PinballLaptop.log'}
2026-01-12 23:04:00,954 : INFO : Machine : MPF path: c:\venv\mpf\lib\site-packages\mpf
2026-01-12 23:04:00,954 : INFO : Machine : Machine path: C:\venv\mpf\mmmdrop
2026-01-12 23:04:00,954 : INFO : Machine : Platform: win32
2026-01-12 23:04:00,954 : INFO : Machine : Python executable location: c:\venv\mpf\Scripts\python.exe
2026-01-12 23:04:00,954 : INFO : Machine : Python version: 3.9.13 (64-bit)
2026-01-12 23:04:00,956 : INFO : Machine : Initializing MPF...
2026-01-12 23:04:01,266 : INFO : EventManager : Event: ======'machine_var_credits_string'====== Args={'value': 'FREE PLAY', 'prev_value': None, 'change': True}
2026-01-12 23:04:01,309 : INFO : EventManager : Event: ======'machine_var_fast_audio_headphones_volume'====== Args={'value': 10, 'prev_value': None, 'change': True}
2026-01-12 23:04:01,309 : INFO : EventManager : Event: ======'machine_var_fast_audio_main_volume'====== Args={'value': 44, 'prev_value': None, 'change': True}
2026-01-12 23:04:01,310 : INFO : EventManager : Event: ======'machine_var_master_volume'====== Args={'value': 0.65, 'prev_value': None, 'change': True}
2026-01-12 23:04:01,310 : INFO : EventManager : Event: ======'machine_var_player1_score'====== Args={'value': 5006660, 'prev_value': None, 'change': True}
2026-01-12 23:04:01,310 : INFO : EventManager : Event: ======'machine_var_game_just_played'====== Args={'value': 0, 'prev_value': None, 'change': True}
2026-01-12 23:04:01,310 : INFO : EventManager : Event: ======'machine_var_mpf_version'====== Args={'value': 'Mission Pinball Framework v0.80.0.dev9', 'prev_value': None, 'change': True}
2026-01-12 23:04:01,310 : INFO : EventManager : Event: ======'machine_var_mpf_extended_version'====== Args={'value': 'Mission Pinball Framework v0.80.0.dev9, Config version:6, Show version: 6, BCP version:1.1', 'prev_value': None, 'change': True}
2026-01-12 23:04:01,310 : INFO : EventManager : Event: ======'machine_var_python_version'====== Args={'value': '3.9.13', 'prev_value': None, 'change': True}
2026-01-12 23:04:01,351 : INFO : EventManager : Event: ======'machine_var_platform'====== Args={'value': 'Windows-10-10.0.26200-SP0', 'prev_value': None, 'change': True}
2026-01-12 23:04:01,351 : INFO : EventManager : Event: ======'machine_var_platform_system'====== Args={'value': 'Windows', 'prev_value': None, 'change': True}
2026-01-12 23:04:01,351 : INFO : EventManager : Event: ======'machine_var_platform_release'====== Args={'value': '10', 'prev_value': None, 'change': True}
2026-01-12 23:04:01,351 : INFO : EventManager : Event: ======'machine_var_platform_version'====== Args={'value': '10.0.26200', 'prev_value': None, 'change': True}
2026-01-12 23:04:01,351 : INFO : EventManager : Event: ======'machine_var_platform_machine'====== Args={'value': 'AMD64', 'prev_value': None, 'change': True}
2026-01-12 23:04:01,351 : INFO : EventManager : Event: ======'machine_var_log_file_path'====== Args={'value': 'C:\\venv\\mpf\\mmmdrop\\logs\\2026-01-12-23-04-00-mpf-PinballLaptop.log', 'prev_value': None, 'change': True}
2026-01-12 23:04:01,351 : INFO : EventManager : Event: ======'init_phase_1'====== Args={}
2026-01-12 23:04:01,472 : INFO : EventManager : Event: ======'drop_target_bank_three_bank_up'====== Args={}
2026-01-12 23:04:01,474 : INFO : EventManager : Event: ======'init_phase_2'====== Args={}
2026-01-12 23:04:01,474 : INFO : SwitchController : Found active switch: ('3208-0', <Platform.SmartVirtual>) <switch.s_trough1>
2026-01-12 23:04:01,474 : INFO : SwitchController : Found active switch: ('3208-1', <Platform.SmartVirtual>) <switch.s_trough2>
2026-01-12 23:04:01,474 : INFO : SwitchController : Found active switch: ('3208-2', <Platform.SmartVirtual>) <switch.s_trough3>
2026-01-12 23:04:01,474 : INFO : SwitchController : Found active switch: ('3208-3', <Platform.SmartVirtual>) <switch.s_trough4>
2026-01-12 23:04:01,476 : INFO : SwitchController : Found active switch: ('3208-4', <Platform.SmartVirtual>) <switch.s_trough5>
2026-01-12 23:04:01,476 : INFO : SwitchController : Found active switch: ('3208-5', <Platform.SmartVirtual>) <switch.s_trough6>
2026-01-12 23:04:01,567 : INFO : EventManager : Event: ======'bcp_connection_attempt'====== Args={'name': 'local_display', 'host': 'localhost', 'port': 5050}
2026-01-12 23:04:01,569 : INFO : BCPClientSocket : Connecting BCP to 'local_display' at localhost:5050...
2026-01-12 23:04:06,253 : INFO : BCPClientSocket : Connected BCP to 'local_display' localhost:5050
2026-01-12 23:04:06,254 : INFO : EventManager : Event: ======'bcp_clients_connected'====== Args={}
2026-01-12 23:04:06,454 : INFO : ball_device.bd_trough : BCH: Initial count: 6
2026-01-12 23:04:06,455 : INFO : ball_device.bd_trough : State: idle
2026-01-12 23:04:06,455 : INFO : ball_device.bd_plunger : BCH: Initial count: 0
2026-01-12 23:04:06,455 : INFO : ball_device.bd_plunger : State: idle
2026-01-12 23:04:06,455 : INFO : ball_device.bd_scoop : BCH: Initial count: 0
2026-01-12 23:04:06,456 : INFO : ball_device.bd_scoop : State: idle
2026-01-12 23:04:06,477 : INFO : EventManager : Event: ======'init_phase_3'====== Args={}
2026-01-12 23:04:06,531 : INFO : EventManager : Event: ======'init_phase_4'====== Args={}
2026-01-12 23:04:06,532 : INFO : BallController : Initial balls found: 6
2026-01-12 23:04:06,534 : INFO : EventManager : Event: ======'machine_var_audits_events_game_ended'====== Args={'value': 64, 'prev_value': None, 'change': True}
2026-01-12 23:04:06,534 : INFO : EventManager : Event: ======'machine_var_audits_events_game_started'====== Args={'value': 915, 'prev_value': None, 'change': True}
2026-01-12 23:04:06,534 : INFO : EventManager : Event: ======'machine_var_audits_missing_switches_s_captive_ball'====== Args={'value': 5, 'prev_value': None, 'change': True}
2026-01-12 23:04:06,534 : INFO : EventManager : Event: ======'machine_var_audits_missing_switches_s_center_upper_pop'====== Args={'value': 56, 'prev_value': None, 'change': True}
2026-01-12 23:04:06,535 : INFO : EventManager : Event: ======'machine_var_audits_missing_switches_s_inner_orbit'====== Args={'value': 15, 'prev_value': None, 'change': True}
2026-01-12 23:04:06,535 : INFO : EventManager : Event: ======'machine_var_audits_missing_switches_s_left_flipper'====== Args={'value': 5, 'prev_value': None, 'change': True}
2026-01-12 23:04:06,535 : INFO : EventManager : Event: ======'machine_var_audits_missing_switches_s_left_inlane'====== Args={'value': 9, 'prev_value': None, 'change': True}
2026-01-12 23:04:06,535 : INFO : EventManager : Event: ======'machine_var_audits_missing_switches_s_left_orbit'====== Args={'value': 5, 'prev_value': None, 'change': True}
2026-01-12 23:04:06,535 : INFO : EventManager : Event: ======'machine_var_audits_missing_switches_s_left_outlane'====== Args={'value': 81, 'prev_value': None, 'change': True}
2026-01-12 23:04:06,535 : INFO : EventManager : Event: ======'machine_var_audits_missing_switches_s_left_slingshot'====== Args={'value': 153, 'prev_value': None, 'change': True}
2026-01-12 23:04:06,535 : INFO : EventManager : Event: ======'machine_var_audits_missing_switches_s_left_upper_pop'====== Args={'value': 56, 'prev_value': None, 'change': True}
2026-01-12 23:04:06,537 : INFO : EventManager : Event: ======'machine_var_audits_missing_switches_s_pop_standup'====== Args={'value': 6, 'prev_value': None, 'change': True}
2026-01-12 23:04:06,537 : INFO : EventManager : Event: ======'machine_var_audits_missing_switches_s_right_flipper'====== Args={'value': 5, 'prev_value': None, 'change': True}
2026-01-12 23:04:06,537 : INFO : EventManager : Event: ======'machine_var_audits_missing_switches_s_right_inlane'====== Args={'value': 81, 'prev_value': None, 'change': True}
2026-01-12 23:04:06,537 : INFO : EventManager : Event: ======'machine_var_audits_missing_switches_s_right_lower_pop'====== Args={'value': 1, 'prev_value': None, 'change': True}
2026-01-12 23:04:06,537 : INFO : EventManager : Event: ======'machine_var_audits_missing_switches_s_right_orbit'====== Args={'value': 5, 'prev_value': None, 'change': True}
2026-01-12 23:04:06,537 : INFO : EventManager : Event: ======'machine_var_audits_missing_switches_s_right_outlane'====== Args={'value': 225, 'prev_value': None, 'change': True}
2026-01-12 23:04:06,537 : INFO : EventManager : Event: ======'machine_var_audits_missing_switches_s_right_ramp'====== Args={'value': 5, 'prev_value': None, 'change': True}
2026-01-12 23:04:06,537 : INFO : EventManager : Event: ======'machine_var_audits_missing_switches_s_right_slingshot'====== Args={'value': 691, 'prev_value': None, 'change': True}
2026-01-12 23:04:06,537 : INFO : EventManager : Event: ======'machine_var_audits_missing_switches_s_scoop'====== Args={'value': 1, 'prev_value': None, 'change': True}
2026-01-12 23:04:06,537 : INFO : EventManager : Event: ======'machine_var_audits_missing_switches_s_service_down'====== Args={'value': 560, 'prev_value': None, 'change': True}
2026-01-12 23:04:06,537 : INFO : EventManager : Event: ======'machine_var_audits_missing_switches_s_service_enter'====== Args={'value': 309, 'prev_value': None, 'change': True}
2026-01-12 23:04:06,538 : INFO : EventManager : Event: ======'machine_var_audits_missing_switches_s_service_esc'====== Args={'value': 560, 'prev_value': None, 'change': True}
2026-01-12 23:04:06,538 : INFO : EventManager : Event: ======'machine_var_audits_missing_switches_s_service_up'====== Args={'value': 128, 'prev_value': None, 'change': True}
2026-01-12 23:04:06,538 : INFO : EventManager : Event: ======'machine_var_audits_missing_switches_s_spinner'====== Args={'value': 6, 'prev_value': None, 'change': True}
2026-01-12 23:04:06,538 : INFO : EventManager : Event: ======'machine_var_audits_missing_switches_s_start'====== Args={'value': 59, 'prev_value': None, 'change': True}
2026-01-12 23:04:06,538 : INFO : EventManager : Event: ======'machine_var_audits_missing_switches_s_tilt_bob'====== Args={'value': 3, 'prev_value': None, 'change': True}
2026-01-12 23:04:06,538 : INFO : EventManager : Event: ======'machine_var_audits_missing_switches_s_top_right_flipper'====== Args={'value': 841, 'prev_value': None, 'change': True}
2026-01-12 23:04:06,538 : INFO : EventManager : Event: ======'machine_var_audits_missing_switches_s_trough1'====== Args={'value': 1, 'prev_value': None, 'change': True}
2026-01-12 23:04:06,538 : INFO : EventManager : Event: ======'machine_var_audits_missing_switches_s_trough2'====== Args={'value': 5, 'prev_value': None, 'change': True}
2026-01-12 23:04:06,538 : INFO : EventManager : Event: ======'machine_var_audits_missing_switches_s_trough3'====== Args={'value': 5, 'prev_value': None, 'change': True}
2026-01-12 23:04:06,538 : INFO : EventManager : Event: ======'machine_var_audits_missing_switches_s_trough4'====== Args={'value': 73, 'prev_value': None, 'change': True}
2026-01-12 23:04:06,538 : INFO : EventManager : Event: ======'machine_var_audits_missing_switches_s_trough5'====== Args={'value': 158, 'prev_value': None, 'change': True}
2026-01-12 23:04:06,538 : INFO : EventManager : Event: ======'machine_var_audits_missing_switches_s_trough6'====== Args={'value': 690, 'prev_value': None, 'change': True}
2026-01-12 23:04:06,539 : INFO : EventManager : Event: ======'machine_var_audits_missing_switches_s_trough_jam'====== Args={'value': 841, 'prev_value': None, 'change': True}
2026-01-12 23:04:06,539 : INFO : EventManager : Event: ======'machine_var_audits_missing_switches_s_tshirt_bottom_standup'====== Args={'value': 13, 'prev_value': None, 'change': True}
2026-01-12 23:04:06,539 : INFO : EventManager : Event: ======'machine_var_audits_missing_switches_s_tshirt_top_standup'====== Args={'value': 13, 'prev_value': None, 'change': True}
2026-01-12 23:04:06,539 : INFO : EventManager : Event: ======'machine_var_audits_missing_switches_s_upper_pop_standup'====== Args={'value': 109, 'prev_value': None, 'change': True}
2026-01-12 23:04:06,539 : INFO : EventManager : Event: ======'machine_var_audits_missing_switches_service_esc'====== Args={'value': 1, 'prev_value': None, 'change': True}
2026-01-12 23:04:06,539 : INFO : EventManager : Event: ======'machine_var_audits_player_score'====== Args={'value': {'average': 11395218, 'top': [179589170, 147275560, 142237180, 85092890, 38155360, 32035610, 25030460, 20034230, 6617180, 6038970], 'total': 68}, 'prev_value': None, 'change': True}
2026-01-12 23:04:06,539 : INFO : EventManager : Event: ======'machine_var_audits_shots_bottom_drop'====== Args={'value': 167, 'prev_value': None, 'change': True}
2026-01-12 23:04:06,540 : INFO : EventManager : Event: ======'machine_var_audits_shots_captive_ball'====== Args={'value': 88, 'prev_value': None, 'change': True}
2026-01-12 23:04:06,540 : INFO : EventManager : Event: ======'machine_var_audits_shots_inner_loop'====== Args={'value': 81, 'prev_value': None, 'change': True}
2026-01-12 23:04:06,540 : INFO : EventManager : Event: ======'machine_var_audits_shots_inner_loop_backdoor'====== Args={'value': 1, 'prev_value': None, 'change': True}
2026-01-12 23:04:06,540 : INFO : EventManager : Event: ======'machine_var_audits_shots_left_inlane'====== Args={'value': 40, 'prev_value': None, 'change': True}
2026-01-12 23:04:06,540 : INFO : EventManager : Event: ======'machine_var_audits_shots_left_orbit'====== Args={'value': 157, 'prev_value': None, 'change': True}
2026-01-12 23:04:06,540 : INFO : EventManager : Event: ======'machine_var_audits_shots_left_orbit_backdoor'====== Args={'value': 11, 'prev_value': None, 'change': True}
2026-01-12 23:04:06,540 : INFO : EventManager : Event: ======'machine_var_audits_shots_left_outlane'====== Args={'value': 31, 'prev_value': None, 'change': True}
2026-01-12 23:04:06,540 : INFO : EventManager : Event: ======'machine_var_audits_shots_left_ramp'====== Args={'value': 470, 'prev_value': None, 'change': True}
2026-01-12 23:04:06,540 : INFO : EventManager : Event: ======'machine_var_audits_shots_middle_drop'====== Args={'value': 187, 'prev_value': None, 'change': True}
2026-01-12 23:04:06,540 : INFO : EventManager : Event: ======'machine_var_audits_shots_pop1'====== Args={'value': 38, 'prev_value': None, 'change': True}
2026-01-12 23:04:06,540 : INFO : EventManager : Event: ======'machine_var_audits_shots_pop2'====== Args={'value': 77, 'prev_value': None, 'change': True}
2026-01-12 23:04:06,540 : INFO : EventManager : Event: ======'machine_var_audits_shots_pop3'====== Args={'value': 1015, 'prev_value': None, 'change': True}
2026-01-12 23:04:06,542 : INFO : EventManager : Event: ======'machine_var_audits_shots_pop_standup'====== Args={'value': 491, 'prev_value': None, 'change': True}
2026-01-12 23:04:06,542 : INFO : EventManager : Event: ======'machine_var_audits_shots_right_inlane'====== Args={'value': 36, 'prev_value': None, 'change': True}
2026-01-12 23:04:06,542 : INFO : EventManager : Event: ======'machine_var_audits_shots_right_orbit'====== Args={'value': 159, 'prev_value': None, 'change': True}
2026-01-12 23:04:06,542 : INFO : EventManager : Event: ======'machine_var_audits_shots_right_orbit_backdoor'====== Args={'value': 5, 'prev_value': None, 'change': True}
2026-01-12 23:04:06,542 : INFO : EventManager : Event: ======'machine_var_audits_shots_right_outlane'====== Args={'value': 22, 'prev_value': None, 'change': True}
2026-01-12 23:04:06,542 : INFO : EventManager : Event: ======'machine_var_audits_shots_right_ramp'====== Args={'value': 739, 'prev_value': None, 'change': True}
2026-01-12 23:04:06,542 : INFO : EventManager : Event: ======'machine_var_audits_shots_scoop'====== Args={'value': 637, 'prev_value': None, 'change': True}
2026-01-12 23:04:06,542 : INFO : EventManager : Event: ======'machine_var_audits_shots_skill_captive'====== Args={'value': 16, 'prev_value': None, 'change': True}
2026-01-12 23:04:06,542 : INFO : EventManager : Event: ======'machine_var_audits_shots_skill_drop_targets'====== Args={'value': 240, 'prev_value': None, 'change': True}
2026-01-12 23:04:06,543 : INFO : EventManager : Event: ======'machine_var_audits_shots_skill_side_targets'====== Args={'value': 27, 'prev_value': None, 'change': True}
2026-01-12 23:04:06,543 : INFO : EventManager : Event: ======'machine_var_audits_shots_skillshot_drop_targets'====== Args={'value': 483, 'prev_value': None, 'change': True}
2026-01-12 23:04:06,543 : INFO : EventManager : Event: ======'machine_var_audits_shots_skillshot_hideout_plunge'====== Args={'value': 1, 'prev_value': None, 'change': True}
2026-01-12 23:04:06,543 : INFO : EventManager : Event: ======'machine_var_audits_shots_skillshot_left_outlane'====== Args={'value': 3, 'prev_value': None, 'change': True}
2026-01-12 23:04:06,543 : INFO : EventManager : Event: ======'machine_var_audits_shots_skillshot_side_targets'====== Args={'value': 9, 'prev_value': None, 'change': True}
2026-01-12 23:04:06,543 : INFO : EventManager : Event: ======'machine_var_audits_shots_skillshot_super'====== Args={'value': 5, 'prev_value': None, 'change': True}
2026-01-12 23:04:06,543 : INFO : EventManager : Event: ======'machine_var_audits_shots_spinner'====== Args={'value': 2319, 'prev_value': None, 'change': True}
2026-01-12 23:04:06,543 : INFO : EventManager : Event: ======'machine_var_audits_shots_three_bank_standup'====== Args={'value': 87, 'prev_value': None, 'change': True}
2026-01-12 23:04:06,544 : INFO : EventManager : Event: ======'machine_var_audits_shots_toomanyrappers_captiveball'====== Args={'value': 3, 'prev_value': None, 'change': True}
2026-01-12 23:04:06,544 : INFO : EventManager : Event: ======'machine_var_audits_shots_toomanyrappers_leftorbit'====== Args={'value': 8, 'prev_value': None, 'change': True}
2026-01-12 23:04:06,544 : INFO : EventManager : Event: ======'machine_var_audits_shots_toomanyrappers_leftramp'====== Args={'value': 1, 'prev_value': None, 'change': True}
2026-01-12 23:04:06,544 : INFO : EventManager : Event: ======'machine_var_audits_shots_toomanyrappers_rightorbit'====== Args={'value': 26, 'prev_value': None, 'change': True}
2026-01-12 23:04:06,544 : INFO : EventManager : Event: ======'machine_var_audits_shots_toomanyrappers_rightramp'====== Args={'value': 62, 'prev_value': None, 'change': True}
2026-01-12 23:04:06,544 : INFO : EventManager : Event: ======'machine_var_audits_shots_toomanyrappers_scoop'====== Args={'value': 22, 'prev_value': None, 'change': True}
2026-01-12 23:04:06,544 : INFO : EventManager : Event: ======'machine_var_audits_shots_top_drop'====== Args={'value': 537, 'prev_value': None, 'change': True}
2026-01-12 23:04:06,544 : INFO : EventManager : Event: ======'machine_var_audits_shots_tshirt_bottom_standup'====== Args={'value': 116, 'prev_value': None, 'change': True}
2026-01-12 23:04:06,544 : INFO : EventManager : Event: ======'machine_var_audits_shots_tshirt_top_standup'====== Args={'value': 119, 'prev_value': None, 'change': True}
2026-01-12 23:04:06,545 : INFO : EventManager : Event: ======'machine_var_audits_shots_upper_pop_standup'====== Args={'value': 38, 'prev_value': None, 'change': True}
2026-01-12 23:04:06,545 : INFO : EventManager : Event: ======'machine_var_audits_switches_s_captive_ball'====== Args={'value': 295, 'prev_value': None, 'change': True}
2026-01-12 23:04:06,545 : INFO : EventManager : Event: ======'machine_var_audits_switches_s_center_upper_pop'====== Args={'value': 314, 'prev_value': None, 'change': True}
2026-01-12 23:04:06,545 : INFO : EventManager : Event: ======'machine_var_audits_switches_s_inner_orbit'====== Args={'value': 94, 'prev_value': None, 'change': True}
2026-01-12 23:04:06,545 : INFO : EventManager : Event: ======'machine_var_audits_switches_s_left_flipper'====== Args={'value': 1625, 'prev_value': None, 'change': True}
2026-01-12 23:04:06,545 : INFO : EventManager : Event: ======'machine_var_audits_switches_s_left_inlane'====== Args={'value': 151, 'prev_value': None, 'change': True}
2026-01-12 23:04:06,545 : INFO : EventManager : Event: ======'machine_var_audits_switches_s_left_orbit'====== Args={'value': 343, 'prev_value': None, 'change': True}
2026-01-12 23:04:06,545 : INFO : EventManager : Event: ======'machine_var_audits_switches_s_left_outlane'====== Args={'value': 88, 'prev_value': None, 'change': True}
2026-01-12 23:04:06,546 : INFO : EventManager : Event: ======'machine_var_audits_switches_s_left_ramp'====== Args={'value': 610, 'prev_value': None, 'change': True}
2026-01-12 23:04:06,546 : INFO : EventManager : Event: ======'machine_var_audits_switches_s_left_slingshot'====== Args={'value': 260, 'prev_value': None, 'change': True}
2026-01-12 23:04:06,546 : INFO : EventManager : Event: ======'machine_var_audits_switches_s_left_upper_pop'====== Args={'value': 211, 'prev_value': None, 'change': True}
2026-01-12 23:04:06,546 : INFO : EventManager : Event: ======'machine_var_audits_switches_s_plunger'====== Args={'value': 2014, 'prev_value': None, 'change': True}
2026-01-12 23:04:06,546 : INFO : EventManager : Event: ======'machine_var_audits_switches_s_pop_standup'====== Args={'value': 615, 'prev_value': None, 'change': True}
2026-01-12 23:04:06,546 : INFO : EventManager : Event: ======'machine_var_audits_switches_s_right_flipper'====== Args={'value': 2535, 'prev_value': None, 'change': True}
2026-01-12 23:04:06,546 : INFO : EventManager : Event: ======'machine_var_audits_switches_s_right_inlane'====== Args={'value': 144, 'prev_value': None, 'change': True}
2026-01-12 23:04:06,546 : INFO : EventManager : Event: ======'machine_var_audits_switches_s_right_lower_pop'====== Args={'value': 1789, 'prev_value': None, 'change': True}
2026-01-12 23:04:06,547 : INFO : EventManager : Event: ======'machine_var_audits_switches_s_right_orbit'====== Args={'value': 432, 'prev_value': None, 'change': True}
2026-01-12 23:04:06,547 : INFO : EventManager : Event: ======'machine_var_audits_switches_s_right_outlane'====== Args={'value': 75, 'prev_value': None, 'change': True}
2026-01-12 23:04:06,547 : INFO : EventManager : Event: ======'machine_var_audits_switches_s_right_ramp'====== Args={'value': 903, 'prev_value': None, 'change': True}
2026-01-12 23:04:06,547 : INFO : EventManager : Event: ======'machine_var_audits_switches_s_right_slingshot'====== Args={'value': 366, 'prev_value': None, 'change': True}
2026-01-12 23:04:06,547 : INFO : EventManager : Event: ======'machine_var_audits_switches_s_scoop'====== Args={'value': 982, 'prev_value': None, 'change': True}
2026-01-12 23:04:06,547 : INFO : EventManager : Event: ======'machine_var_audits_switches_s_service_down'====== Args={'value': 0, 'prev_value': None, 'change': True}
2026-01-12 23:04:06,547 : INFO : EventManager : Event: ======'machine_var_audits_switches_s_service_enter'====== Args={'value': 1, 'prev_value': None, 'change': True}
2026-01-12 23:04:06,548 : INFO : EventManager : Event: ======'machine_var_audits_switches_s_service_esc'====== Args={'value': 0, 'prev_value': None, 'change': True}
2026-01-12 23:04:06,548 : INFO : EventManager : Event: ======'machine_var_audits_switches_s_service_up'====== Args={'value': 3, 'prev_value': None, 'change': True}
2026-01-12 23:04:06,548 : INFO : EventManager : Event: ======'machine_var_audits_switches_s_spinner'====== Args={'value': 4379, 'prev_value': None, 'change': True}
2026-01-12 23:04:06,548 : INFO : EventManager : Event: ======'machine_var_audits_switches_s_start'====== Args={'value': 85, 'prev_value': None, 'change': True}
2026-01-12 23:04:06,548 : INFO : EventManager : Event: ======'machine_var_audits_switches_s_three_bank_bottom'====== Args={'value': 661, 'prev_value': None, 'change': True}
2026-01-12 23:04:06,548 : INFO : EventManager : Event: ======'machine_var_audits_switches_s_three_bank_middle'====== Args={'value': 722, 'prev_value': None, 'change': True}
2026-01-12 23:04:06,548 : INFO : EventManager : Event: ======'machine_var_audits_switches_s_three_bank_standup'====== Args={'value': 329, 'prev_value': None, 'change': True}
2026-01-12 23:04:06,548 : INFO : EventManager : Event: ======'machine_var_audits_switches_s_three_bank_top'====== Args={'value': 1076, 'prev_value': None, 'change': True}
2026-01-12 23:04:06,549 : INFO : EventManager : Event: ======'machine_var_audits_switches_s_tilt_bob'====== Args={'value': 62, 'prev_value': None, 'change': True}
2026-01-12 23:04:06,549 : INFO : EventManager : Event: ======'machine_var_audits_switches_s_top_right_flipper'====== Args={'value': 1294, 'prev_value': None, 'change': True}
2026-01-12 23:04:06,549 : INFO : EventManager : Event: ======'machine_var_audits_switches_s_trough1'====== Args={'value': 518, 'prev_value': None, 'change': True}
2026-01-12 23:04:06,549 : INFO : EventManager : Event: ======'machine_var_audits_switches_s_trough2'====== Args={'value': 378, 'prev_value': None, 'change': True}
2026-01-12 23:04:06,549 : INFO : EventManager : Event: ======'machine_var_audits_switches_s_trough3'====== Args={'value': 303, 'prev_value': None, 'change': True}
2026-01-12 23:04:06,550 : INFO : EventManager : Event: ======'machine_var_audits_switches_s_trough4'====== Args={'value': 189, 'prev_value': None, 'change': True}
2026-01-12 23:04:06,550 : INFO : EventManager : Event: ======'machine_var_audits_switches_s_trough5'====== Args={'value': 162, 'prev_value': None, 'change': True}
2026-01-12 23:04:06,550 : INFO : EventManager : Event: ======'machine_var_audits_switches_s_trough6'====== Args={'value': 161, 'prev_value': None, 'change': True}
2026-01-12 23:04:06,550 : INFO : EventManager : Event: ======'machine_var_audits_switches_s_trough_jam'====== Args={'value': 206, 'prev_value': None, 'change': True}
2026-01-12 23:04:06,550 : INFO : EventManager : Event: ======'machine_var_audits_switches_s_tshirt_bottom_standup'====== Args={'value': 168, 'prev_value': None, 'change': True}
2026-01-12 23:04:06,550 : INFO : EventManager : Event: ======'machine_var_audits_switches_s_tshirt_top_standup'====== Args={'value': 200, 'prev_value': None, 'change': True}
2026-01-12 23:04:06,550 : INFO : EventManager : Event: ======'machine_var_audits_switches_s_upper_pop_standup'====== Args={'value': 212, 'prev_value': None, 'change': True}
2026-01-12 23:04:06,550 : INFO : EventManager : Event: ======'machine_var_audits_switches_service_down'====== Args={'value': 1, 'prev_value': None, 'change': True}
2026-01-12 23:04:06,552 : INFO : EventManager : Event: ======'machine_var_audits_switches_service_enter'====== Args={'value': 2, 'prev_value': None, 'change': True}
2026-01-12 23:04:06,553 : INFO : EventManager : Event: ======'machine_var_audits_switches_service_esc'====== Args={'value': 0, 'prev_value': None, 'change': True}
2026-01-12 23:04:06,553 : INFO : EventManager : Event: ======'machine_var_audits_switches_service_up'====== Args={'value': 2, 'prev_value': None, 'change': True}
2026-01-12 23:04:06,553 : INFO : EventManager : Event: ======'init_phase_5'====== Args={}
2026-01-12 23:04:06,626 : INFO : EventManager : Event: ======'init_done'====== Args={}
2026-01-12 23:04:06,626 : INFO : EventManager : Event: ======'machine_reset_phase_1'====== Args={}
2026-01-12 23:04:06,635 : INFO : EventManager : Event: ======'machine_reset_phase_2'====== Args={}
2026-01-12 23:04:06,635 : INFO : EventManager : Event: ======'game_just_played'====== Args={'priority': 0, 'action': 'set_machine', 'int': 0}
2026-01-12 23:04:06,636 : INFO : EventManager : Event: ======'machine_reset_phase_3'====== Args={}
2026-01-12 23:04:06,636 : INFO : drop_target_bank.three_bank : All targets are already up. Will not reset bank.
2026-01-12 23:04:06,636 : INFO : EventManager : Event: ======'reset_complete'====== Args={}
2026-01-12 23:04:06,636 : INFO : EventManager : Event: ======'mode_service_will_start'====== Args={}
2026-01-12 23:04:06,638 : INFO : EventManager : Event: ======'mode_service_starting'====== Args={}
2026-01-12 23:04:06,638 : INFO : EventManager : Event: ======'mode_attract_will_start'====== Args={}
2026-01-12 23:04:06,640 : INFO : Timer.attract_intro_timer : Starting Timer.
2026-01-12 23:04:06,640 : INFO : EventManager : Event: ======'timer_attract_intro_timer_started'====== Args={'ticks': 0, 'ticks_remaining': 16}
2026-01-12 23:04:06,640 : INFO : EventManager : Event: ======'timer_attract_intro_timer_tick'====== Args={'ticks': 0, 'ticks_remaining': 16}
2026-01-12 23:04:06,646 : INFO : EventManager : Event: ======'mode_attract_starting'====== Args={}
2026-01-12 23:04:06,647 : INFO : Mode.service : Started. Priority: 100000
2026-01-12 23:04:06,647 : INFO : EventManager : Event: ======'modes_active_modes_changed'====== Args={}
2026-01-12 23:04:06,647 : INFO : EventManager : Event: ======'mode_service_started'====== Args={}
2026-01-12 23:04:06,648 : INFO : EventManager : Event: ======'logicblock_mca_sequence_updated'====== Args={'value': 0, 'enabled': True}
2026-01-12 23:04:06,648 : INFO : EventManager : Event: ======'logicblock_adr_sequence_updated'====== Args={'value': 0, 'enabled': True}
2026-01-12 23:04:06,648 : INFO : EventManager : Event: ======'logicblock_christmas_sequence_updated'====== Args={'value': 0, 'enabled': True}
2026-01-12 23:04:06,648 : INFO : EventManager : Event: ======'logicblock_mca_sequence_updated'====== Args={'value': 0, 'enabled': True}
2026-01-12 23:04:06,648 : INFO : EventManager : Event: ======'logicblock_adr_sequence_updated'====== Args={'value': 0, 'enabled': True}
2026-01-12 23:04:06,648 : INFO : EventManager : Event: ======'logicblock_christmas_sequence_updated'====== Args={'value': 0, 'enabled': True}
2026-01-12 23:04:06,649 : INFO : Mode.attract : Started. Priority: 10
2026-01-12 23:04:06,649 : INFO : EventManager : Event: ======'modes_active_modes_changed'====== Args={}
2026-01-12 23:04:06,649 : INFO : EventManager : Event: ======'mode_attract_started'====== Args={}
2026-01-12 23:04:06,649 : INFO : EventManager : Event: ======'logicblock_mca_sequence_updated'====== Args={'value': 0, 'enabled': True}
2026-01-12 23:04:06,649 : INFO : EventManager : Event: ======'logicblock_mca_sequence_updated'====== Args={'value': 0, 'enabled': True}
2026-01-12 23:04:06,649 : INFO : EventManager : Event: ======'logicblock_adr_sequence_updated'====== Args={'value': 0, 'enabled': True}
2026-01-12 23:04:06,649 : INFO : EventManager : Event: ======'logicblock_adr_sequence_updated'====== Args={'value': 0, 'enabled': True}
2026-01-12 23:04:06,649 : INFO : EventManager : Event: ======'logicblock_christmas_sequence_updated'====== Args={'value': 0, 'enabled': True}
2026-01-12 23:04:06,649 : INFO : EventManager : Event: ======'logicblock_christmas_sequence_updated'====== Args={'value': 0, 'enabled': True}
2026-01-12 23:04:06,652 : INFO : EventManager : Event: ======'timer_attract_intro_timer_tick'====== Args={'ticks': 0, 'ticks_remaining': 16}
2026-01-12 23:04:06,653 : INFO : EventManager : Event: ======'collecting_balls_complete'====== Args={}
2026-01-12 23:04:06,653 : INFO : EventManager : Event: ======'item_highlighted'====== Args={'carousel': 'attract', 'direction': None, 'item': 'mpf_logo'}
2026-01-12 23:04:06,654 : INFO : Timer.attract_carousel_timer : Starting Timer.
2026-01-12 23:04:06,654 : INFO : EventManager : Event: ======'timer_attract_carousel_timer_started'====== Args={'ticks': 0, 'ticks_remaining': 5}
2026-01-12 23:04:06,654 : INFO : EventManager : Event: ======'timer_attract_carousel_timer_tick'====== Args={'ticks': 0, 'ticks_remaining': 5}
2026-01-12 23:04:06,675 : INFO : EventManager : Event: ======'slide_loading_created'====== Args={'_from_bcp': True}
2026-01-12 23:04:06,675 : INFO : EventManager : Event: ======'slide__removed'====== Args={'_from_bcp': True}
2026-01-12 23:04:06,675 : INFO : EventManager : Event: ======'slide_loading_active'====== Args={'original_context': '_global', 'original_calling_context': 'init_done', 'priority': 0.0, 'cmd': 'slides_play', '_from_bcp': True}
2026-01-12 23:04:06,675 : INFO : Machine : Starting the main run loop with active modes: [<Mode.service>, <Mode.attract>]
2026-01-12 23:04:06,764 : INFO : EventManager : Event: ======'slide_attract_load_created'====== Args={'_from_bcp': True}
2026-01-12 23:04:06,765 : INFO : EventManager : Event: ======'slide_loading_inactive'====== Args={'is_removing': True, '_from_bcp': True}
2026-01-12 23:04:06,766 : INFO : EventManager : Event: ======'slide_attract_load_active'====== Args={'original_context': 'attract', 'original_calling_context': 'mode_attract_started{machine.game_just_played==0}', 'priority': 10.0, 'cmd': 'slides_play', '_from_bcp': True}
2026-01-12 23:04:06,766 : INFO : EventManager : Event: ======'slide_loading_removed'====== Args={'_from_bcp': True}
2026-01-12 23:04:06,834 : INFO : BcpServer : New client connected.
2026-01-12 23:04:07,633 : INFO : EventManager : Event: ======'timer_attract_carousel_timer_tick'====== Args={'ticks': 1, 'ticks_remaining': 4}
2026-01-12 23:04:07,634 : INFO : EventManager : Event: ======'timer_attract_intro_timer_tick'====== Args={'ticks': 1, 'ticks_remaining': 15}
2026-01-12 23:04:08,632 : INFO : EventManager : Event: ======'timer_attract_carousel_timer_tick'====== Args={'ticks': 2, 'ticks_remaining': 3}
2026-01-12 23:04:08,633 : INFO : EventManager : Event: ======'timer_attract_intro_timer_tick'====== Args={'ticks': 2, 'ticks_remaining': 14}
2026-01-12 23:04:09,630 : INFO : EventManager : Event: ======'timer_attract_carousel_timer_tick'====== Args={'ticks': 3, 'ticks_remaining': 2}
2026-01-12 23:04:09,630 : INFO : EventManager : Event: ======'timer_attract_intro_timer_tick'====== Args={'ticks': 3, 'ticks_remaining': 13}
2026-01-12 23:04:10,627 : INFO : EventManager : Event: ======'timer_attract_carousel_timer_tick'====== Args={'ticks': 4, 'ticks_remaining': 1}
2026-01-12 23:04:10,627 : INFO : EventManager : Event: ======'timer_attract_intro_timer_tick'====== Args={'ticks': 4, 'ticks_remaining': 12}
2026-01-12 23:04:11,628 : INFO : EventManager : Event: ======'timer_attract_intro_timer_tick'====== Args={'ticks': 5, 'ticks_remaining': 11}
2026-01-12 23:04:11,628 : INFO : Timer.attract_carousel_timer : Timer Complete
2026-01-12 23:04:11,628 : INFO : Timer.attract_carousel_timer : Stopping Timer
2026-01-12 23:04:11,629 : INFO : EventManager : Event: ======'timer_attract_carousel_timer_stopped'====== Args={'ticks': 5, 'ticks_remaining': 1}
2026-01-12 23:04:11,629 : INFO : EventManager : Event: ======'timer_attract_carousel_timer_complete'====== Args={'ticks': 5, 'ticks_remaining': 1}
2026-01-12 23:04:11,631 : INFO : EventManager : Event: ======'item_highlighted'====== Args={'carousel': 'attract', 'direction': 'forwards', 'item': 'fast_logo'}
2026-01-12 23:04:11,634 : INFO : Timer.attract_carousel_timer : Starting Timer.
2026-01-12 23:04:11,634 : INFO : EventManager : Event: ======'timer_attract_carousel_timer_started'====== Args={'ticks': 0, 'ticks_remaining': 5}
2026-01-12 23:04:11,635 : INFO : EventManager : Event: ======'timer_attract_carousel_timer_tick'====== Args={'ticks': 0, 'ticks_remaining': 5}
2026-01-12 23:04:12,636 : INFO : EventManager : Event: ======'timer_attract_carousel_timer_tick'====== Args={'ticks': 1, 'ticks_remaining': 4}
2026-01-12 23:04:12,637 : INFO : EventManager : Event: ======'timer_attract_intro_timer_tick'====== Args={'ticks': 6, 'ticks_remaining': 10}
2026-01-12 23:04:12,701 : INFO : SwitchController : <<<<<<< 's_start' active >>>>>>>
2026-01-12 23:04:12,848 : INFO : SwitchController : <<<<<<< 's_start' inactive >>>>>>>
2026-01-12 23:04:12,848 : INFO : EventManager : Event: ======'sw_start_inactive'====== Args={}
2026-01-12 23:04:12,848 : INFO : EventManager : Event: ======'request_to_start_game'====== Args={}
2026-01-12 23:04:12,851 : INFO : EventManager : Event: ======'game_start'====== Args={'buttons': [], 'hold_time': 0.15700000000651926}
2026-01-12 23:04:12,851 : INFO : EventManager : Event: ======'mode_game_will_start'====== Args={'buttons': [], 'hold_time': 0.15700000000651926}
2026-01-12 23:04:12,852 : INFO : EventManager : Event: ======'mode_game_starting'====== Args={'buttons': [], 'hold_time': 0.15700000000651926}
2026-01-12 23:04:12,852 : INFO : EventManager : Event: ======'mode_attract_will_stop'====== Args={}
2026-01-12 23:04:12,852 : INFO : EventManager : Event: ======'mode_attract_stopping'====== Args={}
2026-01-12 23:04:12,853 : INFO : Mode.game : Started. Priority: 20
2026-01-12 23:04:12,853 : INFO : EventManager : Event: ======'modes_active_modes_changed'====== Args={}
2026-01-12 23:04:12,853 : INFO : EventManager : Event: ======'mode_game_started'====== Args={'buttons': [], 'hold_time': 0.15700000000651926}
2026-01-12 23:04:12,874 : INFO : Mode.attract : Stopped.
2026-01-12 23:04:12,875 : INFO : EventManager : Event: ======'modes_active_modes_changed'====== Args={}
2026-01-12 23:04:12,876 : INFO : EventManager : Event: ======'mode_attract_stopped'====== Args={}
2026-01-12 23:04:12,876 : INFO : EventManager : Event: ======'clear'====== Args={'key': 'attract'}
2026-01-12 23:04:12,878 : INFO : Timer.christmas_attract_video_timer : Stopping Timer
2026-01-12 23:04:12,878 : INFO : EventManager : Event: ======'timer_christmas_attract_video_timer_stopped'====== Args={'ticks': 0, 'ticks_remaining': 0}
2026-01-12 23:04:12,878 : INFO : Timer.attract_carousel_timer : Stopping Timer
2026-01-12 23:04:12,879 : INFO : EventManager : Event: ======'timer_attract_carousel_timer_stopped'====== Args={'ticks': 1, 'ticks_remaining': 4}
2026-01-12 23:04:12,879 : INFO : Timer.mca_attract_video_timer : Stopping Timer
2026-01-12 23:04:12,879 : INFO : EventManager : Event: ======'timer_mca_attract_video_timer_stopped'====== Args={'ticks': 0, 'ticks_remaining': 0}
2026-01-12 23:04:12,879 : INFO : Timer.adr_attract_video_timer : Stopping Timer
2026-01-12 23:04:12,879 : INFO : EventManager : Event: ======'timer_adr_attract_video_timer_stopped'====== Args={'ticks': 0, 'ticks_remaining': 0}
2026-01-12 23:04:12,879 : INFO : Timer.attract_intro_timer : Stopping Timer
2026-01-12 23:04:12,880 : INFO : EventManager : Event: ======'timer_attract_intro_timer_stopped'====== Args={'ticks': 6, 'ticks_remaining': 10}
2026-01-12 23:04:12,881 : INFO : EventManager : Event: ======'game_will_start'====== Args={}
2026-01-12 23:04:12,919 : INFO : EventManager : Event: ======'game_starting'====== Args={'game': <Mode.game>}
2026-01-12 23:04:12,922 : INFO : EventManager : Unordered handler for class <Auditor> on event game_ended with priority 1. Handlers: [RegisteredHandler(callback=<bound method Auditor.disable of <Auditor>>, priority=1, kwargs={}, key=UUID('39bf3949-e063-430e-9018-9fe5a138f203'), condition=None, blocking_facility=None), RegisteredHandler(callback=<bound method Auditor._save_audits of <Auditor>>, priority=1, kwargs={}, key=UUID('8c4c3260-a2a4-4da2-8b58-85a789383a73'), condition=None, blocking_facility=None)]. The order of those handlers is not defined and they will be executed in random order. This might lead to race conditions and potential bugs.
2026-01-12 23:04:12,922 : INFO : EventManager : Event: ======'player_add_request'====== Args={}
2026-01-12 23:04:12,924 : INFO : EventManager : Event: ======'player_will_add'====== Args={'number': 1}
2026-01-12 23:04:12,924 : INFO : EventManager : Event: ======'player_adding'====== Args={'player': <Player 1>, 'number': 1}
2026-01-12 23:04:12,925 : INFO : EventManager : Event: ======'player_added'====== Args={'player': <Player 1>, 'num': 1}
2026-01-12 23:04:12,925 : INFO : Mode.game : Player added successfully. Total players: 1
2026-01-12 23:04:12,929 : INFO : EventManager : Event: ======'player_index'====== Args={'value': 0, 'prev_value': 0, 'change': 0, 'player_num': 1}
2026-01-12 23:04:12,929 : INFO : EventManager : Event: ======'player_number'====== Args={'value': 1, 'prev_value': 1, 'change': 0, 'player_num': 1}
2026-01-12 23:04:12,931 : INFO : EventManager : Event: ======'player_score'====== Args={'value': 0, 'prev_value': 0, 'change': 0, 'player_num': 1}
2026-01-12 23:04:12,934 : INFO : EventManager : Event: ======'game_started'====== Args={}
2026-01-12 23:04:12,936 : INFO : EventManager : Event: ======'mode_tilt_will_start'====== Args={}
2026-01-12 23:04:12,938 : INFO : EventManager : Event: ======'mode_tilt_starting'====== Args={}
2026-01-12 23:04:12,938 : INFO : EventManager : Event: ======'machine_var_game_just_played'====== Args={'value': 1, 'prev_value': 0, 'change': 1}
2026-01-12 23:04:12,939 : INFO : Mode.tilt : Started. Priority: 1000000
2026-01-12 23:04:12,939 : INFO : EventManager : Event: ======'modes_active_modes_changed'====== Args={}
2026-01-12 23:04:12,940 : INFO : EventManager : Event: ======'mode_tilt_started'====== Args={}
2026-01-12 23:04:13,059 : INFO : EventManager : Event: ======'player_turn_will_start'====== Args={'player': <Player 1>, 'number': 1}
2026-01-12 23:04:13,067 : INFO : EventManager : Event: ======'player_turn_starting'====== Args={'player': <Player 1>, 'number': 1}
2026-01-12 23:04:13,068 : INFO : EventManager : Event: ======'player_ball'====== Args={'value': 1, 'prev_value': 0, 'change': 1, 'player_num': 1}
2026-01-12 23:04:13,069 : INFO : EventManager : Event: ======'player_turn_started'====== Args={'player': <Player 1>, 'number': 1}
2026-01-12 23:04:13,071 : INFO : EventManager : Event: ======'ball_will_start'====== Args={'player': 1, 'ball': 1, 'balls_remaining': 2, 'is_extra_ball': False}
2026-01-12 23:04:13,075 : INFO : EventManager : Event: ======'ball_starting'====== Args={'player': 1, 'ball': 1, 'balls_remaining': 2, 'is_extra_ball': False}
2026-01-12 23:04:13,076 : INFO : EventManager : Event: ======'mode_batterycharger_will_start'====== Args={'queue': <QueuedEvent>, 'player': 1, 'ball': 1, 'balls_remaining': 2, 'is_extra_ball': False}
2026-01-12 23:04:13,091 : INFO : EventManager : Event: ======'mode_batterycharger_starting'====== Args={'queue': <QueuedEvent>, 'player': 1, 'ball': 1, 'balls_remaining': 2, 'is_extra_ball': False}
2026-01-12 23:04:13,093 : INFO : EventManager : Event: ======'mode_base_will_start'====== Args={'queue': <QueuedEvent>, 'player': 1, 'ball': 1, 'balls_remaining': 2, 'is_extra_ball': False}
2026-01-12 23:04:13,096 : INFO : EventManager : Event: ======'player_shot_left_orbit_enabled'====== Args={'value': True, 'prev_value': 0, 'change': 1, 'player_num': 1}
2026-01-12 23:04:13,097 : INFO : EventManager : Event: ======'player_shot_right_orbit_enabled'====== Args={'value': True, 'prev_value': 0, 'change': 1, 'player_num': 1}
2026-01-12 23:04:13,097 : INFO : EventManager : Event: ======'player_shot_inner_loop_enabled'====== Args={'value': True, 'prev_value': 0, 'change': 1, 'player_num': 1}
2026-01-12 23:04:13,098 : INFO : EventManager : Event: ======'player_shot_left_orbit_backdoor_enabled'====== Args={'value': True, 'prev_value': 0, 'change': 1, 'player_num': 1}
2026-01-12 23:04:13,100 : INFO : EventManager : Event: ======'player_shot_right_orbit_backdoor_enabled'====== Args={'value': True, 'prev_value': 0, 'change': 1, 'player_num': 1}
2026-01-12 23:04:13,101 : INFO : EventManager : Event: ======'player_shot_inner_loop_backdoor_enabled'====== Args={'value': True, 'prev_value': 0, 'change': 1, 'player_num': 1}
2026-01-12 23:04:13,102 : INFO : EventManager : Event: ======'player_shot_right_ramp_enabled'====== Args={'value': True, 'prev_value': 0, 'change': 1, 'player_num': 1}
2026-01-12 23:04:13,103 : INFO : EventManager : Event: ======'player_shot_left_ramp_enabled'====== Args={'value': True, 'prev_value': 0, 'change': 1, 'player_num': 1}
2026-01-12 23:04:13,105 : INFO : EventManager : Event: ======'player_shot_pop_standup_enabled'====== Args={'value': True, 'prev_value': 0, 'change': 1, 'player_num': 1}
2026-01-12 23:04:13,106 : INFO : EventManager : Event: ======'player_shot_upper_pop_standup_enabled'====== Args={'value': True, 'prev_value': 0, 'change': 1, 'player_num': 1}
2026-01-12 23:04:13,107 : INFO : EventManager : Event: ======'player_shot_scoop_enabled'====== Args={'value': True, 'prev_value': 0, 'change': 1, 'player_num': 1}
2026-01-12 23:04:13,108 : INFO : EventManager : Event: ======'player_shot_captive_ball_enabled'====== Args={'value': True, 'prev_value': 0, 'change': 1, 'player_num': 1}
2026-01-12 23:04:13,109 : INFO : EventManager : Event: ======'player_shot_three_bank_standup_enabled'====== Args={'value': True, 'prev_value': 0, 'change': 1, 'player_num': 1}
2026-01-12 23:04:13,111 : INFO : EventManager : Event: ======'player_shot_spinner_enabled'====== Args={'value': True, 'prev_value': 0, 'change': 1, 'player_num': 1}
2026-01-12 23:04:13,112 : INFO : EventManager : Event: ======'player_shot_pop1_enabled'====== Args={'value': True, 'prev_value': 0, 'change': 1, 'player_num': 1}
2026-01-12 23:04:13,113 : INFO : EventManager : Event: ======'player_shot_pop2_enabled'====== Args={'value': True, 'prev_value': 0, 'change': 1, 'player_num': 1}
2026-01-12 23:04:13,113 : INFO : EventManager : Event: ======'player_shot_pop3_enabled'====== Args={'value': True, 'prev_value': 0, 'change': 1, 'player_num': 1}
2026-01-12 23:04:13,114 : INFO : EventManager : Event: ======'player_shot_bottom_drop_enabled'====== Args={'value': True, 'prev_value': 0, 'change': 1, 'player_num': 1}
2026-01-12 23:04:13,115 : INFO : EventManager : Event: ======'player_shot_middle_drop_enabled'====== Args={'value': True, 'prev_value': 0, 'change': 1, 'player_num': 1}
2026-01-12 23:04:13,116 : INFO : EventManager : Event: ======'player_shot_top_drop_enabled'====== Args={'value': True, 'prev_value': 0, 'change': 1, 'player_num': 1}
2026-01-12 23:04:13,117 : INFO : EventManager : Event: ======'player_shot_tshirt_top_standup_enabled'====== Args={'value': True, 'prev_value': 0, 'change': 1, 'player_num': 1}
2026-01-12 23:04:13,119 : INFO : EventManager : Event: ======'player_shot_tshirt_bottom_standup_enabled'====== Args={'value': True, 'prev_value': 0, 'change': 1, 'player_num': 1}
2026-01-12 23:04:13,121 : INFO : EventManager : Event: ======'player_shot_left_outlane_enabled'====== Args={'value': True, 'prev_value': 0, 'change': 1, 'player_num': 1}
2026-01-12 23:04:13,122 : INFO : EventManager : Event: ======'player_shot_left_inlane_enabled'====== Args={'value': True, 'prev_value': 0, 'change': 1, 'player_num': 1}
2026-01-12 23:04:13,124 : INFO : EventManager : Event: ======'player_shot_right_inlane_enabled'====== Args={'value': True, 'prev_value': 0, 'change': 1, 'player_num': 1}
2026-01-12 23:04:13,125 : INFO : EventManager : Event: ======'player_shot_right_outlane_enabled'====== Args={'value': True, 'prev_value': 0, 'change': 1, 'player_num': 1}
2026-01-12 23:04:13,126 : INFO : EventManager : Event: ======'sg_lanes_complete'====== Args={'state': 'unlit'}
2026-01-12 23:04:13,126 : INFO : EventManager : Event: ======'sg_lanes_unlit_complete'====== Args={}
2026-01-12 23:04:13,128 : INFO : EventManager : Event: ======'sg_tshirts_complete'====== Args={'state': 'flash'}
2026-01-12 23:04:13,128 : INFO : EventManager : Event: ======'sg_tshirts_flash_complete'====== Args={}
2026-01-12 23:04:13,140 : INFO : EventManager : Event: ======'player_base_chcheckitoutfinish_widget_timer_tick'====== Args={'value': 0, 'prev_value': 0, 'change': 0, 'player_num': 1}
2026-01-12 23:04:13,142 : INFO : EventManager : Event: ======'player_base_bodymovin_widget_timer_tick'====== Args={'value': 0, 'prev_value': 0, 'change': 0, 'player_num': 1}
2026-01-12 23:04:13,143 : INFO : EventManager : Event: ======'player_base_bodymovin_lock_enabled_widget_timer_tick'====== Args={'value': 0, 'prev_value': 0, 'change': 0, 'player_num': 1}
2026-01-12 23:04:13,144 : INFO : EventManager : Event: ======'player_base_bodymovin_ball_1_locked_widget_timer_tick'====== Args={'value': 0, 'prev_value': 0, 'change': 0, 'player_num': 1}
2026-01-12 23:04:13,146 : INFO : EventManager : Event: ======'player_base_bodymovin_ball_2_locked_widget_timer_tick'====== Args={'value': 0, 'prev_value': 0, 'change': 0, 'player_num': 1}
2026-01-12 23:04:13,148 : INFO : EventManager : Event: ======'achievement_wizard1_changed_state'====== Args={'restore': False, 'state': 'disabled', 'selected': False}
2026-01-12 23:04:13,148 : INFO : EventManager : Event: ======'achievement_wizard1_state_disabled'====== Args={'restore': False, 'state': 'disabled', 'selected': False}
2026-01-12 23:04:13,149 : INFO : EventManager : Event: ======'achievement_intergalactic_mode_changed_state'====== Args={'restore': False, 'state': 'enabled', 'selected': False}
2026-01-12 23:04:13,149 : INFO : EventManager : Event: ======'achievement_intergalactic_mode_state_enabled'====== Args={'restore': False, 'state': 'enabled', 'selected': False}
2026-01-12 23:04:13,150 : INFO : EventManager : Event: ======'achievement_paulrevere_mode_changed_state'====== Args={'restore': False, 'state': 'enabled', 'selected': False}
2026-01-12 23:04:13,151 : INFO : EventManager : Event: ======'achievement_paulrevere_mode_state_enabled'====== Args={'restore': False, 'state': 'enabled', 'selected': False}
2026-01-12 23:04:13,152 : INFO : EventManager : Event: ======'achievement_tripletrouble_mode_changed_state'====== Args={'restore': False, 'state': 'enabled', 'selected': False}
2026-01-12 23:04:13,152 : INFO : EventManager : Event: ======'achievement_tripletrouble_mode_state_enabled'====== Args={'restore': False, 'state': 'enabled', 'selected': False}
2026-01-12 23:04:13,153 : INFO : EventManager : Event: ======'achievement_sabotage_mode_changed_state'====== Args={'restore': False, 'state': 'enabled', 'selected': False}
2026-01-12 23:04:13,153 : INFO : EventManager : Event: ======'achievement_sabotage_mode_state_enabled'====== Args={'restore': False, 'state': 'enabled', 'selected': False}
2026-01-12 23:04:13,153 : INFO : EventManager : Event: ======'achievement_fingerlickingood_mode_changed_state'====== Args={'restore': False, 'state': 'enabled', 'selected': False}
2026-01-12 23:04:13,154 : INFO : EventManager : Event: ======'achievement_fingerlickingood_mode_state_enabled'====== Args={'restore': False, 'state': 'enabled', 'selected': False}
2026-01-12 23:04:13,154 : INFO : EventManager : Event: ======'achievement_toomanyrappers_mode_changed_state'====== Args={'restore': False, 'state': 'enabled', 'selected': False}
2026-01-12 23:04:13,154 : INFO : EventManager : Event: ======'achievement_toomanyrappers_mode_state_enabled'====== Args={'restore': False, 'state': 'enabled', 'selected': False}
2026-01-12 23:04:13,156 : INFO : EventManager : Event: ======'achievement_threemcsand1dj_mode_changed_state'====== Args={'restore': False, 'state': 'enabled', 'selected': False}
2026-01-12 23:04:13,156 : INFO : EventManager : Event: ======'achievement_threemcsand1dj_mode_state_enabled'====== Args={'restore': False, 'state': 'enabled', 'selected': False}
2026-01-12 23:04:13,157 : INFO : EventManager : Event: ======'achievement_highplainsdrifter_mode_changed_state'====== Args={'restore': False, 'state': 'enabled', 'selected': False}
2026-01-12 23:04:13,157 : INFO : EventManager : Event: ======'achievement_highplainsdrifter_mode_state_enabled'====== Args={'restore': False, 'state': 'enabled', 'selected': False}
2026-01-12 23:04:13,158 : INFO : EventManager : Event: ======'achievement_chcheckitout_multiball_changed_state'====== Args={'restore': False, 'state': 'enabled', 'selected': False}
2026-01-12 23:04:13,158 : INFO : EventManager : Event: ======'achievement_chcheckitout_multiball_state_enabled'====== Args={'restore': False, 'state': 'enabled', 'selected': False}
2026-01-12 23:04:13,158 : INFO : EventManager : Event: ======'achievement_bodymovin_multiball_changed_state'====== Args={'restore': False, 'state': 'enabled', 'selected': False}
2026-01-12 23:04:13,158 : INFO : EventManager : Event: ======'achievement_bodymovin_multiball_state_enabled'====== Args={'restore': False, 'state': 'enabled', 'selected': False}
2026-01-12 23:04:13,159 : INFO : EventManager : Event: ======'achievement_superpops_super_mode_changed_state'====== Args={'restore': False, 'state': 'enabled', 'selected': False}
2026-01-12 23:04:13,159 : INFO : EventManager : Event: ======'achievement_superpops_super_mode_state_enabled'====== Args={'restore': False, 'state': 'enabled', 'selected': False}
2026-01-12 23:04:13,160 : INFO : EventManager : Event: ======'achievement_superdrops_super_mode_changed_state'====== Args={'restore': False, 'state': 'enabled', 'selected': False}
2026-01-12 23:04:13,161 : INFO : EventManager : Event: ======'achievement_superdrops_super_mode_state_enabled'====== Args={'restore': False, 'state': 'enabled', 'selected': False}
2026-01-12 23:04:13,161 : INFO : EventManager : Event: ======'achievement_superspins_super_mode_changed_state'====== Args={'restore': False, 'state': 'enabled', 'selected': False}
2026-01-12 23:04:13,162 : INFO : EventManager : Event: ======'achievement_superspins_super_mode_state_enabled'====== Args={'restore': False, 'state': 'enabled', 'selected': False}
2026-01-12 23:04:13,167 : INFO : EventManager : Event: ======'achievement_superstandups_super_mode_changed_state'====== Args={'restore': False, 'state': 'enabled', 'selected': False}
2026-01-12 23:04:13,168 : INFO : EventManager : Event: ======'achievement_superstandups_super_mode_state_enabled'====== Args={'restore': False, 'state': 'enabled', 'selected': False}
2026-01-12 23:04:13,168 : INFO : EventManager : Event: ======'achievement_supercombos_super_mode_changed_state'====== Args={'restore': False, 'state': 'enabled', 'selected': False}
2026-01-12 23:04:13,168 : INFO : EventManager : Event: ======'achievement_supercombos_super_mode_state_enabled'====== Args={'restore': False, 'state': 'enabled', 'selected': False}
2026-01-12 23:04:13,170 : INFO : EventManager : Event: ======'achievement_girls_frenzy_changed_state'====== Args={'restore': False, 'state': 'disabled', 'selected': False}
2026-01-12 23:04:13,170 : INFO : EventManager : Event: ======'achievement_girls_frenzy_state_disabled'====== Args={'restore': False, 'state': 'disabled', 'selected': False}
2026-01-12 23:04:13,188 : INFO : EventManager : Unordered handler for class <Auditor> on event game_ended with priority 1. Handlers: [RegisteredHandler(callback=<bound method Auditor.disable of <Auditor>>, priority=1, kwargs={}, key=UUID('39bf3949-e063-430e-9018-9fe5a138f203'), condition=None, blocking_facility=None), RegisteredHandler(callback=<bound method Auditor._save_audits of <Auditor>>, priority=1, kwargs={}, key=UUID('8c4c3260-a2a4-4da2-8b58-85a789383a73'), condition=None, blocking_facility=None)]. The order of those handlers is not defined and they will be executed in random order. This might lead to race conditions and potential bugs.
2026-01-12 23:04:13,245 : INFO : EventManager : Event: ======'mode_base_starting'====== Args={'queue': <QueuedEvent>, 'player': 1, 'ball': 1, 'balls_remaining': 2, 'is_extra_ball': False}
2026-01-12 23:04:13,248 : INFO : drop_target_bank.three_bank : All targets are already up. Will not reset bank.
2026-01-12 23:04:13,249 : INFO : EventManager : Event: ======'balls_in_play'====== Args={'balls': 1}
2026-01-12 23:04:13,250 : INFO : EventManager : Event: ======'ball_started'====== Args={'player': 1, 'ball': 1, 'balls_remaining': 2, 'is_extra_ball': False}
2026-01-12 23:04:13,252 : INFO : EventManager : Event: ======'logicblock_battery_charged_status_updated'====== Args={'value': 20, 'enabled': False}
2026-01-12 23:04:13,253 : INFO : Mode.batterycharger : Started. Priority: 11000
2026-01-12 23:04:13,254 : INFO : EventManager : Event: ======'modes_active_modes_changed'====== Args={}
2026-01-12 23:04:13,254 : INFO : EventManager : Event: ======'mode_batterycharger_started'====== Args={'queue': <QueuedEvent>, 'player': 1, 'ball': 1, 'balls_remaining': 2, 'is_extra_ball': False}
2026-01-12 23:04:13,255 : INFO : EventManager : Event: ======'logicblock_completed_modes_count_updated'====== Args={'value': 0, 'enabled': True}
2026-01-12 23:04:13,256 : INFO : EventManager : Event: ======'logicblock_played_modes_count_updated'====== Args={'value': 0, 'enabled': True}
2026-01-12 23:04:13,256 : INFO : EventManager : Event: ======'logicblock_combos_count_updated'====== Args={'value': 0, 'enabled': True}
2026-01-12 23:04:13,257 : INFO : EventManager : Event: ======'logicblock_superpops_counter_updated'====== Args={'value': 0, 'enabled': True}
2026-01-12 23:04:13,257 : INFO : EventManager : Event: ======'logicblock_superdrops_counter_updated'====== Args={'value': 0, 'enabled': True}
2026-01-12 23:04:13,257 : INFO : EventManager : Event: ======'logicblock_superstandups_counter_updated'====== Args={'value': 0, 'enabled': True}
2026-01-12 23:04:13,258 : INFO : EventManager : Event: ======'logicblock_superspins_counter_updated'====== Args={'value': 0, 'enabled': True}
2026-01-12 23:04:13,258 : INFO : EventManager : Event: ======'logicblock_supercombos_counter_updated'====== Args={'value': 0, 'enabled': True}
2026-01-12 23:04:13,258 : INFO : EventManager : Event: ======'logicblock_super_modes_played_counter_updated'====== Args={'value': 0, 'enabled': True}
2026-01-12 23:04:13,259 : INFO : EventManager : Event: ======'logicblock_qualify_chcheckitout_multiball_updated'====== Args={'value': 0, 'enabled': False}
2026-01-12 23:04:13,260 : INFO : EventManager : Event: ======'logicblock_chcheckitout_multiball_ready_updated'====== Args={'value': 0, 'enabled': False}
2026-01-12 23:04:13,260 : INFO : EventManager : Event: ======'logicblock_enable_bodymovin_lock_1_updated'====== Args={'value': 0, 'enabled': False}
2026-01-12 23:04:13,261 : INFO : EventManager : Event: ======'logicblock_bodymovin_lock_1_updated'====== Args={'value': 0, 'enabled': False}
2026-01-12 23:04:13,261 : INFO : EventManager : Event: ======'logicblock_enable_bodymovin_lock_2_updated'====== Args={'value': 0, 'enabled': False}
2026-01-12 23:04:13,261 : INFO : EventManager : Event: ======'logicblock_bodymovin_lock_2_updated'====== Args={'value': 0, 'enabled': False}
2026-01-12 23:04:13,261 : INFO : EventManager : Event: ======'logicblock_enable_bodymovin_lock_3_updated'====== Args={'value': 0, 'enabled': False}
2026-01-12 23:04:13,261 : INFO : EventManager : Event: ======'logicblock_bodymovin_multiball_ready_updated'====== Args={'value': 0, 'enabled': False}
2026-01-12 23:04:13,262 : INFO : EventManager : Event: ======'logicblock_drop_target_bank_counter_updated'====== Args={'value': 0, 'enabled': False}
2026-01-12 23:04:13,262 : INFO : EventManager : Event: ======'logicblock_completed_modes_count_updated'====== Args={'value': 0, 'enabled': True}
2026-01-12 23:04:13,262 : INFO : EventManager : Event: ======'logicblock_played_modes_count_updated'====== Args={'value': 0, 'enabled': True}
2026-01-12 23:04:13,263 : INFO : EventManager : Event: ======'logicblock_combos_count_updated'====== Args={'value': 0, 'enabled': True}
2026-01-12 23:04:13,263 : INFO : EventManager : Event: ======'logicblock_superpops_counter_updated'====== Args={'value': 0, 'enabled': True}
2026-01-12 23:04:13,263 : INFO : EventManager : Event: ======'logicblock_superdrops_counter_updated'====== Args={'value': 0, 'enabled': True}
2026-01-12 23:04:13,263 : INFO : EventManager : Event: ======'logicblock_superstandups_counter_updated'====== Args={'value': 0, 'enabled': True}
2026-01-12 23:04:13,264 : INFO : EventManager : Event: ======'logicblock_superspins_counter_updated'====== Args={'value': 0, 'enabled': True}
2026-01-12 23:04:13,264 : INFO : EventManager : Event: ======'logicblock_supercombos_counter_updated'====== Args={'value': 0, 'enabled': True}
2026-01-12 23:04:13,264 : INFO : EventManager : Event: ======'logicblock_super_modes_played_counter_updated'====== Args={'value': 0, 'enabled': True}
2026-01-12 23:04:13,264 : INFO : Mode.base : Started. Priority: 100
2026-01-12 23:04:13,265 : INFO : EventManager : Event: ======'modes_active_modes_changed'====== Args={}
2026-01-12 23:04:13,265 : INFO : EventManager : Event: ======'mode_base_started'====== Args={'queue': <QueuedEvent>, 'player': 1, 'ball': 1, 'balls_remaining': 2, 'is_extra_ball': False}
2026-01-12 23:04:13,267 : INFO : EventManager : Event: ======'logicblock_battery_charged_status_updated'====== Args={'value': 20, 'enabled': True}
2026-01-12 23:04:13,268 : INFO : EventManager : Event: ======'mode_combos_will_start'====== Args={'player': 1, 'ball': 1, 'balls_remaining': 2, 'is_extra_ball': False}
2026-01-12 23:04:13,285 : INFO : EventManager : Event: ======'mode_combos_starting'====== Args={'player': 1, 'ball': 1, 'balls_remaining': 2, 'is_extra_ball': False}
2026-01-12 23:04:13,287 : INFO : EventManager : Event: ======'mode_skill_shot_will_start'====== Args={'player': 1, 'ball': 1, 'balls_remaining': 2, 'is_extra_ball': False}
2026-01-12 23:04:13,288 : INFO : EventManager : Event: ======'player_shot_skillshot_side_targets_enabled'====== Args={'value': True, 'prev_value': 0, 'change': 1, 'player_num': 1}
2026-01-12 23:04:13,288 : INFO : EventManager : Event: ======'player_shot_skillshot_hideout_plunge_enabled'====== Args={'value': True, 'prev_value': 0, 'change': 1, 'player_num': 1}
2026-01-12 23:04:13,289 : INFO : EventManager : Event: ======'player_shot_skillshot_super_enabled'====== Args={'value': True, 'prev_value': 0, 'change': 1, 'player_num': 1}
2026-01-12 23:04:13,289 : INFO : EventManager : Event: ======'player_shot_skillshot_left_outlane_enabled'====== Args={'value': True, 'prev_value': 0, 'change': 1, 'player_num': 1}
2026-01-12 23:04:13,290 : INFO : EventManager : Event: ======'player_shot_skillshot_drop_targets_enabled'====== Args={'value': True, 'prev_value': 0, 'change': 1, 'player_num': 1}
2026-01-12 23:04:13,291 : INFO : EventManager : Event: ======'player_shot_skillshot_lower_pop_enabled'====== Args={'value': True, 'prev_value': 0, 'change': 1, 'player_num': 1}
2026-01-12 23:04:13,292 : INFO : EventManager : Event: ======'skillshot_complete'====== Args={'state': 'off'}
2026-01-12 23:04:13,292 : INFO : EventManager : Event: ======'skillshot_off_complete'====== Args={}
2026-01-12 23:04:13,294 : INFO : EventManager : Event: ======'player_skill_shot_skill_shot_timeout_tick'====== Args={'value': 0, 'prev_value': 0, 'change': 0, 'player_num': 1}
2026-01-12 23:04:13,295 : INFO : EventManager : Unordered handler for class <timer.skill_shot_timeout> on event ball_starting with priority 1. Handlers: [RegisteredHandler(callback=<bound method Timer.reset of <timer.skill_shot_timeout>>, priority=1, kwargs={}, key=UUID('7b321297-c3ff-4109-b4b1-a7375c6bbe40'), condition=None, blocking_facility=None), RegisteredHandler(callback=<bound method Timer.pause of <timer.skill_shot_timeout>>, priority=1, kwargs={'timer_value': None}, key=UUID('5b815975-c0ab-46f2-90e2-3e096772c153'), condition=None, blocking_facility=None)]. The order of those handlers is not defined and they will be executed in random order. This might lead to race conditions and potential bugs.
2026-01-12 23:04:13,301 : INFO : EventManager : Event: ======'mode_skill_shot_starting'====== Args={'player': 1, 'ball': 1, 'balls_remaining': 2, 'is_extra_ball': False}
2026-01-12 23:04:13,301 : INFO : EventManager : Event: ======'logicblock_drop_target_bank_counter_updated'====== Args={'value': 0, 'enabled': True}
2026-01-12 23:04:13,302 : INFO : EventManager : Event: ======'logicblock_combos_count_updated'====== Args={'value': 0, 'enabled': True}
2026-01-12 23:04:13,302 : INFO : EventManager : Event: ======'logicblock_combos_count_updated'====== Args={'value': 0, 'enabled': True}
2026-01-12 23:04:13,302 : INFO : EventManager : Event: ======'logicblock_superpops_counter_updated'====== Args={'value': 0, 'enabled': True}
2026-01-12 23:04:13,303 : INFO : EventManager : Event: ======'logicblock_superpops_counter_updated'====== Args={'value': 0, 'enabled': True}
2026-01-12 23:04:13,303 : INFO : EventManager : Event: ======'logicblock_superdrops_counter_updated'====== Args={'value': 0, 'enabled': True}
2026-01-12 23:04:13,303 : INFO : EventManager : Event: ======'logicblock_superdrops_counter_updated'====== Args={'value': 0, 'enabled': True}
2026-01-12 23:04:13,303 : INFO : EventManager : Event: ======'logicblock_superstandups_counter_updated'====== Args={'value': 0, 'enabled': True}
2026-01-12 23:04:13,304 : INFO : EventManager : Event: ======'logicblock_superstandups_counter_updated'====== Args={'value': 0, 'enabled': True}
2026-01-12 23:04:13,304 : INFO : EventManager : Event: ======'logicblock_superspins_counter_updated'====== Args={'value': 0, 'enabled': True}
2026-01-12 23:04:13,304 : INFO : EventManager : Event: ======'logicblock_superspins_counter_updated'====== Args={'value': 0, 'enabled': True}
2026-01-12 23:04:13,304 : INFO : EventManager : Event: ======'logicblock_supercombos_counter_updated'====== Args={'value': 0, 'enabled': True}
2026-01-12 23:04:13,305 : INFO : EventManager : Event: ======'logicblock_supercombos_counter_updated'====== Args={'value': 0, 'enabled': True}
2026-01-12 23:04:13,305 : INFO : EventManager : Event: ======'logicblock_super_modes_played_counter_updated'====== Args={'value': 0, 'enabled': True}
2026-01-12 23:04:13,305 : INFO : EventManager : Event: ======'logicblock_super_modes_played_counter_updated'====== Args={'value': 0, 'enabled': True}
2026-01-12 23:04:13,305 : INFO : EventManager : Event: ======'logicblock_qualify_chcheckitout_multiball_updated'====== Args={'value': 0, 'enabled': False}
2026-01-12 23:04:13,306 : INFO : EventManager : Event: ======'logicblock_qualify_chcheckitout_multiball_updated'====== Args={'value': 0, 'enabled': True}
2026-01-12 23:04:13,307 : INFO : EventManager : Event: ======'logicblock_enable_bodymovin_lock_2_updated'====== Args={'value': 0, 'enabled': False}
2026-01-12 23:04:13,308 : INFO : EventManager : Event: ======'logicblock_enable_bodymovin_lock_2_updated'====== Args={'value': 0, 'enabled': True}
2026-01-12 23:04:13,309 : INFO : EventManager : Event: ======'player_chcheckitout_multiball_blocking_flag'====== Args={'value': 0, 'prev_value': 0, 'change': 0, 'player_num': 1, 'source': 'base'}
2026-01-12 23:04:13,310 : INFO : EventManager : Event: ======'player_bodymovin_multiball_blocking_flag'====== Args={'value': 0, 'prev_value': 0, 'change': 0, 'player_num': 1, 'source': 'base'}
2026-01-12 23:04:13,310 : INFO : EventManager : Event: ======'player_mode_blocking_flag'====== Args={'value': 0, 'prev_value': 0, 'change': 0, 'player_num': 1, 'source': 'base'}
2026-01-12 23:04:13,311 : INFO : EventManager : Event: ======'player_battery_charged_yesorno'====== Args={'value': 0, 'prev_value': 0, 'change': 0, 'player_num': 1, 'source': 'base'}
2026-01-12 23:04:13,312 : INFO : EventManager : Event: ======'player_combos'====== Args={'value': 0, 'prev_value': 0, 'change': 0, 'player_num': 1, 'source': 'base'}
2026-01-12 23:04:13,312 : INFO : EventManager : Event: ======'player_modes_played'====== Args={'value': 0, 'prev_value': 0, 'change': 0, 'player_num': 1, 'source': 'base'}
2026-01-12 23:04:13,313 : INFO : EventManager : Event: ======'player_modes_completed'====== Args={'value': 0, 'prev_value': 0, 'change': 0, 'player_num': 1, 'source': 'base'}
2026-01-12 23:04:13,313 : INFO : EventManager : Event: ======'player_chcheckitout_qualified_flag'====== Args={'value': 0, 'prev_value': 0, 'change': 0, 'player_num': 1, 'source': 'base'}
2026-01-12 23:04:13,315 : INFO : EventManager : Event: ======'player_bodymovin_lock1_qualified_flag'====== Args={'value': 0, 'prev_value': 0, 'change': 0, 'player_num': 1, 'source': 'base'}
2026-01-12 23:04:13,315 : INFO : EventManager : Event: ======'player_bodymovin_lock2_qualified_flag'====== Args={'value': 0, 'prev_value': 0, 'change': 0, 'player_num': 1, 'source': 'base'}
2026-01-12 23:04:13,316 : INFO : EventManager : Event: ======'player_bodymovin_lock1_locked_flag'====== Args={'value': 1, 'prev_value': 0, 'change': 1, 'player_num': 1, 'source': 'base'}
2026-01-12 23:04:13,316 : INFO : EventManager : Event: ======'player_bodymovin_lock2_locked_flag'====== Args={'value': 0, 'prev_value': 0, 'change': 0, 'player_num': 1, 'source': 'base'}
2026-01-12 23:04:13,317 : INFO : EventManager : Event: ======'player_bodymovin_multiball_qualified_flag'====== Args={'value': 0, 'prev_value': 0, 'change': 0, 'player_num': 1, 'source': 'base'}
2026-01-12 23:04:13,317 : INFO : EventManager : Event: ======'player_girls_bonus_score'====== Args={'value': 0, 'prev_value': 0, 'change': 0, 'player_num': 1, 'source': 'base'}
2026-01-12 23:04:13,317 : INFO : EventManager : Event: ======'player_girls_blocking_flag'====== Args={'value': 0, 'prev_value': 0, 'change': 0, 'player_num': 1, 'source': 'base'}
2026-01-12 23:04:13,317 : INFO : EventManager : Event: ======'player_characters_collected'====== Args={'value': 0, 'prev_value': 0, 'change': 0, 'player_num': 1, 'source': 'base'}
2026-01-12 23:04:13,318 : INFO : EventManager : Event: ======'player_adroc_collected'====== Args={'value': 0, 'prev_value': 0, 'change': 0, 'player_num': 1, 'source': 'base'}
2026-01-12 23:04:13,318 : INFO : EventManager : Event: ======'player_mca_collected'====== Args={'value': 0, 'prev_value': 0, 'change': 0, 'player_num': 1, 'source': 'base'}
2026-01-12 23:04:13,318 : INFO : EventManager : Event: ======'player_miked_collected'====== Args={'value': 0, 'prev_value': 0, 'change': 0, 'player_num': 1, 'source': 'base'}
2026-01-12 23:04:13,318 : INFO : EventManager : Event: ======'player_mmm_collected'====== Args={'value': 0, 'prev_value': 0, 'change': 0, 'player_num': 1, 'source': 'base'}
2026-01-12 23:04:13,319 : INFO : EventManager : Event: ======'player_djhurr_collected'====== Args={'value': 0, 'prev_value': 0, 'change': 0, 'player_num': 1, 'source': 'base'}
2026-01-12 23:04:13,319 : INFO : EventManager : Event: ======'player_chcheckitout_multiplier'====== Args={'value': 0, 'prev_value': 0, 'change': 0, 'player_num': 1, 'source': 'base'}
2026-01-12 23:04:13,320 : INFO : EventManager : Event: ======'logicblock_drop_target_bank_counter_updated'====== Args={'value': 1, 'enabled': True}
2026-01-12 23:04:13,320 : INFO : EventManager : Event: ======'player_charges_remaining_variable'====== Args={'value': 20, 'prev_value': 0, 'change': 20, 'player_num': 1, 'source': 'batterycharger'}
2026-01-12 23:04:13,321 : INFO : EventManager : Event: ======'player_drop_target_bank_counter_count'====== Args={'value': 0, 'prev_value': 0, 'change': 0, 'player_num': 1, 'source': 'base'}
2026-01-12 23:04:13,321 : INFO : EventManager : Event: ======'player_drop_target_bank_counter_count'====== Args={'value': 1, 'prev_value': 0, 'change': 1, 'player_num': 1, 'source': 'base'}
2026-01-12 23:04:13,323 : INFO : EventManager : Event: ======'logicblock_battery_charged_status_updated'====== Args={'value': 0, 'enabled': True}
2026-01-12 23:04:13,324 : INFO : EventManager : Event: ======'battery_charged'====== Args={}
2026-01-12 23:04:13,324 : INFO : EventManager : Event: ======'logicblock_battery_charged_status_updated'====== Args={'value': 0, 'enabled': False}
2026-01-12 23:04:13,325 : INFO : EventManager : Event: ======'player_charges_remaining_variable'====== Args={'value': 0, 'prev_value': 20, 'change': -20, 'player_num': 1, 'source': 'batterycharger'}
2026-01-12 23:04:13,326 : INFO : EventManager : Event: ======'mode_carousel_will_start'====== Args={}
2026-01-12 23:04:13,331 : INFO : EventManager : Event: ======'mode_carousel_starting'====== Args={}
2026-01-12 23:04:13,331 : INFO : EventManager : Event: ======'player_battery_charged_yesorno'====== Args={'value': 1, 'prev_value': 0, 'change': 1, 'player_num': 1, 'source': 'base'}
2026-01-12 23:04:13,332 : INFO : EventManager : Event: ======'player_drop_target_bank_counter_count'====== Args={'value': 0, 'prev_value': 1, 'change': -1, 'player_num': 1, 'source': 'base'}
2026-01-12 23:04:13,333 : INFO : EventManager : Event: ======'mode_multiball_will_start'====== Args={'queue': <QueuedEvent>, 'player': 1, 'ball': 1, 'balls_remaining': 2, 'is_extra_ball': False}
2026-01-12 23:04:13,334 : INFO : EventManager : Event: ======'mode_multiball_starting'====== Args={'queue': <QueuedEvent>, 'player': 1, 'ball': 1, 'balls_remaining': 2, 'is_extra_ball': False}
2026-01-12 23:04:13,336 : INFO : EventManager : Event: ======'ball_save_default_enabled'====== Args={}
2026-01-12 23:04:13,337 : INFO : Mode.multiball : Started. Priority: 1000
2026-01-12 23:04:13,337 : INFO : EventManager : Event: ======'modes_active_modes_changed'====== Args={}
2026-01-12 23:04:13,337 : INFO : EventManager : Event: ======'mode_multiball_started'====== Args={'queue': <QueuedEvent>, 'player': 1, 'ball': 1, 'balls_remaining': 2, 'is_extra_ball': False}
2026-01-12 23:04:13,337 : INFO : Mode.carousel : Started. Priority: 200
2026-01-12 23:04:13,338 : INFO : EventManager : Event: ======'modes_active_modes_changed'====== Args={}
2026-01-12 23:04:13,338 : INFO : EventManager : Event: ======'mode_carousel_started'====== Args={}
2026-01-12 23:04:13,339 : INFO : blinkenlight.bl_scoop_arrow_led : Color (0, 0, 255) with key carousel added
2026-01-12 23:04:13,340 : INFO : EventManager : Event: ======'item_highlighted'====== Args={'carousel': 'carousel', 'direction': None, 'item': 'intergalactic'}
2026-01-12 23:04:13,342 : INFO : Mode.skill_shot : Started. Priority: 500
2026-01-12 23:04:13,342 : INFO : EventManager : Event: ======'modes_active_modes_changed'====== Args={}
2026-01-12 23:04:13,342 : INFO : EventManager : Event: ======'mode_skill_shot_started'====== Args={'player': 1, 'ball': 1, 'balls_remaining': 2, 'is_extra_ball': False}
2026-01-12 23:04:13,344 : INFO : EventManager : Event: ======'advance_skill_left_outlane'====== Args={'player': 1, 'ball': 1, 'balls_remaining': 2, 'is_extra_ball': False}
2026-01-12 23:04:13,345 : INFO : EventManager : Event: ======'player_shot_skillshot_left_outlane'====== Args={'value': 1, 'prev_value': 0, 'change': 1, 'player_num': 1}
2026-01-12 23:04:13,347 : INFO : Mode.combos : Started. Priority: 2000
2026-01-12 23:04:13,347 : INFO : EventManager : Event: ======'modes_active_modes_changed'====== Args={}
2026-01-12 23:04:13,347 : INFO : EventManager : Event: ======'mode_combos_started'====== Args={'player': 1, 'ball': 1, 'balls_remaining': 2, 'is_extra_ball': False}
2026-01-12 23:04:13,352 : INFO : EventManager : Event: ======'single_player_ball_started'====== Args={}
2026-01-12 23:04:13,392 : INFO : EventManager : Event: ======'ball_start_target'====== Args={'target': 'playfield'}
2026-01-12 23:04:13,394 : INFO : EventManager : Event: ======'slide_base_created'====== Args={'_from_bcp': True}
2026-01-12 23:04:13,396 : INFO : ball_device.bd_plunger : Setting up player-controlled eject. Balls: 1, Target: <playfield.playfield>, player_controlled_eject_event: None
2026-01-12 23:04:13,397 : INFO : EventManager : Event: ======'balldevice_balls_available'====== Args={}
2026-01-12 23:04:13,398 : INFO : EventManager : Event: ======'play_base_video4'====== Args={'_from_bcp': True}
2026-01-12 23:04:13,402 : INFO : ball_device.bd_trough : State: waiting_for_target_ready
2026-01-12 23:04:13,403 : INFO : EventManager : Event: ======'balldevice_bd_trough_ball_eject_attempt'====== Args={'balls': 1, 'target': <ball_device.bd_plunger>, 'source': <ball_device.bd_trough>, 'mechanical_eject': True, 'num_attempts': 0}
2026-01-12 23:04:13,404 : INFO : ball_device.bd_plunger : State: waiting_for_ball
2026-01-12 23:04:13,406 : INFO : ball_device.bd_trough : State: ejecting
2026-01-12 23:04:13,407 : INFO : ball_device.bd_trough : Ejecting ball to <ball_device.bd_plunger>
2026-01-12 23:04:13,407 : INFO : EventManager : Event: ======'balldevice_bd_trough_ejecting_ball'====== Args={'balls': 1, 'target': <ball_device.bd_plunger>, 'source': <ball_device.bd_trough>, 'mechanical_eject': True, 'num_attempts': 0}
2026-01-12 23:04:13,411 : INFO : ball_device.bd_trough : Wait for ball to leave device
2026-01-12 23:04:13,412 : INFO : coil.c_trough_eject : Pulsing Driver for 20ms (1.0 pulse_power)
2026-01-12 23:04:13,413 : INFO : SwitchController : <<<<<<< 's_trough1' inactive >>>>>>>
2026-01-12 23:04:13,420 : INFO : ball_device.bd_trough : State: ball_left
2026-01-12 23:04:13,422 : INFO : ball_device.bd_trough : Ball left
2026-01-12 23:04:13,422 : INFO : ball_device.bd_trough : Wait for confirm with timeout 3.0
2026-01-12 23:04:13,509 : INFO : SwitchController : <<<<<<< 's_plunger' active >>>>>>>
2026-01-12 23:04:13,510 : INFO : EventManager : Event: ======'machine_var_audits_switches_s_plunger'====== Args={'value': 2015, 'prev_value': 2014, 'change': 1}
2026-01-12 23:04:13,922 : INFO : EventManager : Event: ======'slide_score_overlay_created'====== Args={'_from_bcp': True}
2026-01-12 23:04:14,012 : INFO : ball_device.bd_plunger : Received ball from <ball_device.bd_trough>
2026-01-12 23:04:14,013 : INFO : EventManager : Event: ======'balldevice_bd_plunger_ball_enter'====== Args={'new_balls': 1, 'unclaimed_balls': 0, 'new_available_balls': 0, 'device': <ball_device.bd_plunger>}
2026-01-12 23:04:14,013 : INFO : EventManager : Event: ======'balldevice_bd_plunger_ball_entered'====== Args={'new_balls': 0, 'device': <ball_device.bd_plunger>}
2026-01-12 23:04:14,015 : INFO : EventManager : Event: ======'balldevice_bd_plunger_ball_count_changed'====== Args={'balls': 1}
2026-01-12 23:04:14,016 : INFO : ball_device.bd_trough : Got eject confirm
2026-01-12 23:04:14,016 : INFO : ball_device.bd_trough : Eject successful
2026-01-12 23:04:14,016 : INFO : EventManager : Event: ======'balldevice_bd_trough_ball_eject_success'====== Args={'balls': 1, 'target': <ball_device.bd_plunger>}
2026-01-12 23:04:14,017 : INFO : EventManager : Event: ======'balldevice_bd_trough_ball_count_changed'====== Args={'balls': 5}
2026-01-12 23:04:14,017 : INFO : ball_device.bd_trough : State: idle
2026-01-12 23:04:14,018 : INFO : ball_device.bd_plunger : State: waiting_for_target_ready
2026-01-12 23:04:14,019 : INFO : EventManager : Event: ======'balldevice_bd_plunger_ball_eject_attempt'====== Args={'balls': 1, 'target': <playfield.playfield>, 'source': <ball_device.bd_plunger>, 'mechanical_eject': True, 'num_attempts': 0}
2026-01-12 23:04:14,021 : INFO : ball_device.bd_plunger : State: ejecting
2026-01-12 23:04:14,022 : INFO : ball_device.bd_plunger : Ejecting ball to <playfield.playfield>
2026-01-12 23:04:14,022 : INFO : EventManager : Event: ======'balldevice_bd_plunger_ejecting_ball'====== Args={'balls': 1, 'target': <playfield.playfield>, 'source': <ball_device.bd_plunger>, 'mechanical_eject': True, 'num_attempts': 0}
2026-01-12 23:04:14,024 : INFO : ball_device.bd_plunger : Wait for ball to leave device
2026-01-12 23:04:14,313 : INFO : EventManager : Event: ======'slide_super_circles_created'====== Args={'_from_bcp': True}
2026-01-12 23:04:14,315 : INFO : EventManager : Event: ======'slide_attract_load_inactive'====== Args={'is_removing': True, '_from_bcp': True}
2026-01-12 23:04:14,316 : INFO : EventManager : Event: ======'slide_super_circles_active'====== Args={'original_context': 'base', 'original_calling_context': 'mode_base_started', 'priority': 100.0, 'queue': '<QueuedEvent>', 'player': 1.0, 'ball': 1.0, 'balls_remaining': 2.0, 'is_extra_ball': False, 'cmd': 'slides_play', '_from_bcp': True}
2026-01-12 23:04:14,324 : INFO : EventManager : Event: ======'slide_attract_load_removed'====== Args={'_from_bcp': True}
2026-01-12 23:04:14,541 : INFO : EventManager : Event: ======'slide_current_mode_highlighted_created'====== Args={'_from_bcp': True}
2026-01-12 23:04:14,543 : INFO : EventManager : Event: ======'random_mode_picker_toomanyrappers'====== Args={'_from_bcp': True}
2026-01-12 23:04:14,543 : INFO : EventManager : Event: ======'carousel_advance'====== Args={'priority': 0}
2026-01-12 23:04:14,543 : INFO : EventManager : Event: ======'carousel_advance_2'====== Args={'priority': 0}
2026-01-12 23:04:14,543 : INFO : EventManager : Event: ======'carousel_advance_3'====== Args={'priority': 0}
2026-01-12 23:04:14,543 : INFO : EventManager : Event: ======'carousel_advance_4'====== Args={'priority': 0}
2026-01-12 23:04:14,544 : INFO : EventManager : Event: ======'carousel_advance_5'====== Args={'priority': 0}
2026-01-12 23:04:14,544 : INFO : EventManager : Event: ======'carousel_advance_6'====== Args={'priority': 0}
2026-01-12 23:04:14,544 : INFO : EventManager : Event: ======'item_highlighted'====== Args={'carousel': 'carousel', 'direction': 'forwards', 'item': 'paulrevere'}
2026-01-12 23:04:14,548 : INFO : EventManager : Event: ======'item_highlighted'====== Args={'carousel': 'carousel', 'direction': 'forwards', 'item': 'tripletrouble'}
2026-01-12 23:04:14,551 : INFO : EventManager : Event: ======'item_highlighted'====== Args={'carousel': 'carousel', 'direction': 'forwards', 'item': 'sabotage'}
2026-01-12 23:04:14,555 : INFO : EventManager : Event: ======'item_highlighted'====== Args={'carousel': 'carousel', 'direction': 'forwards', 'item': 'highplainsdrifter'}
2026-01-12 23:04:14,558 : INFO : EventManager : Event: ======'item_highlighted'====== Args={'carousel': 'carousel', 'direction': 'forwards', 'item': 'threemcsand1dj'}
2026-01-12 23:04:14,562 : INFO : EventManager : Event: ======'item_highlighted'====== Args={'carousel': 'carousel', 'direction': 'forwards', 'item': 'toomanyrappers'}
2026-01-12 23:04:14,567 : INFO : EventManager : Event: ======'slide_skillshot_overlay_leftoutlane_created'====== Args={'_from_bcp': True}
2026-01-12 23:04:14,568 : INFO : EventManager : Event: ======'slide_super_circles_inactive'====== Args={'is_removing': False, '_from_bcp': True}
2026-01-12 23:04:14,568 : INFO : EventManager : Event: ======'slide_skillshot_overlay_leftoutlane_active'====== Args={'original_context': 'skill_shot', 'original_calling_context': 'player_shot_skillshot_left_outlane{device.shots.skillshot_left_outlane.state==1}', 'priority': 500.0, 'value': 1.0, 'prev_value': 0.0, 'change': 1.0, 'player_num': 1.0, 'cmd': 'slides_play', '_from_bcp': True}
2026-01-12 23:04:14,585 : INFO : EventManager : Event: ======'slide_basevideo4_created'====== Args={'_from_bcp': True}
2026-01-12 23:04:15,922 : INFO : SwitchController : <<<<<<< 's_plunger' inactive >>>>>>>
2026-01-12 23:04:15,922 : INFO : EventManager : Event: ======'ball_out'====== Args={}
2026-01-12 23:04:15,923 : INFO : EventManager : Event: ======'ball_save_default_timer_start'====== Args={}
2026-01-12 23:04:15,929 : INFO : ball_device.bd_plunger : State: ball_left
2026-01-12 23:04:15,930 : INFO : ball_device.bd_plunger : Ball left
2026-01-12 23:04:15,931 : INFO : ball_device.bd_plunger : Wait for confirm with timeout 3.0
2026-01-12 23:04:16,150 : INFO : SwitchController : <<<<<<< 's_three_bank_top' active >>>>>>>
2026-01-12 23:04:16,150 : INFO : EventManager : Event: ======'playfield_active'====== Args={'source': 'top_drop'}
2026-01-12 23:04:16,150 : INFO : EventManager : Event: ======'playfield_active'====== Args={'source': 'skillshot_drop_targets'}
2026-01-12 23:04:16,150 : INFO : EventManager : Event: ======'s_three_bank_top_active'====== Args={}
2026-01-12 23:04:16,151 : INFO : EventManager : Event: ======'playfield_active'====== Args={'source': 'top'}
2026-01-12 23:04:16,151 : INFO : EventManager : Event: ======'drop_target_top_down'====== Args={'device': <drop_target.top>}
2026-01-12 23:04:16,151 : INFO : EventManager : Event: ======'drop_target_bank_three_bank_mixed'====== Args={'prev_value': <DropTargetBankState.UP: 'up'>, 'down': 1}
2026-01-12 23:04:16,152 : INFO : EventManager : Event: ======'machine_var_audits_switches_s_three_bank_top'====== Args={'value': 1077, 'prev_value': 1076, 'change': 1}
2026-01-12 23:04:16,153 : INFO : EventManager : Event: ======'player_shot_skillshot_drop_targets'====== Args={'value': 1, 'prev_value': 0, 'change': 1, 'player_num': 1}
2026-01-12 23:04:16,156 : INFO : EventManager : Event: ======'machine_var_audits_shots_skillshot_drop_targets'====== Args={'value': 484, 'prev_value': 483, 'change': 1}
2026-01-12 23:04:16,156 : INFO : EventManager : Event: ======'skillshot_drop_targets_hit'====== Args={'profile': 'skill_shot_profile', 'state': 'off', 'advancing': True}
2026-01-12 23:04:16,156 : INFO : EventManager : Event: ======'skillshot_drop_targets_skill_shot_profile_hit'====== Args={'profile': 'skill_shot_profile', 'state': 'off', 'advancing': True}
2026-01-12 23:04:16,156 : INFO : EventManager : Event: ======'skillshot_drop_targets_skill_shot_profile_off_hit'====== Args={'profile': 'skill_shot_profile', 'state': 'off', 'advancing': True}
2026-01-12 23:04:16,157 : INFO : EventManager : Event: ======'skillshot_drop_targets_off_hit'====== Args={'profile': 'skill_shot_profile', 'state': 'off', 'advancing': True}
2026-01-12 23:04:16,157 : INFO : EventManager : Event: ======'machine_var_audits_shots_top_drop'====== Args={'value': 538, 'prev_value': 537, 'change': 1}
2026-01-12 23:04:16,158 : INFO : EventManager : Event: ======'top_drop_hit'====== Args={'profile': 'base_shot_profile', 'state': 'off', 'advancing': False}
2026-01-12 23:04:16,158 : INFO : EventManager : Event: ======'top_drop_base_shot_profile_hit'====== Args={'profile': 'base_shot_profile', 'state': 'off', 'advancing': False}
2026-01-12 23:04:16,158 : INFO : EventManager : Event: ======'top_drop_base_shot_profile_off_hit'====== Args={'profile': 'base_shot_profile', 'state': 'off', 'advancing': False}
2026-01-12 23:04:16,158 : INFO : EventManager : Event: ======'top_drop_off_hit'====== Args={'profile': 'base_shot_profile', 'state': 'off', 'advancing': False}
2026-01-12 23:04:16,159 : INFO : EventManager : Event: ======'skillshot_hit'====== Args={'shot': 'skillshot_drop_targets'}
2026-01-12 23:04:16,159 : INFO : EventManager : Event: ======'skillshot_off_hit'====== Args={'shot': 'skillshot_drop_targets'}
2026-01-12 23:04:16,159 : INFO : EventManager : Event: ======'mode_skill_shot_will_stop'====== Args={}
2026-01-12 23:04:16,159 : INFO : EventManager : Event: ======'mode_skill_shot_stopping'====== Args={}
2026-01-12 23:04:16,160 : INFO : EventManager : Event: ======'player_score'====== Args={'value': 2220, 'prev_value': 0, 'change': 2220, 'player_num': 1, 'source': 'base'}
2026-01-12 23:04:16,170 : INFO : Mode.skill_shot : Stopped.
2026-01-12 23:04:16,170 : INFO : EventManager : Event: ======'modes_active_modes_changed'====== Args={}
2026-01-12 23:04:16,170 : INFO : EventManager : Event: ======'mode_skill_shot_stopped'====== Args={}
2026-01-12 23:04:16,170 : INFO : EventManager : Event: ======'clear'====== Args={'key': 'skill_shot'}
2026-01-12 23:04:16,172 : INFO : Timer.skill_shot_timeout : Stopping Timer
2026-01-12 23:04:16,172 : INFO : EventManager : Event: ======'timer_skill_shot_timeout_stopped'====== Args={'ticks': 0, 'ticks_remaining': 0}
2026-01-12 23:04:16,233 : INFO : ball_device.bd_plunger : Got eject confirm
2026-01-12 23:04:16,233 : INFO : ball_device.bd_plunger : Eject successful
2026-01-12 23:04:16,234 : INFO : EventManager : Event: ======'balldevice_bd_plunger_ball_eject_success'====== Args={'balls': 1, 'target': <playfield.playfield>}
2026-01-12 23:04:16,235 : INFO : EventManager : Event: ======'slide_skillshot_overlay_droptargets_created'====== Args={'_from_bcp': True}
2026-01-12 23:04:16,235 : INFO : EventManager : Event: ======'slide_skillshot_overlay_leftoutlane_inactive'====== Args={'is_removing': False, '_from_bcp': True}
2026-01-12 23:04:16,235 : INFO : EventManager : Event: ======'slide_skillshot_overlay_droptargets_active'====== Args={'original_context': 'skill_shot', 'original_calling_context': 'player_shot_skillshot_drop_targets{device.shots.skillshot_drop_targets.state==1}', 'priority': 500.0, 'value': 1.0, 'prev_value': 0.0, 'change': 1.0, 'player_num': 1.0, 'cmd': 'slides_play', '_from_bcp': True}
2026-01-12 23:04:16,236 : INFO : EventManager : Event: ======'slide_skillshot_overlay_droptargets_inactive'====== Args={'is_removing': True, '_from_bcp': True}
2026-01-12 23:04:16,236 : INFO : EventManager : Event: ======'slide_skillshot_overlay_leftoutlane_active'====== Args={'_from_bcp': True}
2026-01-12 23:04:16,236 : INFO : EventManager : Event: ======'slide_skillshot_overlay_droptargets_removed'====== Args={'_from_bcp': True}
2026-01-12 23:04:16,236 : INFO : EventManager : Event: ======'slide_skillshot_overlay_leftoutlane_inactive'====== Args={'is_removing': True, '_from_bcp': True}
2026-01-12 23:04:16,237 : INFO : EventManager : Event: ======'slide_super_circles_active'====== Args={'_from_bcp': True}
2026-01-12 23:04:16,237 : INFO : EventManager : Event: ======'slide_skillshot_overlay_leftoutlane_removed'====== Args={'_from_bcp': True}
2026-01-12 23:04:16,238 : INFO : EventManager : Event: ======'balldevice_playfield_ball_enter'====== Args={'new_balls': 1, 'unclaimed_balls': 1, 'device': <playfield.playfield>}
2026-01-12 23:04:16,238 : INFO : EventManager : Event: ======'playfield_ball_count_change'====== Args={'balls': 1, 'change': 1}
2026-01-12 23:04:16,239 : INFO : EventManager : Event: ======'balldevice_bd_plunger_ball_count_changed'====== Args={'balls': 0}
2026-01-12 23:04:16,239 : INFO : ball_device.bd_plunger : State: idle
2026-01-12 23:04:17,517 : INFO : SwitchController : <<<<<<< 's_right_lower_pop' active >>>>>>>
2026-01-12 23:04:17,517 : INFO : EventManager : Event: ======'s_right_lower_pop_active'====== Args={}
2026-01-12 23:04:17,518 : INFO : EventManager : Event: ======'machine_var_audits_switches_s_right_lower_pop'====== Args={'value': 1790, 'prev_value': 1789, 'change': 1}
2026-01-12 23:04:17,519 : INFO : EventManager : Event: ======'machine_var_audits_shots_pop3'====== Args={'value': 1016, 'prev_value': 1015, 'change': 1}
2026-01-12 23:04:17,519 : INFO : EventManager : Event: ======'pop3_hit'====== Args={'profile': 'base_shot_profile', 'state': 'off', 'advancing': False}
2026-01-12 23:04:17,519 : INFO : EventManager : Event: ======'pop3_base_shot_profile_hit'====== Args={'profile': 'base_shot_profile', 'state': 'off', 'advancing': False}
2026-01-12 23:04:17,520 : INFO : EventManager : Event: ======'pop3_base_shot_profile_off_hit'====== Args={'profile': 'base_shot_profile', 'state': 'off', 'advancing': False}
2026-01-12 23:04:17,520 : INFO : EventManager : Event: ======'pop3_off_hit'====== Args={'profile': 'base_shot_profile', 'state': 'off', 'advancing': False}
2026-01-12 23:04:17,520 : INFO : EventManager : Event: ======'item_highlighted'====== Args={'carousel': 'carousel', 'direction': 'backwards', 'item': 'threemcsand1dj'}
2026-01-12 23:04:17,521 : INFO : EventManager : Event: ======'player_score'====== Args={'value': 3330, 'prev_value': 2220, 'change': 1110, 'player_num': 1, 'source': 'base'}
2026-01-12 23:04:17,653 : INFO : SwitchController : <<<<<<< 's_right_lower_pop' inactive >>>>>>>
2026-01-12 23:04:18,033 : INFO : SwitchController : <<<<<<< 's_right_lower_pop' active >>>>>>>
2026-01-12 23:04:18,034 : INFO : EventManager : Event: ======'s_right_lower_pop_active'====== Args={}
2026-01-12 23:04:18,034 : INFO : EventManager : Event: ======'machine_var_audits_switches_s_right_lower_pop'====== Args={'value': 1791, 'prev_value': 1790, 'change': 1}
2026-01-12 23:04:18,037 : INFO : EventManager : Event: ======'machine_var_audits_shots_pop3'====== Args={'value': 1017, 'prev_value': 1016, 'change': 1}
2026-01-12 23:04:18,038 : INFO : EventManager : Event: ======'pop3_hit'====== Args={'profile': 'base_shot_profile', 'state': 'off', 'advancing': False}
2026-01-12 23:04:18,041 : INFO : EventManager : Event: ======'pop3_base_shot_profile_hit'====== Args={'profile': 'base_shot_profile', 'state': 'off', 'advancing': False}
2026-01-12 23:04:18,042 : INFO : EventManager : Event: ======'pop3_base_shot_profile_off_hit'====== Args={'profile': 'base_shot_profile', 'state': 'off', 'advancing': False}
2026-01-12 23:04:18,043 : INFO : EventManager : Event: ======'pop3_off_hit'====== Args={'profile': 'base_shot_profile', 'state': 'off', 'advancing': False}
2026-01-12 23:04:18,043 : INFO : EventManager : Event: ======'item_highlighted'====== Args={'carousel': 'carousel', 'direction': 'backwards', 'item': 'highplainsdrifter'}
2026-01-12 23:04:18,045 : INFO : EventManager : Event: ======'player_score'====== Args={'value': 4440, 'prev_value': 3330, 'change': 1110, 'player_num': 1, 'source': 'base'}
2026-01-12 23:04:18,168 : INFO : SwitchController : <<<<<<< 's_right_lower_pop' inactive >>>>>>>
2026-01-12 23:04:18,267 : INFO : SwitchController : <<<<<<< 's_right_lower_pop' active >>>>>>>
2026-01-12 23:04:18,267 : INFO : EventManager : Event: ======'s_right_lower_pop_active'====== Args={}
2026-01-12 23:04:18,267 : INFO : EventManager : Event: ======'machine_var_audits_switches_s_right_lower_pop'====== Args={'value': 1792, 'prev_value': 1791, 'change': 1}
2026-01-12 23:04:18,268 : INFO : EventManager : Event: ======'machine_var_audits_shots_pop3'====== Args={'value': 1018, 'prev_value': 1017, 'change': 1}
2026-01-12 23:04:18,269 : INFO : EventManager : Event: ======'pop3_hit'====== Args={'profile': 'base_shot_profile', 'state': 'off', 'advancing': False}
2026-01-12 23:04:18,269 : INFO : EventManager : Event: ======'pop3_base_shot_profile_hit'====== Args={'profile': 'base_shot_profile', 'state': 'off', 'advancing': False}
2026-01-12 23:04:18,270 : INFO : EventManager : Event: ======'pop3_base_shot_profile_off_hit'====== Args={'profile': 'base_shot_profile', 'state': 'off', 'advancing': False}
2026-01-12 23:04:18,270 : INFO : EventManager : Event: ======'pop3_off_hit'====== Args={'profile': 'base_shot_profile', 'state': 'off', 'advancing': False}
2026-01-12 23:04:18,270 : INFO : EventManager : Event: ======'item_highlighted'====== Args={'carousel': 'carousel', 'direction': 'backwards', 'item': 'sabotage'}
2026-01-12 23:04:18,271 : INFO : EventManager : Event: ======'player_score'====== Args={'value': 5550, 'prev_value': 4440, 'change': 1110, 'player_num': 1, 'source': 'base'}
2026-01-12 23:04:18,368 : INFO : SwitchController : <<<<<<< 's_right_lower_pop' inactive >>>>>>>
2026-01-12 23:04:18,549 : INFO : SwitchController : <<<<<<< 's_right_lower_pop' active >>>>>>>
2026-01-12 23:04:18,549 : INFO : EventManager : Event: ======'s_right_lower_pop_active'====== Args={}
2026-01-12 23:04:18,549 : INFO : EventManager : Event: ======'machine_var_audits_switches_s_right_lower_pop'====== Args={'value': 1793, 'prev_value': 1792, 'change': 1}
2026-01-12 23:04:18,550 : INFO : EventManager : Event: ======'machine_var_audits_shots_pop3'====== Args={'value': 1019, 'prev_value': 1018, 'change': 1}
2026-01-12 23:04:18,552 : INFO : EventManager : Event: ======'pop3_hit'====== Args={'profile': 'base_shot_profile', 'state': 'off', 'advancing': False}
2026-01-12 23:04:18,552 : INFO : EventManager : Event: ======'pop3_base_shot_profile_hit'====== Args={'profile': 'base_shot_profile', 'state': 'off', 'advancing': False}
2026-01-12 23:04:18,552 : INFO : EventManager : Event: ======'pop3_base_shot_profile_off_hit'====== Args={'profile': 'base_shot_profile', 'state': 'off', 'advancing': False}
2026-01-12 23:04:18,552 : INFO : EventManager : Event: ======'pop3_off_hit'====== Args={'profile': 'base_shot_profile', 'state': 'off', 'advancing': False}
2026-01-12 23:04:18,553 : INFO : EventManager : Event: ======'item_highlighted'====== Args={'carousel': 'carousel', 'direction': 'backwards', 'item': 'tripletrouble'}
2026-01-12 23:04:18,554 : INFO : EventManager : Event: ======'player_score'====== Args={'value': 6660, 'prev_value': 5550, 'change': 1110, 'player_num': 1, 'source': 'base'}
2026-01-12 23:04:18,666 : INFO : SwitchController : <<<<<<< 's_right_lower_pop' inactive >>>>>>>
2026-01-12 23:04:18,817 : INFO : SwitchController : <<<<<<< 's_right_lower_pop' active >>>>>>>
2026-01-12 23:04:18,817 : INFO : EventManager : Event: ======'s_right_lower_pop_active'====== Args={}
2026-01-12 23:04:18,817 : INFO : EventManager : Event: ======'machine_var_audits_switches_s_right_lower_pop'====== Args={'value': 1794, 'prev_value': 1793, 'change': 1}
2026-01-12 23:04:18,818 : INFO : EventManager : Event: ======'machine_var_audits_shots_pop3'====== Args={'value': 1020, 'prev_value': 1019, 'change': 1}
2026-01-12 23:04:18,819 : INFO : EventManager : Event: ======'pop3_hit'====== Args={'profile': 'base_shot_profile', 'state': 'off', 'advancing': False}
2026-01-12 23:04:18,819 : INFO : EventManager : Event: ======'pop3_base_shot_profile_hit'====== Args={'profile': 'base_shot_profile', 'state': 'off', 'advancing': False}
2026-01-12 23:04:18,819 : INFO : EventManager : Event: ======'pop3_base_shot_profile_off_hit'====== Args={'profile': 'base_shot_profile', 'state': 'off', 'advancing': False}
2026-01-12 23:04:18,820 : INFO : EventManager : Event: ======'pop3_off_hit'====== Args={'profile': 'base_shot_profile', 'state': 'off', 'advancing': False}
2026-01-12 23:04:18,820 : INFO : EventManager : Event: ======'item_highlighted'====== Args={'carousel': 'carousel', 'direction': 'backwards', 'item': 'paulrevere'}
2026-01-12 23:04:18,821 : INFO : EventManager : Event: ======'player_score'====== Args={'value': 7770, 'prev_value': 6660, 'change': 1110, 'player_num': 1, 'source': 'base'}
2026-01-12 23:04:18,916 : INFO : SwitchController : <<<<<<< 's_right_lower_pop' inactive >>>>>>>
2026-01-12 23:04:19,017 : INFO : SwitchController : <<<<<<< 's_right_lower_pop' active >>>>>>>
2026-01-12 23:04:19,017 : INFO : EventManager : Event: ======'s_right_lower_pop_active'====== Args={}
2026-01-12 23:04:19,018 : INFO : EventManager : Event: ======'machine_var_audits_switches_s_right_lower_pop'====== Args={'value': 1795, 'prev_value': 1794, 'change': 1}
2026-01-12 23:04:19,018 : INFO : EventManager : Event: ======'machine_var_audits_shots_pop3'====== Args={'value': 1021, 'prev_value': 1020, 'change': 1}
2026-01-12 23:04:19,019 : INFO : EventManager : Event: ======'pop3_hit'====== Args={'profile': 'base_shot_profile', 'state': 'off', 'advancing': False}
2026-01-12 23:04:19,019 : INFO : EventManager : Event: ======'pop3_base_shot_profile_hit'====== Args={'profile': 'base_shot_profile', 'state': 'off', 'advancing': False}
2026-01-12 23:04:19,019 : INFO : EventManager : Event: ======'pop3_base_shot_profile_off_hit'====== Args={'profile': 'base_shot_profile', 'state': 'off', 'advancing': False}
2026-01-12 23:04:19,019 : INFO : EventManager : Event: ======'pop3_off_hit'====== Args={'profile': 'base_shot_profile', 'state': 'off', 'advancing': False}
2026-01-12 23:04:19,019 : INFO : EventManager : Event: ======'item_highlighted'====== Args={'carousel': 'carousel', 'direction': 'backwards', 'item': 'intergalactic'}
2026-01-12 23:04:19,022 : INFO : EventManager : Event: ======'player_score'====== Args={'value': 8880, 'prev_value': 7770, 'change': 1110, 'player_num': 1, 'source': 'base'}
2026-01-12 23:04:19,134 : INFO : SwitchController : <<<<<<< 's_right_lower_pop' inactive >>>>>>>
2026-01-12 23:04:19,234 : INFO : SwitchController : <<<<<<< 's_right_lower_pop' active >>>>>>>
2026-01-12 23:04:19,235 : INFO : EventManager : Event: ======'s_right_lower_pop_active'====== Args={}
2026-01-12 23:04:19,235 : INFO : EventManager : Event: ======'machine_var_audits_switches_s_right_lower_pop'====== Args={'value': 1796, 'prev_value': 1795, 'change': 1}
2026-01-12 23:04:19,236 : INFO : EventManager : Event: ======'machine_var_audits_shots_pop3'====== Args={'value': 1022, 'prev_value': 1021, 'change': 1}
2026-01-12 23:04:19,237 : INFO : EventManager : Event: ======'pop3_hit'====== Args={'profile': 'base_shot_profile', 'state': 'off', 'advancing': False}
2026-01-12 23:04:19,237 : INFO : EventManager : Event: ======'pop3_base_shot_profile_hit'====== Args={'profile': 'base_shot_profile', 'state': 'off', 'advancing': False}
2026-01-12 23:04:19,237 : INFO : EventManager : Event: ======'pop3_base_shot_profile_off_hit'====== Args={'profile': 'base_shot_profile', 'state': 'off', 'advancing': False}
2026-01-12 23:04:19,238 : INFO : EventManager : Event: ======'pop3_off_hit'====== Args={'profile': 'base_shot_profile', 'state': 'off', 'advancing': False}
2026-01-12 23:04:19,238 : INFO : EventManager : Event: ======'item_highlighted'====== Args={'carousel': 'carousel', 'direction': 'backwards', 'item': 'fingerlickingood'}
2026-01-12 23:04:19,239 : INFO : EventManager : Event: ======'player_score'====== Args={'value': 9990, 'prev_value': 8880, 'change': 1110, 'player_num': 1, 'source': 'base'}
2026-01-12 23:04:19,351 : INFO : SwitchController : <<<<<<< 's_right_lower_pop' inactive >>>>>>>
2026-01-12 23:04:19,549 : INFO : SwitchController : <<<<<<< 's_right_lower_pop' active >>>>>>>
2026-01-12 23:04:19,549 : INFO : EventManager : Event: ======'s_right_lower_pop_active'====== Args={}
2026-01-12 23:04:19,549 : INFO : EventManager : Event: ======'machine_var_audits_switches_s_right_lower_pop'====== Args={'value': 1797, 'prev_value': 1796, 'change': 1}
2026-01-12 23:04:19,551 : INFO : EventManager : Event: ======'machine_var_audits_shots_pop3'====== Args={'value': 1023, 'prev_value': 1022, 'change': 1}
2026-01-12 23:04:19,552 : INFO : EventManager : Event: ======'pop3_hit'====== Args={'profile': 'base_shot_profile', 'state': 'off', 'advancing': False}
2026-01-12 23:04:19,552 : INFO : EventManager : Event: ======'pop3_base_shot_profile_hit'====== Args={'profile': 'base_shot_profile', 'state': 'off', 'advancing': False}
2026-01-12 23:04:19,552 : INFO : EventManager : Event: ======'pop3_base_shot_profile_off_hit'====== Args={'profile': 'base_shot_profile', 'state': 'off', 'advancing': False}
2026-01-12 23:04:19,552 : INFO : EventManager : Event: ======'pop3_off_hit'====== Args={'profile': 'base_shot_profile', 'state': 'off', 'advancing': False}
2026-01-12 23:04:19,552 : INFO : EventManager : Event: ======'item_highlighted'====== Args={'carousel': 'carousel', 'direction': 'backwards', 'item': 'toomanyrappers'}
2026-01-12 23:04:19,553 : INFO : EventManager : Event: ======'player_score'====== Args={'value': 11100, 'prev_value': 9990, 'change': 1110, 'player_num': 1, 'source': 'base'}
2026-01-12 23:04:19,683 : INFO : SwitchController : <<<<<<< 's_right_lower_pop' inactive >>>>>>>
2026-01-12 23:04:20,851 : INFO : SwitchController : <<<<<<< 's_scoop' active >>>>>>>
2026-01-12 23:04:20,851 : INFO : EventManager : Event: ======'s_scoop_active'====== Args={}
2026-01-12 23:04:20,852 : INFO : EventManager : Event: ======'machine_var_audits_switches_s_scoop'====== Args={'value': 983, 'prev_value': 982, 'change': 1}
2026-01-12 23:04:20,853 : INFO : EventManager : Event: ======'machine_var_audits_shots_scoop'====== Args={'value': 638, 'prev_value': 637, 'change': 1}
2026-01-12 23:04:20,853 : INFO : EventManager : Event: ======'scoop_hit'====== Args={'profile': 'base_shot_profile', 'state': 'off', 'advancing': False}
2026-01-12 23:04:20,854 : INFO : EventManager : Event: ======'scoop_base_shot_profile_hit'====== Args={'profile': 'base_shot_profile', 'state': 'off', 'advancing': False}
2026-01-12 23:04:20,855 : INFO : EventManager : Event: ======'scoop_base_shot_profile_off_hit'====== Args={'profile': 'base_shot_profile', 'state': 'off', 'advancing': False}
2026-01-12 23:04:20,855 : INFO : EventManager : Event: ======'scoop_off_hit'====== Args={'profile': 'base_shot_profile', 'state': 'off', 'advancing': False}
2026-01-12 23:04:20,855 : INFO : EventManager : Event: ======'carousel_toomanyrappers_selected'====== Args={}
2026-01-12 23:04:20,855 : INFO : EventManager : Event: ======'carousel_item_selected'====== Args={}
2026-01-12 23:04:20,856 : INFO : EventManager : Event: ======'player_score'====== Args={'value': 13410, 'prev_value': 11100, 'change': 2310, 'player_num': 1, 'source': 'base'}
2026-01-12 23:04:20,856 : INFO : EventManager : Event: ======'logicblock_superpops_counter_updated'====== Args={'value': 1, 'enabled': True}
2026-01-12 23:04:20,856 : INFO : EventManager : Event: ======'counter_superpops_counter_hit'====== Args={'count': 1, 'hits': 1, 'remaining': 6}
2026-01-12 23:04:20,856 : INFO : EventManager : Event: ======'logicblock_superpops_counter_hit'====== Args={'count': 1, 'hits': 1, 'remaining': 6}
2026-01-12 23:04:20,857 : INFO : EventManager : Event: ======'logicblock_battery_charged_status_updated'====== Args={'value': -5, 'enabled': False}
2026-01-12 23:04:20,857 : INFO : EventManager : Event: ======'mode_toomanyrappers_will_start'====== Args={}
2026-01-12 23:04:20,858 : INFO : EventManager : Event: ======'player_toomanyrappers_toomanyrappers_intro_show_tick'====== Args={'value': 0, 'prev_value': 0, 'change': 0, 'player_num': 1}
2026-01-12 23:04:20,859 : INFO : EventManager : Event: ======'player_toomanyrappers_toomanyrappers_left_tick'====== Args={'value': 0, 'prev_value': 0, 'change': 0, 'player_num': 1}
2026-01-12 23:04:20,859 : INFO : EventManager : Event: ======'player_toomanyrappers_toomanyrappers_time_remaining_tick'====== Args={'value': 60, 'prev_value': 0, 'change': 60, 'player_num': 1}
2026-01-12 23:04:20,859 : INFO : EventManager : Event: ======'player_shot_toomanyrappers_leftorbit_enabled'====== Args={'value': True, 'prev_value': 0, 'change': 1, 'player_num': 1}
2026-01-12 23:04:20,861 : INFO : EventManager : Event: ======'player_shot_toomanyrappers_leftramp_enabled'====== Args={'value': True, 'prev_value': 0, 'change': 1, 'player_num': 1}
2026-01-12 23:04:20,862 : INFO : EventManager : Event: ======'player_shot_toomanyrappers_captiveball_enabled'====== Args={'value': True, 'prev_value': 0, 'change': 1, 'player_num': 1}
2026-01-12 23:04:20,862 : INFO : EventManager : Event: ======'player_shot_toomanyrappers_scoop_enabled'====== Args={'value': True, 'prev_value': 0, 'change': 1, 'player_num': 1}
2026-01-12 23:04:20,862 : INFO : EventManager : Event: ======'player_shot_toomanyrappers_rightramp_enabled'====== Args={'value': True, 'prev_value': 0, 'change': 1, 'player_num': 1}
2026-01-12 23:04:20,862 : INFO : EventManager : Event: ======'player_shot_toomanyrappers_rightorbit_enabled'====== Args={'value': True, 'prev_value': 0, 'change': 1, 'player_num': 1}
2026-01-12 23:04:20,862 : INFO : EventManager : Event: ======'toomanyrappers_roving_shot_complete'====== Args={'state': 'off'}
2026-01-12 23:04:20,862 : INFO : EventManager : Event: ======'toomanyrappers_roving_shot_off_complete'====== Args={}
2026-01-12 23:04:20,868 : INFO : EventManager : Event: ======'mode_toomanyrappers_starting'====== Args={}
2026-01-12 23:04:20,869 : INFO : EventManager : Event: ======'player_selected_mode'====== Args={'value': 'Too Many Rappers', 'prev_value': 0, 'change': True, 'player_num': 1, 'source': 'carousel'}
2026-01-12 23:04:20,870 : INFO : EventManager : Event: ======'mode_carousel_will_stop'====== Args={}
2026-01-12 23:04:20,871 : INFO : EventManager : Event: ======'mode_carousel_stopping'====== Args={}
2026-01-12 23:04:20,871 : INFO : blinkenlight.bl_scoop_arrow_led : Color removed with key carousel
2026-01-12 23:04:20,877 : INFO : EventManager : Event: ======'player_charges_remaining_variable'====== Args={'value': -5, 'prev_value': 0, 'change': -5, 'player_num': 1, 'source': 'batterycharger'}
2026-01-12 23:04:20,882 : INFO : Mode.carousel : Stopped.
2026-01-12 23:04:20,882 : INFO : EventManager : Event: ======'modes_active_modes_changed'====== Args={}
2026-01-12 23:04:20,882 : INFO : EventManager : Event: ======'mode_carousel_stopped'====== Args={}
2026-01-12 23:04:20,884 : INFO : EventManager : Event: ======'clear'====== Args={'key': 'carousel'}
2026-01-12 23:04:20,907 : INFO : EventManager : Event: ======'logicblock_load_rhymes_once_updated'====== Args={'value': 0, 'enabled': False}
2026-01-12 23:04:20,907 : INFO : EventManager : Event: ======'logicblock_spit_rhymes_once_updated'====== Args={'value': 0, 'enabled': False}
2026-01-12 23:04:20,907 : INFO : EventManager : Event: ======'logicblock_load_rhymes_twice_updated'====== Args={'value': 0, 'enabled': False}
2026-01-12 23:04:20,907 : INFO : EventManager : Event: ======'logicblock_spit_rhymes_twice_updated'====== Args={'value': 0, 'enabled': False}
2026-01-12 23:04:20,907 : INFO : Mode.toomanyrappers : Started. Priority: 1000
2026-01-12 23:04:20,907 : INFO : EventManager : Event: ======'modes_active_modes_changed'====== Args={}
2026-01-12 23:04:20,907 : INFO : EventManager : Event: ======'mode_toomanyrappers_started'====== Args={}
2026-01-12 23:04:20,909 : INFO : EventManager : Event: ======'player_mode_blocking_flag'====== Args={'value': 1, 'prev_value': 0, 'change': 1, 'player_num': 1, 'source': 'toomanyrappers'}
2026-01-12 23:04:20,909 : INFO : EventManager : Event: ======'player_toomanyrappers_rhymes_loaded'====== Args={'value': 0, 'prev_value': 0, 'change': 0, 'player_num': 1, 'source': 'toomanyrappers'}
2026-01-12 23:04:20,909 : INFO : EventManager : Event: ======'achievement_toomanyrappers_mode_changed_state'====== Args={'restore': False, 'state': 'started', 'selected': False}
2026-01-12 23:04:20,909 : INFO : EventManager : Event: ======'achievement_toomanyrappers_mode_state_started'====== Args={'restore': False, 'state': 'started', 'selected': False}
2026-01-12 23:04:20,911 : INFO : EventManager : Event: ======'player_mode_toomanyrappers_score'====== Args={'value': 0, 'prev_value': 0, 'change': 0, 'player_num': 1, 'source': 'base'}
2026-01-12 23:04:20,911 : INFO : EventManager : Event: ======'player_modes_played'====== Args={'value': 1, 'prev_value': 0, 'change': 1, 'player_num': 1, 'source': 'base'}
2026-01-12 23:04:20,912 : INFO : EventManager : Event: ======'player_battery_charged_yesorno'====== Args={'value': 0, 'prev_value': 1, 'change': -1, 'player_num': 1, 'source': 'base'}
2026-01-12 23:04:20,912 : INFO : EventManager : Event: ======'logicblock_played_modes_count_updated'====== Args={'value': 1, 'enabled': True}
2026-01-12 23:04:20,912 : INFO : EventManager : Event: ======'counter_played_modes_count_hit'====== Args={'count': 1, 'hits': 1, 'remaining': -2}
2026-01-12 23:04:20,912 : INFO : EventManager : Event: ======'logicblock_played_modes_count_hit'====== Args={'count': 1, 'hits': 1, 'remaining': -2}
2026-01-12 23:04:20,912 : INFO : EventManager : Event: ======'logicblock_played_modes_count_complete'====== Args={}
2026-01-12 23:04:20,913 : INFO : Timer.toomanyrappers_intro_show : Starting Timer.
2026-01-12 23:04:20,913 : INFO : EventManager : Event: ======'timer_toomanyrappers_intro_show_started'====== Args={'ticks': 0, 'ticks_remaining': 10}
2026-01-12 23:04:20,913 : INFO : EventManager : Event: ======'timer_toomanyrappers_intro_show_tick'====== Args={'ticks': 0, 'ticks_remaining': 10}
2026-01-12 23:04:20,913 : INFO : Timer.toomanyrappers_left : Starting Timer.
2026-01-12 23:04:20,913 : INFO : EventManager : Event: ======'timer_toomanyrappers_left_started'====== Args={'ticks': 0, 'ticks_remaining': 7}
2026-01-12 23:04:20,914 : INFO : EventManager : Event: ======'timer_toomanyrappers_left_tick'====== Args={'ticks': 0, 'ticks_remaining': 7}
2026-01-12 23:04:20,944 : INFO : EventManager : Event: ======'player_toomanyrappers_intro_show_variable_times_100'====== Args={'value': 0, 'prev_value': 0, 'change': 0, 'player_num': 1, 'source': 'toomanyrappers'}
2026-01-12 23:04:20,946 : INFO : EventManager : Event: ======'slide_current_mode_highlighted_removed'====== Args={'_from_bcp': True}
2026-01-12 23:04:20,968 : INFO : EventManager : Event: ======'slide_base_removed'====== Args={'_from_bcp': True}
2026-01-12 23:04:20,968 : INFO : EventManager : Event: ======'slide_basevideo4_removed'====== Args={'_from_bcp': True}
2026-01-12 23:04:20,993 : INFO : EventManager : Event: ======'slide_toomanyrappers_created'====== Args={'_from_bcp': True}
2026-01-12 23:04:20,999 : INFO : EventManager : Event: ======'slide_toomanyrappers_instructions_created'====== Args={'_from_bcp': True}
2026-01-12 23:04:21,373 : INFO : EventManager : Event: ======'balldevice_bd_scoop_ball_count_changed'====== Args={'balls': 1}
2026-01-12 23:04:21,374 : INFO : ball_device.bd_scoop : Received unexpected ball
2026-01-12 23:04:21,374 : INFO : EventManager : Event: ======'balldevice_captured_from_playfield'====== Args={'balls': 1}
2026-01-12 23:04:21,375 : INFO : EventManager : Event: ======'sw_playfield_active'====== Args={'balls': 1}
2026-01-12 23:04:21,375 : INFO : EventManager : Event: ======'playfield_ball_count_change'====== Args={'balls': 0, 'change': -1}
2026-01-12 23:04:21,376 : INFO : EventManager : Event: ======'balldevice_bd_scoop_ball_enter'====== Args={'new_balls': 1, 'unclaimed_balls': 1, 'new_available_balls': 1, 'device': <ball_device.bd_scoop>}
2026-01-12 23:04:21,377 : INFO : EventManager : Event: ======'ball_hold_toomanyrappers_scoop_hold_held_ball'====== Args={'balls_held': 1, 'total_balls_held': 1}
2026-01-12 23:04:21,377 : INFO : EventManager : Event: ======'ball_hold_toomanyrappers_scoop_hold_full'====== Args={'balls': 1}
2026-01-12 23:04:21,378 : INFO : EventManager : Event: ======'balldevice_balls_available'====== Args={}
2026-01-12 23:04:21,378 : INFO : EventManager : Event: ======'balldevice_bd_scoop_ball_entered'====== Args={'new_balls': 1, 'device': <ball_device.bd_scoop>}
2026-01-12 23:04:21,934 : INFO : EventManager : Event: ======'player_toomanyrappers_toomanyrappers_left_tick'====== Args={'value': 1, 'prev_value': 0, 'change': 1, 'player_num': 1}
2026-01-12 23:04:21,936 : INFO : EventManager : Event: ======'timer_toomanyrappers_left_tick'====== Args={'ticks': 1, 'ticks_remaining': 6}
2026-01-12 23:04:21,936 : INFO : EventManager : Event: ======'player_toomanyrappers_toomanyrappers_intro_show_tick'====== Args={'value': 1, 'prev_value': 0, 'change': 1, 'player_num': 1}
2026-01-12 23:04:21,936 : INFO : EventManager : Event: ======'timer_toomanyrappers_intro_show_tick'====== Args={'ticks': 1, 'ticks_remaining': 9}
2026-01-12 23:04:21,937 : INFO : EventManager : Event: ======'ball_save_default_hurry_up'====== Args={}
2026-01-12 23:04:21,949 : INFO : EventManager : Event: ======'player_toomanyrappers_intro_show_variable_times_100'====== Args={'value': 100, 'prev_value': 0, 'change': 100, 'player_num': 1, 'source': 'toomanyrappers'}
2026-01-12 23:04:21,965 : INFO : SwitchController : <<<<<<< 's_right_flipper' active >>>>>>>
2026-01-12 23:04:21,965 : INFO : EventManager : Event: ======'s_right_flipper_active'====== Args={}
2026-01-12 23:04:21,966 : INFO : EventManager : Event: ======'machine_var_audits_switches_s_right_flipper'====== Args={'value': 2536, 'prev_value': 2535, 'change': 1}
2026-01-12 23:04:21,967 : INFO : SwitchController : <<<<<<< 's_left_flipper' active >>>>>>>
2026-01-12 23:04:21,967 : INFO : EventManager : Event: ======'s_left_flipper_active'====== Args={}
2026-01-12 23:04:21,967 : INFO : EventManager : Event: ======'flipper_cancel'====== Args={'triggering_group': 1, 'triggering_switch': 's_left_flipper'}
2026-01-12 23:04:21,967 : INFO : EventManager : Event: ======'machine_var_audits_switches_s_left_flipper'====== Args={'value': 1626, 'prev_value': 1625, 'change': 1}
2026-01-12 23:04:21,969 : INFO : EventManager : Event: ======'player_toomanyrappers_toomanyrappers_intro_show_tick'====== Args={'value': 10, 'prev_value': 1, 'change': 9, 'player_num': 1}
2026-01-12 23:04:21,970 : INFO : Timer.toomanyrappers_intro_show : Timer Complete
2026-01-12 23:04:21,970 : INFO : Timer.toomanyrappers_intro_show : Stopping Timer
2026-01-12 23:04:21,970 : INFO : EventManager : Event: ======'timer_toomanyrappers_intro_show_stopped'====== Args={'ticks': 10, 'ticks_remaining': 9}
2026-01-12 23:04:21,970 : INFO : EventManager : Event: ======'timer_toomanyrappers_intro_show_complete'====== Args={'ticks': 10, 'ticks_remaining': 9}
2026-01-12 23:04:21,978 : INFO : EventManager : Event: ======'logicblock_load_rhymes_once_updated'====== Args={'value': 0, 'enabled': True}
2026-01-12 23:04:21,978 : INFO : ball_device.bd_scoop : Adding 1 ball(s) to the eject_queue with target <playfield.playfield>.
2026-01-12 23:04:21,978 : INFO : EventManager : Event: ======'balldevice_balls_available'====== Args={}
2026-01-12 23:04:21,979 : INFO : EventManager : Event: ======'ball_hold_toomanyrappers_scoop_hold_balls_released'====== Args={'balls_released': 1}
2026-01-12 23:04:21,979 : INFO : EventManager : Event: ======'advance_toomanyrappers_rightorbit'====== Args={'priority': 0}
2026-01-12 23:04:21,982 : INFO : Timer.toomanyrappers_time_remaining : Starting Timer.
2026-01-12 23:04:21,982 : INFO : EventManager : Event: ======'timer_toomanyrappers_time_remaining_started'====== Args={'ticks': 60, 'ticks_remaining': 60}
2026-01-12 23:04:21,982 : INFO : EventManager : Event: ======'timer_toomanyrappers_time_remaining_tick'====== Args={'ticks': 60, 'ticks_remaining': 60}
2026-01-12 23:04:21,983 : INFO : EventManager : Event: ======'ball_save_mode_start_timer_start'====== Args={}
2026-01-12 23:04:21,984 : INFO : EventManager : Event: ======'ball_save_mode_start_enabled'====== Args={}
2026-01-12 23:04:21,984 : INFO : EventManager : Event: ======'player_shot_toomanyrappers_rightorbit'====== Args={'value': 1, 'prev_value': 0, 'change': 1, 'player_num': 1}
2026-01-12 23:04:21,986 : INFO : EventManager : Event: ======'player_toomanyrappers_time_remaining_variable_times_1'====== Args={'value': 60, 'prev_value': 0, 'change': 60, 'player_num': 1, 'source': 'toomanyrappers'}
2026-01-12 23:04:21,998 : INFO : ball_device.bd_scoop : State: waiting_for_target_ready
2026-01-12 23:04:21,999 : INFO : EventManager : Event: ======'balldevice_bd_scoop_ball_eject_attempt'====== Args={'balls': 1, 'target': <playfield.playfield>, 'source': <ball_device.bd_scoop>, 'mechanical_eject': False, 'num_attempts': 0}
2026-01-12 23:04:22,000 : INFO : ball_device.bd_scoop : State: ejecting
2026-01-12 23:04:22,001 : INFO : ball_device.bd_scoop : Ejecting ball to <playfield.playfield>
2026-01-12 23:04:22,001 : INFO : EventManager : Event: ======'balldevice_bd_scoop_ejecting_ball'====== Args={'balls': 1, 'target': <playfield.playfield>, 'source': <ball_device.bd_scoop>, 'mechanical_eject': False, 'num_attempts': 0}
2026-01-12 23:04:22,001 : INFO : EventManager : Event: ======'slide_toomanyrappers_instructions_removed'====== Args={'_from_bcp': True}
2026-01-12 23:04:22,006 : INFO : ball_device.bd_scoop : Wait for ball to leave device
2026-01-12 23:04:22,006 : INFO : coil.c_scoop_eject : Pulsing Driver for 25ms (1.0 pulse_power)
2026-01-12 23:04:22,007 : INFO : SwitchController : <<<<<<< 's_scoop' inactive >>>>>>>
2026-01-12 23:04:22,015 : INFO : EventManager : Event: ======'slide_toomanyrappers_rhymes_counter_created'====== Args={'_from_bcp': True}
2026-01-12 23:04:22,017 : INFO : ball_device.bd_scoop : State: ball_left
2026-01-12 23:04:22,017 : INFO : ball_device.bd_scoop : Ball left
2026-01-12 23:04:22,017 : INFO : ball_device.bd_scoop : Wait for confirm with timeout 3.0
2026-01-12 23:04:22,438 : INFO : EventManager : Event: ======'slide_toomanyrappers_display_timer_created'====== Args={'_from_bcp': True}
2026-01-12 23:04:22,439 : INFO : EventManager : Event: ======'slide_super_circles_inactive'====== Args={'is_removing': False, '_from_bcp': True}
2026-01-12 23:04:22,440 : INFO : EventManager : Event: ======'slide_toomanyrappers_display_timer_active'====== Args={'original_context': 'toomanyrappers', 'original_calling_context': 'timer_toomanyrappers_intro_show_complete', 'priority': 1000.0, 'ticks': 10.0, 'ticks_remaining': 9.0, 'cmd': 'slides_play', '_from_bcp': True}
2026-01-12 23:04:22,598 : INFO : SwitchController : <<<<<<< 's_left_flipper' inactive >>>>>>>
2026-01-12 23:04:22,599 : INFO : EventManager : Event: ======'sw_left_flipper_inactive'====== Args={}
2026-01-12 23:04:22,601 : INFO : EventManager : Event: ======'both_flippers_one'====== Args={'triggering_group': 1, 'triggering_switch': 's_left_flipper'}
2026-01-12 23:04:22,602 : INFO : SwitchController : <<<<<<< 's_right_flipper' inactive >>>>>>>
2026-01-12 23:04:22,603 : INFO : EventManager : Event: ======'sw_right_flipper_inactive'====== Args={}
2026-01-12 23:04:22,603 : INFO : EventManager : Event: ======'both_flippers_inactive'====== Args={'triggering_group': 2, 'triggering_switch': 's_right_flipper'}
2026-01-12 23:04:22,918 : INFO : EventManager : Event: ======'player_toomanyrappers_toomanyrappers_left_tick'====== Args={'value': 2, 'prev_value': 1, 'change': 1, 'player_num': 1}
2026-01-12 23:04:22,919 : INFO : EventManager : Event: ======'timer_toomanyrappers_left_tick'====== Args={'ticks': 2, 'ticks_remaining': 5}
2026-01-12 23:04:22,982 : INFO : EventManager : Event: ======'player_toomanyrappers_toomanyrappers_time_remaining_tick'====== Args={'value': 59, 'prev_value': 60, 'change': -1, 'player_num': 1}
2026-01-12 23:04:22,984 : INFO : EventManager : Event: ======'timer_toomanyrappers_time_remaining_tick'====== Args={'ticks': 59, 'ticks_remaining': 59}
2026-01-12 23:04:22,990 : INFO : EventManager : Event: ======'player_toomanyrappers_time_remaining_variable_times_1'====== Args={'value': 59, 'prev_value': 60, 'change': -1, 'player_num': 1, 'source': 'toomanyrappers'}
2026-01-12 23:04:23,919 : INFO : EventManager : Event: ======'player_toomanyrappers_toomanyrappers_left_tick'====== Args={'value': 3, 'prev_value': 2, 'change': 1, 'player_num': 1}
2026-01-12 23:04:23,919 : INFO : EventManager : Event: ======'timer_toomanyrappers_left_tick'====== Args={'ticks': 3, 'ticks_remaining': 4}
2026-01-12 23:04:23,996 : INFO : EventManager : Event: ======'player_toomanyrappers_toomanyrappers_time_remaining_tick'====== Args={'value': 58, 'prev_value': 59, 'change': -1, 'player_num': 1}
2026-01-12 23:04:23,998 : INFO : EventManager : Event: ======'timer_toomanyrappers_time_remaining_tick'====== Args={'ticks': 58, 'ticks_remaining': 58}
2026-01-12 23:04:24,004 : INFO : EventManager : Event: ======'player_toomanyrappers_time_remaining_variable_times_1'====== Args={'value': 58, 'prev_value': 59, 'change': -1, 'player_num': 1, 'source': 'toomanyrappers'}
2026-01-12 23:04:24,932 : INFO : EventManager : Event: ======'player_toomanyrappers_toomanyrappers_left_tick'====== Args={'value': 4, 'prev_value': 3, 'change': 1, 'player_num': 1}
2026-01-12 23:04:24,933 : INFO : EventManager : Event: ======'timer_toomanyrappers_left_tick'====== Args={'ticks': 4, 'ticks_remaining': 3}
2026-01-12 23:04:24,994 : INFO : EventManager : Event: ======'player_toomanyrappers_toomanyrappers_time_remaining_tick'====== Args={'value': 57, 'prev_value': 58, 'change': -1, 'player_num': 1}
2026-01-12 23:04:24,996 : INFO : EventManager : Event: ======'timer_toomanyrappers_time_remaining_tick'====== Args={'ticks': 57, 'ticks_remaining': 57}
2026-01-12 23:04:24,996 : INFO : EventManager : Event: ======'ball_save_mode_start_hurry_up'====== Args={}
2026-01-12 23:04:25,001 : INFO : EventManager : Event: ======'player_toomanyrappers_time_remaining_variable_times_1'====== Args={'value': 57, 'prev_value': 58, 'change': -1, 'player_num': 1, 'source': 'toomanyrappers'}
2026-01-12 23:04:25,013 : INFO : ball_device.bd_scoop : State: failed_confirm
2026-01-12 23:04:25,013 : INFO : ball_device.bd_scoop : Got timeout (3.0s) before confirm from <playfield.playfield>
2026-01-12 23:04:25,122 : INFO : ball_device.bd_scoop : Confirming eject because target is playfield and ball did not return.
2026-01-12 23:04:25,122 : INFO : ball_device.bd_scoop : Eject successful
2026-01-12 23:04:25,122 : INFO : EventManager : Event: ======'balldevice_bd_scoop_ball_eject_success'====== Args={'balls': 1, 'target': <playfield.playfield>}
2026-01-12 23:04:25,123 : INFO : EventManager : Event: ======'balldevice_playfield_ball_enter'====== Args={'new_balls': 1, 'unclaimed_balls': 1, 'device': <playfield.playfield>}
2026-01-12 23:04:25,123 : INFO : EventManager : Event: ======'playfield_ball_count_change'====== Args={'balls': 1, 'change': 1}
2026-01-12 23:04:25,125 : INFO : EventManager : Event: ======'balldevice_bd_scoop_ball_count_changed'====== Args={'balls': 0}
2026-01-12 23:04:25,125 : INFO : ball_device.bd_scoop : State: idle
2026-01-12 23:04:25,486 : INFO : SwitchController : <<<<<<< 's_right_orbit' active >>>>>>>
2026-01-12 23:04:25,486 : INFO : EventManager : Event: ======'s_right_orbit_active'====== Args={}
2026-01-12 23:04:25,487 : INFO : EventManager : Event: ======'machine_var_audits_switches_s_right_orbit'====== Args={'value': 433, 'prev_value': 432, 'change': 1}
2026-01-12 23:04:25,491 : INFO : EventManager : Event: ======'player_score'====== Args={'value': 13520, 'prev_value': 13410, 'change': 110, 'player_num': 1, 'source': 'base'}
2026-01-12 23:04:25,614 : INFO : SwitchController : <<<<<<< 's_right_orbit' inactive >>>>>>>
2026-01-12 23:04:25,906 : INFO : EventManager : Event: ======'player_toomanyrappers_toomanyrappers_left_tick'====== Args={'value': 5, 'prev_value': 4, 'change': 1, 'player_num': 1}
2026-01-12 23:04:25,907 : INFO : EventManager : Event: ======'timer_toomanyrappers_left_tick'====== Args={'ticks': 5, 'ticks_remaining': 2}
2026-01-12 23:04:25,953 : INFO : EventManager : Event: ======'ball_save_default_grace_period'====== Args={}
2026-01-12 23:04:25,984 : INFO : EventManager : Event: ======'player_toomanyrappers_toomanyrappers_time_remaining_tick'====== Args={'value': 56, 'prev_value': 57, 'change': -1, 'player_num': 1}
2026-01-12 23:04:25,986 : INFO : EventManager : Event: ======'timer_toomanyrappers_time_remaining_tick'====== Args={'ticks': 56, 'ticks_remaining': 56}
2026-01-12 23:04:25,991 : INFO : EventManager : Event: ======'player_toomanyrappers_time_remaining_variable_times_1'====== Args={'value': 56, 'prev_value': 57, 'change': -1, 'player_num': 1, 'source': 'toomanyrappers'}
2026-01-12 23:04:26,845 : INFO : SwitchController : <<<<<<< 's_left_orbit' active >>>>>>>
2026-01-12 23:04:26,845 : INFO : EventManager : Event: ======'s_left_orbit_active'====== Args={}
2026-01-12 23:04:26,846 : INFO : EventManager : Event: ======'machine_var_audits_switches_s_left_orbit'====== Args={'value': 344, 'prev_value': 343, 'change': 1}
2026-01-12 23:04:26,848 : INFO : EventManager : Event: ======'player_score'====== Args={'value': 13630, 'prev_value': 13520, 'change': 110, 'player_num': 1, 'source': 'base'}
2026-01-12 23:04:26,849 : INFO : EventManager : Event: ======'right_orbit_sequence_hit'====== Args={'elapsed': 1.3599999999860302}
2026-01-12 23:04:26,854 : INFO : EventManager : Event: ======'machine_var_audits_shots_right_orbit'====== Args={'value': 160, 'prev_value': 159, 'change': 1}
2026-01-12 23:04:26,855 : INFO : EventManager : Event: ======'right_orbit_hit'====== Args={'profile': 'base_shot_profile', 'state': 'off', 'advancing': False}
2026-01-12 23:04:26,856 : INFO : EventManager : Event: ======'right_orbit_base_shot_profile_hit'====== Args={'profile': 'base_shot_profile', 'state': 'off', 'advancing': False}
2026-01-12 23:04:26,856 : INFO : EventManager : Event: ======'right_orbit_base_shot_profile_off_hit'====== Args={'profile': 'base_shot_profile', 'state': 'off', 'advancing': False}
2026-01-12 23:04:26,856 : INFO : EventManager : Event: ======'right_orbit_off_hit'====== Args={'profile': 'base_shot_profile', 'state': 'off', 'advancing': False}
2026-01-12 23:04:26,856 : INFO : EventManager : Event: ======'machine_var_audits_shots_toomanyrappers_rightorbit'====== Args={'value': 27, 'prev_value': 26, 'change': 1}
2026-01-12 23:04:26,857 : INFO : EventManager : Event: ======'toomanyrappers_rightorbit_hit'====== Args={'profile': 'toomanyrappers_roving_shot', 'state': 'lit', 'advancing': False}
2026-01-12 23:04:26,857 : INFO : EventManager : Event: ======'toomanyrappers_rightorbit_toomanyrappers_roving_shot_hit'====== Args={'profile': 'toomanyrappers_roving_shot', 'state': 'lit', 'advancing': False}
2026-01-12 23:04:26,857 : INFO : EventManager : Event: ======'toomanyrappers_rightorbit_toomanyrappers_roving_shot_lit_hit'====== Args={'profile': 'toomanyrappers_roving_shot', 'state': 'lit', 'advancing': False}
2026-01-12 23:04:26,857 : INFO : EventManager : Event: ======'toomanyrappers_rightorbit_lit_hit'====== Args={'profile': 'toomanyrappers_roving_shot', 'state': 'lit', 'advancing': False}
2026-01-12 23:04:26,857 : INFO : EventManager : Event: ======'player_score'====== Args={'value': 14640, 'prev_value': 13630, 'change': 1010, 'player_num': 1, 'source': 'base'}
2026-01-12 23:04:26,858 : INFO : EventManager : Event: ======'logicblock_supercombos_counter_updated'====== Args={'value': 1, 'enabled': True}
2026-01-12 23:04:26,858 : INFO : EventManager : Event: ======'counter_supercombos_counter_hit'====== Args={'count': 1, 'hits': 1, 'remaining': 6}
2026-01-12 23:04:26,858 : INFO : EventManager : Event: ======'logicblock_supercombos_counter_hit'====== Args={'count': 1, 'hits': 1, 'remaining': 6}
2026-01-12 23:04:26,858 : INFO : EventManager : Event: ======'toomanyrappers_roving_shot_hit'====== Args={'shot': 'toomanyrappers_rightorbit'}
2026-01-12 23:04:26,858 : INFO : EventManager : Event: ======'toomanyrappers_roving_shot_lit_hit'====== Args={'shot': 'toomanyrappers_rightorbit'}
2026-01-12 23:04:26,859 : INFO : EventManager : Event: ======'increase_rhymes'====== Args={'priority': 0}
2026-01-12 23:04:26,859 : INFO : EventManager : Event: ======'logicblock_load_rhymes_once_updated'====== Args={'value': 1, 'enabled': True}
2026-01-12 23:04:26,859 : INFO : EventManager : Event: ======'logicblock_load_rhymes_once_hit'====== Args={'step': 1}
2026-01-12 23:04:26,859 : INFO : EventManager : Event: ======'enable_spit_rhymes_once'====== Args={}
2026-01-12 23:04:26,859 : INFO : EventManager : Event: ======'logicblock_load_rhymes_once_updated'====== Args={'value': 1, 'enabled': False}
2026-01-12 23:04:26,859 : INFO : EventManager : Event: ======'add_toomanyrappers_time_7s'====== Args={'priority': 0}
2026-01-12 23:04:26,859 : INFO : EventManager : Event: ======'player_score'====== Args={'value': 114640, 'prev_value': 14640, 'change': 100000, 'player_num': 1, 'source': 'toomanyrappers'}
2026-01-12 23:04:26,861 : INFO : EventManager : Event: ======'player_mode_toomanyrappers_score'====== Args={'value': 100000, 'prev_value': 0, 'change': 100000, 'player_num': 1, 'source': 'toomanyrappers'}
2026-01-12 23:04:26,861 : INFO : EventManager : Event: ======'player_toomanyrappers_rhymes_loaded'====== Args={'value': 1, 'prev_value': 0, 'change': 1, 'player_num': 1, 'source': 'toomanyrappers'}
2026-01-12 23:04:26,861 : INFO : EventManager : Event: ======'player_toomanyrappers_toomanyrappers_time_remaining_tick'====== Args={'value': 63, 'prev_value': 56, 'change': 7, 'player_num': 1}
2026-01-12 23:04:26,862 : INFO : EventManager : Event: ======'timer_toomanyrappers_time_remaining_time_added'====== Args={'ticks': 63, 'ticks_added': 56, 'ticks_remaining': 56}
2026-01-12 23:04:26,900 : INFO : EventManager : Event: ======'logicblock_spit_rhymes_once_updated'====== Args={'value': 0, 'enabled': True}
2026-01-12 23:04:26,900 : INFO : blinkenlight.bl_lowerrightpop_inside_led : Color (255, 165, 0) with key toomanyrappers added
2026-01-12 23:04:26,900 : INFO : blinkenlight.bl_lowerrightpop_inside2_led : Color (255, 165, 0) with key toomanyrappers added
2026-01-12 23:04:26,915 : INFO : EventManager : Event: ======'player_toomanyrappers_toomanyrappers_left_tick'====== Args={'value': 6, 'prev_value': 5, 'change': 1, 'player_num': 1}
2026-01-12 23:04:26,916 : INFO : EventManager : Event: ======'timer_toomanyrappers_left_tick'====== Args={'ticks': 6, 'ticks_remaining': 1}
2026-01-12 23:04:26,976 : INFO : EventManager : Event: ======'player_toomanyrappers_toomanyrappers_time_remaining_tick'====== Args={'value': 62, 'prev_value': 63, 'change': -1, 'player_num': 1}
2026-01-12 23:04:26,977 : INFO : EventManager : Event: ======'timer_toomanyrappers_time_remaining_tick'====== Args={'ticks': 62, 'ticks_remaining': 62}
2026-01-12 23:04:26,977 : INFO : EventManager : Event: ======'ball_save_mode_start_grace_period'====== Args={}
2026-01-12 23:04:26,985 : INFO : EventManager : Event: ======'player_toomanyrappers_time_remaining_variable_times_1'====== Args={'value': 62, 'prev_value': 56, 'change': 6, 'player_num': 1, 'source': 'toomanyrappers'}
2026-01-12 23:04:26,991 : INFO : SwitchController : <<<<<<< 's_left_orbit' inactive >>>>>>>
2026-01-12 23:04:27,474 : INFO : EventManager : Event: ======'right_orbit_backdoor_sequence_timeout'====== Args={}
2026-01-12 23:04:27,912 : INFO : EventManager : Event: ======'player_toomanyrappers_toomanyrappers_left_tick'====== Args={'value': 7, 'prev_value': 6, 'change': 1, 'player_num': 1}
2026-01-12 23:04:27,913 : INFO : Timer.toomanyrappers_left : Timer Complete
2026-01-12 23:04:27,913 : INFO : Timer.toomanyrappers_left : Stopping Timer
2026-01-12 23:04:27,916 : INFO : EventManager : Event: ======'timer_toomanyrappers_left_stopped'====== Args={'ticks': 7, 'ticks_remaining': 1}
2026-01-12 23:04:27,916 : INFO : EventManager : Event: ======'timer_toomanyrappers_left_complete'====== Args={'ticks': 7, 'ticks_remaining': 1}
2026-01-12 23:04:27,969 : INFO : EventManager : Event: ======'player_shot_toomanyrappers_rightorbit'====== Args={'value': 0, 'prev_value': 1, 'change': -1, 'player_num': 1}
2026-01-12 23:04:27,971 : INFO : EventManager : Event: ======'player_shot_toomanyrappers_rightramp'====== Args={'value': 1, 'prev_value': 0, 'change': 1, 'player_num': 1}
2026-01-12 23:04:27,974 : INFO : EventManager : Event: ======'player_toomanyrappers_toomanyrappers_left_tick'====== Args={'value': 0, 'prev_value': 7, 'change': -7, 'player_num': 1}
2026-01-12 23:04:27,975 : INFO : Timer.toomanyrappers_left : Starting Timer.
2026-01-12 23:04:27,977 : INFO : EventManager : Event: ======'timer_toomanyrappers_left_started'====== Args={'ticks': 0, 'ticks_remaining': 7}
2026-01-12 23:04:27,977 : INFO : EventManager : Event: ======'timer_toomanyrappers_left_tick'====== Args={'ticks': 0, 'ticks_remaining': 7}
2026-01-12 23:04:28,001 : INFO : EventManager : Event: ======'ball_save_default_disabled'====== Args={}
2026-01-12 23:04:28,004 : INFO : EventManager : Event: ======'player_toomanyrappers_toomanyrappers_time_remaining_tick'====== Args={'value': 61, 'prev_value': 62, 'change': -1, 'player_num': 1}
2026-01-12 23:04:28,006 : INFO : EventManager : Event: ======'timer_toomanyrappers_time_remaining_tick'====== Args={'ticks': 61, 'ticks_remaining': 61}
2026-01-12 23:04:28,015 : INFO : EventManager : Event: ======'player_toomanyrappers_time_remaining_variable_times_1'====== Args={'value': 61, 'prev_value': 62, 'change': -1, 'player_num': 1, 'source': 'toomanyrappers'}
2026-01-12 23:04:28,035 : INFO : EventManager : Event: ======'ball_save_mode_start_disabled'====== Args={}
2026-01-12 23:04:28,991 : INFO : EventManager : Event: ======'player_toomanyrappers_toomanyrappers_left_tick'====== Args={'value': 1, 'prev_value': 0, 'change': 1, 'player_num': 1}
2026-01-12 23:04:28,992 : INFO : EventManager : Event: ======'timer_toomanyrappers_left_tick'====== Args={'ticks': 1, 'ticks_remaining': 6}
2026-01-12 23:04:28,992 : INFO : EventManager : Event: ======'player_toomanyrappers_toomanyrappers_time_remaining_tick'====== Args={'value': 60, 'prev_value': 61, 'change': -1, 'player_num': 1}
2026-01-12 23:04:28,992 : INFO : EventManager : Event: ======'timer_toomanyrappers_time_remaining_tick'====== Args={'ticks': 60, 'ticks_remaining': 60}
2026-01-12 23:04:29,006 : INFO : EventManager : Event: ======'player_toomanyrappers_time_remaining_variable_times_1'====== Args={'value': 60, 'prev_value': 61, 'change': -1, 'player_num': 1, 'source': 'toomanyrappers'}
2026-01-12 23:04:29,758 : INFO : SwitchController : <<<<<<< 's_right_lower_pop' active >>>>>>>
2026-01-12 23:04:29,758 : INFO : EventManager : Event: ======'s_right_lower_pop_active'====== Args={}
2026-01-12 23:04:29,759 : INFO : EventManager : Event: ======'machine_var_audits_switches_s_right_lower_pop'====== Args={'value': 1798, 'prev_value': 1797, 'change': 1}
2026-01-12 23:04:29,760 : INFO : EventManager : Event: ======'machine_var_audits_shots_pop3'====== Args={'value': 1024, 'prev_value': 1023, 'change': 1}
2026-01-12 23:04:29,761 : INFO : EventManager : Event: ======'pop3_hit'====== Args={'profile': 'base_shot_profile', 'state': 'off', 'advancing': False}
2026-01-12 23:04:29,761 : INFO : EventManager : Event: ======'pop3_base_shot_profile_hit'====== Args={'profile': 'base_shot_profile', 'state': 'off', 'advancing': False}
2026-01-12 23:04:29,761 : INFO : EventManager : Event: ======'pop3_base_shot_profile_off_hit'====== Args={'profile': 'base_shot_profile', 'state': 'off', 'advancing': False}
2026-01-12 23:04:29,761 : INFO : EventManager : Event: ======'pop3_off_hit'====== Args={'profile': 'base_shot_profile', 'state': 'off', 'advancing': False}
2026-01-12 23:04:29,762 : INFO : EventManager : Event: ======'player_score'====== Args={'value': 115750, 'prev_value': 114640, 'change': 1110, 'player_num': 1, 'source': 'base'}
2026-01-12 23:04:29,762 : INFO : EventManager : Event: ======'logicblock_spit_rhymes_once_updated'====== Args={'value': 1, 'enabled': True}
2026-01-12 23:04:29,763 : INFO : EventManager : Event: ======'logicblock_spit_rhymes_once_hit'====== Args={'step': 1}
2026-01-12 23:04:29,763 : INFO : EventManager : Event: ======'enable_load_rhymes_twice'====== Args={}
2026-01-12 23:04:29,764 : INFO : EventManager : Event: ======'logicblock_spit_rhymes_once_updated'====== Args={'value': 0, 'enabled': True}
2026-01-12 23:04:29,764 : INFO : EventManager : Event: ======'logicblock_spit_rhymes_once_updated'====== Args={'value': 0, 'enabled': False}
2026-01-12 23:04:29,770 : INFO : EventManager : Event: ======'player_shot_toomanyrappers_rightramp'====== Args={'value': 0, 'prev_value': 1, 'change': -1, 'player_num': 1}
2026-01-12 23:04:29,771 : INFO : EventManager : Event: ======'advance_toomanyrappers_rightorbit'====== Args={'priority': 0}
2026-01-12 23:04:29,771 : INFO : EventManager : Event: ======'player_score'====== Args={'value': 5115750, 'prev_value': 115750, 'change': 5000000, 'player_num': 1, 'source': 'toomanyrappers'}
2026-01-12 23:04:29,771 : INFO : EventManager : Event: ======'player_mode_toomanyrappers_score'====== Args={'value': 5100000, 'prev_value': 100000, 'change': 5000000, 'player_num': 1, 'source': 'toomanyrappers'}
2026-01-12 23:04:29,771 : INFO : EventManager : Event: ======'player_toomanyrappers_rhymes_loaded'====== Args={'value': 0, 'prev_value': 1, 'change': -1, 'player_num': 1, 'source': 'toomanyrappers'}
2026-01-12 23:04:29,773 : INFO : blinkenlight.bl_lowerrightpop_inside_led : Color removed with key toomanyrappers
2026-01-12 23:04:29,773 : INFO : blinkenlight.bl_lowerrightpop_inside2_led : Color removed with key toomanyrappers
2026-01-12 23:04:29,773 : INFO : EventManager : Event: ======'logicblock_load_rhymes_once_updated'====== Args={'value': 1, 'enabled': False}
2026-01-12 23:04:29,774 : INFO : EventManager : Event: ======'player_toomanyrappers_toomanyrappers_left_tick'====== Args={'value': 0, 'prev_value': 1, 'change': -1, 'player_num': 1}
2026-01-12 23:04:29,775 : INFO : EventManager : Event: ======'timer_toomanyrappers_left_tick'====== Args={'ticks': 0, 'ticks_remaining': 7}
2026-01-12 23:04:29,775 : INFO : EventManager : Event: ======'toomanyrappers_roving_shot_complete'====== Args={'state': 'off'}
2026-01-12 23:04:29,775 : INFO : EventManager : Event: ======'toomanyrappers_roving_shot_off_complete'====== Args={}
2026-01-12 23:04:29,781 : INFO : EventManager : Event: ======'player_shot_toomanyrappers_rightorbit'====== Args={'value': 1, 'prev_value': 0, 'change': 1, 'player_num': 1}
2026-01-12 23:04:29,820 : INFO : EventManager : Event: ======'logicblock_load_rhymes_twice_updated'====== Args={'value': 0, 'enabled': True}
2026-01-12 23:04:29,850 : INFO : EventManager : Event: ======'right_orbit_to_inner_loop_combo_timeout'====== Args={}
2026-01-12 23:04:29,851 : INFO : EventManager : Event: ======'right_orbit_to_captive_ball_combo_timeout'====== Args={}
2026-01-12 23:04:29,851 : INFO : EventManager : Event: ======'right_orbit_to_left_ramp_combo_timeout'====== Args={}
2026-01-12 23:04:29,851 : INFO : EventManager : Event: ======'right_orbit_to_right_ramp_combo_timeout'====== Args={}
2026-01-12 23:04:29,851 : INFO : EventManager : Event: ======'right_orbit_to_left_orbit_combo_timeout'====== Args={}
2026-01-12 23:04:29,889 : INFO : SwitchController : <<<<<<< 's_right_lower_pop' inactive >>>>>>>
2026-01-12 23:04:29,974 : INFO : EventManager : Event: ======'player_toomanyrappers_toomanyrappers_time_remaining_tick'====== Args={'value': 59, 'prev_value': 60, 'change': -1, 'player_num': 1}
2026-01-12 23:04:29,976 : INFO : EventManager : Event: ======'timer_toomanyrappers_time_remaining_tick'====== Args={'ticks': 59, 'ticks_remaining': 59}
2026-01-12 23:04:29,983 : INFO : EventManager : Event: ======'player_toomanyrappers_time_remaining_variable_times_1'====== Args={'value': 59, 'prev_value': 60, 'change': -1, 'player_num': 1, 'source': 'toomanyrappers'}
2026-01-12 23:04:30,778 : INFO : EventManager : Event: ======'player_toomanyrappers_toomanyrappers_left_tick'====== Args={'value': 1, 'prev_value': 0, 'change': 1, 'player_num': 1}
2026-01-12 23:04:30,779 : INFO : EventManager : Event: ======'timer_toomanyrappers_left_tick'====== Args={'ticks': 1, 'ticks_remaining': 6}
2026-01-12 23:04:30,980 : INFO : EventManager : Event: ======'player_toomanyrappers_toomanyrappers_time_remaining_tick'====== Args={'value': 58, 'prev_value': 59, 'change': -1, 'player_num': 1}
2026-01-12 23:04:30,981 : INFO : EventManager : Event: ======'timer_toomanyrappers_time_remaining_tick'====== Args={'ticks': 58, 'ticks_remaining': 58}
2026-01-12 23:04:30,988 : INFO : EventManager : Event: ======'player_toomanyrappers_time_remaining_variable_times_1'====== Args={'value': 58, 'prev_value': 59, 'change': -1, 'player_num': 1, 'source': 'toomanyrappers'}
2026-01-12 23:04:31,763 : INFO : EventManager : Event: ======'player_toomanyrappers_toomanyrappers_left_tick'====== Args={'value': 2, 'prev_value': 1, 'change': 1, 'player_num': 1}
2026-01-12 23:04:31,764 : INFO : EventManager : Event: ======'timer_toomanyrappers_left_tick'====== Args={'ticks': 2, 'ticks_remaining': 5}
2026-01-12 23:04:31,983 : INFO : EventManager : Event: ======'player_toomanyrappers_toomanyrappers_time_remaining_tick'====== Args={'value': 57, 'prev_value': 58, 'change': -1, 'player_num': 1}
2026-01-12 23:04:31,984 : INFO : EventManager : Event: ======'timer_toomanyrappers_time_remaining_tick'====== Args={'ticks': 57, 'ticks_remaining': 57}
2026-01-12 23:04:31,989 : INFO : EventManager : Event: ======'player_toomanyrappers_time_remaining_variable_times_1'====== Args={'value': 57, 'prev_value': 58, 'change': -1, 'player_num': 1, 'source': 'toomanyrappers'}
2026-01-12 23:04:32,465 : INFO : SwitchController : <<<<<<< 's_right_orbit' active >>>>>>>
2026-01-12 23:04:32,465 : INFO : EventManager : Event: ======'s_right_orbit_active'====== Args={}
2026-01-12 23:04:32,466 : INFO : EventManager : Event: ======'machine_var_audits_switches_s_right_orbit'====== Args={'value': 434, 'prev_value': 433, 'change': 1}
2026-01-12 23:04:32,469 : INFO : EventManager : Event: ======'player_score'====== Args={'value': 5115860, 'prev_value': 5115750, 'change': 110, 'player_num': 1, 'source': 'base'}
2026-01-12 23:04:32,617 : INFO : SwitchController : <<<<<<< 's_right_orbit' inactive >>>>>>>
2026-01-12 23:04:32,778 : INFO : EventManager : Event: ======'player_toomanyrappers_toomanyrappers_left_tick'====== Args={'value': 3, 'prev_value': 2, 'change': 1, 'player_num': 1}
2026-01-12 23:04:32,780 : INFO : EventManager : Event: ======'timer_toomanyrappers_left_tick'====== Args={'ticks': 3, 'ticks_remaining': 4}
2026-01-12 23:04:32,982 : INFO : EventManager : Event: ======'player_toomanyrappers_toomanyrappers_time_remaining_tick'====== Args={'value': 56, 'prev_value': 57, 'change': -1, 'player_num': 1}
2026-01-12 23:04:32,984 : INFO : EventManager : Event: ======'timer_toomanyrappers_time_remaining_tick'====== Args={'ticks': 56, 'ticks_remaining': 56}
2026-01-12 23:04:32,990 : INFO : EventManager : Event: ======'player_toomanyrappers_time_remaining_variable_times_1'====== Args={'value': 56, 'prev_value': 57, 'change': -1, 'player_num': 1, 'source': 'toomanyrappers'}
2026-01-12 23:04:33,761 : INFO : EventManager : Event: ======'player_toomanyrappers_toomanyrappers_left_tick'====== Args={'value': 4, 'prev_value': 3, 'change': 1, 'player_num': 1}
2026-01-12 23:04:33,762 : INFO : EventManager : Event: ======'timer_toomanyrappers_left_tick'====== Args={'ticks': 4, 'ticks_remaining': 3}
2026-01-12 23:04:33,990 : INFO : EventManager : Event: ======'player_toomanyrappers_toomanyrappers_time_remaining_tick'====== Args={'value': 55, 'prev_value': 56, 'change': -1, 'player_num': 1}
2026-01-12 23:04:33,991 : INFO : EventManager : Event: ======'timer_toomanyrappers_time_remaining_tick'====== Args={'ticks': 55, 'ticks_remaining': 55}
2026-01-12 23:04:34,000 : INFO : EventManager : Event: ======'player_toomanyrappers_time_remaining_variable_times_1'====== Args={'value': 55, 'prev_value': 56, 'change': -1, 'player_num': 1, 'source': 'toomanyrappers'}
2026-01-12 23:04:34,496 : INFO : EventManager : Event: ======'right_orbit_backdoor_sequence_timeout'====== Args={}
2026-01-12 23:04:34,497 : INFO : EventManager : Event: ======'right_orbit_sequence_timeout'====== Args={}
2026-01-12 23:04:34,777 : INFO : EventManager : Event: ======'player_toomanyrappers_toomanyrappers_left_tick'====== Args={'value': 5, 'prev_value': 4, 'change': 1, 'player_num': 1}
2026-01-12 23:04:34,780 : INFO : EventManager : Event: ======'timer_toomanyrappers_left_tick'====== Args={'ticks': 5, 'ticks_remaining': 2}
2026-01-12 23:04:34,900 : INFO : SwitchController : <<<<<<< 's_left_orbit' active >>>>>>>
2026-01-12 23:04:34,900 : INFO : EventManager : Event: ======'s_left_orbit_active'====== Args={}
2026-01-12 23:04:34,902 : INFO : EventManager : Event: ======'machine_var_audits_switches_s_left_orbit'====== Args={'value': 345, 'prev_value': 344, 'change': 1}
2026-01-12 23:04:34,907 : INFO : EventManager : Event: ======'player_score'====== Args={'value': 5115970, 'prev_value': 5115860, 'change': 110, 'player_num': 1, 'source': 'base'}
2026-01-12 23:04:34,979 : INFO : EventManager : Event: ======'player_toomanyrappers_toomanyrappers_time_remaining_tick'====== Args={'value': 54, 'prev_value': 55, 'change': -1, 'player_num': 1}
2026-01-12 23:04:34,981 : INFO : EventManager : Event: ======'timer_toomanyrappers_time_remaining_tick'====== Args={'ticks': 54, 'ticks_remaining': 54}
2026-01-12 23:04:34,988 : INFO : EventManager : Event: ======'player_toomanyrappers_time_remaining_variable_times_1'====== Args={'value': 54, 'prev_value': 55, 'change': -1, 'player_num': 1, 'source': 'toomanyrappers'}
2026-01-12 23:04:35,052 : INFO : SwitchController : <<<<<<< 's_left_orbit' inactive >>>>>>>
2026-01-12 23:04:35,775 : INFO : EventManager : Event: ======'player_toomanyrappers_toomanyrappers_left_tick'====== Args={'value': 6, 'prev_value': 5, 'change': 1, 'player_num': 1}
2026-01-12 23:04:35,776 : INFO : EventManager : Event: ======'timer_toomanyrappers_left_tick'====== Args={'ticks': 6, 'ticks_remaining': 1}
2026-01-12 23:04:35,977 : INFO : EventManager : Event: ======'player_toomanyrappers_toomanyrappers_time_remaining_tick'====== Args={'value': 53, 'prev_value': 54, 'change': -1, 'player_num': 1}
2026-01-12 23:04:35,980 : INFO : EventManager : Event: ======'timer_toomanyrappers_time_remaining_tick'====== Args={'ticks': 53, 'ticks_remaining': 53}
2026-01-12 23:04:35,986 : INFO : EventManager : Event: ======'player_toomanyrappers_time_remaining_variable_times_1'====== Args={'value': 53, 'prev_value': 54, 'change': -1, 'player_num': 1, 'source': 'toomanyrappers'}
2026-01-12 23:04:36,762 : INFO : EventManager : Event: ======'player_toomanyrappers_toomanyrappers_left_tick'====== Args={'value': 7, 'prev_value': 6, 'change': 1, 'player_num': 1}
2026-01-12 23:04:36,763 : INFO : Timer.toomanyrappers_left : Timer Complete
2026-01-12 23:04:36,764 : INFO : Timer.toomanyrappers_left : Stopping Timer
2026-01-12 23:04:36,764 : INFO : EventManager : Event: ======'timer_toomanyrappers_left_stopped'====== Args={'ticks': 7, 'ticks_remaining': 1}
2026-01-12 23:04:36,764 : INFO : EventManager : Event: ======'timer_toomanyrappers_left_complete'====== Args={'ticks': 7, 'ticks_remaining': 1}
2026-01-12 23:04:36,770 : INFO : EventManager : Event: ======'player_shot_toomanyrappers_rightorbit'====== Args={'value': 0, 'prev_value': 1, 'change': -1, 'player_num': 1}
2026-01-12 23:04:36,771 : INFO : EventManager : Event: ======'player_shot_toomanyrappers_rightramp'====== Args={'value': 1, 'prev_value': 0, 'change': 1, 'player_num': 1}
2026-01-12 23:04:36,771 : INFO : EventManager : Event: ======'player_toomanyrappers_toomanyrappers_left_tick'====== Args={'value': 0, 'prev_value': 7, 'change': -7, 'player_num': 1}
2026-01-12 23:04:36,772 : INFO : Timer.toomanyrappers_left : Starting Timer.
2026-01-12 23:04:36,772 : INFO : EventManager : Event: ======'timer_toomanyrappers_left_started'====== Args={'ticks': 0, 'ticks_remaining': 7}
2026-01-12 23:04:36,772 : INFO : EventManager : Event: ======'timer_toomanyrappers_left_tick'====== Args={'ticks': 0, 'ticks_remaining': 7}
2026-01-12 23:04:36,918 : INFO : EventManager : Event: ======'left_orbit_sequence_timeout'====== Args={}
2026-01-12 23:04:36,919 : INFO : EventManager : Event: ======'left_orbit_backdoor_sequence_timeout'====== Args={}
2026-01-12 23:04:36,982 : INFO : EventManager : Event: ======'player_toomanyrappers_toomanyrappers_time_remaining_tick'====== Args={'value': 52, 'prev_value': 53, 'change': -1, 'player_num': 1}
2026-01-12 23:04:36,984 : INFO : EventManager : Event: ======'timer_toomanyrappers_time_remaining_tick'====== Args={'ticks': 52, 'ticks_remaining': 52}
2026-01-12 23:04:36,990 : INFO : EventManager : Event: ======'player_toomanyrappers_time_remaining_variable_times_1'====== Args={'value': 52, 'prev_value': 53, 'change': -1, 'player_num': 1, 'source': 'toomanyrappers'}
2026-01-12 23:04:37,553 : INFO : SwitchController : <<<<<<< 's_right_ramp' active >>>>>>>
2026-01-12 23:04:37,553 : INFO : EventManager : Event: ======'s_right_ramp_active'====== Args={}
2026-01-12 23:04:37,553 : INFO : EventManager : Event: ======'machine_var_audits_switches_s_right_ramp'====== Args={'value': 904, 'prev_value': 903, 'change': 1}
2026-01-12 23:04:37,555 : INFO : EventManager : Event: ======'machine_var_audits_shots_right_ramp'====== Args={'value': 740, 'prev_value': 739, 'change': 1}
2026-01-12 23:04:37,556 : INFO : EventManager : Event: ======'right_ramp_hit'====== Args={'profile': 'base_shot_profile', 'state': 'off', 'advancing': False}
2026-01-12 23:04:37,556 : INFO : EventManager : Event: ======'right_ramp_base_shot_profile_hit'====== Args={'profile': 'base_shot_profile', 'state': 'off', 'advancing': False}
2026-01-12 23:04:37,556 : INFO : EventManager : Event: ======'right_ramp_base_shot_profile_off_hit'====== Args={'profile': 'base_shot_profile', 'state': 'off', 'advancing': False}
2026-01-12 23:04:37,556 : INFO : EventManager : Event: ======'right_ramp_off_hit'====== Args={'profile': 'base_shot_profile', 'state': 'off', 'advancing': False}
2026-01-12 23:04:37,558 : INFO : EventManager : Event: ======'machine_var_audits_shots_toomanyrappers_rightramp'====== Args={'value': 63, 'prev_value': 62, 'change': 1}
2026-01-12 23:04:37,558 : INFO : EventManager : Event: ======'toomanyrappers_rightramp_hit'====== Args={'profile': 'toomanyrappers_roving_shot', 'state': 'lit', 'advancing': False}
2026-01-12 23:04:37,569 : INFO : EventManager : Event: ======'toomanyrappers_rightramp_toomanyrappers_roving_shot_hit'====== Args={'profile': 'toomanyrappers_roving_shot', 'state': 'lit', 'advancing': False}
2026-01-12 23:04:37,570 : INFO : EventManager : Event: ======'toomanyrappers_rightramp_toomanyrappers_roving_shot_lit_hit'====== Args={'profile': 'toomanyrappers_roving_shot', 'state': 'lit', 'advancing': False}
2026-01-12 23:04:37,570 : INFO : EventManager : Event: ======'toomanyrappers_rightramp_lit_hit'====== Args={'profile': 'toomanyrappers_roving_shot', 'state': 'lit', 'advancing': False}
2026-01-12 23:04:37,570 : INFO : EventManager : Event: ======'player_score'====== Args={'value': 5118980, 'prev_value': 5115970, 'change': 3010, 'player_num': 1, 'source': 'base'}
2026-01-12 23:04:37,570 : INFO : EventManager : Event: ======'logicblock_superdrops_counter_updated'====== Args={'value': 1, 'enabled': True}
2026-01-12 23:04:37,570 : INFO : EventManager : Event: ======'counter_superdrops_counter_hit'====== Args={'count': 1, 'hits': 1, 'remaining': 6}
2026-01-12 23:04:37,570 : INFO : EventManager : Event: ======'logicblock_superdrops_counter_hit'====== Args={'count': 1, 'hits': 1, 'remaining': 6}
2026-01-12 23:04:37,571 : INFO : EventManager : Event: ======'toomanyrappers_roving_shot_hit'====== Args={'shot': 'toomanyrappers_rightramp'}
2026-01-12 23:04:37,572 : INFO : EventManager : Event: ======'toomanyrappers_roving_shot_lit_hit'====== Args={'shot': 'toomanyrappers_rightramp'}
2026-01-12 23:04:37,572 : INFO : EventManager : Event: ======'increase_rhymes'====== Args={'priority': 0}
2026-01-12 23:04:37,572 : INFO : EventManager : Event: ======'logicblock_load_rhymes_twice_updated'====== Args={'value': 1, 'enabled': True}
2026-01-12 23:04:37,573 : INFO : EventManager : Event: ======'logicblock_load_rhymes_twice_hit'====== Args={'step': 1}
2026-01-12 23:04:37,573 : INFO : EventManager : Event: ======'enable_spit_rhymes_twice'====== Args={}
2026-01-12 23:04:37,573 : INFO : EventManager : Event: ======'logicblock_load_rhymes_twice_updated'====== Args={'value': 1, 'enabled': False}
2026-01-12 23:04:37,574 : INFO : EventManager : Event: ======'add_toomanyrappers_time_7s'====== Args={'priority': 0}
2026-01-12 23:04:37,574 : INFO : EventManager : Event: ======'player_score'====== Args={'value': 5218980, 'prev_value': 5118980, 'change': 100000, 'player_num': 1, 'source': 'toomanyrappers'}
2026-01-12 23:04:37,574 : INFO : EventManager : Event: ======'player_mode_toomanyrappers_score'====== Args={'value': 5200000, 'prev_value': 5100000, 'change': 100000, 'player_num': 1, 'source': 'toomanyrappers'}
2026-01-12 23:04:37,574 : INFO : EventManager : Event: ======'player_toomanyrappers_rhymes_loaded'====== Args={'value': 1, 'prev_value': 0, 'change': 1, 'player_num': 1, 'source': 'toomanyrappers'}
2026-01-12 23:04:37,575 : INFO : EventManager : Event: ======'player_toomanyrappers_toomanyrappers_time_remaining_tick'====== Args={'value': 59, 'prev_value': 52, 'change': 7, 'player_num': 1}
2026-01-12 23:04:37,575 : INFO : EventManager : Event: ======'timer_toomanyrappers_time_remaining_time_added'====== Args={'ticks': 59, 'ticks_added': 52, 'ticks_remaining': 52}
2026-01-12 23:04:37,639 : INFO : EventManager : Event: ======'logicblock_spit_rhymes_twice_updated'====== Args={'value': 0, 'enabled': True}
2026-01-12 23:04:37,639 : INFO : blinkenlight.bl_lowerrightpop_inside_led : Color (255, 165, 0) with key toomanyrappers added
2026-01-12 23:04:37,639 : INFO : blinkenlight.bl_lowerrightpop_inside2_led : Color (255, 165, 0) with key toomanyrappers added
2026-01-12 23:04:37,689 : INFO : SwitchController : <<<<<<< 's_right_ramp' inactive >>>>>>>
2026-01-12 23:04:37,780 : INFO : EventManager : Event: ======'player_toomanyrappers_toomanyrappers_left_tick'====== Args={'value': 1, 'prev_value': 0, 'change': 1, 'player_num': 1}
2026-01-12 23:04:37,782 : INFO : EventManager : Event: ======'timer_toomanyrappers_left_tick'====== Args={'ticks': 1, 'ticks_remaining': 6}
2026-01-12 23:04:37,969 : INFO : EventManager : Event: ======'player_toomanyrappers_toomanyrappers_time_remaining_tick'====== Args={'value': 58, 'prev_value': 59, 'change': -1, 'player_num': 1}
2026-01-12 23:04:37,970 : INFO : EventManager : Event: ======'timer_toomanyrappers_time_remaining_tick'====== Args={'ticks': 58, 'ticks_remaining': 58}
2026-01-12 23:04:37,976 : INFO : EventManager : Event: ======'player_toomanyrappers_time_remaining_variable_times_1'====== Args={'value': 58, 'prev_value': 52, 'change': 6, 'player_num': 1, 'source': 'toomanyrappers'}
2026-01-12 23:04:38,103 : INFO : SwitchController : <<<<<<< 's_right_ramp' active >>>>>>>
2026-01-12 23:04:38,104 : INFO : EventManager : Event: ======'s_right_ramp_active'====== Args={}
2026-01-12 23:04:38,104 : INFO : EventManager : Event: ======'machine_var_audits_switches_s_right_ramp'====== Args={'value': 905, 'prev_value': 904, 'change': 1}
2026-01-12 23:04:38,105 : INFO : EventManager : Event: ======'machine_var_audits_shots_right_ramp'====== Args={'value': 741, 'prev_value': 740, 'change': 1}
2026-01-12 23:04:38,106 : INFO : EventManager : Event: ======'right_ramp_hit'====== Args={'profile': 'base_shot_profile', 'state': 'off', 'advancing': False}
2026-01-12 23:04:38,106 : INFO : EventManager : Event: ======'right_ramp_base_shot_profile_hit'====== Args={'profile': 'base_shot_profile', 'state': 'off', 'advancing': False}
2026-01-12 23:04:38,107 : INFO : EventManager : Event: ======'right_ramp_base_shot_profile_off_hit'====== Args={'profile': 'base_shot_profile', 'state': 'off', 'advancing': False}
2026-01-12 23:04:38,107 : INFO : EventManager : Event: ======'right_ramp_off_hit'====== Args={'profile': 'base_shot_profile', 'state': 'off', 'advancing': False}
2026-01-12 23:04:38,107 : INFO : EventManager : Event: ======'machine_var_audits_shots_toomanyrappers_rightramp'====== Args={'value': 64, 'prev_value': 63, 'change': 1}
2026-01-12 23:04:38,108 : INFO : EventManager : Event: ======'toomanyrappers_rightramp_hit'====== Args={'profile': 'toomanyrappers_roving_shot', 'state': 'lit', 'advancing': False}
2026-01-12 23:04:38,108 : INFO : EventManager : Event: ======'toomanyrappers_rightramp_toomanyrappers_roving_shot_hit'====== Args={'profile': 'toomanyrappers_roving_shot', 'state': 'lit', 'advancing': False}
2026-01-12 23:04:38,108 : INFO : EventManager : Event: ======'toomanyrappers_rightramp_toomanyrappers_roving_shot_lit_hit'====== Args={'profile': 'toomanyrappers_roving_shot', 'state': 'lit', 'advancing': False}
2026-01-12 23:04:38,108 : INFO : EventManager : Event: ======'toomanyrappers_rightramp_lit_hit'====== Args={'profile': 'toomanyrappers_roving_shot', 'state': 'lit', 'advancing': False}
2026-01-12 23:04:38,109 : INFO : EventManager : Event: ======'player_score'====== Args={'value': 5221990, 'prev_value': 5218980, 'change': 3010, 'player_num': 1, 'source': 'base'}
2026-01-12 23:04:38,109 : INFO : EventManager : Event: ======'logicblock_superdrops_counter_updated'====== Args={'value': 2, 'enabled': True}
2026-01-12 23:04:38,109 : INFO : EventManager : Event: ======'counter_superdrops_counter_hit'====== Args={'count': 2, 'hits': 2, 'remaining': 5}
2026-01-12 23:04:38,109 : INFO : EventManager : Event: ======'logicblock_superdrops_counter_hit'====== Args={'count': 2, 'hits': 2, 'remaining': 5}
2026-01-12 23:04:38,110 : INFO : EventManager : Event: ======'toomanyrappers_roving_shot_hit'====== Args={'shot': 'toomanyrappers_rightramp'}
2026-01-12 23:04:38,110 : INFO : EventManager : Event: ======'toomanyrappers_roving_shot_lit_hit'====== Args={'shot': 'toomanyrappers_rightramp'}
2026-01-12 23:04:38,110 : INFO : EventManager : Event: ======'increase_rhymes'====== Args={'priority': 0}
2026-01-12 23:04:38,110 : INFO : EventManager : Event: ======'add_toomanyrappers_time_7s'====== Args={'priority': 0}
2026-01-12 23:04:38,110 : INFO : EventManager : Event: ======'player_score'====== Args={'value': 5321990, 'prev_value': 5221990, 'change': 100000, 'player_num': 1, 'source': 'toomanyrappers'}
2026-01-12 23:04:38,110 : INFO : EventManager : Event: ======'player_mode_toomanyrappers_score'====== Args={'value': 5300000, 'prev_value': 5200000, 'change': 100000, 'player_num': 1, 'source': 'toomanyrappers'}
2026-01-12 23:04:38,113 : INFO : EventManager : Event: ======'player_toomanyrappers_rhymes_loaded'====== Args={'value': 2, 'prev_value': 1, 'change': 1, 'player_num': 1, 'source': 'toomanyrappers'}
2026-01-12 23:04:38,113 : INFO : EventManager : Event: ======'player_toomanyrappers_toomanyrappers_time_remaining_tick'====== Args={'value': 65, 'prev_value': 58, 'change': 7, 'player_num': 1}
2026-01-12 23:04:38,114 : INFO : EventManager : Event: ======'timer_toomanyrappers_time_remaining_time_added'====== Args={'ticks': 65, 'ticks_added': 58, 'ticks_remaining': 58}
2026-01-12 23:04:38,193 : INFO : SwitchController : <<<<<<< 's_right_ramp' inactive >>>>>>>
2026-01-12 23:04:38,365 : INFO : SwitchController : <<<<<<< 's_right_ramp' active >>>>>>>
2026-01-12 23:04:38,366 : INFO : EventManager : Event: ======'s_right_ramp_active'====== Args={}
2026-01-12 23:04:38,366 : INFO : EventManager : Event: ======'machine_var_audits_switches_s_right_ramp'====== Args={'value': 906, 'prev_value': 905, 'change': 1}
2026-01-12 23:04:38,367 : INFO : EventManager : Event: ======'machine_var_audits_shots_right_ramp'====== Args={'value': 742, 'prev_value': 741, 'change': 1}
2026-01-12 23:04:38,368 : INFO : EventManager : Event: ======'right_ramp_hit'====== Args={'profile': 'base_shot_profile', 'state': 'off', 'advancing': False}
2026-01-12 23:04:38,369 : INFO : EventManager : Event: ======'right_ramp_base_shot_profile_hit'====== Args={'profile': 'base_shot_profile', 'state': 'off', 'advancing': False}
2026-01-12 23:04:38,369 : INFO : EventManager : Event: ======'right_ramp_base_shot_profile_off_hit'====== Args={'profile': 'base_shot_profile', 'state': 'off', 'advancing': False}
2026-01-12 23:04:38,369 : INFO : EventManager : Event: ======'right_ramp_off_hit'====== Args={'profile': 'base_shot_profile', 'state': 'off', 'advancing': False}
2026-01-12 23:04:38,369 : INFO : EventManager : Event: ======'machine_var_audits_shots_toomanyrappers_rightramp'====== Args={'value': 65, 'prev_value': 64, 'change': 1}
2026-01-12 23:04:38,369 : INFO : EventManager : Event: ======'toomanyrappers_rightramp_hit'====== Args={'profile': 'toomanyrappers_roving_shot', 'state': 'lit', 'advancing': False}
2026-01-12 23:04:38,371 : INFO : EventManager : Event: ======'toomanyrappers_rightramp_toomanyrappers_roving_shot_hit'====== Args={'profile': 'toomanyrappers_roving_shot', 'state': 'lit', 'advancing': False}
2026-01-12 23:04:38,371 : INFO : EventManager : Event: ======'toomanyrappers_rightramp_toomanyrappers_roving_shot_lit_hit'====== Args={'profile': 'toomanyrappers_roving_shot', 'state': 'lit', 'advancing': False}
2026-01-12 23:04:38,371 : INFO : EventManager : Event: ======'toomanyrappers_rightramp_lit_hit'====== Args={'profile': 'toomanyrappers_roving_shot', 'state': 'lit', 'advancing': False}
2026-01-12 23:04:38,371 : INFO : EventManager : Event: ======'player_score'====== Args={'value': 5325000, 'prev_value': 5321990, 'change': 3010, 'player_num': 1, 'source': 'base'}
2026-01-12 23:04:38,371 : INFO : EventManager : Event: ======'logicblock_superdrops_counter_updated'====== Args={'value': 3, 'enabled': True}
2026-01-12 23:04:38,371 : INFO : EventManager : Event: ======'counter_superdrops_counter_hit'====== Args={'count': 3, 'hits': 3, 'remaining': 4}
2026-01-12 23:04:38,371 : INFO : EventManager : Event: ======'logicblock_superdrops_counter_hit'====== Args={'count': 3, 'hits': 3, 'remaining': 4}
2026-01-12 23:04:38,373 : INFO : EventManager : Event: ======'toomanyrappers_roving_shot_hit'====== Args={'shot': 'toomanyrappers_rightramp'}
2026-01-12 23:04:38,374 : INFO : EventManager : Event: ======'toomanyrappers_roving_shot_lit_hit'====== Args={'shot': 'toomanyrappers_rightramp'}
2026-01-12 23:04:38,374 : INFO : EventManager : Event: ======'increase_rhymes'====== Args={'priority': 0}
2026-01-12 23:04:38,375 : INFO : EventManager : Event: ======'add_toomanyrappers_time_7s'====== Args={'priority': 0}
2026-01-12 23:04:38,375 : INFO : EventManager : Event: ======'player_score'====== Args={'value': 5425000, 'prev_value': 5325000, 'change': 100000, 'player_num': 1, 'source': 'toomanyrappers'}
2026-01-12 23:04:38,375 : INFO : EventManager : Event: ======'player_mode_toomanyrappers_score'====== Args={'value': 5400000, 'prev_value': 5300000, 'change': 100000, 'player_num': 1, 'source': 'toomanyrappers'}
2026-01-12 23:04:38,375 : INFO : EventManager : Event: ======'player_toomanyrappers_rhymes_loaded'====== Args={'value': 3, 'prev_value': 2, 'change': 1, 'player_num': 1, 'source': 'toomanyrappers'}
2026-01-12 23:04:38,376 : INFO : EventManager : Event: ======'player_toomanyrappers_toomanyrappers_time_remaining_tick'====== Args={'value': 72, 'prev_value': 65, 'change': 7, 'player_num': 1}
2026-01-12 23:04:38,376 : INFO : EventManager : Event: ======'timer_toomanyrappers_time_remaining_time_added'====== Args={'ticks': 72, 'ticks_added': 65, 'ticks_remaining': 65}
2026-01-12 23:04:38,475 : INFO : SwitchController : <<<<<<< 's_right_ramp' inactive >>>>>>>
2026-01-12 23:04:38,688 : INFO : SwitchController : <<<<<<< 's_right_ramp' active >>>>>>>
2026-01-12 23:04:38,688 : INFO : EventManager : Event: ======'s_right_ramp_active'====== Args={}
2026-01-12 23:04:38,689 : INFO : EventManager : Event: ======'machine_var_audits_switches_s_right_ramp'====== Args={'value': 907, 'prev_value': 906, 'change': 1}
2026-01-12 23:04:38,690 : INFO : EventManager : Event: ======'machine_var_audits_shots_right_ramp'====== Args={'value': 743, 'prev_value': 742, 'change': 1}
2026-01-12 23:04:38,690 : INFO : EventManager : Event: ======'right_ramp_hit'====== Args={'profile': 'base_shot_profile', 'state': 'off', 'advancing': False}
2026-01-12 23:04:38,692 : INFO : EventManager : Event: ======'right_ramp_base_shot_profile_hit'====== Args={'profile': 'base_shot_profile', 'state': 'off', 'advancing': False}
2026-01-12 23:04:38,692 : INFO : EventManager : Event: ======'right_ramp_base_shot_profile_off_hit'====== Args={'profile': 'base_shot_profile', 'state': 'off', 'advancing': False}
2026-01-12 23:04:38,692 : INFO : EventManager : Event: ======'right_ramp_off_hit'====== Args={'profile': 'base_shot_profile', 'state': 'off', 'advancing': False}
2026-01-12 23:04:38,693 : INFO : EventManager : Event: ======'machine_var_audits_shots_toomanyrappers_rightramp'====== Args={'value': 66, 'prev_value': 65, 'change': 1}
2026-01-12 23:04:38,693 : INFO : EventManager : Event: ======'toomanyrappers_rightramp_hit'====== Args={'profile': 'toomanyrappers_roving_shot', 'state': 'lit', 'advancing': False}
2026-01-12 23:04:38,693 : INFO : EventManager : Event: ======'toomanyrappers_rightramp_toomanyrappers_roving_shot_hit'====== Args={'profile': 'toomanyrappers_roving_shot', 'state': 'lit', 'advancing': False}
2026-01-12 23:04:38,693 : INFO : EventManager : Event: ======'toomanyrappers_rightramp_toomanyrappers_roving_shot_lit_hit'====== Args={'profile': 'toomanyrappers_roving_shot', 'state': 'lit', 'advancing': False}
2026-01-12 23:04:38,694 : INFO : EventManager : Event: ======'toomanyrappers_rightramp_lit_hit'====== Args={'profile': 'toomanyrappers_roving_shot', 'state': 'lit', 'advancing': False}
2026-01-12 23:04:38,694 : INFO : EventManager : Event: ======'player_score'====== Args={'value': 5428010, 'prev_value': 5425000, 'change': 3010, 'player_num': 1, 'source': 'base'}
2026-01-12 23:04:38,694 : INFO : EventManager : Event: ======'logicblock_superdrops_counter_updated'====== Args={'value': 4, 'enabled': True}
2026-01-12 23:04:38,694 : INFO : EventManager : Event: ======'counter_superdrops_counter_hit'====== Args={'count': 4, 'hits': 4, 'remaining': 3}
2026-01-12 23:04:38,694 : INFO : EventManager : Event: ======'logicblock_superdrops_counter_hit'====== Args={'count': 4, 'hits': 4, 'remaining': 3}
2026-01-12 23:04:38,695 : INFO : EventManager : Event: ======'toomanyrappers_roving_shot_hit'====== Args={'shot': 'toomanyrappers_rightramp'}
2026-01-12 23:04:38,695 : INFO : EventManager : Event: ======'toomanyrappers_roving_shot_lit_hit'====== Args={'shot': 'toomanyrappers_rightramp'}
2026-01-12 23:04:38,696 : INFO : EventManager : Event: ======'player_shot_toomanyrappers_rightorbit_enabled'====== Args={'value': False, 'prev_value': True, 'change': -1, 'player_num': 1}
2026-01-12 23:04:38,697 : INFO : EventManager : Event: ======'player_shot_toomanyrappers_leftorbit_enabled'====== Args={'value': False, 'prev_value': True, 'change': -1, 'player_num': 1}
2026-01-12 23:04:38,697 : INFO : EventManager : Event: ======'player_shot_toomanyrappers_leftramp_enabled'====== Args={'value': False, 'prev_value': True, 'change': -1, 'player_num': 1}
2026-01-12 23:04:38,698 : INFO : EventManager : Event: ======'player_shot_toomanyrappers_captiveball_enabled'====== Args={'value': False, 'prev_value': True, 'change': -1, 'player_num': 1}
2026-01-12 23:04:38,698 : INFO : EventManager : Event: ======'player_shot_toomanyrappers_scoop_enabled'====== Args={'value': False, 'prev_value': True, 'change': -1, 'player_num': 1}
2026-01-12 23:04:38,698 : INFO : EventManager : Event: ======'player_shot_toomanyrappers_rightramp_enabled'====== Args={'value': False, 'prev_value': True, 'change': -1, 'player_num': 1}
2026-01-12 23:04:38,698 : INFO : EventManager : Event: ======'increase_rhymes'====== Args={'priority': 0}
2026-01-12 23:04:38,699 : INFO : EventManager : Event: ======'logicblock_load_rhymes_once_updated'====== Args={'value': 1, 'enabled': False}
2026-01-12 23:04:38,699 : INFO : EventManager : Event: ======'logicblock_load_rhymes_twice_updated'====== Args={'value': 1, 'enabled': False}
2026-01-12 23:04:38,733 : INFO : EventManager : Event: ======'add_toomanyrappers_time_7s'====== Args={'priority': 0}
2026-01-12 23:04:38,733 : INFO : EventManager : Event: ======'player_score'====== Args={'value': 5528010, 'prev_value': 5428010, 'change': 100000, 'player_num': 1, 'source': 'toomanyrappers'}
2026-01-12 23:04:38,733 : INFO : EventManager : Event: ======'player_mode_toomanyrappers_score'====== Args={'value': 5500000, 'prev_value': 5400000, 'change': 100000, 'player_num': 1, 'source': 'toomanyrappers'}
2026-01-12 23:04:38,734 : INFO : EventManager : Event: ======'player_toomanyrappers_rhymes_loaded'====== Args={'value': 4, 'prev_value': 3, 'change': 1, 'player_num': 1, 'source': 'toomanyrappers'}
2026-01-12 23:04:38,734 : INFO : EventManager : Event: ======'player_toomanyrappers_toomanyrappers_time_remaining_tick'====== Args={'value': 79, 'prev_value': 72, 'change': 7, 'player_num': 1}
2026-01-12 23:04:38,734 : INFO : EventManager : Event: ======'timer_toomanyrappers_time_remaining_time_added'====== Args={'ticks': 79, 'ticks_added': 72, 'ticks_remaining': 72}
2026-01-12 23:04:38,770 : INFO : EventManager : Event: ======'player_toomanyrappers_toomanyrappers_left_tick'====== Args={'value': 2, 'prev_value': 1, 'change': 1, 'player_num': 1}
2026-01-12 23:04:38,771 : INFO : EventManager : Event: ======'timer_toomanyrappers_left_tick'====== Args={'ticks': 2, 'ticks_remaining': 5}
2026-01-12 23:04:38,813 : INFO : SwitchController : <<<<<<< 's_right_ramp' inactive >>>>>>>
2026-01-12 23:04:38,972 : INFO : EventManager : Event: ======'player_toomanyrappers_toomanyrappers_time_remaining_tick'====== Args={'value': 78, 'prev_value': 79, 'change': -1, 'player_num': 1}
2026-01-12 23:04:38,973 : INFO : EventManager : Event: ======'timer_toomanyrappers_time_remaining_tick'====== Args={'ticks': 78, 'ticks_remaining': 78}
2026-01-12 23:04:38,981 : INFO : EventManager : Event: ======'player_toomanyrappers_time_remaining_variable_times_1'====== Args={'value': 78, 'prev_value': 58, 'change': 20, 'player_num': 1, 'source': 'toomanyrappers'}
2026-01-12 23:04:39,754 : INFO : EventManager : Event: ======'player_toomanyrappers_toomanyrappers_left_tick'====== Args={'value': 3, 'prev_value': 2, 'change': 1, 'player_num': 1}
2026-01-12 23:04:39,757 : INFO : EventManager : Event: ======'timer_toomanyrappers_left_tick'====== Args={'ticks': 3, 'ticks_remaining': 4}
2026-01-12 23:04:39,973 : INFO : EventManager : Event: ======'player_toomanyrappers_toomanyrappers_time_remaining_tick'====== Args={'value': 77, 'prev_value': 78, 'change': -1, 'player_num': 1}
2026-01-12 23:04:39,975 : INFO : EventManager : Event: ======'timer_toomanyrappers_time_remaining_tick'====== Args={'ticks': 77, 'ticks_remaining': 77}
2026-01-12 23:04:39,985 : INFO : EventManager : Event: ======'player_toomanyrappers_time_remaining_variable_times_1'====== Args={'value': 77, 'prev_value': 78, 'change': -1, 'player_num': 1, 'source': 'toomanyrappers'}
2026-01-12 23:04:40,345 : INFO : SwitchController : <<<<<<< 's_right_lower_pop' active >>>>>>>
2026-01-12 23:04:40,345 : INFO : EventManager : Event: ======'s_right_lower_pop_active'====== Args={}
2026-01-12 23:04:40,346 : INFO : EventManager : Event: ======'machine_var_audits_switches_s_right_lower_pop'====== Args={'value': 1799, 'prev_value': 1798, 'change': 1}
2026-01-12 23:04:40,349 : INFO : EventManager : Event: ======'machine_var_audits_shots_pop3'====== Args={'value': 1025, 'prev_value': 1024, 'change': 1}
2026-01-12 23:04:40,349 : INFO : EventManager : Event: ======'pop3_hit'====== Args={'profile': 'base_shot_profile', 'state': 'off', 'advancing': False}
2026-01-12 23:04:40,350 : INFO : EventManager : Event: ======'pop3_base_shot_profile_hit'====== Args={'profile': 'base_shot_profile', 'state': 'off', 'advancing': False}
2026-01-12 23:04:40,350 : INFO : EventManager : Event: ======'pop3_base_shot_profile_off_hit'====== Args={'profile': 'base_shot_profile', 'state': 'off', 'advancing': False}
2026-01-12 23:04:40,350 : INFO : EventManager : Event: ======'pop3_off_hit'====== Args={'profile': 'base_shot_profile', 'state': 'off', 'advancing': False}
2026-01-12 23:04:40,350 : INFO : EventManager : Event: ======'player_score'====== Args={'value': 5529120, 'prev_value': 5528010, 'change': 1110, 'player_num': 1, 'source': 'base'}
2026-01-12 23:04:40,353 : INFO : EventManager : Event: ======'logicblock_spit_rhymes_twice_updated'====== Args={'value': 1, 'enabled': True}
2026-01-12 23:04:40,353 : INFO : EventManager : Event: ======'logicblock_spit_rhymes_twice_hit'====== Args={'step': 1}
2026-01-12 23:04:40,354 : INFO : EventManager : Event: ======'rhymes_spit_twice'====== Args={}
2026-01-12 23:04:40,355 : INFO : EventManager : Event: ======'logicblock_spit_rhymes_twice_updated'====== Args={'value': 0, 'enabled': True}
2026-01-12 23:04:40,355 : INFO : EventManager : Event: ======'logicblock_spit_rhymes_twice_updated'====== Args={'value': 0, 'enabled': False}
2026-01-12 23:04:40,368 : INFO : blinkenlight.bl_lowerrightpop_inside_led : Color removed with key toomanyrappers
2026-01-12 23:04:40,369 : INFO : blinkenlight.bl_lowerrightpop_inside2_led : Color removed with key toomanyrappers
2026-01-12 23:04:40,370 : INFO : EventManager : Event: ======'logicblock_load_rhymes_twice_updated'====== Args={'value': 1, 'enabled': False}
2026-01-12 23:04:40,370 : INFO : EventManager : Event: ======'mode_toomanyrappers_success'====== Args={'priority': 0}
2026-01-12 23:04:40,371 : INFO : EventManager : Event: ======'player_score'====== Args={'value': 25529120, 'prev_value': 5529120, 'change': 20000000, 'player_num': 1, 'source': 'toomanyrappers'}
2026-01-12 23:04:40,372 : INFO : EventManager : Event: ======'player_mode_toomanyrappers_score'====== Args={'value': 25500000, 'prev_value': 5500000, 'change': 20000000, 'player_num': 1, 'source': 'toomanyrappers'}
2026-01-12 23:04:40,372 : INFO : Timer.toomanyrappers_time_remaining : Pausing Timer for 0 ms
2026-01-12 23:04:40,373 : INFO : EventManager : Event: ======'timer_toomanyrappers_time_remaining_paused'====== Args={'ticks': 77, 'ticks_remaining': 77}
2026-01-12 23:04:40,373 : INFO : EventManager : Event: ======'logicblock_battery_charged_status_updated'====== Args={'value': 20, 'enabled': False}
2026-01-12 23:04:40,375 : INFO : EventManager : Event: ======'logicblock_battery_charged_status_updated'====== Args={'value': 20, 'enabled': True}
2026-01-12 23:04:40,377 : INFO : EventManager : Event: ======'mode_toomanyrappers_will_stop'====== Args={}
2026-01-12 23:04:40,377 : INFO : EventManager : Event: ======'mode_toomanyrappers_stopping'====== Args={}
2026-01-12 23:04:40,379 : INFO : EventManager : Event: ======'achievement_toomanyrappers_mode_changed_state'====== Args={'restore': False, 'state': 'completed', 'selected': False}
2026-01-12 23:04:40,379 : INFO : EventManager : Event: ======'achievement_toomanyrappers_mode_state_completed'====== Args={'restore': False, 'state': 'completed', 'selected': False}
2026-01-12 23:04:40,382 : INFO : EventManager : Event: ======'player_modes_completed'====== Args={'value': 1, 'prev_value': 0, 'change': 1, 'player_num': 1, 'source': 'base'}
2026-01-12 23:04:40,383 : INFO : EventManager : Event: ======'logicblock_completed_modes_count_updated'====== Args={'value': 1, 'enabled': True}
2026-01-12 23:04:40,383 : INFO : EventManager : Event: ======'counter_completed_modes_count_hit'====== Args={'count': 1, 'hits': 1, 'remaining': 8}
2026-01-12 23:04:40,383 : INFO : EventManager : Event: ======'logicblock_completed_modes_count_hit'====== Args={'count': 1, 'hits': 1, 'remaining': 8}
2026-01-12 23:04:40,384 : INFO : EventManager : Event: ======'logicblock_battery_charged_status_updated'====== Args={'value': 10, 'enabled': True}
2026-01-12 23:04:40,385 : INFO : EventManager : Event: ======'player_charges_remaining_variable'====== Args={'value': 10, 'prev_value': -5, 'change': 15, 'player_num': 1, 'source': 'batterycharger'}
2026-01-12 23:04:40,415 : INFO : Mode.toomanyrappers : Stopped.
2026-01-12 23:04:40,415 : INFO : EventManager : Event: ======'modes_active_modes_changed'====== Args={}
2026-01-12 23:04:40,416 : INFO : EventManager : Event: ======'mode_toomanyrappers_stopped'====== Args={}
2026-01-12 23:04:40,416 : INFO : EventManager : Event: ======'clear'====== Args={'key': 'toomanyrappers'}
2026-01-12 23:04:40,417 : INFO : EventManager : Event: ======'logicblock_battery_charged_status_updated'====== Args={'value': 20, 'enabled': True}
2026-01-12 23:04:40,417 : INFO : EventManager : Event: ======'logicblock_battery_charged_status_updated'====== Args={'value': 20, 'enabled': True}
2026-01-12 23:04:40,418 : INFO : EventManager : Event: ======'player_mode_blocking_flag'====== Args={'value': 0, 'prev_value': 1, 'change': -1, 'player_num': 1, 'source': 'base'}
2026-01-12 23:04:40,419 : INFO : EventManager : Event: ======'logicblock_battery_charged_status_updated'====== Args={'value': 10, 'enabled': True}
2026-01-12 23:04:40,432 : INFO : Timer.toomanyrappers_intro_show : Stopping Timer
2026-01-12 23:04:40,432 : INFO : EventManager : Event: ======'timer_toomanyrappers_intro_show_stopped'====== Args={'ticks': 10, 'ticks_remaining': 9}
2026-01-12 23:04:40,434 : INFO : Timer.toomanyrappers_time_remaining : Stopping Timer
2026-01-12 23:04:40,434 : INFO : EventManager : Event: ======'timer_toomanyrappers_time_remaining_stopped'====== Args={'ticks': 77, 'ticks_remaining': 77}
2026-01-12 23:04:40,434 : INFO : Timer.toomanyrappers_left : Stopping Timer
2026-01-12 23:04:40,434 : INFO : EventManager : Event: ======'timer_toomanyrappers_left_stopped'====== Args={'ticks': 3, 'ticks_remaining': 4}
2026-01-12 23:04:40,461 : INFO : EventManager : Event: ======'slide_toomanyrappers_removed'====== Args={'_from_bcp': True}
2026-01-12 23:04:40,461 : INFO : EventManager : Event: ======'slide_toomanyrappers_display_timer_inactive'====== Args={'is_removing': True, '_from_bcp': True}
2026-01-12 23:04:40,462 : INFO : EventManager : Event: ======'slide_super_circles_active'====== Args={'_from_bcp': True}
2026-01-12 23:04:40,462 : INFO : EventManager : Event: ======'slide_toomanyrappers_display_timer_removed'====== Args={'_from_bcp': True}
2026-01-12 23:04:40,462 : INFO : EventManager : Event: ======'slide_toomanyrappers_rhymes_counter_removed'====== Args={'_from_bcp': True}
2026-01-12 23:04:40,462 : INFO : EventManager : Event: ======'slide_base_created'====== Args={'_from_bcp': True}
2026-01-12 23:04:40,464 : INFO : EventManager : Event: ======'play_base_video1'====== Args={'_from_bcp': True}
2026-01-12 23:04:40,498 : INFO : EventManager : Event: ======'slide_toomanyrappersfinish_created'====== Args={'_from_bcp': True}
2026-01-12 23:04:40,499 : INFO : EventManager : Event: ======'slide_super_circles_inactive'====== Args={'is_removing': False, '_from_bcp': True}
2026-01-12 23:04:40,500 : INFO : EventManager : Event: ======'slide_toomanyrappersfinish_active'====== Args={'original_context': 'base', 'original_calling_context': 'mode_toomanyrappers_success', 'priority': 100.0, 'cmd': 'slides_play', '_from_bcp': True}
2026-01-12 23:04:40,506 : INFO : EventManager : Event: ======'widget_charges_remaining_active'====== Args={'original_context': 'batterycharger', 'original_calling_context': 'logicblock_battery_charged_status_updated{device.counters.battery_charged_status.value>0 and device.achievements.wizard1.state!="enabled" and device.counters.battery_charged_status.enabled==True}', 'priority': 11000.0, 'value': 20.0, 'enabled': False, 'cmd': 'widgets_play', '_from_bcp': True}
2026-01-12 23:04:40,512 : INFO : SwitchController : <<<<<<< 's_right_lower_pop' inactive >>>>>>>
2026-01-12 23:04:40,518 : INFO : EventManager : Event: ======'slide_basevideo1_created'====== Args={'_from_bcp': True}
2026-01-12 23:04:40,552 : INFO : EventManager : Event: ======'right_ramp_to_left_orbit_combo_timeout'====== Args={}
2026-01-12 23:04:40,554 : INFO : EventManager : Event: ======'right_ramp_to_inner_loop_combo_timeout'====== Args={}
2026-01-12 23:04:40,554 : INFO : EventManager : Event: ======'right_ramp_to_right_orbit_combo_timeout'====== Args={}
2026-01-12 23:04:40,556 : INFO : EventManager : Event: ======'right_ramp_to_captive_ball_combo_timeout'====== Args={}
2026-01-12 23:04:40,557 : INFO : EventManager : Event: ======'right_ramp_to_left_ramp_combo_timeout'====== Args={}
2026-01-12 23:04:41,115 : INFO : EventManager : Event: ======'right_ramp_to_inner_loop_combo_timeout'====== Args={}
2026-01-12 23:04:41,116 : INFO : EventManager : Event: ======'right_ramp_to_left_ramp_combo_timeout'====== Args={}
2026-01-12 23:04:41,116 : INFO : EventManager : Event: ======'right_ramp_to_captive_ball_combo_timeout'====== Args={}
2026-01-12 23:04:41,116 : INFO : EventManager : Event: ======'right_ramp_to_right_orbit_combo_timeout'====== Args={}
2026-01-12 23:04:41,117 : INFO : EventManager : Event: ======'right_ramp_to_left_orbit_combo_timeout'====== Args={}
2026-01-12 23:04:41,364 : INFO : EventManager : Event: ======'right_ramp_to_left_orbit_combo_timeout'====== Args={}
2026-01-12 23:04:41,365 : INFO : EventManager : Event: ======'right_ramp_to_right_orbit_combo_timeout'====== Args={}
2026-01-12 23:04:41,365 : INFO : EventManager : Event: ======'right_ramp_to_inner_loop_combo_timeout'====== Args={}
2026-01-12 23:04:41,365 : INFO : EventManager : Event: ======'right_ramp_to_left_ramp_combo_timeout'====== Args={}
2026-01-12 23:04:41,366 : INFO : EventManager : Event: ======'right_ramp_to_captive_ball_combo_timeout'====== Args={}
2026-01-12 23:04:41,679 : INFO : EventManager : Event: ======'right_ramp_to_right_orbit_combo_timeout'====== Args={}
2026-01-12 23:04:41,680 : INFO : EventManager : Event: ======'right_ramp_to_left_orbit_combo_timeout'====== Args={}
2026-01-12 23:04:41,680 : INFO : EventManager : Event: ======'right_ramp_to_left_ramp_combo_timeout'====== Args={}
2026-01-12 23:04:41,680 : INFO : EventManager : Event: ======'right_ramp_to_inner_loop_combo_timeout'====== Args={}
2026-01-12 23:04:41,680 : INFO : EventManager : Event: ======'right_ramp_to_captive_ball_combo_timeout'====== Args={}
2026-01-12 23:04:44,557 : INFO : Machine : Shutting down...
2026-01-12 23:04:44,558 : INFO : EventManager : Event: ======'shutdown'====== Args={}
2026-01-12 23:04:44,559 : INFO : EventManager : Event: ======'mode_service_will_stop'====== Args={}
2026-01-12 23:04:44,559 : INFO : EventManager : Event: ======'mode_service_stopping'====== Args={}
2026-01-12 23:04:44,560 : INFO : Mode.service : Stopped.
2026-01-12 23:04:44,560 : INFO : EventManager : Event: ======'modes_active_modes_changed'====== Args={}
2026-01-12 23:04:44,561 : INFO : EventManager : Event: ======'mode_service_stopped'====== Args={}
2026-01-12 23:04:44,561 : INFO : EventManager : Event: ======'clear'====== Args={'key': 'service'}
2026-01-12 23:04:44,563 : INFO : EventManager : Event: ======'mode_game_will_stop'====== Args={}
2026-01-12 23:04:44,563 : INFO : EventManager : Event: ======'mode_game_stopping'====== Args={}
2026-01-12 23:04:44,564 : INFO : EventManager : Event: ======'mode_batterycharger_will_stop'====== Args={}
2026-01-12 23:04:44,565 : INFO : EventManager : Event: ======'mode_batterycharger_stopping'====== Args={}
2026-01-12 23:04:44,565 : INFO : EventManager : Event: ======'mode_multiball_will_stop'====== Args={}
2026-01-12 23:04:44,565 : INFO : EventManager : Event: ======'mode_multiball_stopping'====== Args={}
2026-01-12 23:04:44,565 : INFO : EventManager : Event: ======'mode_base_will_stop'====== Args={}
2026-01-12 23:04:44,565 : INFO : EventManager : Event: ======'mode_base_stopping'====== Args={}
2026-01-12 23:04:44,565 : INFO : EventManager : Event: ======'mode_combos_will_stop'====== Args={}
2026-01-12 23:04:44,565 : INFO : EventManager : Event: ======'mode_combos_stopping'====== Args={}
2026-01-12 23:04:44,566 : INFO : Mode.combos : Stopped.
2026-01-12 23:04:44,566 : INFO : EventManager : Event: ======'modes_active_modes_changed'====== Args={}
2026-01-12 23:04:44,566 : INFO : EventManager : Event: ======'mode_combos_stopped'====== Args={}
2026-01-12 23:04:44,566 : INFO : EventManager : Event: ======'clear'====== Args={'key': 'combos'}
2026-01-12 23:04:44,587 : INFO : Mode.base : Stopped.
2026-01-12 23:04:44,587 : INFO : EventManager : Event: ======'modes_active_modes_changed'====== Args={}
2026-01-12 23:04:44,591 : INFO : EventManager : Event: ======'mode_base_stopped'====== Args={}
2026-01-12 23:04:44,591 : INFO : EventManager : Event: ======'clear'====== Args={'key': 'base'}
2026-01-12 23:04:44,600 : INFO : Timer.chcheckitoutfinish_widget_timer : Stopping Timer
2026-01-12 23:04:44,600 : INFO : EventManager : Event: ======'timer_chcheckitoutfinish_widget_timer_stopped'====== Args={'ticks': 0, 'ticks_remaining': 0}
2026-01-12 23:04:44,601 : INFO : Timer.bodymovin_widget_timer : Stopping Timer
2026-01-12 23:04:44,602 : INFO : EventManager : Event: ======'timer_bodymovin_widget_timer_stopped'====== Args={'ticks': 0, 'ticks_remaining': 0}
2026-01-12 23:04:44,603 : INFO : Timer.bodymovin_lock_enabled_widget_timer : Stopping Timer
2026-01-12 23:04:44,603 : INFO : EventManager : Event: ======'timer_bodymovin_lock_enabled_widget_timer_stopped'====== Args={'ticks': 0, 'ticks_remaining': 0}
2026-01-12 23:04:44,603 : INFO : Timer.bodymovin_ball_1_locked_widget_timer : Stopping Timer
2026-01-12 23:04:44,605 : INFO : EventManager : Event: ======'timer_bodymovin_ball_1_locked_widget_timer_stopped'====== Args={'ticks': 0, 'ticks_remaining': 0}
2026-01-12 23:04:44,606 : INFO : Timer.bodymovin_ball_2_locked_widget_timer : Stopping Timer
2026-01-12 23:04:44,606 : INFO : EventManager : Event: ======'timer_bodymovin_ball_2_locked_widget_timer_stopped'====== Args={'ticks': 0, 'ticks_remaining': 0}
2026-01-12 23:04:44,614 : INFO : Mode.multiball : Stopped.
2026-01-12 23:04:44,614 : INFO : EventManager : Event: ======'modes_active_modes_changed'====== Args={}
2026-01-12 23:04:44,614 : INFO : EventManager : Event: ======'mode_multiball_stopped'====== Args={}
2026-01-12 23:04:44,614 : INFO : EventManager : Event: ======'clear'====== Args={'key': 'multiball'}
2026-01-12 23:04:44,616 : INFO : Mode.batterycharger : Stopped.
2026-01-12 23:04:44,616 : INFO : EventManager : Event: ======'modes_active_modes_changed'====== Args={}
2026-01-12 23:04:44,616 : INFO : EventManager : Event: ======'mode_batterycharger_stopped'====== Args={}
2026-01-12 23:04:44,617 : INFO : EventManager : Event: ======'clear'====== Args={'key': 'batterycharger'}
2026-01-12 23:04:44,618 : INFO : Mode.game : Stopped.
2026-01-12 23:04:44,618 : INFO : EventManager : Event: ======'modes_active_modes_changed'====== Args={}
2026-01-12 23:04:44,618 : INFO : EventManager : Event: ======'mode_game_stopped'====== Args={}
2026-01-12 23:04:44,619 : INFO : EventManager : Event: ======'clear'====== Args={'key': 'game'}
2026-01-12 23:04:44,630 : INFO : root : MPF run loop ended.
