2026-02-05 18:58:30,303 : INFO : root : Loading config.
2026-02-05 18:58:30,306 : INFO : YamlMultifileConfigLoader : Machine config file #1: config.yaml
2026-02-05 18:58:30,307 : INFO : ConfigProcessor : Loading config from cache: C:\Users\sdona\AppData\Local\Temp\3b8fca15c900b8c5017593b227e0c010.mpf_cache
2026-02-05 18:58:30,428 : INFO : ConfigProcessor : Loading config from cache: C:\Users\sdona\AppData\Local\Temp\f6660a7d6ef93b3364a89f3863bac82d.mpf_cache
2026-02-05 18:58:30,428 : INFO : ConfigProcessor : Loading config from cache: C:\Users\sdona\AppData\Local\Temp\63a1edb72ce8f5a08e3b0bd829aa2a0d.mpf_cache
2026-02-05 18:58:30,429 : WARNING : ConfigProcessor : Config file in cache changed: C:\venv\mpf\mmmdrop\modes\base\config\base.yaml
2026-02-05 18:58:30,429 : INFO : ConfigProcessor : Loading config from file C:\venv\mpf\mmmdrop\modes\base\config\base.yaml.
2026-02-05 18:58:30,666 : INFO : ConfigProcessor : Loading config: C:\venv\mpf\mmmdrop\modes\base\config\base.yaml
2026-02-05 18:58:30,669 : INFO : ConfigProcessor : Config file cache created: C:\Users\sdona\AppData\Local\Temp\c340ec0033d1055cd797ffd5447ef414.mpf_cache
2026-02-05 18:58:30,670 : INFO : ConfigProcessor : Loading config from cache: C:\Users\sdona\AppData\Local\Temp\f6660a7d6ef93b3364a89f3863bac82d.mpf_cache
2026-02-05 18:58:30,671 : INFO : ConfigProcessor : Loading config from cache: C:\Users\sdona\AppData\Local\Temp\8c11a28e3c38d4ad47947b6a126f2ee9.mpf_cache
2026-02-05 18:58:30,671 : INFO : ConfigProcessor : Loading config from cache: C:\Users\sdona\AppData\Local\Temp\e391083cdc9e667060411fe5838e93f2.mpf_cache
2026-02-05 18:58:30,672 : INFO : ConfigProcessor : Loading config from cache: C:\Users\sdona\AppData\Local\Temp\f0c219a993d891ee86dcb7eae47dde67.mpf_cache
2026-02-05 18:58:30,672 : INFO : ConfigProcessor : Loading config from cache: C:\Users\sdona\AppData\Local\Temp\96aa58108928490b129531848cd9b506.mpf_cache
2026-02-05 18:58:30,673 : INFO : ConfigProcessor : Loading config from cache: C:\Users\sdona\AppData\Local\Temp\567636b9d9766e3361204e954a8382da.mpf_cache
2026-02-05 18:58:30,674 : INFO : ConfigProcessor : Loading config from cache: C:\Users\sdona\AppData\Local\Temp\8f47ddcaffd9506a6ab610332e5e93e6.mpf_cache
2026-02-05 18:58:30,674 : INFO : ConfigProcessor : Loading config from cache: C:\Users\sdona\AppData\Local\Temp\112f935d1c2002cb40d3e6e497be9e7c.mpf_cache
2026-02-05 18:58:30,675 : INFO : ConfigProcessor : Loading config from cache: C:\Users\sdona\AppData\Local\Temp\a4c67531f25fc6af6ec97b4ab4b5e0a4.mpf_cache
2026-02-05 18:58:30,676 : INFO : ConfigProcessor : Loading config from cache: C:\Users\sdona\AppData\Local\Temp\de8ed6c6d4c48d1b5b054ff74222cb35.mpf_cache
2026-02-05 18:58:30,676 : INFO : ConfigProcessor : Loading config from cache: C:\Users\sdona\AppData\Local\Temp\0511702d1aff7294933b3415dcc6bcd8.mpf_cache
2026-02-05 18:58:30,677 : INFO : ConfigProcessor : Loading config from cache: C:\Users\sdona\AppData\Local\Temp\3eebd8fc985a6907aa555c0256177d6c.mpf_cache
2026-02-05 18:58:30,678 : INFO : ConfigProcessor : Loading config from cache: C:\Users\sdona\AppData\Local\Temp\7f047f20ee2604e573d0056474eb225c.mpf_cache
2026-02-05 18:58:30,695 : INFO : ConfigProcessor : Loading config from cache: C:\Users\sdona\AppData\Local\Temp\7cbf965458447bfe6339fd0c6d804285.mpf_cache
2026-02-05 18:58:30,696 : INFO : ConfigProcessor : Loading config from cache: C:\Users\sdona\AppData\Local\Temp\c09cbc2eb967f07064f0c7aeb253df93.mpf_cache
2026-02-05 18:58:30,696 : INFO : ConfigProcessor : Loading config from cache: C:\Users\sdona\AppData\Local\Temp\3e3e819377c518a390ee259f491dfb06.mpf_cache
2026-02-05 18:58:30,697 : INFO : ConfigProcessor : Loading config from cache: C:\Users\sdona\AppData\Local\Temp\1bbdf2c973c297bc3add8824c296f9ca.mpf_cache
2026-02-05 18:58:30,698 : INFO : ConfigProcessor : Loading config from cache: C:\Users\sdona\AppData\Local\Temp\8743abc5a0185ade0d9653d9d4dd60e6.mpf_cache
2026-02-05 18:58:30,699 : INFO : ConfigProcessor : Loading config from cache: C:\Users\sdona\AppData\Local\Temp\bc1a93e04317e488751dae7b5251780b.mpf_cache
2026-02-05 18:58:30,700 : INFO : ConfigProcessor : Loading config from cache: C:\Users\sdona\AppData\Local\Temp\8a267c6d1ad3bd205388d8363e4a5749.mpf_cache
2026-02-05 18:58:30,701 : INFO : ConfigProcessor : Loading config from cache: C:\Users\sdona\AppData\Local\Temp\507fc1d02e2e92e18a6830a59c5dcf80.mpf_cache
2026-02-05 18:58:30,701 : INFO : ConfigProcessor : Loading config from cache: C:\Users\sdona\AppData\Local\Temp\1d2961d421c758b6953fd569505e4b2d.mpf_cache
2026-02-05 18:58:30,702 : INFO : ConfigProcessor : Loading config from cache: C:\Users\sdona\AppData\Local\Temp\9e72e5fa0fd05160f49186c6524c14c9.mpf_cache
2026-02-05 18:58:30,702 : INFO : ConfigProcessor : Loading config from cache: C:\Users\sdona\AppData\Local\Temp\f7ea71975115b23719e8d60bf22b5425.mpf_cache
2026-02-05 18:58:30,703 : INFO : ConfigProcessor : Loading config from cache: C:\Users\sdona\AppData\Local\Temp\56c9cddbcff0d1410386b266159a0775.mpf_cache
2026-02-05 18:58:30,704 : INFO : ConfigProcessor : Loading config from cache: C:\Users\sdona\AppData\Local\Temp\6c385f71891889a392ac696568578c7f.mpf_cache
2026-02-05 18:58:30,704 : INFO : ConfigProcessor : Loading config from cache: C:\Users\sdona\AppData\Local\Temp\8bff58349a5bdf4b88bcb50c5fc898e7.mpf_cache
2026-02-05 18:58:30,705 : INFO : ConfigProcessor : Loading config from cache: C:\Users\sdona\AppData\Local\Temp\e6b55d6a1c06b0dd6369c964181bf8d3.mpf_cache
2026-02-05 18:58:30,706 : INFO : ConfigProcessor : Loading config from cache: C:\Users\sdona\AppData\Local\Temp\c400bf69dd848f9ec4f3356496b25a78.mpf_cache
2026-02-05 18:58:30,706 : INFO : ConfigProcessor : Loading config from cache: C:\Users\sdona\AppData\Local\Temp\b5a54abfbba58cd6005650aabe85cb35.mpf_cache
2026-02-05 18:58:30,707 : INFO : ConfigProcessor : Loading config from cache: C:\Users\sdona\AppData\Local\Temp\b9cf3f1e934d5266c0035de47faec02b.mpf_cache
2026-02-05 18:58:30,708 : INFO : ConfigProcessor : Loading config from cache: C:\Users\sdona\AppData\Local\Temp\67d6cae7afaea6fe987e87f8d3a3ea21.mpf_cache
2026-02-05 18:58:30,708 : INFO : ConfigProcessor : Loading config from cache: C:\Users\sdona\AppData\Local\Temp\e4c5b832148a7d383976fcf70408e8af.mpf_cache
2026-02-05 18:58:30,709 : INFO : ConfigProcessor : Loading config from cache: C:\Users\sdona\AppData\Local\Temp\dce98d0c8129174f78168c3f3b9d3db8.mpf_cache
2026-02-05 18:58:30,709 : INFO : ConfigProcessor : Loading config from cache: C:\Users\sdona\AppData\Local\Temp\141b19e6c0168c485bbb38b6543175a8.mpf_cache
2026-02-05 18:58:30,710 : INFO : ConfigProcessor : Loading config from cache: C:\Users\sdona\AppData\Local\Temp\ada3b5b562837d919d62b9df0d0de8d3.mpf_cache
2026-02-05 18:58:30,711 : INFO : ConfigProcessor : Loading config from cache: C:\Users\sdona\AppData\Local\Temp\4e6dd3b0a361d042ad5ab93a8cc8b437.mpf_cache
2026-02-05 18:58:30,712 : INFO : ConfigProcessor : Loading config from cache: C:\Users\sdona\AppData\Local\Temp\e97c871403fe82070ff249d62d7cfe22.mpf_cache
2026-02-05 18:58:30,712 : INFO : ConfigProcessor : Loading config from cache: C:\Users\sdona\AppData\Local\Temp\64b6da5876f56fc970400d85dfe882ec.mpf_cache
2026-02-05 18:58:30,713 : INFO : ConfigProcessor : Loading config from cache: C:\Users\sdona\AppData\Local\Temp\c5a11fc9367393a964e333a780e846f7.mpf_cache
2026-02-05 18:58:30,714 : INFO : ConfigProcessor : Loading config from cache: C:\Users\sdona\AppData\Local\Temp\2816335dd466496617c9461f091e66f7.mpf_cache
2026-02-05 18:58:30,714 : INFO : ConfigProcessor : Loading config from cache: C:\Users\sdona\AppData\Local\Temp\6359f7257429add2d261e94bcafd60d5.mpf_cache
2026-02-05 18:58:30,715 : INFO : ConfigProcessor : Loading config from cache: C:\Users\sdona\AppData\Local\Temp\e1f034e230342bd5fff9d9c9df707a6d.mpf_cache
2026-02-05 18:58:30,716 : INFO : ConfigProcessor : Loading config from cache: C:\Users\sdona\AppData\Local\Temp\bed2bac5ea254e8ca98f6dd45e865fd8.mpf_cache
2026-02-05 18:58:30,716 : INFO : ConfigProcessor : Loading config from cache: C:\Users\sdona\AppData\Local\Temp\48e8797b77339ec89f8005d20046fbbb.mpf_cache
2026-02-05 18:58:30,717 : INFO : ConfigProcessor : Loading config from cache: C:\Users\sdona\AppData\Local\Temp\b0b8ed4dbd306ac2f063788d81ec6bc4.mpf_cache
2026-02-05 18:58:30,717 : INFO : ConfigProcessor : Loading config from cache: C:\Users\sdona\AppData\Local\Temp\98b42cbd2eba7845afea8d7862634639.mpf_cache
2026-02-05 18:58:30,718 : INFO : ConfigProcessor : Loading config from cache: C:\Users\sdona\AppData\Local\Temp\44893055a228bb5e0381bfc6f9c0abd7.mpf_cache
2026-02-05 18:58:30,719 : INFO : ConfigProcessor : Loading config from cache: C:\Users\sdona\AppData\Local\Temp\2042660f443afc84f0703d0905ba54ee.mpf_cache
2026-02-05 18:58:30,719 : INFO : ConfigProcessor : Loading config from cache: C:\Users\sdona\AppData\Local\Temp\dd7647dd44793170b37285bb75f4ccd8.mpf_cache
2026-02-05 18:58:30,720 : INFO : ConfigProcessor : Loading config from cache: C:\Users\sdona\AppData\Local\Temp\e2d7f53c0c71e4d0bd9bdd0119e59cc4.mpf_cache
2026-02-05 18:58:30,720 : INFO : ConfigProcessor : Loading config from cache: C:\Users\sdona\AppData\Local\Temp\8c6fac435f6ad554a9aceeec6bf90d60.mpf_cache
2026-02-05 18:58:30,720 : INFO : ConfigProcessor : Loading config from cache: C:\Users\sdona\AppData\Local\Temp\189e01913405dcf21368edf880785f17.mpf_cache
2026-02-05 18:58:30,721 : INFO : ConfigProcessor : Loading config from cache: C:\Users\sdona\AppData\Local\Temp\9c2447d5008e5c2337580412edd81bce.mpf_cache
2026-02-05 18:58:30,722 : INFO : ConfigProcessor : Loading config from cache: C:\Users\sdona\AppData\Local\Temp\ecb35127b61fe2c3f803378f52b53af8.mpf_cache
2026-02-05 18:58:30,722 : INFO : ConfigProcessor : Loading config from cache: C:\Users\sdona\AppData\Local\Temp\a453bc519324a010fc5f97d23b1d6283.mpf_cache
2026-02-05 18:58:30,723 : INFO : ConfigProcessor : Loading config from cache: C:\Users\sdona\AppData\Local\Temp\e134e8f85ba8fa9c3d7f1500ca292437.mpf_cache
2026-02-05 18:58:30,723 : INFO : ConfigProcessor : Loading config from cache: C:\Users\sdona\AppData\Local\Temp\b24b6909ee6e0520126bbce60d1ed210.mpf_cache
2026-02-05 18:58:30,724 : INFO : ConfigProcessor : Loading config from cache: C:\Users\sdona\AppData\Local\Temp\cba807ea4a81180f6dd01afffacec8ed.mpf_cache
2026-02-05 18:58:30,725 : INFO : ConfigProcessor : Loading config from cache: C:\Users\sdona\AppData\Local\Temp\1ea2aa0876194c7260510f0845fe4bfe.mpf_cache
2026-02-05 18:58:30,725 : INFO : ConfigProcessor : Loading config from cache: C:\Users\sdona\AppData\Local\Temp\a173d53041ed6761e8719c2951eee9e5.mpf_cache
2026-02-05 18:58:30,726 : INFO : ConfigProcessor : Loading config from cache: C:\Users\sdona\AppData\Local\Temp\f071e720e1ef2a753ced60502153911a.mpf_cache
2026-02-05 18:58:30,726 : INFO : ConfigProcessor : Loading config from cache: C:\Users\sdona\AppData\Local\Temp\a464c65b0880a71dbe3e02b1f7271abd.mpf_cache
2026-02-05 18:58:30,727 : INFO : ConfigProcessor : Loading config from cache: C:\Users\sdona\AppData\Local\Temp\b4bf5fa77bdb26872f42159f572a3499.mpf_cache
2026-02-05 18:58:30,727 : INFO : ConfigProcessor : Loading config from cache: C:\Users\sdona\AppData\Local\Temp\cd6f6abb19272a94675a232f8f899ac9.mpf_cache
2026-02-05 18:58:30,727 : INFO : ConfigProcessor : Loading config from cache: C:\Users\sdona\AppData\Local\Temp\5c997126cef538283363f6706780c8e5.mpf_cache
2026-02-05 18:58:30,728 : INFO : ConfigProcessor : Loading config from cache: C:\Users\sdona\AppData\Local\Temp\51c405745738281c3f5e2edc082329f1.mpf_cache
2026-02-05 18:58:30,729 : INFO : ConfigProcessor : Loading config from cache: C:\Users\sdona\AppData\Local\Temp\cbc61a9ec21d345237ebbced62572970.mpf_cache
2026-02-05 18:58:30,730 : INFO : ConfigProcessor : Loading config from cache: C:\Users\sdona\AppData\Local\Temp\c25e7c71bc90546538d4e68911be6658.mpf_cache
2026-02-05 18:58:30,730 : INFO : ConfigProcessor : Loading config from cache: C:\Users\sdona\AppData\Local\Temp\3f778658fc8e6107c1e17d48b06d7ee6.mpf_cache
2026-02-05 18:58:30,731 : INFO : ConfigProcessor : Loading config from cache: C:\Users\sdona\AppData\Local\Temp\b7a51086f1e3c926b3977a0d025a1faa.mpf_cache
2026-02-05 18:58:30,731 : INFO : ConfigProcessor : Loading config from cache: C:\Users\sdona\AppData\Local\Temp\479eb3ca656e084fa2e092204a5b8039.mpf_cache
2026-02-05 18:58:30,732 : INFO : ConfigProcessor : Loading config from cache: C:\Users\sdona\AppData\Local\Temp\bdb81eccbf19551abd8bea5fafeca7c0.mpf_cache
2026-02-05 18:58:30,732 : INFO : ConfigProcessor : Loading config from cache: C:\Users\sdona\AppData\Local\Temp\8f065719b93e886777277178babee650.mpf_cache
2026-02-05 18:58:30,733 : INFO : ConfigProcessor : Loading config from cache: C:\Users\sdona\AppData\Local\Temp\7fef0463a0df344c3146c845257ec616.mpf_cache
2026-02-05 18:58:30,733 : INFO : ConfigProcessor : Loading config from cache: C:\Users\sdona\AppData\Local\Temp\a4f333ad36a077996c49298642b6bdcf.mpf_cache
2026-02-05 18:58:30,734 : INFO : ConfigProcessor : Loading config from cache: C:\Users\sdona\AppData\Local\Temp\e8d69d74f27089cda2650299e9916804.mpf_cache
2026-02-05 18:58:30,735 : INFO : ConfigProcessor : Loading config from cache: C:\Users\sdona\AppData\Local\Temp\05530f35bd950f18d27d3fd571d96823.mpf_cache
2026-02-05 18:58:30,735 : INFO : ConfigProcessor : Loading config from cache: C:\Users\sdona\AppData\Local\Temp\fc1e3f85304c911eb844eb65d36e61be.mpf_cache
2026-02-05 18:58:30,736 : INFO : ConfigProcessor : Loading config from cache: C:\Users\sdona\AppData\Local\Temp\53223d3922288729ee504c1b2a98bb55.mpf_cache
2026-02-05 18:58:30,736 : INFO : ConfigProcessor : Loading config from cache: C:\Users\sdona\AppData\Local\Temp\8d20136ddb274338050d1d1ccc1a5e4f.mpf_cache
2026-02-05 18:58:30,737 : INFO : ConfigProcessor : Loading config from cache: C:\Users\sdona\AppData\Local\Temp\1254d50720d6d5d0da0e84e29cdbaa7a.mpf_cache
2026-02-05 18:58:30,737 : INFO : ConfigProcessor : Loading config from cache: C:\Users\sdona\AppData\Local\Temp\1a7ae31e9f779b1261e3d1eee1831b27.mpf_cache
2026-02-05 18:58:30,738 : INFO : ConfigProcessor : Loading config from cache: C:\Users\sdona\AppData\Local\Temp\8e3ea42c38f2105e0d9462648474c540.mpf_cache
2026-02-05 18:58:30,739 : INFO : ConfigProcessor : Loading config from cache: C:\Users\sdona\AppData\Local\Temp\a61b86d39bcc5a5ea0a5885549542355.mpf_cache
2026-02-05 18:58:30,739 : INFO : ConfigProcessor : Loading config from cache: C:\Users\sdona\AppData\Local\Temp\0be197154604f4b199c224fe0066296a.mpf_cache
2026-02-05 18:58:30,740 : INFO : ConfigProcessor : Loading config from cache: C:\Users\sdona\AppData\Local\Temp\8be1835d379617cb3def36e5084020f6.mpf_cache
2026-02-05 18:58:30,740 : INFO : ConfigProcessor : Loading config from cache: C:\Users\sdona\AppData\Local\Temp\600d86d9f0ce58b92a4c456466b707cc.mpf_cache
2026-02-05 18:58:30,741 : INFO : ConfigProcessor : Loading config from cache: C:\Users\sdona\AppData\Local\Temp\3b8a30babd008550b0699281f52ed27a.mpf_cache
2026-02-05 18:58:30,742 : INFO : ConfigProcessor : Loading config from cache: C:\Users\sdona\AppData\Local\Temp\1605f6efa0d082cac196fbacc374bc42.mpf_cache
2026-02-05 18:58:30,742 : INFO : ConfigProcessor : Loading config from cache: C:\Users\sdona\AppData\Local\Temp\7e2767447a32b13b699b93d64e0ad4e1.mpf_cache
2026-02-05 18:58:30,743 : INFO : ConfigProcessor : Loading config from cache: C:\Users\sdona\AppData\Local\Temp\2afc3d032f598172139245ac02c70f84.mpf_cache
2026-02-05 18:58:30,744 : INFO : ConfigProcessor : Loading config from cache: C:\Users\sdona\AppData\Local\Temp\ec387031d703ca01cd1e512f54ea45a6.mpf_cache
2026-02-05 18:58:30,744 : INFO : ConfigProcessor : Loading config from cache: C:\Users\sdona\AppData\Local\Temp\6060c5cf25a8bbaedfcd18b580aef368.mpf_cache
2026-02-05 18:58:30,745 : INFO : ConfigProcessor : Loading config from cache: C:\Users\sdona\AppData\Local\Temp\62ef5d872b70fca48f955a2e25312807.mpf_cache
2026-02-05 18:58:30,745 : INFO : ConfigProcessor : Loading config from cache: C:\Users\sdona\AppData\Local\Temp\c52aca253ccfb6abe708ff6ee9d67c14.mpf_cache
2026-02-05 18:58:30,746 : INFO : ConfigProcessor : Loading config from cache: C:\Users\sdona\AppData\Local\Temp\f4a78d1a7bce952f8a932d586083fdd8.mpf_cache
2026-02-05 18:58:30,746 : INFO : ConfigProcessor : Loading config from cache: C:\Users\sdona\AppData\Local\Temp\bb94c9c1e15d87765c90f1ffc77705c9.mpf_cache
2026-02-05 18:58:30,747 : INFO : ConfigProcessor : Loading config from cache: C:\Users\sdona\AppData\Local\Temp\9d4ee1bead7c17d1b5b361b9a86c5113.mpf_cache
2026-02-05 18:58:30,747 : INFO : ConfigProcessor : Loading config from cache: C:\Users\sdona\AppData\Local\Temp\9eeb681ca391f55fc1b328483a35afc6.mpf_cache
2026-02-05 18:58:30,748 : INFO : ConfigProcessor : Loading config from cache: C:\Users\sdona\AppData\Local\Temp\019a5133c8eb0a0be84c7200575a8bf2.mpf_cache
2026-02-05 18:58:30,749 : INFO : ConfigProcessor : Loading config from cache: C:\Users\sdona\AppData\Local\Temp\ce0801e7c3c55e24fe9cf2e243ba629e.mpf_cache
2026-02-05 18:58:30,749 : INFO : ConfigProcessor : Loading config from cache: C:\Users\sdona\AppData\Local\Temp\1ecbcaf9f778e10bebb5864384a052b1.mpf_cache
2026-02-05 18:58:30,750 : INFO : ConfigProcessor : Loading config from cache: C:\Users\sdona\AppData\Local\Temp\9b344eb280fe382fefe59edea2f1176a.mpf_cache
2026-02-05 18:58:30,751 : INFO : ConfigProcessor : Loading config from cache: C:\Users\sdona\AppData\Local\Temp\ac821f52899dc68030dd952fdacc88a6.mpf_cache
2026-02-05 18:58:30,751 : INFO : ConfigProcessor : Loading config from cache: C:\Users\sdona\AppData\Local\Temp\6ba912a63b7c348f0f92fd7751916e09.mpf_cache
2026-02-05 18:58:30,752 : INFO : ConfigProcessor : Loading config from cache: C:\Users\sdona\AppData\Local\Temp\dd9dffa1d18960178033f021f1e04e5f.mpf_cache
2026-02-05 18:58:30,752 : INFO : ConfigProcessor : Loading config from cache: C:\Users\sdona\AppData\Local\Temp\5405df938f7ef9af99b1c654cacd899d.mpf_cache
2026-02-05 18:58:30,753 : INFO : ConfigProcessor : Loading config from cache: C:\Users\sdona\AppData\Local\Temp\856582d286ed2569cf4ebe5e0a18a6ab.mpf_cache
2026-02-05 18:58:30,754 : INFO : Machine : Mission Pinball Framework Core Engine v0.80.0.dev12
2026-02-05 18:58:30,754 : INFO : Machine : Command line arguments: {'no_load_cache': False, 'create_config_cache': True, 'bcp': True, 'configfile': ['config.yaml'], 'force_assets_load': False, 'platform_integration_test': False, 'jsonlogging': False, 'logfile': 'logs\\2026-02-05-18-58-30-mpf-PinballLaptop.log', 'pause': False, 'production': False, 'text_ui': True, 'loglevel': 15, 'consoleloglevel': 20, 'force_platform': 'smart_virtual', 'syslog_address': None, 'full_logfile_path': 'C:\\venv\\mpf\\mmmdrop\\logs\\2026-02-05-18-58-30-mpf-PinballLaptop.log'}
2026-02-05 18:58:30,754 : INFO : Machine : MPF path: c:\venv\mpf\Lib\site-packages\mpf
2026-02-05 18:58:30,754 : INFO : Machine : Machine path: C:\venv\mpf\mmmdrop
2026-02-05 18:58:30,754 : INFO : Machine : Platform: win32
2026-02-05 18:58:30,754 : INFO : Machine : Python executable location: c:\venv\mpf\Scripts\python.exe
2026-02-05 18:58:30,754 : INFO : Machine : Python version: 3.13.11 (64-bit)
2026-02-05 18:58:30,756 : INFO : Machine : Initializing MPF...
2026-02-05 18:58:30,883 : INFO : EventManager : Event: ======'machine_var_credits_string'====== Args={'value': 'FREE PLAY', 'prev_value': None, 'change': True}
2026-02-05 18:58:30,931 : INFO : EventManager : Event: ======'machine_var_fast_audio_headphones_volume'====== Args={'value': 10, 'prev_value': None, 'change': True}
2026-02-05 18:58:30,931 : INFO : EventManager : Event: ======'machine_var_fast_audio_main_volume'====== Args={'value': 44, 'prev_value': None, 'change': True}
2026-02-05 18:58:30,931 : INFO : EventManager : Event: ======'machine_var_master_volume'====== Args={'value': 0.65, 'prev_value': None, 'change': True}
2026-02-05 18:58:30,931 : INFO : EventManager : Event: ======'machine_var_player1_score'====== Args={'value': 49818280, 'prev_value': None, 'change': True}
2026-02-05 18:58:30,931 : INFO : EventManager : Event: ======'machine_var_game_just_played'====== Args={'value': 0, 'prev_value': None, 'change': True}
2026-02-05 18:58:30,931 : INFO : EventManager : Event: ======'machine_var_mpf_version'====== Args={'value': 'Mission Pinball Framework v0.80.0.dev12', 'prev_value': None, 'change': True}
2026-02-05 18:58:30,931 : INFO : EventManager : Event: ======'machine_var_mpf_extended_version'====== Args={'value': 'Mission Pinball Framework v0.80.0.dev12, Config version:6, Show version: 6, BCP version:1.1', 'prev_value': None, 'change': True}
2026-02-05 18:58:30,932 : INFO : EventManager : Event: ======'machine_var_python_version'====== Args={'value': '3.13.11', 'prev_value': None, 'change': True}
2026-02-05 18:58:30,966 : INFO : EventManager : Event: ======'machine_var_platform'====== Args={'value': 'Windows-11-10.0.26200-SP0', 'prev_value': None, 'change': True}
2026-02-05 18:58:30,966 : INFO : EventManager : Event: ======'machine_var_platform_system'====== Args={'value': 'Windows', 'prev_value': None, 'change': True}
2026-02-05 18:58:30,966 : INFO : EventManager : Event: ======'machine_var_platform_release'====== Args={'value': '11', 'prev_value': None, 'change': True}
2026-02-05 18:58:30,966 : INFO : EventManager : Event: ======'machine_var_platform_version'====== Args={'value': '10.0.26200', 'prev_value': None, 'change': True}
2026-02-05 18:58:30,966 : INFO : EventManager : Event: ======'machine_var_platform_machine'====== Args={'value': 'AMD64', 'prev_value': None, 'change': True}
2026-02-05 18:58:30,966 : INFO : EventManager : Event: ======'machine_var_log_file_path'====== Args={'value': 'C:\\venv\\mpf\\mmmdrop\\logs\\2026-02-05-18-58-30-mpf-PinballLaptop.log', 'prev_value': None, 'change': True}
2026-02-05 18:58:30,966 : INFO : EventManager : Event: ======'init_phase_1'====== Args={}
2026-02-05 18:58:31,046 : INFO : EventManager : Event: ======'drop_target_bank_three_bank_up'====== Args={}
2026-02-05 18:58:31,047 : INFO : EventManager : Event: ======'init_phase_2'====== Args={}
2026-02-05 18:58:31,047 : INFO : SwitchController : Found active switch: ('3208-0', <Platform.SmartVirtual>) <switch.s_trough1>
2026-02-05 18:58:31,047 : INFO : SwitchController : Found active switch: ('3208-1', <Platform.SmartVirtual>) <switch.s_trough2>
2026-02-05 18:58:31,048 : INFO : SwitchController : Found active switch: ('3208-2', <Platform.SmartVirtual>) <switch.s_trough3>
2026-02-05 18:58:31,048 : INFO : SwitchController : Found active switch: ('3208-3', <Platform.SmartVirtual>) <switch.s_trough4>
2026-02-05 18:58:31,048 : INFO : SwitchController : Found active switch: ('3208-4', <Platform.SmartVirtual>) <switch.s_trough5>
2026-02-05 18:58:31,048 : INFO : SwitchController : Found active switch: ('3208-5', <Platform.SmartVirtual>) <switch.s_trough6>
2026-02-05 18:58:31,097 : INFO : EventManager : Event: ======'machine_var_score1_label'====== Args={'value': 'GRAND CHAMPION', 'prev_value': None, 'change': True}
2026-02-05 18:58:31,097 : INFO : EventManager : Event: ======'machine_var_score1_name'====== Args={'value': 'MCA', 'prev_value': None, 'change': True}
2026-02-05 18:58:31,097 : INFO : EventManager : Event: ======'machine_var_score1_value'====== Args={'value': 300000000, 'prev_value': None, 'change': True}
2026-02-05 18:58:31,097 : INFO : EventManager : Event: ======'machine_var_score2_label'====== Args={'value': 'HIGH SCORE 1', 'prev_value': None, 'change': True}
2026-02-05 18:58:31,097 : INFO : EventManager : Event: ======'machine_var_score2_name'====== Args={'value': 'ADR', 'prev_value': None, 'change': True}
2026-02-05 18:58:31,097 : INFO : EventManager : Event: ======'machine_var_score2_value'====== Args={'value': 250000000, 'prev_value': None, 'change': True}
2026-02-05 18:58:31,097 : INFO : EventManager : Event: ======'machine_var_score3_label'====== Args={'value': 'HIGH SCORE 2', 'prev_value': None, 'change': True}
2026-02-05 18:58:31,097 : INFO : EventManager : Event: ======'machine_var_score3_name'====== Args={'value': 'MIK', 'prev_value': None, 'change': True}
2026-02-05 18:58:31,097 : INFO : EventManager : Event: ======'machine_var_score3_value'====== Args={'value': 200000000, 'prev_value': None, 'change': True}
2026-02-05 18:58:31,097 : INFO : EventManager : Event: ======'machine_var_score4_label'====== Args={'value': 'HIGH SCORE 3', 'prev_value': None, 'change': True}
2026-02-05 18:58:31,097 : INFO : EventManager : Event: ======'machine_var_score4_name'====== Args={'value': 'MMM', 'prev_value': None, 'change': True}
2026-02-05 18:58:31,098 : INFO : EventManager : Event: ======'machine_var_score4_value'====== Args={'value': 150000000, 'prev_value': None, 'change': True}
2026-02-05 18:58:31,098 : INFO : EventManager : Event: ======'machine_var_score5_label'====== Args={'value': 'HIGH SCORE 4', 'prev_value': None, 'change': True}
2026-02-05 18:58:31,098 : INFO : EventManager : Event: ======'machine_var_score5_name'====== Args={'value': 'DJH', 'prev_value': None, 'change': True}
2026-02-05 18:58:31,098 : INFO : EventManager : Event: ======'machine_var_score5_value'====== Args={'value': 100000000, 'prev_value': None, 'change': True}
2026-02-05 18:58:31,098 : INFO : EventManager : Event: ======'machine_var_multiball_chcheckitout_score1_label'====== Args={'value': 'CH-CHECK IT OUT MULTIBALL CHAMPION', 'prev_value': None, 'change': True}
2026-02-05 18:58:31,098 : INFO : EventManager : Event: ======'machine_var_multiball_chcheckitout_score1_name'====== Args={'value': 'MCA', 'prev_value': None, 'change': True}
2026-02-05 18:58:31,098 : INFO : EventManager : Event: ======'machine_var_multiball_chcheckitout_score1_value'====== Args={'value': 10000000, 'prev_value': None, 'change': True}
2026-02-05 18:58:31,098 : INFO : EventManager : Event: ======'machine_var_multiball_bodymovin_score1_label'====== Args={'value': "BODY MOVIN' MULTIBALL CHAMPION", 'prev_value': None, 'change': True}
2026-02-05 18:58:31,098 : INFO : EventManager : Event: ======'machine_var_multiball_bodymovin_score1_name'====== Args={'value': 'MIK', 'prev_value': None, 'change': True}
2026-02-05 18:58:31,098 : INFO : EventManager : Event: ======'machine_var_multiball_bodymovin_score1_value'====== Args={'value': 10000000, 'prev_value': None, 'change': True}
2026-02-05 18:58:31,098 : INFO : EventManager : Event: ======'machine_var_mode_fingerlickingood_score1_label'====== Args={'value': "FINGER LICKIN' GOOD CHAMPION", 'prev_value': None, 'change': True}
2026-02-05 18:58:31,098 : INFO : EventManager : Event: ======'machine_var_mode_fingerlickingood_score1_name'====== Args={'value': 'DJH', 'prev_value': None, 'change': True}
2026-02-05 18:58:31,098 : INFO : EventManager : Event: ======'machine_var_mode_fingerlickingood_score1_value'====== Args={'value': 5000000, 'prev_value': None, 'change': True}
2026-02-05 18:58:31,098 : INFO : EventManager : Event: ======'machine_var_mode_highplainsdrifter_score1_label'====== Args={'value': 'HIGH PLAINS DRIFTER CHAMPION', 'prev_value': None, 'change': True}
2026-02-05 18:58:31,098 : INFO : EventManager : Event: ======'machine_var_mode_highplainsdrifter_score1_name'====== Args={'value': 'MCA', 'prev_value': None, 'change': True}
2026-02-05 18:58:31,098 : INFO : EventManager : Event: ======'machine_var_mode_highplainsdrifter_score1_value'====== Args={'value': 5000000, 'prev_value': None, 'change': True}
2026-02-05 18:58:31,098 : INFO : EventManager : Event: ======'machine_var_mode_intergalactic_score1_label'====== Args={'value': 'INTERGALACTIC CHAMPION', 'prev_value': None, 'change': True}
2026-02-05 18:58:31,098 : INFO : EventManager : Event: ======'machine_var_mode_intergalactic_score1_name'====== Args={'value': 'MIK', 'prev_value': None, 'change': True}
2026-02-05 18:58:31,098 : INFO : EventManager : Event: ======'machine_var_mode_intergalactic_score1_value'====== Args={'value': 5000000, 'prev_value': None, 'change': True}
2026-02-05 18:58:31,098 : INFO : EventManager : Event: ======'machine_var_mode_paulrevere_score1_label'====== Args={'value': 'PAUL REVERE CHAMPION', 'prev_value': None, 'change': True}
2026-02-05 18:58:31,098 : INFO : EventManager : Event: ======'machine_var_mode_paulrevere_score1_name'====== Args={'value': 'ADR', 'prev_value': None, 'change': True}
2026-02-05 18:58:31,098 : INFO : EventManager : Event: ======'machine_var_mode_paulrevere_score1_value'====== Args={'value': 5000000, 'prev_value': None, 'change': True}
2026-02-05 18:58:31,098 : INFO : EventManager : Event: ======'machine_var_mode_sabotage_score1_label'====== Args={'value': 'SABOTAGE CHAMPION', 'prev_value': None, 'change': True}
2026-02-05 18:58:31,098 : INFO : EventManager : Event: ======'machine_var_mode_sabotage_score1_name'====== Args={'value': 'MIK', 'prev_value': None, 'change': True}
2026-02-05 18:58:31,098 : INFO : EventManager : Event: ======'machine_var_mode_sabotage_score1_value'====== Args={'value': 5000000, 'prev_value': None, 'change': True}
2026-02-05 18:58:31,098 : INFO : EventManager : Event: ======'machine_var_mode_threemcsand1dj_score1_label'====== Args={'value': "3 MC'S AND 1 DJ CHAMPION", 'prev_value': None, 'change': True}
2026-02-05 18:58:31,098 : INFO : EventManager : Event: ======'machine_var_mode_threemcsand1dj_score1_name'====== Args={'value': 'MMM', 'prev_value': None, 'change': True}
2026-02-05 18:58:31,098 : INFO : EventManager : Event: ======'machine_var_mode_threemcsand1dj_score1_value'====== Args={'value': 5000000, 'prev_value': None, 'change': True}
2026-02-05 18:58:31,098 : INFO : EventManager : Event: ======'machine_var_mode_toomanyrappers_score1_label'====== Args={'value': 'TOO MANY RAPPERS CHAMPION', 'prev_value': None, 'change': True}
2026-02-05 18:58:31,098 : INFO : EventManager : Event: ======'machine_var_mode_toomanyrappers_score1_name'====== Args={'value': 'DJH', 'prev_value': None, 'change': True}
2026-02-05 18:58:31,099 : INFO : EventManager : Event: ======'machine_var_mode_toomanyrappers_score1_value'====== Args={'value': 5000000, 'prev_value': None, 'change': True}
2026-02-05 18:58:31,099 : INFO : EventManager : Event: ======'machine_var_mode_tripletrouble_score1_label'====== Args={'value': 'TRIPLE TROUBLE CHAMPION', 'prev_value': None, 'change': True}
2026-02-05 18:58:31,099 : INFO : EventManager : Event: ======'machine_var_mode_tripletrouble_score1_name'====== Args={'value': 'MCA', 'prev_value': None, 'change': True}
2026-02-05 18:58:31,099 : INFO : EventManager : Event: ======'machine_var_mode_tripletrouble_score1_value'====== Args={'value': 5000000, 'prev_value': None, 'change': True}
2026-02-05 18:58:31,099 : INFO : EventManager : Event: ======'machine_var_mode_makesomenoise_score1_label'====== Args={'value': 'MAKE SOME NOISE CHAMPION', 'prev_value': None, 'change': True}
2026-02-05 18:58:31,099 : INFO : EventManager : Event: ======'machine_var_mode_makesomenoise_score1_name'====== Args={'value': 'MIK', 'prev_value': None, 'change': True}
2026-02-05 18:58:31,099 : INFO : EventManager : Event: ======'machine_var_mode_makesomenoise_score1_value'====== Args={'value': 5000000, 'prev_value': None, 'change': True}
2026-02-05 18:58:31,099 : INFO : EventManager : Event: ======'bcp_connection_attempt'====== Args={'name': 'local_display', 'host': 'localhost', 'port': 5050}
2026-02-05 18:58:31,101 : INFO : BCPClientSocket : Connecting BCP to 'local_display' at localhost:5050...
2026-02-05 18:58:34,662 : INFO : BCPClientSocket : Connected BCP to 'local_display' localhost:5050
2026-02-05 18:58:34,663 : INFO : EventManager : Event: ======'bcp_clients_connected'====== Args={}
2026-02-05 18:58:34,664 : INFO : ball_device.bd_trough : BCH: Initial count: 6
2026-02-05 18:58:34,665 : INFO : ball_device.bd_trough : State: idle
2026-02-05 18:58:34,665 : INFO : ball_device.bd_plunger : BCH: Initial count: 0
2026-02-05 18:58:34,665 : INFO : ball_device.bd_plunger : State: idle
2026-02-05 18:58:34,666 : INFO : ball_device.bd_scoop : BCH: Initial count: 0
2026-02-05 18:58:34,666 : INFO : ball_device.bd_scoop : State: idle
2026-02-05 18:58:34,710 : INFO : EventManager : Event: ======'init_phase_3'====== Args={}
2026-02-05 18:58:34,760 : INFO : EventManager : Event: ======'init_phase_4'====== Args={}
2026-02-05 18:58:34,761 : INFO : BallController : Initial balls found: 6
2026-02-05 18:58:34,762 : INFO : EventManager : Event: ======'machine_var_audits_events_game_ended'====== Args={'value': 67, 'prev_value': None, 'change': True}
2026-02-05 18:58:34,763 : INFO : EventManager : Event: ======'machine_var_audits_events_game_started'====== Args={'value': 942, 'prev_value': None, 'change': True}
2026-02-05 18:58:34,763 : INFO : EventManager : Event: ======'machine_var_audits_missing_switches_s_captive_ball'====== Args={'value': 19, 'prev_value': None, 'change': True}
2026-02-05 18:58:34,763 : INFO : EventManager : Event: ======'machine_var_audits_missing_switches_s_center_upper_pop'====== Args={'value': 83, 'prev_value': None, 'change': True}
2026-02-05 18:58:34,763 : INFO : EventManager : Event: ======'machine_var_audits_missing_switches_s_inner_orbit'====== Args={'value': 1, 'prev_value': None, 'change': True}
2026-02-05 18:58:34,763 : INFO : EventManager : Event: ======'machine_var_audits_missing_switches_s_left_inlane'====== Args={'value': 36, 'prev_value': None, 'change': True}
2026-02-05 18:58:34,763 : INFO : EventManager : Event: ======'machine_var_audits_missing_switches_s_left_orbit'====== Args={'value': 26, 'prev_value': None, 'change': True}
2026-02-05 18:58:34,763 : INFO : EventManager : Event: ======'machine_var_audits_missing_switches_s_left_outlane'====== Args={'value': 108, 'prev_value': None, 'change': True}
2026-02-05 18:58:34,763 : INFO : EventManager : Event: ======'machine_var_audits_missing_switches_s_left_ramp'====== Args={'value': 24, 'prev_value': None, 'change': True}
2026-02-05 18:58:34,763 : INFO : EventManager : Event: ======'machine_var_audits_missing_switches_s_left_slingshot'====== Args={'value': 180, 'prev_value': None, 'change': True}
2026-02-05 18:58:34,763 : INFO : EventManager : Event: ======'machine_var_audits_missing_switches_s_left_upper_pop'====== Args={'value': 83, 'prev_value': None, 'change': True}
2026-02-05 18:58:34,763 : INFO : EventManager : Event: ======'machine_var_audits_missing_switches_s_right_inlane'====== Args={'value': 108, 'prev_value': None, 'change': True}
2026-02-05 18:58:34,763 : INFO : EventManager : Event: ======'machine_var_audits_missing_switches_s_right_lower_pop'====== Args={'value': 4, 'prev_value': None, 'change': True}
2026-02-05 18:58:34,763 : INFO : EventManager : Event: ======'machine_var_audits_missing_switches_s_right_orbit'====== Args={'value': 1, 'prev_value': None, 'change': True}
2026-02-05 18:58:34,763 : INFO : EventManager : Event: ======'machine_var_audits_missing_switches_s_right_outlane'====== Args={'value': 252, 'prev_value': None, 'change': True}
2026-02-05 18:58:34,764 : INFO : EventManager : Event: ======'machine_var_audits_missing_switches_s_right_ramp'====== Args={'value': 4, 'prev_value': None, 'change': True}
2026-02-05 18:58:34,764 : INFO : EventManager : Event: ======'machine_var_audits_missing_switches_s_right_slingshot'====== Args={'value': 718, 'prev_value': None, 'change': True}
2026-02-05 18:58:34,764 : INFO : EventManager : Event: ======'machine_var_audits_missing_switches_s_service_down'====== Args={'value': 587, 'prev_value': None, 'change': True}
2026-02-05 18:58:34,764 : INFO : EventManager : Event: ======'machine_var_audits_missing_switches_s_service_enter'====== Args={'value': 336, 'prev_value': None, 'change': True}
2026-02-05 18:58:34,764 : INFO : EventManager : Event: ======'machine_var_audits_missing_switches_s_service_esc'====== Args={'value': 587, 'prev_value': None, 'change': True}
2026-02-05 18:58:34,764 : INFO : EventManager : Event: ======'machine_var_audits_missing_switches_s_service_up'====== Args={'value': 155, 'prev_value': None, 'change': True}
2026-02-05 18:58:34,764 : INFO : EventManager : Event: ======'machine_var_audits_missing_switches_s_start'====== Args={'value': 19, 'prev_value': None, 'change': True}
2026-02-05 18:58:34,764 : INFO : EventManager : Event: ======'machine_var_audits_missing_switches_s_three_bank_bottom'====== Args={'value': 6, 'prev_value': None, 'change': True}
2026-02-05 18:58:34,764 : INFO : EventManager : Event: ======'machine_var_audits_missing_switches_s_three_bank_middle'====== Args={'value': 6, 'prev_value': None, 'change': True}
2026-02-05 18:58:34,764 : INFO : EventManager : Event: ======'machine_var_audits_missing_switches_s_three_bank_standup'====== Args={'value': 10, 'prev_value': None, 'change': True}
2026-02-05 18:58:34,764 : INFO : EventManager : Event: ======'machine_var_audits_missing_switches_s_tilt_bob'====== Args={'value': 30, 'prev_value': None, 'change': True}
2026-02-05 18:58:34,764 : INFO : EventManager : Event: ======'machine_var_audits_missing_switches_s_top_right_flipper'====== Args={'value': 868, 'prev_value': None, 'change': True}
2026-02-05 18:58:34,764 : INFO : EventManager : Event: ======'machine_var_audits_missing_switches_s_trough2'====== Args={'value': 13, 'prev_value': None, 'change': True}
2026-02-05 18:58:34,764 : INFO : EventManager : Event: ======'machine_var_audits_missing_switches_s_trough3'====== Args={'value': 13, 'prev_value': None, 'change': True}
2026-02-05 18:58:34,764 : INFO : EventManager : Event: ======'machine_var_audits_missing_switches_s_trough4'====== Args={'value': 19, 'prev_value': None, 'change': True}
2026-02-05 18:58:34,764 : INFO : EventManager : Event: ======'machine_var_audits_missing_switches_s_trough5'====== Args={'value': 185, 'prev_value': None, 'change': True}
2026-02-05 18:58:34,765 : INFO : EventManager : Event: ======'machine_var_audits_missing_switches_s_trough6'====== Args={'value': 717, 'prev_value': None, 'change': True}
2026-02-05 18:58:34,765 : INFO : EventManager : Event: ======'machine_var_audits_missing_switches_s_trough_jam'====== Args={'value': 868, 'prev_value': None, 'change': True}
2026-02-05 18:58:34,765 : INFO : EventManager : Event: ======'machine_var_audits_missing_switches_s_tshirt_bottom_standup'====== Args={'value': 18, 'prev_value': None, 'change': True}
2026-02-05 18:58:34,765 : INFO : EventManager : Event: ======'machine_var_audits_missing_switches_s_tshirt_top_standup'====== Args={'value': 18, 'prev_value': None, 'change': True}
2026-02-05 18:58:34,765 : INFO : EventManager : Event: ======'machine_var_audits_missing_switches_s_upper_pop_standup'====== Args={'value': 20, 'prev_value': None, 'change': True}
2026-02-05 18:58:34,765 : INFO : EventManager : Event: ======'machine_var_audits_missing_switches_service_esc'====== Args={'value': 1, 'prev_value': None, 'change': True}
2026-02-05 18:58:34,765 : INFO : EventManager : Event: ======'machine_var_audits_player_score'====== Args={'value': {'average': 11695809, 'top': [179589170, 147275560, 142237180, 85092890, 49818280, 38155360, 32035610, 25030460, 20034230, 6617180], 'total': 71}, 'prev_value': None, 'change': True}
2026-02-05 18:58:34,765 : INFO : EventManager : Event: ======'machine_var_audits_shots_bottom_drop'====== Args={'value': 181, 'prev_value': None, 'change': True}
2026-02-05 18:58:34,765 : INFO : EventManager : Event: ======'machine_var_audits_shots_captive_ball'====== Args={'value': 97, 'prev_value': None, 'change': True}
2026-02-05 18:58:34,765 : INFO : EventManager : Event: ======'machine_var_audits_shots_inner_loop'====== Args={'value': 85, 'prev_value': None, 'change': True}
2026-02-05 18:58:34,765 : INFO : EventManager : Event: ======'machine_var_audits_shots_inner_loop_backdoor'====== Args={'value': 1, 'prev_value': None, 'change': True}
2026-02-05 18:58:34,765 : INFO : EventManager : Event: ======'machine_var_audits_shots_left_inlane'====== Args={'value': 40, 'prev_value': None, 'change': True}
2026-02-05 18:58:34,765 : INFO : EventManager : Event: ======'machine_var_audits_shots_left_orbit'====== Args={'value': 157, 'prev_value': None, 'change': True}
2026-02-05 18:58:34,765 : INFO : EventManager : Event: ======'machine_var_audits_shots_left_orbit_backdoor'====== Args={'value': 11, 'prev_value': None, 'change': True}
2026-02-05 18:58:34,765 : INFO : EventManager : Event: ======'machine_var_audits_shots_left_outlane'====== Args={'value': 31, 'prev_value': None, 'change': True}
2026-02-05 18:58:34,765 : INFO : EventManager : Event: ======'machine_var_audits_shots_left_ramp'====== Args={'value': 471, 'prev_value': None, 'change': True}
2026-02-05 18:58:34,766 : INFO : EventManager : Event: ======'machine_var_audits_shots_middle_drop'====== Args={'value': 206, 'prev_value': None, 'change': True}
2026-02-05 18:58:34,766 : INFO : EventManager : Event: ======'machine_var_audits_shots_pop1'====== Args={'value': 38, 'prev_value': None, 'change': True}
2026-02-05 18:58:34,766 : INFO : EventManager : Event: ======'machine_var_audits_shots_pop2'====== Args={'value': 77, 'prev_value': None, 'change': True}
2026-02-05 18:58:34,766 : INFO : EventManager : Event: ======'machine_var_audits_shots_pop3'====== Args={'value': 1089, 'prev_value': None, 'change': True}
2026-02-05 18:58:34,766 : INFO : EventManager : Event: ======'machine_var_audits_shots_pop_standup'====== Args={'value': 500, 'prev_value': None, 'change': True}
2026-02-05 18:58:34,766 : INFO : EventManager : Event: ======'machine_var_audits_shots_right_inlane'====== Args={'value': 36, 'prev_value': None, 'change': True}
2026-02-05 18:58:34,766 : INFO : EventManager : Event: ======'machine_var_audits_shots_right_orbit'====== Args={'value': 160, 'prev_value': None, 'change': True}
2026-02-05 18:58:34,766 : INFO : EventManager : Event: ======'machine_var_audits_shots_right_orbit_backdoor'====== Args={'value': 6, 'prev_value': None, 'change': True}
2026-02-05 18:58:34,766 : INFO : EventManager : Event: ======'machine_var_audits_shots_right_outlane'====== Args={'value': 22, 'prev_value': None, 'change': True}
2026-02-05 18:58:34,766 : INFO : EventManager : Event: ======'machine_var_audits_shots_right_ramp'====== Args={'value': 757, 'prev_value': None, 'change': True}
2026-02-05 18:58:34,766 : INFO : EventManager : Event: ======'machine_var_audits_shots_scoop'====== Args={'value': 665, 'prev_value': None, 'change': True}
2026-02-05 18:58:34,766 : INFO : EventManager : Event: ======'machine_var_audits_shots_skill_captive'====== Args={'value': 16, 'prev_value': None, 'change': True}
2026-02-05 18:58:34,766 : INFO : EventManager : Event: ======'machine_var_audits_shots_skill_drop_targets'====== Args={'value': 240, 'prev_value': None, 'change': True}
2026-02-05 18:58:34,766 : INFO : EventManager : Event: ======'machine_var_audits_shots_skill_side_targets'====== Args={'value': 27, 'prev_value': None, 'change': True}
2026-02-05 18:58:34,766 : INFO : EventManager : Event: ======'machine_var_audits_shots_skillshot_drop_targets'====== Args={'value': 523, 'prev_value': None, 'change': True}
2026-02-05 18:58:34,766 : INFO : EventManager : Event: ======'machine_var_audits_shots_skillshot_hideout_plunge'====== Args={'value': 1, 'prev_value': None, 'change': True}
2026-02-05 18:58:34,766 : INFO : EventManager : Event: ======'machine_var_audits_shots_skillshot_left_outlane'====== Args={'value': 3, 'prev_value': None, 'change': True}
2026-02-05 18:58:34,766 : INFO : EventManager : Event: ======'machine_var_audits_shots_skillshot_lower_pop'====== Args={'value': 1, 'prev_value': None, 'change': True}
2026-02-05 18:58:34,767 : INFO : EventManager : Event: ======'machine_var_audits_shots_skillshot_side_targets'====== Args={'value': 11, 'prev_value': None, 'change': True}
2026-02-05 18:58:34,767 : INFO : EventManager : Event: ======'machine_var_audits_shots_skillshot_super'====== Args={'value': 5, 'prev_value': None, 'change': True}
2026-02-05 18:58:34,767 : INFO : EventManager : Event: ======'machine_var_audits_shots_spinner'====== Args={'value': 2452, 'prev_value': None, 'change': True}
2026-02-05 18:58:34,767 : INFO : EventManager : Event: ======'machine_var_audits_shots_three_bank_standup'====== Args={'value': 92, 'prev_value': None, 'change': True}
2026-02-05 18:58:34,767 : INFO : EventManager : Event: ======'machine_var_audits_shots_toomanyrappers_captiveball'====== Args={'value': 3, 'prev_value': None, 'change': True}
2026-02-05 18:58:34,767 : INFO : EventManager : Event: ======'machine_var_audits_shots_toomanyrappers_leftorbit'====== Args={'value': 8, 'prev_value': None, 'change': True}
2026-02-05 18:58:34,767 : INFO : EventManager : Event: ======'machine_var_audits_shots_toomanyrappers_leftramp'====== Args={'value': 2, 'prev_value': None, 'change': True}
2026-02-05 18:58:34,767 : INFO : EventManager : Event: ======'machine_var_audits_shots_toomanyrappers_rightorbit'====== Args={'value': 27, 'prev_value': None, 'change': True}
2026-02-05 18:58:34,767 : INFO : EventManager : Event: ======'machine_var_audits_shots_toomanyrappers_rightramp'====== Args={'value': 68, 'prev_value': None, 'change': True}
2026-02-05 18:58:34,767 : INFO : EventManager : Event: ======'machine_var_audits_shots_toomanyrappers_scoop'====== Args={'value': 22, 'prev_value': None, 'change': True}
2026-02-05 18:58:34,767 : INFO : EventManager : Event: ======'machine_var_audits_shots_top_drop'====== Args={'value': 584, 'prev_value': None, 'change': True}
2026-02-05 18:58:34,767 : INFO : EventManager : Event: ======'machine_var_audits_shots_tshirt_bottom_standup'====== Args={'value': 122, 'prev_value': None, 'change': True}
2026-02-05 18:58:34,767 : INFO : EventManager : Event: ======'machine_var_audits_shots_tshirt_top_standup'====== Args={'value': 128, 'prev_value': None, 'change': True}
2026-02-05 18:58:34,767 : INFO : EventManager : Event: ======'machine_var_audits_shots_upper_pop_standup'====== Args={'value': 39, 'prev_value': None, 'change': True}
2026-02-05 18:58:34,767 : INFO : EventManager : Event: ======'machine_var_audits_switches_s_captive_ball'====== Args={'value': 304, 'prev_value': None, 'change': True}
2026-02-05 18:58:34,767 : INFO : EventManager : Event: ======'machine_var_audits_switches_s_center_upper_pop'====== Args={'value': 314, 'prev_value': None, 'change': True}
2026-02-05 18:58:34,767 : INFO : EventManager : Event: ======'machine_var_audits_switches_s_inner_orbit'====== Args={'value': 98, 'prev_value': None, 'change': True}
2026-02-05 18:58:34,768 : INFO : EventManager : Event: ======'machine_var_audits_switches_s_left_flipper'====== Args={'value': 1713, 'prev_value': None, 'change': True}
2026-02-05 18:58:34,768 : INFO : EventManager : Event: ======'machine_var_audits_switches_s_left_inlane'====== Args={'value': 151, 'prev_value': None, 'change': True}
2026-02-05 18:58:34,768 : INFO : EventManager : Event: ======'machine_var_audits_switches_s_left_orbit'====== Args={'value': 345, 'prev_value': None, 'change': True}
2026-02-05 18:58:34,768 : INFO : EventManager : Event: ======'machine_var_audits_switches_s_left_outlane'====== Args={'value': 88, 'prev_value': None, 'change': True}
2026-02-05 18:58:34,768 : INFO : EventManager : Event: ======'machine_var_audits_switches_s_left_ramp'====== Args={'value': 611, 'prev_value': None, 'change': True}
2026-02-05 18:58:34,768 : INFO : EventManager : Event: ======'machine_var_audits_switches_s_left_slingshot'====== Args={'value': 260, 'prev_value': None, 'change': True}
2026-02-05 18:58:34,768 : INFO : EventManager : Event: ======'machine_var_audits_switches_s_left_upper_pop'====== Args={'value': 211, 'prev_value': None, 'change': True}
2026-02-05 18:58:34,768 : INFO : EventManager : Event: ======'machine_var_audits_switches_s_plunger'====== Args={'value': 2083, 'prev_value': None, 'change': True}
2026-02-05 18:58:34,768 : INFO : EventManager : Event: ======'machine_var_audits_switches_s_pop_standup'====== Args={'value': 624, 'prev_value': None, 'change': True}
2026-02-05 18:58:34,768 : INFO : EventManager : Event: ======'machine_var_audits_switches_s_right_flipper'====== Args={'value': 2602, 'prev_value': None, 'change': True}
2026-02-05 18:58:34,768 : INFO : EventManager : Event: ======'machine_var_audits_switches_s_right_inlane'====== Args={'value': 144, 'prev_value': None, 'change': True}
2026-02-05 18:58:34,768 : INFO : EventManager : Event: ======'machine_var_audits_switches_s_right_lower_pop'====== Args={'value': 1865, 'prev_value': None, 'change': True}
2026-02-05 18:58:34,768 : INFO : EventManager : Event: ======'machine_var_audits_switches_s_right_orbit'====== Args={'value': 438, 'prev_value': None, 'change': True}
2026-02-05 18:58:34,768 : INFO : EventManager : Event: ======'machine_var_audits_switches_s_right_outlane'====== Args={'value': 75, 'prev_value': None, 'change': True}
2026-02-05 18:58:34,768 : INFO : EventManager : Event: ======'machine_var_audits_switches_s_right_ramp'====== Args={'value': 922, 'prev_value': None, 'change': True}
2026-02-05 18:58:34,768 : INFO : EventManager : Event: ======'machine_var_audits_switches_s_right_slingshot'====== Args={'value': 366, 'prev_value': None, 'change': True}
2026-02-05 18:58:34,768 : INFO : EventManager : Event: ======'machine_var_audits_switches_s_scoop'====== Args={'value': 1010, 'prev_value': None, 'change': True}
2026-02-05 18:58:34,769 : INFO : EventManager : Event: ======'machine_var_audits_switches_s_service_down'====== Args={'value': 0, 'prev_value': None, 'change': True}
2026-02-05 18:58:34,769 : INFO : EventManager : Event: ======'machine_var_audits_switches_s_service_enter'====== Args={'value': 1, 'prev_value': None, 'change': True}
2026-02-05 18:58:34,769 : INFO : EventManager : Event: ======'machine_var_audits_switches_s_service_esc'====== Args={'value': 0, 'prev_value': None, 'change': True}
2026-02-05 18:58:34,769 : INFO : EventManager : Event: ======'machine_var_audits_switches_s_service_up'====== Args={'value': 3, 'prev_value': None, 'change': True}
2026-02-05 18:58:34,769 : INFO : EventManager : Event: ======'machine_var_audits_switches_s_spinner'====== Args={'value': 4512, 'prev_value': None, 'change': True}
2026-02-05 18:58:34,769 : INFO : EventManager : Event: ======'machine_var_audits_switches_s_start'====== Args={'value': 93, 'prev_value': None, 'change': True}
2026-02-05 18:58:34,769 : INFO : EventManager : Event: ======'machine_var_audits_switches_s_three_bank_bottom'====== Args={'value': 675, 'prev_value': None, 'change': True}
2026-02-05 18:58:34,769 : INFO : EventManager : Event: ======'machine_var_audits_switches_s_three_bank_middle'====== Args={'value': 741, 'prev_value': None, 'change': True}
2026-02-05 18:58:34,769 : INFO : EventManager : Event: ======'machine_var_audits_switches_s_three_bank_standup'====== Args={'value': 334, 'prev_value': None, 'change': True}
2026-02-05 18:58:34,769 : INFO : EventManager : Event: ======'machine_var_audits_switches_s_three_bank_top'====== Args={'value': 1123, 'prev_value': None, 'change': True}
2026-02-05 18:58:34,770 : INFO : EventManager : Event: ======'machine_var_audits_switches_s_tilt_bob'====== Args={'value': 62, 'prev_value': None, 'change': True}
2026-02-05 18:58:34,770 : INFO : EventManager : Event: ======'machine_var_audits_switches_s_top_right_flipper'====== Args={'value': 1294, 'prev_value': None, 'change': True}
2026-02-05 18:58:34,770 : INFO : EventManager : Event: ======'machine_var_audits_switches_s_trough1'====== Args={'value': 544, 'prev_value': None, 'change': True}
2026-02-05 18:58:34,770 : INFO : EventManager : Event: ======'machine_var_audits_switches_s_trough2'====== Args={'value': 381, 'prev_value': None, 'change': True}
2026-02-05 18:58:34,770 : INFO : EventManager : Event: ======'machine_var_audits_switches_s_trough3'====== Args={'value': 307, 'prev_value': None, 'change': True}
2026-02-05 18:58:34,770 : INFO : EventManager : Event: ======'machine_var_audits_switches_s_trough4'====== Args={'value': 190, 'prev_value': None, 'change': True}
2026-02-05 18:58:34,770 : INFO : EventManager : Event: ======'machine_var_audits_switches_s_trough5'====== Args={'value': 162, 'prev_value': None, 'change': True}
2026-02-05 18:58:34,770 : INFO : EventManager : Event: ======'machine_var_audits_switches_s_trough6'====== Args={'value': 161, 'prev_value': None, 'change': True}
2026-02-05 18:58:34,770 : INFO : EventManager : Event: ======'machine_var_audits_switches_s_trough_jam'====== Args={'value': 206, 'prev_value': None, 'change': True}
2026-02-05 18:58:34,770 : INFO : EventManager : Event: ======'machine_var_audits_switches_s_tshirt_bottom_standup'====== Args={'value': 181, 'prev_value': None, 'change': True}
2026-02-05 18:58:34,770 : INFO : EventManager : Event: ======'machine_var_audits_switches_s_tshirt_top_standup'====== Args={'value': 218, 'prev_value': None, 'change': True}
2026-02-05 18:58:34,770 : INFO : EventManager : Event: ======'machine_var_audits_switches_s_upper_pop_standup'====== Args={'value': 213, 'prev_value': None, 'change': True}
2026-02-05 18:58:34,770 : INFO : EventManager : Event: ======'machine_var_audits_switches_service_down'====== Args={'value': 1, 'prev_value': None, 'change': True}
2026-02-05 18:58:34,770 : INFO : EventManager : Event: ======'machine_var_audits_switches_service_enter'====== Args={'value': 2, 'prev_value': None, 'change': True}
2026-02-05 18:58:34,771 : INFO : EventManager : Event: ======'machine_var_audits_switches_service_esc'====== Args={'value': 0, 'prev_value': None, 'change': True}
2026-02-05 18:58:34,771 : INFO : EventManager : Event: ======'machine_var_audits_switches_service_up'====== Args={'value': 2, 'prev_value': None, 'change': True}
2026-02-05 18:58:34,772 : INFO : EventManager : Event: ======'init_phase_5'====== Args={}
2026-02-05 18:58:34,773 : INFO : EventManager : Event: ======'init_done'====== Args={}
2026-02-05 18:58:34,773 : INFO : EventManager : Event: ======'machine_reset_phase_1'====== Args={}
2026-02-05 18:58:34,786 : INFO : EventManager : Event: ======'machine_reset_phase_2'====== Args={}
2026-02-05 18:58:34,787 : INFO : EventManager : Event: ======'game_just_played'====== Args={'priority': 0, 'action': 'set_machine', 'int': 0}
2026-02-05 18:58:34,787 : INFO : EventManager : Event: ======'machine_reset_phase_3'====== Args={}
2026-02-05 18:58:34,787 : INFO : drop_target_bank.three_bank : All targets are already up. Will not reset bank.
2026-02-05 18:58:34,787 : INFO : EventManager : Event: ======'reset_complete'====== Args={}
2026-02-05 18:58:34,787 : INFO : EventManager : Event: ======'mode_service_will_start'====== Args={}
2026-02-05 18:58:34,789 : INFO : EventManager : Event: ======'mode_service_starting'====== Args={}
2026-02-05 18:58:34,789 : INFO : EventManager : Event: ======'mode_attract_will_start'====== Args={}
2026-02-05 18:58:34,790 : INFO : Timer.attract_intro_timer : Starting Timer.
2026-02-05 18:58:34,790 : INFO : EventManager : Event: ======'timer_attract_intro_timer_started'====== Args={'ticks': 0, 'ticks_remaining': 16}
2026-02-05 18:58:34,790 : INFO : EventManager : Event: ======'timer_attract_intro_timer_tick'====== Args={'ticks': 0, 'ticks_remaining': 16}
2026-02-05 18:58:34,800 : INFO : EventManager : Event: ======'mode_attract_starting'====== Args={}
2026-02-05 18:58:34,800 : INFO : Mode.service : Started. Priority: 100000
2026-02-05 18:58:34,800 : INFO : EventManager : Event: ======'modes_active_modes_changed'====== Args={}
2026-02-05 18:58:34,800 : INFO : EventManager : Event: ======'mode_service_started'====== Args={}
2026-02-05 18:58:34,801 : INFO : EventManager : Event: ======'logicblock_mca_sequence_updated'====== Args={'value': 0, 'enabled': True}
2026-02-05 18:58:34,802 : INFO : EventManager : Event: ======'logicblock_adr_sequence_updated'====== Args={'value': 0, 'enabled': True}
2026-02-05 18:58:34,802 : INFO : EventManager : Event: ======'logicblock_christmas_sequence_updated'====== Args={'value': 0, 'enabled': True}
2026-02-05 18:58:34,802 : INFO : EventManager : Event: ======'logicblock_mca_sequence_updated'====== Args={'value': 0, 'enabled': True}
2026-02-05 18:58:34,802 : INFO : EventManager : Event: ======'logicblock_adr_sequence_updated'====== Args={'value': 0, 'enabled': True}
2026-02-05 18:58:34,802 : INFO : EventManager : Event: ======'logicblock_christmas_sequence_updated'====== Args={'value': 0, 'enabled': True}
2026-02-05 18:58:34,802 : INFO : Mode.attract : Started. Priority: 10
2026-02-05 18:58:34,802 : INFO : EventManager : Event: ======'modes_active_modes_changed'====== Args={}
2026-02-05 18:58:34,802 : INFO : EventManager : Event: ======'mode_attract_started'====== Args={}
2026-02-05 18:58:34,802 : INFO : EventManager : Event: ======'logicblock_mca_sequence_updated'====== Args={'value': 0, 'enabled': True}
2026-02-05 18:58:34,802 : INFO : EventManager : Event: ======'logicblock_mca_sequence_updated'====== Args={'value': 0, 'enabled': True}
2026-02-05 18:58:34,802 : INFO : EventManager : Event: ======'logicblock_adr_sequence_updated'====== Args={'value': 0, 'enabled': True}
2026-02-05 18:58:34,802 : INFO : EventManager : Event: ======'logicblock_adr_sequence_updated'====== Args={'value': 0, 'enabled': True}
2026-02-05 18:58:34,803 : INFO : EventManager : Event: ======'logicblock_christmas_sequence_updated'====== Args={'value': 0, 'enabled': True}
2026-02-05 18:58:34,803 : INFO : EventManager : Event: ======'logicblock_christmas_sequence_updated'====== Args={'value': 0, 'enabled': True}
2026-02-05 18:58:34,804 : INFO : EventManager : Event: ======'timer_attract_intro_timer_tick'====== Args={'ticks': 0, 'ticks_remaining': 16}
2026-02-05 18:58:34,804 : INFO : EventManager : Event: ======'collecting_balls_complete'====== Args={}
2026-02-05 18:58:34,805 : INFO : EventManager : Event: ======'carousel_item_highlighted'====== Args={'carousel': 'attract', 'direction': None, 'item': 'mpf_logo'}
2026-02-05 18:58:34,807 : INFO : Timer.attract_carousel_timer : Starting Timer.
2026-02-05 18:58:34,807 : INFO : EventManager : Event: ======'timer_attract_carousel_timer_started'====== Args={'ticks': 0, 'ticks_remaining': 5}
2026-02-05 18:58:34,808 : INFO : EventManager : Event: ======'timer_attract_carousel_timer_tick'====== Args={'ticks': 0, 'ticks_remaining': 5}
2026-02-05 18:58:34,810 : INFO : EventManager : Event: ======'slide_loading_created'====== Args={'_from_bcp': True}
2026-02-05 18:58:34,811 : INFO : EventManager : Event: ======'slide__removed'====== Args={'_from_bcp': True}
2026-02-05 18:58:34,811 : INFO : EventManager : Event: ======'slide_loading_active'====== Args={'original_context': '_global', 'original_calling_context': 'init_done', 'priority': 0.0, 'cmd': 'slides_play', '_from_bcp': True}
2026-02-05 18:58:34,811 : INFO : Machine : Starting the main run loop with active modes: [<Mode.service>, <Mode.attract>]
2026-02-05 18:58:34,869 : INFO : EventManager : Event: ======'slide_attract_load_created'====== Args={'_from_bcp': True}
2026-02-05 18:58:34,869 : INFO : EventManager : Event: ======'slide_loading_inactive'====== Args={'is_removing': True, '_from_bcp': True}
2026-02-05 18:58:34,870 : INFO : EventManager : Event: ======'slide_attract_load_active'====== Args={'original_context': 'attract', 'original_calling_context': 'mode_attract_started{machine.game_just_played==0}', 'priority': 10.0, 'cmd': 'slides_play', '_from_bcp': True}
2026-02-05 18:58:34,870 : INFO : EventManager : Event: ======'slide_loading_removed'====== Args={'_from_bcp': True}
2026-02-05 18:58:35,537 : INFO : BcpServer : New client connected.
2026-02-05 18:58:35,817 : INFO : EventManager : Event: ======'timer_attract_intro_timer_tick'====== Args={'ticks': 1, 'ticks_remaining': 15}
2026-02-05 18:58:35,818 : INFO : EventManager : Event: ======'timer_attract_carousel_timer_tick'====== Args={'ticks': 1, 'ticks_remaining': 4}
2026-02-05 18:58:36,816 : INFO : EventManager : Event: ======'timer_attract_intro_timer_tick'====== Args={'ticks': 2, 'ticks_remaining': 14}
2026-02-05 18:58:36,817 : INFO : EventManager : Event: ======'timer_attract_carousel_timer_tick'====== Args={'ticks': 2, 'ticks_remaining': 3}
2026-02-05 18:58:37,060 : INFO : SwitchController : <<<<<<< 's_start' active >>>>>>>
2026-02-05 18:58:37,226 : INFO : SwitchController : <<<<<<< 's_start' inactive >>>>>>>
2026-02-05 18:58:37,227 : INFO : EventManager : Event: ======'sw_start_inactive'====== Args={}
2026-02-05 18:58:37,227 : INFO : EventManager : Event: ======'request_to_start_game'====== Args={}
2026-02-05 18:58:37,228 : INFO : EventManager : Event: ======'game_start'====== Args={'buttons': [], 'hold_time': 0.1669660999905318}
2026-02-05 18:58:37,228 : INFO : EventManager : Event: ======'mode_game_will_start'====== Args={'buttons': [], 'hold_time': 0.1669660999905318}
2026-02-05 18:58:37,229 : INFO : EventManager : Event: ======'mode_game_starting'====== Args={'buttons': [], 'hold_time': 0.1669660999905318}
2026-02-05 18:58:37,229 : INFO : EventManager : Event: ======'mode_attract_will_stop'====== Args={}
2026-02-05 18:58:37,229 : INFO : EventManager : Event: ======'mode_attract_stopping'====== Args={}
2026-02-05 18:58:37,230 : INFO : Mode.game : Started. Priority: 20
2026-02-05 18:58:37,230 : INFO : EventManager : Event: ======'modes_active_modes_changed'====== Args={}
2026-02-05 18:58:37,230 : INFO : EventManager : Event: ======'mode_game_started'====== Args={'buttons': [], 'hold_time': 0.1669660999905318}
2026-02-05 18:58:37,231 : INFO : Mode.attract : Stopped.
2026-02-05 18:58:37,231 : INFO : EventManager : Event: ======'modes_active_modes_changed'====== Args={}
2026-02-05 18:58:37,232 : INFO : EventManager : Event: ======'mode_attract_stopped'====== Args={}
2026-02-05 18:58:37,233 : INFO : EventManager : Event: ======'clear'====== Args={'key': 'attract'}
2026-02-05 18:58:37,233 : INFO : Timer.attract_intro_timer : Stopping Timer
2026-02-05 18:58:37,233 : INFO : EventManager : Event: ======'timer_attract_intro_timer_stopped'====== Args={'ticks': 2, 'ticks_remaining': 14}
2026-02-05 18:58:37,233 : INFO : Timer.christmas_attract_video_timer : Stopping Timer
2026-02-05 18:58:37,233 : INFO : EventManager : Event: ======'timer_christmas_attract_video_timer_stopped'====== Args={'ticks': 0, 'ticks_remaining': 0}
2026-02-05 18:58:37,233 : INFO : Timer.mca_attract_video_timer : Stopping Timer
2026-02-05 18:58:37,234 : INFO : EventManager : Event: ======'timer_mca_attract_video_timer_stopped'====== Args={'ticks': 0, 'ticks_remaining': 0}
2026-02-05 18:58:37,234 : INFO : Timer.attract_carousel_timer : Stopping Timer
2026-02-05 18:58:37,234 : INFO : EventManager : Event: ======'timer_attract_carousel_timer_stopped'====== Args={'ticks': 2, 'ticks_remaining': 3}
2026-02-05 18:58:37,234 : INFO : Timer.adr_attract_video_timer : Stopping Timer
2026-02-05 18:58:37,234 : INFO : EventManager : Event: ======'timer_adr_attract_video_timer_stopped'====== Args={'ticks': 0, 'ticks_remaining': 0}
2026-02-05 18:58:37,234 : INFO : EventManager : Event: ======'game_will_start'====== Args={}
2026-02-05 18:58:37,238 : INFO : EventManager : Event: ======'game_starting'====== Args={'game': <Mode.game>}
2026-02-05 18:58:37,240 : INFO : EventManager : Unordered handler for class <Auditor> on event game_ended with priority 1. Handlers: [RegisteredHandler(callback=<bound method Auditor.disable of <Auditor>>, priority=1, kwargs={}, key=UUID('51b45afa-7d55-4de6-ae66-6d5059ace4c4'), condition=None, blocking_facility=None), RegisteredHandler(callback=<bound method Auditor._save_audits of <Auditor>>, priority=1, kwargs={}, key=UUID('871c26af-500d-409b-b74b-7ecc1eca238c'), condition=None, blocking_facility=None)]. The order of those handlers is not defined and they will be executed in random order. This might lead to race conditions and potential bugs.
2026-02-05 18:58:37,240 : INFO : EventManager : Event: ======'player_add_request'====== Args={}
2026-02-05 18:58:37,241 : INFO : EventManager : Event: ======'player_will_add'====== Args={'number': 1}
2026-02-05 18:58:37,241 : INFO : EventManager : Event: ======'player_adding'====== Args={'player': <Player 1>, 'number': 1}
2026-02-05 18:58:37,241 : INFO : EventManager : Event: ======'player_added'====== Args={'player': <Player 1>, 'num': 1}
2026-02-05 18:58:37,242 : INFO : Mode.game : Player added successfully. Total players: 1
2026-02-05 18:58:37,242 : INFO : EventManager : Event: ======'player_index'====== Args={'value': 0, 'prev_value': 0, 'change': 0, 'player_num': 1}
2026-02-05 18:58:37,242 : INFO : EventManager : Event: ======'player_number'====== Args={'value': 1, 'prev_value': 1, 'change': 0, 'player_num': 1}
2026-02-05 18:58:37,242 : INFO : EventManager : Event: ======'player_score'====== Args={'value': 0, 'prev_value': 0, 'change': 0, 'player_num': 1}
2026-02-05 18:58:37,243 : INFO : EventManager : Event: ======'game_started'====== Args={}
2026-02-05 18:58:37,243 : INFO : EventManager : Event: ======'mode_tilt_will_start'====== Args={}
2026-02-05 18:58:37,245 : INFO : EventManager : Event: ======'mode_tilt_starting'====== Args={}
2026-02-05 18:58:37,245 : INFO : EventManager : Event: ======'machine_var_game_just_played'====== Args={'value': 1, 'prev_value': 0, 'change': 1}
2026-02-05 18:58:37,245 : INFO : Mode.tilt : Started. Priority: 1000000
2026-02-05 18:58:37,245 : INFO : EventManager : Event: ======'modes_active_modes_changed'====== Args={}
2026-02-05 18:58:37,246 : INFO : EventManager : Event: ======'mode_tilt_started'====== Args={}
2026-02-05 18:58:37,247 : INFO : EventManager : Event: ======'player_turn_will_start'====== Args={'player': <Player 1>, 'number': 1}
2026-02-05 18:58:37,248 : INFO : EventManager : Event: ======'player_turn_starting'====== Args={'player': <Player 1>, 'number': 1}
2026-02-05 18:58:37,268 : INFO : EventManager : Event: ======'player_ball'====== Args={'value': 1, 'prev_value': 0, 'change': 1, 'player_num': 1}
2026-02-05 18:58:37,273 : INFO : EventManager : Event: ======'player_turn_started'====== Args={'player': <Player 1>, 'number': 1}
2026-02-05 18:58:37,276 : INFO : EventManager : Event: ======'ball_will_start'====== Args={'player': 1, 'ball': 1, 'balls_remaining': 2, 'is_extra_ball': False}
2026-02-05 18:58:37,277 : INFO : EventManager : Event: ======'ball_starting'====== Args={'player': 1, 'ball': 1, 'balls_remaining': 2, 'is_extra_ball': False}
2026-02-05 18:58:37,278 : INFO : EventManager : Event: ======'mode_base_will_start'====== Args={'queue': <QueuedEvent>, 'player': 1, 'ball': 1, 'balls_remaining': 2, 'is_extra_ball': False}
2026-02-05 18:58:37,279 : INFO : EventManager : Event: ======'player_shot_left_orbit_enabled'====== Args={'value': True, 'prev_value': 0, 'change': 1, 'player_num': 1}
2026-02-05 18:58:37,279 : INFO : EventManager : Event: ======'player_shot_right_orbit_enabled'====== Args={'value': True, 'prev_value': 0, 'change': 1, 'player_num': 1}
2026-02-05 18:58:37,279 : INFO : EventManager : Event: ======'player_shot_inner_loop_enabled'====== Args={'value': True, 'prev_value': 0, 'change': 1, 'player_num': 1}
2026-02-05 18:58:37,280 : INFO : EventManager : Event: ======'player_shot_left_orbit_backdoor_enabled'====== Args={'value': True, 'prev_value': 0, 'change': 1, 'player_num': 1}
2026-02-05 18:58:37,280 : INFO : EventManager : Event: ======'player_shot_right_orbit_backdoor_enabled'====== Args={'value': True, 'prev_value': 0, 'change': 1, 'player_num': 1}
2026-02-05 18:58:37,280 : INFO : EventManager : Event: ======'player_shot_inner_loop_backdoor_enabled'====== Args={'value': True, 'prev_value': 0, 'change': 1, 'player_num': 1}
2026-02-05 18:58:37,280 : INFO : EventManager : Event: ======'player_shot_right_ramp_enabled'====== Args={'value': True, 'prev_value': 0, 'change': 1, 'player_num': 1}
2026-02-05 18:58:37,280 : INFO : EventManager : Event: ======'player_shot_left_ramp_enabled'====== Args={'value': True, 'prev_value': 0, 'change': 1, 'player_num': 1}
2026-02-05 18:58:37,281 : INFO : EventManager : Event: ======'player_shot_pop_standup_enabled'====== Args={'value': True, 'prev_value': 0, 'change': 1, 'player_num': 1}
2026-02-05 18:58:37,281 : INFO : EventManager : Event: ======'player_shot_upper_pop_standup_enabled'====== Args={'value': True, 'prev_value': 0, 'change': 1, 'player_num': 1}
2026-02-05 18:58:37,281 : INFO : EventManager : Event: ======'player_shot_scoop_enabled'====== Args={'value': True, 'prev_value': 0, 'change': 1, 'player_num': 1}
2026-02-05 18:58:37,282 : INFO : EventManager : Event: ======'player_shot_captive_ball_enabled'====== Args={'value': True, 'prev_value': 0, 'change': 1, 'player_num': 1}
2026-02-05 18:58:37,282 : INFO : EventManager : Event: ======'player_shot_three_bank_standup_enabled'====== Args={'value': True, 'prev_value': 0, 'change': 1, 'player_num': 1}
2026-02-05 18:58:37,282 : INFO : EventManager : Event: ======'player_shot_spinner_enabled'====== Args={'value': True, 'prev_value': 0, 'change': 1, 'player_num': 1}
2026-02-05 18:58:37,283 : INFO : EventManager : Event: ======'player_shot_pop1_enabled'====== Args={'value': True, 'prev_value': 0, 'change': 1, 'player_num': 1}
2026-02-05 18:58:37,283 : INFO : EventManager : Event: ======'player_shot_pop2_enabled'====== Args={'value': True, 'prev_value': 0, 'change': 1, 'player_num': 1}
2026-02-05 18:58:37,283 : INFO : EventManager : Event: ======'player_shot_pop3_enabled'====== Args={'value': True, 'prev_value': 0, 'change': 1, 'player_num': 1}
2026-02-05 18:58:37,284 : INFO : EventManager : Event: ======'player_shot_bottom_drop_enabled'====== Args={'value': True, 'prev_value': 0, 'change': 1, 'player_num': 1}
2026-02-05 18:58:37,284 : INFO : EventManager : Event: ======'player_shot_middle_drop_enabled'====== Args={'value': True, 'prev_value': 0, 'change': 1, 'player_num': 1}
2026-02-05 18:58:37,285 : INFO : EventManager : Event: ======'player_shot_top_drop_enabled'====== Args={'value': True, 'prev_value': 0, 'change': 1, 'player_num': 1}
2026-02-05 18:58:37,285 : INFO : EventManager : Event: ======'player_shot_tshirt_top_standup_enabled'====== Args={'value': True, 'prev_value': 0, 'change': 1, 'player_num': 1}
2026-02-05 18:58:37,286 : INFO : EventManager : Event: ======'player_shot_tshirt_bottom_standup_enabled'====== Args={'value': True, 'prev_value': 0, 'change': 1, 'player_num': 1}
2026-02-05 18:58:37,288 : INFO : EventManager : Event: ======'player_shot_left_outlane_enabled'====== Args={'value': True, 'prev_value': 0, 'change': 1, 'player_num': 1}
2026-02-05 18:58:37,288 : INFO : EventManager : Event: ======'player_shot_left_inlane_enabled'====== Args={'value': True, 'prev_value': 0, 'change': 1, 'player_num': 1}
2026-02-05 18:58:37,289 : INFO : EventManager : Event: ======'player_shot_right_inlane_enabled'====== Args={'value': True, 'prev_value': 0, 'change': 1, 'player_num': 1}
2026-02-05 18:58:37,289 : INFO : EventManager : Event: ======'player_shot_right_outlane_enabled'====== Args={'value': True, 'prev_value': 0, 'change': 1, 'player_num': 1}
2026-02-05 18:58:37,290 : INFO : EventManager : Event: ======'sg_lanes_complete'====== Args={'state': 'unlit'}
2026-02-05 18:58:37,290 : INFO : EventManager : Event: ======'sg_lanes_unlit_complete'====== Args={}
2026-02-05 18:58:37,291 : INFO : EventManager : Event: ======'sg_tshirts_complete'====== Args={'state': 'flash'}
2026-02-05 18:58:37,291 : INFO : EventManager : Event: ======'sg_tshirts_flash_complete'====== Args={}
2026-02-05 18:58:37,297 : INFO : EventManager : Event: ======'player_base_chcheckitoutfinish_widget_timer_tick'====== Args={'value': 0, 'prev_value': 0, 'change': 0, 'player_num': 1}
2026-02-05 18:58:37,298 : INFO : EventManager : Event: ======'player_base_bodymovin_widget_timer_tick'====== Args={'value': 0, 'prev_value': 0, 'change': 0, 'player_num': 1}
2026-02-05 18:58:37,299 : INFO : EventManager : Event: ======'player_base_bodymovin_lock_enabled_widget_timer_tick'====== Args={'value': 0, 'prev_value': 0, 'change': 0, 'player_num': 1}
2026-02-05 18:58:37,300 : INFO : EventManager : Event: ======'player_base_bodymovin_ball_1_locked_widget_timer_tick'====== Args={'value': 0, 'prev_value': 0, 'change': 0, 'player_num': 1}
2026-02-05 18:58:37,300 : INFO : EventManager : Event: ======'player_base_bodymovin_ball_2_locked_widget_timer_tick'====== Args={'value': 0, 'prev_value': 0, 'change': 0, 'player_num': 1}
2026-02-05 18:58:37,301 : INFO : EventManager : Event: ======'achievement_wizard1_changed_state'====== Args={'restore': False, 'state': 'disabled', 'selected': False}
2026-02-05 18:58:37,301 : INFO : EventManager : Event: ======'achievement_wizard1_state_disabled'====== Args={'restore': False, 'state': 'disabled', 'selected': False}
2026-02-05 18:58:37,301 : INFO : EventManager : Event: ======'achievement_intergalactic_mode_changed_state'====== Args={'restore': False, 'state': 'enabled', 'selected': False}
2026-02-05 18:58:37,301 : INFO : EventManager : Event: ======'achievement_intergalactic_mode_state_enabled'====== Args={'restore': False, 'state': 'enabled', 'selected': False}
2026-02-05 18:58:37,301 : INFO : EventManager : Event: ======'achievement_paulrevere_mode_changed_state'====== Args={'restore': False, 'state': 'enabled', 'selected': False}
2026-02-05 18:58:37,302 : INFO : EventManager : Event: ======'achievement_paulrevere_mode_state_enabled'====== Args={'restore': False, 'state': 'enabled', 'selected': False}
2026-02-05 18:58:37,302 : INFO : EventManager : Event: ======'achievement_tripletrouble_mode_changed_state'====== Args={'restore': False, 'state': 'enabled', 'selected': False}
2026-02-05 18:58:37,302 : INFO : EventManager : Event: ======'achievement_tripletrouble_mode_state_enabled'====== Args={'restore': False, 'state': 'enabled', 'selected': False}
2026-02-05 18:58:37,302 : INFO : EventManager : Event: ======'achievement_sabotage_mode_changed_state'====== Args={'restore': False, 'state': 'enabled', 'selected': False}
2026-02-05 18:58:37,302 : INFO : EventManager : Event: ======'achievement_sabotage_mode_state_enabled'====== Args={'restore': False, 'state': 'enabled', 'selected': False}
2026-02-05 18:58:37,303 : INFO : EventManager : Event: ======'achievement_fingerlickingood_mode_changed_state'====== Args={'restore': False, 'state': 'enabled', 'selected': False}
2026-02-05 18:58:37,303 : INFO : EventManager : Event: ======'achievement_fingerlickingood_mode_state_enabled'====== Args={'restore': False, 'state': 'enabled', 'selected': False}
2026-02-05 18:58:37,304 : INFO : EventManager : Event: ======'achievement_toomanyrappers_mode_changed_state'====== Args={'restore': False, 'state': 'enabled', 'selected': False}
2026-02-05 18:58:37,304 : INFO : EventManager : Event: ======'achievement_toomanyrappers_mode_state_enabled'====== Args={'restore': False, 'state': 'enabled', 'selected': False}
2026-02-05 18:58:37,304 : INFO : EventManager : Event: ======'achievement_threemcsand1dj_mode_changed_state'====== Args={'restore': False, 'state': 'enabled', 'selected': False}
2026-02-05 18:58:37,304 : INFO : EventManager : Event: ======'achievement_threemcsand1dj_mode_state_enabled'====== Args={'restore': False, 'state': 'enabled', 'selected': False}
2026-02-05 18:58:37,305 : INFO : EventManager : Event: ======'achievement_highplainsdrifter_mode_changed_state'====== Args={'restore': False, 'state': 'enabled', 'selected': False}
2026-02-05 18:58:37,305 : INFO : EventManager : Event: ======'achievement_highplainsdrifter_mode_state_enabled'====== Args={'restore': False, 'state': 'enabled', 'selected': False}
2026-02-05 18:58:37,305 : INFO : EventManager : Event: ======'achievement_chcheckitout_multiball_changed_state'====== Args={'restore': False, 'state': 'enabled', 'selected': False}
2026-02-05 18:58:37,306 : INFO : EventManager : Event: ======'achievement_chcheckitout_multiball_state_enabled'====== Args={'restore': False, 'state': 'enabled', 'selected': False}
2026-02-05 18:58:37,306 : INFO : EventManager : Event: ======'achievement_bodymovin_multiball_changed_state'====== Args={'restore': False, 'state': 'enabled', 'selected': False}
2026-02-05 18:58:37,306 : INFO : EventManager : Event: ======'achievement_bodymovin_multiball_state_enabled'====== Args={'restore': False, 'state': 'enabled', 'selected': False}
2026-02-05 18:58:37,306 : INFO : EventManager : Event: ======'achievement_superpops_super_mode_changed_state'====== Args={'restore': False, 'state': 'enabled', 'selected': False}
2026-02-05 18:58:37,307 : INFO : EventManager : Event: ======'achievement_superpops_super_mode_state_enabled'====== Args={'restore': False, 'state': 'enabled', 'selected': False}
2026-02-05 18:58:37,307 : INFO : EventManager : Event: ======'achievement_superdrops_super_mode_changed_state'====== Args={'restore': False, 'state': 'enabled', 'selected': False}
2026-02-05 18:58:37,307 : INFO : EventManager : Event: ======'achievement_superdrops_super_mode_state_enabled'====== Args={'restore': False, 'state': 'enabled', 'selected': False}
2026-02-05 18:58:37,307 : INFO : EventManager : Event: ======'achievement_superspins_super_mode_changed_state'====== Args={'restore': False, 'state': 'enabled', 'selected': False}
2026-02-05 18:58:37,308 : INFO : EventManager : Event: ======'achievement_superspins_super_mode_state_enabled'====== Args={'restore': False, 'state': 'enabled', 'selected': False}
2026-02-05 18:58:37,308 : INFO : EventManager : Event: ======'achievement_superstandups_super_mode_changed_state'====== Args={'restore': False, 'state': 'enabled', 'selected': False}
2026-02-05 18:58:37,308 : INFO : EventManager : Event: ======'achievement_superstandups_super_mode_state_enabled'====== Args={'restore': False, 'state': 'enabled', 'selected': False}
2026-02-05 18:58:37,308 : INFO : EventManager : Event: ======'achievement_supercombos_super_mode_changed_state'====== Args={'restore': False, 'state': 'enabled', 'selected': False}
2026-02-05 18:58:37,309 : INFO : EventManager : Event: ======'achievement_supercombos_super_mode_state_enabled'====== Args={'restore': False, 'state': 'enabled', 'selected': False}
2026-02-05 18:58:37,309 : INFO : EventManager : Event: ======'achievement_girls_frenzy_changed_state'====== Args={'restore': False, 'state': 'disabled', 'selected': False}
2026-02-05 18:58:37,309 : INFO : EventManager : Event: ======'achievement_girls_frenzy_state_disabled'====== Args={'restore': False, 'state': 'disabled', 'selected': False}
2026-02-05 18:58:37,322 : INFO : EventManager : Unordered handler for class <Auditor> on event game_ended with priority 1. Handlers: [RegisteredHandler(callback=<bound method Auditor.disable of <Auditor>>, priority=1, kwargs={}, key=UUID('51b45afa-7d55-4de6-ae66-6d5059ace4c4'), condition=None, blocking_facility=None), RegisteredHandler(callback=<bound method Auditor._save_audits of <Auditor>>, priority=1, kwargs={}, key=UUID('871c26af-500d-409b-b74b-7ecc1eca238c'), condition=None, blocking_facility=None)]. The order of those handlers is not defined and they will be executed in random order. This might lead to race conditions and potential bugs.
2026-02-05 18:58:37,376 : INFO : EventManager : Event: ======'mode_base_starting'====== Args={'queue': <QueuedEvent>, 'player': 1, 'ball': 1, 'balls_remaining': 2, 'is_extra_ball': False}
2026-02-05 18:58:37,377 : INFO : EventManager : Event: ======'mode_batterycharger_will_start'====== Args={'queue': <QueuedEvent>, 'player': 1, 'ball': 1, 'balls_remaining': 2, 'is_extra_ball': False}
2026-02-05 18:58:37,379 : INFO : EventManager : Unordered handler for class ConfigPlayer.show_player/shows on event mode_makesomenoise_started with priority 100. Handlers: [RegisteredHandler(callback=<bound method ConfigPlayer.config_play_callback of ConfigPlayer.show_player/shows>, priority=100, kwargs={'calling_context': 'mode_makesomenoise_started', 'mode': <Mode.base>, 'settings': {makesomenoise_mode_qualified_light-None-None: {'action': 'stop', 'priority': 0, 'show': None, 'speed': <NativeTemplate 1.0>, 'block_queue': False, 'start_step': <NativeTemplate 1>, 'start_running': <Template True>, 'loops': -1, 'sync_ms': None, 'manual_advance': False, 'show_queue': None, 'key': None, 'show_tokens': {}, 'events_when_played': [], 'events_when_stopped': [], 'events_when_looped': [], 'events_when_paused': [], 'events_when_resumed': [], 'events_when_advanced': [], 'events_when_stepped_back': [], 'events_when_updated': [], 'events_when_completed': []}, GI_on-None-None: {'action': 'stop', 'priority': 0, 'show': None, 'speed': <NativeTemplate 1.0>, 'block_queue': False, 'start_step': <NativeTemplate 1>, 'start_running': <Template True>, 'loops': -1, 'sync_ms': None, 'manual_advance': False, 'show_queue': None, 'key': None, 'show_tokens': {}, 'events_when_played': [], 'events_when_stopped': [], 'events_when_looped': [], 'events_when_paused': [], 'events_when_resumed': [], 'events_when_advanced': [], 'events_when_stepped_back': [], 'events_when_updated': [], 'events_when_completed': []}, battery_yellow-None-None: {'action': 'stop', 'priority': 0, 'show': None, 'speed': <NativeTemplate 1.0>, 'block_queue': False, 'start_step': <NativeTemplate 1>, 'start_running': <Template True>, 'loops': -1, 'sync_ms': None, 'manual_advance': False, 'show_queue': None, 'key': None, 'show_tokens': {}, 'events_when_played': [], 'events_when_stopped': [], 'events_when_looped': [], 'events_when_paused': [], 'events_when_resumed': [], 'events_when_advanced': [], 'events_when_stepped_back': [], 'events_when_updated': [], 'events_when_completed': []}, battery_green-None-None: {'action': 'stop', 'priority': 0, 'show': None, 'speed': <NativeTemplate 1.0>, 'block_queue': False, 'start_step': <NativeTemplate 1>, 'start_running': <Template True>, 'loops': -1, 'sync_ms': None, 'manual_advance': False, 'show_queue': None, 'key': None, 'show_tokens': {}, 'events_when_played': [], 'events_when_stopped': [], 'events_when_looped': [], 'events_when_paused': [], 'events_when_resumed': [], 'events_when_advanced': [], 'events_when_stepped_back': [], 'events_when_updated': [], 'events_when_completed': []}, battery_red-None-None: {'action': 'stop', 'priority': 0, 'show': None, 'speed': <NativeTemplate 1.0>, 'block_queue': False, 'start_step': <NativeTemplate 1>, 'start_running': <Template True>, 'loops': -1, 'sync_ms': None, 'manual_advance': False, 'show_queue': None, 'key': None, 'show_tokens': {}, 'events_when_played': [], 'events_when_stopped': [], 'events_when_looped': [], 'events_when_paused': [], 'events_when_resumed': [], 'events_when_advanced': [], 'events_when_stepped_back': [], 'events_when_updated': [], 'events_when_completed': []}}}, key=UUID('fbdbd47d-39d3-416e-9bb3-f626e172d1d8'), condition=None, blocking_facility=None), RegisteredHandler(callback=<bound method ConfigPlayer.config_play_callback of ConfigPlayer.show_player/shows>, priority=100, kwargs={'calling_context': 'mode_makesomenoise_started', 'mode': <Mode.batterycharger>, 'settings': {battery_red-None-None: {'action': 'stop', 'priority': 0, 'show': None, 'speed': <NativeTemplate 1.0>, 'block_queue': False, 'start_step': <NativeTemplate 1>, 'start_running': <Template True>, 'loops': -1, 'sync_ms': None, 'manual_advance': False, 'show_queue': None, 'key': None, 'show_tokens': {}, 'events_when_played': [], 'events_when_stopped': [], 'events_when_looped': [], 'events_when_paused': [], 'events_when_resumed': [], 'events_when_advanced': [], 'events_when_stepped_back': [], 'events_when_updated': [], 'events_when_completed': []}, battery_yellow-None-None: {'action': 'stop', 'priority': 0, 'show': None, 'speed': <NativeTemplate 1.0>, 'block_queue': False, 'start_step': <NativeTemplate 1>, 'start_running': <Template True>, 'loops': -1, 'sync_ms': None, 'manual_advance': False, 'show_queue': None, 'key': None, 'show_tokens': {}, 'events_when_played': [], 'events_when_stopped': [], 'events_when_looped': [], 'events_when_paused': [], 'events_when_resumed': [], 'events_when_advanced': [], 'events_when_stepped_back': [], 'events_when_updated': [], 'events_when_completed': []}, battery_green-None-None: {'action': 'stop', 'priority': 0, 'show': None, 'speed': <NativeTemplate 1.0>, 'block_queue': False, 'start_step': <NativeTemplate 1>, 'start_running': <Template True>, 'loops': -1, 'sync_ms': None, 'manual_advance': False, 'show_queue': None, 'key': None, 'show_tokens': {}, 'events_when_played': [], 'events_when_stopped': [], 'events_when_looped': [], 'events_when_paused': [], 'events_when_resumed': [], 'events_when_advanced': [], 'events_when_stepped_back': [], 'events_when_updated': [], 'events_when_completed': []}}}, key=UUID('0665b627-a4c7-4647-b93b-07c5515e0434'), condition=None, blocking_facility=None)]. The order of those handlers is not defined and they will be executed in random order. This might lead to race conditions and potential bugs.
2026-02-05 18:58:37,384 : INFO : EventManager : Unordered handler for class ConfigPlayer.show_player/shows on event achievement_wizard1_state_enabled with priority 100. Handlers: [RegisteredHandler(callback=<bound method ConfigPlayer.config_play_callback of ConfigPlayer.show_player/shows>, priority=100, kwargs={'calling_context': 'achievement_wizard1_state_enabled', 'mode': <Mode.base>, 'settings': {makesomenoise_mode_qualified_light-None-None: {'action': 'play', 'loops': -1, 'priority': 0, 'show': None, 'speed': <NativeTemplate 1.0>, 'block_queue': False, 'start_step': <NativeTemplate 1>, 'start_running': <Template True>, 'sync_ms': None, 'manual_advance': False, 'show_queue': None, 'key': None, 'show_tokens': {}, 'events_when_played': [], 'events_when_stopped': [], 'events_when_looped': [], 'events_when_paused': [], 'events_when_resumed': [], 'events_when_advanced': [], 'events_when_stepped_back': [], 'events_when_updated': [], 'events_when_completed': []}, chcheckitout_lit_strobe-None-None: {'action': 'stop', 'priority': 0, 'show': None, 'speed': <NativeTemplate 1.0>, 'block_queue': False, 'start_step': <NativeTemplate 1>, 'start_running': <Template True>, 'loops': -1, 'sync_ms': None, 'manual_advance': False, 'show_queue': None, 'key': None, 'show_tokens': {}, 'events_when_played': [], 'events_when_stopped': [], 'events_when_looped': [], 'events_when_paused': [], 'events_when_resumed': [], 'events_when_advanced': [], 'events_when_stepped_back': [], 'events_when_updated': [], 'events_when_completed': []}, battery_green-None-None: {'action': 'stop', 'priority': 0, 'show': None, 'speed': <NativeTemplate 1.0>, 'block_queue': False, 'start_step': <NativeTemplate 1>, 'start_running': <Template True>, 'loops': -1, 'sync_ms': None, 'manual_advance': False, 'show_queue': None, 'key': None, 'show_tokens': {}, 'events_when_played': [], 'events_when_stopped': [], 'events_when_looped': [], 'events_when_paused': [], 'events_when_resumed': [], 'events_when_advanced': [], 'events_when_stepped_back': [], 'events_when_updated': [], 'events_when_completed': []}, battery_yellow-None-None: {'action': 'stop', 'priority': 0, 'show': None, 'speed': <NativeTemplate 1.0>, 'block_queue': False, 'start_step': <NativeTemplate 1>, 'start_running': <Template True>, 'loops': -1, 'sync_ms': None, 'manual_advance': False, 'show_queue': None, 'key': None, 'show_tokens': {}, 'events_when_played': [], 'events_when_stopped': [], 'events_when_looped': [], 'events_when_paused': [], 'events_when_resumed': [], 'events_when_advanced': [], 'events_when_stepped_back': [], 'events_when_updated': [], 'events_when_completed': []}, battery_red-None-None: {'action': 'stop', 'priority': 0, 'show': None, 'speed': <NativeTemplate 1.0>, 'block_queue': False, 'start_step': <NativeTemplate 1>, 'start_running': <Template True>, 'loops': -1, 'sync_ms': None, 'manual_advance': False, 'show_queue': None, 'key': None, 'show_tokens': {}, 'events_when_played': [], 'events_when_stopped': [], 'events_when_looped': [], 'events_when_paused': [], 'events_when_resumed': [], 'events_when_advanced': [], 'events_when_stepped_back': [], 'events_when_updated': [], 'events_when_completed': []}}}, key=UUID('6018f7d7-940b-436a-8f8b-8042d5faacd1'), condition=None, blocking_facility=None), RegisteredHandler(callback=<bound method ConfigPlayer.config_play_callback of ConfigPlayer.show_player/shows>, priority=100, kwargs={'calling_context': 'achievement_wizard1_state_enabled', 'mode': <Mode.batterycharger>, 'settings': {battery_green-None-None: {'action': 'stop', 'priority': 0, 'show': None, 'speed': <NativeTemplate 1.0>, 'block_queue': False, 'start_step': <NativeTemplate 1>, 'start_running': <Template True>, 'loops': -1, 'sync_ms': None, 'manual_advance': False, 'show_queue': None, 'key': None, 'show_tokens': {}, 'events_when_played': [], 'events_when_stopped': [], 'events_when_looped': [], 'events_when_paused': [], 'events_when_resumed': [], 'events_when_advanced': [], 'events_when_stepped_back': [], 'events_when_updated': [], 'events_when_completed': []}, battery_yellow-None-None: {'action': 'stop', 'priority': 0, 'show': None, 'speed': <NativeTemplate 1.0>, 'block_queue': False, 'start_step': <NativeTemplate 1>, 'start_running': <Template True>, 'loops': -1, 'sync_ms': None, 'manual_advance': False, 'show_queue': None, 'key': None, 'show_tokens': {}, 'events_when_played': [], 'events_when_stopped': [], 'events_when_looped': [], 'events_when_paused': [], 'events_when_resumed': [], 'events_when_advanced': [], 'events_when_stepped_back': [], 'events_when_updated': [], 'events_when_completed': []}, battery_red-None-None: {'action': 'stop', 'priority': 0, 'show': None, 'speed': <NativeTemplate 1.0>, 'block_queue': False, 'start_step': <NativeTemplate 1>, 'start_running': <Template True>, 'loops': -1, 'sync_ms': None, 'manual_advance': False, 'show_queue': None, 'key': None, 'show_tokens': {}, 'events_when_played': [], 'events_when_stopped': [], 'events_when_looped': [], 'events_when_paused': [], 'events_when_resumed': [], 'events_when_advanced': [], 'events_when_stepped_back': [], 'events_when_updated': [], 'events_when_completed': []}}}, key=UUID('d2242ba7-65f7-422f-9a75-d4a6aadef0aa'), condition=None, blocking_facility=None)]. The order of those handlers is not defined and they will be executed in random order. This might lead to race conditions and potential bugs.
2026-02-05 18:58:37,385 : INFO : EventManager : Unordered handler for class ConfigPlayer.show_player/shows on event achievement_wizard1_state_enabled with priority 100. Handlers: [RegisteredHandler(callback=<bound method ConfigPlayer.config_play_callback of ConfigPlayer.show_player/shows>, priority=100, kwargs={'calling_context': 'achievement_wizard1_state_enabled', 'mode': <Mode.base>, 'settings': {makesomenoise_mode_qualified_light-None-None: {'action': 'play', 'loops': -1, 'priority': 0, 'show': None, 'speed': <NativeTemplate 1.0>, 'block_queue': False, 'start_step': <NativeTemplate 1>, 'start_running': <Template True>, 'sync_ms': None, 'manual_advance': False, 'show_queue': None, 'key': None, 'show_tokens': {}, 'events_when_played': [], 'events_when_stopped': [], 'events_when_looped': [], 'events_when_paused': [], 'events_when_resumed': [], 'events_when_advanced': [], 'events_when_stepped_back': [], 'events_when_updated': [], 'events_when_completed': []}, chcheckitout_lit_strobe-None-None: {'action': 'stop', 'priority': 0, 'show': None, 'speed': <NativeTemplate 1.0>, 'block_queue': False, 'start_step': <NativeTemplate 1>, 'start_running': <Template True>, 'loops': -1, 'sync_ms': None, 'manual_advance': False, 'show_queue': None, 'key': None, 'show_tokens': {}, 'events_when_played': [], 'events_when_stopped': [], 'events_when_looped': [], 'events_when_paused': [], 'events_when_resumed': [], 'events_when_advanced': [], 'events_when_stepped_back': [], 'events_when_updated': [], 'events_when_completed': []}, battery_green-None-None: {'action': 'stop', 'priority': 0, 'show': None, 'speed': <NativeTemplate 1.0>, 'block_queue': False, 'start_step': <NativeTemplate 1>, 'start_running': <Template True>, 'loops': -1, 'sync_ms': None, 'manual_advance': False, 'show_queue': None, 'key': None, 'show_tokens': {}, 'events_when_played': [], 'events_when_stopped': [], 'events_when_looped': [], 'events_when_paused': [], 'events_when_resumed': [], 'events_when_advanced': [], 'events_when_stepped_back': [], 'events_when_updated': [], 'events_when_completed': []}, battery_yellow-None-None: {'action': 'stop', 'priority': 0, 'show': None, 'speed': <NativeTemplate 1.0>, 'block_queue': False, 'start_step': <NativeTemplate 1>, 'start_running': <Template True>, 'loops': -1, 'sync_ms': None, 'manual_advance': False, 'show_queue': None, 'key': None, 'show_tokens': {}, 'events_when_played': [], 'events_when_stopped': [], 'events_when_looped': [], 'events_when_paused': [], 'events_when_resumed': [], 'events_when_advanced': [], 'events_when_stepped_back': [], 'events_when_updated': [], 'events_when_completed': []}, battery_red-None-None: {'action': 'stop', 'priority': 0, 'show': None, 'speed': <NativeTemplate 1.0>, 'block_queue': False, 'start_step': <NativeTemplate 1>, 'start_running': <Template True>, 'loops': -1, 'sync_ms': None, 'manual_advance': False, 'show_queue': None, 'key': None, 'show_tokens': {}, 'events_when_played': [], 'events_when_stopped': [], 'events_when_looped': [], 'events_when_paused': [], 'events_when_resumed': [], 'events_when_advanced': [], 'events_when_stepped_back': [], 'events_when_updated': [], 'events_when_completed': []}}}, key=UUID('6018f7d7-940b-436a-8f8b-8042d5faacd1'), condition=None, blocking_facility=None), RegisteredHandler(callback=<bound method ConfigPlayer.config_play_callback of ConfigPlayer.show_player/shows>, priority=100, kwargs={'calling_context': 'achievement_wizard1_state_enabled', 'mode': <Mode.batterycharger>, 'settings': {battery_green-None-None: {'action': 'stop', 'priority': 0, 'show': None, 'speed': <NativeTemplate 1.0>, 'block_queue': False, 'start_step': <NativeTemplate 1>, 'start_running': <Template True>, 'loops': -1, 'sync_ms': None, 'manual_advance': False, 'show_queue': None, 'key': None, 'show_tokens': {}, 'events_when_played': [], 'events_when_stopped': [], 'events_when_looped': [], 'events_when_paused': [], 'events_when_resumed': [], 'events_when_advanced': [], 'events_when_stepped_back': [], 'events_when_updated': [], 'events_when_completed': []}, battery_yellow-None-None: {'action': 'stop', 'priority': 0, 'show': None, 'speed': <NativeTemplate 1.0>, 'block_queue': False, 'start_step': <NativeTemplate 1>, 'start_running': <Template True>, 'loops': -1, 'sync_ms': None, 'manual_advance': False, 'show_queue': None, 'key': None, 'show_tokens': {}, 'events_when_played': [], 'events_when_stopped': [], 'events_when_looped': [], 'events_when_paused': [], 'events_when_resumed': [], 'events_when_advanced': [], 'events_when_stepped_back': [], 'events_when_updated': [], 'events_when_completed': []}, battery_red-None-None: {'action': 'stop', 'priority': 0, 'show': None, 'speed': <NativeTemplate 1.0>, 'block_queue': False, 'start_step': <NativeTemplate 1>, 'start_running': <Template True>, 'loops': -1, 'sync_ms': None, 'manual_advance': False, 'show_queue': None, 'key': None, 'show_tokens': {}, 'events_when_played': [], 'events_when_stopped': [], 'events_when_looped': [], 'events_when_paused': [], 'events_when_resumed': [], 'events_when_advanced': [], 'events_when_stepped_back': [], 'events_when_updated': [], 'events_when_completed': []}}}, key=UUID('d2242ba7-65f7-422f-9a75-d4a6aadef0aa'), condition=None, blocking_facility=None)]. The order of those handlers is not defined and they will be executed in random order. This might lead to race conditions and potential bugs.
2026-02-05 18:58:37,386 : INFO : EventManager : Unordered handler for class PluginPlayer.widgets on event ball_will_end with priority 100. Handlers: [RegisteredHandler(callback=<bound method ConfigPlayer.config_play_callback of PluginPlayer.widgets>, priority=100, kwargs={'calling_context': 'ball_will_end', 'mode': <Mode.base>, 'settings': {'chcheckitoutfinish': {'action': 'remove', 'priority': None, 'slide': None, 'key': None, 'target': None, 'expire': None, 'tokens': {}, 'x': 0, 'y': 0}, 'bodymovinfinish': {'action': 'remove', 'priority': None, 'slide': None, 'key': None, 'target': None, 'expire': None, 'tokens': {}, 'x': 0, 'y': 0}, 'mmm_circle': {'action': 'remove', 'priority': None, 'slide': None, 'key': None, 'target': None, 'expire': None, 'tokens': {}, 'x': 0, 'y': 0}, 'miked_circle': {'action': 'remove', 'priority': None, 'slide': None, 'key': None, 'target': None, 'expire': None, 'tokens': {}, 'x': 0, 'y': 0}, 'adroc_circle': {'action': 'remove', 'priority': None, 'slide': None, 'key': None, 'target': None, 'expire': None, 'tokens': {}, 'x': 0, 'y': 0}, 'mca_circle': {'action': 'remove', 'priority': None, 'slide': None, 'key': None, 'target': None, 'expire': None, 'tokens': {}, 'x': 0, 'y': 0}, 'djhurr_circle': {'action': 'remove', 'priority': None, 'slide': None, 'key': None, 'target': None, 'expire': None, 'tokens': {}, 'x': 0, 'y': 0}}}, key=UUID('0e1e6b9a-bcb2-460f-92ab-b11fc70136f5'), condition=None, blocking_facility=None), RegisteredHandler(callback=<bound method ConfigPlayer.config_play_callback of PluginPlayer.widgets>, priority=100, kwargs={'calling_context': 'ball_will_end', 'mode': <Mode.batterycharger>, 'settings': {'charges_remaining': {'action': 'remove', 'priority': None, 'slide': None, 'key': None, 'target': None, 'expire': None, 'tokens': {}, 'x': 0, 'y': 0}}}, key=UUID('be48cb93-4799-4442-b0be-a0f49d2bca28'), condition=None, blocking_facility=None)]. The order of those handlers is not defined and they will be executed in random order. This might lead to race conditions and potential bugs.
2026-02-05 18:58:37,387 : INFO : EventManager : Unordered handler for class ConfigPlayer.show_player/shows on event mode_makesomenoise_started with priority 100. Handlers: [RegisteredHandler(callback=<bound method ConfigPlayer.config_play_callback of ConfigPlayer.show_player/shows>, priority=100, kwargs={'calling_context': 'mode_makesomenoise_started', 'mode': <Mode.base>, 'settings': {makesomenoise_mode_qualified_light-None-None: {'action': 'stop', 'priority': 0, 'show': None, 'speed': <NativeTemplate 1.0>, 'block_queue': False, 'start_step': <NativeTemplate 1>, 'start_running': <Template True>, 'loops': -1, 'sync_ms': None, 'manual_advance': False, 'show_queue': None, 'key': None, 'show_tokens': {}, 'events_when_played': [], 'events_when_stopped': [], 'events_when_looped': [], 'events_when_paused': [], 'events_when_resumed': [], 'events_when_advanced': [], 'events_when_stepped_back': [], 'events_when_updated': [], 'events_when_completed': []}, GI_on-None-None: {'action': 'stop', 'priority': 0, 'show': None, 'speed': <NativeTemplate 1.0>, 'block_queue': False, 'start_step': <NativeTemplate 1>, 'start_running': <Template True>, 'loops': -1, 'sync_ms': None, 'manual_advance': False, 'show_queue': None, 'key': None, 'show_tokens': {}, 'events_when_played': [], 'events_when_stopped': [], 'events_when_looped': [], 'events_when_paused': [], 'events_when_resumed': [], 'events_when_advanced': [], 'events_when_stepped_back': [], 'events_when_updated': [], 'events_when_completed': []}, battery_yellow-None-None: {'action': 'stop', 'priority': 0, 'show': None, 'speed': <NativeTemplate 1.0>, 'block_queue': False, 'start_step': <NativeTemplate 1>, 'start_running': <Template True>, 'loops': -1, 'sync_ms': None, 'manual_advance': False, 'show_queue': None, 'key': None, 'show_tokens': {}, 'events_when_played': [], 'events_when_stopped': [], 'events_when_looped': [], 'events_when_paused': [], 'events_when_resumed': [], 'events_when_advanced': [], 'events_when_stepped_back': [], 'events_when_updated': [], 'events_when_completed': []}, battery_green-None-None: {'action': 'stop', 'priority': 0, 'show': None, 'speed': <NativeTemplate 1.0>, 'block_queue': False, 'start_step': <NativeTemplate 1>, 'start_running': <Template True>, 'loops': -1, 'sync_ms': None, 'manual_advance': False, 'show_queue': None, 'key': None, 'show_tokens': {}, 'events_when_played': [], 'events_when_stopped': [], 'events_when_looped': [], 'events_when_paused': [], 'events_when_resumed': [], 'events_when_advanced': [], 'events_when_stepped_back': [], 'events_when_updated': [], 'events_when_completed': []}, battery_red-None-None: {'action': 'stop', 'priority': 0, 'show': None, 'speed': <NativeTemplate 1.0>, 'block_queue': False, 'start_step': <NativeTemplate 1>, 'start_running': <Template True>, 'loops': -1, 'sync_ms': None, 'manual_advance': False, 'show_queue': None, 'key': None, 'show_tokens': {}, 'events_when_played': [], 'events_when_stopped': [], 'events_when_looped': [], 'events_when_paused': [], 'events_when_resumed': [], 'events_when_advanced': [], 'events_when_stepped_back': [], 'events_when_updated': [], 'events_when_completed': []}}}, key=UUID('fbdbd47d-39d3-416e-9bb3-f626e172d1d8'), condition=None, blocking_facility=None), RegisteredHandler(callback=<bound method ConfigPlayer.config_play_callback of ConfigPlayer.show_player/shows>, priority=100, kwargs={'calling_context': 'mode_makesomenoise_started', 'mode': <Mode.batterycharger>, 'settings': {battery_red-None-None: {'action': 'stop', 'priority': 0, 'show': None, 'speed': <NativeTemplate 1.0>, 'block_queue': False, 'start_step': <NativeTemplate 1>, 'start_running': <Template True>, 'loops': -1, 'sync_ms': None, 'manual_advance': False, 'show_queue': None, 'key': None, 'show_tokens': {}, 'events_when_played': [], 'events_when_stopped': [], 'events_when_looped': [], 'events_when_paused': [], 'events_when_resumed': [], 'events_when_advanced': [], 'events_when_stepped_back': [], 'events_when_updated': [], 'events_when_completed': []}, battery_yellow-None-None: {'action': 'stop', 'priority': 0, 'show': None, 'speed': <NativeTemplate 1.0>, 'block_queue': False, 'start_step': <NativeTemplate 1>, 'start_running': <Template True>, 'loops': -1, 'sync_ms': None, 'manual_advance': False, 'show_queue': None, 'key': None, 'show_tokens': {}, 'events_when_played': [], 'events_when_stopped': [], 'events_when_looped': [], 'events_when_paused': [], 'events_when_resumed': [], 'events_when_advanced': [], 'events_when_stepped_back': [], 'events_when_updated': [], 'events_when_completed': []}, battery_green-None-None: {'action': 'stop', 'priority': 0, 'show': None, 'speed': <NativeTemplate 1.0>, 'block_queue': False, 'start_step': <NativeTemplate 1>, 'start_running': <Template True>, 'loops': -1, 'sync_ms': None, 'manual_advance': False, 'show_queue': None, 'key': None, 'show_tokens': {}, 'events_when_played': [], 'events_when_stopped': [], 'events_when_looped': [], 'events_when_paused': [], 'events_when_resumed': [], 'events_when_advanced': [], 'events_when_stepped_back': [], 'events_when_updated': [], 'events_when_completed': []}}}, key=UUID('0665b627-a4c7-4647-b93b-07c5515e0434'), condition=None, blocking_facility=None)]. The order of those handlers is not defined and they will be executed in random order. This might lead to race conditions and potential bugs.
2026-02-05 18:58:37,389 : INFO : EventManager : Unordered handler for class ConfigPlayer.show_player/shows on event mode_makesomenoise_started with priority 100. Handlers: [RegisteredHandler(callback=<bound method ConfigPlayer.config_play_callback of ConfigPlayer.show_player/shows>, priority=100, kwargs={'calling_context': 'mode_makesomenoise_started', 'mode': <Mode.base>, 'settings': {makesomenoise_mode_qualified_light-None-None: {'action': 'stop', 'priority': 0, 'show': None, 'speed': <NativeTemplate 1.0>, 'block_queue': False, 'start_step': <NativeTemplate 1>, 'start_running': <Template True>, 'loops': -1, 'sync_ms': None, 'manual_advance': False, 'show_queue': None, 'key': None, 'show_tokens': {}, 'events_when_played': [], 'events_when_stopped': [], 'events_when_looped': [], 'events_when_paused': [], 'events_when_resumed': [], 'events_when_advanced': [], 'events_when_stepped_back': [], 'events_when_updated': [], 'events_when_completed': []}, GI_on-None-None: {'action': 'stop', 'priority': 0, 'show': None, 'speed': <NativeTemplate 1.0>, 'block_queue': False, 'start_step': <NativeTemplate 1>, 'start_running': <Template True>, 'loops': -1, 'sync_ms': None, 'manual_advance': False, 'show_queue': None, 'key': None, 'show_tokens': {}, 'events_when_played': [], 'events_when_stopped': [], 'events_when_looped': [], 'events_when_paused': [], 'events_when_resumed': [], 'events_when_advanced': [], 'events_when_stepped_back': [], 'events_when_updated': [], 'events_when_completed': []}, battery_yellow-None-None: {'action': 'stop', 'priority': 0, 'show': None, 'speed': <NativeTemplate 1.0>, 'block_queue': False, 'start_step': <NativeTemplate 1>, 'start_running': <Template True>, 'loops': -1, 'sync_ms': None, 'manual_advance': False, 'show_queue': None, 'key': None, 'show_tokens': {}, 'events_when_played': [], 'events_when_stopped': [], 'events_when_looped': [], 'events_when_paused': [], 'events_when_resumed': [], 'events_when_advanced': [], 'events_when_stepped_back': [], 'events_when_updated': [], 'events_when_completed': []}, battery_green-None-None: {'action': 'stop', 'priority': 0, 'show': None, 'speed': <NativeTemplate 1.0>, 'block_queue': False, 'start_step': <NativeTemplate 1>, 'start_running': <Template True>, 'loops': -1, 'sync_ms': None, 'manual_advance': False, 'show_queue': None, 'key': None, 'show_tokens': {}, 'events_when_played': [], 'events_when_stopped': [], 'events_when_looped': [], 'events_when_paused': [], 'events_when_resumed': [], 'events_when_advanced': [], 'events_when_stepped_back': [], 'events_when_updated': [], 'events_when_completed': []}, battery_red-None-None: {'action': 'stop', 'priority': 0, 'show': None, 'speed': <NativeTemplate 1.0>, 'block_queue': False, 'start_step': <NativeTemplate 1>, 'start_running': <Template True>, 'loops': -1, 'sync_ms': None, 'manual_advance': False, 'show_queue': None, 'key': None, 'show_tokens': {}, 'events_when_played': [], 'events_when_stopped': [], 'events_when_looped': [], 'events_when_paused': [], 'events_when_resumed': [], 'events_when_advanced': [], 'events_when_stepped_back': [], 'events_when_updated': [], 'events_when_completed': []}}}, key=UUID('fbdbd47d-39d3-416e-9bb3-f626e172d1d8'), condition=None, blocking_facility=None), RegisteredHandler(callback=<bound method ConfigPlayer.config_play_callback of ConfigPlayer.show_player/shows>, priority=100, kwargs={'calling_context': 'mode_makesomenoise_started', 'mode': <Mode.batterycharger>, 'settings': {battery_red-None-None: {'action': 'stop', 'priority': 0, 'show': None, 'speed': <NativeTemplate 1.0>, 'block_queue': False, 'start_step': <NativeTemplate 1>, 'start_running': <Template True>, 'loops': -1, 'sync_ms': None, 'manual_advance': False, 'show_queue': None, 'key': None, 'show_tokens': {}, 'events_when_played': [], 'events_when_stopped': [], 'events_when_looped': [], 'events_when_paused': [], 'events_when_resumed': [], 'events_when_advanced': [], 'events_when_stepped_back': [], 'events_when_updated': [], 'events_when_completed': []}, battery_yellow-None-None: {'action': 'stop', 'priority': 0, 'show': None, 'speed': <NativeTemplate 1.0>, 'block_queue': False, 'start_step': <NativeTemplate 1>, 'start_running': <Template True>, 'loops': -1, 'sync_ms': None, 'manual_advance': False, 'show_queue': None, 'key': None, 'show_tokens': {}, 'events_when_played': [], 'events_when_stopped': [], 'events_when_looped': [], 'events_when_paused': [], 'events_when_resumed': [], 'events_when_advanced': [], 'events_when_stepped_back': [], 'events_when_updated': [], 'events_when_completed': []}, battery_green-None-None: {'action': 'stop', 'priority': 0, 'show': None, 'speed': <NativeTemplate 1.0>, 'block_queue': False, 'start_step': <NativeTemplate 1>, 'start_running': <Template True>, 'loops': -1, 'sync_ms': None, 'manual_advance': False, 'show_queue': None, 'key': None, 'show_tokens': {}, 'events_when_played': [], 'events_when_stopped': [], 'events_when_looped': [], 'events_when_paused': [], 'events_when_resumed': [], 'events_when_advanced': [], 'events_when_stepped_back': [], 'events_when_updated': [], 'events_when_completed': []}}}, key=UUID('0665b627-a4c7-4647-b93b-07c5515e0434'), condition=None, blocking_facility=None)]. The order of those handlers is not defined and they will be executed in random order. This might lead to race conditions and potential bugs.
2026-02-05 18:58:37,396 : INFO : EventManager : Event: ======'mode_batterycharger_starting'====== Args={'queue': <QueuedEvent>, 'player': 1, 'ball': 1, 'balls_remaining': 2, 'is_extra_ball': False}
2026-02-05 18:58:37,396 : INFO : drop_target_bank.three_bank : All targets are already up. Will not reset bank.
2026-02-05 18:58:37,397 : INFO : EventManager : Event: ======'balls_in_play'====== Args={'balls': 1}
2026-02-05 18:58:37,398 : INFO : EventManager : Event: ======'ball_started'====== Args={'player': 1, 'ball': 1, 'balls_remaining': 2, 'is_extra_ball': False}
2026-02-05 18:58:37,399 : INFO : EventManager : Event: ======'logicblock_completed_modes_count_updated'====== Args={'value': 0, 'enabled': True}
2026-02-05 18:58:37,400 : INFO : EventManager : Event: ======'logicblock_played_modes_count_updated'====== Args={'value': 0, 'enabled': True}
2026-02-05 18:58:37,400 : INFO : EventManager : Event: ======'logicblock_combos_count_updated'====== Args={'value': 0, 'enabled': True}
2026-02-05 18:58:37,400 : INFO : EventManager : Event: ======'logicblock_superpops_counter_updated'====== Args={'value': 0, 'enabled': True}
2026-02-05 18:58:37,400 : INFO : EventManager : Event: ======'logicblock_superdrops_counter_updated'====== Args={'value': 0, 'enabled': True}
2026-02-05 18:58:37,400 : INFO : EventManager : Event: ======'logicblock_superstandups_counter_updated'====== Args={'value': 0, 'enabled': True}
2026-02-05 18:58:37,401 : INFO : EventManager : Event: ======'logicblock_superspins_counter_updated'====== Args={'value': 0, 'enabled': True}
2026-02-05 18:58:37,401 : INFO : EventManager : Event: ======'logicblock_supercombos_counter_updated'====== Args={'value': 0, 'enabled': True}
2026-02-05 18:58:37,401 : INFO : EventManager : Event: ======'logicblock_super_modes_played_counter_updated'====== Args={'value': 0, 'enabled': True}
2026-02-05 18:58:37,401 : INFO : EventManager : Event: ======'logicblock_qualify_chcheckitout_multiball_updated'====== Args={'value': 0, 'enabled': False}
2026-02-05 18:58:37,401 : INFO : EventManager : Event: ======'logicblock_chcheckitout_multiball_ready_updated'====== Args={'value': 0, 'enabled': False}
2026-02-05 18:58:37,401 : INFO : EventManager : Event: ======'logicblock_enable_bodymovin_lock_1_updated'====== Args={'value': 0, 'enabled': False}
2026-02-05 18:58:37,401 : INFO : EventManager : Event: ======'logicblock_bodymovin_lock_1_updated'====== Args={'value': 0, 'enabled': False}
2026-02-05 18:58:37,401 : INFO : EventManager : Event: ======'logicblock_enable_bodymovin_lock_2_updated'====== Args={'value': 0, 'enabled': False}
2026-02-05 18:58:37,402 : INFO : EventManager : Event: ======'logicblock_bodymovin_lock_2_updated'====== Args={'value': 0, 'enabled': False}
2026-02-05 18:58:37,402 : INFO : EventManager : Event: ======'logicblock_enable_bodymovin_lock_3_updated'====== Args={'value': 0, 'enabled': False}
2026-02-05 18:58:37,402 : INFO : EventManager : Event: ======'logicblock_bodymovin_multiball_ready_updated'====== Args={'value': 0, 'enabled': False}
2026-02-05 18:58:37,402 : INFO : EventManager : Event: ======'logicblock_drop_target_bank_counter_updated'====== Args={'value': 0, 'enabled': False}
2026-02-05 18:58:37,402 : INFO : EventManager : Event: ======'logicblock_completed_modes_count_updated'====== Args={'value': 0, 'enabled': True}
2026-02-05 18:58:37,402 : INFO : EventManager : Event: ======'logicblock_played_modes_count_updated'====== Args={'value': 0, 'enabled': True}
2026-02-05 18:58:37,402 : INFO : EventManager : Event: ======'logicblock_combos_count_updated'====== Args={'value': 0, 'enabled': True}
2026-02-05 18:58:37,402 : INFO : EventManager : Event: ======'logicblock_superpops_counter_updated'====== Args={'value': 0, 'enabled': True}
2026-02-05 18:58:37,403 : INFO : EventManager : Event: ======'logicblock_superdrops_counter_updated'====== Args={'value': 0, 'enabled': True}
2026-02-05 18:58:37,403 : INFO : EventManager : Event: ======'logicblock_superstandups_counter_updated'====== Args={'value': 0, 'enabled': True}
2026-02-05 18:58:37,403 : INFO : EventManager : Event: ======'logicblock_superspins_counter_updated'====== Args={'value': 0, 'enabled': True}
2026-02-05 18:58:37,403 : INFO : EventManager : Event: ======'logicblock_supercombos_counter_updated'====== Args={'value': 0, 'enabled': True}
2026-02-05 18:58:37,403 : INFO : EventManager : Event: ======'logicblock_super_modes_played_counter_updated'====== Args={'value': 0, 'enabled': True}
2026-02-05 18:58:37,403 : INFO : Mode.base : Started. Priority: 100
2026-02-05 18:58:37,403 : INFO : EventManager : Event: ======'modes_active_modes_changed'====== Args={}
2026-02-05 18:58:37,403 : INFO : EventManager : Event: ======'mode_base_started'====== Args={'queue': <QueuedEvent>, 'player': 1, 'ball': 1, 'balls_remaining': 2, 'is_extra_ball': False}
2026-02-05 18:58:37,404 : INFO : EventManager : Event: ======'logicblock_battery_charged_status_updated'====== Args={'value': 20, 'enabled': False}
2026-02-05 18:58:37,405 : INFO : Mode.batterycharger : Started. Priority: 100
2026-02-05 18:58:37,405 : INFO : EventManager : Event: ======'modes_active_modes_changed'====== Args={}
2026-02-05 18:58:37,405 : INFO : EventManager : Event: ======'mode_batterycharger_started'====== Args={'queue': <QueuedEvent>, 'player': 1, 'ball': 1, 'balls_remaining': 2, 'is_extra_ball': False}
2026-02-05 18:58:37,406 : INFO : EventManager : Event: ======'mode_combos_will_start'====== Args={'player': 1, 'ball': 1, 'balls_remaining': 2, 'is_extra_ball': False}
2026-02-05 18:58:37,417 : INFO : EventManager : Event: ======'mode_combos_starting'====== Args={'player': 1, 'ball': 1, 'balls_remaining': 2, 'is_extra_ball': False}
2026-02-05 18:58:37,417 : INFO : EventManager : Event: ======'mode_skill_shot_will_start'====== Args={'player': 1, 'ball': 1, 'balls_remaining': 2, 'is_extra_ball': False}
2026-02-05 18:58:37,418 : INFO : EventManager : Event: ======'player_shot_skillshot_side_targets_enabled'====== Args={'value': True, 'prev_value': 0, 'change': 1, 'player_num': 1}
2026-02-05 18:58:37,418 : INFO : EventManager : Event: ======'player_shot_skillshot_hideout_plunge_enabled'====== Args={'value': True, 'prev_value': 0, 'change': 1, 'player_num': 1}
2026-02-05 18:58:37,418 : INFO : EventManager : Event: ======'player_shot_skillshot_super_enabled'====== Args={'value': True, 'prev_value': 0, 'change': 1, 'player_num': 1}
2026-02-05 18:58:37,419 : INFO : EventManager : Event: ======'player_shot_skillshot_left_outlane_enabled'====== Args={'value': True, 'prev_value': 0, 'change': 1, 'player_num': 1}
2026-02-05 18:58:37,419 : INFO : EventManager : Event: ======'player_shot_skillshot_drop_targets_enabled'====== Args={'value': True, 'prev_value': 0, 'change': 1, 'player_num': 1}
2026-02-05 18:58:37,420 : INFO : EventManager : Event: ======'player_shot_skillshot_lower_pop_enabled'====== Args={'value': True, 'prev_value': 0, 'change': 1, 'player_num': 1}
2026-02-05 18:58:37,420 : INFO : EventManager : Event: ======'skillshot_complete'====== Args={'state': 'off'}
2026-02-05 18:58:37,420 : INFO : EventManager : Event: ======'skillshot_off_complete'====== Args={}
2026-02-05 18:58:37,421 : INFO : EventManager : Event: ======'player_skill_shot_skill_shot_timeout_tick'====== Args={'value': 0, 'prev_value': 0, 'change': 0, 'player_num': 1}
2026-02-05 18:58:37,421 : INFO : EventManager : Unordered handler for class <timer.skill_shot_timeout> on event ball_starting with priority 1. Handlers: [RegisteredHandler(callback=<bound method Timer.reset of <timer.skill_shot_timeout>>, priority=1, kwargs={}, key=UUID('467d16f6-ef90-4820-ae79-04d2a15dce90'), condition=None, blocking_facility=None), RegisteredHandler(callback=<bound method Timer.pause of <timer.skill_shot_timeout>>, priority=1, kwargs={'timer_value': None}, key=UUID('a74c7636-23ce-46b0-ae35-725d6c048cdd'), condition=None, blocking_facility=None)]. The order of those handlers is not defined and they will be executed in random order. This might lead to race conditions and potential bugs.
2026-02-05 18:58:37,427 : INFO : EventManager : Event: ======'mode_skill_shot_starting'====== Args={'player': 1, 'ball': 1, 'balls_remaining': 2, 'is_extra_ball': False}
2026-02-05 18:58:37,428 : INFO : EventManager : Event: ======'logicblock_drop_target_bank_counter_updated'====== Args={'value': 0, 'enabled': True}
2026-02-05 18:58:37,429 : INFO : EventManager : Event: ======'logicblock_combos_count_updated'====== Args={'value': 0, 'enabled': True}
2026-02-05 18:58:37,429 : INFO : EventManager : Event: ======'logicblock_combos_count_updated'====== Args={'value': 0, 'enabled': True}
2026-02-05 18:58:37,429 : INFO : EventManager : Event: ======'logicblock_superpops_counter_updated'====== Args={'value': 0, 'enabled': True}
2026-02-05 18:58:37,429 : INFO : EventManager : Event: ======'logicblock_superpops_counter_updated'====== Args={'value': 0, 'enabled': True}
2026-02-05 18:58:37,430 : INFO : EventManager : Event: ======'logicblock_superdrops_counter_updated'====== Args={'value': 0, 'enabled': True}
2026-02-05 18:58:37,430 : INFO : EventManager : Event: ======'logicblock_superdrops_counter_updated'====== Args={'value': 0, 'enabled': True}
2026-02-05 18:58:37,430 : INFO : EventManager : Event: ======'logicblock_superstandups_counter_updated'====== Args={'value': 0, 'enabled': True}
2026-02-05 18:58:37,430 : INFO : EventManager : Event: ======'logicblock_superstandups_counter_updated'====== Args={'value': 0, 'enabled': True}
2026-02-05 18:58:37,430 : INFO : EventManager : Event: ======'logicblock_superspins_counter_updated'====== Args={'value': 0, 'enabled': True}
2026-02-05 18:58:37,430 : INFO : EventManager : Event: ======'logicblock_superspins_counter_updated'====== Args={'value': 0, 'enabled': True}
2026-02-05 18:58:37,431 : INFO : EventManager : Event: ======'logicblock_supercombos_counter_updated'====== Args={'value': 0, 'enabled': True}
2026-02-05 18:58:37,431 : INFO : EventManager : Event: ======'logicblock_supercombos_counter_updated'====== Args={'value': 0, 'enabled': True}
2026-02-05 18:58:37,431 : INFO : EventManager : Event: ======'logicblock_super_modes_played_counter_updated'====== Args={'value': 0, 'enabled': True}
2026-02-05 18:58:37,431 : INFO : EventManager : Event: ======'logicblock_super_modes_played_counter_updated'====== Args={'value': 0, 'enabled': True}
2026-02-05 18:58:37,432 : INFO : EventManager : Event: ======'logicblock_qualify_chcheckitout_multiball_updated'====== Args={'value': 0, 'enabled': False}
2026-02-05 18:58:37,432 : INFO : EventManager : Event: ======'logicblock_qualify_chcheckitout_multiball_updated'====== Args={'value': 0, 'enabled': True}
2026-02-05 18:58:37,432 : INFO : EventManager : Event: ======'logicblock_enable_bodymovin_lock_2_updated'====== Args={'value': 0, 'enabled': False}
2026-02-05 18:58:37,432 : INFO : EventManager : Event: ======'logicblock_enable_bodymovin_lock_2_updated'====== Args={'value': 0, 'enabled': True}
2026-02-05 18:58:37,433 : INFO : EventManager : Event: ======'logicblock_battery_charged_status_updated'====== Args={'value': 20, 'enabled': False}
2026-02-05 18:58:37,433 : INFO : EventManager : Event: ======'logicblock_battery_charged_status_updated'====== Args={'value': 20, 'enabled': True}
2026-02-05 18:58:37,434 : INFO : EventManager : Event: ======'battery_charged'====== Args={'priority': 0}
2026-02-05 18:58:37,435 : INFO : EventManager : Event: ======'player_chcheckitout_multiball_blocking_flag'====== Args={'value': 0, 'prev_value': 0, 'change': 0, 'player_num': 1, 'source': 'base'}
2026-02-05 18:58:37,435 : INFO : EventManager : Event: ======'player_bodymovin_multiball_blocking_flag'====== Args={'value': 0, 'prev_value': 0, 'change': 0, 'player_num': 1, 'source': 'base'}
2026-02-05 18:58:37,435 : INFO : EventManager : Event: ======'player_mode_blocking_flag'====== Args={'value': 0, 'prev_value': 0, 'change': 0, 'player_num': 1, 'source': 'base'}
2026-02-05 18:58:37,436 : INFO : EventManager : Event: ======'player_battery_charged_yesorno'====== Args={'value': 0, 'prev_value': 0, 'change': 0, 'player_num': 1, 'source': 'base'}
2026-02-05 18:58:37,436 : INFO : EventManager : Event: ======'player_combos'====== Args={'value': 0, 'prev_value': 0, 'change': 0, 'player_num': 1, 'source': 'base'}
2026-02-05 18:58:37,436 : INFO : EventManager : Event: ======'player_modes_played'====== Args={'value': 0, 'prev_value': 0, 'change': 0, 'player_num': 1, 'source': 'base'}
2026-02-05 18:58:37,436 : INFO : EventManager : Event: ======'player_modes_completed'====== Args={'value': 0, 'prev_value': 0, 'change': 0, 'player_num': 1, 'source': 'base'}
2026-02-05 18:58:37,437 : INFO : EventManager : Event: ======'player_chcheckitout_qualified_flag'====== Args={'value': 0, 'prev_value': 0, 'change': 0, 'player_num': 1, 'source': 'base'}
2026-02-05 18:58:37,437 : INFO : EventManager : Event: ======'player_bodymovin_lock1_qualified_flag'====== Args={'value': 0, 'prev_value': 0, 'change': 0, 'player_num': 1, 'source': 'base'}
2026-02-05 18:58:37,438 : INFO : EventManager : Event: ======'player_bodymovin_lock2_qualified_flag'====== Args={'value': 0, 'prev_value': 0, 'change': 0, 'player_num': 1, 'source': 'base'}
2026-02-05 18:58:37,438 : INFO : EventManager : Event: ======'player_bodymovin_lock1_locked_flag'====== Args={'value': 1, 'prev_value': 0, 'change': 1, 'player_num': 1, 'source': 'base'}
2026-02-05 18:58:37,438 : INFO : EventManager : Event: ======'player_bodymovin_lock2_locked_flag'====== Args={'value': 0, 'prev_value': 0, 'change': 0, 'player_num': 1, 'source': 'base'}
2026-02-05 18:58:37,439 : INFO : EventManager : Event: ======'player_bodymovin_multiball_qualified_flag'====== Args={'value': 0, 'prev_value': 0, 'change': 0, 'player_num': 1, 'source': 'base'}
2026-02-05 18:58:37,439 : INFO : EventManager : Event: ======'player_girls_bonus_score'====== Args={'value': 0, 'prev_value': 0, 'change': 0, 'player_num': 1, 'source': 'base'}
2026-02-05 18:58:37,440 : INFO : EventManager : Event: ======'player_girls_blocking_flag'====== Args={'value': 0, 'prev_value': 0, 'change': 0, 'player_num': 1, 'source': 'base'}
2026-02-05 18:58:37,440 : INFO : EventManager : Event: ======'player_characters_collected'====== Args={'value': 0, 'prev_value': 0, 'change': 0, 'player_num': 1, 'source': 'base'}
2026-02-05 18:58:37,440 : INFO : EventManager : Event: ======'player_adroc_collected'====== Args={'value': 0, 'prev_value': 0, 'change': 0, 'player_num': 1, 'source': 'base'}
2026-02-05 18:58:37,441 : INFO : EventManager : Event: ======'player_mca_collected'====== Args={'value': 0, 'prev_value': 0, 'change': 0, 'player_num': 1, 'source': 'base'}
2026-02-05 18:58:37,441 : INFO : EventManager : Event: ======'player_miked_collected'====== Args={'value': 0, 'prev_value': 0, 'change': 0, 'player_num': 1, 'source': 'base'}
2026-02-05 18:58:37,441 : INFO : EventManager : Event: ======'player_mmm_collected'====== Args={'value': 0, 'prev_value': 0, 'change': 0, 'player_num': 1, 'source': 'base'}
2026-02-05 18:58:37,442 : INFO : EventManager : Event: ======'player_djhurr_collected'====== Args={'value': 0, 'prev_value': 0, 'change': 0, 'player_num': 1, 'source': 'base'}
2026-02-05 18:58:37,442 : INFO : EventManager : Event: ======'player_chcheckitout_multiplier'====== Args={'value': 0, 'prev_value': 0, 'change': 0, 'player_num': 1, 'source': 'base'}
2026-02-05 18:58:37,443 : INFO : EventManager : Event: ======'logicblock_drop_target_bank_counter_updated'====== Args={'value': 1, 'enabled': True}
2026-02-05 18:58:37,445 : INFO : EventManager : Event: ======'player_drop_target_bank_counter_count'====== Args={'value': 0, 'prev_value': 0, 'change': 0, 'player_num': 1, 'source': 'base'}
2026-02-05 18:58:37,446 : INFO : EventManager : Event: ======'player_charges_remaining_variable'====== Args={'value': 20, 'prev_value': 0, 'change': 20, 'player_num': 1, 'source': 'batterycharger'}
2026-02-05 18:58:37,447 : INFO : EventManager : Event: ======'mode_carousel_will_start'====== Args={'priority': 0}
2026-02-05 18:58:37,448 : INFO : EventManager : Unordered handler for class PluginPlayer.widgets on event ball_will_end with priority 100. Handlers: [RegisteredHandler(callback=<bound method ConfigPlayer.config_play_callback of PluginPlayer.widgets>, priority=100, kwargs={'calling_context': 'ball_will_end', 'mode': <Mode.base>, 'settings': {'chcheckitoutfinish': {'action': 'remove', 'priority': None, 'slide': None, 'key': None, 'target': None, 'expire': None, 'tokens': {}, 'x': 0, 'y': 0}, 'bodymovinfinish': {'action': 'remove', 'priority': None, 'slide': None, 'key': None, 'target': None, 'expire': None, 'tokens': {}, 'x': 0, 'y': 0}, 'mmm_circle': {'action': 'remove', 'priority': None, 'slide': None, 'key': None, 'target': None, 'expire': None, 'tokens': {}, 'x': 0, 'y': 0}, 'miked_circle': {'action': 'remove', 'priority': None, 'slide': None, 'key': None, 'target': None, 'expire': None, 'tokens': {}, 'x': 0, 'y': 0}, 'adroc_circle': {'action': 'remove', 'priority': None, 'slide': None, 'key': None, 'target': None, 'expire': None, 'tokens': {}, 'x': 0, 'y': 0}, 'mca_circle': {'action': 'remove', 'priority': None, 'slide': None, 'key': None, 'target': None, 'expire': None, 'tokens': {}, 'x': 0, 'y': 0}, 'djhurr_circle': {'action': 'remove', 'priority': None, 'slide': None, 'key': None, 'target': None, 'expire': None, 'tokens': {}, 'x': 0, 'y': 0}}}, key=UUID('0e1e6b9a-bcb2-460f-92ab-b11fc70136f5'), condition=None, blocking_facility=None), RegisteredHandler(callback=<bound method ConfigPlayer.config_play_callback of PluginPlayer.widgets>, priority=100, kwargs={'calling_context': 'ball_will_end', 'mode': <Mode.batterycharger>, 'settings': {'charges_remaining': {'action': 'remove', 'priority': None, 'slide': None, 'key': None, 'target': None, 'expire': None, 'tokens': {}, 'x': 0, 'y': 0}}}, key=UUID('be48cb93-4799-4442-b0be-a0f49d2bca28'), condition=None, blocking_facility=None)]. The order of those handlers is not defined and they will be executed in random order. This might lead to race conditions and potential bugs.
2026-02-05 18:58:37,449 : INFO : EventManager : Unordered handler for class ConfigPlayer.show_player/shows on event achievement_wizard1_state_enabled with priority 100. Handlers: [RegisteredHandler(callback=<bound method ConfigPlayer.config_play_callback of ConfigPlayer.show_player/shows>, priority=100, kwargs={'calling_context': 'achievement_wizard1_state_enabled', 'mode': <Mode.base>, 'settings': {makesomenoise_mode_qualified_light-None-None: {'action': 'play', 'loops': -1, 'priority': 0, 'show': None, 'speed': <NativeTemplate 1.0>, 'block_queue': False, 'start_step': <NativeTemplate 1>, 'start_running': <Template True>, 'sync_ms': None, 'manual_advance': False, 'show_queue': None, 'key': None, 'show_tokens': {}, 'events_when_played': [], 'events_when_stopped': [], 'events_when_looped': [], 'events_when_paused': [], 'events_when_resumed': [], 'events_when_advanced': [], 'events_when_stepped_back': [], 'events_when_updated': [], 'events_when_completed': []}, chcheckitout_lit_strobe-None-None: {'action': 'stop', 'priority': 0, 'show': None, 'speed': <NativeTemplate 1.0>, 'block_queue': False, 'start_step': <NativeTemplate 1>, 'start_running': <Template True>, 'loops': -1, 'sync_ms': None, 'manual_advance': False, 'show_queue': None, 'key': None, 'show_tokens': {}, 'events_when_played': [], 'events_when_stopped': [], 'events_when_looped': [], 'events_when_paused': [], 'events_when_resumed': [], 'events_when_advanced': [], 'events_when_stepped_back': [], 'events_when_updated': [], 'events_when_completed': []}, battery_green-None-None: {'action': 'stop', 'priority': 0, 'show': None, 'speed': <NativeTemplate 1.0>, 'block_queue': False, 'start_step': <NativeTemplate 1>, 'start_running': <Template True>, 'loops': -1, 'sync_ms': None, 'manual_advance': False, 'show_queue': None, 'key': None, 'show_tokens': {}, 'events_when_played': [], 'events_when_stopped': [], 'events_when_looped': [], 'events_when_paused': [], 'events_when_resumed': [], 'events_when_advanced': [], 'events_when_stepped_back': [], 'events_when_updated': [], 'events_when_completed': []}, battery_yellow-None-None: {'action': 'stop', 'priority': 0, 'show': None, 'speed': <NativeTemplate 1.0>, 'block_queue': False, 'start_step': <NativeTemplate 1>, 'start_running': <Template True>, 'loops': -1, 'sync_ms': None, 'manual_advance': False, 'show_queue': None, 'key': None, 'show_tokens': {}, 'events_when_played': [], 'events_when_stopped': [], 'events_when_looped': [], 'events_when_paused': [], 'events_when_resumed': [], 'events_when_advanced': [], 'events_when_stepped_back': [], 'events_when_updated': [], 'events_when_completed': []}, battery_red-None-None: {'action': 'stop', 'priority': 0, 'show': None, 'speed': <NativeTemplate 1.0>, 'block_queue': False, 'start_step': <NativeTemplate 1>, 'start_running': <Template True>, 'loops': -1, 'sync_ms': None, 'manual_advance': False, 'show_queue': None, 'key': None, 'show_tokens': {}, 'events_when_played': [], 'events_when_stopped': [], 'events_when_looped': [], 'events_when_paused': [], 'events_when_resumed': [], 'events_when_advanced': [], 'events_when_stepped_back': [], 'events_when_updated': [], 'events_when_completed': []}}}, key=UUID('6018f7d7-940b-436a-8f8b-8042d5faacd1'), condition=None, blocking_facility=None), RegisteredHandler(callback=<bound method ConfigPlayer.config_play_callback of ConfigPlayer.show_player/shows>, priority=100, kwargs={'calling_context': 'achievement_wizard1_state_enabled', 'mode': <Mode.batterycharger>, 'settings': {battery_green-None-None: {'action': 'stop', 'priority': 0, 'show': None, 'speed': <NativeTemplate 1.0>, 'block_queue': False, 'start_step': <NativeTemplate 1>, 'start_running': <Template True>, 'loops': -1, 'sync_ms': None, 'manual_advance': False, 'show_queue': None, 'key': None, 'show_tokens': {}, 'events_when_played': [], 'events_when_stopped': [], 'events_when_looped': [], 'events_when_paused': [], 'events_when_resumed': [], 'events_when_advanced': [], 'events_when_stepped_back': [], 'events_when_updated': [], 'events_when_completed': []}, battery_yellow-None-None: {'action': 'stop', 'priority': 0, 'show': None, 'speed': <NativeTemplate 1.0>, 'block_queue': False, 'start_step': <NativeTemplate 1>, 'start_running': <Template True>, 'loops': -1, 'sync_ms': None, 'manual_advance': False, 'show_queue': None, 'key': None, 'show_tokens': {}, 'events_when_played': [], 'events_when_stopped': [], 'events_when_looped': [], 'events_when_paused': [], 'events_when_resumed': [], 'events_when_advanced': [], 'events_when_stepped_back': [], 'events_when_updated': [], 'events_when_completed': []}, battery_red-None-None: {'action': 'stop', 'priority': 0, 'show': None, 'speed': <NativeTemplate 1.0>, 'block_queue': False, 'start_step': <NativeTemplate 1>, 'start_running': <Template True>, 'loops': -1, 'sync_ms': None, 'manual_advance': False, 'show_queue': None, 'key': None, 'show_tokens': {}, 'events_when_played': [], 'events_when_stopped': [], 'events_when_looped': [], 'events_when_paused': [], 'events_when_resumed': [], 'events_when_advanced': [], 'events_when_stepped_back': [], 'events_when_updated': [], 'events_when_completed': []}}}, key=UUID('d2242ba7-65f7-422f-9a75-d4a6aadef0aa'), condition=None, blocking_facility=None)]. The order of those handlers is not defined and they will be executed in random order. This might lead to race conditions and potential bugs.
2026-02-05 18:58:37,454 : INFO : EventManager : Event: ======'mode_carousel_starting'====== Args={'priority': 0}
2026-02-05 18:58:37,455 : INFO : EventManager : Event: ======'player_battery_charged_yesorno'====== Args={'value': 1, 'prev_value': 0, 'change': 1, 'player_num': 1, 'source': 'base'}
2026-02-05 18:58:37,455 : INFO : EventManager : Event: ======'player_drop_target_bank_counter_count'====== Args={'value': 1, 'prev_value': 0, 'change': 1, 'player_num': 1, 'source': 'base'}
2026-02-05 18:58:37,456 : INFO : EventManager : Event: ======'player_drop_target_bank_counter_count'====== Args={'value': 0, 'prev_value': 1, 'change': -1, 'player_num': 1, 'source': 'base'}
2026-02-05 18:58:37,456 : INFO : EventManager : Event: ======'mode_multiball_will_start'====== Args={'queue': <QueuedEvent>, 'player': 1, 'ball': 1, 'balls_remaining': 2, 'is_extra_ball': False}
2026-02-05 18:58:37,458 : INFO : EventManager : Event: ======'mode_multiball_starting'====== Args={'queue': <QueuedEvent>, 'player': 1, 'ball': 1, 'balls_remaining': 2, 'is_extra_ball': False}
2026-02-05 18:58:37,459 : INFO : EventManager : Event: ======'ball_save_default_enabled'====== Args={}
2026-02-05 18:58:37,460 : INFO : EventManager : Event: ======'logicblock_battery_charged_status_updated'====== Args={'value': 0, 'enabled': True}
2026-02-05 18:58:37,460 : INFO : EventManager : Event: ======'battery_charged'====== Args={}
2026-02-05 18:58:37,461 : INFO : EventManager : Event: ======'logicblock_battery_charged_status_updated'====== Args={'value': 0, 'enabled': False}
2026-02-05 18:58:37,462 : INFO : EventManager : Event: ======'player_charges_remaining_variable'====== Args={'value': 0, 'prev_value': 20, 'change': -20, 'player_num': 1, 'source': 'batterycharger'}
2026-02-05 18:58:37,463 : INFO : Mode.multiball : Started. Priority: 1000
2026-02-05 18:58:37,463 : INFO : EventManager : Event: ======'modes_active_modes_changed'====== Args={}
2026-02-05 18:58:37,464 : INFO : EventManager : Event: ======'mode_multiball_started'====== Args={'queue': <QueuedEvent>, 'player': 1, 'ball': 1, 'balls_remaining': 2, 'is_extra_ball': False}
2026-02-05 18:58:37,464 : INFO : Mode.carousel : Started. Priority: 200
2026-02-05 18:58:37,464 : INFO : EventManager : Event: ======'modes_active_modes_changed'====== Args={}
2026-02-05 18:58:37,464 : INFO : EventManager : Event: ======'mode_carousel_started'====== Args={'priority': 0}
2026-02-05 18:58:37,465 : INFO : blinkenlight.bl_scoop_arrow_led : Color (0, 0, 255) with key carousel added
2026-02-05 18:58:37,466 : INFO : EventManager : Event: ======'carousel_item_highlighted'====== Args={'carousel': 'carousel', 'direction': None, 'item': 'intergalactic'}
2026-02-05 18:58:37,468 : INFO : Mode.skill_shot : Started. Priority: 500
2026-02-05 18:58:37,468 : INFO : EventManager : Event: ======'modes_active_modes_changed'====== Args={}
2026-02-05 18:58:37,468 : INFO : EventManager : Event: ======'mode_skill_shot_started'====== Args={'player': 1, 'ball': 1, 'balls_remaining': 2, 'is_extra_ball': False}
2026-02-05 18:58:37,469 : INFO : EventManager : Event: ======'advance_skill_lower_pop'====== Args={'player': 1, 'ball': 1, 'balls_remaining': 2, 'is_extra_ball': False}
2026-02-05 18:58:37,469 : INFO : EventManager : Event: ======'player_shot_skillshot_lower_pop'====== Args={'value': 1, 'prev_value': 0, 'change': 1, 'player_num': 1}
2026-02-05 18:58:37,471 : INFO : Mode.combos : Started. Priority: 2000
2026-02-05 18:58:37,471 : INFO : EventManager : Event: ======'modes_active_modes_changed'====== Args={}
2026-02-05 18:58:37,471 : INFO : EventManager : Event: ======'mode_combos_started'====== Args={'player': 1, 'ball': 1, 'balls_remaining': 2, 'is_extra_ball': False}
2026-02-05 18:58:37,474 : INFO : EventManager : Event: ======'single_player_ball_started'====== Args={}
2026-02-05 18:58:37,475 : INFO : EventManager : Event: ======'ball_start_target'====== Args={'target': 'playfield'}
2026-02-05 18:58:37,476 : INFO : ball_device.bd_plunger : Setting up player-controlled eject. Balls: 1, Target: <playfield.playfield>, player_controlled_eject_event: None
2026-02-05 18:58:37,477 : INFO : EventManager : Event: ======'balldevice_balls_available'====== Args={}
2026-02-05 18:58:37,478 : INFO : ball_device.bd_trough : State: waiting_for_target_ready
2026-02-05 18:58:37,479 : INFO : EventManager : Event: ======'balldevice_bd_trough_ball_eject_attempt'====== Args={'balls': 1, 'target': <ball_device.bd_plunger>, 'source': <ball_device.bd_trough>, 'mechanical_eject': True, 'num_attempts': 0}
2026-02-05 18:58:37,479 : INFO : ball_device.bd_plunger : State: waiting_for_ball
2026-02-05 18:58:37,480 : INFO : ball_device.bd_trough : State: ejecting
2026-02-05 18:58:37,481 : INFO : ball_device.bd_trough : Ejecting ball to <ball_device.bd_plunger>
2026-02-05 18:58:37,481 : INFO : EventManager : Event: ======'balldevice_bd_trough_ejecting_ball'====== Args={'balls': 1, 'target': <ball_device.bd_plunger>, 'source': <ball_device.bd_trough>, 'mechanical_eject': True, 'num_attempts': 0}
2026-02-05 18:58:37,482 : INFO : EventManager : Event: ======'slide_base_created'====== Args={'_from_bcp': True}
2026-02-05 18:58:37,483 : INFO : EventManager : Event: ======'play_base_video3'====== Args={'_from_bcp': True}
2026-02-05 18:58:37,485 : INFO : ball_device.bd_trough : Wait for ball to leave device
2026-02-05 18:58:37,485 : INFO : coil.c_trough_eject : Pulsing Driver for 15ms (1.0 pulse_power)
2026-02-05 18:58:37,485 : INFO : SwitchController : <<<<<<< 's_trough1' inactive >>>>>>>
2026-02-05 18:58:37,487 : INFO : ball_device.bd_trough : State: ball_left
2026-02-05 18:58:37,488 : INFO : ball_device.bd_trough : Ball left
2026-02-05 18:58:37,488 : INFO : ball_device.bd_trough : Wait for confirm with timeout 3.0
2026-02-05 18:58:37,596 : INFO : SwitchController : <<<<<<< 's_plunger' active >>>>>>>
2026-02-05 18:58:37,596 : INFO : EventManager : Event: ======'machine_var_audits_switches_s_plunger'====== Args={'value': 2084, 'prev_value': 2083, 'change': 1}
2026-02-05 18:58:37,780 : INFO : EventManager : Event: ======'slide_score_overlay_created'====== Args={'_from_bcp': True}
2026-02-05 18:58:38,012 : INFO : EventManager : Event: ======'slide_super_circles_created'====== Args={'_from_bcp': True}
2026-02-05 18:58:38,013 : INFO : EventManager : Event: ======'slide_attract_load_inactive'====== Args={'is_removing': True, '_from_bcp': True}
2026-02-05 18:58:38,014 : INFO : EventManager : Event: ======'slide_super_circles_active'====== Args={'original_context': 'base', 'original_calling_context': 'mode_base_started', 'priority': 100.0, 'queue': '<QueuedEvent>', 'player': 1.0, 'ball': 1.0, 'balls_remaining': 2.0, 'is_extra_ball': False, 'cmd': 'slides_play', '_from_bcp': True}
2026-02-05 18:58:38,020 : INFO : EventManager : Event: ======'slide_attract_load_removed'====== Args={'_from_bcp': True}
2026-02-05 18:58:38,098 : INFO : ball_device.bd_plunger : Received ball from <ball_device.bd_trough>
2026-02-05 18:58:38,098 : INFO : EventManager : Event: ======'balldevice_bd_plunger_ball_enter'====== Args={'new_balls': 1, 'unclaimed_balls': 0, 'new_available_balls': 0, 'device': <ball_device.bd_plunger>}
2026-02-05 18:58:38,098 : INFO : EventManager : Event: ======'balldevice_bd_plunger_ball_entered'====== Args={'new_balls': 0, 'device': <ball_device.bd_plunger>}
2026-02-05 18:58:38,099 : INFO : EventManager : Event: ======'balldevice_bd_plunger_ball_count_changed'====== Args={'balls': 1}
2026-02-05 18:58:38,099 : INFO : ball_device.bd_trough : Got eject confirm
2026-02-05 18:58:38,099 : INFO : ball_device.bd_trough : Eject successful
2026-02-05 18:58:38,099 : INFO : EventManager : Event: ======'balldevice_bd_trough_ball_eject_success'====== Args={'balls': 1, 'target': <ball_device.bd_plunger>}
2026-02-05 18:58:38,099 : INFO : EventManager : Event: ======'balldevice_bd_trough_ball_count_changed'====== Args={'balls': 5}
2026-02-05 18:58:38,100 : INFO : ball_device.bd_trough : State: idle
2026-02-05 18:58:38,100 : INFO : ball_device.bd_plunger : State: waiting_for_target_ready
2026-02-05 18:58:38,100 : INFO : EventManager : Event: ======'balldevice_bd_plunger_ball_eject_attempt'====== Args={'balls': 1, 'target': <playfield.playfield>, 'source': <ball_device.bd_plunger>, 'mechanical_eject': True, 'num_attempts': 0}
2026-02-05 18:58:38,101 : INFO : ball_device.bd_plunger : State: ejecting
2026-02-05 18:58:38,101 : INFO : ball_device.bd_plunger : Ejecting ball to <playfield.playfield>
2026-02-05 18:58:38,101 : INFO : EventManager : Event: ======'balldevice_bd_plunger_ejecting_ball'====== Args={'balls': 1, 'target': <playfield.playfield>, 'source': <ball_device.bd_plunger>, 'mechanical_eject': True, 'num_attempts': 0}
2026-02-05 18:58:38,103 : INFO : ball_device.bd_plunger : Wait for ball to leave device
2026-02-05 18:58:38,137 : INFO : EventManager : Event: ======'widget_charges_remaining_active'====== Args={'original_context': 'batterycharger', 'original_calling_context': 'logicblock_battery_charged_status_updated{device.counters.battery_charged_status.value>0 and device.achievements.wizard1.state!="enabled" and device.counters.battery_charged_status.enabled==True}', 'priority': 100.0, 'value': 20.0, 'enabled': False, 'cmd': 'widgets_play', '_from_bcp': True}
2026-02-05 18:58:38,147 : INFO : EventManager : Event: ======'slide_current_mode_highlighted_created'====== Args={'_from_bcp': True}
2026-02-05 18:58:38,148 : INFO : EventManager : Event: ======'random_mode_picker_threemcsand1dj'====== Args={'_from_bcp': True}
2026-02-05 18:58:38,148 : INFO : EventManager : Event: ======'carousel_advance'====== Args={'priority': 0}
2026-02-05 18:58:38,149 : INFO : EventManager : Event: ======'carousel_advance_2'====== Args={'priority': 0}
2026-02-05 18:58:38,149 : INFO : EventManager : Event: ======'carousel_advance_3'====== Args={'priority': 0}
2026-02-05 18:58:38,149 : INFO : EventManager : Event: ======'carousel_advance_4'====== Args={'priority': 0}
2026-02-05 18:58:38,149 : INFO : EventManager : Event: ======'carousel_advance_5'====== Args={'priority': 0}
2026-02-05 18:58:38,149 : INFO : EventManager : Event: ======'carousel_item_highlighted'====== Args={'carousel': 'carousel', 'direction': 'forwards', 'item': 'paulrevere'}
2026-02-05 18:58:38,152 : INFO : EventManager : Event: ======'carousel_item_highlighted'====== Args={'carousel': 'carousel', 'direction': 'forwards', 'item': 'tripletrouble'}
2026-02-05 18:58:38,155 : INFO : EventManager : Event: ======'carousel_item_highlighted'====== Args={'carousel': 'carousel', 'direction': 'forwards', 'item': 'sabotage'}
2026-02-05 18:58:38,158 : INFO : EventManager : Event: ======'carousel_item_highlighted'====== Args={'carousel': 'carousel', 'direction': 'forwards', 'item': 'highplainsdrifter'}
2026-02-05 18:58:38,160 : INFO : EventManager : Event: ======'carousel_item_highlighted'====== Args={'carousel': 'carousel', 'direction': 'forwards', 'item': 'threemcsand1dj'}
2026-02-05 18:58:38,164 : INFO : EventManager : Event: ======'slide_skillshot_overlay_lowerpop_created'====== Args={'_from_bcp': True}
2026-02-05 18:58:38,165 : INFO : EventManager : Event: ======'slide_super_circles_inactive'====== Args={'is_removing': False, '_from_bcp': True}
2026-02-05 18:58:38,165 : INFO : EventManager : Event: ======'slide_skillshot_overlay_lowerpop_active'====== Args={'original_context': 'skill_shot', 'original_calling_context': 'player_shot_skillshot_lower_pop{device.shots.skillshot_lower_pop.state==1}', 'priority': 500.0, 'value': 1.0, 'prev_value': 0.0, 'change': 1.0, 'player_num': 1.0, 'cmd': 'slides_play', '_from_bcp': True}
2026-02-05 18:58:38,174 : INFO : EventManager : Event: ======'slide_basevideo3_created'====== Args={'_from_bcp': True}
2026-02-05 18:58:38,620 : INFO : SwitchController : <<<<<<< 's_plunger' inactive >>>>>>>
2026-02-05 18:58:38,620 : INFO : EventManager : Event: ======'ball_out'====== Args={}
2026-02-05 18:58:38,621 : INFO : EventManager : Event: ======'ball_save_default_timer_start'====== Args={}
2026-02-05 18:58:38,623 : INFO : ball_device.bd_plunger : State: ball_left
2026-02-05 18:58:38,623 : INFO : ball_device.bd_plunger : Ball left
2026-02-05 18:58:38,623 : INFO : ball_device.bd_plunger : Wait for confirm with timeout 3.0
2026-02-05 18:58:38,832 : INFO : SwitchController : <<<<<<< 's_three_bank_top' active >>>>>>>
2026-02-05 18:58:38,832 : INFO : EventManager : Event: ======'playfield_active'====== Args={'source': 'skillshot_drop_targets'}
2026-02-05 18:58:38,832 : INFO : EventManager : Event: ======'playfield_active'====== Args={'source': 'top_drop'}
2026-02-05 18:58:38,832 : INFO : EventManager : Event: ======'s_three_bank_top_active'====== Args={}
2026-02-05 18:58:38,832 : INFO : EventManager : Event: ======'playfield_active'====== Args={'source': 'top'}
2026-02-05 18:58:38,832 : INFO : EventManager : Event: ======'drop_target_top_down'====== Args={'device': <drop_target.top>}
2026-02-05 18:58:38,833 : INFO : EventManager : Event: ======'drop_target_bank_three_bank_mixed'====== Args={'prev_value': <DropTargetBankState.UP: 'up'>, 'down': 1}
2026-02-05 18:58:38,833 : INFO : EventManager : Event: ======'machine_var_audits_switches_s_three_bank_top'====== Args={'value': 1124, 'prev_value': 1123, 'change': 1}
2026-02-05 18:58:38,834 : INFO : EventManager : Event: ======'player_shot_skillshot_drop_targets'====== Args={'value': 1, 'prev_value': 0, 'change': 1, 'player_num': 1}
2026-02-05 18:58:38,835 : INFO : EventManager : Event: ======'machine_var_audits_shots_skillshot_drop_targets'====== Args={'value': 524, 'prev_value': 523, 'change': 1}
2026-02-05 18:58:38,836 : INFO : EventManager : Event: ======'skillshot_drop_targets_hit'====== Args={'profile': 'skill_shot_profile', 'state': 'off', 'advancing': True}
2026-02-05 18:58:38,836 : INFO : EventManager : Event: ======'skillshot_drop_targets_skill_shot_profile_hit'====== Args={'profile': 'skill_shot_profile', 'state': 'off', 'advancing': True}
2026-02-05 18:58:38,836 : INFO : EventManager : Event: ======'skillshot_drop_targets_skill_shot_profile_off_hit'====== Args={'profile': 'skill_shot_profile', 'state': 'off', 'advancing': True}
2026-02-05 18:58:38,836 : INFO : EventManager : Event: ======'skillshot_drop_targets_off_hit'====== Args={'profile': 'skill_shot_profile', 'state': 'off', 'advancing': True}
2026-02-05 18:58:38,836 : INFO : EventManager : Event: ======'machine_var_audits_shots_top_drop'====== Args={'value': 585, 'prev_value': 584, 'change': 1}
2026-02-05 18:58:38,837 : INFO : EventManager : Event: ======'top_drop_hit'====== Args={'profile': 'base_shot_profile', 'state': 'off', 'advancing': False}
2026-02-05 18:58:38,837 : INFO : EventManager : Event: ======'top_drop_base_shot_profile_hit'====== Args={'profile': 'base_shot_profile', 'state': 'off', 'advancing': False}
2026-02-05 18:58:38,837 : INFO : EventManager : Event: ======'top_drop_base_shot_profile_off_hit'====== Args={'profile': 'base_shot_profile', 'state': 'off', 'advancing': False}
2026-02-05 18:58:38,837 : INFO : EventManager : Event: ======'top_drop_off_hit'====== Args={'profile': 'base_shot_profile', 'state': 'off', 'advancing': False}
2026-02-05 18:58:38,837 : INFO : EventManager : Event: ======'skillshot_hit'====== Args={'shot': 'skillshot_drop_targets'}
2026-02-05 18:58:38,838 : INFO : EventManager : Event: ======'skillshot_off_hit'====== Args={'shot': 'skillshot_drop_targets'}
2026-02-05 18:58:38,838 : INFO : EventManager : Event: ======'mode_skill_shot_will_stop'====== Args={}
2026-02-05 18:58:38,838 : INFO : EventManager : Event: ======'mode_skill_shot_stopping'====== Args={}
2026-02-05 18:58:38,839 : INFO : EventManager : Event: ======'player_score'====== Args={'value': 2220, 'prev_value': 0, 'change': 2220, 'player_num': 1, 'source': 'base'}
2026-02-05 18:58:38,839 : INFO : Mode.skill_shot : Stopped.
2026-02-05 18:58:38,839 : INFO : EventManager : Event: ======'modes_active_modes_changed'====== Args={}
2026-02-05 18:58:38,839 : INFO : EventManager : Event: ======'mode_skill_shot_stopped'====== Args={}
2026-02-05 18:58:38,840 : INFO : EventManager : Event: ======'clear'====== Args={'key': 'skill_shot'}
2026-02-05 18:58:38,842 : INFO : Timer.skill_shot_timeout : Stopping Timer
2026-02-05 18:58:38,842 : INFO : EventManager : Event: ======'timer_skill_shot_timeout_stopped'====== Args={'ticks': 0, 'ticks_remaining': 0}
2026-02-05 18:58:38,844 : INFO : ball_device.bd_plunger : Got eject confirm
2026-02-05 18:58:38,844 : INFO : ball_device.bd_plunger : Eject successful
2026-02-05 18:58:38,844 : INFO : EventManager : Event: ======'balldevice_bd_plunger_ball_eject_success'====== Args={'balls': 1, 'target': <playfield.playfield>}
2026-02-05 18:58:38,845 : INFO : EventManager : Event: ======'balldevice_playfield_ball_enter'====== Args={'new_balls': 1, 'unclaimed_balls': 1, 'device': <playfield.playfield>}
2026-02-05 18:58:38,845 : INFO : EventManager : Event: ======'playfield_ball_count_change'====== Args={'balls': 1, 'change': 1}
2026-02-05 18:58:38,846 : INFO : EventManager : Event: ======'balldevice_bd_plunger_ball_count_changed'====== Args={'balls': 0}
2026-02-05 18:58:38,846 : INFO : ball_device.bd_plunger : State: idle
2026-02-05 18:58:38,854 : INFO : EventManager : Event: ======'slide_skillshot_overlay_droptargets_created'====== Args={'_from_bcp': True}
2026-02-05 18:58:38,854 : INFO : EventManager : Event: ======'slide_skillshot_overlay_lowerpop_inactive'====== Args={'is_removing': False, '_from_bcp': True}
2026-02-05 18:58:38,855 : INFO : EventManager : Event: ======'slide_skillshot_overlay_droptargets_active'====== Args={'original_context': 'skill_shot', 'original_calling_context': 'player_shot_skillshot_drop_targets{device.shots.skillshot_drop_targets.state==1}', 'priority': 500.0, 'value': 1.0, 'prev_value': 0.0, 'change': 1.0, 'player_num': 1.0, 'cmd': 'slides_play', '_from_bcp': True}
2026-02-05 18:58:38,856 : INFO : EventManager : Event: ======'slide_skillshot_overlay_droptargets_inactive'====== Args={'is_removing': True, '_from_bcp': True}
2026-02-05 18:58:38,857 : INFO : EventManager : Event: ======'slide_skillshot_overlay_lowerpop_active'====== Args={'_from_bcp': True}
2026-02-05 18:58:38,857 : INFO : EventManager : Event: ======'slide_skillshot_overlay_droptargets_removed'====== Args={'_from_bcp': True}
2026-02-05 18:58:38,858 : INFO : EventManager : Event: ======'slide_skillshot_overlay_lowerpop_inactive'====== Args={'is_removing': True, '_from_bcp': True}
2026-02-05 18:58:38,858 : INFO : EventManager : Event: ======'slide_super_circles_active'====== Args={'_from_bcp': True}
2026-02-05 18:58:38,858 : INFO : EventManager : Event: ======'slide_skillshot_overlay_lowerpop_removed'====== Args={'_from_bcp': True}
2026-02-05 18:58:44,632 : INFO : EventManager : Event: ======'ball_save_default_hurry_up'====== Args={}
2026-02-05 18:58:47,043 : INFO : SwitchController : <<<<<<< 's_scoop' active >>>>>>>
2026-02-05 18:58:47,044 : INFO : EventManager : Event: ======'s_scoop_active'====== Args={}
2026-02-05 18:58:47,044 : INFO : EventManager : Event: ======'machine_var_audits_switches_s_scoop'====== Args={'value': 1011, 'prev_value': 1010, 'change': 1}
2026-02-05 18:58:47,045 : INFO : EventManager : Event: ======'machine_var_audits_shots_scoop'====== Args={'value': 666, 'prev_value': 665, 'change': 1}
2026-02-05 18:58:47,046 : INFO : EventManager : Event: ======'scoop_hit'====== Args={'profile': 'base_shot_profile', 'state': 'off', 'advancing': False}
2026-02-05 18:58:47,046 : INFO : EventManager : Event: ======'scoop_base_shot_profile_hit'====== Args={'profile': 'base_shot_profile', 'state': 'off', 'advancing': False}
2026-02-05 18:58:47,047 : INFO : EventManager : Event: ======'scoop_base_shot_profile_off_hit'====== Args={'profile': 'base_shot_profile', 'state': 'off', 'advancing': False}
2026-02-05 18:58:47,047 : INFO : EventManager : Event: ======'scoop_off_hit'====== Args={'profile': 'base_shot_profile', 'state': 'off', 'advancing': False}
2026-02-05 18:58:47,047 : INFO : EventManager : Event: ======'carousel_item_selected'====== Args={'carousel': 'carousel', 'item': 'threemcsand1dj'}
2026-02-05 18:58:47,048 : INFO : EventManager : Event: ======'player_score'====== Args={'value': 4530, 'prev_value': 2220, 'change': 2310, 'player_num': 1, 'source': 'base'}
2026-02-05 18:58:47,048 : INFO : EventManager : Event: ======'logicblock_superpops_counter_updated'====== Args={'value': 1, 'enabled': True}
2026-02-05 18:58:47,048 : INFO : EventManager : Event: ======'counter_superpops_counter_hit'====== Args={'count': 1, 'hits': 1, 'remaining': 4}
2026-02-05 18:58:47,048 : INFO : EventManager : Event: ======'logicblock_superpops_counter_hit'====== Args={'count': 1, 'hits': 1, 'remaining': 4}
2026-02-05 18:58:47,048 : INFO : EventManager : Event: ======'mode_threemcsand1dj_will_start'====== Args={'carousel': 'carousel', 'item': 'threemcsand1dj'}
2026-02-05 18:58:47,049 : INFO : EventManager : Event: ======'player_threemcsand1dj_threemcsand1dj_intro_show_tick'====== Args={'value': 0, 'prev_value': 0, 'change': 0, 'player_num': 1}
2026-02-05 18:58:47,050 : INFO : EventManager : Event: ======'player_threemcsand1dj_threemcsand1dj_time_remaining_tick'====== Args={'value': 60, 'prev_value': 0, 'change': 60, 'player_num': 1}
2026-02-05 18:58:47,051 : INFO : EventManager : Unordered handler for class PluginPlayer.widgets on event ball_will_end with priority 100. Handlers: [RegisteredHandler(callback=<bound method ConfigPlayer.config_play_callback of PluginPlayer.widgets>, priority=100, kwargs={'calling_context': 'ball_will_end', 'mode': <Mode.base>, 'settings': {'chcheckitoutfinish': {'action': 'remove', 'priority': None, 'slide': None, 'key': None, 'target': None, 'expire': None, 'tokens': {}, 'x': 0, 'y': 0}, 'bodymovinfinish': {'action': 'remove', 'priority': None, 'slide': None, 'key': None, 'target': None, 'expire': None, 'tokens': {}, 'x': 0, 'y': 0}, 'mmm_circle': {'action': 'remove', 'priority': None, 'slide': None, 'key': None, 'target': None, 'expire': None, 'tokens': {}, 'x': 0, 'y': 0}, 'miked_circle': {'action': 'remove', 'priority': None, 'slide': None, 'key': None, 'target': None, 'expire': None, 'tokens': {}, 'x': 0, 'y': 0}, 'adroc_circle': {'action': 'remove', 'priority': None, 'slide': None, 'key': None, 'target': None, 'expire': None, 'tokens': {}, 'x': 0, 'y': 0}, 'mca_circle': {'action': 'remove', 'priority': None, 'slide': None, 'key': None, 'target': None, 'expire': None, 'tokens': {}, 'x': 0, 'y': 0}, 'djhurr_circle': {'action': 'remove', 'priority': None, 'slide': None, 'key': None, 'target': None, 'expire': None, 'tokens': {}, 'x': 0, 'y': 0}}}, key=UUID('0e1e6b9a-bcb2-460f-92ab-b11fc70136f5'), condition=None, blocking_facility=None), RegisteredHandler(callback=<bound method ConfigPlayer.config_play_callback of PluginPlayer.widgets>, priority=100, kwargs={'calling_context': 'ball_will_end', 'mode': <Mode.batterycharger>, 'settings': {'charges_remaining': {'action': 'remove', 'priority': None, 'slide': None, 'key': None, 'target': None, 'expire': None, 'tokens': {}, 'x': 0, 'y': 0}}}, key=UUID('be48cb93-4799-4442-b0be-a0f49d2bca28'), condition=None, blocking_facility=None)]. The order of those handlers is not defined and they will be executed in random order. This might lead to race conditions and potential bugs.
2026-02-05 18:58:47,055 : INFO : EventManager : Unordered handler for class PluginPlayer.widgets on event ball_will_end with priority 100. Handlers: [RegisteredHandler(callback=<bound method ConfigPlayer.config_play_callback of PluginPlayer.widgets>, priority=100, kwargs={'calling_context': 'ball_will_end', 'mode': <Mode.base>, 'settings': {'chcheckitoutfinish': {'action': 'remove', 'priority': None, 'slide': None, 'key': None, 'target': None, 'expire': None, 'tokens': {}, 'x': 0, 'y': 0}, 'bodymovinfinish': {'action': 'remove', 'priority': None, 'slide': None, 'key': None, 'target': None, 'expire': None, 'tokens': {}, 'x': 0, 'y': 0}, 'mmm_circle': {'action': 'remove', 'priority': None, 'slide': None, 'key': None, 'target': None, 'expire': None, 'tokens': {}, 'x': 0, 'y': 0}, 'miked_circle': {'action': 'remove', 'priority': None, 'slide': None, 'key': None, 'target': None, 'expire': None, 'tokens': {}, 'x': 0, 'y': 0}, 'adroc_circle': {'action': 'remove', 'priority': None, 'slide': None, 'key': None, 'target': None, 'expire': None, 'tokens': {}, 'x': 0, 'y': 0}, 'mca_circle': {'action': 'remove', 'priority': None, 'slide': None, 'key': None, 'target': None, 'expire': None, 'tokens': {}, 'x': 0, 'y': 0}, 'djhurr_circle': {'action': 'remove', 'priority': None, 'slide': None, 'key': None, 'target': None, 'expire': None, 'tokens': {}, 'x': 0, 'y': 0}}}, key=UUID('0e1e6b9a-bcb2-460f-92ab-b11fc70136f5'), condition=None, blocking_facility=None), RegisteredHandler(callback=<bound method ConfigPlayer.config_play_callback of PluginPlayer.widgets>, priority=100, kwargs={'calling_context': 'ball_will_end', 'mode': <Mode.batterycharger>, 'settings': {'charges_remaining': {'action': 'remove', 'priority': None, 'slide': None, 'key': None, 'target': None, 'expire': None, 'tokens': {}, 'x': 0, 'y': 0}}}, key=UUID('be48cb93-4799-4442-b0be-a0f49d2bca28'), condition=None, blocking_facility=None)]. The order of those handlers is not defined and they will be executed in random order. This might lead to race conditions and potential bugs.
2026-02-05 18:58:47,056 : INFO : EventManager : Event: ======'mode_threemcsand1dj_starting'====== Args={'carousel': 'carousel', 'item': 'threemcsand1dj'}
2026-02-05 18:58:47,057 : INFO : EventManager : Event: ======'mode_carousel_will_stop'====== Args={}
2026-02-05 18:58:47,057 : INFO : EventManager : Event: ======'mode_carousel_stopping'====== Args={}
2026-02-05 18:58:47,058 : INFO : blinkenlight.bl_scoop_arrow_led : Color removed with key carousel
2026-02-05 18:58:47,058 : INFO : Mode.carousel : Stopped.
2026-02-05 18:58:47,058 : INFO : EventManager : Event: ======'modes_active_modes_changed'====== Args={}
2026-02-05 18:58:47,059 : INFO : EventManager : Event: ======'mode_carousel_stopped'====== Args={}
2026-02-05 18:58:47,059 : INFO : EventManager : Event: ======'clear'====== Args={'key': 'carousel'}
2026-02-05 18:58:47,060 : INFO : EventManager : Event: ======'logicblock_threemcsand1dj_scratches_counter_updated'====== Args={'value': 3, 'enabled': False}
2026-02-05 18:58:47,060 : INFO : Mode.threemcsand1dj : Started. Priority: 1000
2026-02-05 18:58:47,061 : INFO : EventManager : Event: ======'modes_active_modes_changed'====== Args={}
2026-02-05 18:58:47,061 : INFO : EventManager : Event: ======'mode_threemcsand1dj_started'====== Args={'carousel': 'carousel', 'item': 'threemcsand1dj'}
2026-02-05 18:58:47,061 : INFO : EventManager : Event: ======'logicblock_threemcsand1dj_scratches_counter_updated'====== Args={'value': 3, 'enabled': True}
2026-02-05 18:58:47,062 : INFO : EventManager : Event: ======'logicblock_threemcsand1dj_scratches_counter_updated'====== Args={'value': 3, 'enabled': True}
2026-02-05 18:58:47,062 : INFO : EventManager : Event: ======'logicblock_threemcsand1dj_scratches_counter_updated'====== Args={'value': 3, 'enabled': True}
2026-02-05 18:58:47,063 : INFO : EventManager : Event: ======'player_mode_blocking_flag'====== Args={'value': 1, 'prev_value': 0, 'change': 1, 'player_num': 1, 'source': 'threemcsand1dj'}
2026-02-05 18:58:47,063 : INFO : EventManager : Event: ======'player_threemcsand1dj_scratch_value'====== Args={'value': 100000, 'prev_value': 0, 'change': 100000, 'player_num': 1, 'source': 'threemcsand1dj'}
2026-02-05 18:58:47,063 : INFO : EventManager : Event: ======'player_threemcsand1dj_mix_multiplier'====== Args={'value': 1, 'prev_value': 0, 'change': 1, 'player_num': 1, 'source': 'threemcsand1dj'}
2026-02-05 18:58:47,064 : INFO : EventManager : Event: ======'player_threemcsand1dj_scratches_remaining'====== Args={'value': 3, 'prev_value': 0, 'change': 3, 'player_num': 1, 'source': 'threemcsand1dj'}
2026-02-05 18:58:47,064 : INFO : blinkenlight.bl_lowerrightpop_inside_led : Color (255, 0, 0) with key threemcsand1dj added
2026-02-05 18:58:47,065 : INFO : blinkenlight.bl_lowerrightpop_inside2_led : Color (255, 0, 0) with key threemcsand1dj added
2026-02-05 18:58:47,090 : INFO : blinkenlight.bl_upperleftpop_inside_led : Color (255, 0, 0) with key threemcsand1dj added
2026-02-05 18:58:47,090 : INFO : blinkenlight.bl_uppercenterpop_inside_led : Color (255, 0, 0) with key threemcsand1dj added
2026-02-05 18:58:47,091 : INFO : blinkenlight.bl_captiveball_smallcircle_led : Color (255, 0, 0) with key threemcsand1dj added
2026-02-05 18:58:47,091 : INFO : blinkenlight.bl_innerloop_arrow_led : Color (0, 128, 0) with key threemcsand1dj added
2026-02-05 18:58:47,091 : INFO : EventManager : Event: ======'achievement_threemcsand1dj_mode_changed_state'====== Args={'restore': False, 'state': 'started', 'selected': False}
2026-02-05 18:58:47,091 : INFO : EventManager : Event: ======'achievement_threemcsand1dj_mode_state_started'====== Args={'restore': False, 'state': 'started', 'selected': False}
2026-02-05 18:58:47,092 : INFO : EventManager : Event: ======'player_mode_threemcsand1dj_score'====== Args={'value': 0, 'prev_value': 0, 'change': 0, 'player_num': 1, 'source': 'base'}
2026-02-05 18:58:47,092 : INFO : EventManager : Event: ======'player_modes_played'====== Args={'value': 1, 'prev_value': 0, 'change': 1, 'player_num': 1, 'source': 'base'}
2026-02-05 18:58:47,092 : INFO : EventManager : Event: ======'player_battery_charged_yesorno'====== Args={'value': 0, 'prev_value': 1, 'change': -1, 'player_num': 1, 'source': 'base'}
2026-02-05 18:58:47,093 : INFO : EventManager : Event: ======'logicblock_played_modes_count_updated'====== Args={'value': 1, 'enabled': True}
2026-02-05 18:58:47,093 : INFO : EventManager : Event: ======'counter_played_modes_count_hit'====== Args={'count': 1, 'hits': 1, 'remaining': -2}
2026-02-05 18:58:47,093 : INFO : EventManager : Event: ======'logicblock_played_modes_count_hit'====== Args={'count': 1, 'hits': 1, 'remaining': -2}
2026-02-05 18:58:47,094 : INFO : EventManager : Event: ======'logicblock_played_modes_count_complete'====== Args={}
2026-02-05 18:58:47,094 : INFO : Timer.threemcsand1dj_intro_show : Starting Timer.
2026-02-05 18:58:47,094 : INFO : EventManager : Event: ======'timer_threemcsand1dj_intro_show_started'====== Args={'ticks': 0, 'ticks_remaining': 9}
2026-02-05 18:58:47,094 : INFO : EventManager : Event: ======'timer_threemcsand1dj_intro_show_tick'====== Args={'ticks': 0, 'ticks_remaining': 9}
2026-02-05 18:58:47,095 : INFO : EventManager : Event: ======'player_threemcsand1dj_intro_show_variable_times_100'====== Args={'value': 0, 'prev_value': 0, 'change': 0, 'player_num': 1, 'source': 'threemcsand1dj'}
2026-02-05 18:58:47,098 : INFO : EventManager : Event: ======'slide_current_mode_highlighted_removed'====== Args={'_from_bcp': True}
2026-02-05 18:58:47,110 : INFO : EventManager : Event: ======'slide_base_removed'====== Args={'_from_bcp': True}
2026-02-05 18:58:47,111 : INFO : EventManager : Event: ======'slide_basevideo3_removed'====== Args={'_from_bcp': True}
2026-02-05 18:58:47,138 : INFO : EventManager : Event: ======'slide_threemcsand1dj_created'====== Args={'_from_bcp': True}
2026-02-05 18:58:47,141 : INFO : EventManager : Event: ======'slide_threemcsand1dj_instructions_created'====== Args={'_from_bcp': True}
2026-02-05 18:58:47,553 : INFO : EventManager : Event: ======'balldevice_bd_scoop_ball_count_changed'====== Args={'balls': 1}
2026-02-05 18:58:47,554 : INFO : ball_device.bd_scoop : Received unexpected ball
2026-02-05 18:58:47,554 : INFO : EventManager : Event: ======'balldevice_captured_from_playfield'====== Args={'balls': 1}
2026-02-05 18:58:47,555 : INFO : EventManager : Event: ======'sw_playfield_active'====== Args={'balls': 1}
2026-02-05 18:58:47,555 : INFO : EventManager : Event: ======'playfield_ball_count_change'====== Args={'balls': 0, 'change': -1}
2026-02-05 18:58:47,556 : INFO : EventManager : Event: ======'balldevice_bd_scoop_ball_enter'====== Args={'new_balls': 1, 'unclaimed_balls': 1, 'new_available_balls': 1, 'device': <ball_device.bd_scoop>}
2026-02-05 18:58:47,557 : INFO : EventManager : Event: ======'ball_hold_threemcsand1dj_scoop_hold_held_ball'====== Args={'balls_held': 1, 'total_balls_held': 1}
2026-02-05 18:58:47,557 : INFO : EventManager : Event: ======'ball_hold_threemcsand1dj_scoop_hold_full'====== Args={'balls': 1}
2026-02-05 18:58:47,557 : INFO : EventManager : Event: ======'balldevice_balls_available'====== Args={}
2026-02-05 18:58:47,558 : INFO : EventManager : Event: ======'balldevice_bd_scoop_ball_entered'====== Args={'new_balls': 1, 'device': <ball_device.bd_scoop>}
2026-02-05 18:58:48,011 : INFO : SwitchController : <<<<<<< 's_left_flipper' active >>>>>>>
2026-02-05 18:58:48,011 : INFO : EventManager : Event: ======'s_left_flipper_active'====== Args={}
2026-02-05 18:58:48,012 : INFO : EventManager : Event: ======'machine_var_audits_switches_s_left_flipper'====== Args={'value': 1714, 'prev_value': 1713, 'change': 1}
2026-02-05 18:58:48,013 : INFO : SwitchController : <<<<<<< 's_right_flipper' active >>>>>>>
2026-02-05 18:58:48,013 : INFO : EventManager : Event: ======'s_right_flipper_active'====== Args={}
2026-02-05 18:58:48,015 : INFO : EventManager : Event: ======'flipper_cancel'====== Args={'triggering_group': 2, 'triggering_switch': 's_right_flipper'}
2026-02-05 18:58:48,016 : INFO : EventManager : Event: ======'machine_var_audits_switches_s_right_flipper'====== Args={'value': 2603, 'prev_value': 2602, 'change': 1}
2026-02-05 18:58:48,017 : INFO : EventManager : Event: ======'player_threemcsand1dj_threemcsand1dj_intro_show_tick'====== Args={'value': 9, 'prev_value': 0, 'change': 9, 'player_num': 1}
2026-02-05 18:58:48,018 : INFO : Timer.threemcsand1dj_intro_show : Timer Complete
2026-02-05 18:58:48,018 : INFO : Timer.threemcsand1dj_intro_show : Stopping Timer
2026-02-05 18:58:48,019 : INFO : EventManager : Event: ======'timer_threemcsand1dj_intro_show_stopped'====== Args={'ticks': 9, 'ticks_remaining': 9}
2026-02-05 18:58:48,019 : INFO : EventManager : Event: ======'timer_threemcsand1dj_intro_show_complete'====== Args={'ticks': 9, 'ticks_remaining': 9}
2026-02-05 18:58:48,019 : INFO : ball_device.bd_scoop : Adding 1 ball(s) to the eject_queue with target <playfield.playfield>.
2026-02-05 18:58:48,020 : INFO : EventManager : Event: ======'balldevice_balls_available'====== Args={}
2026-02-05 18:58:48,020 : INFO : EventManager : Event: ======'ball_hold_threemcsand1dj_scoop_hold_balls_released'====== Args={'balls_released': 1}
2026-02-05 18:58:48,023 : INFO : Timer.threemcsand1dj_time_remaining : Starting Timer.
2026-02-05 18:58:48,023 : INFO : EventManager : Event: ======'timer_threemcsand1dj_time_remaining_started'====== Args={'ticks': 60, 'ticks_remaining': 60}
2026-02-05 18:58:48,023 : INFO : EventManager : Event: ======'timer_threemcsand1dj_time_remaining_tick'====== Args={'ticks': 60, 'ticks_remaining': 60}
2026-02-05 18:58:48,024 : INFO : EventManager : Event: ======'ball_save_mode_start_timer_start'====== Args={}
2026-02-05 18:58:48,025 : INFO : EventManager : Event: ======'ball_save_mode_start_enabled'====== Args={}
2026-02-05 18:58:48,025 : INFO : EventManager : Event: ======'player_threemcsand1dj_time_remaining_variable_times_1'====== Args={'value': 60, 'prev_value': 0, 'change': 60, 'player_num': 1, 'source': 'threemcsand1dj'}
2026-02-05 18:58:48,027 : INFO : ball_device.bd_scoop : State: waiting_for_target_ready
2026-02-05 18:58:48,028 : INFO : EventManager : Event: ======'balldevice_bd_scoop_ball_eject_attempt'====== Args={'balls': 1, 'target': <playfield.playfield>, 'source': <ball_device.bd_scoop>, 'mechanical_eject': False, 'num_attempts': 0}
2026-02-05 18:58:48,029 : INFO : ball_device.bd_scoop : State: ejecting
2026-02-05 18:58:48,029 : INFO : ball_device.bd_scoop : Ejecting ball to <playfield.playfield>
2026-02-05 18:58:48,029 : INFO : EventManager : Event: ======'balldevice_bd_scoop_ejecting_ball'====== Args={'balls': 1, 'target': <playfield.playfield>, 'source': <ball_device.bd_scoop>, 'mechanical_eject': False, 'num_attempts': 0}
2026-02-05 18:58:48,031 : INFO : EventManager : Event: ======'slide_threemcsand1dj_instructions_removed'====== Args={'_from_bcp': True}
2026-02-05 18:58:48,032 : INFO : ball_device.bd_scoop : Wait for ball to leave device
2026-02-05 18:58:48,033 : INFO : EventManager : Event: ======'slide_threemcsand1dj_scratches_counter_created'====== Args={'_from_bcp': True}
2026-02-05 18:58:48,049 : INFO : coil.c_scoop_eject : Pulsing Driver for 25ms (1.0 pulse_power)
2026-02-05 18:58:48,051 : INFO : SwitchController : <<<<<<< 's_scoop' inactive >>>>>>>
2026-02-05 18:58:48,053 : INFO : ball_device.bd_scoop : State: ball_left
2026-02-05 18:58:48,054 : INFO : ball_device.bd_scoop : Ball left
2026-02-05 18:58:48,054 : INFO : ball_device.bd_scoop : Wait for confirm with timeout 3.0
2026-02-05 18:58:48,418 : INFO : EventManager : Event: ======'slide_threemcsand1dj_display_timer_created'====== Args={'_from_bcp': True}
2026-02-05 18:58:48,422 : INFO : EventManager : Event: ======'slide_threemcsand1dj_scratch_value_created'====== Args={'_from_bcp': True}
2026-02-05 18:58:48,425 : INFO : EventManager : Event: ======'slide_threemcsand1dj_mix_multiplier_created'====== Args={'_from_bcp': True}
2026-02-05 18:58:48,426 : INFO : EventManager : Event: ======'slide_super_circles_inactive'====== Args={'is_removing': False, '_from_bcp': True}
2026-02-05 18:58:48,426 : INFO : EventManager : Event: ======'slide_threemcsand1dj_display_timer_active'====== Args={'original_context': 'threemcsand1dj', 'original_calling_context': 'timer_threemcsand1dj_intro_show_complete', 'priority': 1000.0, 'ticks': 9.0, 'ticks_remaining': 9.0, 'cmd': 'slides_play', '_from_bcp': True}
2026-02-05 18:58:48,446 : INFO : SwitchController : <<<<<<< 's_left_flipper' inactive >>>>>>>
2026-02-05 18:58:48,447 : INFO : EventManager : Event: ======'sw_left_flipper_inactive'====== Args={}
2026-02-05 18:58:48,448 : INFO : EventManager : Event: ======'both_flippers_one'====== Args={'triggering_group': 1, 'triggering_switch': 's_left_flipper'}
2026-02-05 18:58:48,449 : INFO : SwitchController : <<<<<<< 's_right_flipper' inactive >>>>>>>
2026-02-05 18:58:48,449 : INFO : EventManager : Event: ======'sw_right_flipper_inactive'====== Args={}
2026-02-05 18:58:48,449 : INFO : EventManager : Event: ======'both_flippers_inactive'====== Args={'triggering_group': 2, 'triggering_switch': 's_right_flipper'}
2026-02-05 18:58:48,625 : INFO : EventManager : Event: ======'ball_save_default_grace_period'====== Args={}
2026-02-05 18:58:49,029 : INFO : EventManager : Event: ======'player_threemcsand1dj_threemcsand1dj_time_remaining_tick'====== Args={'value': 59, 'prev_value': 60, 'change': -1, 'player_num': 1}
2026-02-05 18:58:49,030 : INFO : EventManager : Event: ======'timer_threemcsand1dj_time_remaining_tick'====== Args={'ticks': 59, 'ticks_remaining': 59}
2026-02-05 18:58:49,031 : INFO : EventManager : Event: ======'player_threemcsand1dj_time_remaining_variable_times_1'====== Args={'value': 59, 'prev_value': 60, 'change': -1, 'player_num': 1, 'source': 'threemcsand1dj'}
2026-02-05 18:58:50,026 : INFO : EventManager : Event: ======'player_threemcsand1dj_threemcsand1dj_time_remaining_tick'====== Args={'value': 58, 'prev_value': 59, 'change': -1, 'player_num': 1}
2026-02-05 18:58:50,027 : INFO : EventManager : Event: ======'timer_threemcsand1dj_time_remaining_tick'====== Args={'ticks': 58, 'ticks_remaining': 58}
2026-02-05 18:58:50,028 : INFO : EventManager : Event: ======'player_threemcsand1dj_time_remaining_variable_times_1'====== Args={'value': 58, 'prev_value': 59, 'change': -1, 'player_num': 1, 'source': 'threemcsand1dj'}
2026-02-05 18:58:50,637 : INFO : EventManager : Event: ======'ball_save_default_disabled'====== Args={}
2026-02-05 18:58:51,027 : INFO : EventManager : Event: ======'player_threemcsand1dj_threemcsand1dj_time_remaining_tick'====== Args={'value': 57, 'prev_value': 58, 'change': -1, 'player_num': 1}
2026-02-05 18:58:51,028 : INFO : EventManager : Event: ======'timer_threemcsand1dj_time_remaining_tick'====== Args={'ticks': 57, 'ticks_remaining': 57}
2026-02-05 18:58:51,028 : INFO : EventManager : Event: ======'ball_save_mode_start_hurry_up'====== Args={}
2026-02-05 18:58:51,029 : INFO : EventManager : Event: ======'player_threemcsand1dj_time_remaining_variable_times_1'====== Args={'value': 57, 'prev_value': 58, 'change': -1, 'player_num': 1, 'source': 'threemcsand1dj'}
2026-02-05 18:58:51,058 : INFO : ball_device.bd_scoop : State: failed_confirm
2026-02-05 18:58:51,059 : INFO : ball_device.bd_scoop : Got timeout (3.0s) before confirm from <playfield.playfield>
2026-02-05 18:58:51,169 : INFO : ball_device.bd_scoop : Confirming eject because target is playfield and ball did not return.
2026-02-05 18:58:51,169 : INFO : ball_device.bd_scoop : Eject successful
2026-02-05 18:58:51,169 : INFO : EventManager : Event: ======'balldevice_bd_scoop_ball_eject_success'====== Args={'balls': 1, 'target': <playfield.playfield>}
2026-02-05 18:58:51,170 : INFO : EventManager : Event: ======'balldevice_playfield_ball_enter'====== Args={'new_balls': 1, 'unclaimed_balls': 1, 'device': <playfield.playfield>}
2026-02-05 18:58:51,170 : INFO : EventManager : Event: ======'playfield_ball_count_change'====== Args={'balls': 1, 'change': 1}
2026-02-05 18:58:51,171 : INFO : EventManager : Event: ======'balldevice_bd_scoop_ball_count_changed'====== Args={'balls': 0}
2026-02-05 18:58:51,171 : INFO : ball_device.bd_scoop : State: idle
2026-02-05 18:58:52,029 : INFO : EventManager : Event: ======'player_threemcsand1dj_threemcsand1dj_time_remaining_tick'====== Args={'value': 56, 'prev_value': 57, 'change': -1, 'player_num': 1}
2026-02-05 18:58:52,031 : INFO : EventManager : Event: ======'timer_threemcsand1dj_time_remaining_tick'====== Args={'ticks': 56, 'ticks_remaining': 56}
2026-02-05 18:58:52,032 : INFO : EventManager : Event: ======'player_threemcsand1dj_time_remaining_variable_times_1'====== Args={'value': 56, 'prev_value': 57, 'change': -1, 'player_num': 1, 'source': 'threemcsand1dj'}
2026-02-05 18:58:53,024 : INFO : EventManager : Event: ======'player_threemcsand1dj_threemcsand1dj_time_remaining_tick'====== Args={'value': 55, 'prev_value': 56, 'change': -1, 'player_num': 1}
2026-02-05 18:58:53,025 : INFO : EventManager : Event: ======'timer_threemcsand1dj_time_remaining_tick'====== Args={'ticks': 55, 'ticks_remaining': 55}
2026-02-05 18:58:53,026 : INFO : EventManager : Event: ======'player_threemcsand1dj_time_remaining_variable_times_1'====== Args={'value': 55, 'prev_value': 56, 'change': -1, 'player_num': 1, 'source': 'threemcsand1dj'}
2026-02-05 18:58:53,027 : INFO : EventManager : Event: ======'ball_save_mode_start_grace_period'====== Args={}
2026-02-05 18:58:53,422 : INFO : SwitchController : <<<<<<< 's_inner_orbit' active >>>>>>>
2026-02-05 18:58:53,422 : INFO : EventManager : Event: ======'s_inner_orbit_active'====== Args={}
2026-02-05 18:58:53,423 : INFO : EventManager : Event: ======'machine_var_audits_switches_s_inner_orbit'====== Args={'value': 99, 'prev_value': 98, 'change': 1}
2026-02-05 18:58:53,424 : INFO : EventManager : Event: ======'player_score'====== Args={'value': 5540, 'prev_value': 4530, 'change': 1010, 'player_num': 1, 'source': 'base'}
2026-02-05 18:58:53,496 : INFO : SwitchController : <<<<<<< 's_inner_orbit' inactive >>>>>>>
2026-02-05 18:58:54,028 : INFO : EventManager : Event: ======'player_threemcsand1dj_threemcsand1dj_time_remaining_tick'====== Args={'value': 54, 'prev_value': 55, 'change': -1, 'player_num': 1}
2026-02-05 18:58:54,030 : INFO : EventManager : Event: ======'timer_threemcsand1dj_time_remaining_tick'====== Args={'ticks': 54, 'ticks_remaining': 54}
2026-02-05 18:58:54,031 : INFO : EventManager : Event: ======'ball_save_mode_start_disabled'====== Args={}
2026-02-05 18:58:54,032 : INFO : EventManager : Event: ======'player_threemcsand1dj_time_remaining_variable_times_1'====== Args={'value': 54, 'prev_value': 55, 'change': -1, 'player_num': 1, 'source': 'threemcsand1dj'}
2026-02-05 18:58:54,192 : INFO : SwitchController : <<<<<<< 's_right_orbit' active >>>>>>>
2026-02-05 18:58:54,192 : INFO : EventManager : Event: ======'s_right_orbit_active'====== Args={}
2026-02-05 18:58:54,192 : INFO : EventManager : Event: ======'machine_var_audits_switches_s_right_orbit'====== Args={'value': 439, 'prev_value': 438, 'change': 1}
2026-02-05 18:58:54,193 : INFO : EventManager : Event: ======'player_score'====== Args={'value': 5650, 'prev_value': 5540, 'change': 110, 'player_num': 1, 'source': 'base'}
2026-02-05 18:58:54,194 : INFO : EventManager : Event: ======'inner_loop_sequence_hit'====== Args={'elapsed': 0.7695564999012277}
2026-02-05 18:58:54,194 : INFO : EventManager : Event: ======'machine_var_audits_shots_inner_loop'====== Args={'value': 86, 'prev_value': 85, 'change': 1}
2026-02-05 18:58:54,194 : INFO : EventManager : Event: ======'inner_loop_hit'====== Args={'profile': 'base_shot_profile', 'state': 'off', 'advancing': False}
2026-02-05 18:58:54,195 : INFO : EventManager : Event: ======'inner_loop_base_shot_profile_hit'====== Args={'profile': 'base_shot_profile', 'state': 'off', 'advancing': False}
2026-02-05 18:58:54,195 : INFO : EventManager : Event: ======'inner_loop_base_shot_profile_off_hit'====== Args={'profile': 'base_shot_profile', 'state': 'off', 'advancing': False}
2026-02-05 18:58:54,195 : INFO : EventManager : Event: ======'inner_loop_off_hit'====== Args={'profile': 'base_shot_profile', 'state': 'off', 'advancing': False}
2026-02-05 18:58:54,195 : INFO : EventManager : Event: ======'player_score'====== Args={'value': 105650, 'prev_value': 5650, 'change': 100000, 'player_num': 1, 'source': 'threemcsand1dj'}
2026-02-05 18:58:54,196 : INFO : EventManager : Event: ======'player_mode_threemcsand1dj_score'====== Args={'value': 100000, 'prev_value': 0, 'change': 100000, 'player_num': 1, 'source': 'threemcsand1dj'}
2026-02-05 18:58:54,196 : INFO : EventManager : Event: ======'logicblock_threemcsand1dj_scratches_counter_updated'====== Args={'value': 2, 'enabled': True}
2026-02-05 18:58:54,196 : INFO : EventManager : Event: ======'counter_threemcsand1dj_scratches_counter_hit'====== Args={'count': 2, 'hits': 1, 'remaining': 2}
2026-02-05 18:58:54,197 : INFO : EventManager : Event: ======'logicblock_threemcsand1dj_scratches_counter_hit'====== Args={'count': 2, 'hits': 1, 'remaining': 2}
2026-02-05 18:58:54,197 : INFO : EventManager : Event: ======'player_score'====== Args={'value': 107660, 'prev_value': 105650, 'change': 2010, 'player_num': 1, 'source': 'base'}
2026-02-05 18:58:54,197 : INFO : EventManager : Event: ======'add_threemcsand1dj_time_5s'====== Args={'priority': 0}
2026-02-05 18:58:54,197 : INFO : EventManager : Event: ======'player_threemcsand1dj_scratches_remaining'====== Args={'value': 2, 'prev_value': 3, 'change': -1, 'player_num': 1, 'source': 'threemcsand1dj'}
2026-02-05 18:58:54,198 : INFO : EventManager : Event: ======'player_threemcsand1dj_threemcsand1dj_time_remaining_tick'====== Args={'value': 59, 'prev_value': 54, 'change': 5, 'player_num': 1}
2026-02-05 18:58:54,198 : INFO : EventManager : Event: ======'timer_threemcsand1dj_time_remaining_time_added'====== Args={'ticks': 59, 'ticks_added': 54, 'ticks_remaining': 54}
2026-02-05 18:58:54,256 : INFO : SwitchController : <<<<<<< 's_right_orbit' inactive >>>>>>>
2026-02-05 18:58:55,027 : INFO : EventManager : Event: ======'player_threemcsand1dj_threemcsand1dj_time_remaining_tick'====== Args={'value': 58, 'prev_value': 59, 'change': -1, 'player_num': 1}
2026-02-05 18:58:55,028 : INFO : EventManager : Event: ======'timer_threemcsand1dj_time_remaining_tick'====== Args={'ticks': 58, 'ticks_remaining': 58}
2026-02-05 18:58:55,028 : INFO : EventManager : Event: ======'player_threemcsand1dj_time_remaining_variable_times_1'====== Args={'value': 58, 'prev_value': 54, 'change': 4, 'player_num': 1, 'source': 'threemcsand1dj'}
2026-02-05 18:58:55,214 : INFO : SwitchController : <<<<<<< 's_inner_orbit' active >>>>>>>
2026-02-05 18:58:55,215 : INFO : EventManager : Event: ======'s_inner_orbit_active'====== Args={}
2026-02-05 18:58:55,215 : INFO : EventManager : Event: ======'machine_var_audits_switches_s_inner_orbit'====== Args={'value': 100, 'prev_value': 99, 'change': 1}
2026-02-05 18:58:55,217 : INFO : EventManager : Event: ======'player_score'====== Args={'value': 108670, 'prev_value': 107660, 'change': 1010, 'player_num': 1, 'source': 'base'}
2026-02-05 18:58:55,288 : INFO : SwitchController : <<<<<<< 's_inner_orbit' inactive >>>>>>>
2026-02-05 18:58:55,433 : INFO : EventManager : Event: ======'inner_loop_backdoor_sequence_timeout'====== Args={}
2026-02-05 18:58:55,938 : INFO : SwitchController : <<<<<<< 's_right_orbit' active >>>>>>>
2026-02-05 18:58:55,939 : INFO : EventManager : Event: ======'s_right_orbit_active'====== Args={}
2026-02-05 18:58:55,939 : INFO : EventManager : Event: ======'machine_var_audits_switches_s_right_orbit'====== Args={'value': 440, 'prev_value': 439, 'change': 1}
2026-02-05 18:58:55,940 : INFO : EventManager : Event: ======'player_score'====== Args={'value': 108780, 'prev_value': 108670, 'change': 110, 'player_num': 1, 'source': 'base'}
2026-02-05 18:58:55,941 : INFO : EventManager : Event: ======'inner_loop_sequence_hit'====== Args={'elapsed': 0.7236285000108182}
2026-02-05 18:58:55,941 : INFO : EventManager : Event: ======'machine_var_audits_shots_inner_loop'====== Args={'value': 87, 'prev_value': 86, 'change': 1}
2026-02-05 18:58:55,941 : INFO : EventManager : Event: ======'inner_loop_hit'====== Args={'profile': 'base_shot_profile', 'state': 'off', 'advancing': False}
2026-02-05 18:58:55,942 : INFO : EventManager : Event: ======'inner_loop_base_shot_profile_hit'====== Args={'profile': 'base_shot_profile', 'state': 'off', 'advancing': False}
2026-02-05 18:58:55,942 : INFO : EventManager : Event: ======'inner_loop_base_shot_profile_off_hit'====== Args={'profile': 'base_shot_profile', 'state': 'off', 'advancing': False}
2026-02-05 18:58:55,942 : INFO : EventManager : Event: ======'inner_loop_off_hit'====== Args={'profile': 'base_shot_profile', 'state': 'off', 'advancing': False}
2026-02-05 18:58:55,943 : INFO : EventManager : Event: ======'player_score'====== Args={'value': 208780, 'prev_value': 108780, 'change': 100000, 'player_num': 1, 'source': 'threemcsand1dj'}
2026-02-05 18:58:55,943 : INFO : EventManager : Event: ======'player_mode_threemcsand1dj_score'====== Args={'value': 200000, 'prev_value': 100000, 'change': 100000, 'player_num': 1, 'source': 'threemcsand1dj'}
2026-02-05 18:58:55,944 : INFO : EventManager : Event: ======'logicblock_threemcsand1dj_scratches_counter_updated'====== Args={'value': 1, 'enabled': True}
2026-02-05 18:58:55,944 : INFO : EventManager : Event: ======'counter_threemcsand1dj_scratches_counter_hit'====== Args={'count': 1, 'hits': 2, 'remaining': 1}
2026-02-05 18:58:55,944 : INFO : EventManager : Event: ======'logicblock_threemcsand1dj_scratches_counter_hit'====== Args={'count': 1, 'hits': 2, 'remaining': 1}
2026-02-05 18:58:55,944 : INFO : EventManager : Event: ======'player_score'====== Args={'value': 210790, 'prev_value': 208780, 'change': 2010, 'player_num': 1, 'source': 'base'}
2026-02-05 18:58:55,945 : INFO : EventManager : Event: ======'add_threemcsand1dj_time_5s'====== Args={'priority': 0}
2026-02-05 18:58:55,945 : INFO : EventManager : Event: ======'player_threemcsand1dj_scratches_remaining'====== Args={'value': 1, 'prev_value': 2, 'change': -1, 'player_num': 1, 'source': 'threemcsand1dj'}
2026-02-05 18:58:55,946 : INFO : EventManager : Event: ======'player_threemcsand1dj_threemcsand1dj_time_remaining_tick'====== Args={'value': 63, 'prev_value': 58, 'change': 5, 'player_num': 1}
2026-02-05 18:58:55,946 : INFO : EventManager : Event: ======'timer_threemcsand1dj_time_remaining_time_added'====== Args={'ticks': 63, 'ticks_added': 58, 'ticks_remaining': 58}
2026-02-05 18:58:56,025 : INFO : EventManager : Event: ======'player_threemcsand1dj_threemcsand1dj_time_remaining_tick'====== Args={'value': 62, 'prev_value': 63, 'change': -1, 'player_num': 1}
2026-02-05 18:58:56,026 : INFO : EventManager : Event: ======'timer_threemcsand1dj_time_remaining_tick'====== Args={'ticks': 62, 'ticks_remaining': 62}
2026-02-05 18:58:56,027 : INFO : EventManager : Event: ======'player_threemcsand1dj_time_remaining_variable_times_1'====== Args={'value': 62, 'prev_value': 58, 'change': 4, 'player_num': 1, 'source': 'threemcsand1dj'}
2026-02-05 18:58:56,093 : INFO : SwitchController : <<<<<<< 's_right_orbit' inactive >>>>>>>
2026-02-05 18:58:56,195 : INFO : EventManager : Event: ======'right_orbit_backdoor_sequence_timeout'====== Args={}
2026-02-05 18:58:56,730 : INFO : SwitchController : <<<<<<< 's_inner_orbit' active >>>>>>>
2026-02-05 18:58:56,731 : INFO : EventManager : Event: ======'s_inner_orbit_active'====== Args={}
2026-02-05 18:58:56,731 : INFO : EventManager : Event: ======'machine_var_audits_switches_s_inner_orbit'====== Args={'value': 101, 'prev_value': 100, 'change': 1}
2026-02-05 18:58:56,732 : INFO : EventManager : Event: ======'player_score'====== Args={'value': 211800, 'prev_value': 210790, 'change': 1010, 'player_num': 1, 'source': 'base'}
2026-02-05 18:58:56,803 : INFO : SwitchController : <<<<<<< 's_inner_orbit' inactive >>>>>>>
2026-02-05 18:58:57,023 : INFO : EventManager : Event: ======'player_threemcsand1dj_threemcsand1dj_time_remaining_tick'====== Args={'value': 61, 'prev_value': 62, 'change': -1, 'player_num': 1}
2026-02-05 18:58:57,024 : INFO : EventManager : Event: ======'timer_threemcsand1dj_time_remaining_tick'====== Args={'ticks': 61, 'ticks_remaining': 61}
2026-02-05 18:58:57,025 : INFO : EventManager : Event: ======'player_threemcsand1dj_time_remaining_variable_times_1'====== Args={'value': 61, 'prev_value': 62, 'change': -1, 'player_num': 1, 'source': 'threemcsand1dj'}
2026-02-05 18:58:57,210 : INFO : EventManager : Event: ======'inner_loop_to_inner_loop_combo_timeout'====== Args={}
2026-02-05 18:58:57,211 : INFO : EventManager : Event: ======'inner_loop_to_left_orbit_combo_timeout'====== Args={}
2026-02-05 18:58:57,212 : INFO : EventManager : Event: ======'inner_loop_to_left_ramp_combo_timeout'====== Args={}
2026-02-05 18:58:57,212 : INFO : EventManager : Event: ======'inner_loop_to_captive_ball_ramp_combo_timeout'====== Args={}
2026-02-05 18:58:57,212 : INFO : EventManager : Event: ======'inner_loop_to_right_ramp_combo_timeout'====== Args={}
2026-02-05 18:58:57,212 : INFO : EventManager : Event: ======'inner_loop_to_right_orbit_combo_timeout'====== Args={}
2026-02-05 18:58:57,225 : INFO : EventManager : Event: ======'inner_loop_backdoor_sequence_timeout'====== Args={}
2026-02-05 18:58:57,683 : INFO : SwitchController : <<<<<<< 's_right_orbit' active >>>>>>>
2026-02-05 18:58:57,683 : INFO : EventManager : Event: ======'s_right_orbit_active'====== Args={}
2026-02-05 18:58:57,684 : INFO : EventManager : Event: ======'machine_var_audits_switches_s_right_orbit'====== Args={'value': 441, 'prev_value': 440, 'change': 1}
2026-02-05 18:58:57,685 : INFO : SwitchController : <<<<<<< 's_right_orbit' inactive >>>>>>>
2026-02-05 18:58:57,686 : INFO : EventManager : Event: ======'player_score'====== Args={'value': 211910, 'prev_value': 211800, 'change': 110, 'player_num': 1, 'source': 'base'}
2026-02-05 18:58:57,688 : INFO : EventManager : Event: ======'inner_loop_sequence_hit'====== Args={'elapsed': 0.9554141999688}
2026-02-05 18:58:57,689 : INFO : EventManager : Event: ======'machine_var_audits_shots_inner_loop'====== Args={'value': 88, 'prev_value': 87, 'change': 1}
2026-02-05 18:58:57,690 : INFO : EventManager : Event: ======'inner_loop_hit'====== Args={'profile': 'base_shot_profile', 'state': 'off', 'advancing': False}
2026-02-05 18:58:57,691 : INFO : EventManager : Event: ======'inner_loop_base_shot_profile_hit'====== Args={'profile': 'base_shot_profile', 'state': 'off', 'advancing': False}
2026-02-05 18:58:57,691 : INFO : EventManager : Event: ======'inner_loop_base_shot_profile_off_hit'====== Args={'profile': 'base_shot_profile', 'state': 'off', 'advancing': False}
2026-02-05 18:58:57,691 : INFO : EventManager : Event: ======'inner_loop_off_hit'====== Args={'profile': 'base_shot_profile', 'state': 'off', 'advancing': False}
2026-02-05 18:58:57,692 : INFO : EventManager : Event: ======'player_score'====== Args={'value': 311910, 'prev_value': 211910, 'change': 100000, 'player_num': 1, 'source': 'threemcsand1dj'}
2026-02-05 18:58:57,692 : INFO : EventManager : Event: ======'player_mode_threemcsand1dj_score'====== Args={'value': 300000, 'prev_value': 200000, 'change': 100000, 'player_num': 1, 'source': 'threemcsand1dj'}
2026-02-05 18:58:57,693 : INFO : EventManager : Event: ======'logicblock_threemcsand1dj_scratches_counter_updated'====== Args={'value': 0, 'enabled': True}
2026-02-05 18:58:57,693 : INFO : EventManager : Event: ======'counter_threemcsand1dj_scratches_counter_hit'====== Args={'count': 0, 'hits': 3, 'remaining': 0}
2026-02-05 18:58:57,693 : INFO : EventManager : Event: ======'logicblock_threemcsand1dj_scratches_counter_hit'====== Args={'count': 0, 'hits': 3, 'remaining': 0}
2026-02-05 18:58:57,694 : INFO : EventManager : Event: ======'threemcsand1dj_scratches_counter_complete'====== Args={}
2026-02-05 18:58:57,708 : INFO : EventManager : Event: ======'player_score'====== Args={'value': 313920, 'prev_value': 311910, 'change': 2010, 'player_num': 1, 'source': 'base'}
2026-02-05 18:58:57,709 : INFO : EventManager : Event: ======'add_threemcsand1dj_time_5s'====== Args={'priority': 0}
2026-02-05 18:58:57,710 : INFO : EventManager : Event: ======'player_threemcsand1dj_scratches_remaining'====== Args={'value': 0, 'prev_value': 1, 'change': -1, 'player_num': 1, 'source': 'threemcsand1dj'}
2026-02-05 18:58:57,710 : INFO : EventManager : Event: ======'player_threemcsand1dj_threemcsand1dj_time_remaining_tick'====== Args={'value': 66, 'prev_value': 61, 'change': 5, 'player_num': 1}
2026-02-05 18:58:57,710 : INFO : EventManager : Event: ======'timer_threemcsand1dj_time_remaining_time_added'====== Args={'ticks': 66, 'ticks_added': 61, 'ticks_remaining': 61}
2026-02-05 18:58:57,710 : INFO : EventManager : Event: ======'mode_threemcsand1dj_success'====== Args={'priority': 0}
2026-02-05 18:58:57,712 : INFO : blinkenlight.bl_lowerrightpop_inside_led : Color removed with key threemcsand1dj
2026-02-05 18:58:57,714 : INFO : blinkenlight.bl_lowerrightpop_inside2_led : Color removed with key threemcsand1dj
2026-02-05 18:58:57,714 : INFO : blinkenlight.bl_upperleftpop_inside_led : Color removed with key threemcsand1dj
2026-02-05 18:58:57,714 : INFO : blinkenlight.bl_uppercenterpop_inside_led : Color removed with key threemcsand1dj
2026-02-05 18:58:57,714 : INFO : blinkenlight.bl_captiveball_smallcircle_led : Color removed with key threemcsand1dj
2026-02-05 18:58:57,714 : INFO : blinkenlight.bl_innerloop_arrow_led : Color removed with key threemcsand1dj
2026-02-05 18:58:57,715 : INFO : Timer.threemcsand1dj_time_remaining : Pausing Timer for 0 ms
2026-02-05 18:58:57,719 : INFO : EventManager : Event: ======'timer_threemcsand1dj_time_remaining_paused'====== Args={'ticks': 66, 'ticks_remaining': 66}
2026-02-05 18:58:57,719 : INFO : EventManager : Event: ======'mode_threemcsand1dj_will_stop'====== Args={}
2026-02-05 18:58:57,719 : INFO : EventManager : Event: ======'mode_threemcsand1dj_stopping'====== Args={}
2026-02-05 18:58:57,720 : INFO : EventManager : Event: ======'logicblock_battery_charged_status_updated'====== Args={'value': 20, 'enabled': False}
2026-02-05 18:58:57,720 : INFO : EventManager : Event: ======'logicblock_battery_charged_status_updated'====== Args={'value': 20, 'enabled': True}
2026-02-05 18:58:57,721 : INFO : EventManager : Event: ======'achievement_threemcsand1dj_mode_changed_state'====== Args={'restore': False, 'state': 'completed', 'selected': False}
2026-02-05 18:58:57,721 : INFO : EventManager : Event: ======'achievement_threemcsand1dj_mode_state_completed'====== Args={'restore': False, 'state': 'completed', 'selected': False}
2026-02-05 18:58:57,722 : INFO : EventManager : Event: ======'player_modes_completed'====== Args={'value': 1, 'prev_value': 0, 'change': 1, 'player_num': 1, 'source': 'base'}
2026-02-05 18:58:57,724 : INFO : EventManager : Event: ======'logicblock_completed_modes_count_updated'====== Args={'value': 1, 'enabled': True}
2026-02-05 18:58:57,724 : INFO : EventManager : Event: ======'counter_completed_modes_count_hit'====== Args={'count': 1, 'hits': 1, 'remaining': 8}
2026-02-05 18:58:57,724 : INFO : EventManager : Event: ======'logicblock_completed_modes_count_hit'====== Args={'count': 1, 'hits': 1, 'remaining': 8}
2026-02-05 18:58:57,725 : INFO : EventManager : Event: ======'logicblock_battery_charged_status_updated'====== Args={'value': 10, 'enabled': True}
2026-02-05 18:58:57,728 : INFO : EventManager : Event: ======'player_charges_remaining_variable'====== Args={'value': 10, 'prev_value': 0, 'change': 10, 'player_num': 1, 'source': 'batterycharger'}
2026-02-05 18:58:57,730 : INFO : Mode.threemcsand1dj : Stopped.
2026-02-05 18:58:57,730 : INFO : EventManager : Event: ======'modes_active_modes_changed'====== Args={}
2026-02-05 18:58:57,731 : INFO : EventManager : Event: ======'mode_threemcsand1dj_stopped'====== Args={}
2026-02-05 18:58:57,732 : INFO : EventManager : Event: ======'clear'====== Args={'key': 'threemcsand1dj'}
2026-02-05 18:58:57,733 : INFO : EventManager : Event: ======'logicblock_battery_charged_status_updated'====== Args={'value': 20, 'enabled': True}
2026-02-05 18:58:57,736 : INFO : EventManager : Event: ======'logicblock_battery_charged_status_updated'====== Args={'value': 20, 'enabled': True}
2026-02-05 18:58:57,738 : INFO : EventManager : Event: ======'player_mode_blocking_flag'====== Args={'value': 0, 'prev_value': 1, 'change': -1, 'player_num': 1, 'source': 'base'}
2026-02-05 18:58:57,739 : INFO : EventManager : Event: ======'logicblock_battery_charged_status_updated'====== Args={'value': 10, 'enabled': True}
2026-02-05 18:58:57,744 : INFO : Timer.threemcsand1dj_time_remaining : Stopping Timer
2026-02-05 18:58:57,744 : INFO : EventManager : Event: ======'timer_threemcsand1dj_time_remaining_stopped'====== Args={'ticks': 66, 'ticks_remaining': 66}
2026-02-05 18:58:57,745 : INFO : Timer.threemcsand1dj_intro_show : Stopping Timer
2026-02-05 18:58:57,745 : INFO : EventManager : Event: ======'timer_threemcsand1dj_intro_show_stopped'====== Args={'ticks': 9, 'ticks_remaining': 9}
2026-02-05 18:58:57,763 : INFO : EventManager : Event: ======'slide_threemcsand1dj_removed'====== Args={'_from_bcp': True}
2026-02-05 18:58:57,779 : INFO : EventManager : Event: ======'slide_threemcsand1dj_display_timer_inactive'====== Args={'is_removing': True, '_from_bcp': True}
2026-02-05 18:58:57,779 : INFO : EventManager : Event: ======'slide_super_circles_active'====== Args={'_from_bcp': True}
2026-02-05 18:58:57,780 : INFO : EventManager : Event: ======'slide_threemcsand1dj_display_timer_removed'====== Args={'_from_bcp': True}
2026-02-05 18:58:57,780 : INFO : EventManager : Event: ======'slide_threemcsand1dj_scratches_counter_removed'====== Args={'_from_bcp': True}
2026-02-05 18:58:57,780 : INFO : EventManager : Event: ======'slide_threemcsand1dj_mix_multiplier_removed'====== Args={'_from_bcp': True}
2026-02-05 18:58:57,781 : INFO : EventManager : Event: ======'slide_threemcsand1dj_scratch_value_removed'====== Args={'_from_bcp': True}
2026-02-05 18:58:57,784 : INFO : EventManager : Event: ======'slide_base_created'====== Args={'_from_bcp': True}
2026-02-05 18:58:57,784 : INFO : EventManager : Event: ======'play_base_video2'====== Args={'_from_bcp': True}
2026-02-05 18:58:57,815 : INFO : EventManager : Event: ======'slide_threemcsand1djfinish_created'====== Args={'_from_bcp': True}
2026-02-05 18:58:57,815 : INFO : EventManager : Event: ======'slide_super_circles_inactive'====== Args={'is_removing': False, '_from_bcp': True}
2026-02-05 18:58:57,816 : INFO : EventManager : Event: ======'slide_threemcsand1djfinish_active'====== Args={'original_context': 'base', 'original_calling_context': 'mode_threemcsand1dj_success', 'priority': 100.0, 'cmd': 'slides_play', '_from_bcp': True}
2026-02-05 18:58:57,831 : INFO : EventManager : Event: ======'slide_basevideo2_created'====== Args={'_from_bcp': True}
2026-02-05 18:58:57,943 : INFO : EventManager : Event: ======'right_orbit_backdoor_sequence_timeout'====== Args={}
2026-02-05 18:58:58,737 : INFO : EventManager : Event: ======'inner_loop_backdoor_sequence_timeout'====== Args={}
2026-02-05 18:58:58,955 : INFO : EventManager : Event: ======'inner_loop_to_inner_loop_combo_timeout'====== Args={}
2026-02-05 18:58:58,956 : INFO : EventManager : Event: ======'inner_loop_to_left_orbit_combo_timeout'====== Args={}
2026-02-05 18:58:58,956 : INFO : EventManager : Event: ======'inner_loop_to_left_ramp_combo_timeout'====== Args={}
2026-02-05 18:58:58,957 : INFO : EventManager : Event: ======'inner_loop_to_captive_ball_ramp_combo_timeout'====== Args={}
2026-02-05 18:58:58,957 : INFO : EventManager : Event: ======'inner_loop_to_right_ramp_combo_timeout'====== Args={}
2026-02-05 18:58:58,957 : INFO : EventManager : Event: ======'inner_loop_to_right_orbit_combo_timeout'====== Args={}
2026-02-05 18:58:59,690 : INFO : EventManager : Event: ======'right_orbit_backdoor_sequence_timeout'====== Args={}
2026-02-05 18:59:00,719 : INFO : EventManager : Event: ======'inner_loop_to_inner_loop_combo_timeout'====== Args={}
2026-02-05 18:59:00,720 : INFO : EventManager : Event: ======'inner_loop_to_left_orbit_combo_timeout'====== Args={}
2026-02-05 18:59:00,720 : INFO : EventManager : Event: ======'inner_loop_to_left_ramp_combo_timeout'====== Args={}
2026-02-05 18:59:00,721 : INFO : EventManager : Event: ======'inner_loop_to_captive_ball_ramp_combo_timeout'====== Args={}
2026-02-05 18:59:00,721 : INFO : EventManager : Event: ======'inner_loop_to_right_ramp_combo_timeout'====== Args={}
2026-02-05 18:59:00,721 : INFO : EventManager : Event: ======'inner_loop_to_right_orbit_combo_timeout'====== Args={}
2026-02-05 18:59:03,755 : INFO : EventManager : Event: ======'slide_threemcsand1djfinish_inactive'====== Args={'is_removing': True, '_from_bcp': True}
2026-02-05 18:59:03,756 : INFO : EventManager : Event: ======'slide_super_circles_active'====== Args={'_from_bcp': True}
2026-02-05 18:59:03,768 : INFO : EventManager : Event: ======'slide_threemcsand1djfinish_removed'====== Args={'_from_bcp': True}
2026-02-05 18:59:06,263 : INFO : SwitchController : <<<<<<< 's_spinner' active >>>>>>>
2026-02-05 18:59:06,264 : INFO : EventManager : Event: ======'s_spinner_active'====== Args={}
2026-02-05 18:59:06,264 : INFO : EventManager : Event: ======'spinner_basic_spinner_active'====== Args={'label': None}
2026-02-05 18:59:06,264 : INFO : EventManager : Event: ======'spinner_basic_spinner_hit'====== Args={'hits': 1, 'change': 1, 'label': None}
2026-02-05 18:59:06,264 : INFO : EventManager : Event: ======'machine_var_audits_switches_s_spinner'====== Args={'value': 4513, 'prev_value': 4512, 'change': 1}
2026-02-05 18:59:06,266 : INFO : EventManager : Event: ======'machine_var_audits_shots_spinner'====== Args={'value': 2453, 'prev_value': 2452, 'change': 1}
2026-02-05 18:59:06,266 : INFO : EventManager : Event: ======'spinner_hit'====== Args={'profile': 'base_shot_profile', 'state': 'off', 'advancing': False}
2026-02-05 18:59:06,266 : INFO : EventManager : Event: ======'spinner_base_shot_profile_hit'====== Args={'profile': 'base_shot_profile', 'state': 'off', 'advancing': False}
2026-02-05 18:59:06,267 : INFO : EventManager : Event: ======'spinner_base_shot_profile_off_hit'====== Args={'profile': 'base_shot_profile', 'state': 'off', 'advancing': False}
2026-02-05 18:59:06,267 : INFO : EventManager : Event: ======'spinner_off_hit'====== Args={'profile': 'base_shot_profile', 'state': 'off', 'advancing': False}
2026-02-05 18:59:06,267 : INFO : EventManager : Event: ======'player_score'====== Args={'value': 314930, 'prev_value': 313920, 'change': 1010, 'player_num': 1, 'source': 'base'}
2026-02-05 18:59:06,268 : INFO : EventManager : Event: ======'logicblock_battery_charged_status_updated'====== Args={'value': 9, 'enabled': True}
2026-02-05 18:59:06,268 : INFO : EventManager : Event: ======'counter_battery_charged_status_hit'====== Args={'count': 9, 'hits': 11, 'remaining': 9}
2026-02-05 18:59:06,268 : INFO : EventManager : Event: ======'logicblock_battery_charged_status_hit'====== Args={'count': 9, 'hits': 11, 'remaining': 9}
2026-02-05 18:59:06,268 : INFO : EventManager : Event: ======'player_charges_remaining_variable'====== Args={'value': 9, 'prev_value': 10, 'change': -1, 'player_num': 1, 'source': 'batterycharger'}
2026-02-05 18:59:06,396 : INFO : SwitchController : <<<<<<< 's_spinner' inactive >>>>>>>
2026-02-05 18:59:06,480 : INFO : SwitchController : <<<<<<< 's_spinner' active >>>>>>>
2026-02-05 18:59:06,481 : INFO : EventManager : Event: ======'s_spinner_active'====== Args={}
2026-02-05 18:59:06,481 : INFO : EventManager : Event: ======'spinner_basic_spinner_hit'====== Args={'hits': 2, 'change': 1, 'label': None}
2026-02-05 18:59:06,481 : INFO : EventManager : Event: ======'machine_var_audits_switches_s_spinner'====== Args={'value': 4514, 'prev_value': 4513, 'change': 1}
2026-02-05 18:59:06,482 : INFO : EventManager : Event: ======'machine_var_audits_shots_spinner'====== Args={'value': 2454, 'prev_value': 2453, 'change': 1}
2026-02-05 18:59:06,483 : INFO : EventManager : Event: ======'spinner_hit'====== Args={'profile': 'base_shot_profile', 'state': 'off', 'advancing': False}
2026-02-05 18:59:06,483 : INFO : EventManager : Event: ======'spinner_base_shot_profile_hit'====== Args={'profile': 'base_shot_profile', 'state': 'off', 'advancing': False}
2026-02-05 18:59:06,483 : INFO : EventManager : Event: ======'spinner_base_shot_profile_off_hit'====== Args={'profile': 'base_shot_profile', 'state': 'off', 'advancing': False}
2026-02-05 18:59:06,483 : INFO : EventManager : Event: ======'spinner_off_hit'====== Args={'profile': 'base_shot_profile', 'state': 'off', 'advancing': False}
2026-02-05 18:59:06,483 : INFO : EventManager : Event: ======'player_score'====== Args={'value': 315940, 'prev_value': 314930, 'change': 1010, 'player_num': 1, 'source': 'base'}
2026-02-05 18:59:06,484 : INFO : EventManager : Event: ======'logicblock_battery_charged_status_updated'====== Args={'value': 8, 'enabled': True}
2026-02-05 18:59:06,484 : INFO : EventManager : Event: ======'counter_battery_charged_status_hit'====== Args={'count': 8, 'hits': 12, 'remaining': 8}
2026-02-05 18:59:06,485 : INFO : EventManager : Event: ======'logicblock_battery_charged_status_hit'====== Args={'count': 8, 'hits': 12, 'remaining': 8}
2026-02-05 18:59:06,485 : INFO : EventManager : Event: ======'player_charges_remaining_variable'====== Args={'value': 8, 'prev_value': 9, 'change': -1, 'player_num': 1, 'source': 'batterycharger'}
2026-02-05 18:59:06,613 : INFO : SwitchController : <<<<<<< 's_spinner' inactive >>>>>>>
2026-02-05 18:59:06,680 : INFO : SwitchController : <<<<<<< 's_spinner' active >>>>>>>
2026-02-05 18:59:06,680 : INFO : EventManager : Event: ======'s_spinner_active'====== Args={}
2026-02-05 18:59:06,680 : INFO : EventManager : Event: ======'spinner_basic_spinner_hit'====== Args={'hits': 3, 'change': 1, 'label': None}
2026-02-05 18:59:06,681 : INFO : EventManager : Event: ======'machine_var_audits_switches_s_spinner'====== Args={'value': 4515, 'prev_value': 4514, 'change': 1}
2026-02-05 18:59:06,682 : INFO : EventManager : Event: ======'machine_var_audits_shots_spinner'====== Args={'value': 2455, 'prev_value': 2454, 'change': 1}
2026-02-05 18:59:06,682 : INFO : EventManager : Event: ======'spinner_hit'====== Args={'profile': 'base_shot_profile', 'state': 'off', 'advancing': False}
2026-02-05 18:59:06,682 : INFO : EventManager : Event: ======'spinner_base_shot_profile_hit'====== Args={'profile': 'base_shot_profile', 'state': 'off', 'advancing': False}
2026-02-05 18:59:06,682 : INFO : EventManager : Event: ======'spinner_base_shot_profile_off_hit'====== Args={'profile': 'base_shot_profile', 'state': 'off', 'advancing': False}
2026-02-05 18:59:06,682 : INFO : EventManager : Event: ======'spinner_off_hit'====== Args={'profile': 'base_shot_profile', 'state': 'off', 'advancing': False}
2026-02-05 18:59:06,683 : INFO : EventManager : Event: ======'player_score'====== Args={'value': 316950, 'prev_value': 315940, 'change': 1010, 'player_num': 1, 'source': 'base'}
2026-02-05 18:59:06,683 : INFO : EventManager : Event: ======'logicblock_battery_charged_status_updated'====== Args={'value': 7, 'enabled': True}
2026-02-05 18:59:06,683 : INFO : EventManager : Event: ======'counter_battery_charged_status_hit'====== Args={'count': 7, 'hits': 13, 'remaining': 7}
2026-02-05 18:59:06,683 : INFO : EventManager : Event: ======'logicblock_battery_charged_status_hit'====== Args={'count': 7, 'hits': 13, 'remaining': 7}
2026-02-05 18:59:06,684 : INFO : EventManager : Event: ======'player_charges_remaining_variable'====== Args={'value': 7, 'prev_value': 8, 'change': -1, 'player_num': 1, 'source': 'batterycharger'}
2026-02-05 18:59:06,797 : INFO : SwitchController : <<<<<<< 's_spinner' inactive >>>>>>>
2026-02-05 18:59:07,686 : INFO : EventManager : Event: ======'spinner_basic_spinner_inactive'====== Args={'hits': 3}
2026-02-05 18:59:07,978 : INFO : SwitchController : <<<<<<< 's_trough1' active >>>>>>>
2026-02-05 18:59:07,978 : INFO : EventManager : Event: ======'machine_var_audits_switches_s_trough1'====== Args={'value': 545, 'prev_value': 544, 'change': 1}
2026-02-05 18:59:08,482 : INFO : EventManager : Event: ======'balldevice_bd_trough_ball_count_changed'====== Args={'balls': 6}
2026-02-05 18:59:08,482 : INFO : ball_device.bd_trough : Received unexpected ball
2026-02-05 18:59:08,482 : INFO : EventManager : Event: ======'balldevice_captured_from_playfield'====== Args={'balls': 1}
2026-02-05 18:59:08,483 : INFO : EventManager : Event: ======'sw_playfield_active'====== Args={'balls': 1}
2026-02-05 18:59:08,483 : INFO : EventManager : Event: ======'playfield_ball_count_change'====== Args={'balls': 0, 'change': -1}
2026-02-05 18:59:08,484 : INFO : EventManager : Event: ======'balldevice_bd_trough_ball_enter'====== Args={'new_balls': 1, 'unclaimed_balls': 1, 'new_available_balls': 1, 'device': <ball_device.bd_trough>}
2026-02-05 18:59:08,485 : INFO : EventManager : Event: ======'ball_drain'====== Args={'device': <ball_device.bd_trough>, 'balls': 1}
2026-02-05 18:59:08,486 : INFO : EventManager : Event: ======'ball_will_end'====== Args={}
2026-02-05 18:59:08,488 : INFO : EventManager : Event: ======'balldevice_balls_available'====== Args={}
2026-02-05 18:59:08,488 : INFO : EventManager : Event: ======'balldevice_bd_trough_ball_entered'====== Args={'new_balls': 1, 'device': <ball_device.bd_trough>}
2026-02-05 18:59:08,489 : INFO : EventManager : Event: ======'player_tilt_warnings'====== Args={'value': 0, 'prev_value': 0, 'change': 0, 'player_num': 1}
2026-02-05 18:59:08,490 : INFO : EventManager : Event: ======'player_shot_tshirt_top_standup_enabled'====== Args={'value': False, 'prev_value': True, 'change': -1, 'player_num': 1}
2026-02-05 18:59:08,490 : INFO : EventManager : Event: ======'player_shot_tshirt_bottom_standup_enabled'====== Args={'value': False, 'prev_value': True, 'change': -1, 'player_num': 1}
2026-02-05 18:59:08,491 : INFO : EventManager : Event: ======'mode_batterycharger_will_stop'====== Args={}
2026-02-05 18:59:08,491 : INFO : EventManager : Event: ======'mode_batterycharger_stopping'====== Args={}
2026-02-05 18:59:08,493 : INFO : Mode.batterycharger : Stopped.
2026-02-05 18:59:08,493 : INFO : EventManager : Event: ======'modes_active_modes_changed'====== Args={}
2026-02-05 18:59:08,494 : INFO : EventManager : Event: ======'mode_batterycharger_stopped'====== Args={}
2026-02-05 18:59:08,494 : INFO : EventManager : Event: ======'clear'====== Args={'key': 'batterycharger'}
2026-02-05 18:59:08,496 : INFO : EventManager : Event: ======'ball_ending'====== Args={}
2026-02-05 18:59:08,497 : INFO : EventManager : Event: ======'mode_bonus_will_start'====== Args={'queue': <QueuedEvent>}
2026-02-05 18:59:08,501 : INFO : EventManager : Event: ======'mode_bonus_starting'====== Args={'queue': <QueuedEvent>}
2026-02-05 18:59:08,502 : INFO : Mode.bonus : Started. Priority: 500
2026-02-05 18:59:08,502 : INFO : EventManager : Event: ======'modes_active_modes_changed'====== Args={}
2026-02-05 18:59:08,502 : INFO : EventManager : Event: ======'mode_bonus_started'====== Args={'queue': <QueuedEvent>}
2026-02-05 18:59:08,503 : INFO : EventManager : Event: ======'play_pink_show'====== Args={'queue': <QueuedEvent>}
2026-02-05 18:59:08,503 : INFO : EventManager : Event: ======'player_mode_time_remaining_total'====== Args={'value': 61, 'prev_value': 0, 'change': 61, 'player_num': 1, 'source': 'bonus'}
2026-02-05 18:59:08,504 : INFO : EventManager : Event: ======'bonus_start'====== Args={}
2026-02-05 18:59:08,511 : INFO : EventManager : Event: ======'slide_base_removed'====== Args={'_from_bcp': True}
2026-02-05 18:59:08,512 : INFO : EventManager : Event: ======'slide_score_overlay_removed'====== Args={'_from_bcp': True}
2026-02-05 18:59:08,512 : INFO : EventManager : Event: ======'slide_super_circles_inactive'====== Args={'is_removing': True, '_from_bcp': True}
2026-02-05 18:59:08,513 : INFO : EventManager : Event: ======'slide_basevideo2_active'====== Args={'_from_bcp': True}
2026-02-05 18:59:08,513 : INFO : EventManager : Event: ======'slide_super_circles_removed'====== Args={'_from_bcp': True}
2026-02-05 18:59:08,538 : INFO : EventManager : Event: ======'slide_bonus_start_slide_created'====== Args={'_from_bcp': True}
2026-02-05 18:59:08,538 : INFO : EventManager : Event: ======'slide_basevideo2_inactive'====== Args={'is_removing': False, '_from_bcp': True}
2026-02-05 18:59:08,539 : INFO : EventManager : Event: ======'slide_bonus_start_slide_active'====== Args={'original_context': 'bonus', 'original_calling_context': 'mode_bonus_started', 'priority': 500.0, 'queue': '<QueuedEvent>', 'cmd': 'slides_play', '_from_bcp': True}
2026-02-05 18:59:09,020 : INFO : SwitchController : <<<<<<< 's_right_flipper' active >>>>>>>
2026-02-05 18:59:09,020 : INFO : EventManager : Event: ======'s_right_flipper_active'====== Args={}
2026-02-05 18:59:09,021 : INFO : EventManager : Event: ======'machine_var_audits_switches_s_right_flipper'====== Args={'value': 2604, 'prev_value': 2603, 'change': 1}
2026-02-05 18:59:09,024 : INFO : SwitchController : <<<<<<< 's_left_flipper' active >>>>>>>
2026-02-05 18:59:09,024 : INFO : EventManager : Event: ======'s_left_flipper_active'====== Args={}
2026-02-05 18:59:09,025 : INFO : EventManager : Event: ======'flipper_cancel'====== Args={'triggering_group': 1, 'triggering_switch': 's_left_flipper'}
2026-02-05 18:59:09,025 : INFO : EventManager : Event: ======'machine_var_audits_switches_s_left_flipper'====== Args={'value': 1715, 'prev_value': 1714, 'change': 1}
2026-02-05 18:59:09,026 : INFO : Mode.bonus : Bonus Entry 'bonus_modes_played': score: 100000 player_score_entry: modes_played=1
2026-02-05 18:59:09,026 : INFO : EventManager : Event: ======'bonus_entry'====== Args={'entry': 'bonus_modes_played', 'score': 100000, 'text': None, 'bonus_score': 100000, 'hits': 1}
2026-02-05 18:59:09,027 : INFO : EventManager : Event: ======'play_pink_show'====== Args={'entry': 'bonus_modes_played', 'score': 100000, 'text': None, 'bonus_score': 100000, 'hits': 1}
2026-02-05 18:59:09,036 : INFO : EventManager : Event: ======'slide_bonus_start_slide_inactive'====== Args={'is_removing': True, '_from_bcp': True}
2026-02-05 18:59:09,037 : INFO : EventManager : Event: ======'slide_basevideo2_active'====== Args={'_from_bcp': True}
2026-02-05 18:59:09,037 : INFO : EventManager : Event: ======'slide_bonus_start_slide_removed'====== Args={'_from_bcp': True}
2026-02-05 18:59:09,056 : INFO : EventManager : Event: ======'slide_bonus_modes_played_slide_created'====== Args={'_from_bcp': True}
2026-02-05 18:59:09,057 : INFO : EventManager : Event: ======'slide_basevideo2_inactive'====== Args={'is_removing': False, '_from_bcp': True}
2026-02-05 18:59:09,058 : INFO : EventManager : Event: ======'slide_bonus_modes_played_slide_active'====== Args={'original_context': 'bonus', 'original_calling_context': 'bonus_entry{entry=="bonus_modes_played"}', 'priority': 500.0, 'entry': 'bonus_modes_played', 'score': 100000.0, 'text': '<null>', 'bonus_score': 100000.0, 'hits': 1.0, 'cmd': 'slides_play', '_from_bcp': True}
2026-02-05 18:59:09,137 : INFO : SwitchController : <<<<<<< 's_right_flipper' inactive >>>>>>>
2026-02-05 18:59:09,137 : INFO : EventManager : Event: ======'sw_right_flipper_inactive'====== Args={}
2026-02-05 18:59:09,138 : INFO : EventManager : Event: ======'both_flippers_one'====== Args={'triggering_group': 2, 'triggering_switch': 's_right_flipper'}
2026-02-05 18:59:09,138 : INFO : SwitchController : <<<<<<< 's_left_flipper' inactive >>>>>>>
2026-02-05 18:59:09,138 : INFO : EventManager : Event: ======'sw_left_flipper_inactive'====== Args={}
2026-02-05 18:59:09,138 : INFO : EventManager : Event: ======'both_flippers_inactive'====== Args={'triggering_group': 1, 'triggering_switch': 's_left_flipper'}
2026-02-05 18:59:09,434 : INFO : Mode.bonus : Bonus Entry 'bonus_modes_completed': score: 250000 player_score_entry: modes_completed=1
2026-02-05 18:59:09,434 : INFO : EventManager : Event: ======'bonus_entry'====== Args={'entry': 'bonus_modes_completed', 'score': 250000, 'text': None, 'bonus_score': 350000, 'hits': 1}
2026-02-05 18:59:09,436 : INFO : EventManager : Event: ======'play_blue_show'====== Args={'entry': 'bonus_modes_completed', 'score': 250000, 'text': None, 'bonus_score': 350000, 'hits': 1}
2026-02-05 18:59:09,440 : INFO : EventManager : Event: ======'slide_bonus_modes_played_slide_inactive'====== Args={'is_removing': True, '_from_bcp': True}
2026-02-05 18:59:09,441 : INFO : EventManager : Event: ======'slide_basevideo2_active'====== Args={'_from_bcp': True}
2026-02-05 18:59:09,443 : INFO : EventManager : Event: ======'slide_bonus_modes_played_slide_removed'====== Args={'_from_bcp': True}
2026-02-05 18:59:09,555 : INFO : EventManager : Event: ======'slide_bonus_modes_completed_slide_created'====== Args={'_from_bcp': True}
2026-02-05 18:59:09,556 : INFO : EventManager : Event: ======'slide_basevideo2_inactive'====== Args={'is_removing': False, '_from_bcp': True}
2026-02-05 18:59:09,557 : INFO : EventManager : Event: ======'slide_bonus_modes_completed_slide_active'====== Args={'original_context': 'bonus', 'original_calling_context': 'bonus_entry{entry=="bonus_modes_completed"}', 'priority': 500.0, 'entry': 'bonus_modes_completed', 'score': 250000.0, 'text': '<null>', 'bonus_score': 350000.0, 'hits': 1.0, 'cmd': 'slides_play', '_from_bcp': True}
2026-02-05 18:59:09,842 : INFO : Mode.bonus : Bonus Entry 'bonus_time_remaining': score: 61000 player_score_entry: mode_time_remaining_total=61
2026-02-05 18:59:09,842 : INFO : EventManager : Event: ======'bonus_entry'====== Args={'entry': 'bonus_time_remaining', 'score': 61000, 'text': None, 'bonus_score': 411000, 'hits': 61}
2026-02-05 18:59:09,843 : INFO : EventManager : Event: ======'play_green_show'====== Args={'entry': 'bonus_time_remaining', 'score': 61000, 'text': None, 'bonus_score': 411000, 'hits': 61}
2026-02-05 18:59:09,853 : INFO : EventManager : Event: ======'slide_bonus_modes_completed_slide_inactive'====== Args={'is_removing': True, '_from_bcp': True}
2026-02-05 18:59:09,854 : INFO : EventManager : Event: ======'slide_basevideo2_active'====== Args={'_from_bcp': True}
2026-02-05 18:59:09,854 : INFO : EventManager : Event: ======'slide_bonus_modes_completed_slide_removed'====== Args={'_from_bcp': True}
2026-02-05 18:59:09,873 : INFO : EventManager : Event: ======'slide_bonus_time_remaining_created'====== Args={'_from_bcp': True}
2026-02-05 18:59:09,874 : INFO : EventManager : Event: ======'slide_basevideo2_inactive'====== Args={'is_removing': False, '_from_bcp': True}
2026-02-05 18:59:09,874 : INFO : EventManager : Event: ======'slide_bonus_time_remaining_active'====== Args={'original_context': 'bonus', 'original_calling_context': 'bonus_entry{entry=="bonus_time_remaining"}', 'priority': 500.0, 'entry': 'bonus_time_remaining', 'score': 61000.0, 'text': '<null>', 'bonus_score': 411000.0, 'hits': 61.0, 'cmd': 'slides_play', '_from_bcp': True}
2026-02-05 18:59:10,247 : INFO : Mode.bonus : Skipping bonus entry 'bonus_combos' because its value is 0
2026-02-05 18:59:10,247 : INFO : Mode.bonus : Skipping bonus entry 'bonus_characters' because its value is 0
2026-02-05 18:59:10,247 : INFO : Mode.bonus : Skipping bonus entry 'bonus_girls_frenzy' because its value is 0
2026-02-05 18:59:10,247 : INFO : EventManager : Event: ======'player_score'====== Args={'value': 727950, 'prev_value': 316950, 'change': 411000, 'player_num': 1, 'source': 'bonus'}
2026-02-05 18:59:10,248 : INFO : EventManager : Event: ======'bonus_entry'====== Args={'entry': 'total', 'text': 'Total Bonus', 'score': 411000}
2026-02-05 18:59:10,249 : INFO : EventManager : Event: ======'play_purple_show'====== Args={'entry': 'total', 'text': 'Total Bonus', 'score': 411000}
2026-02-05 18:59:10,259 : INFO : EventManager : Event: ======'slide_bonus_time_remaining_inactive'====== Args={'is_removing': True, '_from_bcp': True}
2026-02-05 18:59:10,260 : INFO : EventManager : Event: ======'slide_basevideo2_active'====== Args={'_from_bcp': True}
2026-02-05 18:59:10,260 : INFO : EventManager : Event: ======'slide_bonus_time_remaining_removed'====== Args={'_from_bcp': True}
2026-02-05 18:59:10,261 : INFO : EventManager : Event: ======'slide_bonus_total_slide_created'====== Args={'_from_bcp': True}
2026-02-05 18:59:10,262 : INFO : EventManager : Event: ======'slide_basevideo2_inactive'====== Args={'is_removing': False, '_from_bcp': True}
2026-02-05 18:59:10,262 : INFO : EventManager : Event: ======'slide_bonus_total_slide_active'====== Args={'original_context': 'bonus', 'original_calling_context': 'bonus_entry{entry=="total"}', 'priority': 500.0, 'entry': 'total', 'text': 'Total Bonus', 'score': 411000.0, 'cmd': 'slides_play', '_from_bcp': True}
2026-02-05 18:59:10,652 : INFO : EventManager : Event: ======'player_bonus_multiplier'====== Args={'value': 1, 'prev_value': 0, 'change': 1, 'player_num': 1}
2026-02-05 18:59:10,653 : INFO : EventManager : Event: ======'mode_bonus_will_stop'====== Args={}
2026-02-05 18:59:10,653 : INFO : EventManager : Event: ======'mode_bonus_stopping'====== Args={}
2026-02-05 18:59:10,654 : INFO : Mode.bonus : Stopped.
2026-02-05 18:59:10,654 : INFO : EventManager : Event: ======'modes_active_modes_changed'====== Args={}
2026-02-05 18:59:10,655 : INFO : EventManager : Event: ======'mode_bonus_stopped'====== Args={}
2026-02-05 18:59:10,655 : INFO : EventManager : Event: ======'clear'====== Args={'key': 'bonus'}
2026-02-05 18:59:10,657 : INFO : Timer.chcheckitoutfinish_widget_timer : Stopping Timer
2026-02-05 18:59:10,657 : INFO : EventManager : Event: ======'timer_chcheckitoutfinish_widget_timer_stopped'====== Args={'ticks': 0, 'ticks_remaining': 0}
2026-02-05 18:59:10,657 : INFO : Timer.bodymovin_widget_timer : Stopping Timer
2026-02-05 18:59:10,657 : INFO : EventManager : Event: ======'timer_bodymovin_widget_timer_stopped'====== Args={'ticks': 0, 'ticks_remaining': 0}
2026-02-05 18:59:10,657 : INFO : Timer.bodymovin_lock_enabled_widget_timer : Stopping Timer
2026-02-05 18:59:10,657 : INFO : EventManager : Event: ======'timer_bodymovin_lock_enabled_widget_timer_stopped'====== Args={'ticks': 0, 'ticks_remaining': 0}
2026-02-05 18:59:10,657 : INFO : Timer.bodymovin_ball_1_locked_widget_timer : Stopping Timer
2026-02-05 18:59:10,657 : INFO : EventManager : Event: ======'timer_bodymovin_ball_1_locked_widget_timer_stopped'====== Args={'ticks': 0, 'ticks_remaining': 0}
2026-02-05 18:59:10,658 : INFO : Timer.bodymovin_ball_2_locked_widget_timer : Stopping Timer
2026-02-05 18:59:10,658 : INFO : EventManager : Event: ======'timer_bodymovin_ball_2_locked_widget_timer_stopped'====== Args={'ticks': 0, 'ticks_remaining': 0}
2026-02-05 18:59:10,658 : INFO : EventManager : Event: ======'mode_combos_will_stop'====== Args={}
2026-02-05 18:59:10,658 : INFO : EventManager : Event: ======'mode_combos_stopping'====== Args={}
2026-02-05 18:59:10,658 : INFO : EventManager : Event: ======'mode_multiball_will_stop'====== Args={}
2026-02-05 18:59:10,658 : INFO : EventManager : Event: ======'mode_multiball_stopping'====== Args={}
2026-02-05 18:59:10,658 : INFO : EventManager : Event: ======'mode_base_will_stop'====== Args={}
2026-02-05 18:59:10,658 : INFO : EventManager : Event: ======'mode_base_stopping'====== Args={}
2026-02-05 18:59:10,659 : INFO : Mode.base : Stopped.
2026-02-05 18:59:10,659 : INFO : EventManager : Event: ======'modes_active_modes_changed'====== Args={}
2026-02-05 18:59:10,661 : INFO : EventManager : Event: ======'mode_base_stopped'====== Args={}
2026-02-05 18:59:10,661 : INFO : EventManager : Event: ======'clear'====== Args={'key': 'base'}
2026-02-05 18:59:10,664 : INFO : Timer.chcheckitoutfinish_widget_timer : Stopping Timer
2026-02-05 18:59:10,664 : INFO : EventManager : Event: ======'timer_chcheckitoutfinish_widget_timer_stopped'====== Args={'ticks': 0, 'ticks_remaining': 0}
2026-02-05 18:59:10,664 : INFO : Timer.bodymovin_widget_timer : Stopping Timer
2026-02-05 18:59:10,664 : INFO : EventManager : Event: ======'timer_bodymovin_widget_timer_stopped'====== Args={'ticks': 0, 'ticks_remaining': 0}
2026-02-05 18:59:10,664 : INFO : Timer.bodymovin_lock_enabled_widget_timer : Stopping Timer
2026-02-05 18:59:10,664 : INFO : EventManager : Event: ======'timer_bodymovin_lock_enabled_widget_timer_stopped'====== Args={'ticks': 0, 'ticks_remaining': 0}
2026-02-05 18:59:10,664 : INFO : Timer.bodymovin_ball_1_locked_widget_timer : Stopping Timer
2026-02-05 18:59:10,664 : INFO : EventManager : Event: ======'timer_bodymovin_ball_1_locked_widget_timer_stopped'====== Args={'ticks': 0, 'ticks_remaining': 0}
2026-02-05 18:59:10,665 : INFO : Timer.bodymovin_ball_2_locked_widget_timer : Stopping Timer
2026-02-05 18:59:10,665 : INFO : EventManager : Event: ======'timer_bodymovin_ball_2_locked_widget_timer_stopped'====== Args={'ticks': 0, 'ticks_remaining': 0}
2026-02-05 18:59:10,668 : INFO : Mode.multiball : Stopped.
2026-02-05 18:59:10,668 : INFO : EventManager : Event: ======'modes_active_modes_changed'====== Args={}
2026-02-05 18:59:10,669 : INFO : EventManager : Event: ======'mode_multiball_stopped'====== Args={}
2026-02-05 18:59:10,669 : INFO : EventManager : Event: ======'clear'====== Args={'key': 'multiball'}
2026-02-05 18:59:10,669 : INFO : Mode.combos : Stopped.
2026-02-05 18:59:10,669 : INFO : EventManager : Event: ======'modes_active_modes_changed'====== Args={}
2026-02-05 18:59:10,670 : INFO : EventManager : Event: ======'mode_combos_stopped'====== Args={}
2026-02-05 18:59:10,670 : INFO : EventManager : Event: ======'clear'====== Args={'key': 'combos'}
2026-02-05 18:59:10,676 : INFO : EventManager : Event: ======'ball_ended'====== Args={}
2026-02-05 18:59:10,677 : INFO : EventManager : Event: ======'slide_bonus_total_slide_inactive'====== Args={'is_removing': True, '_from_bcp': True}
2026-02-05 18:59:10,678 : INFO : EventManager : Event: ======'slide_basevideo2_active'====== Args={'_from_bcp': True}
2026-02-05 18:59:10,678 : INFO : EventManager : Event: ======'slide_bonus_total_slide_removed'====== Args={'_from_bcp': True}
2026-02-05 18:59:10,681 : INFO : EventManager : Event: ======'player_turn_will_end'====== Args={'player': <Player 1>, 'number': 1}
2026-02-05 18:59:10,700 : INFO : EventManager : Event: ======'player_turn_ending'====== Args={'player': <Player 1>, 'number': 1}
2026-02-05 18:59:10,707 : INFO : EventManager : Event: ======'player_turn_ended'====== Args={'player': <Player 1>, 'number': 1}
2026-02-05 18:59:10,710 : INFO : EventManager : Event: ======'player_turn_will_start'====== Args={'player': <Player 1>, 'number': 1}
2026-02-05 18:59:10,711 : INFO : EventManager : Event: ======'player_turn_starting'====== Args={'player': <Player 1>, 'number': 1}
2026-02-05 18:59:10,711 : INFO : EventManager : Event: ======'player_ball'====== Args={'value': 2, 'prev_value': 1, 'change': 1, 'player_num': 1}
2026-02-05 18:59:10,712 : INFO : EventManager : Event: ======'player_turn_started'====== Args={'player': <Player 1>, 'number': 1}
2026-02-05 18:59:10,714 : INFO : EventManager : Event: ======'ball_will_start'====== Args={'player': 1, 'ball': 2, 'balls_remaining': 1, 'is_extra_ball': False}
2026-02-05 18:59:10,715 : INFO : EventManager : Event: ======'ball_starting'====== Args={'player': 1, 'ball': 2, 'balls_remaining': 1, 'is_extra_ball': False}
2026-02-05 18:59:10,716 : INFO : EventManager : Event: ======'mode_base_will_start'====== Args={'queue': <QueuedEvent>, 'player': 1, 'ball': 2, 'balls_remaining': 1, 'is_extra_ball': False}
2026-02-05 18:59:10,725 : INFO : EventManager : Event: ======'achievement_wizard1_changed_state'====== Args={'restore': True, 'state': 'disabled', 'selected': False}
2026-02-05 18:59:10,725 : INFO : EventManager : Event: ======'achievement_wizard1_state_disabled'====== Args={'restore': True, 'state': 'disabled', 'selected': False}
2026-02-05 18:59:10,725 : INFO : EventManager : Event: ======'achievement_intergalactic_mode_changed_state'====== Args={'restore': True, 'state': 'enabled', 'selected': False}
2026-02-05 18:59:10,726 : INFO : EventManager : Event: ======'achievement_intergalactic_mode_state_enabled'====== Args={'restore': True, 'state': 'enabled', 'selected': False}
2026-02-05 18:59:10,726 : INFO : EventManager : Event: ======'achievement_paulrevere_mode_changed_state'====== Args={'restore': True, 'state': 'enabled', 'selected': False}
2026-02-05 18:59:10,726 : INFO : EventManager : Event: ======'achievement_paulrevere_mode_state_enabled'====== Args={'restore': True, 'state': 'enabled', 'selected': False}
2026-02-05 18:59:10,726 : INFO : EventManager : Event: ======'achievement_tripletrouble_mode_changed_state'====== Args={'restore': True, 'state': 'enabled', 'selected': False}
2026-02-05 18:59:10,726 : INFO : EventManager : Event: ======'achievement_tripletrouble_mode_state_enabled'====== Args={'restore': True, 'state': 'enabled', 'selected': False}
2026-02-05 18:59:10,727 : INFO : EventManager : Event: ======'achievement_sabotage_mode_changed_state'====== Args={'restore': True, 'state': 'enabled', 'selected': False}
2026-02-05 18:59:10,727 : INFO : EventManager : Event: ======'achievement_sabotage_mode_state_enabled'====== Args={'restore': True, 'state': 'enabled', 'selected': False}
2026-02-05 18:59:10,727 : INFO : EventManager : Event: ======'achievement_fingerlickingood_mode_changed_state'====== Args={'restore': True, 'state': 'enabled', 'selected': False}
2026-02-05 18:59:10,727 : INFO : EventManager : Event: ======'achievement_fingerlickingood_mode_state_enabled'====== Args={'restore': True, 'state': 'enabled', 'selected': False}
2026-02-05 18:59:10,727 : INFO : EventManager : Event: ======'achievement_toomanyrappers_mode_changed_state'====== Args={'restore': True, 'state': 'enabled', 'selected': False}
2026-02-05 18:59:10,727 : INFO : EventManager : Event: ======'achievement_toomanyrappers_mode_state_enabled'====== Args={'restore': True, 'state': 'enabled', 'selected': False}
2026-02-05 18:59:10,728 : INFO : EventManager : Event: ======'achievement_threemcsand1dj_mode_changed_state'====== Args={'restore': True, 'state': 'completed', 'selected': False}
2026-02-05 18:59:10,728 : INFO : EventManager : Event: ======'achievement_threemcsand1dj_mode_state_completed'====== Args={'restore': True, 'state': 'completed', 'selected': False}
2026-02-05 18:59:10,728 : INFO : EventManager : Event: ======'achievement_highplainsdrifter_mode_changed_state'====== Args={'restore': True, 'state': 'enabled', 'selected': False}
2026-02-05 18:59:10,728 : INFO : EventManager : Event: ======'achievement_highplainsdrifter_mode_state_enabled'====== Args={'restore': True, 'state': 'enabled', 'selected': False}
2026-02-05 18:59:10,728 : INFO : EventManager : Event: ======'achievement_chcheckitout_multiball_changed_state'====== Args={'restore': True, 'state': 'enabled', 'selected': False}
2026-02-05 18:59:10,728 : INFO : EventManager : Event: ======'achievement_chcheckitout_multiball_state_enabled'====== Args={'restore': True, 'state': 'enabled', 'selected': False}
2026-02-05 18:59:10,729 : INFO : EventManager : Event: ======'achievement_bodymovin_multiball_changed_state'====== Args={'restore': True, 'state': 'enabled', 'selected': False}
2026-02-05 18:59:10,729 : INFO : EventManager : Event: ======'achievement_bodymovin_multiball_state_enabled'====== Args={'restore': True, 'state': 'enabled', 'selected': False}
2026-02-05 18:59:10,729 : INFO : EventManager : Event: ======'achievement_superpops_super_mode_changed_state'====== Args={'restore': True, 'state': 'enabled', 'selected': False}
2026-02-05 18:59:10,729 : INFO : EventManager : Event: ======'achievement_superpops_super_mode_state_enabled'====== Args={'restore': True, 'state': 'enabled', 'selected': False}
2026-02-05 18:59:10,729 : INFO : EventManager : Event: ======'achievement_superdrops_super_mode_changed_state'====== Args={'restore': True, 'state': 'enabled', 'selected': False}
2026-02-05 18:59:10,730 : INFO : EventManager : Event: ======'achievement_superdrops_super_mode_state_enabled'====== Args={'restore': True, 'state': 'enabled', 'selected': False}
2026-02-05 18:59:10,730 : INFO : EventManager : Event: ======'achievement_superspins_super_mode_changed_state'====== Args={'restore': True, 'state': 'enabled', 'selected': False}
2026-02-05 18:59:10,731 : INFO : EventManager : Event: ======'achievement_superspins_super_mode_state_enabled'====== Args={'restore': True, 'state': 'enabled', 'selected': False}
2026-02-05 18:59:10,731 : INFO : EventManager : Event: ======'achievement_superstandups_super_mode_changed_state'====== Args={'restore': True, 'state': 'enabled', 'selected': False}
2026-02-05 18:59:10,731 : INFO : EventManager : Event: ======'achievement_superstandups_super_mode_state_enabled'====== Args={'restore': True, 'state': 'enabled', 'selected': False}
2026-02-05 18:59:10,731 : INFO : EventManager : Event: ======'achievement_supercombos_super_mode_changed_state'====== Args={'restore': True, 'state': 'enabled', 'selected': False}
2026-02-05 18:59:10,731 : INFO : EventManager : Event: ======'achievement_supercombos_super_mode_state_enabled'====== Args={'restore': True, 'state': 'enabled', 'selected': False}
2026-02-05 18:59:10,731 : INFO : EventManager : Event: ======'achievement_girls_frenzy_changed_state'====== Args={'restore': True, 'state': 'disabled', 'selected': False}
2026-02-05 18:59:10,732 : INFO : EventManager : Event: ======'achievement_girls_frenzy_state_disabled'====== Args={'restore': True, 'state': 'disabled', 'selected': False}
2026-02-05 18:59:10,742 : INFO : EventManager : Unordered handler for class <Auditor> on event game_ended with priority 1. Handlers: [RegisteredHandler(callback=<bound method Auditor.disable of <Auditor>>, priority=1, kwargs={}, key=UUID('51b45afa-7d55-4de6-ae66-6d5059ace4c4'), condition=None, blocking_facility=None), RegisteredHandler(callback=<bound method Auditor._save_audits of <Auditor>>, priority=1, kwargs={}, key=UUID('871c26af-500d-409b-b74b-7ecc1eca238c'), condition=None, blocking_facility=None)]. The order of those handlers is not defined and they will be executed in random order. This might lead to race conditions and potential bugs.
2026-02-05 18:59:10,784 : INFO : EventManager : Event: ======'mode_base_starting'====== Args={'queue': <QueuedEvent>, 'player': 1, 'ball': 2, 'balls_remaining': 1, 'is_extra_ball': False}
2026-02-05 18:59:10,784 : INFO : EventManager : Event: ======'mode_batterycharger_will_start'====== Args={'queue': <QueuedEvent>, 'player': 1, 'ball': 2, 'balls_remaining': 1, 'is_extra_ball': False}
2026-02-05 18:59:10,787 : INFO : EventManager : Unordered handler for class ConfigPlayer.show_player/shows on event mode_makesomenoise_started with priority 100. Handlers: [RegisteredHandler(callback=<bound method ConfigPlayer.config_play_callback of ConfigPlayer.show_player/shows>, priority=100, kwargs={'calling_context': 'mode_makesomenoise_started', 'mode': <Mode.base>, 'settings': {makesomenoise_mode_qualified_light-None-None: {'action': 'stop', 'priority': 0, 'show': None, 'speed': <NativeTemplate 1.0>, 'block_queue': False, 'start_step': <NativeTemplate 1>, 'start_running': <Template True>, 'loops': -1, 'sync_ms': None, 'manual_advance': False, 'show_queue': None, 'key': None, 'show_tokens': {}, 'events_when_played': [], 'events_when_stopped': [], 'events_when_looped': [], 'events_when_paused': [], 'events_when_resumed': [], 'events_when_advanced': [], 'events_when_stepped_back': [], 'events_when_updated': [], 'events_when_completed': []}, GI_on-None-None: {'action': 'stop', 'priority': 0, 'show': None, 'speed': <NativeTemplate 1.0>, 'block_queue': False, 'start_step': <NativeTemplate 1>, 'start_running': <Template True>, 'loops': -1, 'sync_ms': None, 'manual_advance': False, 'show_queue': None, 'key': None, 'show_tokens': {}, 'events_when_played': [], 'events_when_stopped': [], 'events_when_looped': [], 'events_when_paused': [], 'events_when_resumed': [], 'events_when_advanced': [], 'events_when_stepped_back': [], 'events_when_updated': [], 'events_when_completed': []}, battery_yellow-None-None: {'action': 'stop', 'priority': 0, 'show': None, 'speed': <NativeTemplate 1.0>, 'block_queue': False, 'start_step': <NativeTemplate 1>, 'start_running': <Template True>, 'loops': -1, 'sync_ms': None, 'manual_advance': False, 'show_queue': None, 'key': None, 'show_tokens': {}, 'events_when_played': [], 'events_when_stopped': [], 'events_when_looped': [], 'events_when_paused': [], 'events_when_resumed': [], 'events_when_advanced': [], 'events_when_stepped_back': [], 'events_when_updated': [], 'events_when_completed': []}, battery_green-None-None: {'action': 'stop', 'priority': 0, 'show': None, 'speed': <NativeTemplate 1.0>, 'block_queue': False, 'start_step': <NativeTemplate 1>, 'start_running': <Template True>, 'loops': -1, 'sync_ms': None, 'manual_advance': False, 'show_queue': None, 'key': None, 'show_tokens': {}, 'events_when_played': [], 'events_when_stopped': [], 'events_when_looped': [], 'events_when_paused': [], 'events_when_resumed': [], 'events_when_advanced': [], 'events_when_stepped_back': [], 'events_when_updated': [], 'events_when_completed': []}, battery_red-None-None: {'action': 'stop', 'priority': 0, 'show': None, 'speed': <NativeTemplate 1.0>, 'block_queue': False, 'start_step': <NativeTemplate 1>, 'start_running': <Template True>, 'loops': -1, 'sync_ms': None, 'manual_advance': False, 'show_queue': None, 'key': None, 'show_tokens': {}, 'events_when_played': [], 'events_when_stopped': [], 'events_when_looped': [], 'events_when_paused': [], 'events_when_resumed': [], 'events_when_advanced': [], 'events_when_stepped_back': [], 'events_when_updated': [], 'events_when_completed': []}}}, key=UUID('db62dd05-26ce-4384-983a-b060371c357b'), condition=None, blocking_facility=None), RegisteredHandler(callback=<bound method ConfigPlayer.config_play_callback of ConfigPlayer.show_player/shows>, priority=100, kwargs={'calling_context': 'mode_makesomenoise_started', 'mode': <Mode.batterycharger>, 'settings': {battery_red-None-None: {'action': 'stop', 'priority': 0, 'show': None, 'speed': <NativeTemplate 1.0>, 'block_queue': False, 'start_step': <NativeTemplate 1>, 'start_running': <Template True>, 'loops': -1, 'sync_ms': None, 'manual_advance': False, 'show_queue': None, 'key': None, 'show_tokens': {}, 'events_when_played': [], 'events_when_stopped': [], 'events_when_looped': [], 'events_when_paused': [], 'events_when_resumed': [], 'events_when_advanced': [], 'events_when_stepped_back': [], 'events_when_updated': [], 'events_when_completed': []}, battery_yellow-None-None: {'action': 'stop', 'priority': 0, 'show': None, 'speed': <NativeTemplate 1.0>, 'block_queue': False, 'start_step': <NativeTemplate 1>, 'start_running': <Template True>, 'loops': -1, 'sync_ms': None, 'manual_advance': False, 'show_queue': None, 'key': None, 'show_tokens': {}, 'events_when_played': [], 'events_when_stopped': [], 'events_when_looped': [], 'events_when_paused': [], 'events_when_resumed': [], 'events_when_advanced': [], 'events_when_stepped_back': [], 'events_when_updated': [], 'events_when_completed': []}, battery_green-None-None: {'action': 'stop', 'priority': 0, 'show': None, 'speed': <NativeTemplate 1.0>, 'block_queue': False, 'start_step': <NativeTemplate 1>, 'start_running': <Template True>, 'loops': -1, 'sync_ms': None, 'manual_advance': False, 'show_queue': None, 'key': None, 'show_tokens': {}, 'events_when_played': [], 'events_when_stopped': [], 'events_when_looped': [], 'events_when_paused': [], 'events_when_resumed': [], 'events_when_advanced': [], 'events_when_stepped_back': [], 'events_when_updated': [], 'events_when_completed': []}}}, key=UUID('ea22d905-a626-4f9c-98fa-938e10bd7dfe'), condition=None, blocking_facility=None)]. The order of those handlers is not defined and they will be executed in random order. This might lead to race conditions and potential bugs.
2026-02-05 18:59:10,793 : INFO : EventManager : Unordered handler for class ConfigPlayer.show_player/shows on event achievement_wizard1_state_enabled with priority 100. Handlers: [RegisteredHandler(callback=<bound method ConfigPlayer.config_play_callback of ConfigPlayer.show_player/shows>, priority=100, kwargs={'calling_context': 'achievement_wizard1_state_enabled', 'mode': <Mode.base>, 'settings': {makesomenoise_mode_qualified_light-None-None: {'action': 'play', 'loops': -1, 'priority': 0, 'show': None, 'speed': <NativeTemplate 1.0>, 'block_queue': False, 'start_step': <NativeTemplate 1>, 'start_running': <Template True>, 'sync_ms': None, 'manual_advance': False, 'show_queue': None, 'key': None, 'show_tokens': {}, 'events_when_played': [], 'events_when_stopped': [], 'events_when_looped': [], 'events_when_paused': [], 'events_when_resumed': [], 'events_when_advanced': [], 'events_when_stepped_back': [], 'events_when_updated': [], 'events_when_completed': []}, chcheckitout_lit_strobe-None-None: {'action': 'stop', 'priority': 0, 'show': None, 'speed': <NativeTemplate 1.0>, 'block_queue': False, 'start_step': <NativeTemplate 1>, 'start_running': <Template True>, 'loops': -1, 'sync_ms': None, 'manual_advance': False, 'show_queue': None, 'key': None, 'show_tokens': {}, 'events_when_played': [], 'events_when_stopped': [], 'events_when_looped': [], 'events_when_paused': [], 'events_when_resumed': [], 'events_when_advanced': [], 'events_when_stepped_back': [], 'events_when_updated': [], 'events_when_completed': []}, battery_green-None-None: {'action': 'stop', 'priority': 0, 'show': None, 'speed': <NativeTemplate 1.0>, 'block_queue': False, 'start_step': <NativeTemplate 1>, 'start_running': <Template True>, 'loops': -1, 'sync_ms': None, 'manual_advance': False, 'show_queue': None, 'key': None, 'show_tokens': {}, 'events_when_played': [], 'events_when_stopped': [], 'events_when_looped': [], 'events_when_paused': [], 'events_when_resumed': [], 'events_when_advanced': [], 'events_when_stepped_back': [], 'events_when_updated': [], 'events_when_completed': []}, battery_yellow-None-None: {'action': 'stop', 'priority': 0, 'show': None, 'speed': <NativeTemplate 1.0>, 'block_queue': False, 'start_step': <NativeTemplate 1>, 'start_running': <Template True>, 'loops': -1, 'sync_ms': None, 'manual_advance': False, 'show_queue': None, 'key': None, 'show_tokens': {}, 'events_when_played': [], 'events_when_stopped': [], 'events_when_looped': [], 'events_when_paused': [], 'events_when_resumed': [], 'events_when_advanced': [], 'events_when_stepped_back': [], 'events_when_updated': [], 'events_when_completed': []}, battery_red-None-None: {'action': 'stop', 'priority': 0, 'show': None, 'speed': <NativeTemplate 1.0>, 'block_queue': False, 'start_step': <NativeTemplate 1>, 'start_running': <Template True>, 'loops': -1, 'sync_ms': None, 'manual_advance': False, 'show_queue': None, 'key': None, 'show_tokens': {}, 'events_when_played': [], 'events_when_stopped': [], 'events_when_looped': [], 'events_when_paused': [], 'events_when_resumed': [], 'events_when_advanced': [], 'events_when_stepped_back': [], 'events_when_updated': [], 'events_when_completed': []}}}, key=UUID('92954db7-b2d7-4d7d-8ebe-ab34b584d87e'), condition=None, blocking_facility=None), RegisteredHandler(callback=<bound method ConfigPlayer.config_play_callback of ConfigPlayer.show_player/shows>, priority=100, kwargs={'calling_context': 'achievement_wizard1_state_enabled', 'mode': <Mode.batterycharger>, 'settings': {battery_green-None-None: {'action': 'stop', 'priority': 0, 'show': None, 'speed': <NativeTemplate 1.0>, 'block_queue': False, 'start_step': <NativeTemplate 1>, 'start_running': <Template True>, 'loops': -1, 'sync_ms': None, 'manual_advance': False, 'show_queue': None, 'key': None, 'show_tokens': {}, 'events_when_played': [], 'events_when_stopped': [], 'events_when_looped': [], 'events_when_paused': [], 'events_when_resumed': [], 'events_when_advanced': [], 'events_when_stepped_back': [], 'events_when_updated': [], 'events_when_completed': []}, battery_yellow-None-None: {'action': 'stop', 'priority': 0, 'show': None, 'speed': <NativeTemplate 1.0>, 'block_queue': False, 'start_step': <NativeTemplate 1>, 'start_running': <Template True>, 'loops': -1, 'sync_ms': None, 'manual_advance': False, 'show_queue': None, 'key': None, 'show_tokens': {}, 'events_when_played': [], 'events_when_stopped': [], 'events_when_looped': [], 'events_when_paused': [], 'events_when_resumed': [], 'events_when_advanced': [], 'events_when_stepped_back': [], 'events_when_updated': [], 'events_when_completed': []}, battery_red-None-None: {'action': 'stop', 'priority': 0, 'show': None, 'speed': <NativeTemplate 1.0>, 'block_queue': False, 'start_step': <NativeTemplate 1>, 'start_running': <Template True>, 'loops': -1, 'sync_ms': None, 'manual_advance': False, 'show_queue': None, 'key': None, 'show_tokens': {}, 'events_when_played': [], 'events_when_stopped': [], 'events_when_looped': [], 'events_when_paused': [], 'events_when_resumed': [], 'events_when_advanced': [], 'events_when_stepped_back': [], 'events_when_updated': [], 'events_when_completed': []}}}, key=UUID('ef86af81-efc2-439f-a856-29f063cd070d'), condition=None, blocking_facility=None)]. The order of those handlers is not defined and they will be executed in random order. This might lead to race conditions and potential bugs.
2026-02-05 18:59:10,794 : INFO : EventManager : Unordered handler for class ConfigPlayer.show_player/shows on event achievement_wizard1_state_enabled with priority 100. Handlers: [RegisteredHandler(callback=<bound method ConfigPlayer.config_play_callback of ConfigPlayer.show_player/shows>, priority=100, kwargs={'calling_context': 'achievement_wizard1_state_enabled', 'mode': <Mode.base>, 'settings': {makesomenoise_mode_qualified_light-None-None: {'action': 'play', 'loops': -1, 'priority': 0, 'show': None, 'speed': <NativeTemplate 1.0>, 'block_queue': False, 'start_step': <NativeTemplate 1>, 'start_running': <Template True>, 'sync_ms': None, 'manual_advance': False, 'show_queue': None, 'key': None, 'show_tokens': {}, 'events_when_played': [], 'events_when_stopped': [], 'events_when_looped': [], 'events_when_paused': [], 'events_when_resumed': [], 'events_when_advanced': [], 'events_when_stepped_back': [], 'events_when_updated': [], 'events_when_completed': []}, chcheckitout_lit_strobe-None-None: {'action': 'stop', 'priority': 0, 'show': None, 'speed': <NativeTemplate 1.0>, 'block_queue': False, 'start_step': <NativeTemplate 1>, 'start_running': <Template True>, 'loops': -1, 'sync_ms': None, 'manual_advance': False, 'show_queue': None, 'key': None, 'show_tokens': {}, 'events_when_played': [], 'events_when_stopped': [], 'events_when_looped': [], 'events_when_paused': [], 'events_when_resumed': [], 'events_when_advanced': [], 'events_when_stepped_back': [], 'events_when_updated': [], 'events_when_completed': []}, battery_green-None-None: {'action': 'stop', 'priority': 0, 'show': None, 'speed': <NativeTemplate 1.0>, 'block_queue': False, 'start_step': <NativeTemplate 1>, 'start_running': <Template True>, 'loops': -1, 'sync_ms': None, 'manual_advance': False, 'show_queue': None, 'key': None, 'show_tokens': {}, 'events_when_played': [], 'events_when_stopped': [], 'events_when_looped': [], 'events_when_paused': [], 'events_when_resumed': [], 'events_when_advanced': [], 'events_when_stepped_back': [], 'events_when_updated': [], 'events_when_completed': []}, battery_yellow-None-None: {'action': 'stop', 'priority': 0, 'show': None, 'speed': <NativeTemplate 1.0>, 'block_queue': False, 'start_step': <NativeTemplate 1>, 'start_running': <Template True>, 'loops': -1, 'sync_ms': None, 'manual_advance': False, 'show_queue': None, 'key': None, 'show_tokens': {}, 'events_when_played': [], 'events_when_stopped': [], 'events_when_looped': [], 'events_when_paused': [], 'events_when_resumed': [], 'events_when_advanced': [], 'events_when_stepped_back': [], 'events_when_updated': [], 'events_when_completed': []}, battery_red-None-None: {'action': 'stop', 'priority': 0, 'show': None, 'speed': <NativeTemplate 1.0>, 'block_queue': False, 'start_step': <NativeTemplate 1>, 'start_running': <Template True>, 'loops': -1, 'sync_ms': None, 'manual_advance': False, 'show_queue': None, 'key': None, 'show_tokens': {}, 'events_when_played': [], 'events_when_stopped': [], 'events_when_looped': [], 'events_when_paused': [], 'events_when_resumed': [], 'events_when_advanced': [], 'events_when_stepped_back': [], 'events_when_updated': [], 'events_when_completed': []}}}, key=UUID('92954db7-b2d7-4d7d-8ebe-ab34b584d87e'), condition=None, blocking_facility=None), RegisteredHandler(callback=<bound method ConfigPlayer.config_play_callback of ConfigPlayer.show_player/shows>, priority=100, kwargs={'calling_context': 'achievement_wizard1_state_enabled', 'mode': <Mode.batterycharger>, 'settings': {battery_green-None-None: {'action': 'stop', 'priority': 0, 'show': None, 'speed': <NativeTemplate 1.0>, 'block_queue': False, 'start_step': <NativeTemplate 1>, 'start_running': <Template True>, 'loops': -1, 'sync_ms': None, 'manual_advance': False, 'show_queue': None, 'key': None, 'show_tokens': {}, 'events_when_played': [], 'events_when_stopped': [], 'events_when_looped': [], 'events_when_paused': [], 'events_when_resumed': [], 'events_when_advanced': [], 'events_when_stepped_back': [], 'events_when_updated': [], 'events_when_completed': []}, battery_yellow-None-None: {'action': 'stop', 'priority': 0, 'show': None, 'speed': <NativeTemplate 1.0>, 'block_queue': False, 'start_step': <NativeTemplate 1>, 'start_running': <Template True>, 'loops': -1, 'sync_ms': None, 'manual_advance': False, 'show_queue': None, 'key': None, 'show_tokens': {}, 'events_when_played': [], 'events_when_stopped': [], 'events_when_looped': [], 'events_when_paused': [], 'events_when_resumed': [], 'events_when_advanced': [], 'events_when_stepped_back': [], 'events_when_updated': [], 'events_when_completed': []}, battery_red-None-None: {'action': 'stop', 'priority': 0, 'show': None, 'speed': <NativeTemplate 1.0>, 'block_queue': False, 'start_step': <NativeTemplate 1>, 'start_running': <Template True>, 'loops': -1, 'sync_ms': None, 'manual_advance': False, 'show_queue': None, 'key': None, 'show_tokens': {}, 'events_when_played': [], 'events_when_stopped': [], 'events_when_looped': [], 'events_when_paused': [], 'events_when_resumed': [], 'events_when_advanced': [], 'events_when_stepped_back': [], 'events_when_updated': [], 'events_when_completed': []}}}, key=UUID('ef86af81-efc2-439f-a856-29f063cd070d'), condition=None, blocking_facility=None)]. The order of those handlers is not defined and they will be executed in random order. This might lead to race conditions and potential bugs.
2026-02-05 18:59:10,795 : INFO : EventManager : Unordered handler for class PluginPlayer.widgets on event ball_will_end with priority 100. Handlers: [RegisteredHandler(callback=<bound method ConfigPlayer.config_play_callback of PluginPlayer.widgets>, priority=100, kwargs={'calling_context': 'ball_will_end', 'mode': <Mode.base>, 'settings': {'chcheckitoutfinish': {'action': 'remove', 'priority': None, 'slide': None, 'key': None, 'target': None, 'expire': None, 'tokens': {}, 'x': 0, 'y': 0}, 'bodymovinfinish': {'action': 'remove', 'priority': None, 'slide': None, 'key': None, 'target': None, 'expire': None, 'tokens': {}, 'x': 0, 'y': 0}, 'mmm_circle': {'action': 'remove', 'priority': None, 'slide': None, 'key': None, 'target': None, 'expire': None, 'tokens': {}, 'x': 0, 'y': 0}, 'miked_circle': {'action': 'remove', 'priority': None, 'slide': None, 'key': None, 'target': None, 'expire': None, 'tokens': {}, 'x': 0, 'y': 0}, 'adroc_circle': {'action': 'remove', 'priority': None, 'slide': None, 'key': None, 'target': None, 'expire': None, 'tokens': {}, 'x': 0, 'y': 0}, 'mca_circle': {'action': 'remove', 'priority': None, 'slide': None, 'key': None, 'target': None, 'expire': None, 'tokens': {}, 'x': 0, 'y': 0}, 'djhurr_circle': {'action': 'remove', 'priority': None, 'slide': None, 'key': None, 'target': None, 'expire': None, 'tokens': {}, 'x': 0, 'y': 0}}}, key=UUID('fc03d48c-aa14-46cc-b53c-8d6a7528a738'), condition=None, blocking_facility=None), RegisteredHandler(callback=<bound method ConfigPlayer.config_play_callback of PluginPlayer.widgets>, priority=100, kwargs={'calling_context': 'ball_will_end', 'mode': <Mode.batterycharger>, 'settings': {'charges_remaining': {'action': 'remove', 'priority': None, 'slide': None, 'key': None, 'target': None, 'expire': None, 'tokens': {}, 'x': 0, 'y': 0}}}, key=UUID('6c66cb24-29d0-4219-b3a9-b57614776a2b'), condition=None, blocking_facility=None)]. The order of those handlers is not defined and they will be executed in random order. This might lead to race conditions and potential bugs.
2026-02-05 18:59:10,796 : INFO : EventManager : Unordered handler for class ConfigPlayer.show_player/shows on event mode_makesomenoise_started with priority 100. Handlers: [RegisteredHandler(callback=<bound method ConfigPlayer.config_play_callback of ConfigPlayer.show_player/shows>, priority=100, kwargs={'calling_context': 'mode_makesomenoise_started', 'mode': <Mode.base>, 'settings': {makesomenoise_mode_qualified_light-None-None: {'action': 'stop', 'priority': 0, 'show': None, 'speed': <NativeTemplate 1.0>, 'block_queue': False, 'start_step': <NativeTemplate 1>, 'start_running': <Template True>, 'loops': -1, 'sync_ms': None, 'manual_advance': False, 'show_queue': None, 'key': None, 'show_tokens': {}, 'events_when_played': [], 'events_when_stopped': [], 'events_when_looped': [], 'events_when_paused': [], 'events_when_resumed': [], 'events_when_advanced': [], 'events_when_stepped_back': [], 'events_when_updated': [], 'events_when_completed': []}, GI_on-None-None: {'action': 'stop', 'priority': 0, 'show': None, 'speed': <NativeTemplate 1.0>, 'block_queue': False, 'start_step': <NativeTemplate 1>, 'start_running': <Template True>, 'loops': -1, 'sync_ms': None, 'manual_advance': False, 'show_queue': None, 'key': None, 'show_tokens': {}, 'events_when_played': [], 'events_when_stopped': [], 'events_when_looped': [], 'events_when_paused': [], 'events_when_resumed': [], 'events_when_advanced': [], 'events_when_stepped_back': [], 'events_when_updated': [], 'events_when_completed': []}, battery_yellow-None-None: {'action': 'stop', 'priority': 0, 'show': None, 'speed': <NativeTemplate 1.0>, 'block_queue': False, 'start_step': <NativeTemplate 1>, 'start_running': <Template True>, 'loops': -1, 'sync_ms': None, 'manual_advance': False, 'show_queue': None, 'key': None, 'show_tokens': {}, 'events_when_played': [], 'events_when_stopped': [], 'events_when_looped': [], 'events_when_paused': [], 'events_when_resumed': [], 'events_when_advanced': [], 'events_when_stepped_back': [], 'events_when_updated': [], 'events_when_completed': []}, battery_green-None-None: {'action': 'stop', 'priority': 0, 'show': None, 'speed': <NativeTemplate 1.0>, 'block_queue': False, 'start_step': <NativeTemplate 1>, 'start_running': <Template True>, 'loops': -1, 'sync_ms': None, 'manual_advance': False, 'show_queue': None, 'key': None, 'show_tokens': {}, 'events_when_played': [], 'events_when_stopped': [], 'events_when_looped': [], 'events_when_paused': [], 'events_when_resumed': [], 'events_when_advanced': [], 'events_when_stepped_back': [], 'events_when_updated': [], 'events_when_completed': []}, battery_red-None-None: {'action': 'stop', 'priority': 0, 'show': None, 'speed': <NativeTemplate 1.0>, 'block_queue': False, 'start_step': <NativeTemplate 1>, 'start_running': <Template True>, 'loops': -1, 'sync_ms': None, 'manual_advance': False, 'show_queue': None, 'key': None, 'show_tokens': {}, 'events_when_played': [], 'events_when_stopped': [], 'events_when_looped': [], 'events_when_paused': [], 'events_when_resumed': [], 'events_when_advanced': [], 'events_when_stepped_back': [], 'events_when_updated': [], 'events_when_completed': []}}}, key=UUID('db62dd05-26ce-4384-983a-b060371c357b'), condition=None, blocking_facility=None), RegisteredHandler(callback=<bound method ConfigPlayer.config_play_callback of ConfigPlayer.show_player/shows>, priority=100, kwargs={'calling_context': 'mode_makesomenoise_started', 'mode': <Mode.batterycharger>, 'settings': {battery_red-None-None: {'action': 'stop', 'priority': 0, 'show': None, 'speed': <NativeTemplate 1.0>, 'block_queue': False, 'start_step': <NativeTemplate 1>, 'start_running': <Template True>, 'loops': -1, 'sync_ms': None, 'manual_advance': False, 'show_queue': None, 'key': None, 'show_tokens': {}, 'events_when_played': [], 'events_when_stopped': [], 'events_when_looped': [], 'events_when_paused': [], 'events_when_resumed': [], 'events_when_advanced': [], 'events_when_stepped_back': [], 'events_when_updated': [], 'events_when_completed': []}, battery_yellow-None-None: {'action': 'stop', 'priority': 0, 'show': None, 'speed': <NativeTemplate 1.0>, 'block_queue': False, 'start_step': <NativeTemplate 1>, 'start_running': <Template True>, 'loops': -1, 'sync_ms': None, 'manual_advance': False, 'show_queue': None, 'key': None, 'show_tokens': {}, 'events_when_played': [], 'events_when_stopped': [], 'events_when_looped': [], 'events_when_paused': [], 'events_when_resumed': [], 'events_when_advanced': [], 'events_when_stepped_back': [], 'events_when_updated': [], 'events_when_completed': []}, battery_green-None-None: {'action': 'stop', 'priority': 0, 'show': None, 'speed': <NativeTemplate 1.0>, 'block_queue': False, 'start_step': <NativeTemplate 1>, 'start_running': <Template True>, 'loops': -1, 'sync_ms': None, 'manual_advance': False, 'show_queue': None, 'key': None, 'show_tokens': {}, 'events_when_played': [], 'events_when_stopped': [], 'events_when_looped': [], 'events_when_paused': [], 'events_when_resumed': [], 'events_when_advanced': [], 'events_when_stepped_back': [], 'events_when_updated': [], 'events_when_completed': []}}}, key=UUID('ea22d905-a626-4f9c-98fa-938e10bd7dfe'), condition=None, blocking_facility=None)]. The order of those handlers is not defined and they will be executed in random order. This might lead to race conditions and potential bugs.
2026-02-05 18:59:10,797 : INFO : EventManager : Unordered handler for class ConfigPlayer.show_player/shows on event mode_makesomenoise_started with priority 100. Handlers: [RegisteredHandler(callback=<bound method ConfigPlayer.config_play_callback of ConfigPlayer.show_player/shows>, priority=100, kwargs={'calling_context': 'mode_makesomenoise_started', 'mode': <Mode.base>, 'settings': {makesomenoise_mode_qualified_light-None-None: {'action': 'stop', 'priority': 0, 'show': None, 'speed': <NativeTemplate 1.0>, 'block_queue': False, 'start_step': <NativeTemplate 1>, 'start_running': <Template True>, 'loops': -1, 'sync_ms': None, 'manual_advance': False, 'show_queue': None, 'key': None, 'show_tokens': {}, 'events_when_played': [], 'events_when_stopped': [], 'events_when_looped': [], 'events_when_paused': [], 'events_when_resumed': [], 'events_when_advanced': [], 'events_when_stepped_back': [], 'events_when_updated': [], 'events_when_completed': []}, GI_on-None-None: {'action': 'stop', 'priority': 0, 'show': None, 'speed': <NativeTemplate 1.0>, 'block_queue': False, 'start_step': <NativeTemplate 1>, 'start_running': <Template True>, 'loops': -1, 'sync_ms': None, 'manual_advance': False, 'show_queue': None, 'key': None, 'show_tokens': {}, 'events_when_played': [], 'events_when_stopped': [], 'events_when_looped': [], 'events_when_paused': [], 'events_when_resumed': [], 'events_when_advanced': [], 'events_when_stepped_back': [], 'events_when_updated': [], 'events_when_completed': []}, battery_yellow-None-None: {'action': 'stop', 'priority': 0, 'show': None, 'speed': <NativeTemplate 1.0>, 'block_queue': False, 'start_step': <NativeTemplate 1>, 'start_running': <Template True>, 'loops': -1, 'sync_ms': None, 'manual_advance': False, 'show_queue': None, 'key': None, 'show_tokens': {}, 'events_when_played': [], 'events_when_stopped': [], 'events_when_looped': [], 'events_when_paused': [], 'events_when_resumed': [], 'events_when_advanced': [], 'events_when_stepped_back': [], 'events_when_updated': [], 'events_when_completed': []}, battery_green-None-None: {'action': 'stop', 'priority': 0, 'show': None, 'speed': <NativeTemplate 1.0>, 'block_queue': False, 'start_step': <NativeTemplate 1>, 'start_running': <Template True>, 'loops': -1, 'sync_ms': None, 'manual_advance': False, 'show_queue': None, 'key': None, 'show_tokens': {}, 'events_when_played': [], 'events_when_stopped': [], 'events_when_looped': [], 'events_when_paused': [], 'events_when_resumed': [], 'events_when_advanced': [], 'events_when_stepped_back': [], 'events_when_updated': [], 'events_when_completed': []}, battery_red-None-None: {'action': 'stop', 'priority': 0, 'show': None, 'speed': <NativeTemplate 1.0>, 'block_queue': False, 'start_step': <NativeTemplate 1>, 'start_running': <Template True>, 'loops': -1, 'sync_ms': None, 'manual_advance': False, 'show_queue': None, 'key': None, 'show_tokens': {}, 'events_when_played': [], 'events_when_stopped': [], 'events_when_looped': [], 'events_when_paused': [], 'events_when_resumed': [], 'events_when_advanced': [], 'events_when_stepped_back': [], 'events_when_updated': [], 'events_when_completed': []}}}, key=UUID('db62dd05-26ce-4384-983a-b060371c357b'), condition=None, blocking_facility=None), RegisteredHandler(callback=<bound method ConfigPlayer.config_play_callback of ConfigPlayer.show_player/shows>, priority=100, kwargs={'calling_context': 'mode_makesomenoise_started', 'mode': <Mode.batterycharger>, 'settings': {battery_red-None-None: {'action': 'stop', 'priority': 0, 'show': None, 'speed': <NativeTemplate 1.0>, 'block_queue': False, 'start_step': <NativeTemplate 1>, 'start_running': <Template True>, 'loops': -1, 'sync_ms': None, 'manual_advance': False, 'show_queue': None, 'key': None, 'show_tokens': {}, 'events_when_played': [], 'events_when_stopped': [], 'events_when_looped': [], 'events_when_paused': [], 'events_when_resumed': [], 'events_when_advanced': [], 'events_when_stepped_back': [], 'events_when_updated': [], 'events_when_completed': []}, battery_yellow-None-None: {'action': 'stop', 'priority': 0, 'show': None, 'speed': <NativeTemplate 1.0>, 'block_queue': False, 'start_step': <NativeTemplate 1>, 'start_running': <Template True>, 'loops': -1, 'sync_ms': None, 'manual_advance': False, 'show_queue': None, 'key': None, 'show_tokens': {}, 'events_when_played': [], 'events_when_stopped': [], 'events_when_looped': [], 'events_when_paused': [], 'events_when_resumed': [], 'events_when_advanced': [], 'events_when_stepped_back': [], 'events_when_updated': [], 'events_when_completed': []}, battery_green-None-None: {'action': 'stop', 'priority': 0, 'show': None, 'speed': <NativeTemplate 1.0>, 'block_queue': False, 'start_step': <NativeTemplate 1>, 'start_running': <Template True>, 'loops': -1, 'sync_ms': None, 'manual_advance': False, 'show_queue': None, 'key': None, 'show_tokens': {}, 'events_when_played': [], 'events_when_stopped': [], 'events_when_looped': [], 'events_when_paused': [], 'events_when_resumed': [], 'events_when_advanced': [], 'events_when_stepped_back': [], 'events_when_updated': [], 'events_when_completed': []}}}, key=UUID('ea22d905-a626-4f9c-98fa-938e10bd7dfe'), condition=None, blocking_facility=None)]. The order of those handlers is not defined and they will be executed in random order. This might lead to race conditions and potential bugs.
2026-02-05 18:59:10,803 : INFO : EventManager : Event: ======'mode_batterycharger_starting'====== Args={'queue': <QueuedEvent>, 'player': 1, 'ball': 2, 'balls_remaining': 1, 'is_extra_ball': False}
2026-02-05 18:59:10,804 : INFO : drop_target_bank.three_bank : 1 targets are down. Will reset those.
2026-02-05 18:59:10,804 : INFO : coil.c_three_bank : Pulsing Driver for 23ms (1.0 pulse_power)
2026-02-05 18:59:10,805 : INFO : EventManager : Event: ======'balls_in_play'====== Args={'balls': 1}
2026-02-05 18:59:10,806 : INFO : EventManager : Event: ======'ball_started'====== Args={'player': 1, 'ball': 2, 'balls_remaining': 1, 'is_extra_ball': False}
2026-02-05 18:59:10,807 : INFO : EventManager : Event: ======'mode_combos_will_start'====== Args={'player': 1, 'ball': 2, 'balls_remaining': 1, 'is_extra_ball': False}
2026-02-05 18:59:10,817 : INFO : EventManager : Event: ======'mode_combos_starting'====== Args={'player': 1, 'ball': 2, 'balls_remaining': 1, 'is_extra_ball': False}
2026-02-05 18:59:10,818 : INFO : EventManager : Event: ======'mode_skill_shot_will_start'====== Args={'player': 1, 'ball': 2, 'balls_remaining': 1, 'is_extra_ball': False}
2026-02-05 18:59:10,821 : INFO : EventManager : Unordered handler for class <timer.skill_shot_timeout> on event ball_starting with priority 1. Handlers: [RegisteredHandler(callback=<bound method Timer.reset of <timer.skill_shot_timeout>>, priority=1, kwargs={}, key=UUID('4a501619-cc8d-44fb-a52b-bb4e8671f9ad'), condition=None, blocking_facility=None), RegisteredHandler(callback=<bound method Timer.pause of <timer.skill_shot_timeout>>, priority=1, kwargs={'timer_value': None}, key=UUID('a768cf4b-154c-43c1-9d82-7a5ef6efc906'), condition=None, blocking_facility=None)]. The order of those handlers is not defined and they will be executed in random order. This might lead to race conditions and potential bugs.
2026-02-05 18:59:10,825 : INFO : EventManager : Event: ======'mode_skill_shot_starting'====== Args={'player': 1, 'ball': 2, 'balls_remaining': 1, 'is_extra_ball': False}
2026-02-05 18:59:10,826 : INFO : EventManager : Event: ======'logicblock_drop_target_bank_counter_updated'====== Args={'value': 1, 'enabled': True}
2026-02-05 18:59:10,826 : INFO : EventManager : Event: ======'logicblock_combos_count_updated'====== Args={'value': 0, 'enabled': False}
2026-02-05 18:59:10,826 : INFO : EventManager : Event: ======'logicblock_combos_count_updated'====== Args={'value': 0, 'enabled': True}
2026-02-05 18:59:10,826 : INFO : EventManager : Event: ======'logicblock_superpops_counter_updated'====== Args={'value': 0, 'enabled': False}
2026-02-05 18:59:10,827 : INFO : EventManager : Event: ======'logicblock_superpops_counter_updated'====== Args={'value': 0, 'enabled': True}
2026-02-05 18:59:10,827 : INFO : EventManager : Event: ======'logicblock_superdrops_counter_updated'====== Args={'value': 0, 'enabled': False}
2026-02-05 18:59:10,827 : INFO : EventManager : Event: ======'logicblock_superdrops_counter_updated'====== Args={'value': 0, 'enabled': True}
2026-02-05 18:59:10,827 : INFO : EventManager : Event: ======'logicblock_superstandups_counter_updated'====== Args={'value': 0, 'enabled': False}
2026-02-05 18:59:10,827 : INFO : EventManager : Event: ======'logicblock_superstandups_counter_updated'====== Args={'value': 0, 'enabled': True}
2026-02-05 18:59:10,827 : INFO : EventManager : Event: ======'logicblock_superspins_counter_updated'====== Args={'value': 0, 'enabled': False}
2026-02-05 18:59:10,827 : INFO : EventManager : Event: ======'logicblock_superspins_counter_updated'====== Args={'value': 0, 'enabled': True}
2026-02-05 18:59:10,828 : INFO : EventManager : Event: ======'logicblock_supercombos_counter_updated'====== Args={'value': 0, 'enabled': False}
2026-02-05 18:59:10,828 : INFO : EventManager : Event: ======'logicblock_supercombos_counter_updated'====== Args={'value': 0, 'enabled': True}
2026-02-05 18:59:10,828 : INFO : EventManager : Event: ======'logicblock_qualify_chcheckitout_multiball_updated'====== Args={'value': 0, 'enabled': True}
2026-02-05 18:59:10,828 : INFO : EventManager : Event: ======'logicblock_qualify_chcheckitout_multiball_updated'====== Args={'value': 0, 'enabled': True}
2026-02-05 18:59:10,828 : INFO : EventManager : Event: ======'logicblock_enable_bodymovin_lock_2_updated'====== Args={'value': 0, 'enabled': True}
2026-02-05 18:59:10,828 : INFO : EventManager : Event: ======'logicblock_enable_bodymovin_lock_2_updated'====== Args={'value': 0, 'enabled': True}
2026-02-05 18:59:10,829 : INFO : EventManager : Event: ======'logicblock_battery_charged_status_updated'====== Args={'value': 20, 'enabled': True}
2026-02-05 18:59:10,829 : INFO : EventManager : Event: ======'logicblock_battery_charged_status_updated'====== Args={'value': 20, 'enabled': True}
2026-02-05 18:59:10,829 : INFO : EventManager : Event: ======'player_shot_tshirt_top_standup_enabled'====== Args={'value': True, 'prev_value': False, 'change': 1, 'player_num': 1}
2026-02-05 18:59:10,830 : INFO : EventManager : Event: ======'player_shot_tshirt_bottom_standup_enabled'====== Args={'value': True, 'prev_value': False, 'change': 1, 'player_num': 1}
2026-02-05 18:59:10,833 : INFO : Mode.skill_shot : Started. Priority: 500
2026-02-05 18:59:10,833 : INFO : EventManager : Event: ======'modes_active_modes_changed'====== Args={}
2026-02-05 18:59:10,833 : INFO : EventManager : Event: ======'mode_skill_shot_started'====== Args={'player': 1, 'ball': 2, 'balls_remaining': 1, 'is_extra_ball': False}
2026-02-05 18:59:10,834 : INFO : EventManager : Event: ======'player_shot_skillshot_lower_pop'====== Args={'value': 0, 'prev_value': 1, 'change': -1, 'player_num': 1}
2026-02-05 18:59:10,835 : INFO : EventManager : Event: ======'player_shot_skillshot_drop_targets'====== Args={'value': 0, 'prev_value': 1, 'change': -1, 'player_num': 1}
2026-02-05 18:59:10,835 : INFO : EventManager : Event: ======'advance_skill_drop_targets'====== Args={'player': 1, 'ball': 2, 'balls_remaining': 1, 'is_extra_ball': False}
2026-02-05 18:59:10,836 : INFO : EventManager : Event: ======'skillshot_complete'====== Args={'state': 'off'}
2026-02-05 18:59:10,836 : INFO : EventManager : Event: ======'skillshot_off_complete'====== Args={}
2026-02-05 18:59:10,837 : INFO : EventManager : Event: ======'player_shot_skillshot_drop_targets'====== Args={'value': 1, 'prev_value': 0, 'change': 1, 'player_num': 1}
2026-02-05 18:59:10,838 : INFO : Mode.combos : Started. Priority: 2000
2026-02-05 18:59:10,838 : INFO : EventManager : Event: ======'modes_active_modes_changed'====== Args={}
2026-02-05 18:59:10,838 : INFO : EventManager : Event: ======'mode_combos_started'====== Args={'player': 1, 'ball': 2, 'balls_remaining': 1, 'is_extra_ball': False}
2026-02-05 18:59:10,839 : INFO : EventManager : Event: ======'logicblock_combos_count_updated'====== Args={'value': 0, 'enabled': True}
2026-02-05 18:59:10,839 : INFO : EventManager : Event: ======'logicblock_superpops_counter_updated'====== Args={'value': 0, 'enabled': True}
2026-02-05 18:59:10,839 : INFO : EventManager : Event: ======'logicblock_superdrops_counter_updated'====== Args={'value': 0, 'enabled': True}
2026-02-05 18:59:10,840 : INFO : EventManager : Event: ======'logicblock_superstandups_counter_updated'====== Args={'value': 0, 'enabled': True}
2026-02-05 18:59:10,840 : INFO : EventManager : Event: ======'logicblock_superspins_counter_updated'====== Args={'value': 0, 'enabled': True}
2026-02-05 18:59:10,840 : INFO : EventManager : Event: ======'logicblock_supercombos_counter_updated'====== Args={'value': 0, 'enabled': True}
2026-02-05 18:59:10,840 : INFO : EventManager : Event: ======'logicblock_qualify_chcheckitout_multiball_updated'====== Args={'value': 0, 'enabled': True}
2026-02-05 18:59:10,840 : INFO : EventManager : Event: ======'logicblock_chcheckitout_multiball_ready_updated'====== Args={'value': 0, 'enabled': False}
2026-02-05 18:59:10,840 : INFO : EventManager : Event: ======'logicblock_enable_bodymovin_lock_1_updated'====== Args={'value': 0, 'enabled': False}
2026-02-05 18:59:10,840 : INFO : EventManager : Event: ======'logicblock_bodymovin_lock_1_updated'====== Args={'value': 0, 'enabled': False}
2026-02-05 18:59:10,840 : INFO : EventManager : Event: ======'logicblock_enable_bodymovin_lock_2_updated'====== Args={'value': 0, 'enabled': True}
2026-02-05 18:59:10,840 : INFO : EventManager : Event: ======'logicblock_bodymovin_lock_2_updated'====== Args={'value': 0, 'enabled': False}
2026-02-05 18:59:10,841 : INFO : EventManager : Event: ======'logicblock_enable_bodymovin_lock_3_updated'====== Args={'value': 0, 'enabled': False}
2026-02-05 18:59:10,841 : INFO : EventManager : Event: ======'logicblock_bodymovin_multiball_ready_updated'====== Args={'value': 0, 'enabled': False}
2026-02-05 18:59:10,841 : INFO : EventManager : Event: ======'logicblock_drop_target_bank_counter_updated'====== Args={'value': 1, 'enabled': True}
2026-02-05 18:59:10,841 : INFO : EventManager : Event: ======'logicblock_completed_modes_count_updated'====== Args={'value': 1, 'enabled': True}
2026-02-05 18:59:10,841 : INFO : EventManager : Event: ======'logicblock_played_modes_count_updated'====== Args={'value': 1, 'enabled': True}
2026-02-05 18:59:10,841 : INFO : EventManager : Event: ======'logicblock_combos_count_updated'====== Args={'value': 0, 'enabled': True}
2026-02-05 18:59:10,841 : INFO : EventManager : Event: ======'logicblock_superpops_counter_updated'====== Args={'value': 0, 'enabled': True}
2026-02-05 18:59:10,841 : INFO : EventManager : Event: ======'logicblock_superdrops_counter_updated'====== Args={'value': 0, 'enabled': True}
2026-02-05 18:59:10,842 : INFO : EventManager : Event: ======'logicblock_superstandups_counter_updated'====== Args={'value': 0, 'enabled': True}
2026-02-05 18:59:10,842 : INFO : EventManager : Event: ======'logicblock_superspins_counter_updated'====== Args={'value': 0, 'enabled': True}
2026-02-05 18:59:10,842 : INFO : EventManager : Event: ======'logicblock_supercombos_counter_updated'====== Args={'value': 0, 'enabled': True}
2026-02-05 18:59:10,842 : INFO : EventManager : Event: ======'logicblock_super_modes_played_counter_updated'====== Args={'value': 0, 'enabled': True}
2026-02-05 18:59:10,842 : INFO : Mode.base : Started. Priority: 100
2026-02-05 18:59:10,842 : INFO : EventManager : Event: ======'modes_active_modes_changed'====== Args={}
2026-02-05 18:59:10,842 : INFO : EventManager : Event: ======'mode_base_started'====== Args={'queue': <QueuedEvent>, 'player': 1, 'ball': 2, 'balls_remaining': 1, 'is_extra_ball': False}
2026-02-05 18:59:10,843 : INFO : EventManager : Event: ======'logicblock_battery_charged_status_updated'====== Args={'value': 20, 'enabled': True}
2026-02-05 18:59:10,843 : INFO : Mode.batterycharger : Started. Priority: 100
2026-02-05 18:59:10,843 : INFO : EventManager : Event: ======'modes_active_modes_changed'====== Args={}
2026-02-05 18:59:10,843 : INFO : EventManager : Event: ======'mode_batterycharger_started'====== Args={'queue': <QueuedEvent>, 'player': 1, 'ball': 2, 'balls_remaining': 1, 'is_extra_ball': False}
2026-02-05 18:59:10,845 : INFO : EventManager : Event: ======'player_drop_target_bank_counter_count'====== Args={'value': 1, 'prev_value': 0, 'change': 1, 'player_num': 1, 'source': 'base'}
2026-02-05 18:59:10,845 : INFO : EventManager : Event: ======'mode_multiball_will_start'====== Args={'queue': <QueuedEvent>, 'player': 1, 'ball': 2, 'balls_remaining': 1, 'is_extra_ball': False}
2026-02-05 18:59:10,847 : INFO : EventManager : Event: ======'mode_multiball_starting'====== Args={'queue': <QueuedEvent>, 'player': 1, 'ball': 2, 'balls_remaining': 1, 'is_extra_ball': False}
2026-02-05 18:59:10,849 : INFO : EventManager : Event: ======'ball_save_default_enabled'====== Args={}
2026-02-05 18:59:10,849 : INFO : EventManager : Event: ======'player_charges_remaining_variable'====== Args={'value': 20, 'prev_value': 7, 'change': 13, 'player_num': 1, 'source': 'batterycharger'}
2026-02-05 18:59:10,851 : INFO : Mode.multiball : Started. Priority: 1000
2026-02-05 18:59:10,851 : INFO : EventManager : Event: ======'modes_active_modes_changed'====== Args={}
2026-02-05 18:59:10,851 : INFO : EventManager : Event: ======'mode_multiball_started'====== Args={'queue': <QueuedEvent>, 'player': 1, 'ball': 2, 'balls_remaining': 1, 'is_extra_ball': False}
2026-02-05 18:59:10,854 : INFO : EventManager : Event: ======'single_player_ball_started'====== Args={}
2026-02-05 18:59:10,856 : WARNING : SwitchController : Received duplicate switch state 0 for switch s_three_bank_bottom from the platform interface. Log Code: Log-SwitchController-1 (https://missionpinball.org/latest/logs)
2026-02-05 18:59:10,856 : WARNING : SwitchController : Received duplicate switch state 0 for switch s_three_bank_middle from the platform interface. Log Code: Log-SwitchController-1 (https://missionpinball.org/latest/logs)
2026-02-05 18:59:10,856 : INFO : SwitchController : <<<<<<< 's_three_bank_top' inactive (muted) >>>>>>>
2026-02-05 18:59:10,856 : INFO : EventManager : Event: ======'ball_start_target'====== Args={'target': 'playfield'}
2026-02-05 18:59:10,857 : INFO : ball_device.bd_plunger : Setting up player-controlled eject. Balls: 1, Target: <playfield.playfield>, player_controlled_eject_event: None
2026-02-05 18:59:10,858 : INFO : EventManager : Event: ======'balldevice_balls_available'====== Args={}
2026-02-05 18:59:10,859 : INFO : EventManager : Event: ======'slide_skillshot_overlay_droptargets_created'====== Args={'_from_bcp': True}
2026-02-05 18:59:10,860 : INFO : EventManager : Event: ======'slide_basevideo2_inactive'====== Args={'is_removing': True, '_from_bcp': True}
2026-02-05 18:59:10,860 : INFO : EventManager : Event: ======'slide_skillshot_overlay_droptargets_active'====== Args={'original_context': 'skill_shot', 'original_calling_context': 'player_shot_skillshot_drop_targets{device.shots.skillshot_drop_targets.state==1}', 'priority': 500.0, 'value': 1.0, 'prev_value': 0.0, 'change': 1.0, 'player_num': 1.0, 'cmd': 'slides_play', '_from_bcp': True}
2026-02-05 18:59:10,861 : INFO : EventManager : Event: ======'slide_basevideo2_removed'====== Args={'_from_bcp': True}
2026-02-05 18:59:10,862 : INFO : ball_device.bd_trough : State: waiting_for_target_ready
2026-02-05 18:59:10,863 : INFO : EventManager : Event: ======'balldevice_bd_trough_ball_eject_attempt'====== Args={'balls': 1, 'target': <ball_device.bd_plunger>, 'source': <ball_device.bd_trough>, 'mechanical_eject': True, 'num_attempts': 0}
2026-02-05 18:59:10,864 : INFO : ball_device.bd_plunger : State: waiting_for_ball
2026-02-05 18:59:10,865 : INFO : EventManager : Event: ======'slide_base_created'====== Args={'_from_bcp': True}
2026-02-05 18:59:10,866 : INFO : ball_device.bd_trough : State: ejecting
2026-02-05 18:59:10,867 : INFO : ball_device.bd_trough : Ejecting ball to <ball_device.bd_plunger>
2026-02-05 18:59:10,867 : INFO : EventManager : Event: ======'balldevice_bd_trough_ejecting_ball'====== Args={'balls': 1, 'target': <ball_device.bd_plunger>, 'source': <ball_device.bd_trough>, 'mechanical_eject': True, 'num_attempts': 0}
2026-02-05 18:59:10,868 : INFO : EventManager : Event: ======'play_base_video1'====== Args={'_from_bcp': True}
2026-02-05 18:59:10,869 : INFO : EventManager : Event: ======'slide_score_overlay_created'====== Args={'_from_bcp': True}
2026-02-05 18:59:10,869 : INFO : EventManager : Event: ======'slide_super_circles_created'====== Args={'_from_bcp': True}
2026-02-05 18:59:10,871 : INFO : ball_device.bd_trough : Wait for ball to leave device
2026-02-05 18:59:10,872 : INFO : coil.c_trough_eject : Pulsing Driver for 15ms (1.0 pulse_power)
2026-02-05 18:59:10,872 : INFO : SwitchController : <<<<<<< 's_trough1' inactive >>>>>>>
2026-02-05 18:59:10,873 : INFO : EventManager : Event: ======'widget_charges_remaining_active'====== Args={'original_context': 'batterycharger', 'original_calling_context': 'logicblock_battery_charged_status_updated{device.counters.battery_charged_status.value>0 and device.achievements.wizard1.state!="enabled" and device.counters.battery_charged_status.enabled==True}', 'priority': 100.0, 'value': 20.0, 'enabled': True, 'cmd': 'widgets_play', '_from_bcp': True}
2026-02-05 18:59:10,876 : INFO : ball_device.bd_trough : State: ball_left
2026-02-05 18:59:10,877 : INFO : ball_device.bd_trough : Ball left
2026-02-05 18:59:10,877 : INFO : ball_device.bd_trough : Wait for confirm with timeout 3.0
2026-02-05 18:59:10,877 : INFO : EventManager : Event: ======'slide_basevideo1_created'====== Args={'_from_bcp': True}
2026-02-05 18:59:10,980 : INFO : SwitchController : <<<<<<< 's_plunger' active >>>>>>>
2026-02-05 18:59:10,980 : INFO : EventManager : Event: ======'machine_var_audits_switches_s_plunger'====== Args={'value': 2085, 'prev_value': 2084, 'change': 1}
2026-02-05 18:59:11,309 : INFO : EventManager : Event: ======'drop_target_top_up'====== Args={'device': <drop_target.top>}
2026-02-05 18:59:11,311 : INFO : EventManager : Event: ======'drop_target_bank_three_bank_up'====== Args={}
2026-02-05 18:59:11,483 : INFO : ball_device.bd_plunger : Received ball from <ball_device.bd_trough>
2026-02-05 18:59:11,483 : INFO : EventManager : Event: ======'balldevice_bd_plunger_ball_enter'====== Args={'new_balls': 1, 'unclaimed_balls': 0, 'new_available_balls': 0, 'device': <ball_device.bd_plunger>}
2026-02-05 18:59:11,484 : INFO : EventManager : Event: ======'balldevice_bd_plunger_ball_entered'====== Args={'new_balls': 0, 'device': <ball_device.bd_plunger>}
2026-02-05 18:59:11,485 : INFO : EventManager : Event: ======'balldevice_bd_plunger_ball_count_changed'====== Args={'balls': 1}
2026-02-05 18:59:11,485 : INFO : ball_device.bd_trough : Got eject confirm
2026-02-05 18:59:11,485 : INFO : ball_device.bd_trough : Eject successful
2026-02-05 18:59:11,485 : INFO : EventManager : Event: ======'balldevice_bd_trough_ball_eject_success'====== Args={'balls': 1, 'target': <ball_device.bd_plunger>}
2026-02-05 18:59:11,486 : INFO : EventManager : Event: ======'balldevice_bd_trough_ball_count_changed'====== Args={'balls': 5}
2026-02-05 18:59:11,486 : INFO : ball_device.bd_trough : State: idle
2026-02-05 18:59:11,486 : INFO : ball_device.bd_plunger : State: waiting_for_target_ready
2026-02-05 18:59:11,486 : INFO : EventManager : Event: ======'balldevice_bd_plunger_ball_eject_attempt'====== Args={'balls': 1, 'target': <playfield.playfield>, 'source': <ball_device.bd_plunger>, 'mechanical_eject': True, 'num_attempts': 0}
2026-02-05 18:59:11,487 : INFO : ball_device.bd_plunger : State: ejecting
2026-02-05 18:59:11,487 : INFO : ball_device.bd_plunger : Ejecting ball to <playfield.playfield>
2026-02-05 18:59:11,487 : INFO : EventManager : Event: ======'balldevice_bd_plunger_ejecting_ball'====== Args={'balls': 1, 'target': <playfield.playfield>, 'source': <ball_device.bd_plunger>, 'mechanical_eject': True, 'num_attempts': 0}
2026-02-05 18:59:11,489 : INFO : ball_device.bd_plunger : Wait for ball to leave device
2026-02-05 18:59:20,895 : INFO : Machine : Shutting down...
2026-02-05 18:59:20,895 : INFO : EventManager : Event: ======'shutdown'====== Args={}
2026-02-05 18:59:20,896 : INFO : EventManager : Event: ======'mode_service_will_stop'====== Args={}
2026-02-05 18:59:20,896 : INFO : EventManager : Event: ======'mode_service_stopping'====== Args={}
2026-02-05 18:59:20,897 : INFO : Mode.service : Stopped.
2026-02-05 18:59:20,897 : INFO : EventManager : Event: ======'modes_active_modes_changed'====== Args={}
2026-02-05 18:59:20,897 : INFO : EventManager : Event: ======'mode_service_stopped'====== Args={}
2026-02-05 18:59:20,897 : INFO : EventManager : Event: ======'clear'====== Args={'key': 'service'}
2026-02-05 18:59:20,899 : INFO : EventManager : Event: ======'mode_game_will_stop'====== Args={}
2026-02-05 18:59:20,899 : INFO : EventManager : Event: ======'mode_game_stopping'====== Args={}
2026-02-05 18:59:20,900 : INFO : EventManager : Event: ======'mode_combos_will_stop'====== Args={}
2026-02-05 18:59:20,900 : INFO : EventManager : Event: ======'mode_combos_stopping'====== Args={}
2026-02-05 18:59:20,900 : INFO : EventManager : Event: ======'mode_skill_shot_will_stop'====== Args={}
2026-02-05 18:59:20,900 : INFO : EventManager : Event: ======'mode_skill_shot_stopping'====== Args={}
2026-02-05 18:59:20,900 : INFO : EventManager : Event: ======'mode_base_will_stop'====== Args={}
2026-02-05 18:59:20,900 : INFO : EventManager : Event: ======'mode_base_stopping'====== Args={}
2026-02-05 18:59:20,900 : INFO : EventManager : Event: ======'mode_batterycharger_will_stop'====== Args={}
2026-02-05 18:59:20,900 : INFO : EventManager : Event: ======'mode_batterycharger_stopping'====== Args={}
2026-02-05 18:59:20,901 : INFO : EventManager : Event: ======'mode_multiball_will_stop'====== Args={}
2026-02-05 18:59:20,901 : INFO : EventManager : Event: ======'mode_multiball_stopping'====== Args={}
2026-02-05 18:59:20,901 : INFO : Mode.multiball : Stopped.
2026-02-05 18:59:20,901 : INFO : EventManager : Event: ======'modes_active_modes_changed'====== Args={}
2026-02-05 18:59:20,902 : INFO : EventManager : Event: ======'mode_multiball_stopped'====== Args={}
2026-02-05 18:59:20,902 : INFO : EventManager : Event: ======'clear'====== Args={'key': 'multiball'}
2026-02-05 18:59:20,902 : INFO : Mode.batterycharger : Stopped.
2026-02-05 18:59:20,902 : INFO : EventManager : Event: ======'modes_active_modes_changed'====== Args={}
2026-02-05 18:59:20,903 : INFO : EventManager : Event: ======'mode_batterycharger_stopped'====== Args={}
2026-02-05 18:59:20,904 : INFO : EventManager : Event: ======'clear'====== Args={'key': 'batterycharger'}
2026-02-05 18:59:20,904 : INFO : Mode.base : Stopped.
2026-02-05 18:59:20,905 : INFO : EventManager : Event: ======'modes_active_modes_changed'====== Args={}
2026-02-05 18:59:20,907 : INFO : EventManager : Event: ======'mode_base_stopped'====== Args={}
2026-02-05 18:59:20,907 : INFO : EventManager : Event: ======'clear'====== Args={'key': 'base'}
2026-02-05 18:59:20,912 : INFO : Timer.chcheckitoutfinish_widget_timer : Stopping Timer
2026-02-05 18:59:20,912 : INFO : EventManager : Event: ======'timer_chcheckitoutfinish_widget_timer_stopped'====== Args={'ticks': 0, 'ticks_remaining': 0}
2026-02-05 18:59:20,912 : INFO : Timer.bodymovin_widget_timer : Stopping Timer
2026-02-05 18:59:20,912 : INFO : EventManager : Event: ======'timer_bodymovin_widget_timer_stopped'====== Args={'ticks': 0, 'ticks_remaining': 0}
2026-02-05 18:59:20,912 : INFO : Timer.bodymovin_lock_enabled_widget_timer : Stopping Timer
2026-02-05 18:59:20,912 : INFO : EventManager : Event: ======'timer_bodymovin_lock_enabled_widget_timer_stopped'====== Args={'ticks': 0, 'ticks_remaining': 0}
2026-02-05 18:59:20,913 : INFO : Timer.bodymovin_ball_1_locked_widget_timer : Stopping Timer
2026-02-05 18:59:20,913 : INFO : EventManager : Event: ======'timer_bodymovin_ball_1_locked_widget_timer_stopped'====== Args={'ticks': 0, 'ticks_remaining': 0}
2026-02-05 18:59:20,913 : INFO : Timer.bodymovin_ball_2_locked_widget_timer : Stopping Timer
2026-02-05 18:59:20,913 : INFO : EventManager : Event: ======'timer_bodymovin_ball_2_locked_widget_timer_stopped'====== Args={'ticks': 0, 'ticks_remaining': 0}
2026-02-05 18:59:20,917 : INFO : Mode.skill_shot : Stopped.
2026-02-05 18:59:20,918 : INFO : EventManager : Event: ======'modes_active_modes_changed'====== Args={}
2026-02-05 18:59:20,918 : INFO : EventManager : Event: ======'mode_skill_shot_stopped'====== Args={}
2026-02-05 18:59:20,918 : INFO : EventManager : Event: ======'clear'====== Args={'key': 'skill_shot'}
2026-02-05 18:59:20,920 : INFO : Timer.skill_shot_timeout : Stopping Timer
2026-02-05 18:59:20,920 : INFO : EventManager : Event: ======'timer_skill_shot_timeout_stopped'====== Args={'ticks': 0, 'ticks_remaining': 0}
2026-02-05 18:59:20,920 : INFO : Mode.combos : Stopped.
2026-02-05 18:59:20,920 : INFO : EventManager : Event: ======'modes_active_modes_changed'====== Args={}
2026-02-05 18:59:20,921 : INFO : EventManager : Event: ======'mode_combos_stopped'====== Args={}
2026-02-05 18:59:20,921 : INFO : EventManager : Event: ======'clear'====== Args={'key': 'combos'}
2026-02-05 18:59:20,931 : INFO : Mode.game : Stopped.
2026-02-05 18:59:20,931 : INFO : EventManager : Event: ======'modes_active_modes_changed'====== Args={}
2026-02-05 18:59:20,931 : INFO : EventManager : Event: ======'mode_game_stopped'====== Args={}
2026-02-05 18:59:20,931 : INFO : EventManager : Event: ======'clear'====== Args={'key': 'game'}
2026-02-05 18:59:20,936 : INFO : root : MPF run loop ended.
